ISO-10303-21;
HEADER;
/* Generated by software containing ST-Developer
 * from STEP Tools, Inc. (www.steptools.com) 
 */

FILE_DESCRIPTION(
/* description */ (''),
/* implementation_level */ '2;1');

FILE_NAME(
/* name */ 'D6MG-case.stp',
/* time_stamp */ '2026-08-06T12:18:47+03:00',
/* author */ ('murashkindv'),
/* organization */ (''),
/* preprocessor_version */ 'ST-DEVELOPER v19.2',
/* originating_system */ 'Autodesk Inventor 2024',
/* authorisation */ '');

FILE_SCHEMA (('AUTOMOTIVE_DESIGN { 1 0 10303 214 3 1 1 }'));
ENDSEC;

DATA;
#10=MECHANICAL_DESIGN_GEOMETRIC_PRESENTATION_REPRESENTATION('',(#5735,#5736,
#5737,#5738,#5739,#5740,#5741,#5742,#5743,#5744,#5745,#5746,#5747,#5748,
#5749,#5750,#5751,#5752,#5753,#5754,#5755,#5756,#5757,#5758,#5759,#5760,
#5761,#5762,#5763,#5764,#5765,#5766,#5767,#5768,#5769,#5770,#5771,#5772,
#5773,#5774,#5775,#5776,#5777,#5778,#5779,#5780,#5781,#5782,#5783,#5784,
#5785,#5786,#5787,#5788,#5789,#5790,#5791,#5792,#5793,#5794,#5795,#5796,
#5797,#5798,#5799,#5800,#5801,#5802,#5803,#5804,#5805,#5806,#5807,#5808,
#5809,#5810,#5811,#5812,#5813,#5814,#5815,#5816,#5817,#5818,#5819,#5820,
#5821,#5822,#5823,#5824,#5825,#5826,#5827,#5828,#5829,#5830,#5831,#5832,
#5833,#5834,#5835,#5836,#5837,#5838,#5839,#5840,#5841,#5842,#5843,#5844,
#5845,#5846,#5847,#5848,#5849,#5850,#5851,#5852,#5853,#5854,#5855,#5856,
#5857,#5858,#5859,#5860,#5861,#5862,#5863,#5864,#5865,#5866,#5867,#5868,
#5869,#5870,#5871,#5872,#5873,#5874,#5875,#5876,#5877,#5878,#5879,#5880,
#5881,#5882,#5883,#5884,#5885,#5886,#5887,#5888,#5889,#5890,#5891,#5892,
#5893,#5894,#5895,#5896,#5897,#5898,#5899,#5900,#5901,#5902,#5903,#5904,
#5905,#5906,#5907,#5908,#5909,#5910,#5911,#5912,#5913,#5914,#5915,#5916,
#5917,#5918,#5919,#5920,#5921,#5922,#5923,#5924,#5925,#5926,#5927,#5928,
#5929,#5930,#5931,#5932,#5933,#5934,#5935,#5936,#5937,#5938,#5939,#5940,
#5941,#5942,#5943,#5944,#5945,#5946,#5947,#5948,#5949,#5950,#5951,#5952,
#5953,#5954,#5955,#5956,#5957,#5958,#5959,#5960,#5961,#5962,#5963,#5964,
#5965,#5966,#5967,#5968,#5969,#5970,#5971,#5972,#5973,#5974,#5975,#5976,
#5977,#5978,#5979,#5980,#5981,#5982,#5983,#5984,#5985,#5986,#5987,#5988,
#5989,#5990,#5991,#5992,#5993,#5994,#5995,#5996,#5997,#5998,#5999,#6000,
#6001,#6002,#6003,#6004,#6005,#6006,#6007,#6008,#6009,#6010,#6011,#6012,
#6013,#6014,#6015,#6016,#6017,#6018,#6019,#6020,#6021,#6022,#6023,#6024,
#6025,#6026,#6027,#6028,#6029,#6030,#6031,#6032,#6033,#6034,#6035,#6036,
#6037,#6038,#6039,#6040,#6041,#6042,#6043,#6044,#6045,#6046,#6047,#6048,
#6049,#6050,#6051,#6052,#6053,#6054,#6055),#10393);
#11=SHAPE_REPRESENTATION_RELATIONSHIP('SRR','None',#10400,#12);
#12=ADVANCED_BREP_SHAPE_REPRESENTATION('',(#13),#10392);
#13=MANIFOLD_SOLID_BREP('\X2\04220432043504400434043E0435\X0\ \X2\04420435043B043E\X0\1',
#6376);
#14=SPHERICAL_SURFACE('',#6819,0.3);
#15=SPHERICAL_SURFACE('',#6823,0.3);
#16=SPHERICAL_SURFACE('',#6830,0.3);
#17=SPHERICAL_SURFACE('',#6836,0.3);
#18=SPHERICAL_SURFACE('',#6842,0.300000000000002);
#19=SPHERICAL_SURFACE('',#6848,0.300000000000002);
#20=SPHERICAL_SURFACE('',#6853,0.3);
#21=SPHERICAL_SURFACE('',#6859,0.299999999999998);
#22=SPHERICAL_SURFACE('',#6865,0.300000000000002);
#23=SPHERICAL_SURFACE('',#6869,0.300000000000002);
#24=SPHERICAL_SURFACE('',#6877,0.299999999999998);
#25=SPHERICAL_SURFACE('',#6881,0.299999999999998);
#26=TOROIDAL_SURFACE('',#6601,0.2,0.1);
#27=TOROIDAL_SURFACE('',#6609,0.2,0.1);
#28=TOROIDAL_SURFACE('',#6614,0.199999999999996,0.0999999999999979);
#29=TOROIDAL_SURFACE('',#6638,0.199999999999996,0.0999999999999979);
#30=TOROIDAL_SURFACE('',#6642,0.199999999999996,0.0999999999999979);
#31=TOROIDAL_SURFACE('',#6649,0.2,0.1);
#32=TOROIDAL_SURFACE('',#6698,0.2,0.0999999999999979);
#33=TOROIDAL_SURFACE('',#6705,0.2,0.1);
#34=TOROIDAL_SURFACE('',#6713,0.2,0.1);
#35=TOROIDAL_SURFACE('',#6736,0.199999999999996,0.0999999999999979);
#36=TOROIDAL_SURFACE('',#6740,0.199999999999996,0.0999999999999979);
#37=TOROIDAL_SURFACE('',#6749,0.2,0.1);
#38=ELLIPSE('',#6570,0.282842712474622,0.2);
#39=ELLIPSE('',#6572,0.282842712474616,0.2);
#40=ELLIPSE('',#6580,0.282842712474619,0.2);
#41=ELLIPSE('',#6582,0.282842712474619,0.2);
#42=ELLIPSE('',#6622,0.141421356237302,0.1);
#43=ELLIPSE('',#6637,0.141421356237309,0.1);
#44=ELLIPSE('',#6665,0.141421356237313,0.1);
#45=ELLIPSE('',#6666,0.141421356237313,0.1);
#46=ELLIPSE('',#6668,0.141421356237303,0.1);
#47=ELLIPSE('',#6670,0.14142135623731,0.1);
#48=ELLIPSE('',#6676,0.14142135623731,0.1);
#49=ELLIPSE('',#6677,0.141421356237313,0.1);
#50=ELLIPSE('',#6679,0.14142135623731,0.1);
#51=ELLIPSE('',#6681,0.141421356237313,0.1);
#52=ELLIPSE('',#6719,0.141421356237316,0.1);
#53=ELLIPSE('',#6735,0.14142135623731,0.1);
#54=ELLIPSE('',#6769,0.141421356237316,0.1);
#55=ELLIPSE('',#6770,0.141421356237313,0.1);
#56=ELLIPSE('',#6772,0.141421356237313,0.1);
#57=ELLIPSE('',#6774,0.14142135623731,0.1);
#58=ELLIPSE('',#6780,0.141421356237313,0.1);
#59=ELLIPSE('',#6781,0.141421356237313,0.1);
#60=ELLIPSE('',#6783,0.141421356237313,0.1);
#61=ELLIPSE('',#6785,0.141421356237306,0.1);
#62=ELLIPSE('',#6797,0.282842712474622,0.2);
#63=ELLIPSE('',#6799,0.282842712474616,0.2);
#64=ELLIPSE('',#6803,0.282842712474619,0.2);
#65=ELLIPSE('',#6805,0.282842712474619,0.2);
#66=ELLIPSE('',#6828,0.42426406871193,0.3);
#67=ELLIPSE('',#6840,0.424264068711927,0.3);
#68=ELLIPSE('',#6847,0.424264068711927,0.3);
#69=ELLIPSE('',#6858,0.424264068711925,0.3);
#70=ELLIPSE('',#6876,0.424264068711927,0.3);
#71=ELLIPSE('',#6890,0.42426406871193,0.3);
#72=ELLIPSE('',#6893,0.42426406871193,0.3);
#73=ELLIPSE('',#6898,0.42426406871193,0.3);
#74=FACE_BOUND('',#631,.T.);
#75=FACE_BOUND('',#636,.T.);
#76=FACE_BOUND('',#641,.T.);
#77=FACE_BOUND('',#653,.T.);
#78=FACE_BOUND('',#713,.T.);
#79=FACE_BOUND('',#714,.T.);
#80=FACE_BOUND('',#715,.T.);
#81=FACE_BOUND('',#716,.T.);
#82=FACE_BOUND('',#770,.T.);
#83=FACE_BOUND('',#771,.T.);
#84=FACE_BOUND('',#833,.T.);
#85=FACE_BOUND('',#834,.T.);
#86=FACE_BOUND('',#909,.T.);
#87=FACE_BOUND('',#926,.T.);
#88=FACE_BOUND('',#927,.T.);
#89=FACE_BOUND('',#928,.T.);
#90=FACE_BOUND('',#929,.T.);
#91=PLANE('',#6406);
#92=PLANE('',#6410);
#93=PLANE('',#6414);
#94=PLANE('',#6418);
#95=PLANE('',#6423);
#96=PLANE('',#6432);
#97=PLANE('',#6441);
#98=PLANE('',#6450);
#99=PLANE('',#6459);
#100=PLANE('',#6465);
#101=PLANE('',#6466);
#102=PLANE('',#6469);
#103=PLANE('',#6470);
#104=PLANE('',#6473);
#105=PLANE('',#6474);
#106=PLANE('',#6475);
#107=PLANE('',#6476);
#108=PLANE('',#6477);
#109=PLANE('',#6478);
#110=PLANE('',#6479);
#111=PLANE('',#6480);
#112=PLANE('',#6481);
#113=PLANE('',#6482);
#114=PLANE('',#6483);
#115=PLANE('',#6484);
#116=PLANE('',#6485);
#117=PLANE('',#6486);
#118=PLANE('',#6487);
#119=PLANE('',#6488);
#120=PLANE('',#6489);
#121=PLANE('',#6492);
#122=PLANE('',#6495);
#123=PLANE('',#6496);
#124=PLANE('',#6497);
#125=PLANE('',#6498);
#126=PLANE('',#6499);
#127=PLANE('',#6500);
#128=PLANE('',#6501);
#129=PLANE('',#6502);
#130=PLANE('',#6503);
#131=PLANE('',#6504);
#132=PLANE('',#6505);
#133=PLANE('',#6506);
#134=PLANE('',#6507);
#135=PLANE('',#6508);
#136=PLANE('',#6509);
#137=PLANE('',#6510);
#138=PLANE('',#6512);
#139=PLANE('',#6514);
#140=PLANE('',#6515);
#141=PLANE('',#6516);
#142=PLANE('',#6517);
#143=PLANE('',#6518);
#144=PLANE('',#6519);
#145=PLANE('',#6521);
#146=PLANE('',#6523);
#147=PLANE('',#6524);
#148=PLANE('',#6525);
#149=PLANE('',#6526);
#150=PLANE('',#6530);
#151=PLANE('',#6534);
#152=PLANE('',#6535);
#153=PLANE('',#6536);
#154=PLANE('',#6537);
#155=PLANE('',#6538);
#156=PLANE('',#6539);
#157=PLANE('',#6540);
#158=PLANE('',#6541);
#159=PLANE('',#6542);
#160=PLANE('',#6546);
#161=PLANE('',#6550);
#162=PLANE('',#6551);
#163=PLANE('',#6552);
#164=PLANE('',#6553);
#165=PLANE('',#6554);
#166=PLANE('',#6555);
#167=PLANE('',#6556);
#168=PLANE('',#6557);
#169=PLANE('',#6558);
#170=PLANE('',#6559);
#171=PLANE('',#6560);
#172=PLANE('',#6561);
#173=PLANE('',#6562);
#174=PLANE('',#6563);
#175=PLANE('',#6564);
#176=PLANE('',#6565);
#177=PLANE('',#6566);
#178=PLANE('',#6567);
#179=PLANE('',#6575);
#180=PLANE('',#6576);
#181=PLANE('',#6577);
#182=PLANE('',#6585);
#183=PLANE('',#6586);
#184=PLANE('',#6587);
#185=PLANE('',#6588);
#186=PLANE('',#6589);
#187=PLANE('',#6590);
#188=PLANE('',#6591);
#189=PLANE('',#6592);
#190=PLANE('',#6596);
#191=PLANE('',#6597);
#192=PLANE('',#6628);
#193=PLANE('',#6633);
#194=PLANE('',#6634);
#195=PLANE('',#6662);
#196=PLANE('',#6663);
#197=PLANE('',#6672);
#198=PLANE('',#6673);
#199=PLANE('',#6674);
#200=PLANE('',#6683);
#201=PLANE('',#6684);
#202=PLANE('',#6685);
#203=PLANE('',#6686);
#204=PLANE('',#6687);
#205=PLANE('',#6688);
#206=PLANE('',#6689);
#207=PLANE('',#6690);
#208=PLANE('',#6691);
#209=PLANE('',#6692);
#210=PLANE('',#6693);
#211=PLANE('',#6694);
#212=PLANE('',#6695);
#213=PLANE('',#6696);
#214=PLANE('',#6697);
#215=PLANE('',#6725);
#216=PLANE('',#6728);
#217=PLANE('',#6731);
#218=PLANE('',#6732);
#219=PLANE('',#6758);
#220=PLANE('',#6759);
#221=PLANE('',#6760);
#222=PLANE('',#6761);
#223=PLANE('',#6762);
#224=PLANE('',#6763);
#225=PLANE('',#6764);
#226=PLANE('',#6765);
#227=PLANE('',#6766);
#228=PLANE('',#6767);
#229=PLANE('',#6776);
#230=PLANE('',#6777);
#231=PLANE('',#6778);
#232=PLANE('',#6787);
#233=PLANE('',#6788);
#234=PLANE('',#6789);
#235=PLANE('',#6790);
#236=PLANE('',#6791);
#237=PLANE('',#6792);
#238=PLANE('',#6793);
#239=PLANE('',#6794);
#240=PLANE('',#6801);
#241=PLANE('',#6808);
#242=PLANE('',#6809);
#243=PLANE('',#6810);
#244=PLANE('',#6811);
#245=PLANE('',#6812);
#246=PLANE('',#6813);
#247=PLANE('',#6814);
#248=PLANE('',#6815);
#249=PLANE('',#6816);
#250=PLANE('',#6817);
#251=PLANE('',#6818);
#252=PLANE('',#6826);
#253=PLANE('',#6900);
#254=PLANE('',#6901);
#255=PLANE('',#6902);
#256=PLANE('',#6903);
#257=PLANE('',#6904);
#258=PLANE('',#6905);
#259=PLANE('',#6906);
#260=PLANE('',#6907);
#261=PLANE('',#6908);
#262=PLANE('',#6909);
#263=PLANE('',#6910);
#264=PLANE('',#6911);
#265=PLANE('',#6912);
#266=PLANE('',#6913);
#267=PLANE('',#6914);
#268=PLANE('',#6915);
#269=PLANE('',#6916);
#270=PLANE('',#6917);
#271=PLANE('',#6918);
#272=PLANE('',#6919);
#273=PLANE('',#6920);
#274=PLANE('',#6921);
#275=PLANE('',#6922);
#276=PLANE('',#6923);
#277=PLANE('',#6924);
#278=FACE_OUTER_BOUND('',#598,.T.);
#279=FACE_OUTER_BOUND('',#599,.T.);
#280=FACE_OUTER_BOUND('',#600,.T.);
#281=FACE_OUTER_BOUND('',#601,.T.);
#282=FACE_OUTER_BOUND('',#602,.T.);
#283=FACE_OUTER_BOUND('',#603,.T.);
#284=FACE_OUTER_BOUND('',#604,.T.);
#285=FACE_OUTER_BOUND('',#605,.T.);
#286=FACE_OUTER_BOUND('',#606,.T.);
#287=FACE_OUTER_BOUND('',#607,.T.);
#288=FACE_OUTER_BOUND('',#608,.T.);
#289=FACE_OUTER_BOUND('',#609,.T.);
#290=FACE_OUTER_BOUND('',#610,.T.);
#291=FACE_OUTER_BOUND('',#611,.T.);
#292=FACE_OUTER_BOUND('',#612,.T.);
#293=FACE_OUTER_BOUND('',#613,.T.);
#294=FACE_OUTER_BOUND('',#614,.T.);
#295=FACE_OUTER_BOUND('',#615,.T.);
#296=FACE_OUTER_BOUND('',#616,.T.);
#297=FACE_OUTER_BOUND('',#617,.T.);
#298=FACE_OUTER_BOUND('',#618,.T.);
#299=FACE_OUTER_BOUND('',#619,.T.);
#300=FACE_OUTER_BOUND('',#620,.T.);
#301=FACE_OUTER_BOUND('',#621,.T.);
#302=FACE_OUTER_BOUND('',#622,.T.);
#303=FACE_OUTER_BOUND('',#623,.T.);
#304=FACE_OUTER_BOUND('',#624,.T.);
#305=FACE_OUTER_BOUND('',#625,.T.);
#306=FACE_OUTER_BOUND('',#626,.T.);
#307=FACE_OUTER_BOUND('',#627,.T.);
#308=FACE_OUTER_BOUND('',#628,.T.);
#309=FACE_OUTER_BOUND('',#629,.T.);
#310=FACE_OUTER_BOUND('',#630,.T.);
#311=FACE_OUTER_BOUND('',#632,.T.);
#312=FACE_OUTER_BOUND('',#633,.T.);
#313=FACE_OUTER_BOUND('',#634,.T.);
#314=FACE_OUTER_BOUND('',#635,.T.);
#315=FACE_OUTER_BOUND('',#637,.T.);
#316=FACE_OUTER_BOUND('',#638,.T.);
#317=FACE_OUTER_BOUND('',#639,.T.);
#318=FACE_OUTER_BOUND('',#640,.T.);
#319=FACE_OUTER_BOUND('',#642,.T.);
#320=FACE_OUTER_BOUND('',#643,.T.);
#321=FACE_OUTER_BOUND('',#644,.T.);
#322=FACE_OUTER_BOUND('',#645,.T.);
#323=FACE_OUTER_BOUND('',#646,.T.);
#324=FACE_OUTER_BOUND('',#647,.T.);
#325=FACE_OUTER_BOUND('',#648,.T.);
#326=FACE_OUTER_BOUND('',#649,.T.);
#327=FACE_OUTER_BOUND('',#650,.T.);
#328=FACE_OUTER_BOUND('',#651,.T.);
#329=FACE_OUTER_BOUND('',#652,.T.);
#330=FACE_OUTER_BOUND('',#654,.T.);
#331=FACE_OUTER_BOUND('',#655,.T.);
#332=FACE_OUTER_BOUND('',#656,.T.);
#333=FACE_OUTER_BOUND('',#657,.T.);
#334=FACE_OUTER_BOUND('',#658,.T.);
#335=FACE_OUTER_BOUND('',#659,.T.);
#336=FACE_OUTER_BOUND('',#660,.T.);
#337=FACE_OUTER_BOUND('',#661,.T.);
#338=FACE_OUTER_BOUND('',#662,.T.);
#339=FACE_OUTER_BOUND('',#663,.T.);
#340=FACE_OUTER_BOUND('',#664,.T.);
#341=FACE_OUTER_BOUND('',#665,.T.);
#342=FACE_OUTER_BOUND('',#666,.T.);
#343=FACE_OUTER_BOUND('',#667,.T.);
#344=FACE_OUTER_BOUND('',#668,.T.);
#345=FACE_OUTER_BOUND('',#669,.T.);
#346=FACE_OUTER_BOUND('',#670,.T.);
#347=FACE_OUTER_BOUND('',#671,.T.);
#348=FACE_OUTER_BOUND('',#672,.T.);
#349=FACE_OUTER_BOUND('',#673,.T.);
#350=FACE_OUTER_BOUND('',#674,.T.);
#351=FACE_OUTER_BOUND('',#675,.T.);
#352=FACE_OUTER_BOUND('',#676,.T.);
#353=FACE_OUTER_BOUND('',#677,.T.);
#354=FACE_OUTER_BOUND('',#678,.T.);
#355=FACE_OUTER_BOUND('',#679,.T.);
#356=FACE_OUTER_BOUND('',#680,.T.);
#357=FACE_OUTER_BOUND('',#681,.T.);
#358=FACE_OUTER_BOUND('',#682,.T.);
#359=FACE_OUTER_BOUND('',#683,.T.);
#360=FACE_OUTER_BOUND('',#684,.T.);
#361=FACE_OUTER_BOUND('',#685,.T.);
#362=FACE_OUTER_BOUND('',#686,.T.);
#363=FACE_OUTER_BOUND('',#687,.T.);
#364=FACE_OUTER_BOUND('',#688,.T.);
#365=FACE_OUTER_BOUND('',#689,.T.);
#366=FACE_OUTER_BOUND('',#690,.T.);
#367=FACE_OUTER_BOUND('',#691,.T.);
#368=FACE_OUTER_BOUND('',#692,.T.);
#369=FACE_OUTER_BOUND('',#693,.T.);
#370=FACE_OUTER_BOUND('',#694,.T.);
#371=FACE_OUTER_BOUND('',#695,.T.);
#372=FACE_OUTER_BOUND('',#696,.T.);
#373=FACE_OUTER_BOUND('',#697,.T.);
#374=FACE_OUTER_BOUND('',#698,.T.);
#375=FACE_OUTER_BOUND('',#699,.T.);
#376=FACE_OUTER_BOUND('',#700,.T.);
#377=FACE_OUTER_BOUND('',#701,.T.);
#378=FACE_OUTER_BOUND('',#702,.T.);
#379=FACE_OUTER_BOUND('',#703,.T.);
#380=FACE_OUTER_BOUND('',#704,.T.);
#381=FACE_OUTER_BOUND('',#705,.T.);
#382=FACE_OUTER_BOUND('',#706,.T.);
#383=FACE_OUTER_BOUND('',#707,.T.);
#384=FACE_OUTER_BOUND('',#708,.T.);
#385=FACE_OUTER_BOUND('',#709,.T.);
#386=FACE_OUTER_BOUND('',#710,.T.);
#387=FACE_OUTER_BOUND('',#711,.T.);
#388=FACE_OUTER_BOUND('',#712,.T.);
#389=FACE_OUTER_BOUND('',#717,.T.);
#390=FACE_OUTER_BOUND('',#718,.T.);
#391=FACE_OUTER_BOUND('',#719,.T.);
#392=FACE_OUTER_BOUND('',#720,.T.);
#393=FACE_OUTER_BOUND('',#721,.T.);
#394=FACE_OUTER_BOUND('',#722,.T.);
#395=FACE_OUTER_BOUND('',#723,.T.);
#396=FACE_OUTER_BOUND('',#724,.T.);
#397=FACE_OUTER_BOUND('',#725,.T.);
#398=FACE_OUTER_BOUND('',#726,.T.);
#399=FACE_OUTER_BOUND('',#727,.T.);
#400=FACE_OUTER_BOUND('',#728,.T.);
#401=FACE_OUTER_BOUND('',#729,.T.);
#402=FACE_OUTER_BOUND('',#730,.T.);
#403=FACE_OUTER_BOUND('',#731,.T.);
#404=FACE_OUTER_BOUND('',#732,.T.);
#405=FACE_OUTER_BOUND('',#733,.T.);
#406=FACE_OUTER_BOUND('',#734,.T.);
#407=FACE_OUTER_BOUND('',#735,.T.);
#408=FACE_OUTER_BOUND('',#736,.T.);
#409=FACE_OUTER_BOUND('',#737,.T.);
#410=FACE_OUTER_BOUND('',#738,.T.);
#411=FACE_OUTER_BOUND('',#739,.T.);
#412=FACE_OUTER_BOUND('',#740,.T.);
#413=FACE_OUTER_BOUND('',#741,.T.);
#414=FACE_OUTER_BOUND('',#742,.T.);
#415=FACE_OUTER_BOUND('',#743,.T.);
#416=FACE_OUTER_BOUND('',#744,.T.);
#417=FACE_OUTER_BOUND('',#745,.T.);
#418=FACE_OUTER_BOUND('',#746,.T.);
#419=FACE_OUTER_BOUND('',#747,.T.);
#420=FACE_OUTER_BOUND('',#748,.T.);
#421=FACE_OUTER_BOUND('',#749,.T.);
#422=FACE_OUTER_BOUND('',#750,.T.);
#423=FACE_OUTER_BOUND('',#751,.T.);
#424=FACE_OUTER_BOUND('',#752,.T.);
#425=FACE_OUTER_BOUND('',#753,.T.);
#426=FACE_OUTER_BOUND('',#754,.T.);
#427=FACE_OUTER_BOUND('',#755,.T.);
#428=FACE_OUTER_BOUND('',#756,.T.);
#429=FACE_OUTER_BOUND('',#757,.T.);
#430=FACE_OUTER_BOUND('',#758,.T.);
#431=FACE_OUTER_BOUND('',#759,.T.);
#432=FACE_OUTER_BOUND('',#760,.T.);
#433=FACE_OUTER_BOUND('',#761,.T.);
#434=FACE_OUTER_BOUND('',#762,.T.);
#435=FACE_OUTER_BOUND('',#763,.T.);
#436=FACE_OUTER_BOUND('',#764,.T.);
#437=FACE_OUTER_BOUND('',#765,.T.);
#438=FACE_OUTER_BOUND('',#766,.T.);
#439=FACE_OUTER_BOUND('',#767,.T.);
#440=FACE_OUTER_BOUND('',#768,.T.);
#441=FACE_OUTER_BOUND('',#769,.T.);
#442=FACE_OUTER_BOUND('',#772,.T.);
#443=FACE_OUTER_BOUND('',#773,.T.);
#444=FACE_OUTER_BOUND('',#774,.T.);
#445=FACE_OUTER_BOUND('',#775,.T.);
#446=FACE_OUTER_BOUND('',#776,.T.);
#447=FACE_OUTER_BOUND('',#777,.T.);
#448=FACE_OUTER_BOUND('',#778,.T.);
#449=FACE_OUTER_BOUND('',#779,.T.);
#450=FACE_OUTER_BOUND('',#780,.T.);
#451=FACE_OUTER_BOUND('',#781,.T.);
#452=FACE_OUTER_BOUND('',#782,.T.);
#453=FACE_OUTER_BOUND('',#783,.T.);
#454=FACE_OUTER_BOUND('',#784,.T.);
#455=FACE_OUTER_BOUND('',#785,.T.);
#456=FACE_OUTER_BOUND('',#786,.T.);
#457=FACE_OUTER_BOUND('',#787,.T.);
#458=FACE_OUTER_BOUND('',#788,.T.);
#459=FACE_OUTER_BOUND('',#789,.T.);
#460=FACE_OUTER_BOUND('',#790,.T.);
#461=FACE_OUTER_BOUND('',#791,.T.);
#462=FACE_OUTER_BOUND('',#792,.T.);
#463=FACE_OUTER_BOUND('',#793,.T.);
#464=FACE_OUTER_BOUND('',#794,.T.);
#465=FACE_OUTER_BOUND('',#795,.T.);
#466=FACE_OUTER_BOUND('',#796,.T.);
#467=FACE_OUTER_BOUND('',#797,.T.);
#468=FACE_OUTER_BOUND('',#798,.T.);
#469=FACE_OUTER_BOUND('',#799,.T.);
#470=FACE_OUTER_BOUND('',#800,.T.);
#471=FACE_OUTER_BOUND('',#801,.T.);
#472=FACE_OUTER_BOUND('',#802,.T.);
#473=FACE_OUTER_BOUND('',#803,.T.);
#474=FACE_OUTER_BOUND('',#804,.T.);
#475=FACE_OUTER_BOUND('',#805,.T.);
#476=FACE_OUTER_BOUND('',#806,.T.);
#477=FACE_OUTER_BOUND('',#807,.T.);
#478=FACE_OUTER_BOUND('',#808,.T.);
#479=FACE_OUTER_BOUND('',#809,.T.);
#480=FACE_OUTER_BOUND('',#810,.T.);
#481=FACE_OUTER_BOUND('',#811,.T.);
#482=FACE_OUTER_BOUND('',#812,.T.);
#483=FACE_OUTER_BOUND('',#813,.T.);
#484=FACE_OUTER_BOUND('',#814,.T.);
#485=FACE_OUTER_BOUND('',#815,.T.);
#486=FACE_OUTER_BOUND('',#816,.T.);
#487=FACE_OUTER_BOUND('',#817,.T.);
#488=FACE_OUTER_BOUND('',#818,.T.);
#489=FACE_OUTER_BOUND('',#819,.T.);
#490=FACE_OUTER_BOUND('',#820,.T.);
#491=FACE_OUTER_BOUND('',#821,.T.);
#492=FACE_OUTER_BOUND('',#822,.T.);
#493=FACE_OUTER_BOUND('',#823,.T.);
#494=FACE_OUTER_BOUND('',#824,.T.);
#495=FACE_OUTER_BOUND('',#825,.T.);
#496=FACE_OUTER_BOUND('',#826,.T.);
#497=FACE_OUTER_BOUND('',#827,.T.);
#498=FACE_OUTER_BOUND('',#828,.T.);
#499=FACE_OUTER_BOUND('',#829,.T.);
#500=FACE_OUTER_BOUND('',#830,.T.);
#501=FACE_OUTER_BOUND('',#831,.T.);
#502=FACE_OUTER_BOUND('',#832,.T.);
#503=FACE_OUTER_BOUND('',#835,.T.);
#504=FACE_OUTER_BOUND('',#836,.T.);
#505=FACE_OUTER_BOUND('',#837,.T.);
#506=FACE_OUTER_BOUND('',#838,.T.);
#507=FACE_OUTER_BOUND('',#839,.T.);
#508=FACE_OUTER_BOUND('',#840,.T.);
#509=FACE_OUTER_BOUND('',#841,.T.);
#510=FACE_OUTER_BOUND('',#842,.T.);
#511=FACE_OUTER_BOUND('',#843,.T.);
#512=FACE_OUTER_BOUND('',#844,.T.);
#513=FACE_OUTER_BOUND('',#845,.T.);
#514=FACE_OUTER_BOUND('',#846,.T.);
#515=FACE_OUTER_BOUND('',#847,.T.);
#516=FACE_OUTER_BOUND('',#848,.T.);
#517=FACE_OUTER_BOUND('',#849,.T.);
#518=FACE_OUTER_BOUND('',#850,.T.);
#519=FACE_OUTER_BOUND('',#851,.T.);
#520=FACE_OUTER_BOUND('',#852,.T.);
#521=FACE_OUTER_BOUND('',#853,.T.);
#522=FACE_OUTER_BOUND('',#854,.T.);
#523=FACE_OUTER_BOUND('',#855,.T.);
#524=FACE_OUTER_BOUND('',#856,.T.);
#525=FACE_OUTER_BOUND('',#857,.T.);
#526=FACE_OUTER_BOUND('',#858,.T.);
#527=FACE_OUTER_BOUND('',#859,.T.);
#528=FACE_OUTER_BOUND('',#860,.T.);
#529=FACE_OUTER_BOUND('',#861,.T.);
#530=FACE_OUTER_BOUND('',#862,.T.);
#531=FACE_OUTER_BOUND('',#863,.T.);
#532=FACE_OUTER_BOUND('',#864,.T.);
#533=FACE_OUTER_BOUND('',#865,.T.);
#534=FACE_OUTER_BOUND('',#866,.T.);
#535=FACE_OUTER_BOUND('',#867,.T.);
#536=FACE_OUTER_BOUND('',#868,.T.);
#537=FACE_OUTER_BOUND('',#869,.T.);
#538=FACE_OUTER_BOUND('',#870,.T.);
#539=FACE_OUTER_BOUND('',#871,.T.);
#540=FACE_OUTER_BOUND('',#872,.T.);
#541=FACE_OUTER_BOUND('',#873,.T.);
#542=FACE_OUTER_BOUND('',#874,.T.);
#543=FACE_OUTER_BOUND('',#875,.T.);
#544=FACE_OUTER_BOUND('',#876,.T.);
#545=FACE_OUTER_BOUND('',#877,.T.);
#546=FACE_OUTER_BOUND('',#878,.T.);
#547=FACE_OUTER_BOUND('',#879,.T.);
#548=FACE_OUTER_BOUND('',#880,.T.);
#549=FACE_OUTER_BOUND('',#881,.T.);
#550=FACE_OUTER_BOUND('',#882,.T.);
#551=FACE_OUTER_BOUND('',#883,.T.);
#552=FACE_OUTER_BOUND('',#884,.T.);
#553=FACE_OUTER_BOUND('',#885,.T.);
#554=FACE_OUTER_BOUND('',#886,.T.);
#555=FACE_OUTER_BOUND('',#887,.T.);
#556=FACE_OUTER_BOUND('',#888,.T.);
#557=FACE_OUTER_BOUND('',#889,.T.);
#558=FACE_OUTER_BOUND('',#890,.T.);
#559=FACE_OUTER_BOUND('',#891,.T.);
#560=FACE_OUTER_BOUND('',#892,.T.);
#561=FACE_OUTER_BOUND('',#893,.T.);
#562=FACE_OUTER_BOUND('',#894,.T.);
#563=FACE_OUTER_BOUND('',#895,.T.);
#564=FACE_OUTER_BOUND('',#896,.T.);
#565=FACE_OUTER_BOUND('',#897,.T.);
#566=FACE_OUTER_BOUND('',#898,.T.);
#567=FACE_OUTER_BOUND('',#899,.T.);
#568=FACE_OUTER_BOUND('',#900,.T.);
#569=FACE_OUTER_BOUND('',#901,.T.);
#570=FACE_OUTER_BOUND('',#902,.T.);
#571=FACE_OUTER_BOUND('',#903,.T.);
#572=FACE_OUTER_BOUND('',#904,.T.);
#573=FACE_OUTER_BOUND('',#905,.T.);
#574=FACE_OUTER_BOUND('',#906,.T.);
#575=FACE_OUTER_BOUND('',#907,.T.);
#576=FACE_OUTER_BOUND('',#908,.T.);
#577=FACE_OUTER_BOUND('',#910,.T.);
#578=FACE_OUTER_BOUND('',#911,.T.);
#579=FACE_OUTER_BOUND('',#912,.T.);
#580=FACE_OUTER_BOUND('',#913,.T.);
#581=FACE_OUTER_BOUND('',#914,.T.);
#582=FACE_OUTER_BOUND('',#915,.T.);
#583=FACE_OUTER_BOUND('',#916,.T.);
#584=FACE_OUTER_BOUND('',#917,.T.);
#585=FACE_OUTER_BOUND('',#918,.T.);
#586=FACE_OUTER_BOUND('',#919,.T.);
#587=FACE_OUTER_BOUND('',#920,.T.);
#588=FACE_OUTER_BOUND('',#921,.T.);
#589=FACE_OUTER_BOUND('',#922,.T.);
#590=FACE_OUTER_BOUND('',#923,.T.);
#591=FACE_OUTER_BOUND('',#924,.T.);
#592=FACE_OUTER_BOUND('',#925,.T.);
#593=FACE_OUTER_BOUND('',#930,.T.);
#594=FACE_OUTER_BOUND('',#931,.T.);
#595=FACE_OUTER_BOUND('',#932,.T.);
#596=FACE_OUTER_BOUND('',#933,.T.);
#597=FACE_OUTER_BOUND('',#934,.T.);
#598=EDGE_LOOP('',(#3868,#3869,#3870,#3871,#3872,#3873));
#599=EDGE_LOOP('',(#3874,#3875,#3876,#3877));
#600=EDGE_LOOP('',(#3878));
#601=EDGE_LOOP('',(#3879,#3880,#3881,#3882));
#602=EDGE_LOOP('',(#3883));
#603=EDGE_LOOP('',(#3884,#3885,#3886,#3887));
#604=EDGE_LOOP('',(#3888));
#605=EDGE_LOOP('',(#3889,#3890,#3891,#3892));
#606=EDGE_LOOP('',(#3893));
#607=EDGE_LOOP('',(#3894,#3895,#3896,#3897,#3898,#3899));
#608=EDGE_LOOP('',(#3900,#3901));
#609=EDGE_LOOP('',(#3902,#3903,#3904,#3905));
#610=EDGE_LOOP('',(#3906,#3907,#3908,#3909,#3910,#3911,#3912,#3913));
#611=EDGE_LOOP('',(#3914,#3915));
#612=EDGE_LOOP('',(#3916,#3917,#3918,#3919,#3920,#3921,#3922,#3923));
#613=EDGE_LOOP('',(#3924,#3925,#3926,#3927));
#614=EDGE_LOOP('',(#3928,#3929));
#615=EDGE_LOOP('',(#3930,#3931,#3932,#3933));
#616=EDGE_LOOP('',(#3934,#3935,#3936,#3937,#3938,#3939,#3940,#3941));
#617=EDGE_LOOP('',(#3942,#3943));
#618=EDGE_LOOP('',(#3944,#3945,#3946,#3947,#3948,#3949,#3950,#3951));
#619=EDGE_LOOP('',(#3952,#3953,#3954,#3955));
#620=EDGE_LOOP('',(#3956,#3957));
#621=EDGE_LOOP('',(#3958,#3959,#3960,#3961,#3962,#3963,#3964,#3965));
#622=EDGE_LOOP('',(#3966));
#623=EDGE_LOOP('',(#3967,#3968,#3969,#3970,#3971,#3972,#3973,#3974,#3975,
#3976,#3977,#3978,#3979,#3980,#3981));
#624=EDGE_LOOP('',(#3982,#3983,#3984,#3985));
#625=EDGE_LOOP('',(#3986,#3987,#3988,#3989,#3990,#3991,#3992,#3993,#3994,
#3995,#3996,#3997));
#626=EDGE_LOOP('',(#3998,#3999,#4000,#4001));
#627=EDGE_LOOP('',(#4002,#4003,#4004,#4005));
#628=EDGE_LOOP('',(#4006,#4007,#4008,#4009));
#629=EDGE_LOOP('',(#4010,#4011,#4012));
#630=EDGE_LOOP('',(#4013,#4014,#4015,#4016,#4017,#4018,#4019));
#631=EDGE_LOOP('',(#4020));
#632=EDGE_LOOP('',(#4021,#4022,#4023,#4024));
#633=EDGE_LOOP('',(#4025,#4026,#4027));
#634=EDGE_LOOP('',(#4028,#4029,#4030,#4031));
#635=EDGE_LOOP('',(#4032,#4033,#4034,#4035,#4036,#4037,#4038));
#636=EDGE_LOOP('',(#4039));
#637=EDGE_LOOP('',(#4040,#4041,#4042,#4043));
#638=EDGE_LOOP('',(#4044,#4045,#4046));
#639=EDGE_LOOP('',(#4047,#4048,#4049,#4050));
#640=EDGE_LOOP('',(#4051,#4052,#4053,#4054,#4055,#4056,#4057));
#641=EDGE_LOOP('',(#4058));
#642=EDGE_LOOP('',(#4059,#4060,#4061));
#643=EDGE_LOOP('',(#4062,#4063,#4064,#4065));
#644=EDGE_LOOP('',(#4066,#4067,#4068,#4069));
#645=EDGE_LOOP('',(#4070,#4071,#4072,#4073,#4074,#4075,#4076,#4077,#4078,
#4079,#4080,#4081));
#646=EDGE_LOOP('',(#4082,#4083,#4084,#4085,#4086,#4087,#4088,#4089,#4090,
#4091,#4092,#4093,#4094,#4095));
#647=EDGE_LOOP('',(#4096,#4097,#4098,#4099));
#648=EDGE_LOOP('',(#4100,#4101,#4102,#4103));
#649=EDGE_LOOP('',(#4104,#4105,#4106,#4107));
#650=EDGE_LOOP('',(#4108,#4109,#4110,#4111));
#651=EDGE_LOOP('',(#4112,#4113,#4114,#4115));
#652=EDGE_LOOP('',(#4116,#4117,#4118,#4119,#4120,#4121,#4122));
#653=EDGE_LOOP('',(#4123));
#654=EDGE_LOOP('',(#4124,#4125,#4126,#4127));
#655=EDGE_LOOP('',(#4128,#4129,#4130,#4131));
#656=EDGE_LOOP('',(#4132,#4133,#4134,#4135));
#657=EDGE_LOOP('',(#4136,#4137,#4138,#4139));
#658=EDGE_LOOP('',(#4140,#4141,#4142,#4143));
#659=EDGE_LOOP('',(#4144,#4145,#4146,#4147));
#660=EDGE_LOOP('',(#4148,#4149,#4150,#4151));
#661=EDGE_LOOP('',(#4152,#4153,#4154,#4155));
#662=EDGE_LOOP('',(#4156,#4157,#4158,#4159));
#663=EDGE_LOOP('',(#4160,#4161,#4162,#4163));
#664=EDGE_LOOP('',(#4164,#4165,#4166,#4167));
#665=EDGE_LOOP('',(#4168,#4169,#4170,#4171));
#666=EDGE_LOOP('',(#4172,#4173,#4174,#4175));
#667=EDGE_LOOP('',(#4176,#4177,#4178,#4179));
#668=EDGE_LOOP('',(#4180,#4181,#4182,#4183));
#669=EDGE_LOOP('',(#4184,#4185,#4186,#4187));
#670=EDGE_LOOP('',(#4188,#4189,#4190,#4191));
#671=EDGE_LOOP('',(#4192,#4193,#4194,#4195));
#672=EDGE_LOOP('',(#4196,#4197,#4198,#4199));
#673=EDGE_LOOP('',(#4200,#4201,#4202,#4203));
#674=EDGE_LOOP('',(#4204,#4205,#4206,#4207));
#675=EDGE_LOOP('',(#4208,#4209,#4210,#4211));
#676=EDGE_LOOP('',(#4212,#4213,#4214,#4215));
#677=EDGE_LOOP('',(#4216,#4217,#4218,#4219));
#678=EDGE_LOOP('',(#4220,#4221,#4222,#4223));
#679=EDGE_LOOP('',(#4224,#4225,#4226,#4227));
#680=EDGE_LOOP('',(#4228,#4229,#4230,#4231));
#681=EDGE_LOOP('',(#4232,#4233,#4234,#4235));
#682=EDGE_LOOP('',(#4236,#4237,#4238,#4239));
#683=EDGE_LOOP('',(#4240,#4241,#4242,#4243));
#684=EDGE_LOOP('',(#4244,#4245,#4246,#4247));
#685=EDGE_LOOP('',(#4248,#4249,#4250,#4251));
#686=EDGE_LOOP('',(#4252,#4253,#4254,#4255));
#687=EDGE_LOOP('',(#4256,#4257,#4258,#4259));
#688=EDGE_LOOP('',(#4260,#4261,#4262,#4263));
#689=EDGE_LOOP('',(#4264,#4265,#4266,#4267,#4268,#4269,#4270,#4271,#4272,
#4273,#4274,#4275));
#690=EDGE_LOOP('',(#4276,#4277,#4278,#4279,#4280,#4281,#4282,#4283,#4284,
#4285,#4286,#4287));
#691=EDGE_LOOP('',(#4288,#4289,#4290,#4291));
#692=EDGE_LOOP('',(#4292,#4293,#4294,#4295));
#693=EDGE_LOOP('',(#4296,#4297,#4298,#4299));
#694=EDGE_LOOP('',(#4300,#4301,#4302,#4303));
#695=EDGE_LOOP('',(#4304,#4305,#4306,#4307));
#696=EDGE_LOOP('',(#4308,#4309,#4310,#4311));
#697=EDGE_LOOP('',(#4312,#4313,#4314,#4315));
#698=EDGE_LOOP('',(#4316,#4317,#4318,#4319));
#699=EDGE_LOOP('',(#4320,#4321,#4322,#4323));
#700=EDGE_LOOP('',(#4324,#4325,#4326,#4327));
#701=EDGE_LOOP('',(#4328,#4329,#4330,#4331,#4332,#4333,#4334,#4335,#4336,
#4337,#4338,#4339));
#702=EDGE_LOOP('',(#4340,#4341,#4342,#4343,#4344,#4345,#4346,#4347,#4348,
#4349,#4350,#4351));
#703=EDGE_LOOP('',(#4352,#4353,#4354,#4355));
#704=EDGE_LOOP('',(#4356,#4357,#4358,#4359));
#705=EDGE_LOOP('',(#4360,#4361,#4362,#4363));
#706=EDGE_LOOP('',(#4364,#4365,#4366,#4367));
#707=EDGE_LOOP('',(#4368,#4369,#4370,#4371));
#708=EDGE_LOOP('',(#4372,#4373,#4374,#4375));
#709=EDGE_LOOP('',(#4376,#4377,#4378,#4379));
#710=EDGE_LOOP('',(#4380,#4381,#4382,#4383));
#711=EDGE_LOOP('',(#4384,#4385,#4386,#4387,#4388,#4389,#4390,#4391,#4392,
#4393,#4394,#4395,#4396,#4397,#4398,#4399,#4400,#4401,#4402,#4403,#4404,
#4405,#4406,#4407,#4408,#4409,#4410,#4411,#4412,#4413,#4414,#4415,#4416,
#4417,#4418,#4419,#4420,#4421,#4422,#4423,#4424,#4425));
#712=EDGE_LOOP('',(#4426,#4427,#4428,#4429,#4430,#4431,#4432,#4433,#4434,
#4435,#4436,#4437,#4438,#4439,#4440,#4441,#4442,#4443));
#713=EDGE_LOOP('',(#4444,#4445,#4446,#4447));
#714=EDGE_LOOP('',(#4448,#4449,#4450,#4451));
#715=EDGE_LOOP('',(#4452,#4453,#4454,#4455));
#716=EDGE_LOOP('',(#4456,#4457,#4458,#4459,#4460,#4461,#4462));
#717=EDGE_LOOP('',(#4463,#4464,#4465,#4466));
#718=EDGE_LOOP('',(#4467,#4468,#4469,#4470));
#719=EDGE_LOOP('',(#4471,#4472,#4473,#4474));
#720=EDGE_LOOP('',(#4475,#4476,#4477,#4478,#4479,#4480));
#721=EDGE_LOOP('',(#4481,#4482,#4483,#4484));
#722=EDGE_LOOP('',(#4485,#4486,#4487,#4488,#4489,#4490));
#723=EDGE_LOOP('',(#4491,#4492,#4493,#4494));
#724=EDGE_LOOP('',(#4495,#4496,#4497,#4498));
#725=EDGE_LOOP('',(#4499,#4500,#4501,#4502));
#726=EDGE_LOOP('',(#4503,#4504,#4505,#4506,#4507,#4508));
#727=EDGE_LOOP('',(#4509,#4510,#4511,#4512));
#728=EDGE_LOOP('',(#4513,#4514,#4515,#4516,#4517,#4518));
#729=EDGE_LOOP('',(#4519,#4520,#4521,#4522));
#730=EDGE_LOOP('',(#4523,#4524,#4525,#4526));
#731=EDGE_LOOP('',(#4527,#4528,#4529,#4530));
#732=EDGE_LOOP('',(#4531,#4532,#4533,#4534));
#733=EDGE_LOOP('',(#4535,#4536,#4537,#4538,#4539,#4540,#4541,#4542,#4543,
#4544,#4545,#4546));
#734=EDGE_LOOP('',(#4547,#4548,#4549,#4550,#4551,#4552));
#735=EDGE_LOOP('',(#4553,#4554,#4555,#4556,#4557,#4558,#4559,#4560,#4561,
#4562,#4563,#4564));
#736=EDGE_LOOP('',(#4565,#4566,#4567,#4568));
#737=EDGE_LOOP('',(#4569,#4570,#4571,#4572));
#738=EDGE_LOOP('',(#4573,#4574,#4575,#4576));
#739=EDGE_LOOP('',(#4577,#4578,#4579,#4580));
#740=EDGE_LOOP('',(#4581,#4582,#4583,#4584));
#741=EDGE_LOOP('',(#4585,#4586,#4587,#4588));
#742=EDGE_LOOP('',(#4589,#4590,#4591,#4592));
#743=EDGE_LOOP('',(#4593,#4594,#4595,#4596));
#744=EDGE_LOOP('',(#4597,#4598,#4599,#4600));
#745=EDGE_LOOP('',(#4601,#4602,#4603,#4604));
#746=EDGE_LOOP('',(#4605,#4606,#4607,#4608,#4609,#4610,#4611,#4612,#4613,
#4614,#4615,#4616,#4617,#4618,#4619,#4620));
#747=EDGE_LOOP('',(#4621,#4622,#4623,#4624));
#748=EDGE_LOOP('',(#4625,#4626,#4627,#4628,#4629,#4630));
#749=EDGE_LOOP('',(#4631,#4632,#4633,#4634,#4635));
#750=EDGE_LOOP('',(#4636,#4637,#4638,#4639));
#751=EDGE_LOOP('',(#4640,#4641,#4642,#4643));
#752=EDGE_LOOP('',(#4644,#4645,#4646,#4647));
#753=EDGE_LOOP('',(#4648,#4649,#4650,#4651));
#754=EDGE_LOOP('',(#4652,#4653,#4654,#4655));
#755=EDGE_LOOP('',(#4656,#4657,#4658,#4659));
#756=EDGE_LOOP('',(#4660,#4661,#4662,#4663));
#757=EDGE_LOOP('',(#4664,#4665,#4666,#4667));
#758=EDGE_LOOP('',(#4668,#4669,#4670,#4671));
#759=EDGE_LOOP('',(#4672,#4673,#4674,#4675));
#760=EDGE_LOOP('',(#4676,#4677,#4678,#4679));
#761=EDGE_LOOP('',(#4680,#4681,#4682,#4683,#4684,#4685,#4686,#4687));
#762=EDGE_LOOP('',(#4688,#4689,#4690,#4691));
#763=EDGE_LOOP('',(#4692,#4693,#4694,#4695));
#764=EDGE_LOOP('',(#4696,#4697,#4698,#4699));
#765=EDGE_LOOP('',(#4700,#4701,#4702,#4703));
#766=EDGE_LOOP('',(#4704,#4705,#4706,#4707));
#767=EDGE_LOOP('',(#4708,#4709,#4710,#4711));
#768=EDGE_LOOP('',(#4712,#4713,#4714,#4715));
#769=EDGE_LOOP('',(#4716,#4717,#4718,#4719,#4720,#4721));
#770=EDGE_LOOP('',(#4722,#4723,#4724,#4725));
#771=EDGE_LOOP('',(#4726,#4727,#4728,#4729));
#772=EDGE_LOOP('',(#4730,#4731,#4732,#4733));
#773=EDGE_LOOP('',(#4734,#4735,#4736,#4737));
#774=EDGE_LOOP('',(#4738,#4739,#4740,#4741));
#775=EDGE_LOOP('',(#4742,#4743,#4744,#4745));
#776=EDGE_LOOP('',(#4746,#4747,#4748,#4749));
#777=EDGE_LOOP('',(#4750,#4751,#4752,#4753));
#778=EDGE_LOOP('',(#4754,#4755,#4756,#4757));
#779=EDGE_LOOP('',(#4758,#4759,#4760,#4761));
#780=EDGE_LOOP('',(#4762,#4763,#4764,#4765));
#781=EDGE_LOOP('',(#4766,#4767,#4768,#4769,#4770,#4771,#4772,#4773,#4774,
#4775,#4776,#4777));
#782=EDGE_LOOP('',(#4778,#4779,#4780,#4781));
#783=EDGE_LOOP('',(#4782,#4783,#4784,#4785));
#784=EDGE_LOOP('',(#4786,#4787,#4788,#4789));
#785=EDGE_LOOP('',(#4790,#4791,#4792,#4793));
#786=EDGE_LOOP('',(#4794,#4795,#4796,#4797));
#787=EDGE_LOOP('',(#4798,#4799,#4800,#4801,#4802,#4803,#4804,#4805));
#788=EDGE_LOOP('',(#4806,#4807,#4808,#4809,#4810,#4811,#4812,#4813,#4814,
#4815,#4816,#4817,#4818,#4819,#4820,#4821,#4822,#4823,#4824,#4825));
#789=EDGE_LOOP('',(#4826,#4827,#4828,#4829));
#790=EDGE_LOOP('',(#4830,#4831,#4832,#4833));
#791=EDGE_LOOP('',(#4834,#4835,#4836,#4837));
#792=EDGE_LOOP('',(#4838,#4839,#4840,#4841));
#793=EDGE_LOOP('',(#4842,#4843,#4844,#4845));
#794=EDGE_LOOP('',(#4846,#4847,#4848,#4849));
#795=EDGE_LOOP('',(#4850,#4851,#4852,#4853));
#796=EDGE_LOOP('',(#4854,#4855,#4856,#4857));
#797=EDGE_LOOP('',(#4858,#4859,#4860,#4861));
#798=EDGE_LOOP('',(#4862,#4863,#4864,#4865));
#799=EDGE_LOOP('',(#4866,#4867,#4868,#4869));
#800=EDGE_LOOP('',(#4870,#4871,#4872,#4873));
#801=EDGE_LOOP('',(#4874,#4875,#4876,#4877,#4878,#4879));
#802=EDGE_LOOP('',(#4880,#4881,#4882,#4883));
#803=EDGE_LOOP('',(#4884,#4885,#4886,#4887,#4888,#4889,#4890,#4891,#4892,
#4893,#4894,#4895,#4896,#4897,#4898,#4899));
#804=EDGE_LOOP('',(#4900,#4901,#4902,#4903,#4904,#4905,#4906,#4907));
#805=EDGE_LOOP('',(#4908,#4909,#4910,#4911));
#806=EDGE_LOOP('',(#4912,#4913,#4914,#4915));
#807=EDGE_LOOP('',(#4916,#4917,#4918,#4919));
#808=EDGE_LOOP('',(#4920,#4921,#4922,#4923));
#809=EDGE_LOOP('',(#4924,#4925,#4926,#4927));
#810=EDGE_LOOP('',(#4928,#4929,#4930,#4931));
#811=EDGE_LOOP('',(#4932,#4933,#4934,#4935));
#812=EDGE_LOOP('',(#4936,#4937,#4938,#4939));
#813=EDGE_LOOP('',(#4940,#4941,#4942,#4943));
#814=EDGE_LOOP('',(#4944,#4945,#4946,#4947));
#815=EDGE_LOOP('',(#4948,#4949,#4950,#4951));
#816=EDGE_LOOP('',(#4952,#4953,#4954,#4955,#4956));
#817=EDGE_LOOP('',(#4957,#4958,#4959,#4960));
#818=EDGE_LOOP('',(#4961,#4962,#4963,#4964,#4965,#4966,#4967,#4968,#4969,
#4970,#4971,#4972,#4973,#4974,#4975,#4976,#4977,#4978,#4979,#4980,#4981,
#4982,#4983,#4984));
#819=EDGE_LOOP('',(#4985,#4986,#4987,#4988,#4989,#4990,#4991,#4992));
#820=EDGE_LOOP('',(#4993,#4994,#4995,#4996));
#821=EDGE_LOOP('',(#4997,#4998,#4999,#5000));
#822=EDGE_LOOP('',(#5001,#5002,#5003,#5004));
#823=EDGE_LOOP('',(#5005,#5006,#5007,#5008));
#824=EDGE_LOOP('',(#5009,#5010,#5011,#5012));
#825=EDGE_LOOP('',(#5013,#5014,#5015,#5016));
#826=EDGE_LOOP('',(#5017,#5018,#5019,#5020));
#827=EDGE_LOOP('',(#5021,#5022,#5023,#5024));
#828=EDGE_LOOP('',(#5025,#5026,#5027,#5028));
#829=EDGE_LOOP('',(#5029,#5030,#5031,#5032));
#830=EDGE_LOOP('',(#5033,#5034,#5035,#5036));
#831=EDGE_LOOP('',(#5037,#5038,#5039,#5040,#5041,#5042,#5043,#5044,#5045,
#5046,#5047,#5048,#5049,#5050,#5051,#5052,#5053,#5054,#5055,#5056));
#832=EDGE_LOOP('',(#5057,#5058,#5059,#5060,#5061,#5062));
#833=EDGE_LOOP('',(#5063,#5064,#5065,#5066));
#834=EDGE_LOOP('',(#5067,#5068,#5069,#5070));
#835=EDGE_LOOP('',(#5071,#5072,#5073,#5074));
#836=EDGE_LOOP('',(#5075,#5076,#5077,#5078));
#837=EDGE_LOOP('',(#5079,#5080,#5081,#5082));
#838=EDGE_LOOP('',(#5083,#5084,#5085,#5086));
#839=EDGE_LOOP('',(#5087,#5088,#5089,#5090));
#840=EDGE_LOOP('',(#5091,#5092,#5093,#5094));
#841=EDGE_LOOP('',(#5095,#5096,#5097,#5098));
#842=EDGE_LOOP('',(#5099,#5100,#5101,#5102));
#843=EDGE_LOOP('',(#5103,#5104,#5105,#5106));
#844=EDGE_LOOP('',(#5107,#5108,#5109,#5110));
#845=EDGE_LOOP('',(#5111,#5112,#5113,#5114,#5115,#5116,#5117,#5118,#5119,
#5120,#5121,#5122));
#846=EDGE_LOOP('',(#5123,#5124,#5125,#5126,#5127,#5128,#5129,#5130,#5131,
#5132,#5133,#5134,#5135,#5136,#5137,#5138,#5139,#5140,#5141,#5142,#5143,
#5144,#5145,#5146,#5147,#5148,#5149,#5150,#5151,#5152,#5153,#5154,#5155,
#5156,#5157,#5158,#5159,#5160,#5161,#5162,#5163,#5164));
#847=EDGE_LOOP('',(#5165,#5166,#5167,#5168));
#848=EDGE_LOOP('',(#5169,#5170,#5171,#5172));
#849=EDGE_LOOP('',(#5173,#5174,#5175,#5176));
#850=EDGE_LOOP('',(#5177,#5178,#5179,#5180,#5181,#5182,#5183,#5184,#5185,
#5186,#5187,#5188,#5189,#5190,#5191,#5192,#5193,#5194,#5195,#5196));
#851=EDGE_LOOP('',(#5197,#5198,#5199,#5200));
#852=EDGE_LOOP('',(#5201,#5202,#5203,#5204));
#853=EDGE_LOOP('',(#5205,#5206,#5207,#5208));
#854=EDGE_LOOP('',(#5209,#5210,#5211,#5212));
#855=EDGE_LOOP('',(#5213,#5214,#5215,#5216));
#856=EDGE_LOOP('',(#5217,#5218,#5219,#5220));
#857=EDGE_LOOP('',(#5221,#5222,#5223,#5224));
#858=EDGE_LOOP('',(#5225,#5226,#5227,#5228,#5229,#5230));
#859=EDGE_LOOP('',(#5231,#5232,#5233,#5234));
#860=EDGE_LOOP('',(#5235,#5236,#5237,#5238,#5239,#5240));
#861=EDGE_LOOP('',(#5241,#5242,#5243,#5244));
#862=EDGE_LOOP('',(#5245,#5246,#5247,#5248,#5249,#5250));
#863=EDGE_LOOP('',(#5251,#5252,#5253,#5254,#5255,#5256));
#864=EDGE_LOOP('',(#5257,#5258,#5259,#5260,#5261,#5262));
#865=EDGE_LOOP('',(#5263,#5264,#5265));
#866=EDGE_LOOP('',(#5266,#5267,#5268,#5269));
#867=EDGE_LOOP('',(#5270,#5271,#5272));
#868=EDGE_LOOP('',(#5273,#5274,#5275,#5276,#5277,#5278));
#869=EDGE_LOOP('',(#5279,#5280,#5281,#5282));
#870=EDGE_LOOP('',(#5283,#5284,#5285,#5286));
#871=EDGE_LOOP('',(#5287,#5288,#5289));
#872=EDGE_LOOP('',(#5290,#5291,#5292,#5293));
#873=EDGE_LOOP('',(#5294,#5295,#5296,#5297));
#874=EDGE_LOOP('',(#5298,#5299,#5300));
#875=EDGE_LOOP('',(#5301,#5302,#5303,#5304));
#876=EDGE_LOOP('',(#5305,#5306,#5307,#5308));
#877=EDGE_LOOP('',(#5309,#5310,#5311));
#878=EDGE_LOOP('',(#5312,#5313,#5314,#5315));
#879=EDGE_LOOP('',(#5316,#5317,#5318));
#880=EDGE_LOOP('',(#5319,#5320,#5321,#5322));
#881=EDGE_LOOP('',(#5323,#5324,#5325));
#882=EDGE_LOOP('',(#5326,#5327,#5328,#5329));
#883=EDGE_LOOP('',(#5330,#5331,#5332));
#884=EDGE_LOOP('',(#5333,#5334,#5335,#5336));
#885=EDGE_LOOP('',(#5337,#5338,#5339,#5340));
#886=EDGE_LOOP('',(#5341,#5342,#5343));
#887=EDGE_LOOP('',(#5344,#5345,#5346));
#888=EDGE_LOOP('',(#5347,#5348,#5349,#5350));
#889=EDGE_LOOP('',(#5351,#5352,#5353,#5354));
#890=EDGE_LOOP('',(#5355,#5356,#5357,#5358));
#891=EDGE_LOOP('',(#5359,#5360,#5361));
#892=EDGE_LOOP('',(#5362,#5363,#5364));
#893=EDGE_LOOP('',(#5365,#5366,#5367,#5368));
#894=EDGE_LOOP('',(#5369,#5370,#5371,#5372));
#895=EDGE_LOOP('',(#5373,#5374,#5375,#5376));
#896=EDGE_LOOP('',(#5377,#5378,#5379,#5380));
#897=EDGE_LOOP('',(#5381,#5382,#5383,#5384));
#898=EDGE_LOOP('',(#5385,#5386,#5387,#5388));
#899=EDGE_LOOP('',(#5389,#5390,#5391,#5392));
#900=EDGE_LOOP('',(#5393,#5394,#5395,#5396));
#901=EDGE_LOOP('',(#5397,#5398,#5399,#5400));
#902=EDGE_LOOP('',(#5401,#5402,#5403,#5404));
#903=EDGE_LOOP('',(#5405,#5406,#5407,#5408));
#904=EDGE_LOOP('',(#5409,#5410,#5411,#5412));
#905=EDGE_LOOP('',(#5413,#5414,#5415,#5416,#5417,#5418));
#906=EDGE_LOOP('',(#5419,#5420,#5421,#5422,#5423,#5424));
#907=EDGE_LOOP('',(#5425,#5426,#5427,#5428,#5429,#5430,#5431,#5432,#5433,
#5434,#5435,#5436,#5437,#5438,#5439,#5440,#5441,#5442,#5443,#5444));
#908=EDGE_LOOP('',(#5445,#5446,#5447,#5448));
#909=EDGE_LOOP('',(#5449,#5450,#5451,#5452));
#910=EDGE_LOOP('',(#5453,#5454,#5455,#5456));
#911=EDGE_LOOP('',(#5457,#5458,#5459,#5460));
#912=EDGE_LOOP('',(#5461,#5462,#5463,#5464,#5465));
#913=EDGE_LOOP('',(#5466,#5467,#5468,#5469,#5470,#5471,#5472,#5473,#5474,
#5475,#5476,#5477,#5478,#5479,#5480,#5481,#5482,#5483,#5484,#5485,#5486,
#5487,#5488,#5489));
#914=EDGE_LOOP('',(#5490,#5491,#5492,#5493));
#915=EDGE_LOOP('',(#5494,#5495,#5496,#5497));
#916=EDGE_LOOP('',(#5498,#5499,#5500,#5501));
#917=EDGE_LOOP('',(#5502,#5503,#5504,#5505));
#918=EDGE_LOOP('',(#5506,#5507,#5508,#5509));
#919=EDGE_LOOP('',(#5510,#5511,#5512,#5513));
#920=EDGE_LOOP('',(#5514,#5515,#5516,#5517));
#921=EDGE_LOOP('',(#5518,#5519,#5520,#5521));
#922=EDGE_LOOP('',(#5522,#5523,#5524,#5525));
#923=EDGE_LOOP('',(#5526,#5527,#5528,#5529));
#924=EDGE_LOOP('',(#5530,#5531,#5532,#5533));
#925=EDGE_LOOP('',(#5534,#5535,#5536,#5537,#5538,#5539,#5540,#5541,#5542,
#5543,#5544,#5545,#5546,#5547,#5548,#5549,#5550,#5551));
#926=EDGE_LOOP('',(#5552,#5553,#5554,#5555,#5556,#5557,#5558));
#927=EDGE_LOOP('',(#5559,#5560,#5561,#5562));
#928=EDGE_LOOP('',(#5563,#5564,#5565,#5566));
#929=EDGE_LOOP('',(#5567,#5568,#5569,#5570));
#930=EDGE_LOOP('',(#5571,#5572,#5573,#5574,#5575));
#931=EDGE_LOOP('',(#5576,#5577,#5578,#5579));
#932=EDGE_LOOP('',(#5580,#5581,#5582,#5583,#5584,#5585,#5586,#5587,#5588,
#5589,#5590,#5591,#5592,#5593,#5594,#5595,#5596,#5597,#5598,#5599));
#933=EDGE_LOOP('',(#5600,#5601,#5602,#5603,#5604,#5605));
#934=EDGE_LOOP('',(#5606,#5607,#5608,#5609,#5610,#5611,#5612,#5613,#5614,
#5615,#5616,#5617,#5618,#5619,#5620,#5621,#5622,#5623,#5624,#5625));
#935=CIRCLE('',#6400,1.6);
#936=CIRCLE('',#6401,1.6);
#937=CIRCLE('',#6402,1.6);
#938=CIRCLE('',#6404,0.75);
#939=CIRCLE('',#6405,0.75);
#940=CIRCLE('',#6408,0.75);
#941=CIRCLE('',#6409,0.75);
#942=CIRCLE('',#6412,0.75);
#943=CIRCLE('',#6413,0.75);
#944=CIRCLE('',#6416,0.75);
#945=CIRCLE('',#6417,0.75);
#946=CIRCLE('',#6420,1.6);
#947=CIRCLE('',#6421,1.6);
#948=CIRCLE('',#6422,1.6);
#949=CIRCLE('',#6425,1.6);
#950=CIRCLE('',#6426,1.6);
#951=CIRCLE('',#6428,1.6);
#952=CIRCLE('',#6429,1.6);
#953=CIRCLE('',#6430,1.6);
#954=CIRCLE('',#6431,1.6);
#955=CIRCLE('',#6434,1.6);
#956=CIRCLE('',#6435,1.6);
#957=CIRCLE('',#6436,1.6);
#958=CIRCLE('',#6437,1.6);
#959=CIRCLE('',#6439,1.6);
#960=CIRCLE('',#6440,1.6);
#961=CIRCLE('',#6443,1.6);
#962=CIRCLE('',#6444,1.6);
#963=CIRCLE('',#6446,1.6);
#964=CIRCLE('',#6447,1.6);
#965=CIRCLE('',#6448,1.6);
#966=CIRCLE('',#6449,1.6);
#967=CIRCLE('',#6452,1.60000000000001);
#968=CIRCLE('',#6453,1.60000000000001);
#969=CIRCLE('',#6454,1.60000000000001);
#970=CIRCLE('',#6455,1.60000000000001);
#971=CIRCLE('',#6457,1.60000000000001);
#972=CIRCLE('',#6458,1.60000000000001);
#973=CIRCLE('',#6461,1.6);
#974=CIRCLE('',#6462,1.6);
#975=CIRCLE('',#6463,1.6);
#976=CIRCLE('',#6464,1.6);
#977=CIRCLE('',#6467,0.999999999999996);
#978=CIRCLE('',#6468,0.999999999999996);
#979=CIRCLE('',#6471,0.999999999999996);
#980=CIRCLE('',#6472,0.999999999999996);
#981=CIRCLE('',#6490,0.999999999999996);
#982=CIRCLE('',#6491,0.999999999999996);
#983=CIRCLE('',#6493,0.999999999999996);
#984=CIRCLE('',#6494,0.999999999999996);
#985=CIRCLE('',#6528,0.999999999999996);
#986=CIRCLE('',#6529,0.999999999999996);
#987=CIRCLE('',#6532,0.999999999999996);
#988=CIRCLE('',#6533,0.999999999999996);
#989=CIRCLE('',#6544,0.999999999999996);
#990=CIRCLE('',#6545,0.999999999999996);
#991=CIRCLE('',#6548,0.999999999999996);
#992=CIRCLE('',#6549,0.999999999999996);
#993=CIRCLE('',#6569,0.2);
#994=CIRCLE('',#6574,0.2);
#995=CIRCLE('',#6579,0.2);
#996=CIRCLE('',#6584,0.2);
#997=CIRCLE('',#6593,0.3);
#998=CIRCLE('',#6594,0.3);
#999=CIRCLE('',#6595,0.2);
#1000=CIRCLE('',#6598,0.2);
#1001=CIRCLE('',#6599,0.3);
#1002=CIRCLE('',#6600,0.3);
#1003=CIRCLE('',#6602,0.0999999999999912);
#1004=CIRCLE('',#6603,0.0999999999999979);
#1005=CIRCLE('',#6604,0.199999999999991);
#1006=CIRCLE('',#6605,0.1);
#1007=CIRCLE('',#6607,0.1);
#1008=CIRCLE('',#6608,0.100000000000001);
#1009=CIRCLE('',#6610,0.100000000000007);
#1010=CIRCLE('',#6611,0.2);
#1011=CIRCLE('',#6612,0.3);
#1012=CIRCLE('',#6615,0.1);
#1013=CIRCLE('',#6616,0.0999999999999979);
#1014=CIRCLE('',#6617,0.2);
#1015=CIRCLE('',#6618,0.0999999999999979);
#1016=CIRCLE('',#6621,0.1);
#1017=CIRCLE('',#6625,0.1);
#1018=CIRCLE('',#6627,0.1);
#1019=CIRCLE('',#6629,0.2);
#1020=CIRCLE('',#6630,0.199999999999996);
#1021=CIRCLE('',#6632,0.300000000000002);
#1022=CIRCLE('',#6636,0.1);
#1023=CIRCLE('',#6639,0.1);
#1024=CIRCLE('',#6640,0.0999999999999979);
#1025=CIRCLE('',#6641,0.0999999999999979);
#1026=CIRCLE('',#6643,0.1);
#1027=CIRCLE('',#6644,0.0999999999999979);
#1028=CIRCLE('',#6645,0.0999999999999979);
#1029=CIRCLE('',#6648,0.0999999999999979);
#1030=CIRCLE('',#6650,0.100000000000001);
#1031=CIRCLE('',#6651,0.2);
#1032=CIRCLE('',#6652,0.3);
#1033=CIRCLE('',#6654,0.1);
#1034=CIRCLE('',#6656,0.1);
#1035=CIRCLE('',#6658,0.1);
#1036=CIRCLE('',#6661,0.299999999999998);
#1037=CIRCLE('',#6699,0.2);
#1038=CIRCLE('',#6700,0.0999999999999995);
#1039=CIRCLE('',#6701,0.1);
#1040=CIRCLE('',#6702,0.0999999999999979);
#1041=CIRCLE('',#6704,0.0999999999999979);
#1042=CIRCLE('',#6706,0.1);
#1043=CIRCLE('',#6707,0.2);
#1044=CIRCLE('',#6708,0.3);
#1045=CIRCLE('',#6710,0.1);
#1046=CIRCLE('',#6712,0.1);
#1047=CIRCLE('',#6714,0.0999999999999979);
#1048=CIRCLE('',#6715,0.0999999999999979);
#1049=CIRCLE('',#6716,0.199999999999996);
#1050=CIRCLE('',#6717,0.1);
#1051=CIRCLE('',#6721,0.1);
#1052=CIRCLE('',#6724,0.1);
#1053=CIRCLE('',#6727,0.3);
#1054=CIRCLE('',#6729,0.2);
#1055=CIRCLE('',#6730,0.199999999999996);
#1056=CIRCLE('',#6734,0.1);
#1057=CIRCLE('',#6737,0.1);
#1058=CIRCLE('',#6738,0.0999999999999979);
#1059=CIRCLE('',#6739,0.0999999999999979);
#1060=CIRCLE('',#6741,0.1);
#1061=CIRCLE('',#6742,0.0999999999999979);
#1062=CIRCLE('',#6743,0.0999999999999979);
#1063=CIRCLE('',#6746,0.1);
#1064=CIRCLE('',#6748,0.0999999999999979);
#1065=CIRCLE('',#6750,0.0999999999999979);
#1066=CIRCLE('',#6751,0.3);
#1067=CIRCLE('',#6752,0.2);
#1068=CIRCLE('',#6754,0.1);
#1069=CIRCLE('',#6757,0.1);
#1070=CIRCLE('',#6796,0.2);
#1071=CIRCLE('',#6807,0.2);
#1072=CIRCLE('',#6820,0.3);
#1073=CIRCLE('',#6821,0.299999999999999);
#1074=CIRCLE('',#6824,0.300000000000004);
#1075=CIRCLE('',#6825,0.299999999999999);
#1076=CIRCLE('',#6831,0.300000000000011);
#1077=CIRCLE('',#6832,0.3);
#1078=CIRCLE('',#6833,0.300000000000004);
#1079=CIRCLE('',#6837,0.299999999999999);
#1080=CIRCLE('',#6838,0.3);
#1081=CIRCLE('',#6843,0.300000000000002);
#1082=CIRCLE('',#6844,0.300000000000002);
#1083=CIRCLE('',#6845,0.299999999999998);
#1084=CIRCLE('',#6849,0.299999999999998);
#1085=CIRCLE('',#6850,0.300000000000002);
#1086=CIRCLE('',#6851,0.3);
#1087=CIRCLE('',#6854,0.299999999999994);
#1088=CIRCLE('',#6855,0.3);
#1089=CIRCLE('',#6856,0.300000000000002);
#1090=CIRCLE('',#6860,0.299999999999994);
#1091=CIRCLE('',#6861,0.299999999999998);
#1092=CIRCLE('',#6862,0.300000000000002);
#1093=CIRCLE('',#6866,0.299999999999998);
#1094=CIRCLE('',#6867,0.300000000000002);
#1095=CIRCLE('',#6868,0.299999999999998);
#1096=CIRCLE('',#6870,0.299999999999994);
#1097=CIRCLE('',#6871,0.300000000000002);
#1098=CIRCLE('',#6872,0.299999999999998);
#1099=CIRCLE('',#6878,0.299999999999994);
#1100=CIRCLE('',#6879,0.299999999999998);
#1101=CIRCLE('',#6880,0.299999999999998);
#1102=CIRCLE('',#6882,0.299999999999994);
#1103=CIRCLE('',#6883,0.299999999999998);
#1104=CIRCLE('',#6884,0.299999999999998);
#1105=LINE('',#8656,#1778);
#1106=LINE('',#8660,#1779);
#1107=LINE('',#8664,#1780);
#1108=LINE('',#8670,#1781);
#1109=LINE('',#8677,#1782);
#1110=LINE('',#8684,#1783);
#1111=LINE('',#8691,#1784);
#1112=LINE('',#8698,#1785);
#1113=LINE('',#8705,#1786);
#1114=LINE('',#8709,#1787);
#1115=LINE('',#8716,#1788);
#1116=LINE('',#8720,#1789);
#1117=LINE('',#8726,#1790);
#1118=LINE('',#8730,#1791);
#1119=LINE('',#8734,#1792);
#1120=LINE('',#8738,#1793);
#1121=LINE('',#8747,#1794);
#1122=LINE('',#8751,#1795);
#1123=LINE('',#8756,#1796);
#1124=LINE('',#8762,#1797);
#1125=LINE('',#8768,#1798);
#1126=LINE('',#8772,#1799);
#1127=LINE('',#8776,#1800);
#1128=LINE('',#8780,#1801);
#1129=LINE('',#8789,#1802);
#1130=LINE('',#8793,#1803);
#1131=LINE('',#8798,#1804);
#1132=LINE('',#8803,#1805);
#1133=LINE('',#8807,#1806);
#1134=LINE('',#8811,#1807);
#1135=LINE('',#8813,#1808);
#1136=LINE('',#8815,#1809);
#1137=LINE('',#8817,#1810);
#1138=LINE('',#8819,#1811);
#1139=LINE('',#8821,#1812);
#1140=LINE('',#8823,#1813);
#1141=LINE('',#8825,#1814);
#1142=LINE('',#8826,#1815);
#1143=LINE('',#8829,#1816);
#1144=LINE('',#8831,#1817);
#1145=LINE('',#8832,#1818);
#1146=LINE('',#8835,#1819);
#1147=LINE('',#8837,#1820);
#1148=LINE('',#8839,#1821);
#1149=LINE('',#8841,#1822);
#1150=LINE('',#8843,#1823);
#1151=LINE('',#8845,#1824);
#1152=LINE('',#8847,#1825);
#1153=LINE('',#8851,#1826);
#1154=LINE('',#8854,#1827);
#1155=LINE('',#8856,#1828);
#1156=LINE('',#8859,#1829);
#1157=LINE('',#8861,#1830);
#1158=LINE('',#8862,#1831);
#1159=LINE('',#8865,#1832);
#1160=LINE('',#8867,#1833);
#1161=LINE('',#8868,#1834);
#1162=LINE('',#8871,#1835);
#1163=LINE('',#8872,#1836);
#1164=LINE('',#8876,#1837);
#1165=LINE('',#8877,#1838);
#1166=LINE('',#8879,#1839);
#1167=LINE('',#8881,#1840);
#1168=LINE('',#8882,#1841);
#1169=LINE('',#8885,#1842);
#1170=LINE('',#8887,#1843);
#1171=LINE('',#8888,#1844);
#1172=LINE('',#8891,#1845);
#1173=LINE('',#8892,#1846);
#1174=LINE('',#8895,#1847);
#1175=LINE('',#8896,#1848);
#1176=LINE('',#8900,#1849);
#1177=LINE('',#8902,#1850);
#1178=LINE('',#8904,#1851);
#1179=LINE('',#8905,#1852);
#1180=LINE('',#8907,#1853);
#1181=LINE('',#8908,#1854);
#1182=LINE('',#8911,#1855);
#1183=LINE('',#8912,#1856);
#1184=LINE('',#8915,#1857);
#1185=LINE('',#8916,#1858);
#1186=LINE('',#8919,#1859);
#1187=LINE('',#8920,#1860);
#1188=LINE('',#8923,#1861);
#1189=LINE('',#8925,#1862);
#1190=LINE('',#8927,#1863);
#1191=LINE('',#8929,#1864);
#1192=LINE('',#8931,#1865);
#1193=LINE('',#8932,#1866);
#1194=LINE('',#8935,#1867);
#1195=LINE('',#8936,#1868);
#1196=LINE('',#8939,#1869);
#1197=LINE('',#8941,#1870);
#1198=LINE('',#8942,#1871);
#1199=LINE('',#8945,#1872);
#1200=LINE('',#8947,#1873);
#1201=LINE('',#8948,#1874);
#1202=LINE('',#8951,#1875);
#1203=LINE('',#8953,#1876);
#1204=LINE('',#8955,#1877);
#1205=LINE('',#8957,#1878);
#1206=LINE('',#8959,#1879);
#1207=LINE('',#8961,#1880);
#1208=LINE('',#8963,#1881);
#1209=LINE('',#8967,#1882);
#1210=LINE('',#8970,#1883);
#1211=LINE('',#8974,#1884);
#1212=LINE('',#8976,#1885);
#1213=LINE('',#8977,#1886);
#1214=LINE('',#8979,#1887);
#1215=LINE('',#8983,#1888);
#1216=LINE('',#8987,#1889);
#1217=LINE('',#8989,#1890);
#1218=LINE('',#8991,#1891);
#1219=LINE('',#8993,#1892);
#1220=LINE('',#8995,#1893);
#1221=LINE('',#8996,#1894);
#1222=LINE('',#8998,#1895);
#1223=LINE('',#9001,#1896);
#1224=LINE('',#9002,#1897);
#1225=LINE('',#9006,#1898);
#1226=LINE('',#9008,#1899);
#1227=LINE('',#9010,#1900);
#1228=LINE('',#9011,#1901);
#1229=LINE('',#9014,#1902);
#1230=LINE('',#9015,#1903);
#1231=LINE('',#9017,#1904);
#1232=LINE('',#9018,#1905);
#1233=LINE('',#9021,#1906);
#1234=LINE('',#9022,#1907);
#1235=LINE('',#9024,#1908);
#1236=LINE('',#9026,#1909);
#1237=LINE('',#9028,#1910);
#1238=LINE('',#9030,#1911);
#1239=LINE('',#9031,#1912);
#1240=LINE('',#9034,#1913);
#1241=LINE('',#9035,#1914);
#1242=LINE('',#9037,#1915);
#1243=LINE('',#9039,#1916);
#1244=LINE('',#9041,#1917);
#1245=LINE('',#9043,#1918);
#1246=LINE('',#9045,#1919);
#1247=LINE('',#9047,#1920);
#1248=LINE('',#9049,#1921);
#1249=LINE('',#9051,#1922);
#1250=LINE('',#9053,#1923);
#1251=LINE('',#9055,#1924);
#1252=LINE('',#9056,#1925);
#1253=LINE('',#9058,#1926);
#1254=LINE('',#9060,#1927);
#1255=LINE('',#9063,#1928);
#1256=LINE('',#9064,#1929);
#1257=LINE('',#9066,#1930);
#1258=LINE('',#9068,#1931);
#1259=LINE('',#9070,#1932);
#1260=LINE('',#9072,#1933);
#1261=LINE('',#9074,#1934);
#1262=LINE('',#9076,#1935);
#1263=LINE('',#9080,#1936);
#1264=LINE('',#9082,#1937);
#1265=LINE('',#9084,#1938);
#1266=LINE('',#9085,#1939);
#1267=LINE('',#9091,#1940);
#1268=LINE('',#9094,#1941);
#1269=LINE('',#9096,#1942);
#1270=LINE('',#9097,#1943);
#1271=LINE('',#9103,#1944);
#1272=LINE('',#9106,#1945);
#1273=LINE('',#9108,#1946);
#1274=LINE('',#9109,#1947);
#1275=LINE('',#9112,#1948);
#1276=LINE('',#9114,#1949);
#1277=LINE('',#9115,#1950);
#1278=LINE('',#9119,#1951);
#1279=LINE('',#9121,#1952);
#1280=LINE('',#9123,#1953);
#1281=LINE('',#9124,#1954);
#1282=LINE('',#9127,#1955);
#1283=LINE('',#9129,#1956);
#1284=LINE('',#9130,#1957);
#1285=LINE('',#9133,#1958);
#1286=LINE('',#9135,#1959);
#1287=LINE('',#9136,#1960);
#1288=LINE('',#9139,#1961);
#1289=LINE('',#9141,#1962);
#1290=LINE('',#9142,#1963);
#1291=LINE('',#9144,#1964);
#1292=LINE('',#9145,#1965);
#1293=LINE('',#9147,#1966);
#1294=LINE('',#9148,#1967);
#1295=LINE('',#9152,#1968);
#1296=LINE('',#9154,#1969);
#1297=LINE('',#9156,#1970);
#1298=LINE('',#9157,#1971);
#1299=LINE('',#9163,#1972);
#1300=LINE('',#9166,#1973);
#1301=LINE('',#9168,#1974);
#1302=LINE('',#9169,#1975);
#1303=LINE('',#9175,#1976);
#1304=LINE('',#9178,#1977);
#1305=LINE('',#9180,#1978);
#1306=LINE('',#9181,#1979);
#1307=LINE('',#9184,#1980);
#1308=LINE('',#9186,#1981);
#1309=LINE('',#9187,#1982);
#1310=LINE('',#9191,#1983);
#1311=LINE('',#9193,#1984);
#1312=LINE('',#9195,#1985);
#1313=LINE('',#9196,#1986);
#1314=LINE('',#9199,#1987);
#1315=LINE('',#9201,#1988);
#1316=LINE('',#9202,#1989);
#1317=LINE('',#9205,#1990);
#1318=LINE('',#9207,#1991);
#1319=LINE('',#9208,#1992);
#1320=LINE('',#9211,#1993);
#1321=LINE('',#9213,#1994);
#1322=LINE('',#9214,#1995);
#1323=LINE('',#9216,#1996);
#1324=LINE('',#9217,#1997);
#1325=LINE('',#9219,#1998);
#1326=LINE('',#9220,#1999);
#1327=LINE('',#9222,#2000);
#1328=LINE('',#9225,#2001);
#1329=LINE('',#9227,#2002);
#1330=LINE('',#9228,#2003);
#1331=LINE('',#9230,#2004);
#1332=LINE('',#9232,#2005);
#1333=LINE('',#9234,#2006);
#1334=LINE('',#9235,#2007);
#1335=LINE('',#9238,#2008);
#1336=LINE('',#9239,#2009);
#1337=LINE('',#9242,#2010);
#1338=LINE('',#9244,#2011);
#1339=LINE('',#9246,#2012);
#1340=LINE('',#9248,#2013);
#1341=LINE('',#9250,#2014);
#1342=LINE('',#9252,#2015);
#1343=LINE('',#9254,#2016);
#1344=LINE('',#9256,#2017);
#1345=LINE('',#9258,#2018);
#1346=LINE('',#9260,#2019);
#1347=LINE('',#9262,#2020);
#1348=LINE('',#9264,#2021);
#1349=LINE('',#9266,#2022);
#1350=LINE('',#9268,#2023);
#1351=LINE('',#9270,#2024);
#1352=LINE('',#9272,#2025);
#1353=LINE('',#9274,#2026);
#1354=LINE('',#9276,#2027);
#1355=LINE('',#9278,#2028);
#1356=LINE('',#9280,#2029);
#1357=LINE('',#9282,#2030);
#1358=LINE('',#9284,#2031);
#1359=LINE('',#9286,#2032);
#1360=LINE('',#9288,#2033);
#1361=LINE('',#9290,#2034);
#1362=LINE('',#9292,#2035);
#1363=LINE('',#9294,#2036);
#1364=LINE('',#9296,#2037);
#1365=LINE('',#9297,#2038);
#1366=LINE('',#9298,#2039);
#1367=LINE('',#9300,#2040);
#1368=LINE('',#9302,#2041);
#1369=LINE('',#9303,#2042);
#1370=LINE('',#9305,#2043);
#1371=LINE('',#9307,#2044);
#1372=LINE('',#9308,#2045);
#1373=LINE('',#9309,#2046);
#1374=LINE('',#9311,#2047);
#1375=LINE('',#9312,#2048);
#1376=LINE('',#9313,#2049);
#1377=LINE('',#9317,#2050);
#1378=LINE('',#9321,#2051);
#1379=LINE('',#9325,#2052);
#1380=LINE('',#9327,#2053);
#1381=LINE('',#9331,#2054);
#1382=LINE('',#9334,#2055);
#1383=LINE('',#9337,#2056);
#1384=LINE('',#9339,#2057);
#1385=LINE('',#9341,#2058);
#1386=LINE('',#9343,#2059);
#1387=LINE('',#9344,#2060);
#1388=LINE('',#9347,#2061);
#1389=LINE('',#9348,#2062);
#1390=LINE('',#9351,#2063);
#1391=LINE('',#9353,#2064);
#1392=LINE('',#9355,#2065);
#1393=LINE('',#9356,#2066);
#1394=LINE('',#9360,#2067);
#1395=LINE('',#9364,#2068);
#1396=LINE('',#9368,#2069);
#1397=LINE('',#9370,#2070);
#1398=LINE('',#9374,#2071);
#1399=LINE('',#9377,#2072);
#1400=LINE('',#9380,#2073);
#1401=LINE('',#9382,#2074);
#1402=LINE('',#9384,#2075);
#1403=LINE('',#9386,#2076);
#1404=LINE('',#9387,#2077);
#1405=LINE('',#9390,#2078);
#1406=LINE('',#9391,#2079);
#1407=LINE('',#9394,#2080);
#1408=LINE('',#9396,#2081);
#1409=LINE('',#9398,#2082);
#1410=LINE('',#9399,#2083);
#1411=LINE('',#9401,#2084);
#1412=LINE('',#9402,#2085);
#1413=LINE('',#9405,#2086);
#1414=LINE('',#9407,#2087);
#1415=LINE('',#9410,#2088);
#1416=LINE('',#9414,#2089);
#1417=LINE('',#9418,#2090);
#1418=LINE('',#9421,#2091);
#1419=LINE('',#9423,#2092);
#1420=LINE('',#9424,#2093);
#1421=LINE('',#9426,#2094);
#1422=LINE('',#9427,#2095);
#1423=LINE('',#9430,#2096);
#1424=LINE('',#9431,#2097);
#1425=LINE('',#9433,#2098);
#1426=LINE('',#9437,#2099);
#1427=LINE('',#9441,#2100);
#1428=LINE('',#9444,#2101);
#1429=LINE('',#9459,#2102);
#1430=LINE('',#9462,#2103);
#1431=LINE('',#9470,#2104);
#1432=LINE('',#9471,#2105);
#1433=LINE('',#9482,#2106);
#1434=LINE('',#9483,#2107);
#1435=LINE('',#9487,#2108);
#1436=LINE('',#9491,#2109);
#1437=LINE('',#9494,#2110);
#1438=LINE('',#9495,#2111);
#1439=LINE('',#9500,#2112);
#1440=LINE('',#9501,#2113);
#1441=LINE('',#9506,#2114);
#1442=LINE('',#9507,#2115);
#1443=LINE('',#9510,#2116);
#1444=LINE('',#9511,#2117);
#1445=LINE('',#9513,#2118);
#1446=LINE('',#9515,#2119);
#1447=LINE('',#9517,#2120);
#1448=LINE('',#9521,#2121);
#1449=LINE('',#9525,#2122);
#1450=LINE('',#9526,#2123);
#1451=LINE('',#9529,#2124);
#1452=LINE('',#9533,#2125);
#1453=LINE('',#9535,#2126);
#1454=LINE('',#9537,#2127);
#1455=LINE('',#9538,#2128);
#1456=LINE('',#9540,#2129);
#1457=LINE('',#9544,#2130);
#1458=LINE('',#9547,#2131);
#1459=LINE('',#9562,#2132);
#1460=LINE('',#9566,#2133);
#1461=LINE('',#9577,#2134);
#1462=LINE('',#9578,#2135);
#1463=LINE('',#9583,#2136);
#1464=LINE('',#9584,#2137);
#1465=LINE('',#9589,#2138);
#1466=LINE('',#9590,#2139);
#1467=LINE('',#9592,#2140);
#1468=LINE('',#9596,#2141);
#1469=LINE('',#9599,#2142);
#1470=LINE('',#9601,#2143);
#1471=LINE('',#9603,#2144);
#1472=LINE('',#9605,#2145);
#1473=LINE('',#9606,#2146);
#1474=LINE('',#9608,#2147);
#1475=LINE('',#9612,#2148);
#1476=LINE('',#9616,#2149);
#1477=LINE('',#9620,#2150);
#1478=LINE('',#9622,#2151);
#1479=LINE('',#9626,#2152);
#1480=LINE('',#9628,#2153);
#1481=LINE('',#9631,#2154);
#1482=LINE('',#9632,#2155);
#1483=LINE('',#9635,#2156);
#1484=LINE('',#9637,#2157);
#1485=LINE('',#9638,#2158);
#1486=LINE('',#9641,#2159);
#1487=LINE('',#9642,#2160);
#1488=LINE('',#9646,#2161);
#1489=LINE('',#9648,#2162);
#1490=LINE('',#9650,#2163);
#1491=LINE('',#9652,#2164);
#1492=LINE('',#9653,#2165);
#1493=LINE('',#9654,#2166);
#1494=LINE('',#9657,#2167);
#1495=LINE('',#9659,#2168);
#1496=LINE('',#9661,#2169);
#1497=LINE('',#9662,#2170);
#1498=LINE('',#9667,#2171);
#1499=LINE('',#9671,#2172);
#1500=LINE('',#9675,#2173);
#1501=LINE('',#9678,#2174);
#1502=LINE('',#9681,#2175);
#1503=LINE('',#9683,#2176);
#1504=LINE('',#9684,#2177);
#1505=LINE('',#9687,#2178);
#1506=LINE('',#9688,#2179);
#1507=LINE('',#9691,#2180);
#1508=LINE('',#9692,#2181);
#1509=LINE('',#9695,#2182);
#1510=LINE('',#9696,#2183);
#1511=LINE('',#9699,#2184);
#1512=LINE('',#9700,#2185);
#1513=LINE('',#9702,#2186);
#1514=LINE('',#9703,#2187);
#1515=LINE('',#9705,#2188);
#1516=LINE('',#9706,#2189);
#1517=LINE('',#9708,#2190);
#1518=LINE('',#9711,#2191);
#1519=LINE('',#9713,#2192);
#1520=LINE('',#9714,#2193);
#1521=LINE('',#9718,#2194);
#1522=LINE('',#9720,#2195);
#1523=LINE('',#9722,#2196);
#1524=LINE('',#9723,#2197);
#1525=LINE('',#9727,#2198);
#1526=LINE('',#9729,#2199);
#1527=LINE('',#9731,#2200);
#1528=LINE('',#9732,#2201);
#1529=LINE('',#9735,#2202);
#1530=LINE('',#9737,#2203);
#1531=LINE('',#9738,#2204);
#1532=LINE('',#9740,#2205);
#1533=LINE('',#9741,#2206);
#1534=LINE('',#9742,#2207);
#1535=LINE('',#9743,#2208);
#1536=LINE('',#9746,#2209);
#1537=LINE('',#9748,#2210);
#1538=LINE('',#9749,#2211);
#1539=LINE('',#9751,#2212);
#1540=LINE('',#9753,#2213);
#1541=LINE('',#9755,#2214);
#1542=LINE('',#9756,#2215);
#1543=LINE('',#9759,#2216);
#1544=LINE('',#9760,#2217);
#1545=LINE('',#9762,#2218);
#1546=LINE('',#9776,#2219);
#1547=LINE('',#9777,#2220);
#1548=LINE('',#9788,#2221);
#1549=LINE('',#9789,#2222);
#1550=LINE('',#9794,#2223);
#1551=LINE('',#9795,#2224);
#1552=LINE('',#9807,#2225);
#1553=LINE('',#9809,#2226);
#1554=LINE('',#9813,#2227);
#1555=LINE('',#9816,#2228);
#1556=LINE('',#9818,#2229);
#1557=LINE('',#9819,#2230);
#1558=LINE('',#9824,#2231);
#1559=LINE('',#9825,#2232);
#1560=LINE('',#9828,#2233);
#1561=LINE('',#9830,#2234);
#1562=LINE('',#9832,#2235);
#1563=LINE('',#9834,#2236);
#1564=LINE('',#9835,#2237);
#1565=LINE('',#9838,#2238);
#1566=LINE('',#9842,#2239);
#1567=LINE('',#9844,#2240);
#1568=LINE('',#9848,#2241);
#1569=LINE('',#9852,#2242);
#1570=LINE('',#9854,#2243);
#1571=LINE('',#9855,#2244);
#1572=LINE('',#9856,#2245);
#1573=LINE('',#9859,#2246);
#1574=LINE('',#9861,#2247);
#1575=LINE('',#9863,#2248);
#1576=LINE('',#9865,#2249);
#1577=LINE('',#9867,#2250);
#1578=LINE('',#9868,#2251);
#1579=LINE('',#9870,#2252);
#1580=LINE('',#9875,#2253);
#1581=LINE('',#9890,#2254);
#1582=LINE('',#9895,#2255);
#1583=LINE('',#9896,#2256);
#1584=LINE('',#9900,#2257);
#1585=LINE('',#9911,#2258);
#1586=LINE('',#9912,#2259);
#1587=LINE('',#9914,#2260);
#1588=LINE('',#9919,#2261);
#1589=LINE('',#9920,#2262);
#1590=LINE('',#9922,#2263);
#1591=LINE('',#9924,#2264);
#1592=LINE('',#9926,#2265);
#1593=LINE('',#9927,#2266);
#1594=LINE('',#9928,#2267);
#1595=LINE('',#9930,#2268);
#1596=LINE('',#9932,#2269);
#1597=LINE('',#9933,#2270);
#1598=LINE('',#9934,#2271);
#1599=LINE('',#9935,#2272);
#1600=LINE('',#9938,#2273);
#1601=LINE('',#9940,#2274);
#1602=LINE('',#9942,#2275);
#1603=LINE('',#9944,#2276);
#1604=LINE('',#9946,#2277);
#1605=LINE('',#9948,#2278);
#1606=LINE('',#9949,#2279);
#1607=LINE('',#9951,#2280);
#1608=LINE('',#9955,#2281);
#1609=LINE('',#9956,#2282);
#1610=LINE('',#9957,#2283);
#1611=LINE('',#9961,#2284);
#1612=LINE('',#9962,#2285);
#1613=LINE('',#9963,#2286);
#1614=LINE('',#9965,#2287);
#1615=LINE('',#9969,#2288);
#1616=LINE('',#9971,#2289);
#1617=LINE('',#9972,#2290);
#1618=LINE('',#9976,#2291);
#1619=LINE('',#9980,#2292);
#1620=LINE('',#9984,#2293);
#1621=LINE('',#9987,#2294);
#1622=LINE('',#9990,#2295);
#1623=LINE('',#9992,#2296);
#1624=LINE('',#9995,#2297);
#1625=LINE('',#9996,#2298);
#1626=LINE('',#9999,#2299);
#1627=LINE('',#10001,#2300);
#1628=LINE('',#10002,#2301);
#1629=LINE('',#10005,#2302);
#1630=LINE('',#10007,#2303);
#1631=LINE('',#10009,#2304);
#1632=LINE('',#10011,#2305);
#1633=LINE('',#10012,#2306);
#1634=LINE('',#10014,#2307);
#1635=LINE('',#10016,#2308);
#1636=LINE('',#10017,#2309);
#1637=LINE('',#10019,#2310);
#1638=LINE('',#10021,#2311);
#1639=LINE('',#10023,#2312);
#1640=LINE('',#10025,#2313);
#1641=LINE('',#10026,#2314);
#1642=LINE('',#10029,#2315);
#1643=LINE('',#10031,#2316);
#1644=LINE('',#10033,#2317);
#1645=LINE('',#10035,#2318);
#1646=LINE('',#10037,#2319);
#1647=LINE('',#10038,#2320);
#1648=LINE('',#10041,#2321);
#1649=LINE('',#10043,#2322);
#1650=LINE('',#10045,#2323);
#1651=LINE('',#10046,#2324);
#1652=LINE('',#10052,#2325);
#1653=LINE('',#10056,#2326);
#1654=LINE('',#10059,#2327);
#1655=LINE('',#10062,#2328);
#1656=LINE('',#10063,#2329);
#1657=LINE('',#10066,#2330);
#1658=LINE('',#10067,#2331);
#1659=LINE('',#10069,#2332);
#1660=LINE('',#10072,#2333);
#1661=LINE('',#10073,#2334);
#1662=LINE('',#10075,#2335);
#1663=LINE('',#10078,#2336);
#1664=LINE('',#10079,#2337);
#1665=LINE('',#10081,#2338);
#1666=LINE('',#10084,#2339);
#1667=LINE('',#10085,#2340);
#1668=LINE('',#10086,#2341);
#1669=LINE('',#10087,#2342);
#1670=LINE('',#10089,#2343);
#1671=LINE('',#10090,#2344);
#1672=LINE('',#10091,#2345);
#1673=LINE('',#10093,#2346);
#1674=LINE('',#10094,#2347);
#1675=LINE('',#10096,#2348);
#1676=LINE('',#10097,#2349);
#1677=LINE('',#10098,#2350);
#1678=LINE('',#10102,#2351);
#1679=LINE('',#10106,#2352);
#1680=LINE('',#10110,#2353);
#1681=LINE('',#10112,#2354);
#1682=LINE('',#10115,#2355);
#1683=LINE('',#10116,#2356);
#1684=LINE('',#10119,#2357);
#1685=LINE('',#10121,#2358);
#1686=LINE('',#10123,#2359);
#1687=LINE('',#10125,#2360);
#1688=LINE('',#10127,#2361);
#1689=LINE('',#10129,#2362);
#1690=LINE('',#10131,#2363);
#1691=LINE('',#10133,#2364);
#1692=LINE('',#10135,#2365);
#1693=LINE('',#10137,#2366);
#1694=LINE('',#10139,#2367);
#1695=LINE('',#10140,#2368);
#1696=LINE('',#10142,#2369);
#1697=LINE('',#10144,#2370);
#1698=LINE('',#10145,#2371);
#1699=LINE('',#10148,#2372);
#1700=LINE('',#10152,#2373);
#1701=LINE('',#10156,#2374);
#1702=LINE('',#10160,#2375);
#1703=LINE('',#10162,#2376);
#1704=LINE('',#10163,#2377);
#1705=LINE('',#10166,#2378);
#1706=LINE('',#10168,#2379);
#1707=LINE('',#10169,#2380);
#1708=LINE('',#10173,#2381);
#1709=LINE('',#10175,#2382);
#1710=LINE('',#10177,#2383);
#1711=LINE('',#10178,#2384);
#1712=LINE('',#10180,#2385);
#1713=LINE('',#10181,#2386);
#1714=LINE('',#10183,#2387);
#1715=LINE('',#10185,#2388);
#1716=LINE('',#10187,#2389);
#1717=LINE('',#10189,#2390);
#1718=LINE('',#10190,#2391);
#1719=LINE('',#10193,#2392);
#1720=LINE('',#10200,#2393);
#1721=LINE('',#10206,#2394);
#1722=LINE('',#10207,#2395);
#1723=LINE('',#10208,#2396);
#1724=LINE('',#10218,#2397);
#1725=LINE('',#10226,#2398);
#1726=LINE('',#10229,#2399);
#1727=LINE('',#10238,#2400);
#1728=LINE('',#10247,#2401);
#1729=LINE('',#10248,#2402);
#1730=LINE('',#10256,#2403);
#1731=LINE('',#10264,#2404);
#1732=LINE('',#10266,#2405);
#1733=LINE('',#10282,#2406);
#1734=LINE('',#10283,#2407);
#1735=LINE('',#10285,#2408);
#1736=LINE('',#10286,#2409);
#1737=LINE('',#10302,#2410);
#1738=LINE('',#10304,#2411);
#1739=LINE('',#10305,#2412);
#1740=LINE('',#10307,#2413);
#1741=LINE('',#10309,#2414);
#1742=LINE('',#10310,#2415);
#1743=LINE('',#10312,#2416);
#1744=LINE('',#10316,#2417);
#1745=LINE('',#10318,#2418);
#1746=LINE('',#10321,#2419);
#1747=LINE('',#10323,#2420);
#1748=LINE('',#10325,#2421);
#1749=LINE('',#10327,#2422);
#1750=LINE('',#10329,#2423);
#1751=LINE('',#10332,#2424);
#1752=LINE('',#10334,#2425);
#1753=LINE('',#10336,#2426);
#1754=LINE('',#10339,#2427);
#1755=LINE('',#10340,#2428);
#1756=LINE('',#10342,#2429);
#1757=LINE('',#10344,#2430);
#1758=LINE('',#10345,#2431);
#1759=LINE('',#10347,#2432);
#1760=LINE('',#10350,#2433);
#1761=LINE('',#10352,#2434);
#1762=LINE('',#10355,#2435);
#1763=LINE('',#10358,#2436);
#1764=LINE('',#10360,#2437);
#1765=LINE('',#10364,#2438);
#1766=LINE('',#10365,#2439);
#1767=LINE('',#10367,#2440);
#1768=LINE('',#10370,#2441);
#1769=LINE('',#10371,#2442);
#1770=LINE('',#10374,#2443);
#1771=LINE('',#10375,#2444);
#1772=LINE('',#10377,#2445);
#1773=LINE('',#10379,#2446);
#1774=LINE('',#10380,#2447);
#1775=LINE('',#10382,#2448);
#1776=LINE('',#10383,#2449);
#1777=LINE('',#10384,#2450);
#1778=VECTOR('',#6929,1.6);
#1779=VECTOR('',#6932,10.);
#1780=VECTOR('',#6935,10.);
#1781=VECTOR('',#6942,0.75);
#1782=VECTOR('',#6951,0.75);
#1783=VECTOR('',#6960,0.75);
#1784=VECTOR('',#6969,0.75);
#1785=VECTOR('',#6978,10.);
#1786=VECTOR('',#6987,10.);
#1787=VECTOR('',#6990,10.);
#1788=VECTOR('',#6999,10.);
#1789=VECTOR('',#7002,10.);
#1790=VECTOR('',#7009,10.);
#1791=VECTOR('',#7012,10.);
#1792=VECTOR('',#7015,10.);
#1793=VECTOR('',#7018,10.);
#1794=VECTOR('',#7031,10.);
#1795=VECTOR('',#7034,10.);
#1796=VECTOR('',#7039,10.);
#1797=VECTOR('',#7046,10.);
#1798=VECTOR('',#7053,10.);
#1799=VECTOR('',#7056,10.);
#1800=VECTOR('',#7059,10.);
#1801=VECTOR('',#7062,10.);
#1802=VECTOR('',#7075,10.);
#1803=VECTOR('',#7078,10.);
#1804=VECTOR('',#7083,10.);
#1805=VECTOR('',#7090,10.);
#1806=VECTOR('',#7093,10.);
#1807=VECTOR('',#7096,10.);
#1808=VECTOR('',#7097,10.);
#1809=VECTOR('',#7098,10.);
#1810=VECTOR('',#7099,10.);
#1811=VECTOR('',#7100,10.);
#1812=VECTOR('',#7101,10.);
#1813=VECTOR('',#7102,10.);
#1814=VECTOR('',#7103,10.);
#1815=VECTOR('',#7104,10.);
#1816=VECTOR('',#7107,10.);
#1817=VECTOR('',#7108,10.);
#1818=VECTOR('',#7109,10.);
#1819=VECTOR('',#7112,10.);
#1820=VECTOR('',#7113,10.);
#1821=VECTOR('',#7114,10.);
#1822=VECTOR('',#7115,10.);
#1823=VECTOR('',#7116,10.);
#1824=VECTOR('',#7117,10.);
#1825=VECTOR('',#7118,10.);
#1826=VECTOR('',#7121,10.);
#1827=VECTOR('',#7124,10.);
#1828=VECTOR('',#7127,10.);
#1829=VECTOR('',#7130,10.);
#1830=VECTOR('',#7131,10.);
#1831=VECTOR('',#7132,10.);
#1832=VECTOR('',#7135,10.);
#1833=VECTOR('',#7136,10.);
#1834=VECTOR('',#7137,10.);
#1835=VECTOR('',#7140,10.);
#1836=VECTOR('',#7141,10.);
#1837=VECTOR('',#7144,10.);
#1838=VECTOR('',#7145,10.);
#1839=VECTOR('',#7146,10.);
#1840=VECTOR('',#7147,10.);
#1841=VECTOR('',#7148,10.);
#1842=VECTOR('',#7151,10.);
#1843=VECTOR('',#7152,10.);
#1844=VECTOR('',#7153,10.);
#1845=VECTOR('',#7156,10.);
#1846=VECTOR('',#7157,10.);
#1847=VECTOR('',#7160,10.);
#1848=VECTOR('',#7161,10.);
#1849=VECTOR('',#7164,10.);
#1850=VECTOR('',#7165,10.);
#1851=VECTOR('',#7166,10.);
#1852=VECTOR('',#7167,10.);
#1853=VECTOR('',#7168,10.);
#1854=VECTOR('',#7169,10.);
#1855=VECTOR('',#7172,10.);
#1856=VECTOR('',#7173,10.);
#1857=VECTOR('',#7176,10.);
#1858=VECTOR('',#7177,10.);
#1859=VECTOR('',#7180,10.);
#1860=VECTOR('',#7181,10.);
#1861=VECTOR('',#7184,10.);
#1862=VECTOR('',#7185,10.);
#1863=VECTOR('',#7186,10.);
#1864=VECTOR('',#7187,10.);
#1865=VECTOR('',#7188,10.);
#1866=VECTOR('',#7189,10.);
#1867=VECTOR('',#7192,10.);
#1868=VECTOR('',#7193,10.);
#1869=VECTOR('',#7196,10.);
#1870=VECTOR('',#7197,10.);
#1871=VECTOR('',#7198,10.);
#1872=VECTOR('',#7201,10.);
#1873=VECTOR('',#7202,10.);
#1874=VECTOR('',#7203,10.);
#1875=VECTOR('',#7206,10.);
#1876=VECTOR('',#7207,10.);
#1877=VECTOR('',#7208,10.);
#1878=VECTOR('',#7209,10.);
#1879=VECTOR('',#7210,10.);
#1880=VECTOR('',#7211,10.);
#1881=VECTOR('',#7212,10.);
#1882=VECTOR('',#7215,10.);
#1883=VECTOR('',#7218,10.);
#1884=VECTOR('',#7221,10.);
#1885=VECTOR('',#7222,10.);
#1886=VECTOR('',#7223,10.);
#1887=VECTOR('',#7224,10.);
#1888=VECTOR('',#7227,10.);
#1889=VECTOR('',#7230,10.);
#1890=VECTOR('',#7231,10.);
#1891=VECTOR('',#7232,10.);
#1892=VECTOR('',#7233,10.);
#1893=VECTOR('',#7234,10.);
#1894=VECTOR('',#7235,10.);
#1895=VECTOR('',#7238,10.);
#1896=VECTOR('',#7241,10.);
#1897=VECTOR('',#7242,10.);
#1898=VECTOR('',#7245,10.);
#1899=VECTOR('',#7246,10.);
#1900=VECTOR('',#7247,10.);
#1901=VECTOR('',#7248,10.);
#1902=VECTOR('',#7251,10.);
#1903=VECTOR('',#7252,10.);
#1904=VECTOR('',#7255,10.);
#1905=VECTOR('',#7256,10.);
#1906=VECTOR('',#7259,10.);
#1907=VECTOR('',#7260,10.);
#1908=VECTOR('',#7263,10.);
#1909=VECTOR('',#7266,10.);
#1910=VECTOR('',#7269,10.);
#1911=VECTOR('',#7272,10.);
#1912=VECTOR('',#7273,10.);
#1913=VECTOR('',#7278,10.);
#1914=VECTOR('',#7279,10.);
#1915=VECTOR('',#7282,10.);
#1916=VECTOR('',#7285,10.);
#1917=VECTOR('',#7288,10.);
#1918=VECTOR('',#7291,10.);
#1919=VECTOR('',#7294,10.);
#1920=VECTOR('',#7297,10.);
#1921=VECTOR('',#7300,10.);
#1922=VECTOR('',#7303,10.);
#1923=VECTOR('',#7306,10.);
#1924=VECTOR('',#7309,10.);
#1925=VECTOR('',#7310,10.);
#1926=VECTOR('',#7313,10.);
#1927=VECTOR('',#7316,10.);
#1928=VECTOR('',#7319,10.);
#1929=VECTOR('',#7320,10.);
#1930=VECTOR('',#7323,10.);
#1931=VECTOR('',#7326,10.);
#1932=VECTOR('',#7329,10.);
#1933=VECTOR('',#7332,10.);
#1934=VECTOR('',#7335,10.);
#1935=VECTOR('',#7338,10.);
#1936=VECTOR('',#7341,10.);
#1937=VECTOR('',#7342,10.);
#1938=VECTOR('',#7343,10.);
#1939=VECTOR('',#7344,10.);
#1940=VECTOR('',#7351,10.);
#1941=VECTOR('',#7354,10.);
#1942=VECTOR('',#7355,10.);
#1943=VECTOR('',#7356,10.);
#1944=VECTOR('',#7363,10.);
#1945=VECTOR('',#7366,10.);
#1946=VECTOR('',#7367,10.);
#1947=VECTOR('',#7368,10.);
#1948=VECTOR('',#7371,10.);
#1949=VECTOR('',#7372,10.);
#1950=VECTOR('',#7373,10.);
#1951=VECTOR('',#7376,10.);
#1952=VECTOR('',#7377,10.);
#1953=VECTOR('',#7378,10.);
#1954=VECTOR('',#7379,10.);
#1955=VECTOR('',#7382,10.);
#1956=VECTOR('',#7383,10.);
#1957=VECTOR('',#7384,10.);
#1958=VECTOR('',#7387,10.);
#1959=VECTOR('',#7388,10.);
#1960=VECTOR('',#7389,10.);
#1961=VECTOR('',#7392,10.);
#1962=VECTOR('',#7393,10.);
#1963=VECTOR('',#7394,10.);
#1964=VECTOR('',#7397,10.);
#1965=VECTOR('',#7398,10.);
#1966=VECTOR('',#7401,10.);
#1967=VECTOR('',#7402,10.);
#1968=VECTOR('',#7405,10.);
#1969=VECTOR('',#7406,10.);
#1970=VECTOR('',#7407,10.);
#1971=VECTOR('',#7408,10.);
#1972=VECTOR('',#7415,10.);
#1973=VECTOR('',#7418,10.);
#1974=VECTOR('',#7419,10.);
#1975=VECTOR('',#7420,10.);
#1976=VECTOR('',#7427,10.);
#1977=VECTOR('',#7430,10.);
#1978=VECTOR('',#7431,10.);
#1979=VECTOR('',#7432,10.);
#1980=VECTOR('',#7435,10.);
#1981=VECTOR('',#7436,10.);
#1982=VECTOR('',#7437,10.);
#1983=VECTOR('',#7440,10.);
#1984=VECTOR('',#7441,10.);
#1985=VECTOR('',#7442,10.);
#1986=VECTOR('',#7443,10.);
#1987=VECTOR('',#7446,10.);
#1988=VECTOR('',#7447,10.);
#1989=VECTOR('',#7448,10.);
#1990=VECTOR('',#7451,10.);
#1991=VECTOR('',#7452,10.);
#1992=VECTOR('',#7453,10.);
#1993=VECTOR('',#7456,10.);
#1994=VECTOR('',#7457,10.);
#1995=VECTOR('',#7458,10.);
#1996=VECTOR('',#7461,10.);
#1997=VECTOR('',#7462,10.);
#1998=VECTOR('',#7465,10.);
#1999=VECTOR('',#7466,10.);
#2000=VECTOR('',#7469,10.);
#2001=VECTOR('',#7472,10.);
#2002=VECTOR('',#7473,10.);
#2003=VECTOR('',#7474,10.);
#2004=VECTOR('',#7477,10.);
#2005=VECTOR('',#7480,10.);
#2006=VECTOR('',#7483,10.);
#2007=VECTOR('',#7484,10.);
#2008=VECTOR('',#7487,10.);
#2009=VECTOR('',#7488,10.);
#2010=VECTOR('',#7493,10.);
#2011=VECTOR('',#7496,10.);
#2012=VECTOR('',#7497,10.);
#2013=VECTOR('',#7498,10.);
#2014=VECTOR('',#7499,10.);
#2015=VECTOR('',#7500,10.);
#2016=VECTOR('',#7501,10.);
#2017=VECTOR('',#7502,10.);
#2018=VECTOR('',#7503,10.);
#2019=VECTOR('',#7504,10.);
#2020=VECTOR('',#7505,10.);
#2021=VECTOR('',#7506,10.);
#2022=VECTOR('',#7507,10.);
#2023=VECTOR('',#7508,10.);
#2024=VECTOR('',#7509,10.);
#2025=VECTOR('',#7510,10.);
#2026=VECTOR('',#7511,10.);
#2027=VECTOR('',#7512,10.);
#2028=VECTOR('',#7513,10.);
#2029=VECTOR('',#7514,10.);
#2030=VECTOR('',#7515,10.);
#2031=VECTOR('',#7516,10.);
#2032=VECTOR('',#7517,10.);
#2033=VECTOR('',#7518,10.);
#2034=VECTOR('',#7519,10.);
#2035=VECTOR('',#7520,10.);
#2036=VECTOR('',#7521,10.);
#2037=VECTOR('',#7522,10.);
#2038=VECTOR('',#7523,10.);
#2039=VECTOR('',#7524,10.);
#2040=VECTOR('',#7525,10.);
#2041=VECTOR('',#7526,10.);
#2042=VECTOR('',#7527,10.);
#2043=VECTOR('',#7530,10.);
#2044=VECTOR('',#7531,10.);
#2045=VECTOR('',#7532,10.);
#2046=VECTOR('',#7533,10.);
#2047=VECTOR('',#7534,10.);
#2048=VECTOR('',#7535,10.);
#2049=VECTOR('',#7536,10.);
#2050=VECTOR('',#7539,10.);
#2051=VECTOR('',#7542,10.);
#2052=VECTOR('',#7547,10.);
#2053=VECTOR('',#7548,10.);
#2054=VECTOR('',#7553,10.);
#2055=VECTOR('',#7556,10.);
#2056=VECTOR('',#7559,10.);
#2057=VECTOR('',#7560,10.);
#2058=VECTOR('',#7561,10.);
#2059=VECTOR('',#7562,10.);
#2060=VECTOR('',#7563,10.);
#2061=VECTOR('',#7566,10.);
#2062=VECTOR('',#7567,10.);
#2063=VECTOR('',#7570,10.);
#2064=VECTOR('',#7571,10.);
#2065=VECTOR('',#7572,10.);
#2066=VECTOR('',#7573,10.);
#2067=VECTOR('',#7576,10.);
#2068=VECTOR('',#7579,10.);
#2069=VECTOR('',#7584,10.);
#2070=VECTOR('',#7585,10.);
#2071=VECTOR('',#7590,10.);
#2072=VECTOR('',#7593,10.);
#2073=VECTOR('',#7596,10.);
#2074=VECTOR('',#7597,10.);
#2075=VECTOR('',#7598,10.);
#2076=VECTOR('',#7599,10.);
#2077=VECTOR('',#7600,10.);
#2078=VECTOR('',#7603,10.);
#2079=VECTOR('',#7604,10.);
#2080=VECTOR('',#7607,10.);
#2081=VECTOR('',#7608,10.);
#2082=VECTOR('',#7609,10.);
#2083=VECTOR('',#7610,10.);
#2084=VECTOR('',#7613,10.);
#2085=VECTOR('',#7614,10.);
#2086=VECTOR('',#7619,10.);
#2087=VECTOR('',#7622,10.);
#2088=VECTOR('',#7625,10.);
#2089=VECTOR('',#7628,10.);
#2090=VECTOR('',#7631,10.);
#2091=VECTOR('',#7634,10.);
#2092=VECTOR('',#7635,10.);
#2093=VECTOR('',#7636,10.);
#2094=VECTOR('',#7639,10.);
#2095=VECTOR('',#7640,10.);
#2096=VECTOR('',#7643,10.);
#2097=VECTOR('',#7644,10.);
#2098=VECTOR('',#7645,10.);
#2099=VECTOR('',#7648,10.);
#2100=VECTOR('',#7651,10.);
#2101=VECTOR('',#7654,10.);
#2102=VECTOR('',#7669,10.);
#2103=VECTOR('',#7672,10.);
#2104=VECTOR('',#7683,10.);
#2105=VECTOR('',#7684,10.);
#2106=VECTOR('',#7697,10.);
#2107=VECTOR('',#7698,10.);
#2108=VECTOR('',#7701,10.);
#2109=VECTOR('',#7704,10.);
#2110=VECTOR('',#7709,10.);
#2111=VECTOR('',#7710,10.);
#2112=VECTOR('',#7715,10.);
#2113=VECTOR('',#7716,10.);
#2114=VECTOR('',#7721,10.);
#2115=VECTOR('',#7722,10.);
#2116=VECTOR('',#7725,10.);
#2117=VECTOR('',#7726,10.);
#2118=VECTOR('',#7727,10.);
#2119=VECTOR('',#7728,10.);
#2120=VECTOR('',#7729,10.);
#2121=VECTOR('',#7732,10.);
#2122=VECTOR('',#7735,10.);
#2123=VECTOR('',#7736,10.);
#2124=VECTOR('',#7739,10.);
#2125=VECTOR('',#7744,10.);
#2126=VECTOR('',#7745,10.);
#2127=VECTOR('',#7746,10.);
#2128=VECTOR('',#7747,10.);
#2129=VECTOR('',#7750,10.);
#2130=VECTOR('',#7753,10.);
#2131=VECTOR('',#7756,10.);
#2132=VECTOR('',#7777,10.);
#2133=VECTOR('',#7782,10.);
#2134=VECTOR('',#7795,10.);
#2135=VECTOR('',#7796,10.);
#2136=VECTOR('',#7801,10.);
#2137=VECTOR('',#7802,10.);
#2138=VECTOR('',#7807,10.);
#2139=VECTOR('',#7808,10.);
#2140=VECTOR('',#7811,10.);
#2141=VECTOR('',#7816,10.);
#2142=VECTOR('',#7819,10.);
#2143=VECTOR('',#7820,10.);
#2144=VECTOR('',#7821,10.);
#2145=VECTOR('',#7822,10.);
#2146=VECTOR('',#7823,10.);
#2147=VECTOR('',#7826,10.);
#2148=VECTOR('',#7829,10.);
#2149=VECTOR('',#7832,10.);
#2150=VECTOR('',#7837,10.);
#2151=VECTOR('',#7838,10.);
#2152=VECTOR('',#7843,10.);
#2153=VECTOR('',#7844,10.);
#2154=VECTOR('',#7849,10.);
#2155=VECTOR('',#7850,10.);
#2156=VECTOR('',#7853,10.);
#2157=VECTOR('',#7854,10.);
#2158=VECTOR('',#7855,10.);
#2159=VECTOR('',#7858,10.);
#2160=VECTOR('',#7859,10.);
#2161=VECTOR('',#7862,10.);
#2162=VECTOR('',#7863,10.);
#2163=VECTOR('',#7864,10.);
#2164=VECTOR('',#7865,10.);
#2165=VECTOR('',#7866,10.);
#2166=VECTOR('',#7867,10.);
#2167=VECTOR('',#7868,10.);
#2168=VECTOR('',#7869,10.);
#2169=VECTOR('',#7870,10.);
#2170=VECTOR('',#7871,10.);
#2171=VECTOR('',#7876,10.);
#2172=VECTOR('',#7881,10.);
#2173=VECTOR('',#7886,10.);
#2174=VECTOR('',#7891,10.);
#2175=VECTOR('',#7894,10.);
#2176=VECTOR('',#7895,10.);
#2177=VECTOR('',#7896,10.);
#2178=VECTOR('',#7899,10.);
#2179=VECTOR('',#7900,10.);
#2180=VECTOR('',#7903,10.);
#2181=VECTOR('',#7904,10.);
#2182=VECTOR('',#7907,10.);
#2183=VECTOR('',#7908,10.);
#2184=VECTOR('',#7911,10.);
#2185=VECTOR('',#7912,10.);
#2186=VECTOR('',#7915,10.);
#2187=VECTOR('',#7916,10.);
#2188=VECTOR('',#7917,10.);
#2189=VECTOR('',#7918,10.);
#2190=VECTOR('',#7921,10.);
#2191=VECTOR('',#7924,10.);
#2192=VECTOR('',#7925,10.);
#2193=VECTOR('',#7926,10.);
#2194=VECTOR('',#7929,10.);
#2195=VECTOR('',#7930,10.);
#2196=VECTOR('',#7931,10.);
#2197=VECTOR('',#7932,10.);
#2198=VECTOR('',#7935,10.);
#2199=VECTOR('',#7936,10.);
#2200=VECTOR('',#7937,10.);
#2201=VECTOR('',#7938,10.);
#2202=VECTOR('',#7941,10.);
#2203=VECTOR('',#7942,10.);
#2204=VECTOR('',#7943,10.);
#2205=VECTOR('',#7946,10.);
#2206=VECTOR('',#7947,10.);
#2207=VECTOR('',#7948,10.);
#2208=VECTOR('',#7949,10.);
#2209=VECTOR('',#7952,10.);
#2210=VECTOR('',#7953,10.);
#2211=VECTOR('',#7954,10.);
#2212=VECTOR('',#7955,10.);
#2213=VECTOR('',#7956,10.);
#2214=VECTOR('',#7957,10.);
#2215=VECTOR('',#7958,10.);
#2216=VECTOR('',#7961,10.);
#2217=VECTOR('',#7962,10.);
#2218=VECTOR('',#7965,10.);
#2219=VECTOR('',#7980,10.);
#2220=VECTOR('',#7981,10.);
#2221=VECTOR('',#7994,10.);
#2222=VECTOR('',#7995,10.);
#2223=VECTOR('',#8000,10.);
#2224=VECTOR('',#8001,10.);
#2225=VECTOR('',#8014,10.);
#2226=VECTOR('',#8015,10.);
#2227=VECTOR('',#8020,10.);
#2228=VECTOR('',#8023,10.);
#2229=VECTOR('',#8026,10.);
#2230=VECTOR('',#8027,10.);
#2231=VECTOR('',#8032,10.);
#2232=VECTOR('',#8033,10.);
#2233=VECTOR('',#8036,10.);
#2234=VECTOR('',#8037,10.);
#2235=VECTOR('',#8038,10.);
#2236=VECTOR('',#8039,10.);
#2237=VECTOR('',#8040,10.);
#2238=VECTOR('',#8043,10.);
#2239=VECTOR('',#8048,10.);
#2240=VECTOR('',#8049,10.);
#2241=VECTOR('',#8052,10.);
#2242=VECTOR('',#8055,10.);
#2243=VECTOR('',#8056,10.);
#2244=VECTOR('',#8057,10.);
#2245=VECTOR('',#8058,10.);
#2246=VECTOR('',#8061,10.);
#2247=VECTOR('',#8062,10.);
#2248=VECTOR('',#8063,10.);
#2249=VECTOR('',#8064,10.);
#2250=VECTOR('',#8065,10.);
#2251=VECTOR('',#8066,10.);
#2252=VECTOR('',#8069,10.);
#2253=VECTOR('',#8074,10.);
#2254=VECTOR('',#8095,10.);
#2255=VECTOR('',#8100,10.);
#2256=VECTOR('',#8101,10.);
#2257=VECTOR('',#8106,10.);
#2258=VECTOR('',#8119,10.);
#2259=VECTOR('',#8120,10.);
#2260=VECTOR('',#8123,10.);
#2261=VECTOR('',#8128,10.);
#2262=VECTOR('',#8129,10.);
#2263=VECTOR('',#8132,10.);
#2264=VECTOR('',#8135,10.);
#2265=VECTOR('',#8138,10.);
#2266=VECTOR('',#8139,10.);
#2267=VECTOR('',#8140,10.);
#2268=VECTOR('',#8141,10.);
#2269=VECTOR('',#8142,10.);
#2270=VECTOR('',#8143,10.);
#2271=VECTOR('',#8144,10.);
#2272=VECTOR('',#8145,10.);
#2273=VECTOR('',#8148,10.);
#2274=VECTOR('',#8149,10.);
#2275=VECTOR('',#8150,10.);
#2276=VECTOR('',#8151,10.);
#2277=VECTOR('',#8152,10.);
#2278=VECTOR('',#8153,10.);
#2279=VECTOR('',#8154,10.);
#2280=VECTOR('',#8157,10.);
#2281=VECTOR('',#8160,10.);
#2282=VECTOR('',#8161,10.);
#2283=VECTOR('',#8162,10.);
#2284=VECTOR('',#8165,10.);
#2285=VECTOR('',#8166,10.);
#2286=VECTOR('',#8167,10.);
#2287=VECTOR('',#8170,10.);
#2288=VECTOR('',#8175,10.);
#2289=VECTOR('',#8176,10.);
#2290=VECTOR('',#8177,10.);
#2291=VECTOR('',#8180,10.);
#2292=VECTOR('',#8183,10.);
#2293=VECTOR('',#8188,10.);
#2294=VECTOR('',#8191,10.);
#2295=VECTOR('',#8194,10.);
#2296=VECTOR('',#8195,10.);
#2297=VECTOR('',#8200,10.);
#2298=VECTOR('',#8201,10.);
#2299=VECTOR('',#8204,10.);
#2300=VECTOR('',#8205,10.);
#2301=VECTOR('',#8206,10.);
#2302=VECTOR('',#8209,10.);
#2303=VECTOR('',#8210,10.);
#2304=VECTOR('',#8211,10.);
#2305=VECTOR('',#8212,10.);
#2306=VECTOR('',#8213,10.);
#2307=VECTOR('',#8214,10.);
#2308=VECTOR('',#8215,10.);
#2309=VECTOR('',#8216,10.);
#2310=VECTOR('',#8217,10.);
#2311=VECTOR('',#8218,10.);
#2312=VECTOR('',#8219,10.);
#2313=VECTOR('',#8220,10.);
#2314=VECTOR('',#8221,10.);
#2315=VECTOR('',#8224,10.);
#2316=VECTOR('',#8225,10.);
#2317=VECTOR('',#8226,10.);
#2318=VECTOR('',#8227,10.);
#2319=VECTOR('',#8228,10.);
#2320=VECTOR('',#8229,10.);
#2321=VECTOR('',#8230,10.);
#2322=VECTOR('',#8231,10.);
#2323=VECTOR('',#8232,10.);
#2324=VECTOR('',#8233,10.);
#2325=VECTOR('',#8242,10.);
#2326=VECTOR('',#8247,10.);
#2327=VECTOR('',#8252,10.);
#2328=VECTOR('',#8255,10.);
#2329=VECTOR('',#8256,10.);
#2330=VECTOR('',#8259,10.);
#2331=VECTOR('',#8260,10.);
#2332=VECTOR('',#8263,10.);
#2333=VECTOR('',#8266,10.);
#2334=VECTOR('',#8267,10.);
#2335=VECTOR('',#8270,10.);
#2336=VECTOR('',#8273,10.);
#2337=VECTOR('',#8274,10.);
#2338=VECTOR('',#8277,10.);
#2339=VECTOR('',#8280,10.);
#2340=VECTOR('',#8281,10.);
#2341=VECTOR('',#8282,10.);
#2342=VECTOR('',#8283,10.);
#2343=VECTOR('',#8284,10.);
#2344=VECTOR('',#8285,10.);
#2345=VECTOR('',#8286,10.);
#2346=VECTOR('',#8287,10.);
#2347=VECTOR('',#8288,10.);
#2348=VECTOR('',#8289,10.);
#2349=VECTOR('',#8290,10.);
#2350=VECTOR('',#8291,10.);
#2351=VECTOR('',#8294,10.);
#2352=VECTOR('',#8297,10.);
#2353=VECTOR('',#8302,10.);
#2354=VECTOR('',#8303,10.);
#2355=VECTOR('',#8308,10.);
#2356=VECTOR('',#8309,10.);
#2357=VECTOR('',#8312,10.);
#2358=VECTOR('',#8313,10.);
#2359=VECTOR('',#8314,10.);
#2360=VECTOR('',#8315,10.);
#2361=VECTOR('',#8316,10.);
#2362=VECTOR('',#8317,10.);
#2363=VECTOR('',#8318,10.);
#2364=VECTOR('',#8319,10.);
#2365=VECTOR('',#8320,10.);
#2366=VECTOR('',#8321,10.);
#2367=VECTOR('',#8322,10.);
#2368=VECTOR('',#8323,10.);
#2369=VECTOR('',#8324,10.);
#2370=VECTOR('',#8325,10.);
#2371=VECTOR('',#8326,10.);
#2372=VECTOR('',#8329,10.);
#2373=VECTOR('',#8334,10.);
#2374=VECTOR('',#8339,10.);
#2375=VECTOR('',#8344,10.);
#2376=VECTOR('',#8345,10.);
#2377=VECTOR('',#8346,10.);
#2378=VECTOR('',#8349,10.);
#2379=VECTOR('',#8350,10.);
#2380=VECTOR('',#8351,10.);
#2381=VECTOR('',#8354,10.);
#2382=VECTOR('',#8355,10.);
#2383=VECTOR('',#8356,10.);
#2384=VECTOR('',#8357,10.);
#2385=VECTOR('',#8360,10.);
#2386=VECTOR('',#8361,10.);
#2387=VECTOR('',#8364,10.);
#2388=VECTOR('',#8367,10.);
#2389=VECTOR('',#8370,10.);
#2390=VECTOR('',#8373,10.);
#2391=VECTOR('',#8374,10.);
#2392=VECTOR('',#8379,10.);
#2393=VECTOR('',#8390,10.);
#2394=VECTOR('',#8399,10.);
#2395=VECTOR('',#8400,10.);
#2396=VECTOR('',#8401,10.);
#2397=VECTOR('',#8418,10.);
#2398=VECTOR('',#8429,10.);
#2399=VECTOR('',#8434,10.);
#2400=VECTOR('',#8445,10.);
#2401=VECTOR('',#8458,10.);
#2402=VECTOR('',#8459,10.);
#2403=VECTOR('',#8470,10.);
#2404=VECTOR('',#8483,10.);
#2405=VECTOR('',#8486,10.);
#2406=VECTOR('',#8505,10.);
#2407=VECTOR('',#8506,10.);
#2408=VECTOR('',#8509,10.);
#2409=VECTOR('',#8510,10.);
#2410=VECTOR('',#8533,10.);
#2411=VECTOR('',#8536,10.);
#2412=VECTOR('',#8537,10.);
#2413=VECTOR('',#8540,10.);
#2414=VECTOR('',#8543,10.);
#2415=VECTOR('',#8544,10.);
#2416=VECTOR('',#8547,10.);
#2417=VECTOR('',#8554,10.);
#2418=VECTOR('',#8555,10.);
#2419=VECTOR('',#8560,10.);
#2420=VECTOR('',#8563,10.);
#2421=VECTOR('',#8566,10.);
#2422=VECTOR('',#8569,10.);
#2423=VECTOR('',#8570,10.);
#2424=VECTOR('',#8575,10.);
#2425=VECTOR('',#8578,10.);
#2426=VECTOR('',#8581,10.);
#2427=VECTOR('',#8584,10.);
#2428=VECTOR('',#8585,10.);
#2429=VECTOR('',#8586,10.);
#2430=VECTOR('',#8587,10.);
#2431=VECTOR('',#8588,10.);
#2432=VECTOR('',#8591,10.);
#2433=VECTOR('',#8596,10.);
#2434=VECTOR('',#8599,10.);
#2435=VECTOR('',#8604,10.);
#2436=VECTOR('',#8609,10.);
#2437=VECTOR('',#8612,10.);
#2438=VECTOR('',#8617,10.);
#2439=VECTOR('',#8618,10.);
#2440=VECTOR('',#8621,10.);
#2441=VECTOR('',#8624,10.);
#2442=VECTOR('',#8625,10.);
#2443=VECTOR('',#8628,10.);
#2444=VECTOR('',#8629,10.);
#2445=VECTOR('',#8632,10.);
#2446=VECTOR('',#8635,10.);
#2447=VECTOR('',#8636,10.);
#2448=VECTOR('',#8639,10.);
#2449=VECTOR('',#8640,10.);
#2450=VECTOR('',#8641,10.);
#2451=VERTEX_POINT('',#8654);
#2452=VERTEX_POINT('',#8655);
#2453=VERTEX_POINT('',#8657);
#2454=VERTEX_POINT('',#8659);
#2455=VERTEX_POINT('',#8661);
#2456=VERTEX_POINT('',#8663);
#2457=VERTEX_POINT('',#8667);
#2458=VERTEX_POINT('',#8669);
#2459=VERTEX_POINT('',#8674);
#2460=VERTEX_POINT('',#8676);
#2461=VERTEX_POINT('',#8681);
#2462=VERTEX_POINT('',#8683);
#2463=VERTEX_POINT('',#8688);
#2464=VERTEX_POINT('',#8690);
#2465=VERTEX_POINT('',#8695);
#2466=VERTEX_POINT('',#8697);
#2467=VERTEX_POINT('',#8703);
#2468=VERTEX_POINT('',#8704);
#2469=VERTEX_POINT('',#8706);
#2470=VERTEX_POINT('',#8708);
#2471=VERTEX_POINT('',#8713);
#2472=VERTEX_POINT('',#8715);
#2473=VERTEX_POINT('',#8717);
#2474=VERTEX_POINT('',#8719);
#2475=VERTEX_POINT('',#8724);
#2476=VERTEX_POINT('',#8725);
#2477=VERTEX_POINT('',#8727);
#2478=VERTEX_POINT('',#8729);
#2479=VERTEX_POINT('',#8731);
#2480=VERTEX_POINT('',#8733);
#2481=VERTEX_POINT('',#8735);
#2482=VERTEX_POINT('',#8737);
#2483=VERTEX_POINT('',#8745);
#2484=VERTEX_POINT('',#8746);
#2485=VERTEX_POINT('',#8748);
#2486=VERTEX_POINT('',#8750);
#2487=VERTEX_POINT('',#8754);
#2488=VERTEX_POINT('',#8755);
#2489=VERTEX_POINT('',#8759);
#2490=VERTEX_POINT('',#8761);
#2491=VERTEX_POINT('',#8766);
#2492=VERTEX_POINT('',#8767);
#2493=VERTEX_POINT('',#8769);
#2494=VERTEX_POINT('',#8771);
#2495=VERTEX_POINT('',#8773);
#2496=VERTEX_POINT('',#8775);
#2497=VERTEX_POINT('',#8777);
#2498=VERTEX_POINT('',#8779);
#2499=VERTEX_POINT('',#8787);
#2500=VERTEX_POINT('',#8788);
#2501=VERTEX_POINT('',#8790);
#2502=VERTEX_POINT('',#8792);
#2503=VERTEX_POINT('',#8795);
#2504=VERTEX_POINT('',#8797);
#2505=VERTEX_POINT('',#8802);
#2506=VERTEX_POINT('',#8804);
#2507=VERTEX_POINT('',#8806);
#2508=VERTEX_POINT('',#8808);
#2509=VERTEX_POINT('',#8810);
#2510=VERTEX_POINT('',#8812);
#2511=VERTEX_POINT('',#8814);
#2512=VERTEX_POINT('',#8816);
#2513=VERTEX_POINT('',#8818);
#2514=VERTEX_POINT('',#8820);
#2515=VERTEX_POINT('',#8822);
#2516=VERTEX_POINT('',#8824);
#2517=VERTEX_POINT('',#8828);
#2518=VERTEX_POINT('',#8830);
#2519=VERTEX_POINT('',#8834);
#2520=VERTEX_POINT('',#8836);
#2521=VERTEX_POINT('',#8838);
#2522=VERTEX_POINT('',#8840);
#2523=VERTEX_POINT('',#8842);
#2524=VERTEX_POINT('',#8844);
#2525=VERTEX_POINT('',#8846);
#2526=VERTEX_POINT('',#8848);
#2527=VERTEX_POINT('',#8850);
#2528=VERTEX_POINT('',#8852);
#2529=VERTEX_POINT('',#8858);
#2530=VERTEX_POINT('',#8860);
#2531=VERTEX_POINT('',#8864);
#2532=VERTEX_POINT('',#8866);
#2533=VERTEX_POINT('',#8870);
#2534=VERTEX_POINT('',#8874);
#2535=VERTEX_POINT('',#8875);
#2536=VERTEX_POINT('',#8878);
#2537=VERTEX_POINT('',#8880);
#2538=VERTEX_POINT('',#8884);
#2539=VERTEX_POINT('',#8886);
#2540=VERTEX_POINT('',#8890);
#2541=VERTEX_POINT('',#8894);
#2542=VERTEX_POINT('',#8898);
#2543=VERTEX_POINT('',#8899);
#2544=VERTEX_POINT('',#8901);
#2545=VERTEX_POINT('',#8903);
#2546=VERTEX_POINT('',#8906);
#2547=VERTEX_POINT('',#8910);
#2548=VERTEX_POINT('',#8914);
#2549=VERTEX_POINT('',#8918);
#2550=VERTEX_POINT('',#8922);
#2551=VERTEX_POINT('',#8924);
#2552=VERTEX_POINT('',#8926);
#2553=VERTEX_POINT('',#8928);
#2554=VERTEX_POINT('',#8930);
#2555=VERTEX_POINT('',#8934);
#2556=VERTEX_POINT('',#8938);
#2557=VERTEX_POINT('',#8940);
#2558=VERTEX_POINT('',#8944);
#2559=VERTEX_POINT('',#8946);
#2560=VERTEX_POINT('',#8950);
#2561=VERTEX_POINT('',#8952);
#2562=VERTEX_POINT('',#8954);
#2563=VERTEX_POINT('',#8956);
#2564=VERTEX_POINT('',#8958);
#2565=VERTEX_POINT('',#8960);
#2566=VERTEX_POINT('',#8962);
#2567=VERTEX_POINT('',#8964);
#2568=VERTEX_POINT('',#8966);
#2569=VERTEX_POINT('',#8968);
#2570=VERTEX_POINT('',#8972);
#2571=VERTEX_POINT('',#8973);
#2572=VERTEX_POINT('',#8975);
#2573=VERTEX_POINT('',#8978);
#2574=VERTEX_POINT('',#8980);
#2575=VERTEX_POINT('',#8982);
#2576=VERTEX_POINT('',#8984);
#2577=VERTEX_POINT('',#8986);
#2578=VERTEX_POINT('',#8988);
#2579=VERTEX_POINT('',#8990);
#2580=VERTEX_POINT('',#8992);
#2581=VERTEX_POINT('',#8994);
#2582=VERTEX_POINT('',#9000);
#2583=VERTEX_POINT('',#9004);
#2584=VERTEX_POINT('',#9005);
#2585=VERTEX_POINT('',#9007);
#2586=VERTEX_POINT('',#9009);
#2587=VERTEX_POINT('',#9013);
#2588=VERTEX_POINT('',#9020);
#2589=VERTEX_POINT('',#9062);
#2590=VERTEX_POINT('',#9078);
#2591=VERTEX_POINT('',#9079);
#2592=VERTEX_POINT('',#9081);
#2593=VERTEX_POINT('',#9083);
#2594=VERTEX_POINT('',#9087);
#2595=VERTEX_POINT('',#9089);
#2596=VERTEX_POINT('',#9093);
#2597=VERTEX_POINT('',#9095);
#2598=VERTEX_POINT('',#9099);
#2599=VERTEX_POINT('',#9101);
#2600=VERTEX_POINT('',#9105);
#2601=VERTEX_POINT('',#9107);
#2602=VERTEX_POINT('',#9111);
#2603=VERTEX_POINT('',#9113);
#2604=VERTEX_POINT('',#9117);
#2605=VERTEX_POINT('',#9118);
#2606=VERTEX_POINT('',#9120);
#2607=VERTEX_POINT('',#9122);
#2608=VERTEX_POINT('',#9126);
#2609=VERTEX_POINT('',#9128);
#2610=VERTEX_POINT('',#9132);
#2611=VERTEX_POINT('',#9134);
#2612=VERTEX_POINT('',#9138);
#2613=VERTEX_POINT('',#9140);
#2614=VERTEX_POINT('',#9150);
#2615=VERTEX_POINT('',#9151);
#2616=VERTEX_POINT('',#9153);
#2617=VERTEX_POINT('',#9155);
#2618=VERTEX_POINT('',#9159);
#2619=VERTEX_POINT('',#9161);
#2620=VERTEX_POINT('',#9165);
#2621=VERTEX_POINT('',#9167);
#2622=VERTEX_POINT('',#9171);
#2623=VERTEX_POINT('',#9173);
#2624=VERTEX_POINT('',#9177);
#2625=VERTEX_POINT('',#9179);
#2626=VERTEX_POINT('',#9183);
#2627=VERTEX_POINT('',#9185);
#2628=VERTEX_POINT('',#9189);
#2629=VERTEX_POINT('',#9190);
#2630=VERTEX_POINT('',#9192);
#2631=VERTEX_POINT('',#9194);
#2632=VERTEX_POINT('',#9198);
#2633=VERTEX_POINT('',#9200);
#2634=VERTEX_POINT('',#9204);
#2635=VERTEX_POINT('',#9206);
#2636=VERTEX_POINT('',#9210);
#2637=VERTEX_POINT('',#9212);
#2638=VERTEX_POINT('',#9224);
#2639=VERTEX_POINT('',#9226);
#2640=VERTEX_POINT('',#9237);
#2641=VERTEX_POINT('',#9245);
#2642=VERTEX_POINT('',#9247);
#2643=VERTEX_POINT('',#9249);
#2644=VERTEX_POINT('',#9251);
#2645=VERTEX_POINT('',#9253);
#2646=VERTEX_POINT('',#9255);
#2647=VERTEX_POINT('',#9257);
#2648=VERTEX_POINT('',#9259);
#2649=VERTEX_POINT('',#9261);
#2650=VERTEX_POINT('',#9263);
#2651=VERTEX_POINT('',#9265);
#2652=VERTEX_POINT('',#9267);
#2653=VERTEX_POINT('',#9269);
#2654=VERTEX_POINT('',#9271);
#2655=VERTEX_POINT('',#9273);
#2656=VERTEX_POINT('',#9275);
#2657=VERTEX_POINT('',#9277);
#2658=VERTEX_POINT('',#9279);
#2659=VERTEX_POINT('',#9281);
#2660=VERTEX_POINT('',#9283);
#2661=VERTEX_POINT('',#9285);
#2662=VERTEX_POINT('',#9287);
#2663=VERTEX_POINT('',#9289);
#2664=VERTEX_POINT('',#9291);
#2665=VERTEX_POINT('',#9293);
#2666=VERTEX_POINT('',#9295);
#2667=VERTEX_POINT('',#9299);
#2668=VERTEX_POINT('',#9301);
#2669=VERTEX_POINT('',#9306);
#2670=VERTEX_POINT('',#9310);
#2671=VERTEX_POINT('',#9315);
#2672=VERTEX_POINT('',#9316);
#2673=VERTEX_POINT('',#9318);
#2674=VERTEX_POINT('',#9320);
#2675=VERTEX_POINT('',#9324);
#2676=VERTEX_POINT('',#9326);
#2677=VERTEX_POINT('',#9330);
#2678=VERTEX_POINT('',#9332);
#2679=VERTEX_POINT('',#9336);
#2680=VERTEX_POINT('',#9338);
#2681=VERTEX_POINT('',#9340);
#2682=VERTEX_POINT('',#9342);
#2683=VERTEX_POINT('',#9346);
#2684=VERTEX_POINT('',#9350);
#2685=VERTEX_POINT('',#9352);
#2686=VERTEX_POINT('',#9354);
#2687=VERTEX_POINT('',#9358);
#2688=VERTEX_POINT('',#9359);
#2689=VERTEX_POINT('',#9361);
#2690=VERTEX_POINT('',#9363);
#2691=VERTEX_POINT('',#9367);
#2692=VERTEX_POINT('',#9369);
#2693=VERTEX_POINT('',#9373);
#2694=VERTEX_POINT('',#9375);
#2695=VERTEX_POINT('',#9379);
#2696=VERTEX_POINT('',#9381);
#2697=VERTEX_POINT('',#9383);
#2698=VERTEX_POINT('',#9385);
#2699=VERTEX_POINT('',#9389);
#2700=VERTEX_POINT('',#9393);
#2701=VERTEX_POINT('',#9395);
#2702=VERTEX_POINT('',#9397);
#2703=VERTEX_POINT('',#9409);
#2704=VERTEX_POINT('',#9411);
#2705=VERTEX_POINT('',#9413);
#2706=VERTEX_POINT('',#9415);
#2707=VERTEX_POINT('',#9417);
#2708=VERTEX_POINT('',#9419);
#2709=VERTEX_POINT('',#9422);
#2710=VERTEX_POINT('',#9429);
#2711=VERTEX_POINT('',#9432);
#2712=VERTEX_POINT('',#9434);
#2713=VERTEX_POINT('',#9436);
#2714=VERTEX_POINT('',#9438);
#2715=VERTEX_POINT('',#9440);
#2716=VERTEX_POINT('',#9442);
#2717=VERTEX_POINT('',#9446);
#2718=VERTEX_POINT('',#9447);
#2719=VERTEX_POINT('',#9449);
#2720=VERTEX_POINT('',#9451);
#2721=VERTEX_POINT('',#9455);
#2722=VERTEX_POINT('',#9456);
#2723=VERTEX_POINT('',#9458);
#2724=VERTEX_POINT('',#9460);
#2725=VERTEX_POINT('',#9464);
#2726=VERTEX_POINT('',#9465);
#2727=VERTEX_POINT('',#9473);
#2728=VERTEX_POINT('',#9474);
#2729=VERTEX_POINT('',#9476);
#2730=VERTEX_POINT('',#9478);
#2731=VERTEX_POINT('',#9485);
#2732=VERTEX_POINT('',#9486);
#2733=VERTEX_POINT('',#9488);
#2734=VERTEX_POINT('',#9490);
#2735=VERTEX_POINT('',#9497);
#2736=VERTEX_POINT('',#9498);
#2737=VERTEX_POINT('',#9503);
#2738=VERTEX_POINT('',#9504);
#2739=VERTEX_POINT('',#9509);
#2740=VERTEX_POINT('',#9512);
#2741=VERTEX_POINT('',#9514);
#2742=VERTEX_POINT('',#9516);
#2743=VERTEX_POINT('',#9518);
#2744=VERTEX_POINT('',#9520);
#2745=VERTEX_POINT('',#9522);
#2746=VERTEX_POINT('',#9524);
#2747=VERTEX_POINT('',#9528);
#2748=VERTEX_POINT('',#9532);
#2749=VERTEX_POINT('',#9534);
#2750=VERTEX_POINT('',#9536);
#2751=VERTEX_POINT('',#9542);
#2752=VERTEX_POINT('',#9543);
#2753=VERTEX_POINT('',#9545);
#2754=VERTEX_POINT('',#9550);
#2755=VERTEX_POINT('',#9552);
#2756=VERTEX_POINT('',#9556);
#2757=VERTEX_POINT('',#9557);
#2758=VERTEX_POINT('',#9564);
#2759=VERTEX_POINT('',#9568);
#2760=VERTEX_POINT('',#9569);
#2761=VERTEX_POINT('',#9574);
#2762=VERTEX_POINT('',#9575);
#2763=VERTEX_POINT('',#9580);
#2764=VERTEX_POINT('',#9581);
#2765=VERTEX_POINT('',#9586);
#2766=VERTEX_POINT('',#9587);
#2767=VERTEX_POINT('',#9594);
#2768=VERTEX_POINT('',#9598);
#2769=VERTEX_POINT('',#9600);
#2770=VERTEX_POINT('',#9602);
#2771=VERTEX_POINT('',#9604);
#2772=VERTEX_POINT('',#9610);
#2773=VERTEX_POINT('',#9611);
#2774=VERTEX_POINT('',#9613);
#2775=VERTEX_POINT('',#9615);
#2776=VERTEX_POINT('',#9619);
#2777=VERTEX_POINT('',#9621);
#2778=VERTEX_POINT('',#9625);
#2779=VERTEX_POINT('',#9627);
#2780=VERTEX_POINT('',#9634);
#2781=VERTEX_POINT('',#9636);
#2782=VERTEX_POINT('',#9640);
#2783=VERTEX_POINT('',#9644);
#2784=VERTEX_POINT('',#9645);
#2785=VERTEX_POINT('',#9647);
#2786=VERTEX_POINT('',#9649);
#2787=VERTEX_POINT('',#9651);
#2788=VERTEX_POINT('',#9655);
#2789=VERTEX_POINT('',#9656);
#2790=VERTEX_POINT('',#9658);
#2791=VERTEX_POINT('',#9660);
#2792=VERTEX_POINT('',#9664);
#2793=VERTEX_POINT('',#9666);
#2794=VERTEX_POINT('',#9670);
#2795=VERTEX_POINT('',#9674);
#2796=VERTEX_POINT('',#9680);
#2797=VERTEX_POINT('',#9682);
#2798=VERTEX_POINT('',#9686);
#2799=VERTEX_POINT('',#9690);
#2800=VERTEX_POINT('',#9694);
#2801=VERTEX_POINT('',#9698);
#2802=VERTEX_POINT('',#9704);
#2803=VERTEX_POINT('',#9710);
#2804=VERTEX_POINT('',#9712);
#2805=VERTEX_POINT('',#9716);
#2806=VERTEX_POINT('',#9717);
#2807=VERTEX_POINT('',#9719);
#2808=VERTEX_POINT('',#9721);
#2809=VERTEX_POINT('',#9725);
#2810=VERTEX_POINT('',#9726);
#2811=VERTEX_POINT('',#9728);
#2812=VERTEX_POINT('',#9730);
#2813=VERTEX_POINT('',#9734);
#2814=VERTEX_POINT('',#9736);
#2815=VERTEX_POINT('',#9745);
#2816=VERTEX_POINT('',#9747);
#2817=VERTEX_POINT('',#9750);
#2818=VERTEX_POINT('',#9752);
#2819=VERTEX_POINT('',#9754);
#2820=VERTEX_POINT('',#9758);
#2821=VERTEX_POINT('',#9764);
#2822=VERTEX_POINT('',#9765);
#2823=VERTEX_POINT('',#9767);
#2824=VERTEX_POINT('',#9769);
#2825=VERTEX_POINT('',#9773);
#2826=VERTEX_POINT('',#9774);
#2827=VERTEX_POINT('',#9779);
#2828=VERTEX_POINT('',#9780);
#2829=VERTEX_POINT('',#9785);
#2830=VERTEX_POINT('',#9786);
#2831=VERTEX_POINT('',#9791);
#2832=VERTEX_POINT('',#9792);
#2833=VERTEX_POINT('',#9797);
#2834=VERTEX_POINT('',#9798);
#2835=VERTEX_POINT('',#9800);
#2836=VERTEX_POINT('',#9802);
#2837=VERTEX_POINT('',#9806);
#2838=VERTEX_POINT('',#9808);
#2839=VERTEX_POINT('',#9812);
#2840=VERTEX_POINT('',#9814);
#2841=VERTEX_POINT('',#9821);
#2842=VERTEX_POINT('',#9822);
#2843=VERTEX_POINT('',#9827);
#2844=VERTEX_POINT('',#9829);
#2845=VERTEX_POINT('',#9831);
#2846=VERTEX_POINT('',#9833);
#2847=VERTEX_POINT('',#9837);
#2848=VERTEX_POINT('',#9841);
#2849=VERTEX_POINT('',#9843);
#2850=VERTEX_POINT('',#9845);
#2851=VERTEX_POINT('',#9847);
#2852=VERTEX_POINT('',#9849);
#2853=VERTEX_POINT('',#9851);
#2854=VERTEX_POINT('',#9853);
#2855=VERTEX_POINT('',#9858);
#2856=VERTEX_POINT('',#9860);
#2857=VERTEX_POINT('',#9862);
#2858=VERTEX_POINT('',#9864);
#2859=VERTEX_POINT('',#9866);
#2860=VERTEX_POINT('',#9872);
#2861=VERTEX_POINT('',#9874);
#2862=VERTEX_POINT('',#9878);
#2863=VERTEX_POINT('',#9879);
#2864=VERTEX_POINT('',#9884);
#2865=VERTEX_POINT('',#9886);
#2866=VERTEX_POINT('',#9892);
#2867=VERTEX_POINT('',#9893);
#2868=VERTEX_POINT('',#9898);
#2869=VERTEX_POINT('',#9902);
#2870=VERTEX_POINT('',#9903);
#2871=VERTEX_POINT('',#9908);
#2872=VERTEX_POINT('',#9909);
#2873=VERTEX_POINT('',#9916);
#2874=VERTEX_POINT('',#9917);
#2875=VERTEX_POINT('',#9929);
#2876=VERTEX_POINT('',#9931);
#2877=VERTEX_POINT('',#9937);
#2878=VERTEX_POINT('',#9939);
#2879=VERTEX_POINT('',#9941);
#2880=VERTEX_POINT('',#9943);
#2881=VERTEX_POINT('',#9945);
#2882=VERTEX_POINT('',#9947);
#2883=VERTEX_POINT('',#9953);
#2884=VERTEX_POINT('',#9954);
#2885=VERTEX_POINT('',#9959);
#2886=VERTEX_POINT('',#9960);
#2887=VERTEX_POINT('',#9968);
#2888=VERTEX_POINT('',#9970);
#2889=VERTEX_POINT('',#9974);
#2890=VERTEX_POINT('',#9975);
#2891=VERTEX_POINT('',#9977);
#2892=VERTEX_POINT('',#9979);
#2893=VERTEX_POINT('',#9983);
#2894=VERTEX_POINT('',#9985);
#2895=VERTEX_POINT('',#9989);
#2896=VERTEX_POINT('',#9991);
#2897=VERTEX_POINT('',#9998);
#2898=VERTEX_POINT('',#10000);
#2899=VERTEX_POINT('',#10004);
#2900=VERTEX_POINT('',#10006);
#2901=VERTEX_POINT('',#10008);
#2902=VERTEX_POINT('',#10010);
#2903=VERTEX_POINT('',#10013);
#2904=VERTEX_POINT('',#10015);
#2905=VERTEX_POINT('',#10018);
#2906=VERTEX_POINT('',#10020);
#2907=VERTEX_POINT('',#10022);
#2908=VERTEX_POINT('',#10024);
#2909=VERTEX_POINT('',#10028);
#2910=VERTEX_POINT('',#10030);
#2911=VERTEX_POINT('',#10032);
#2912=VERTEX_POINT('',#10034);
#2913=VERTEX_POINT('',#10036);
#2914=VERTEX_POINT('',#10039);
#2915=VERTEX_POINT('',#10040);
#2916=VERTEX_POINT('',#10042);
#2917=VERTEX_POINT('',#10044);
#2918=VERTEX_POINT('',#10051);
#2919=VERTEX_POINT('',#10055);
#2920=VERTEX_POINT('',#10061);
#2921=VERTEX_POINT('',#10065);
#2922=VERTEX_POINT('',#10071);
#2923=VERTEX_POINT('',#10077);
#2924=VERTEX_POINT('',#10083);
#2925=VERTEX_POINT('',#10088);
#2926=VERTEX_POINT('',#10092);
#2927=VERTEX_POINT('',#10095);
#2928=VERTEX_POINT('',#10100);
#2929=VERTEX_POINT('',#10101);
#2930=VERTEX_POINT('',#10103);
#2931=VERTEX_POINT('',#10105);
#2932=VERTEX_POINT('',#10109);
#2933=VERTEX_POINT('',#10111);
#2934=VERTEX_POINT('',#10118);
#2935=VERTEX_POINT('',#10120);
#2936=VERTEX_POINT('',#10122);
#2937=VERTEX_POINT('',#10124);
#2938=VERTEX_POINT('',#10126);
#2939=VERTEX_POINT('',#10128);
#2940=VERTEX_POINT('',#10130);
#2941=VERTEX_POINT('',#10132);
#2942=VERTEX_POINT('',#10134);
#2943=VERTEX_POINT('',#10136);
#2944=VERTEX_POINT('',#10138);
#2945=VERTEX_POINT('',#10141);
#2946=VERTEX_POINT('',#10143);
#2947=VERTEX_POINT('',#10147);
#2948=VERTEX_POINT('',#10151);
#2949=VERTEX_POINT('',#10155);
#2950=VERTEX_POINT('',#10159);
#2951=VERTEX_POINT('',#10161);
#2952=VERTEX_POINT('',#10165);
#2953=VERTEX_POINT('',#10167);
#2954=VERTEX_POINT('',#10171);
#2955=VERTEX_POINT('',#10172);
#2956=VERTEX_POINT('',#10174);
#2957=VERTEX_POINT('',#10176);
#2958=VERTEX_POINT('',#10196);
#2959=VERTEX_POINT('',#10205);
#2960=VERTEX_POINT('',#10213);
#2961=VERTEX_POINT('',#10221);
#2962=VERTEX_POINT('',#10225);
#2963=VERTEX_POINT('',#10231);
#2964=VERTEX_POINT('',#10233);
#2965=VERTEX_POINT('',#10237);
#2966=VERTEX_POINT('',#10241);
#2967=VERTEX_POINT('',#10243);
#2968=VERTEX_POINT('',#10250);
#2969=VERTEX_POINT('',#10255);
#2970=VERTEX_POINT('',#10260);
#2971=VERTEX_POINT('',#10268);
#2972=VERTEX_POINT('',#10269);
#2973=VERTEX_POINT('',#10271);
#2974=VERTEX_POINT('',#10275);
#2975=VERTEX_POINT('',#10276);
#2976=VERTEX_POINT('',#10278);
#2977=VERTEX_POINT('',#10290);
#2978=VERTEX_POINT('',#10292);
#2979=VERTEX_POINT('',#10296);
#2980=VERTEX_POINT('',#10298);
#2981=VERTEX_POINT('',#10317);
#2982=VERTEX_POINT('',#10328);
#2983=VERTEX_POINT('',#10338);
#2984=VERTEX_POINT('',#10341);
#2985=VERTEX_POINT('',#10343);
#2986=VERTEX_POINT('',#10363);
#2987=VERTEX_POINT('',#10369);
#2988=VERTEX_POINT('',#10373);
#2989=EDGE_CURVE('',#2451,#2452,#1105,.T.);
#2990=EDGE_CURVE('',#2453,#2451,#935,.T.);
#2991=EDGE_CURVE('',#2454,#2453,#1106,.T.);
#2992=EDGE_CURVE('',#2455,#2454,#936,.T.);
#2993=EDGE_CURVE('',#2456,#2455,#1107,.T.);
#2994=EDGE_CURVE('',#2456,#2452,#937,.T.);
#2995=EDGE_CURVE('',#2457,#2457,#938,.T.);
#2996=EDGE_CURVE('',#2457,#2458,#1108,.T.);
#2997=EDGE_CURVE('',#2458,#2458,#939,.T.);
#2998=EDGE_CURVE('',#2459,#2459,#940,.T.);
#2999=EDGE_CURVE('',#2459,#2460,#1109,.T.);
#3000=EDGE_CURVE('',#2460,#2460,#941,.T.);
#3001=EDGE_CURVE('',#2461,#2461,#942,.T.);
#3002=EDGE_CURVE('',#2461,#2462,#1110,.T.);
#3003=EDGE_CURVE('',#2462,#2462,#943,.T.);
#3004=EDGE_CURVE('',#2463,#2463,#944,.T.);
#3005=EDGE_CURVE('',#2463,#2464,#1111,.T.);
#3006=EDGE_CURVE('',#2464,#2464,#945,.T.);
#3007=EDGE_CURVE('',#2452,#2465,#946,.T.);
#3008=EDGE_CURVE('',#2466,#2465,#1112,.T.);
#3009=EDGE_CURVE('',#2454,#2466,#947,.T.);
#3010=EDGE_CURVE('',#2451,#2453,#948,.T.);
#3011=EDGE_CURVE('',#2467,#2468,#1113,.T.);
#3012=EDGE_CURVE('',#2469,#2467,#949,.T.);
#3013=EDGE_CURVE('',#2469,#2470,#1114,.T.);
#3014=EDGE_CURVE('',#2468,#2470,#950,.T.);
#3015=EDGE_CURVE('',#2470,#2468,#951,.T.);
#3016=EDGE_CURVE('',#2471,#2469,#952,.T.);
#3017=EDGE_CURVE('',#2472,#2471,#1115,.T.);
#3018=EDGE_CURVE('',#2472,#2473,#953,.T.);
#3019=EDGE_CURVE('',#2474,#2473,#1116,.T.);
#3020=EDGE_CURVE('',#2467,#2474,#954,.T.);
#3021=EDGE_CURVE('',#2475,#2476,#1117,.T.);
#3022=EDGE_CURVE('',#2477,#2475,#955,.T.);
#3023=EDGE_CURVE('',#2478,#2477,#1118,.T.);
#3024=EDGE_CURVE('',#2478,#2479,#956,.T.);
#3025=EDGE_CURVE('',#2480,#2479,#1119,.T.);
#3026=EDGE_CURVE('',#2481,#2480,#957,.T.);
#3027=EDGE_CURVE('',#2481,#2482,#1120,.T.);
#3028=EDGE_CURVE('',#2476,#2482,#958,.T.);
#3029=EDGE_CURVE('',#2482,#2476,#959,.T.);
#3030=EDGE_CURVE('',#2475,#2481,#960,.T.);
#3031=EDGE_CURVE('',#2483,#2484,#1121,.T.);
#3032=EDGE_CURVE('',#2485,#2484,#961,.T.);
#3033=EDGE_CURVE('',#2486,#2485,#1122,.T.);
#3034=EDGE_CURVE('',#2483,#2486,#962,.T.);
#3035=EDGE_CURVE('',#2487,#2488,#1123,.T.);
#3036=EDGE_CURVE('',#2486,#2487,#963,.T.);
#3037=EDGE_CURVE('',#2484,#2485,#964,.T.);
#3038=EDGE_CURVE('',#2489,#2483,#965,.T.);
#3039=EDGE_CURVE('',#2490,#2489,#1124,.T.);
#3040=EDGE_CURVE('',#2490,#2488,#966,.T.);
#3041=EDGE_CURVE('',#2491,#2492,#1125,.T.);
#3042=EDGE_CURVE('',#2493,#2491,#967,.T.);
#3043=EDGE_CURVE('',#2494,#2493,#1126,.T.);
#3044=EDGE_CURVE('',#2494,#2495,#968,.T.);
#3045=EDGE_CURVE('',#2496,#2495,#1127,.T.);
#3046=EDGE_CURVE('',#2497,#2496,#969,.T.);
#3047=EDGE_CURVE('',#2497,#2498,#1128,.T.);
#3048=EDGE_CURVE('',#2492,#2498,#970,.T.);
#3049=EDGE_CURVE('',#2498,#2492,#971,.T.);
#3050=EDGE_CURVE('',#2491,#2497,#972,.T.);
#3051=EDGE_CURVE('',#2499,#2500,#1129,.T.);
#3052=EDGE_CURVE('',#2501,#2499,#973,.T.);
#3053=EDGE_CURVE('',#2501,#2502,#1130,.T.);
#3054=EDGE_CURVE('',#2502,#2502,#974,.T.);
#3055=EDGE_CURVE('',#2503,#2501,#975,.T.);
#3056=EDGE_CURVE('',#2504,#2503,#1131,.T.);
#3057=EDGE_CURVE('',#2504,#2500,#976,.T.);
#3058=EDGE_CURVE('',#2456,#2505,#1132,.T.);
#3059=EDGE_CURVE('',#2505,#2506,#977,.T.);
#3060=EDGE_CURVE('',#2506,#2507,#1133,.T.);
#3061=EDGE_CURVE('',#2507,#2508,#978,.T.);
#3062=EDGE_CURVE('',#2508,#2509,#1134,.T.);
#3063=EDGE_CURVE('',#2509,#2510,#1135,.T.);
#3064=EDGE_CURVE('',#2511,#2510,#1136,.T.);
#3065=EDGE_CURVE('',#2511,#2512,#1137,.T.);
#3066=EDGE_CURVE('',#2512,#2513,#1138,.T.);
#3067=EDGE_CURVE('',#2513,#2514,#1139,.T.);
#3068=EDGE_CURVE('',#2515,#2514,#1140,.T.);
#3069=EDGE_CURVE('',#2515,#2516,#1141,.T.);
#3070=EDGE_CURVE('',#2516,#2465,#1142,.T.);
#3071=EDGE_CURVE('',#2466,#2517,#1143,.T.);
#3072=EDGE_CURVE('',#2517,#2518,#1144,.T.);
#3073=EDGE_CURVE('',#2454,#2518,#1145,.T.);
#3074=EDGE_CURVE('',#2519,#2454,#1146,.T.);
#3075=EDGE_CURVE('',#2519,#2520,#1147,.T.);
#3076=EDGE_CURVE('',#2520,#2521,#1148,.T.);
#3077=EDGE_CURVE('',#2521,#2522,#1149,.T.);
#3078=EDGE_CURVE('',#2523,#2522,#1150,.T.);
#3079=EDGE_CURVE('',#2523,#2524,#1151,.T.);
#3080=EDGE_CURVE('',#2524,#2525,#1152,.T.);
#3081=EDGE_CURVE('',#2525,#2526,#979,.T.);
#3082=EDGE_CURVE('',#2526,#2527,#1153,.T.);
#3083=EDGE_CURVE('',#2527,#2528,#980,.T.);
#3084=EDGE_CURVE('',#2528,#2455,#1154,.T.);
#3085=EDGE_CURVE('',#2516,#2517,#1155,.T.);
#3086=EDGE_CURVE('',#2529,#2473,#1156,.T.);
#3087=EDGE_CURVE('',#2529,#2530,#1157,.T.);
#3088=EDGE_CURVE('',#2474,#2530,#1158,.T.);
#3089=EDGE_CURVE('',#2531,#2469,#1159,.T.);
#3090=EDGE_CURVE('',#2531,#2532,#1160,.T.);
#3091=EDGE_CURVE('',#2532,#2471,#1161,.T.);
#3092=EDGE_CURVE('',#2533,#2467,#1162,.T.);
#3093=EDGE_CURVE('',#2469,#2533,#1163,.T.);
#3094=EDGE_CURVE('',#2534,#2535,#1164,.T.);
#3095=EDGE_CURVE('',#2534,#2529,#1165,.T.);
#3096=EDGE_CURVE('',#2472,#2536,#1166,.T.);
#3097=EDGE_CURVE('',#2536,#2537,#1167,.T.);
#3098=EDGE_CURVE('',#2535,#2537,#1168,.T.);
#3099=EDGE_CURVE('',#2480,#2538,#1169,.T.);
#3100=EDGE_CURVE('',#2538,#2539,#1170,.T.);
#3101=EDGE_CURVE('',#2481,#2539,#1171,.T.);
#3102=EDGE_CURVE('',#2540,#2481,#1172,.T.);
#3103=EDGE_CURVE('',#2475,#2540,#1173,.T.);
#3104=EDGE_CURVE('',#2541,#2479,#1174,.T.);
#3105=EDGE_CURVE('',#2541,#2538,#1175,.T.);
#3106=EDGE_CURVE('',#2542,#2543,#1176,.T.);
#3107=EDGE_CURVE('',#2544,#2542,#1177,.T.);
#3108=EDGE_CURVE('',#2545,#2544,#1178,.T.);
#3109=EDGE_CURVE('',#2488,#2545,#1179,.T.);
#3110=EDGE_CURVE('',#2546,#2490,#1180,.T.);
#3111=EDGE_CURVE('',#2543,#2546,#1181,.T.);
#3112=EDGE_CURVE('',#2547,#2489,#1182,.T.);
#3113=EDGE_CURVE('',#2546,#2547,#1183,.T.);
#3114=EDGE_CURVE('',#2548,#2486,#1184,.T.);
#3115=EDGE_CURVE('',#2483,#2548,#1185,.T.);
#3116=EDGE_CURVE('',#2549,#2483,#1186,.T.);
#3117=EDGE_CURVE('',#2549,#2547,#1187,.T.);
#3118=EDGE_CURVE('',#2550,#2494,#1188,.T.);
#3119=EDGE_CURVE('',#2551,#2550,#1189,.T.);
#3120=EDGE_CURVE('',#2552,#2551,#1190,.T.);
#3121=EDGE_CURVE('',#2553,#2552,#1191,.T.);
#3122=EDGE_CURVE('',#2554,#2553,#1192,.T.);
#3123=EDGE_CURVE('',#2495,#2554,#1193,.T.);
#3124=EDGE_CURVE('',#2555,#2497,#1194,.T.);
#3125=EDGE_CURVE('',#2491,#2555,#1195,.T.);
#3126=EDGE_CURVE('',#2496,#2556,#1196,.T.);
#3127=EDGE_CURVE('',#2556,#2557,#1197,.T.);
#3128=EDGE_CURVE('',#2497,#2557,#1198,.T.);
#3129=EDGE_CURVE('',#2558,#2491,#1199,.T.);
#3130=EDGE_CURVE('',#2558,#2559,#1200,.T.);
#3131=EDGE_CURVE('',#2559,#2493,#1201,.T.);
#3132=EDGE_CURVE('',#2560,#2501,#1202,.T.);
#3133=EDGE_CURVE('',#2560,#2561,#1203,.T.);
#3134=EDGE_CURVE('',#2561,#2562,#1204,.T.);
#3135=EDGE_CURVE('',#2562,#2563,#1205,.T.);
#3136=EDGE_CURVE('',#2564,#2563,#1206,.T.);
#3137=EDGE_CURVE('',#2564,#2565,#1207,.T.);
#3138=EDGE_CURVE('',#2565,#2566,#1208,.T.);
#3139=EDGE_CURVE('',#2566,#2567,#981,.T.);
#3140=EDGE_CURVE('',#2567,#2568,#1209,.T.);
#3141=EDGE_CURVE('',#2568,#2569,#982,.T.);
#3142=EDGE_CURVE('',#2569,#2503,#1210,.T.);
#3143=EDGE_CURVE('',#2570,#2571,#1211,.T.);
#3144=EDGE_CURVE('',#2572,#2570,#1212,.T.);
#3145=EDGE_CURVE('',#2500,#2572,#1213,.T.);
#3146=EDGE_CURVE('',#2573,#2504,#1214,.T.);
#3147=EDGE_CURVE('',#2574,#2573,#983,.T.);
#3148=EDGE_CURVE('',#2575,#2574,#1215,.T.);
#3149=EDGE_CURVE('',#2576,#2575,#984,.T.);
#3150=EDGE_CURVE('',#2577,#2576,#1216,.T.);
#3151=EDGE_CURVE('',#2578,#2577,#1217,.T.);
#3152=EDGE_CURVE('',#2579,#2578,#1218,.T.);
#3153=EDGE_CURVE('',#2580,#2579,#1219,.T.);
#3154=EDGE_CURVE('',#2581,#2580,#1220,.T.);
#3155=EDGE_CURVE('',#2571,#2581,#1221,.T.);
#3156=EDGE_CURVE('',#2573,#2569,#1222,.T.);
#3157=EDGE_CURVE('',#2572,#2582,#1223,.T.);
#3158=EDGE_CURVE('',#2499,#2582,#1224,.T.);
#3159=EDGE_CURVE('',#2583,#2584,#1225,.T.);
#3160=EDGE_CURVE('',#2583,#2585,#1226,.T.);
#3161=EDGE_CURVE('',#2586,#2585,#1227,.T.);
#3162=EDGE_CURVE('',#2584,#2586,#1228,.T.);
#3163=EDGE_CURVE('',#2587,#2541,#1229,.T.);
#3164=EDGE_CURVE('',#2539,#2587,#1230,.T.);
#3165=EDGE_CURVE('',#2585,#2477,#1231,.T.);
#3166=EDGE_CURVE('',#2478,#2583,#1232,.T.);
#3167=EDGE_CURVE('',#2588,#2584,#1233,.T.);
#3168=EDGE_CURVE('',#2587,#2588,#1234,.T.);
#3169=EDGE_CURVE('',#2586,#2475,#1235,.T.);
#3170=EDGE_CURVE('',#2550,#2559,#1236,.T.);
#3171=EDGE_CURVE('',#2551,#2558,#1237,.T.);
#3172=EDGE_CURVE('',#2557,#2553,#1238,.T.);
#3173=EDGE_CURVE('',#2554,#2556,#1239,.T.);
#3174=EDGE_CURVE('',#2522,#2511,#1240,.T.);
#3175=EDGE_CURVE('',#2512,#2521,#1241,.T.);
#3176=EDGE_CURVE('',#2513,#2520,#1242,.T.);
#3177=EDGE_CURVE('',#2514,#2519,#1243,.T.);
#3178=EDGE_CURVE('',#2518,#2515,#1244,.T.);
#3179=EDGE_CURVE('',#2505,#2528,#1245,.T.);
#3180=EDGE_CURVE('',#2506,#2527,#1246,.T.);
#3181=EDGE_CURVE('',#2507,#2526,#1247,.T.);
#3182=EDGE_CURVE('',#2508,#2525,#1248,.T.);
#3183=EDGE_CURVE('',#2509,#2524,#1249,.T.);
#3184=EDGE_CURVE('',#2510,#2523,#1250,.T.);
#3185=EDGE_CURVE('',#2563,#2579,#1251,.T.);
#3186=EDGE_CURVE('',#2580,#2562,#1252,.T.);
#3187=EDGE_CURVE('',#2581,#2561,#1253,.T.);
#3188=EDGE_CURVE('',#2571,#2560,#1254,.T.);
#3189=EDGE_CURVE('',#2589,#2570,#1255,.T.);
#3190=EDGE_CURVE('',#2582,#2589,#1256,.T.);
#3191=EDGE_CURVE('',#2574,#2568,#1257,.T.);
#3192=EDGE_CURVE('',#2575,#2567,#1258,.T.);
#3193=EDGE_CURVE('',#2576,#2566,#1259,.T.);
#3194=EDGE_CURVE('',#2577,#2565,#1260,.T.);
#3195=EDGE_CURVE('',#2578,#2564,#1261,.T.);
#3196=EDGE_CURVE('',#2501,#2589,#1262,.T.);
#3197=EDGE_CURVE('',#2590,#2591,#1263,.T.);
#3198=EDGE_CURVE('',#2591,#2592,#1264,.T.);
#3199=EDGE_CURVE('',#2593,#2592,#1265,.T.);
#3200=EDGE_CURVE('',#2590,#2593,#1266,.T.);
#3201=EDGE_CURVE('',#2594,#2590,#985,.T.);
#3202=EDGE_CURVE('',#2595,#2593,#986,.T.);
#3203=EDGE_CURVE('',#2594,#2595,#1267,.T.);
#3204=EDGE_CURVE('',#2596,#2594,#1268,.T.);
#3205=EDGE_CURVE('',#2597,#2595,#1269,.T.);
#3206=EDGE_CURVE('',#2596,#2597,#1270,.T.);
#3207=EDGE_CURVE('',#2598,#2596,#987,.T.);
#3208=EDGE_CURVE('',#2599,#2597,#988,.T.);
#3209=EDGE_CURVE('',#2598,#2599,#1271,.T.);
#3210=EDGE_CURVE('',#2600,#2598,#1272,.T.);
#3211=EDGE_CURVE('',#2601,#2599,#1273,.T.);
#3212=EDGE_CURVE('',#2600,#2601,#1274,.T.);
#3213=EDGE_CURVE('',#2602,#2600,#1275,.T.);
#3214=EDGE_CURVE('',#2603,#2601,#1276,.T.);
#3215=EDGE_CURVE('',#2602,#2603,#1277,.T.);
#3216=EDGE_CURVE('',#2604,#2605,#1278,.T.);
#3217=EDGE_CURVE('',#2606,#2605,#1279,.T.);
#3218=EDGE_CURVE('',#2607,#2606,#1280,.T.);
#3219=EDGE_CURVE('',#2604,#2607,#1281,.T.);
#3220=EDGE_CURVE('',#2608,#2604,#1282,.T.);
#3221=EDGE_CURVE('',#2609,#2607,#1283,.T.);
#3222=EDGE_CURVE('',#2608,#2609,#1284,.T.);
#3223=EDGE_CURVE('',#2610,#2608,#1285,.T.);
#3224=EDGE_CURVE('',#2611,#2609,#1286,.T.);
#3225=EDGE_CURVE('',#2610,#2611,#1287,.T.);
#3226=EDGE_CURVE('',#2591,#2612,#1288,.T.);
#3227=EDGE_CURVE('',#2613,#2612,#1289,.T.);
#3228=EDGE_CURVE('',#2592,#2613,#1290,.T.);
#3229=EDGE_CURVE('',#2611,#2613,#1291,.T.);
#3230=EDGE_CURVE('',#2603,#2606,#1292,.T.);
#3231=EDGE_CURVE('',#2605,#2602,#1293,.T.);
#3232=EDGE_CURVE('',#2612,#2610,#1294,.T.);
#3233=EDGE_CURVE('',#2614,#2615,#1295,.T.);
#3234=EDGE_CURVE('',#2615,#2616,#1296,.T.);
#3235=EDGE_CURVE('',#2617,#2616,#1297,.T.);
#3236=EDGE_CURVE('',#2614,#2617,#1298,.T.);
#3237=EDGE_CURVE('',#2618,#2614,#989,.T.);
#3238=EDGE_CURVE('',#2619,#2617,#990,.T.);
#3239=EDGE_CURVE('',#2618,#2619,#1299,.T.);
#3240=EDGE_CURVE('',#2620,#2618,#1300,.T.);
#3241=EDGE_CURVE('',#2621,#2619,#1301,.T.);
#3242=EDGE_CURVE('',#2620,#2621,#1302,.T.);
#3243=EDGE_CURVE('',#2622,#2620,#991,.T.);
#3244=EDGE_CURVE('',#2623,#2621,#992,.T.);
#3245=EDGE_CURVE('',#2622,#2623,#1303,.T.);
#3246=EDGE_CURVE('',#2624,#2622,#1304,.T.);
#3247=EDGE_CURVE('',#2625,#2623,#1305,.T.);
#3248=EDGE_CURVE('',#2624,#2625,#1306,.T.);
#3249=EDGE_CURVE('',#2626,#2624,#1307,.T.);
#3250=EDGE_CURVE('',#2627,#2625,#1308,.T.);
#3251=EDGE_CURVE('',#2626,#2627,#1309,.T.);
#3252=EDGE_CURVE('',#2628,#2629,#1310,.T.);
#3253=EDGE_CURVE('',#2630,#2629,#1311,.T.);
#3254=EDGE_CURVE('',#2631,#2630,#1312,.T.);
#3255=EDGE_CURVE('',#2628,#2631,#1313,.T.);
#3256=EDGE_CURVE('',#2632,#2628,#1314,.T.);
#3257=EDGE_CURVE('',#2633,#2631,#1315,.T.);
#3258=EDGE_CURVE('',#2632,#2633,#1316,.T.);
#3259=EDGE_CURVE('',#2634,#2632,#1317,.T.);
#3260=EDGE_CURVE('',#2635,#2633,#1318,.T.);
#3261=EDGE_CURVE('',#2634,#2635,#1319,.T.);
#3262=EDGE_CURVE('',#2615,#2636,#1320,.T.);
#3263=EDGE_CURVE('',#2637,#2636,#1321,.T.);
#3264=EDGE_CURVE('',#2616,#2637,#1322,.T.);
#3265=EDGE_CURVE('',#2635,#2637,#1323,.T.);
#3266=EDGE_CURVE('',#2627,#2630,#1324,.T.);
#3267=EDGE_CURVE('',#2629,#2626,#1325,.T.);
#3268=EDGE_CURVE('',#2636,#2634,#1326,.T.);
#3269=EDGE_CURVE('',#2543,#2549,#1327,.T.);
#3270=EDGE_CURVE('',#2638,#2544,#1328,.T.);
#3271=EDGE_CURVE('',#2639,#2638,#1329,.T.);
#3272=EDGE_CURVE('',#2545,#2639,#1330,.T.);
#3273=EDGE_CURVE('',#2487,#2639,#1331,.T.);
#3274=EDGE_CURVE('',#2486,#2638,#1332,.T.);
#3275=EDGE_CURVE('',#2536,#2532,#1333,.T.);
#3276=EDGE_CURVE('',#2537,#2531,#1334,.T.);
#3277=EDGE_CURVE('',#2640,#2534,#1335,.T.);
#3278=EDGE_CURVE('',#2530,#2640,#1336,.T.);
#3279=EDGE_CURVE('',#2467,#2640,#1337,.T.);
#3280=EDGE_CURVE('',#2475,#2476,#1338,.T.);
#3281=EDGE_CURVE('',#2540,#2641,#1339,.T.);
#3282=EDGE_CURVE('',#2641,#2642,#1340,.T.);
#3283=EDGE_CURVE('',#2642,#2643,#1341,.T.);
#3284=EDGE_CURVE('',#2643,#2644,#1342,.T.);
#3285=EDGE_CURVE('',#2644,#2645,#1343,.T.);
#3286=EDGE_CURVE('',#2645,#2646,#1344,.T.);
#3287=EDGE_CURVE('',#2646,#2647,#1345,.T.);
#3288=EDGE_CURVE('',#2647,#2648,#1346,.T.);
#3289=EDGE_CURVE('',#2648,#2649,#1347,.T.);
#3290=EDGE_CURVE('',#2649,#2650,#1348,.T.);
#3291=EDGE_CURVE('',#2650,#2651,#1349,.T.);
#3292=EDGE_CURVE('',#2651,#2652,#1350,.T.);
#3293=EDGE_CURVE('',#2652,#2653,#1351,.T.);
#3294=EDGE_CURVE('',#2653,#2654,#1352,.T.);
#3295=EDGE_CURVE('',#2654,#2655,#1353,.T.);
#3296=EDGE_CURVE('',#2655,#2656,#1354,.T.);
#3297=EDGE_CURVE('',#2656,#2657,#1355,.T.);
#3298=EDGE_CURVE('',#2657,#2658,#1356,.T.);
#3299=EDGE_CURVE('',#2658,#2659,#1357,.T.);
#3300=EDGE_CURVE('',#2659,#2660,#1358,.T.);
#3301=EDGE_CURVE('',#2660,#2661,#1359,.T.);
#3302=EDGE_CURVE('',#2661,#2662,#1360,.T.);
#3303=EDGE_CURVE('',#2662,#2663,#1361,.T.);
#3304=EDGE_CURVE('',#2663,#2664,#1362,.T.);
#3305=EDGE_CURVE('',#2664,#2665,#1363,.T.);
#3306=EDGE_CURVE('',#2665,#2666,#1364,.T.);
#3307=EDGE_CURVE('',#2666,#2555,#1365,.T.);
#3308=EDGE_CURVE('',#2497,#2498,#1366,.T.);
#3309=EDGE_CURVE('',#2552,#2667,#1367,.T.);
#3310=EDGE_CURVE('',#2667,#2668,#1368,.T.);
#3311=EDGE_CURVE('',#2668,#2588,#1369,.T.);
#3312=EDGE_CURVE('',#2491,#2492,#1370,.T.);
#3313=EDGE_CURVE('',#2669,#2666,#1371,.T.);
#3314=EDGE_CURVE('',#2533,#2669,#1372,.T.);
#3315=EDGE_CURVE('',#2467,#2468,#1373,.T.);
#3316=EDGE_CURVE('',#2670,#2535,#1374,.T.);
#3317=EDGE_CURVE('',#2667,#2670,#1375,.T.);
#3318=EDGE_CURVE('',#2454,#2453,#1376,.T.);
#3319=EDGE_CURVE('',#2671,#2672,#1377,.T.);
#3320=EDGE_CURVE('',#2672,#2673,#993,.F.);
#3321=EDGE_CURVE('',#2673,#2674,#1378,.T.);
#3322=EDGE_CURVE('',#2674,#2671,#38,.T.);
#3323=EDGE_CURVE('',#2675,#2671,#1379,.T.);
#3324=EDGE_CURVE('',#2674,#2676,#1380,.T.);
#3325=EDGE_CURVE('',#2676,#2675,#39,.T.);
#3326=EDGE_CURVE('',#2676,#2677,#1381,.T.);
#3327=EDGE_CURVE('',#2677,#2678,#994,.F.);
#3328=EDGE_CURVE('',#2678,#2675,#1382,.T.);
#3329=EDGE_CURVE('',#2671,#2679,#1383,.T.);
#3330=EDGE_CURVE('',#2680,#2679,#1384,.T.);
#3331=EDGE_CURVE('',#2681,#2680,#1385,.T.);
#3332=EDGE_CURVE('',#2681,#2682,#1386,.T.);
#3333=EDGE_CURVE('',#2672,#2682,#1387,.T.);
#3334=EDGE_CURVE('',#2675,#2683,#1388,.T.);
#3335=EDGE_CURVE('',#2683,#2679,#1389,.T.);
#3336=EDGE_CURVE('',#2684,#2678,#1390,.T.);
#3337=EDGE_CURVE('',#2684,#2685,#1391,.T.);
#3338=EDGE_CURVE('',#2685,#2686,#1392,.T.);
#3339=EDGE_CURVE('',#2686,#2683,#1393,.T.);
#3340=EDGE_CURVE('',#2687,#2688,#1394,.T.);
#3341=EDGE_CURVE('',#2688,#2689,#995,.F.);
#3342=EDGE_CURVE('',#2689,#2690,#1395,.T.);
#3343=EDGE_CURVE('',#2690,#2687,#40,.T.);
#3344=EDGE_CURVE('',#2691,#2687,#1396,.T.);
#3345=EDGE_CURVE('',#2690,#2692,#1397,.T.);
#3346=EDGE_CURVE('',#2692,#2691,#41,.T.);
#3347=EDGE_CURVE('',#2692,#2693,#1398,.T.);
#3348=EDGE_CURVE('',#2693,#2694,#996,.F.);
#3349=EDGE_CURVE('',#2694,#2691,#1399,.T.);
#3350=EDGE_CURVE('',#2687,#2695,#1400,.T.);
#3351=EDGE_CURVE('',#2696,#2695,#1401,.T.);
#3352=EDGE_CURVE('',#2697,#2696,#1402,.T.);
#3353=EDGE_CURVE('',#2697,#2698,#1403,.T.);
#3354=EDGE_CURVE('',#2688,#2698,#1404,.T.);
#3355=EDGE_CURVE('',#2691,#2699,#1405,.T.);
#3356=EDGE_CURVE('',#2699,#2695,#1406,.T.);
#3357=EDGE_CURVE('',#2700,#2694,#1407,.T.);
#3358=EDGE_CURVE('',#2700,#2701,#1408,.T.);
#3359=EDGE_CURVE('',#2702,#2701,#1409,.T.);
#3360=EDGE_CURVE('',#2699,#2702,#1410,.T.);
#3361=EDGE_CURVE('',#2696,#2702,#1411,.T.);
#3362=EDGE_CURVE('',#2701,#2697,#1412,.T.);
#3363=EDGE_CURVE('',#2686,#2680,#1413,.T.);
#3364=EDGE_CURVE('',#2685,#2681,#1414,.T.);
#3365=EDGE_CURVE('',#2677,#2703,#1415,.T.);
#3366=EDGE_CURVE('',#2704,#2703,#997,.T.);
#3367=EDGE_CURVE('',#2704,#2705,#1416,.T.);
#3368=EDGE_CURVE('',#2706,#2705,#998,.T.);
#3369=EDGE_CURVE('',#2707,#2706,#1417,.T.);
#3370=EDGE_CURVE('',#2708,#2707,#999,.F.);
#3371=EDGE_CURVE('',#2708,#2650,#1418,.T.);
#3372=EDGE_CURVE('',#2709,#2649,#1419,.T.);
#3373=EDGE_CURVE('',#2684,#2709,#1420,.T.);
#3374=EDGE_CURVE('',#2693,#2673,#1421,.T.);
#3375=EDGE_CURVE('',#2700,#2682,#1422,.T.);
#3376=EDGE_CURVE('',#2710,#2698,#1423,.T.);
#3377=EDGE_CURVE('',#2710,#2658,#1424,.T.);
#3378=EDGE_CURVE('',#2657,#2711,#1425,.T.);
#3379=EDGE_CURVE('',#2712,#2711,#1000,.F.);
#3380=EDGE_CURVE('',#2712,#2713,#1426,.T.);
#3381=EDGE_CURVE('',#2714,#2713,#1001,.T.);
#3382=EDGE_CURVE('',#2715,#2714,#1427,.T.);
#3383=EDGE_CURVE('',#2716,#2715,#1002,.T.);
#3384=EDGE_CURVE('',#2716,#2689,#1428,.T.);
#3385=EDGE_CURVE('',#2717,#2718,#1003,.F.);
#3386=EDGE_CURVE('',#2719,#2717,#1004,.T.);
#3387=EDGE_CURVE('',#2719,#2720,#1005,.T.);
#3388=EDGE_CURVE('',#2718,#2720,#1006,.T.);
#3389=EDGE_CURVE('',#2721,#2722,#1007,.T.);
#3390=EDGE_CURVE('',#2722,#2723,#1429,.T.);
#3391=EDGE_CURVE('',#2723,#2724,#1008,.T.);
#3392=EDGE_CURVE('',#2724,#2721,#1430,.T.);
#3393=EDGE_CURVE('',#2725,#2726,#1009,.T.);
#3394=EDGE_CURVE('',#2726,#2724,#1010,.T.);
#3395=EDGE_CURVE('',#2723,#2725,#1011,.T.);
#3396=EDGE_CURVE('',#2717,#2726,#1431,.T.);
#3397=EDGE_CURVE('',#2725,#2719,#1432,.T.);
#3398=EDGE_CURVE('',#2727,#2728,#1012,.F.);
#3399=EDGE_CURVE('',#2729,#2727,#1013,.T.);
#3400=EDGE_CURVE('',#2729,#2730,#1014,.T.);
#3401=EDGE_CURVE('',#2728,#2730,#1015,.T.);
#3402=EDGE_CURVE('',#2727,#2718,#1433,.T.);
#3403=EDGE_CURVE('',#2720,#2729,#1434,.T.);
#3404=EDGE_CURVE('',#2731,#2732,#1435,.T.);
#3405=EDGE_CURVE('',#2732,#2733,#1016,.T.);
#3406=EDGE_CURVE('',#2733,#2734,#1436,.T.);
#3407=EDGE_CURVE('',#2734,#2731,#42,.T.);
#3408=EDGE_CURVE('',#2734,#2728,#1437,.T.);
#3409=EDGE_CURVE('',#2730,#2731,#1438,.T.);
#3410=EDGE_CURVE('',#2735,#2736,#1017,.T.);
#3411=EDGE_CURVE('',#2736,#2727,#1439,.T.);
#3412=EDGE_CURVE('',#2728,#2735,#1440,.T.);
#3413=EDGE_CURVE('',#2737,#2738,#1018,.T.);
#3414=EDGE_CURVE('',#2738,#2717,#1441,.T.);
#3415=EDGE_CURVE('',#2718,#2737,#1442,.T.);
#3416=EDGE_CURVE('',#2739,#2725,#1443,.T.);
#3417=EDGE_CURVE('',#2715,#2739,#1444,.T.);
#3418=EDGE_CURVE('',#2740,#2714,#1445,.T.);
#3419=EDGE_CURVE('',#2741,#2740,#1446,.T.);
#3420=EDGE_CURVE('',#2742,#2741,#1447,.T.);
#3421=EDGE_CURVE('',#2743,#2742,#1019,.T.);
#3422=EDGE_CURVE('',#2744,#2743,#1448,.T.);
#3423=EDGE_CURVE('',#2745,#2744,#1020,.T.);
#3424=EDGE_CURVE('',#2746,#2745,#1449,.T.);
#3425=EDGE_CURVE('',#2746,#2731,#1450,.T.);
#3426=EDGE_CURVE('',#2723,#2747,#1451,.T.);
#3427=EDGE_CURVE('',#2739,#2747,#1021,.T.);
#3428=EDGE_CURVE('',#2722,#2748,#1452,.T.);
#3429=EDGE_CURVE('',#2749,#2748,#1453,.T.);
#3430=EDGE_CURVE('',#2750,#2749,#1454,.T.);
#3431=EDGE_CURVE('',#2747,#2750,#1455,.T.);
#3432=EDGE_CURVE('',#2738,#2721,#1456,.T.);
#3433=EDGE_CURVE('',#2751,#2752,#1457,.T.);
#3434=EDGE_CURVE('',#2752,#2753,#1022,.T.);
#3435=EDGE_CURVE('',#2753,#2746,#1458,.T.);
#3436=EDGE_CURVE('',#2746,#2751,#43,.T.);
#3437=EDGE_CURVE('',#2754,#2744,#1023,.T.);
#3438=EDGE_CURVE('',#2755,#2754,#1024,.F.);
#3439=EDGE_CURVE('',#2745,#2755,#1025,.T.);
#3440=EDGE_CURVE('',#2756,#2757,#1026,.F.);
#3441=EDGE_CURVE('',#2743,#2756,#1027,.T.);
#3442=EDGE_CURVE('',#2757,#2742,#1028,.T.);
#3443=EDGE_CURVE('',#2756,#2754,#1459,.T.);
#3444=EDGE_CURVE('',#2741,#2758,#1029,.T.);
#3445=EDGE_CURVE('',#2758,#2757,#1460,.T.);
#3446=EDGE_CURVE('',#2759,#2760,#1030,.T.);
#3447=EDGE_CURVE('',#2760,#2758,#1031,.T.);
#3448=EDGE_CURVE('',#2741,#2759,#1032,.T.);
#3449=EDGE_CURVE('',#2761,#2762,#1033,.T.);
#3450=EDGE_CURVE('',#2762,#2760,#1461,.T.);
#3451=EDGE_CURVE('',#2759,#2761,#1462,.T.);
#3452=EDGE_CURVE('',#2763,#2764,#1034,.T.);
#3453=EDGE_CURVE('',#2764,#2756,#1463,.T.);
#3454=EDGE_CURVE('',#2757,#2763,#1464,.T.);
#3455=EDGE_CURVE('',#2765,#2766,#1035,.T.);
#3456=EDGE_CURVE('',#2766,#2755,#1465,.T.);
#3457=EDGE_CURVE('',#2754,#2765,#1466,.T.);
#3458=EDGE_CURVE('',#2755,#2751,#1467,.T.);
#3459=EDGE_CURVE('',#2767,#2740,#1036,.T.);
#3460=EDGE_CURVE('',#2767,#2759,#1468,.T.);
#3461=EDGE_CURVE('',#2768,#2753,#1469,.T.);
#3462=EDGE_CURVE('',#2769,#2768,#1470,.T.);
#3463=EDGE_CURVE('',#2770,#2769,#1471,.T.);
#3464=EDGE_CURVE('',#2771,#2770,#1472,.T.);
#3465=EDGE_CURVE('',#2732,#2771,#1473,.T.);
#3466=EDGE_CURVE('',#2752,#2766,#1474,.T.);
#3467=EDGE_CURVE('',#2772,#2773,#1475,.T.);
#3468=EDGE_CURVE('',#2773,#2774,#44,.T.);
#3469=EDGE_CURVE('',#2774,#2775,#1476,.T.);
#3470=EDGE_CURVE('',#2772,#2775,#45,.T.);
#3471=EDGE_CURVE('',#2776,#2774,#1477,.T.);
#3472=EDGE_CURVE('',#2773,#2777,#1478,.T.);
#3473=EDGE_CURVE('',#2777,#2776,#46,.T.);
#3474=EDGE_CURVE('',#2778,#2776,#1479,.T.);
#3475=EDGE_CURVE('',#2777,#2779,#1480,.T.);
#3476=EDGE_CURVE('',#2779,#2778,#47,.T.);
#3477=EDGE_CURVE('',#2775,#2778,#1481,.T.);
#3478=EDGE_CURVE('',#2779,#2772,#1482,.T.);
#3479=EDGE_CURVE('',#2775,#2780,#1483,.T.);
#3480=EDGE_CURVE('',#2780,#2781,#1484,.T.);
#3481=EDGE_CURVE('',#2778,#2781,#1485,.T.);
#3482=EDGE_CURVE('',#2774,#2782,#1486,.T.);
#3483=EDGE_CURVE('',#2782,#2780,#1487,.T.);
#3484=EDGE_CURVE('',#2783,#2784,#1488,.T.);
#3485=EDGE_CURVE('',#2785,#2783,#1489,.T.);
#3486=EDGE_CURVE('',#2786,#2785,#1490,.T.);
#3487=EDGE_CURVE('',#2787,#2786,#1491,.T.);
#3488=EDGE_CURVE('',#2787,#2665,#1492,.T.);
#3489=EDGE_CURVE('',#2784,#2665,#1493,.T.);
#3490=EDGE_CURVE('',#2788,#2789,#1494,.T.);
#3491=EDGE_CURVE('',#2790,#2788,#1495,.T.);
#3492=EDGE_CURVE('',#2791,#2790,#1496,.T.);
#3493=EDGE_CURVE('',#2789,#2791,#1497,.T.);
#3494=EDGE_CURVE('',#2789,#2792,#48,.T.);
#3495=EDGE_CURVE('',#2792,#2793,#1498,.T.);
#3496=EDGE_CURVE('',#2788,#2793,#49,.T.);
#3497=EDGE_CURVE('',#2794,#2792,#1499,.T.);
#3498=EDGE_CURVE('',#2791,#2794,#50,.T.);
#3499=EDGE_CURVE('',#2795,#2794,#1500,.T.);
#3500=EDGE_CURVE('',#2790,#2795,#51,.T.);
#3501=EDGE_CURVE('',#2793,#2795,#1501,.T.);
#3502=EDGE_CURVE('',#2793,#2796,#1502,.T.);
#3503=EDGE_CURVE('',#2796,#2797,#1503,.T.);
#3504=EDGE_CURVE('',#2795,#2797,#1504,.T.);
#3505=EDGE_CURVE('',#2792,#2798,#1505,.T.);
#3506=EDGE_CURVE('',#2798,#2796,#1506,.T.);
#3507=EDGE_CURVE('',#2799,#2776,#1507,.T.);
#3508=EDGE_CURVE('',#2799,#2782,#1508,.T.);
#3509=EDGE_CURVE('',#2800,#2794,#1509,.T.);
#3510=EDGE_CURVE('',#2800,#2798,#1510,.T.);
#3511=EDGE_CURVE('',#2664,#2801,#1511,.T.);
#3512=EDGE_CURVE('',#2784,#2801,#1512,.T.);
#3513=EDGE_CURVE('',#2781,#2663,#1513,.T.);
#3514=EDGE_CURVE('',#2797,#2799,#1514,.T.);
#3515=EDGE_CURVE('',#2802,#2800,#1515,.T.);
#3516=EDGE_CURVE('',#2801,#2802,#1516,.T.);
#3517=EDGE_CURVE('',#2733,#2735,#1517,.T.);
#3518=EDGE_CURVE('',#2770,#2803,#1518,.T.);
#3519=EDGE_CURVE('',#2803,#2804,#1519,.T.);
#3520=EDGE_CURVE('',#2771,#2804,#1520,.T.);
#3521=EDGE_CURVE('',#2805,#2806,#1521,.T.);
#3522=EDGE_CURVE('',#2805,#2807,#1522,.T.);
#3523=EDGE_CURVE('',#2807,#2808,#1523,.T.);
#3524=EDGE_CURVE('',#2806,#2808,#1524,.T.);
#3525=EDGE_CURVE('',#2809,#2810,#1525,.T.);
#3526=EDGE_CURVE('',#2809,#2811,#1526,.T.);
#3527=EDGE_CURVE('',#2811,#2812,#1527,.T.);
#3528=EDGE_CURVE('',#2810,#2812,#1528,.T.);
#3529=EDGE_CURVE('',#2768,#2813,#1529,.T.);
#3530=EDGE_CURVE('',#2813,#2814,#1530,.T.);
#3531=EDGE_CURVE('',#2769,#2814,#1531,.T.);
#3532=EDGE_CURVE('',#2813,#2804,#1532,.T.);
#3533=EDGE_CURVE('',#2808,#2803,#1533,.T.);
#3534=EDGE_CURVE('',#2812,#2807,#1534,.T.);
#3535=EDGE_CURVE('',#2814,#2811,#1535,.T.);
#3536=EDGE_CURVE('',#2815,#2662,#1536,.T.);
#3537=EDGE_CURVE('',#2816,#2815,#1537,.T.);
#3538=EDGE_CURVE('',#2810,#2816,#1538,.T.);
#3539=EDGE_CURVE('',#2817,#2805,#1539,.T.);
#3540=EDGE_CURVE('',#2818,#2817,#1540,.T.);
#3541=EDGE_CURVE('',#2819,#2818,#1541,.T.);
#3542=EDGE_CURVE('',#2802,#2819,#1542,.T.);
#3543=EDGE_CURVE('',#2820,#2806,#1543,.T.);
#3544=EDGE_CURVE('',#2817,#2820,#1544,.T.);
#3545=EDGE_CURVE('',#2764,#2765,#1545,.T.);
#3546=EDGE_CURVE('',#2821,#2822,#1037,.T.);
#3547=EDGE_CURVE('',#2823,#2822,#1038,.T.);
#3548=EDGE_CURVE('',#2824,#2823,#1039,.F.);
#3549=EDGE_CURVE('',#2821,#2824,#1040,.T.);
#3550=EDGE_CURVE('',#2825,#2826,#1041,.T.);
#3551=EDGE_CURVE('',#2826,#2823,#1546,.T.);
#3552=EDGE_CURVE('',#2822,#2825,#1547,.T.);
#3553=EDGE_CURVE('',#2827,#2828,#1042,.T.);
#3554=EDGE_CURVE('',#2828,#2826,#1043,.T.);
#3555=EDGE_CURVE('',#2825,#2827,#1044,.T.);
#3556=EDGE_CURVE('',#2829,#2830,#1045,.T.);
#3557=EDGE_CURVE('',#2830,#2828,#1548,.T.);
#3558=EDGE_CURVE('',#2827,#2829,#1549,.T.);
#3559=EDGE_CURVE('',#2831,#2832,#1046,.T.);
#3560=EDGE_CURVE('',#2832,#2824,#1550,.T.);
#3561=EDGE_CURVE('',#2823,#2831,#1551,.T.);
#3562=EDGE_CURVE('',#2833,#2834,#1047,.F.);
#3563=EDGE_CURVE('',#2835,#2833,#1048,.T.);
#3564=EDGE_CURVE('',#2835,#2836,#1049,.T.);
#3565=EDGE_CURVE('',#2834,#2836,#1050,.T.);
#3566=EDGE_CURVE('',#2837,#2835,#1552,.T.);
#3567=EDGE_CURVE('',#2833,#2838,#1553,.T.);
#3568=EDGE_CURVE('',#2838,#2837,#52,.T.);
#3569=EDGE_CURVE('',#2838,#2839,#1554,.T.);
#3570=EDGE_CURVE('',#2839,#2840,#1051,.T.);
#3571=EDGE_CURVE('',#2840,#2837,#1555,.T.);
#3572=EDGE_CURVE('',#2836,#2821,#1556,.T.);
#3573=EDGE_CURVE('',#2824,#2834,#1557,.T.);
#3574=EDGE_CURVE('',#2841,#2842,#1052,.T.);
#3575=EDGE_CURVE('',#2842,#2833,#1558,.T.);
#3576=EDGE_CURVE('',#2834,#2841,#1559,.T.);
#3577=EDGE_CURVE('',#2843,#2827,#1560,.T.);
#3578=EDGE_CURVE('',#2844,#2843,#1561,.T.);
#3579=EDGE_CURVE('',#2844,#2845,#1562,.T.);
#3580=EDGE_CURVE('',#2846,#2845,#1563,.T.);
#3581=EDGE_CURVE('',#2829,#2846,#1564,.T.);
#3582=EDGE_CURVE('',#2825,#2847,#1565,.T.);
#3583=EDGE_CURVE('',#2843,#2847,#1053,.T.);
#3584=EDGE_CURVE('',#2848,#2837,#1566,.T.);
#3585=EDGE_CURVE('',#2849,#2848,#1567,.T.);
#3586=EDGE_CURVE('',#2850,#2849,#1054,.T.);
#3587=EDGE_CURVE('',#2851,#2850,#1568,.T.);
#3588=EDGE_CURVE('',#2852,#2851,#1055,.T.);
#3589=EDGE_CURVE('',#2853,#2852,#1569,.T.);
#3590=EDGE_CURVE('',#2854,#2853,#1570,.T.);
#3591=EDGE_CURVE('',#2705,#2854,#1571,.T.);
#3592=EDGE_CURVE('',#2847,#2704,#1572,.T.);
#3593=EDGE_CURVE('',#2840,#2855,#1573,.T.);
#3594=EDGE_CURVE('',#2855,#2856,#1574,.T.);
#3595=EDGE_CURVE('',#2856,#2857,#1575,.T.);
#3596=EDGE_CURVE('',#2857,#2858,#1576,.T.);
#3597=EDGE_CURVE('',#2858,#2859,#1577,.T.);
#3598=EDGE_CURVE('',#2848,#2859,#1578,.T.);
#3599=EDGE_CURVE('',#2839,#2842,#1579,.T.);
#3600=EDGE_CURVE('',#2859,#2860,#1056,.T.);
#3601=EDGE_CURVE('',#2860,#2861,#1580,.T.);
#3602=EDGE_CURVE('',#2861,#2848,#53,.T.);
#3603=EDGE_CURVE('',#2862,#2863,#1057,.F.);
#3604=EDGE_CURVE('',#2850,#2862,#1058,.T.);
#3605=EDGE_CURVE('',#2863,#2849,#1059,.T.);
#3606=EDGE_CURVE('',#2864,#2851,#1060,.T.);
#3607=EDGE_CURVE('',#2865,#2864,#1061,.F.);
#3608=EDGE_CURVE('',#2852,#2865,#1062,.T.);
#3609=EDGE_CURVE('',#2862,#2864,#1581,.T.);
#3610=EDGE_CURVE('',#2866,#2867,#1063,.T.);
#3611=EDGE_CURVE('',#2867,#2865,#1582,.T.);
#3612=EDGE_CURVE('',#2864,#2866,#1583,.T.);
#3613=EDGE_CURVE('',#2868,#2853,#1064,.T.);
#3614=EDGE_CURVE('',#2865,#2868,#1584,.T.);
#3615=EDGE_CURVE('',#2869,#2870,#1065,.T.);
#3616=EDGE_CURVE('',#2870,#2853,#1066,.T.);
#3617=EDGE_CURVE('',#2868,#2869,#1067,.T.);
#3618=EDGE_CURVE('',#2871,#2872,#1068,.T.);
#3619=EDGE_CURVE('',#2872,#2870,#1585,.T.);
#3620=EDGE_CURVE('',#2869,#2871,#1586,.T.);
#3621=EDGE_CURVE('',#2861,#2863,#1587,.T.);
#3622=EDGE_CURVE('',#2873,#2874,#1069,.T.);
#3623=EDGE_CURVE('',#2874,#2862,#1588,.T.);
#3624=EDGE_CURVE('',#2863,#2873,#1589,.T.);
#3625=EDGE_CURVE('',#2871,#2867,#1590,.T.);
#3626=EDGE_CURVE('',#2866,#2874,#1591,.T.);
#3627=EDGE_CURVE('',#2709,#2846,#1592,.T.);
#3628=EDGE_CURVE('',#2648,#2872,#1593,.T.);
#3629=EDGE_CURVE('',#2860,#2873,#1594,.T.);
#3630=EDGE_CURVE('',#2858,#2875,#1595,.T.);
#3631=EDGE_CURVE('',#2875,#2876,#1596,.T.);
#3632=EDGE_CURVE('',#2855,#2876,#1597,.T.);
#3633=EDGE_CURVE('',#2841,#2832,#1598,.T.);
#3634=EDGE_CURVE('',#2831,#2830,#1599,.T.);
#3635=EDGE_CURVE('',#2875,#2877,#1600,.T.);
#3636=EDGE_CURVE('',#2877,#2878,#1601,.T.);
#3637=EDGE_CURVE('',#2878,#2879,#1602,.T.);
#3638=EDGE_CURVE('',#2879,#2880,#1603,.T.);
#3639=EDGE_CURVE('',#2880,#2881,#1604,.T.);
#3640=EDGE_CURVE('',#2881,#2882,#1605,.T.);
#3641=EDGE_CURVE('',#2882,#2876,#1606,.T.);
#3642=EDGE_CURVE('',#2856,#2882,#1607,.T.);
#3643=EDGE_CURVE('',#2883,#2884,#1608,.T.);
#3644=EDGE_CURVE('',#2883,#2881,#1609,.T.);
#3645=EDGE_CURVE('',#2884,#2880,#1610,.T.);
#3646=EDGE_CURVE('',#2885,#2886,#1611,.T.);
#3647=EDGE_CURVE('',#2885,#2879,#1612,.T.);
#3648=EDGE_CURVE('',#2886,#2878,#1613,.T.);
#3649=EDGE_CURVE('',#2857,#2877,#1614,.T.);
#3650=EDGE_CURVE('',#2887,#2884,#1615,.T.);
#3651=EDGE_CURVE('',#2887,#2888,#1616,.T.);
#3652=EDGE_CURVE('',#2888,#2883,#1617,.T.);
#3653=EDGE_CURVE('',#2889,#2890,#1618,.T.);
#3654=EDGE_CURVE('',#2890,#2891,#54,.T.);
#3655=EDGE_CURVE('',#2891,#2892,#1619,.T.);
#3656=EDGE_CURVE('',#2892,#2889,#55,.T.);
#3657=EDGE_CURVE('',#2890,#2893,#1620,.T.);
#3658=EDGE_CURVE('',#2893,#2894,#56,.T.);
#3659=EDGE_CURVE('',#2894,#2891,#1621,.T.);
#3660=EDGE_CURVE('',#2895,#2894,#1622,.T.);
#3661=EDGE_CURVE('',#2893,#2896,#1623,.T.);
#3662=EDGE_CURVE('',#2896,#2895,#57,.T.);
#3663=EDGE_CURVE('',#2892,#2895,#1624,.T.);
#3664=EDGE_CURVE('',#2896,#2889,#1625,.T.);
#3665=EDGE_CURVE('',#2897,#2890,#1626,.T.);
#3666=EDGE_CURVE('',#2898,#2897,#1627,.T.);
#3667=EDGE_CURVE('',#2893,#2898,#1628,.T.);
#3668=EDGE_CURVE('',#2889,#2899,#1629,.T.);
#3669=EDGE_CURVE('',#2899,#2900,#1630,.T.);
#3670=EDGE_CURVE('',#2901,#2900,#1631,.T.);
#3671=EDGE_CURVE('',#2901,#2902,#1632,.T.);
#3672=EDGE_CURVE('',#2902,#2887,#1633,.T.);
#3673=EDGE_CURVE('',#2885,#2903,#1634,.T.);
#3674=EDGE_CURVE('',#2903,#2904,#1635,.T.);
#3675=EDGE_CURVE('',#2904,#2645,#1636,.T.);
#3676=EDGE_CURVE('',#2644,#2905,#1637,.T.);
#3677=EDGE_CURVE('',#2905,#2906,#1638,.T.);
#3678=EDGE_CURVE('',#2907,#2906,#1639,.T.);
#3679=EDGE_CURVE('',#2907,#2908,#1640,.T.);
#3680=EDGE_CURVE('',#2908,#2897,#1641,.T.);
#3681=EDGE_CURVE('',#2909,#2642,#1642,.T.);
#3682=EDGE_CURVE('',#2910,#2642,#1643,.T.);
#3683=EDGE_CURVE('',#2911,#2910,#1644,.T.);
#3684=EDGE_CURVE('',#2912,#2911,#1645,.T.);
#3685=EDGE_CURVE('',#2913,#2912,#1646,.T.);
#3686=EDGE_CURVE('',#2913,#2909,#1647,.T.);
#3687=EDGE_CURVE('',#2914,#2915,#1648,.T.);
#3688=EDGE_CURVE('',#2916,#2914,#1649,.T.);
#3689=EDGE_CURVE('',#2917,#2916,#1650,.T.);
#3690=EDGE_CURVE('',#2915,#2917,#1651,.T.);
#3691=EDGE_CURVE('',#2906,#2914,#58,.T.);
#3692=EDGE_CURVE('',#2915,#2907,#59,.T.);
#3693=EDGE_CURVE('',#2906,#2918,#1652,.T.);
#3694=EDGE_CURVE('',#2918,#2916,#60,.T.);
#3695=EDGE_CURVE('',#2918,#2919,#1653,.T.);
#3696=EDGE_CURVE('',#2919,#2917,#61,.T.);
#3697=EDGE_CURVE('',#2919,#2907,#1654,.T.);
#3698=EDGE_CURVE('',#2920,#2905,#1655,.T.);
#3699=EDGE_CURVE('',#2918,#2920,#1656,.T.);
#3700=EDGE_CURVE('',#2921,#2920,#1657,.T.);
#3701=EDGE_CURVE('',#2919,#2921,#1658,.T.);
#3702=EDGE_CURVE('',#2908,#2921,#1659,.T.);
#3703=EDGE_CURVE('',#2922,#2898,#1660,.T.);
#3704=EDGE_CURVE('',#2896,#2922,#1661,.T.);
#3705=EDGE_CURVE('',#2899,#2922,#1662,.T.);
#3706=EDGE_CURVE('',#2923,#2909,#1663,.T.);
#3707=EDGE_CURVE('',#2643,#2923,#1664,.T.);
#3708=EDGE_CURVE('',#2900,#2923,#1665,.T.);
#3709=EDGE_CURVE('',#2542,#2924,#1666,.T.);
#3710=EDGE_CURVE('',#2924,#2670,#1667,.T.);
#3711=EDGE_CURVE('',#2469,#2470,#1668,.T.);
#3712=EDGE_CURVE('',#2669,#2784,#1669,.T.);
#3713=EDGE_CURVE('',#2819,#2925,#1670,.T.);
#3714=EDGE_CURVE('',#2925,#2749,#1671,.T.);
#3715=EDGE_CURVE('',#2748,#2710,#1672,.T.);
#3716=EDGE_CURVE('',#2845,#2926,#1673,.T.);
#3717=EDGE_CURVE('',#2926,#2901,#1674,.T.);
#3718=EDGE_CURVE('',#2909,#2927,#1675,.T.);
#3719=EDGE_CURVE('',#2927,#2548,#1676,.T.);
#3720=EDGE_CURVE('',#2486,#2485,#1677,.T.);
#3721=EDGE_CURVE('',#2928,#2929,#1678,.T.);
#3722=EDGE_CURVE('',#2929,#2930,#1070,.F.);
#3723=EDGE_CURVE('',#2930,#2931,#1679,.T.);
#3724=EDGE_CURVE('',#2931,#2928,#62,.T.);
#3725=EDGE_CURVE('',#2932,#2928,#1680,.T.);
#3726=EDGE_CURVE('',#2931,#2933,#1681,.T.);
#3727=EDGE_CURVE('',#2933,#2932,#63,.T.);
#3728=EDGE_CURVE('',#2933,#2708,#1682,.T.);
#3729=EDGE_CURVE('',#2707,#2932,#1683,.T.);
#3730=EDGE_CURVE('',#2929,#2934,#1684,.T.);
#3731=EDGE_CURVE('',#2935,#2706,#1685,.T.);
#3732=EDGE_CURVE('',#2936,#2935,#1686,.T.);
#3733=EDGE_CURVE('',#2937,#2936,#1687,.T.);
#3734=EDGE_CURVE('',#2938,#2937,#1688,.T.);
#3735=EDGE_CURVE('',#2939,#2938,#1689,.T.);
#3736=EDGE_CURVE('',#2940,#2939,#1690,.T.);
#3737=EDGE_CURVE('',#2941,#2940,#1691,.T.);
#3738=EDGE_CURVE('',#2942,#2941,#1692,.T.);
#3739=EDGE_CURVE('',#2943,#2942,#1693,.T.);
#3740=EDGE_CURVE('',#2944,#2943,#1694,.T.);
#3741=EDGE_CURVE('',#2713,#2944,#1695,.T.);
#3742=EDGE_CURVE('',#2945,#2712,#1696,.T.);
#3743=EDGE_CURVE('',#2946,#2945,#1697,.T.);
#3744=EDGE_CURVE('',#2934,#2946,#1698,.T.);
#3745=EDGE_CURVE('',#2711,#2947,#1699,.T.);
#3746=EDGE_CURVE('',#2947,#2945,#64,.T.);
#3747=EDGE_CURVE('',#2947,#2948,#1700,.T.);
#3748=EDGE_CURVE('',#2948,#2946,#65,.T.);
#3749=EDGE_CURVE('',#2948,#2949,#1701,.T.);
#3750=EDGE_CURVE('',#2949,#2934,#1071,.F.);
#3751=EDGE_CURVE('',#2656,#2950,#1702,.T.);
#3752=EDGE_CURVE('',#2951,#2655,#1703,.T.);
#3753=EDGE_CURVE('',#2950,#2951,#1704,.T.);
#3754=EDGE_CURVE('',#2950,#2952,#1705,.T.);
#3755=EDGE_CURVE('',#2953,#2951,#1706,.T.);
#3756=EDGE_CURVE('',#2953,#2952,#1707,.T.);
#3757=EDGE_CURVE('',#2954,#2955,#1708,.T.);
#3758=EDGE_CURVE('',#2955,#2956,#1709,.T.);
#3759=EDGE_CURVE('',#2957,#2956,#1710,.T.);
#3760=EDGE_CURVE('',#2954,#2957,#1711,.T.);
#3761=EDGE_CURVE('',#2651,#2954,#1712,.T.);
#3762=EDGE_CURVE('',#2652,#2957,#1713,.T.);
#3763=EDGE_CURVE('',#2947,#2952,#1714,.T.);
#3764=EDGE_CURVE('',#2948,#2953,#1715,.T.);
#3765=EDGE_CURVE('',#2949,#2654,#1716,.T.);
#3766=EDGE_CURVE('',#2931,#2956,#1717,.T.);
#3767=EDGE_CURVE('',#2933,#2955,#1718,.T.);
#3768=EDGE_CURVE('',#2653,#2930,#1719,.T.);
#3769=EDGE_CURVE('',#2747,#2958,#1072,.T.);
#3770=EDGE_CURVE('',#2958,#2739,#1073,.T.);
#3771=EDGE_CURVE('',#2958,#2716,#1720,.T.);
#3772=EDGE_CURVE('',#2740,#2944,#1074,.T.);
#3773=EDGE_CURVE('',#2944,#2767,#1075,.T.);
#3774=EDGE_CURVE('',#2959,#2767,#1721,.T.);
#3775=EDGE_CURVE('',#2959,#2660,#1722,.T.);
#3776=EDGE_CURVE('',#2659,#2761,#1723,.T.);
#3777=EDGE_CURVE('',#2959,#2943,#66,.T.);
#3778=EDGE_CURVE('',#2854,#2960,#1076,.T.);
#3779=EDGE_CURVE('',#2960,#2935,#1077,.T.);
#3780=EDGE_CURVE('',#2935,#2854,#1078,.T.);
#3781=EDGE_CURVE('',#2870,#2960,#1724,.T.);
#3782=EDGE_CURVE('',#2847,#2961,#1079,.T.);
#3783=EDGE_CURVE('',#2961,#2843,#1080,.T.);
#3784=EDGE_CURVE('',#2961,#2962,#1725,.T.);
#3785=EDGE_CURVE('',#2962,#2844,#67,.T.);
#3786=EDGE_CURVE('',#2703,#2961,#1726,.T.);
#3787=EDGE_CURVE('',#2785,#2963,#1081,.F.);
#3788=EDGE_CURVE('',#2964,#2785,#1082,.F.);
#3789=EDGE_CURVE('',#2963,#2964,#1083,.F.);
#3790=EDGE_CURVE('',#2960,#2965,#1727,.T.);
#3791=EDGE_CURVE('',#2965,#2936,#68,.T.);
#3792=EDGE_CURVE('',#2966,#2912,#1084,.F.);
#3793=EDGE_CURVE('',#2967,#2966,#1085,.F.);
#3794=EDGE_CURVE('',#2912,#2967,#1086,.F.);
#3795=EDGE_CURVE('',#2962,#2967,#1728,.T.);
#3796=EDGE_CURVE('',#2966,#2844,#1729,.T.);
#3797=EDGE_CURVE('',#2942,#2968,#1087,.F.);
#3798=EDGE_CURVE('',#2786,#2942,#1088,.F.);
#3799=EDGE_CURVE('',#2968,#2786,#1089,.F.);
#3800=EDGE_CURVE('',#2967,#2969,#1730,.T.);
#3801=EDGE_CURVE('',#2969,#2913,#69,.T.);
#3802=EDGE_CURVE('',#2937,#2911,#1090,.F.);
#3803=EDGE_CURVE('',#2970,#2937,#1091,.F.);
#3804=EDGE_CURVE('',#2911,#2970,#1092,.F.);
#3805=EDGE_CURVE('',#2965,#2970,#1731,.T.);
#3806=EDGE_CURVE('',#2970,#2966,#1732,.T.);
#3807=EDGE_CURVE('',#2971,#2972,#1093,.F.);
#3808=EDGE_CURVE('',#2973,#2971,#1094,.F.);
#3809=EDGE_CURVE('',#2972,#2973,#1095,.F.);
#3810=EDGE_CURVE('',#2974,#2975,#1096,.F.);
#3811=EDGE_CURVE('',#2976,#2974,#1097,.F.);
#3812=EDGE_CURVE('',#2975,#2976,#1098,.F.);
#3813=EDGE_CURVE('',#2969,#2976,#1733,.T.);
#3814=EDGE_CURVE('',#2974,#2913,#1734,.T.);
#3815=EDGE_CURVE('',#2971,#2975,#1735,.T.);
#3816=EDGE_CURVE('',#2976,#2973,#1736,.T.);
#3817=EDGE_CURVE('',#2910,#2938,#70,.T.);
#3818=EDGE_CURVE('',#2940,#2977,#1099,.F.);
#3819=EDGE_CURVE('',#2978,#2940,#1100,.F.);
#3820=EDGE_CURVE('',#2977,#2978,#1101,.F.);
#3821=EDGE_CURVE('',#2939,#2979,#1102,.F.);
#3822=EDGE_CURVE('',#2980,#2939,#1103,.F.);
#3823=EDGE_CURVE('',#2979,#2980,#1104,.F.);
#3824=EDGE_CURVE('',#2910,#2980,#1737,.T.);
#3825=EDGE_CURVE('',#2975,#2979,#1738,.T.);
#3826=EDGE_CURVE('',#2980,#2974,#1739,.T.);
#3827=EDGE_CURVE('',#2979,#2978,#1740,.T.);
#3828=EDGE_CURVE('',#2972,#2977,#1741,.T.);
#3829=EDGE_CURVE('',#2978,#2971,#1742,.T.);
#3830=EDGE_CURVE('',#2977,#2787,#1743,.T.);
#3831=EDGE_CURVE('',#2787,#2941,#71,.T.);
#3832=EDGE_CURVE('',#2783,#2972,#1744,.T.);
#3833=EDGE_CURVE('',#2973,#2981,#1745,.T.);
#3834=EDGE_CURVE('',#2981,#2783,#72,.T.);
#3835=EDGE_CURVE('',#2963,#2968,#1746,.T.);
#3836=EDGE_CURVE('',#2968,#2959,#1747,.T.);
#3837=EDGE_CURVE('',#2981,#2964,#1748,.T.);
#3838=EDGE_CURVE('',#2750,#2963,#1749,.T.);
#3839=EDGE_CURVE('',#2964,#2982,#1750,.T.);
#3840=EDGE_CURVE('',#2982,#2750,#73,.T.);
#3841=EDGE_CURVE('',#2982,#2958,#1751,.T.);
#3842=EDGE_CURVE('',#2784,#2665,#1752,.T.);
#3843=EDGE_CURVE('',#2965,#2647,#1753,.T.);
#3844=EDGE_CURVE('',#2925,#2983,#1754,.T.);
#3845=EDGE_CURVE('',#2983,#2820,#1755,.T.);
#3846=EDGE_CURVE('',#2809,#2984,#1756,.T.);
#3847=EDGE_CURVE('',#2984,#2985,#1757,.T.);
#3848=EDGE_CURVE('',#2985,#2661,#1758,.T.);
#3849=EDGE_CURVE('',#2668,#2924,#1759,.T.);
#3850=EDGE_CURVE('',#2736,#2737,#1760,.T.);
#3851=EDGE_CURVE('',#2762,#2763,#1761,.T.);
#3852=EDGE_CURVE('',#2983,#2818,#1762,.T.);
#3853=EDGE_CURVE('',#2985,#2815,#1763,.T.);
#3854=EDGE_CURVE('',#2984,#2816,#1764,.T.);
#3855=EDGE_CURVE('',#2986,#2888,#1765,.T.);
#3856=EDGE_CURVE('',#2986,#2902,#1766,.T.);
#3857=EDGE_CURVE('',#2926,#2986,#1767,.T.);
#3858=EDGE_CURVE('',#2987,#2646,#1768,.T.);
#3859=EDGE_CURVE('',#2987,#2904,#1769,.T.);
#3860=EDGE_CURVE('',#2988,#2987,#1770,.T.);
#3861=EDGE_CURVE('',#2988,#2903,#1771,.T.);
#3862=EDGE_CURVE('',#2886,#2988,#1772,.T.);
#3863=EDGE_CURVE('',#2909,#2642,#1773,.T.);
#3864=EDGE_CURVE('',#2927,#2641,#1774,.T.);
#3865=EDGE_CURVE('',#2483,#2484,#1775,.T.);
#3866=EDGE_CURVE('',#2481,#2482,#1776,.T.);
#3867=EDGE_CURVE('',#2501,#2502,#1777,.T.);
#3868=ORIENTED_EDGE('',*,*,#2989,.F.);
#3869=ORIENTED_EDGE('',*,*,#2990,.F.);
#3870=ORIENTED_EDGE('',*,*,#2991,.F.);
#3871=ORIENTED_EDGE('',*,*,#2992,.F.);
#3872=ORIENTED_EDGE('',*,*,#2993,.F.);
#3873=ORIENTED_EDGE('',*,*,#2994,.T.);
#3874=ORIENTED_EDGE('',*,*,#2995,.F.);
#3875=ORIENTED_EDGE('',*,*,#2996,.T.);
#3876=ORIENTED_EDGE('',*,*,#2997,.T.);
#3877=ORIENTED_EDGE('',*,*,#2996,.F.);
#3878=ORIENTED_EDGE('',*,*,#2997,.F.);
#3879=ORIENTED_EDGE('',*,*,#2998,.F.);
#3880=ORIENTED_EDGE('',*,*,#2999,.T.);
#3881=ORIENTED_EDGE('',*,*,#3000,.T.);
#3882=ORIENTED_EDGE('',*,*,#2999,.F.);
#3883=ORIENTED_EDGE('',*,*,#3000,.F.);
#3884=ORIENTED_EDGE('',*,*,#3001,.F.);
#3885=ORIENTED_EDGE('',*,*,#3002,.T.);
#3886=ORIENTED_EDGE('',*,*,#3003,.T.);
#3887=ORIENTED_EDGE('',*,*,#3002,.F.);
#3888=ORIENTED_EDGE('',*,*,#3003,.F.);
#3889=ORIENTED_EDGE('',*,*,#3004,.F.);
#3890=ORIENTED_EDGE('',*,*,#3005,.T.);
#3891=ORIENTED_EDGE('',*,*,#3006,.T.);
#3892=ORIENTED_EDGE('',*,*,#3005,.F.);
#3893=ORIENTED_EDGE('',*,*,#3006,.F.);
#3894=ORIENTED_EDGE('',*,*,#2989,.T.);
#3895=ORIENTED_EDGE('',*,*,#3007,.T.);
#3896=ORIENTED_EDGE('',*,*,#3008,.F.);
#3897=ORIENTED_EDGE('',*,*,#3009,.F.);
#3898=ORIENTED_EDGE('',*,*,#2991,.T.);
#3899=ORIENTED_EDGE('',*,*,#3010,.F.);
#3900=ORIENTED_EDGE('',*,*,#2990,.T.);
#3901=ORIENTED_EDGE('',*,*,#3010,.T.);
#3902=ORIENTED_EDGE('',*,*,#3011,.F.);
#3903=ORIENTED_EDGE('',*,*,#3012,.F.);
#3904=ORIENTED_EDGE('',*,*,#3013,.T.);
#3905=ORIENTED_EDGE('',*,*,#3014,.F.);
#3906=ORIENTED_EDGE('',*,*,#3011,.T.);
#3907=ORIENTED_EDGE('',*,*,#3015,.F.);
#3908=ORIENTED_EDGE('',*,*,#3013,.F.);
#3909=ORIENTED_EDGE('',*,*,#3016,.F.);
#3910=ORIENTED_EDGE('',*,*,#3017,.F.);
#3911=ORIENTED_EDGE('',*,*,#3018,.T.);
#3912=ORIENTED_EDGE('',*,*,#3019,.F.);
#3913=ORIENTED_EDGE('',*,*,#3020,.F.);
#3914=ORIENTED_EDGE('',*,*,#3015,.T.);
#3915=ORIENTED_EDGE('',*,*,#3014,.T.);
#3916=ORIENTED_EDGE('',*,*,#3021,.F.);
#3917=ORIENTED_EDGE('',*,*,#3022,.F.);
#3918=ORIENTED_EDGE('',*,*,#3023,.F.);
#3919=ORIENTED_EDGE('',*,*,#3024,.T.);
#3920=ORIENTED_EDGE('',*,*,#3025,.F.);
#3921=ORIENTED_EDGE('',*,*,#3026,.F.);
#3922=ORIENTED_EDGE('',*,*,#3027,.T.);
#3923=ORIENTED_EDGE('',*,*,#3028,.F.);
#3924=ORIENTED_EDGE('',*,*,#3021,.T.);
#3925=ORIENTED_EDGE('',*,*,#3029,.F.);
#3926=ORIENTED_EDGE('',*,*,#3027,.F.);
#3927=ORIENTED_EDGE('',*,*,#3030,.F.);
#3928=ORIENTED_EDGE('',*,*,#3029,.T.);
#3929=ORIENTED_EDGE('',*,*,#3028,.T.);
#3930=ORIENTED_EDGE('',*,*,#3031,.T.);
#3931=ORIENTED_EDGE('',*,*,#3032,.F.);
#3932=ORIENTED_EDGE('',*,*,#3033,.F.);
#3933=ORIENTED_EDGE('',*,*,#3034,.F.);
#3934=ORIENTED_EDGE('',*,*,#3035,.F.);
#3935=ORIENTED_EDGE('',*,*,#3036,.F.);
#3936=ORIENTED_EDGE('',*,*,#3033,.T.);
#3937=ORIENTED_EDGE('',*,*,#3037,.F.);
#3938=ORIENTED_EDGE('',*,*,#3031,.F.);
#3939=ORIENTED_EDGE('',*,*,#3038,.F.);
#3940=ORIENTED_EDGE('',*,*,#3039,.F.);
#3941=ORIENTED_EDGE('',*,*,#3040,.T.);
#3942=ORIENTED_EDGE('',*,*,#3037,.T.);
#3943=ORIENTED_EDGE('',*,*,#3032,.T.);
#3944=ORIENTED_EDGE('',*,*,#3041,.F.);
#3945=ORIENTED_EDGE('',*,*,#3042,.F.);
#3946=ORIENTED_EDGE('',*,*,#3043,.F.);
#3947=ORIENTED_EDGE('',*,*,#3044,.T.);
#3948=ORIENTED_EDGE('',*,*,#3045,.F.);
#3949=ORIENTED_EDGE('',*,*,#3046,.F.);
#3950=ORIENTED_EDGE('',*,*,#3047,.T.);
#3951=ORIENTED_EDGE('',*,*,#3048,.F.);
#3952=ORIENTED_EDGE('',*,*,#3041,.T.);
#3953=ORIENTED_EDGE('',*,*,#3049,.F.);
#3954=ORIENTED_EDGE('',*,*,#3047,.F.);
#3955=ORIENTED_EDGE('',*,*,#3050,.F.);
#3956=ORIENTED_EDGE('',*,*,#3048,.T.);
#3957=ORIENTED_EDGE('',*,*,#3049,.T.);
#3958=ORIENTED_EDGE('',*,*,#3051,.F.);
#3959=ORIENTED_EDGE('',*,*,#3052,.F.);
#3960=ORIENTED_EDGE('',*,*,#3053,.T.);
#3961=ORIENTED_EDGE('',*,*,#3054,.F.);
#3962=ORIENTED_EDGE('',*,*,#3053,.F.);
#3963=ORIENTED_EDGE('',*,*,#3055,.F.);
#3964=ORIENTED_EDGE('',*,*,#3056,.F.);
#3965=ORIENTED_EDGE('',*,*,#3057,.T.);
#3966=ORIENTED_EDGE('',*,*,#3054,.T.);
#3967=ORIENTED_EDGE('',*,*,#3058,.T.);
#3968=ORIENTED_EDGE('',*,*,#3059,.T.);
#3969=ORIENTED_EDGE('',*,*,#3060,.T.);
#3970=ORIENTED_EDGE('',*,*,#3061,.T.);
#3971=ORIENTED_EDGE('',*,*,#3062,.T.);
#3972=ORIENTED_EDGE('',*,*,#3063,.T.);
#3973=ORIENTED_EDGE('',*,*,#3064,.F.);
#3974=ORIENTED_EDGE('',*,*,#3065,.T.);
#3975=ORIENTED_EDGE('',*,*,#3066,.T.);
#3976=ORIENTED_EDGE('',*,*,#3067,.T.);
#3977=ORIENTED_EDGE('',*,*,#3068,.F.);
#3978=ORIENTED_EDGE('',*,*,#3069,.T.);
#3979=ORIENTED_EDGE('',*,*,#3070,.T.);
#3980=ORIENTED_EDGE('',*,*,#3007,.F.);
#3981=ORIENTED_EDGE('',*,*,#2994,.F.);
#3982=ORIENTED_EDGE('',*,*,#3009,.T.);
#3983=ORIENTED_EDGE('',*,*,#3071,.T.);
#3984=ORIENTED_EDGE('',*,*,#3072,.T.);
#3985=ORIENTED_EDGE('',*,*,#3073,.F.);
#3986=ORIENTED_EDGE('',*,*,#2992,.T.);
#3987=ORIENTED_EDGE('',*,*,#3074,.F.);
#3988=ORIENTED_EDGE('',*,*,#3075,.T.);
#3989=ORIENTED_EDGE('',*,*,#3076,.T.);
#3990=ORIENTED_EDGE('',*,*,#3077,.T.);
#3991=ORIENTED_EDGE('',*,*,#3078,.F.);
#3992=ORIENTED_EDGE('',*,*,#3079,.T.);
#3993=ORIENTED_EDGE('',*,*,#3080,.T.);
#3994=ORIENTED_EDGE('',*,*,#3081,.T.);
#3995=ORIENTED_EDGE('',*,*,#3082,.T.);
#3996=ORIENTED_EDGE('',*,*,#3083,.T.);
#3997=ORIENTED_EDGE('',*,*,#3084,.T.);
#3998=ORIENTED_EDGE('',*,*,#3008,.T.);
#3999=ORIENTED_EDGE('',*,*,#3070,.F.);
#4000=ORIENTED_EDGE('',*,*,#3085,.T.);
#4001=ORIENTED_EDGE('',*,*,#3071,.F.);
#4002=ORIENTED_EDGE('',*,*,#3019,.T.);
#4003=ORIENTED_EDGE('',*,*,#3086,.F.);
#4004=ORIENTED_EDGE('',*,*,#3087,.T.);
#4005=ORIENTED_EDGE('',*,*,#3088,.F.);
#4006=ORIENTED_EDGE('',*,*,#3016,.T.);
#4007=ORIENTED_EDGE('',*,*,#3089,.F.);
#4008=ORIENTED_EDGE('',*,*,#3090,.T.);
#4009=ORIENTED_EDGE('',*,*,#3091,.T.);
#4010=ORIENTED_EDGE('',*,*,#3012,.T.);
#4011=ORIENTED_EDGE('',*,*,#3092,.F.);
#4012=ORIENTED_EDGE('',*,*,#3093,.F.);
#4013=ORIENTED_EDGE('',*,*,#3094,.F.);
#4014=ORIENTED_EDGE('',*,*,#3095,.T.);
#4015=ORIENTED_EDGE('',*,*,#3086,.T.);
#4016=ORIENTED_EDGE('',*,*,#3018,.F.);
#4017=ORIENTED_EDGE('',*,*,#3096,.T.);
#4018=ORIENTED_EDGE('',*,*,#3097,.T.);
#4019=ORIENTED_EDGE('',*,*,#3098,.F.);
#4020=ORIENTED_EDGE('',*,*,#2995,.T.);
#4021=ORIENTED_EDGE('',*,*,#3026,.T.);
#4022=ORIENTED_EDGE('',*,*,#3099,.T.);
#4023=ORIENTED_EDGE('',*,*,#3100,.T.);
#4024=ORIENTED_EDGE('',*,*,#3101,.F.);
#4025=ORIENTED_EDGE('',*,*,#3030,.T.);
#4026=ORIENTED_EDGE('',*,*,#3102,.F.);
#4027=ORIENTED_EDGE('',*,*,#3103,.F.);
#4028=ORIENTED_EDGE('',*,*,#3025,.T.);
#4029=ORIENTED_EDGE('',*,*,#3104,.F.);
#4030=ORIENTED_EDGE('',*,*,#3105,.T.);
#4031=ORIENTED_EDGE('',*,*,#3099,.F.);
#4032=ORIENTED_EDGE('',*,*,#3106,.F.);
#4033=ORIENTED_EDGE('',*,*,#3107,.F.);
#4034=ORIENTED_EDGE('',*,*,#3108,.F.);
#4035=ORIENTED_EDGE('',*,*,#3109,.F.);
#4036=ORIENTED_EDGE('',*,*,#3040,.F.);
#4037=ORIENTED_EDGE('',*,*,#3110,.F.);
#4038=ORIENTED_EDGE('',*,*,#3111,.F.);
#4039=ORIENTED_EDGE('',*,*,#3004,.T.);
#4040=ORIENTED_EDGE('',*,*,#3039,.T.);
#4041=ORIENTED_EDGE('',*,*,#3112,.F.);
#4042=ORIENTED_EDGE('',*,*,#3113,.F.);
#4043=ORIENTED_EDGE('',*,*,#3110,.T.);
#4044=ORIENTED_EDGE('',*,*,#3034,.T.);
#4045=ORIENTED_EDGE('',*,*,#3114,.F.);
#4046=ORIENTED_EDGE('',*,*,#3115,.F.);
#4047=ORIENTED_EDGE('',*,*,#3038,.T.);
#4048=ORIENTED_EDGE('',*,*,#3116,.F.);
#4049=ORIENTED_EDGE('',*,*,#3117,.T.);
#4050=ORIENTED_EDGE('',*,*,#3112,.T.);
#4051=ORIENTED_EDGE('',*,*,#3118,.F.);
#4052=ORIENTED_EDGE('',*,*,#3119,.F.);
#4053=ORIENTED_EDGE('',*,*,#3120,.F.);
#4054=ORIENTED_EDGE('',*,*,#3121,.F.);
#4055=ORIENTED_EDGE('',*,*,#3122,.F.);
#4056=ORIENTED_EDGE('',*,*,#3123,.F.);
#4057=ORIENTED_EDGE('',*,*,#3044,.F.);
#4058=ORIENTED_EDGE('',*,*,#2998,.T.);
#4059=ORIENTED_EDGE('',*,*,#3050,.T.);
#4060=ORIENTED_EDGE('',*,*,#3124,.F.);
#4061=ORIENTED_EDGE('',*,*,#3125,.F.);
#4062=ORIENTED_EDGE('',*,*,#3046,.T.);
#4063=ORIENTED_EDGE('',*,*,#3126,.T.);
#4064=ORIENTED_EDGE('',*,*,#3127,.T.);
#4065=ORIENTED_EDGE('',*,*,#3128,.F.);
#4066=ORIENTED_EDGE('',*,*,#3042,.T.);
#4067=ORIENTED_EDGE('',*,*,#3129,.F.);
#4068=ORIENTED_EDGE('',*,*,#3130,.T.);
#4069=ORIENTED_EDGE('',*,*,#3131,.T.);
#4070=ORIENTED_EDGE('',*,*,#3055,.T.);
#4071=ORIENTED_EDGE('',*,*,#3132,.F.);
#4072=ORIENTED_EDGE('',*,*,#3133,.T.);
#4073=ORIENTED_EDGE('',*,*,#3134,.T.);
#4074=ORIENTED_EDGE('',*,*,#3135,.T.);
#4075=ORIENTED_EDGE('',*,*,#3136,.F.);
#4076=ORIENTED_EDGE('',*,*,#3137,.T.);
#4077=ORIENTED_EDGE('',*,*,#3138,.T.);
#4078=ORIENTED_EDGE('',*,*,#3139,.T.);
#4079=ORIENTED_EDGE('',*,*,#3140,.T.);
#4080=ORIENTED_EDGE('',*,*,#3141,.T.);
#4081=ORIENTED_EDGE('',*,*,#3142,.T.);
#4082=ORIENTED_EDGE('',*,*,#3143,.F.);
#4083=ORIENTED_EDGE('',*,*,#3144,.F.);
#4084=ORIENTED_EDGE('',*,*,#3145,.F.);
#4085=ORIENTED_EDGE('',*,*,#3057,.F.);
#4086=ORIENTED_EDGE('',*,*,#3146,.F.);
#4087=ORIENTED_EDGE('',*,*,#3147,.F.);
#4088=ORIENTED_EDGE('',*,*,#3148,.F.);
#4089=ORIENTED_EDGE('',*,*,#3149,.F.);
#4090=ORIENTED_EDGE('',*,*,#3150,.F.);
#4091=ORIENTED_EDGE('',*,*,#3151,.F.);
#4092=ORIENTED_EDGE('',*,*,#3152,.F.);
#4093=ORIENTED_EDGE('',*,*,#3153,.F.);
#4094=ORIENTED_EDGE('',*,*,#3154,.F.);
#4095=ORIENTED_EDGE('',*,*,#3155,.F.);
#4096=ORIENTED_EDGE('',*,*,#3056,.T.);
#4097=ORIENTED_EDGE('',*,*,#3142,.F.);
#4098=ORIENTED_EDGE('',*,*,#3156,.F.);
#4099=ORIENTED_EDGE('',*,*,#3146,.T.);
#4100=ORIENTED_EDGE('',*,*,#3051,.T.);
#4101=ORIENTED_EDGE('',*,*,#3145,.T.);
#4102=ORIENTED_EDGE('',*,*,#3157,.T.);
#4103=ORIENTED_EDGE('',*,*,#3158,.F.);
#4104=ORIENTED_EDGE('',*,*,#3159,.F.);
#4105=ORIENTED_EDGE('',*,*,#3160,.T.);
#4106=ORIENTED_EDGE('',*,*,#3161,.F.);
#4107=ORIENTED_EDGE('',*,*,#3162,.F.);
#4108=ORIENTED_EDGE('',*,*,#3163,.F.);
#4109=ORIENTED_EDGE('',*,*,#3164,.F.);
#4110=ORIENTED_EDGE('',*,*,#3100,.F.);
#4111=ORIENTED_EDGE('',*,*,#3105,.F.);
#4112=ORIENTED_EDGE('',*,*,#3023,.T.);
#4113=ORIENTED_EDGE('',*,*,#3165,.F.);
#4114=ORIENTED_EDGE('',*,*,#3160,.F.);
#4115=ORIENTED_EDGE('',*,*,#3166,.F.);
#4116=ORIENTED_EDGE('',*,*,#3166,.T.);
#4117=ORIENTED_EDGE('',*,*,#3159,.T.);
#4118=ORIENTED_EDGE('',*,*,#3167,.F.);
#4119=ORIENTED_EDGE('',*,*,#3168,.F.);
#4120=ORIENTED_EDGE('',*,*,#3163,.T.);
#4121=ORIENTED_EDGE('',*,*,#3104,.T.);
#4122=ORIENTED_EDGE('',*,*,#3024,.F.);
#4123=ORIENTED_EDGE('',*,*,#3001,.T.);
#4124=ORIENTED_EDGE('',*,*,#3022,.T.);
#4125=ORIENTED_EDGE('',*,*,#3169,.F.);
#4126=ORIENTED_EDGE('',*,*,#3161,.T.);
#4127=ORIENTED_EDGE('',*,*,#3165,.T.);
#4128=ORIENTED_EDGE('',*,*,#3043,.T.);
#4129=ORIENTED_EDGE('',*,*,#3131,.F.);
#4130=ORIENTED_EDGE('',*,*,#3170,.F.);
#4131=ORIENTED_EDGE('',*,*,#3118,.T.);
#4132=ORIENTED_EDGE('',*,*,#3119,.T.);
#4133=ORIENTED_EDGE('',*,*,#3170,.T.);
#4134=ORIENTED_EDGE('',*,*,#3130,.F.);
#4135=ORIENTED_EDGE('',*,*,#3171,.F.);
#4136=ORIENTED_EDGE('',*,*,#3122,.T.);
#4137=ORIENTED_EDGE('',*,*,#3172,.F.);
#4138=ORIENTED_EDGE('',*,*,#3127,.F.);
#4139=ORIENTED_EDGE('',*,*,#3173,.F.);
#4140=ORIENTED_EDGE('',*,*,#3045,.T.);
#4141=ORIENTED_EDGE('',*,*,#3123,.T.);
#4142=ORIENTED_EDGE('',*,*,#3173,.T.);
#4143=ORIENTED_EDGE('',*,*,#3126,.F.);
#4144=ORIENTED_EDGE('',*,*,#3065,.F.);
#4145=ORIENTED_EDGE('',*,*,#3174,.F.);
#4146=ORIENTED_EDGE('',*,*,#3077,.F.);
#4147=ORIENTED_EDGE('',*,*,#3175,.F.);
#4148=ORIENTED_EDGE('',*,*,#3066,.F.);
#4149=ORIENTED_EDGE('',*,*,#3175,.T.);
#4150=ORIENTED_EDGE('',*,*,#3076,.F.);
#4151=ORIENTED_EDGE('',*,*,#3176,.F.);
#4152=ORIENTED_EDGE('',*,*,#3067,.F.);
#4153=ORIENTED_EDGE('',*,*,#3176,.T.);
#4154=ORIENTED_EDGE('',*,*,#3075,.F.);
#4155=ORIENTED_EDGE('',*,*,#3177,.F.);
#4156=ORIENTED_EDGE('',*,*,#3069,.F.);
#4157=ORIENTED_EDGE('',*,*,#3178,.F.);
#4158=ORIENTED_EDGE('',*,*,#3072,.F.);
#4159=ORIENTED_EDGE('',*,*,#3085,.F.);
#4160=ORIENTED_EDGE('',*,*,#2993,.T.);
#4161=ORIENTED_EDGE('',*,*,#3084,.F.);
#4162=ORIENTED_EDGE('',*,*,#3179,.F.);
#4163=ORIENTED_EDGE('',*,*,#3058,.F.);
#4164=ORIENTED_EDGE('',*,*,#3059,.F.);
#4165=ORIENTED_EDGE('',*,*,#3179,.T.);
#4166=ORIENTED_EDGE('',*,*,#3083,.F.);
#4167=ORIENTED_EDGE('',*,*,#3180,.F.);
#4168=ORIENTED_EDGE('',*,*,#3060,.F.);
#4169=ORIENTED_EDGE('',*,*,#3180,.T.);
#4170=ORIENTED_EDGE('',*,*,#3082,.F.);
#4171=ORIENTED_EDGE('',*,*,#3181,.F.);
#4172=ORIENTED_EDGE('',*,*,#3061,.F.);
#4173=ORIENTED_EDGE('',*,*,#3181,.T.);
#4174=ORIENTED_EDGE('',*,*,#3081,.F.);
#4175=ORIENTED_EDGE('',*,*,#3182,.F.);
#4176=ORIENTED_EDGE('',*,*,#3062,.F.);
#4177=ORIENTED_EDGE('',*,*,#3182,.T.);
#4178=ORIENTED_EDGE('',*,*,#3080,.F.);
#4179=ORIENTED_EDGE('',*,*,#3183,.F.);
#4180=ORIENTED_EDGE('',*,*,#3063,.F.);
#4181=ORIENTED_EDGE('',*,*,#3183,.T.);
#4182=ORIENTED_EDGE('',*,*,#3079,.F.);
#4183=ORIENTED_EDGE('',*,*,#3184,.F.);
#4184=ORIENTED_EDGE('',*,*,#3153,.T.);
#4185=ORIENTED_EDGE('',*,*,#3185,.F.);
#4186=ORIENTED_EDGE('',*,*,#3135,.F.);
#4187=ORIENTED_EDGE('',*,*,#3186,.F.);
#4188=ORIENTED_EDGE('',*,*,#3154,.T.);
#4189=ORIENTED_EDGE('',*,*,#3186,.T.);
#4190=ORIENTED_EDGE('',*,*,#3134,.F.);
#4191=ORIENTED_EDGE('',*,*,#3187,.F.);
#4192=ORIENTED_EDGE('',*,*,#3155,.T.);
#4193=ORIENTED_EDGE('',*,*,#3187,.T.);
#4194=ORIENTED_EDGE('',*,*,#3133,.F.);
#4195=ORIENTED_EDGE('',*,*,#3188,.F.);
#4196=ORIENTED_EDGE('',*,*,#3144,.T.);
#4197=ORIENTED_EDGE('',*,*,#3189,.F.);
#4198=ORIENTED_EDGE('',*,*,#3190,.F.);
#4199=ORIENTED_EDGE('',*,*,#3157,.F.);
#4200=ORIENTED_EDGE('',*,*,#3147,.T.);
#4201=ORIENTED_EDGE('',*,*,#3156,.T.);
#4202=ORIENTED_EDGE('',*,*,#3141,.F.);
#4203=ORIENTED_EDGE('',*,*,#3191,.F.);
#4204=ORIENTED_EDGE('',*,*,#3148,.T.);
#4205=ORIENTED_EDGE('',*,*,#3191,.T.);
#4206=ORIENTED_EDGE('',*,*,#3140,.F.);
#4207=ORIENTED_EDGE('',*,*,#3192,.F.);
#4208=ORIENTED_EDGE('',*,*,#3149,.T.);
#4209=ORIENTED_EDGE('',*,*,#3192,.T.);
#4210=ORIENTED_EDGE('',*,*,#3139,.F.);
#4211=ORIENTED_EDGE('',*,*,#3193,.F.);
#4212=ORIENTED_EDGE('',*,*,#3150,.T.);
#4213=ORIENTED_EDGE('',*,*,#3193,.T.);
#4214=ORIENTED_EDGE('',*,*,#3138,.F.);
#4215=ORIENTED_EDGE('',*,*,#3194,.F.);
#4216=ORIENTED_EDGE('',*,*,#3151,.T.);
#4217=ORIENTED_EDGE('',*,*,#3194,.T.);
#4218=ORIENTED_EDGE('',*,*,#3137,.F.);
#4219=ORIENTED_EDGE('',*,*,#3195,.F.);
#4220=ORIENTED_EDGE('',*,*,#3052,.T.);
#4221=ORIENTED_EDGE('',*,*,#3158,.T.);
#4222=ORIENTED_EDGE('',*,*,#3190,.T.);
#4223=ORIENTED_EDGE('',*,*,#3196,.F.);
#4224=ORIENTED_EDGE('',*,*,#3197,.T.);
#4225=ORIENTED_EDGE('',*,*,#3198,.T.);
#4226=ORIENTED_EDGE('',*,*,#3199,.F.);
#4227=ORIENTED_EDGE('',*,*,#3200,.F.);
#4228=ORIENTED_EDGE('',*,*,#3201,.T.);
#4229=ORIENTED_EDGE('',*,*,#3200,.T.);
#4230=ORIENTED_EDGE('',*,*,#3202,.F.);
#4231=ORIENTED_EDGE('',*,*,#3203,.F.);
#4232=ORIENTED_EDGE('',*,*,#3204,.T.);
#4233=ORIENTED_EDGE('',*,*,#3203,.T.);
#4234=ORIENTED_EDGE('',*,*,#3205,.F.);
#4235=ORIENTED_EDGE('',*,*,#3206,.F.);
#4236=ORIENTED_EDGE('',*,*,#3207,.T.);
#4237=ORIENTED_EDGE('',*,*,#3206,.T.);
#4238=ORIENTED_EDGE('',*,*,#3208,.F.);
#4239=ORIENTED_EDGE('',*,*,#3209,.F.);
#4240=ORIENTED_EDGE('',*,*,#3210,.T.);
#4241=ORIENTED_EDGE('',*,*,#3209,.T.);
#4242=ORIENTED_EDGE('',*,*,#3211,.F.);
#4243=ORIENTED_EDGE('',*,*,#3212,.F.);
#4244=ORIENTED_EDGE('',*,*,#3213,.T.);
#4245=ORIENTED_EDGE('',*,*,#3212,.T.);
#4246=ORIENTED_EDGE('',*,*,#3214,.F.);
#4247=ORIENTED_EDGE('',*,*,#3215,.F.);
#4248=ORIENTED_EDGE('',*,*,#3216,.T.);
#4249=ORIENTED_EDGE('',*,*,#3217,.F.);
#4250=ORIENTED_EDGE('',*,*,#3218,.F.);
#4251=ORIENTED_EDGE('',*,*,#3219,.F.);
#4252=ORIENTED_EDGE('',*,*,#3220,.T.);
#4253=ORIENTED_EDGE('',*,*,#3219,.T.);
#4254=ORIENTED_EDGE('',*,*,#3221,.F.);
#4255=ORIENTED_EDGE('',*,*,#3222,.F.);
#4256=ORIENTED_EDGE('',*,*,#3223,.T.);
#4257=ORIENTED_EDGE('',*,*,#3222,.T.);
#4258=ORIENTED_EDGE('',*,*,#3224,.F.);
#4259=ORIENTED_EDGE('',*,*,#3225,.F.);
#4260=ORIENTED_EDGE('',*,*,#3226,.T.);
#4261=ORIENTED_EDGE('',*,*,#3227,.F.);
#4262=ORIENTED_EDGE('',*,*,#3228,.F.);
#4263=ORIENTED_EDGE('',*,*,#3198,.F.);
#4264=ORIENTED_EDGE('',*,*,#3228,.T.);
#4265=ORIENTED_EDGE('',*,*,#3229,.F.);
#4266=ORIENTED_EDGE('',*,*,#3224,.T.);
#4267=ORIENTED_EDGE('',*,*,#3221,.T.);
#4268=ORIENTED_EDGE('',*,*,#3218,.T.);
#4269=ORIENTED_EDGE('',*,*,#3230,.F.);
#4270=ORIENTED_EDGE('',*,*,#3214,.T.);
#4271=ORIENTED_EDGE('',*,*,#3211,.T.);
#4272=ORIENTED_EDGE('',*,*,#3208,.T.);
#4273=ORIENTED_EDGE('',*,*,#3205,.T.);
#4274=ORIENTED_EDGE('',*,*,#3202,.T.);
#4275=ORIENTED_EDGE('',*,*,#3199,.T.);
#4276=ORIENTED_EDGE('',*,*,#3226,.F.);
#4277=ORIENTED_EDGE('',*,*,#3197,.F.);
#4278=ORIENTED_EDGE('',*,*,#3201,.F.);
#4279=ORIENTED_EDGE('',*,*,#3204,.F.);
#4280=ORIENTED_EDGE('',*,*,#3207,.F.);
#4281=ORIENTED_EDGE('',*,*,#3210,.F.);
#4282=ORIENTED_EDGE('',*,*,#3213,.F.);
#4283=ORIENTED_EDGE('',*,*,#3231,.F.);
#4284=ORIENTED_EDGE('',*,*,#3216,.F.);
#4285=ORIENTED_EDGE('',*,*,#3220,.F.);
#4286=ORIENTED_EDGE('',*,*,#3223,.F.);
#4287=ORIENTED_EDGE('',*,*,#3232,.F.);
#4288=ORIENTED_EDGE('',*,*,#3233,.T.);
#4289=ORIENTED_EDGE('',*,*,#3234,.T.);
#4290=ORIENTED_EDGE('',*,*,#3235,.F.);
#4291=ORIENTED_EDGE('',*,*,#3236,.F.);
#4292=ORIENTED_EDGE('',*,*,#3237,.T.);
#4293=ORIENTED_EDGE('',*,*,#3236,.T.);
#4294=ORIENTED_EDGE('',*,*,#3238,.F.);
#4295=ORIENTED_EDGE('',*,*,#3239,.F.);
#4296=ORIENTED_EDGE('',*,*,#3240,.T.);
#4297=ORIENTED_EDGE('',*,*,#3239,.T.);
#4298=ORIENTED_EDGE('',*,*,#3241,.F.);
#4299=ORIENTED_EDGE('',*,*,#3242,.F.);
#4300=ORIENTED_EDGE('',*,*,#3243,.T.);
#4301=ORIENTED_EDGE('',*,*,#3242,.T.);
#4302=ORIENTED_EDGE('',*,*,#3244,.F.);
#4303=ORIENTED_EDGE('',*,*,#3245,.F.);
#4304=ORIENTED_EDGE('',*,*,#3246,.T.);
#4305=ORIENTED_EDGE('',*,*,#3245,.T.);
#4306=ORIENTED_EDGE('',*,*,#3247,.F.);
#4307=ORIENTED_EDGE('',*,*,#3248,.F.);
#4308=ORIENTED_EDGE('',*,*,#3249,.T.);
#4309=ORIENTED_EDGE('',*,*,#3248,.T.);
#4310=ORIENTED_EDGE('',*,*,#3250,.F.);
#4311=ORIENTED_EDGE('',*,*,#3251,.F.);
#4312=ORIENTED_EDGE('',*,*,#3252,.T.);
#4313=ORIENTED_EDGE('',*,*,#3253,.F.);
#4314=ORIENTED_EDGE('',*,*,#3254,.F.);
#4315=ORIENTED_EDGE('',*,*,#3255,.F.);
#4316=ORIENTED_EDGE('',*,*,#3256,.T.);
#4317=ORIENTED_EDGE('',*,*,#3255,.T.);
#4318=ORIENTED_EDGE('',*,*,#3257,.F.);
#4319=ORIENTED_EDGE('',*,*,#3258,.F.);
#4320=ORIENTED_EDGE('',*,*,#3259,.T.);
#4321=ORIENTED_EDGE('',*,*,#3258,.T.);
#4322=ORIENTED_EDGE('',*,*,#3260,.F.);
#4323=ORIENTED_EDGE('',*,*,#3261,.F.);
#4324=ORIENTED_EDGE('',*,*,#3262,.T.);
#4325=ORIENTED_EDGE('',*,*,#3263,.F.);
#4326=ORIENTED_EDGE('',*,*,#3264,.F.);
#4327=ORIENTED_EDGE('',*,*,#3234,.F.);
#4328=ORIENTED_EDGE('',*,*,#3264,.T.);
#4329=ORIENTED_EDGE('',*,*,#3265,.F.);
#4330=ORIENTED_EDGE('',*,*,#3260,.T.);
#4331=ORIENTED_EDGE('',*,*,#3257,.T.);
#4332=ORIENTED_EDGE('',*,*,#3254,.T.);
#4333=ORIENTED_EDGE('',*,*,#3266,.F.);
#4334=ORIENTED_EDGE('',*,*,#3250,.T.);
#4335=ORIENTED_EDGE('',*,*,#3247,.T.);
#4336=ORIENTED_EDGE('',*,*,#3244,.T.);
#4337=ORIENTED_EDGE('',*,*,#3241,.T.);
#4338=ORIENTED_EDGE('',*,*,#3238,.T.);
#4339=ORIENTED_EDGE('',*,*,#3235,.T.);
#4340=ORIENTED_EDGE('',*,*,#3262,.F.);
#4341=ORIENTED_EDGE('',*,*,#3233,.F.);
#4342=ORIENTED_EDGE('',*,*,#3237,.F.);
#4343=ORIENTED_EDGE('',*,*,#3240,.F.);
#4344=ORIENTED_EDGE('',*,*,#3243,.F.);
#4345=ORIENTED_EDGE('',*,*,#3246,.F.);
#4346=ORIENTED_EDGE('',*,*,#3249,.F.);
#4347=ORIENTED_EDGE('',*,*,#3267,.F.);
#4348=ORIENTED_EDGE('',*,*,#3252,.F.);
#4349=ORIENTED_EDGE('',*,*,#3256,.F.);
#4350=ORIENTED_EDGE('',*,*,#3259,.F.);
#4351=ORIENTED_EDGE('',*,*,#3268,.F.);
#4352=ORIENTED_EDGE('',*,*,#3111,.T.);
#4353=ORIENTED_EDGE('',*,*,#3113,.T.);
#4354=ORIENTED_EDGE('',*,*,#3117,.F.);
#4355=ORIENTED_EDGE('',*,*,#3269,.F.);
#4356=ORIENTED_EDGE('',*,*,#3108,.T.);
#4357=ORIENTED_EDGE('',*,*,#3270,.F.);
#4358=ORIENTED_EDGE('',*,*,#3271,.F.);
#4359=ORIENTED_EDGE('',*,*,#3272,.F.);
#4360=ORIENTED_EDGE('',*,*,#3035,.T.);
#4361=ORIENTED_EDGE('',*,*,#3109,.T.);
#4362=ORIENTED_EDGE('',*,*,#3272,.T.);
#4363=ORIENTED_EDGE('',*,*,#3273,.F.);
#4364=ORIENTED_EDGE('',*,*,#3036,.T.);
#4365=ORIENTED_EDGE('',*,*,#3273,.T.);
#4366=ORIENTED_EDGE('',*,*,#3271,.T.);
#4367=ORIENTED_EDGE('',*,*,#3274,.F.);
#4368=ORIENTED_EDGE('',*,*,#3097,.F.);
#4369=ORIENTED_EDGE('',*,*,#3275,.T.);
#4370=ORIENTED_EDGE('',*,*,#3090,.F.);
#4371=ORIENTED_EDGE('',*,*,#3276,.F.);
#4372=ORIENTED_EDGE('',*,*,#3095,.F.);
#4373=ORIENTED_EDGE('',*,*,#3277,.F.);
#4374=ORIENTED_EDGE('',*,*,#3278,.F.);
#4375=ORIENTED_EDGE('',*,*,#3087,.F.);
#4376=ORIENTED_EDGE('',*,*,#3017,.T.);
#4377=ORIENTED_EDGE('',*,*,#3091,.F.);
#4378=ORIENTED_EDGE('',*,*,#3275,.F.);
#4379=ORIENTED_EDGE('',*,*,#3096,.F.);
#4380=ORIENTED_EDGE('',*,*,#3020,.T.);
#4381=ORIENTED_EDGE('',*,*,#3088,.T.);
#4382=ORIENTED_EDGE('',*,*,#3278,.T.);
#4383=ORIENTED_EDGE('',*,*,#3279,.F.);
#4384=ORIENTED_EDGE('',*,*,#3167,.T.);
#4385=ORIENTED_EDGE('',*,*,#3162,.T.);
#4386=ORIENTED_EDGE('',*,*,#3169,.T.);
#4387=ORIENTED_EDGE('',*,*,#3280,.T.);
#4388=ORIENTED_EDGE('',*,*,#3280,.F.);
#4389=ORIENTED_EDGE('',*,*,#3103,.T.);
#4390=ORIENTED_EDGE('',*,*,#3281,.T.);
#4391=ORIENTED_EDGE('',*,*,#3282,.T.);
#4392=ORIENTED_EDGE('',*,*,#3283,.T.);
#4393=ORIENTED_EDGE('',*,*,#3284,.T.);
#4394=ORIENTED_EDGE('',*,*,#3285,.T.);
#4395=ORIENTED_EDGE('',*,*,#3286,.T.);
#4396=ORIENTED_EDGE('',*,*,#3287,.T.);
#4397=ORIENTED_EDGE('',*,*,#3288,.T.);
#4398=ORIENTED_EDGE('',*,*,#3289,.T.);
#4399=ORIENTED_EDGE('',*,*,#3290,.T.);
#4400=ORIENTED_EDGE('',*,*,#3291,.T.);
#4401=ORIENTED_EDGE('',*,*,#3292,.T.);
#4402=ORIENTED_EDGE('',*,*,#3293,.T.);
#4403=ORIENTED_EDGE('',*,*,#3294,.T.);
#4404=ORIENTED_EDGE('',*,*,#3295,.T.);
#4405=ORIENTED_EDGE('',*,*,#3296,.T.);
#4406=ORIENTED_EDGE('',*,*,#3297,.T.);
#4407=ORIENTED_EDGE('',*,*,#3298,.T.);
#4408=ORIENTED_EDGE('',*,*,#3299,.T.);
#4409=ORIENTED_EDGE('',*,*,#3300,.T.);
#4410=ORIENTED_EDGE('',*,*,#3301,.T.);
#4411=ORIENTED_EDGE('',*,*,#3302,.T.);
#4412=ORIENTED_EDGE('',*,*,#3303,.T.);
#4413=ORIENTED_EDGE('',*,*,#3304,.T.);
#4414=ORIENTED_EDGE('',*,*,#3305,.T.);
#4415=ORIENTED_EDGE('',*,*,#3306,.T.);
#4416=ORIENTED_EDGE('',*,*,#3307,.T.);
#4417=ORIENTED_EDGE('',*,*,#3124,.T.);
#4418=ORIENTED_EDGE('',*,*,#3308,.T.);
#4419=ORIENTED_EDGE('',*,*,#3308,.F.);
#4420=ORIENTED_EDGE('',*,*,#3128,.T.);
#4421=ORIENTED_EDGE('',*,*,#3172,.T.);
#4422=ORIENTED_EDGE('',*,*,#3121,.T.);
#4423=ORIENTED_EDGE('',*,*,#3309,.T.);
#4424=ORIENTED_EDGE('',*,*,#3310,.T.);
#4425=ORIENTED_EDGE('',*,*,#3311,.T.);
#4426=ORIENTED_EDGE('',*,*,#3120,.T.);
#4427=ORIENTED_EDGE('',*,*,#3171,.T.);
#4428=ORIENTED_EDGE('',*,*,#3129,.T.);
#4429=ORIENTED_EDGE('',*,*,#3312,.T.);
#4430=ORIENTED_EDGE('',*,*,#3312,.F.);
#4431=ORIENTED_EDGE('',*,*,#3125,.T.);
#4432=ORIENTED_EDGE('',*,*,#3307,.F.);
#4433=ORIENTED_EDGE('',*,*,#3313,.F.);
#4434=ORIENTED_EDGE('',*,*,#3314,.F.);
#4435=ORIENTED_EDGE('',*,*,#3092,.T.);
#4436=ORIENTED_EDGE('',*,*,#3315,.T.);
#4437=ORIENTED_EDGE('',*,*,#3315,.F.);
#4438=ORIENTED_EDGE('',*,*,#3279,.T.);
#4439=ORIENTED_EDGE('',*,*,#3277,.T.);
#4440=ORIENTED_EDGE('',*,*,#3094,.T.);
#4441=ORIENTED_EDGE('',*,*,#3316,.F.);
#4442=ORIENTED_EDGE('',*,*,#3317,.F.);
#4443=ORIENTED_EDGE('',*,*,#3309,.F.);
#4444=ORIENTED_EDGE('',*,*,#3263,.T.);
#4445=ORIENTED_EDGE('',*,*,#3268,.T.);
#4446=ORIENTED_EDGE('',*,*,#3261,.T.);
#4447=ORIENTED_EDGE('',*,*,#3265,.T.);
#4448=ORIENTED_EDGE('',*,*,#3253,.T.);
#4449=ORIENTED_EDGE('',*,*,#3267,.T.);
#4450=ORIENTED_EDGE('',*,*,#3251,.T.);
#4451=ORIENTED_EDGE('',*,*,#3266,.T.);
#4452=ORIENTED_EDGE('',*,*,#3184,.T.);
#4453=ORIENTED_EDGE('',*,*,#3078,.T.);
#4454=ORIENTED_EDGE('',*,*,#3174,.T.);
#4455=ORIENTED_EDGE('',*,*,#3064,.T.);
#4456=ORIENTED_EDGE('',*,*,#3178,.T.);
#4457=ORIENTED_EDGE('',*,*,#3068,.T.);
#4458=ORIENTED_EDGE('',*,*,#3177,.T.);
#4459=ORIENTED_EDGE('',*,*,#3074,.T.);
#4460=ORIENTED_EDGE('',*,*,#3318,.T.);
#4461=ORIENTED_EDGE('',*,*,#3318,.F.);
#4462=ORIENTED_EDGE('',*,*,#3073,.T.);
#4463=ORIENTED_EDGE('',*,*,#3319,.T.);
#4464=ORIENTED_EDGE('',*,*,#3320,.T.);
#4465=ORIENTED_EDGE('',*,*,#3321,.T.);
#4466=ORIENTED_EDGE('',*,*,#3322,.T.);
#4467=ORIENTED_EDGE('',*,*,#3323,.T.);
#4468=ORIENTED_EDGE('',*,*,#3322,.F.);
#4469=ORIENTED_EDGE('',*,*,#3324,.T.);
#4470=ORIENTED_EDGE('',*,*,#3325,.T.);
#4471=ORIENTED_EDGE('',*,*,#3326,.T.);
#4472=ORIENTED_EDGE('',*,*,#3327,.T.);
#4473=ORIENTED_EDGE('',*,*,#3328,.T.);
#4474=ORIENTED_EDGE('',*,*,#3325,.F.);
#4475=ORIENTED_EDGE('',*,*,#3319,.F.);
#4476=ORIENTED_EDGE('',*,*,#3329,.T.);
#4477=ORIENTED_EDGE('',*,*,#3330,.F.);
#4478=ORIENTED_EDGE('',*,*,#3331,.F.);
#4479=ORIENTED_EDGE('',*,*,#3332,.T.);
#4480=ORIENTED_EDGE('',*,*,#3333,.F.);
#4481=ORIENTED_EDGE('',*,*,#3323,.F.);
#4482=ORIENTED_EDGE('',*,*,#3334,.T.);
#4483=ORIENTED_EDGE('',*,*,#3335,.T.);
#4484=ORIENTED_EDGE('',*,*,#3329,.F.);
#4485=ORIENTED_EDGE('',*,*,#3328,.F.);
#4486=ORIENTED_EDGE('',*,*,#3336,.F.);
#4487=ORIENTED_EDGE('',*,*,#3337,.T.);
#4488=ORIENTED_EDGE('',*,*,#3338,.T.);
#4489=ORIENTED_EDGE('',*,*,#3339,.T.);
#4490=ORIENTED_EDGE('',*,*,#3334,.F.);
#4491=ORIENTED_EDGE('',*,*,#3340,.T.);
#4492=ORIENTED_EDGE('',*,*,#3341,.T.);
#4493=ORIENTED_EDGE('',*,*,#3342,.T.);
#4494=ORIENTED_EDGE('',*,*,#3343,.T.);
#4495=ORIENTED_EDGE('',*,*,#3344,.T.);
#4496=ORIENTED_EDGE('',*,*,#3343,.F.);
#4497=ORIENTED_EDGE('',*,*,#3345,.T.);
#4498=ORIENTED_EDGE('',*,*,#3346,.T.);
#4499=ORIENTED_EDGE('',*,*,#3347,.T.);
#4500=ORIENTED_EDGE('',*,*,#3348,.T.);
#4501=ORIENTED_EDGE('',*,*,#3349,.T.);
#4502=ORIENTED_EDGE('',*,*,#3346,.F.);
#4503=ORIENTED_EDGE('',*,*,#3340,.F.);
#4504=ORIENTED_EDGE('',*,*,#3350,.T.);
#4505=ORIENTED_EDGE('',*,*,#3351,.F.);
#4506=ORIENTED_EDGE('',*,*,#3352,.F.);
#4507=ORIENTED_EDGE('',*,*,#3353,.T.);
#4508=ORIENTED_EDGE('',*,*,#3354,.F.);
#4509=ORIENTED_EDGE('',*,*,#3344,.F.);
#4510=ORIENTED_EDGE('',*,*,#3355,.T.);
#4511=ORIENTED_EDGE('',*,*,#3356,.T.);
#4512=ORIENTED_EDGE('',*,*,#3350,.F.);
#4513=ORIENTED_EDGE('',*,*,#3349,.F.);
#4514=ORIENTED_EDGE('',*,*,#3357,.F.);
#4515=ORIENTED_EDGE('',*,*,#3358,.T.);
#4516=ORIENTED_EDGE('',*,*,#3359,.F.);
#4517=ORIENTED_EDGE('',*,*,#3360,.F.);
#4518=ORIENTED_EDGE('',*,*,#3355,.F.);
#4519=ORIENTED_EDGE('',*,*,#3352,.T.);
#4520=ORIENTED_EDGE('',*,*,#3361,.T.);
#4521=ORIENTED_EDGE('',*,*,#3359,.T.);
#4522=ORIENTED_EDGE('',*,*,#3362,.T.);
#4523=ORIENTED_EDGE('',*,*,#3351,.T.);
#4524=ORIENTED_EDGE('',*,*,#3356,.F.);
#4525=ORIENTED_EDGE('',*,*,#3360,.T.);
#4526=ORIENTED_EDGE('',*,*,#3361,.F.);
#4527=ORIENTED_EDGE('',*,*,#3339,.F.);
#4528=ORIENTED_EDGE('',*,*,#3363,.T.);
#4529=ORIENTED_EDGE('',*,*,#3330,.T.);
#4530=ORIENTED_EDGE('',*,*,#3335,.F.);
#4531=ORIENTED_EDGE('',*,*,#3338,.F.);
#4532=ORIENTED_EDGE('',*,*,#3364,.T.);
#4533=ORIENTED_EDGE('',*,*,#3331,.T.);
#4534=ORIENTED_EDGE('',*,*,#3363,.F.);
#4535=ORIENTED_EDGE('',*,*,#3336,.T.);
#4536=ORIENTED_EDGE('',*,*,#3327,.F.);
#4537=ORIENTED_EDGE('',*,*,#3365,.T.);
#4538=ORIENTED_EDGE('',*,*,#3366,.F.);
#4539=ORIENTED_EDGE('',*,*,#3367,.T.);
#4540=ORIENTED_EDGE('',*,*,#3368,.F.);
#4541=ORIENTED_EDGE('',*,*,#3369,.F.);
#4542=ORIENTED_EDGE('',*,*,#3370,.F.);
#4543=ORIENTED_EDGE('',*,*,#3371,.T.);
#4544=ORIENTED_EDGE('',*,*,#3290,.F.);
#4545=ORIENTED_EDGE('',*,*,#3372,.F.);
#4546=ORIENTED_EDGE('',*,*,#3373,.F.);
#4547=ORIENTED_EDGE('',*,*,#3357,.T.);
#4548=ORIENTED_EDGE('',*,*,#3348,.F.);
#4549=ORIENTED_EDGE('',*,*,#3374,.T.);
#4550=ORIENTED_EDGE('',*,*,#3320,.F.);
#4551=ORIENTED_EDGE('',*,*,#3333,.T.);
#4552=ORIENTED_EDGE('',*,*,#3375,.F.);
#4553=ORIENTED_EDGE('',*,*,#3354,.T.);
#4554=ORIENTED_EDGE('',*,*,#3376,.F.);
#4555=ORIENTED_EDGE('',*,*,#3377,.T.);
#4556=ORIENTED_EDGE('',*,*,#3298,.F.);
#4557=ORIENTED_EDGE('',*,*,#3378,.T.);
#4558=ORIENTED_EDGE('',*,*,#3379,.F.);
#4559=ORIENTED_EDGE('',*,*,#3380,.T.);
#4560=ORIENTED_EDGE('',*,*,#3381,.F.);
#4561=ORIENTED_EDGE('',*,*,#3382,.F.);
#4562=ORIENTED_EDGE('',*,*,#3383,.F.);
#4563=ORIENTED_EDGE('',*,*,#3384,.T.);
#4564=ORIENTED_EDGE('',*,*,#3341,.F.);
#4565=ORIENTED_EDGE('',*,*,#3385,.F.);
#4566=ORIENTED_EDGE('',*,*,#3386,.F.);
#4567=ORIENTED_EDGE('',*,*,#3387,.T.);
#4568=ORIENTED_EDGE('',*,*,#3388,.F.);
#4569=ORIENTED_EDGE('',*,*,#3389,.T.);
#4570=ORIENTED_EDGE('',*,*,#3390,.T.);
#4571=ORIENTED_EDGE('',*,*,#3391,.T.);
#4572=ORIENTED_EDGE('',*,*,#3392,.T.);
#4573=ORIENTED_EDGE('',*,*,#3393,.T.);
#4574=ORIENTED_EDGE('',*,*,#3394,.T.);
#4575=ORIENTED_EDGE('',*,*,#3391,.F.);
#4576=ORIENTED_EDGE('',*,*,#3395,.T.);
#4577=ORIENTED_EDGE('',*,*,#3386,.T.);
#4578=ORIENTED_EDGE('',*,*,#3396,.T.);
#4579=ORIENTED_EDGE('',*,*,#3393,.F.);
#4580=ORIENTED_EDGE('',*,*,#3397,.T.);
#4581=ORIENTED_EDGE('',*,*,#3398,.F.);
#4582=ORIENTED_EDGE('',*,*,#3399,.F.);
#4583=ORIENTED_EDGE('',*,*,#3400,.T.);
#4584=ORIENTED_EDGE('',*,*,#3401,.F.);
#4585=ORIENTED_EDGE('',*,*,#3399,.T.);
#4586=ORIENTED_EDGE('',*,*,#3402,.T.);
#4587=ORIENTED_EDGE('',*,*,#3388,.T.);
#4588=ORIENTED_EDGE('',*,*,#3403,.T.);
#4589=ORIENTED_EDGE('',*,*,#3404,.T.);
#4590=ORIENTED_EDGE('',*,*,#3405,.T.);
#4591=ORIENTED_EDGE('',*,*,#3406,.T.);
#4592=ORIENTED_EDGE('',*,*,#3407,.T.);
#4593=ORIENTED_EDGE('',*,*,#3408,.T.);
#4594=ORIENTED_EDGE('',*,*,#3401,.T.);
#4595=ORIENTED_EDGE('',*,*,#3409,.T.);
#4596=ORIENTED_EDGE('',*,*,#3407,.F.);
#4597=ORIENTED_EDGE('',*,*,#3410,.T.);
#4598=ORIENTED_EDGE('',*,*,#3411,.T.);
#4599=ORIENTED_EDGE('',*,*,#3398,.T.);
#4600=ORIENTED_EDGE('',*,*,#3412,.T.);
#4601=ORIENTED_EDGE('',*,*,#3413,.T.);
#4602=ORIENTED_EDGE('',*,*,#3414,.T.);
#4603=ORIENTED_EDGE('',*,*,#3385,.T.);
#4604=ORIENTED_EDGE('',*,*,#3415,.T.);
#4605=ORIENTED_EDGE('',*,*,#3409,.F.);
#4606=ORIENTED_EDGE('',*,*,#3400,.F.);
#4607=ORIENTED_EDGE('',*,*,#3403,.F.);
#4608=ORIENTED_EDGE('',*,*,#3387,.F.);
#4609=ORIENTED_EDGE('',*,*,#3397,.F.);
#4610=ORIENTED_EDGE('',*,*,#3416,.F.);
#4611=ORIENTED_EDGE('',*,*,#3417,.F.);
#4612=ORIENTED_EDGE('',*,*,#3382,.T.);
#4613=ORIENTED_EDGE('',*,*,#3418,.F.);
#4614=ORIENTED_EDGE('',*,*,#3419,.F.);
#4615=ORIENTED_EDGE('',*,*,#3420,.F.);
#4616=ORIENTED_EDGE('',*,*,#3421,.F.);
#4617=ORIENTED_EDGE('',*,*,#3422,.F.);
#4618=ORIENTED_EDGE('',*,*,#3423,.F.);
#4619=ORIENTED_EDGE('',*,*,#3424,.F.);
#4620=ORIENTED_EDGE('',*,*,#3425,.T.);
#4621=ORIENTED_EDGE('',*,*,#3395,.F.);
#4622=ORIENTED_EDGE('',*,*,#3426,.T.);
#4623=ORIENTED_EDGE('',*,*,#3427,.F.);
#4624=ORIENTED_EDGE('',*,*,#3416,.T.);
#4625=ORIENTED_EDGE('',*,*,#3390,.F.);
#4626=ORIENTED_EDGE('',*,*,#3428,.T.);
#4627=ORIENTED_EDGE('',*,*,#3429,.F.);
#4628=ORIENTED_EDGE('',*,*,#3430,.F.);
#4629=ORIENTED_EDGE('',*,*,#3431,.F.);
#4630=ORIENTED_EDGE('',*,*,#3426,.F.);
#4631=ORIENTED_EDGE('',*,*,#3392,.F.);
#4632=ORIENTED_EDGE('',*,*,#3394,.F.);
#4633=ORIENTED_EDGE('',*,*,#3396,.F.);
#4634=ORIENTED_EDGE('',*,*,#3414,.F.);
#4635=ORIENTED_EDGE('',*,*,#3432,.T.);
#4636=ORIENTED_EDGE('',*,*,#3433,.T.);
#4637=ORIENTED_EDGE('',*,*,#3434,.T.);
#4638=ORIENTED_EDGE('',*,*,#3435,.T.);
#4639=ORIENTED_EDGE('',*,*,#3436,.T.);
#4640=ORIENTED_EDGE('',*,*,#3423,.T.);
#4641=ORIENTED_EDGE('',*,*,#3437,.F.);
#4642=ORIENTED_EDGE('',*,*,#3438,.F.);
#4643=ORIENTED_EDGE('',*,*,#3439,.F.);
#4644=ORIENTED_EDGE('',*,*,#3440,.F.);
#4645=ORIENTED_EDGE('',*,*,#3441,.F.);
#4646=ORIENTED_EDGE('',*,*,#3421,.T.);
#4647=ORIENTED_EDGE('',*,*,#3442,.F.);
#4648=ORIENTED_EDGE('',*,*,#3441,.T.);
#4649=ORIENTED_EDGE('',*,*,#3443,.T.);
#4650=ORIENTED_EDGE('',*,*,#3437,.T.);
#4651=ORIENTED_EDGE('',*,*,#3422,.T.);
#4652=ORIENTED_EDGE('',*,*,#3444,.T.);
#4653=ORIENTED_EDGE('',*,*,#3445,.T.);
#4654=ORIENTED_EDGE('',*,*,#3442,.T.);
#4655=ORIENTED_EDGE('',*,*,#3420,.T.);
#4656=ORIENTED_EDGE('',*,*,#3446,.T.);
#4657=ORIENTED_EDGE('',*,*,#3447,.T.);
#4658=ORIENTED_EDGE('',*,*,#3444,.F.);
#4659=ORIENTED_EDGE('',*,*,#3448,.T.);
#4660=ORIENTED_EDGE('',*,*,#3449,.T.);
#4661=ORIENTED_EDGE('',*,*,#3450,.T.);
#4662=ORIENTED_EDGE('',*,*,#3446,.F.);
#4663=ORIENTED_EDGE('',*,*,#3451,.T.);
#4664=ORIENTED_EDGE('',*,*,#3452,.T.);
#4665=ORIENTED_EDGE('',*,*,#3453,.T.);
#4666=ORIENTED_EDGE('',*,*,#3440,.T.);
#4667=ORIENTED_EDGE('',*,*,#3454,.T.);
#4668=ORIENTED_EDGE('',*,*,#3455,.T.);
#4669=ORIENTED_EDGE('',*,*,#3456,.T.);
#4670=ORIENTED_EDGE('',*,*,#3438,.T.);
#4671=ORIENTED_EDGE('',*,*,#3457,.T.);
#4672=ORIENTED_EDGE('',*,*,#3424,.T.);
#4673=ORIENTED_EDGE('',*,*,#3439,.T.);
#4674=ORIENTED_EDGE('',*,*,#3458,.T.);
#4675=ORIENTED_EDGE('',*,*,#3436,.F.);
#4676=ORIENTED_EDGE('',*,*,#3448,.F.);
#4677=ORIENTED_EDGE('',*,*,#3419,.T.);
#4678=ORIENTED_EDGE('',*,*,#3459,.F.);
#4679=ORIENTED_EDGE('',*,*,#3460,.T.);
#4680=ORIENTED_EDGE('',*,*,#3404,.F.);
#4681=ORIENTED_EDGE('',*,*,#3425,.F.);
#4682=ORIENTED_EDGE('',*,*,#3435,.F.);
#4683=ORIENTED_EDGE('',*,*,#3461,.F.);
#4684=ORIENTED_EDGE('',*,*,#3462,.F.);
#4685=ORIENTED_EDGE('',*,*,#3463,.F.);
#4686=ORIENTED_EDGE('',*,*,#3464,.F.);
#4687=ORIENTED_EDGE('',*,*,#3465,.F.);
#4688=ORIENTED_EDGE('',*,*,#3433,.F.);
#4689=ORIENTED_EDGE('',*,*,#3458,.F.);
#4690=ORIENTED_EDGE('',*,*,#3456,.F.);
#4691=ORIENTED_EDGE('',*,*,#3466,.F.);
#4692=ORIENTED_EDGE('',*,*,#3467,.T.);
#4693=ORIENTED_EDGE('',*,*,#3468,.T.);
#4694=ORIENTED_EDGE('',*,*,#3469,.T.);
#4695=ORIENTED_EDGE('',*,*,#3470,.F.);
#4696=ORIENTED_EDGE('',*,*,#3471,.T.);
#4697=ORIENTED_EDGE('',*,*,#3468,.F.);
#4698=ORIENTED_EDGE('',*,*,#3472,.T.);
#4699=ORIENTED_EDGE('',*,*,#3473,.T.);
#4700=ORIENTED_EDGE('',*,*,#3474,.T.);
#4701=ORIENTED_EDGE('',*,*,#3473,.F.);
#4702=ORIENTED_EDGE('',*,*,#3475,.T.);
#4703=ORIENTED_EDGE('',*,*,#3476,.T.);
#4704=ORIENTED_EDGE('',*,*,#3477,.T.);
#4705=ORIENTED_EDGE('',*,*,#3476,.F.);
#4706=ORIENTED_EDGE('',*,*,#3478,.T.);
#4707=ORIENTED_EDGE('',*,*,#3470,.T.);
#4708=ORIENTED_EDGE('',*,*,#3477,.F.);
#4709=ORIENTED_EDGE('',*,*,#3479,.T.);
#4710=ORIENTED_EDGE('',*,*,#3480,.T.);
#4711=ORIENTED_EDGE('',*,*,#3481,.F.);
#4712=ORIENTED_EDGE('',*,*,#3469,.F.);
#4713=ORIENTED_EDGE('',*,*,#3482,.T.);
#4714=ORIENTED_EDGE('',*,*,#3483,.T.);
#4715=ORIENTED_EDGE('',*,*,#3479,.F.);
#4716=ORIENTED_EDGE('',*,*,#3484,.F.);
#4717=ORIENTED_EDGE('',*,*,#3485,.F.);
#4718=ORIENTED_EDGE('',*,*,#3486,.F.);
#4719=ORIENTED_EDGE('',*,*,#3487,.F.);
#4720=ORIENTED_EDGE('',*,*,#3488,.T.);
#4721=ORIENTED_EDGE('',*,*,#3489,.F.);
#4722=ORIENTED_EDGE('',*,*,#3490,.F.);
#4723=ORIENTED_EDGE('',*,*,#3491,.F.);
#4724=ORIENTED_EDGE('',*,*,#3492,.F.);
#4725=ORIENTED_EDGE('',*,*,#3493,.F.);
#4726=ORIENTED_EDGE('',*,*,#3467,.F.);
#4727=ORIENTED_EDGE('',*,*,#3478,.F.);
#4728=ORIENTED_EDGE('',*,*,#3475,.F.);
#4729=ORIENTED_EDGE('',*,*,#3472,.F.);
#4730=ORIENTED_EDGE('',*,*,#3490,.T.);
#4731=ORIENTED_EDGE('',*,*,#3494,.T.);
#4732=ORIENTED_EDGE('',*,*,#3495,.T.);
#4733=ORIENTED_EDGE('',*,*,#3496,.F.);
#4734=ORIENTED_EDGE('',*,*,#3497,.T.);
#4735=ORIENTED_EDGE('',*,*,#3494,.F.);
#4736=ORIENTED_EDGE('',*,*,#3493,.T.);
#4737=ORIENTED_EDGE('',*,*,#3498,.T.);
#4738=ORIENTED_EDGE('',*,*,#3499,.T.);
#4739=ORIENTED_EDGE('',*,*,#3498,.F.);
#4740=ORIENTED_EDGE('',*,*,#3492,.T.);
#4741=ORIENTED_EDGE('',*,*,#3500,.T.);
#4742=ORIENTED_EDGE('',*,*,#3501,.T.);
#4743=ORIENTED_EDGE('',*,*,#3500,.F.);
#4744=ORIENTED_EDGE('',*,*,#3491,.T.);
#4745=ORIENTED_EDGE('',*,*,#3496,.T.);
#4746=ORIENTED_EDGE('',*,*,#3501,.F.);
#4747=ORIENTED_EDGE('',*,*,#3502,.T.);
#4748=ORIENTED_EDGE('',*,*,#3503,.T.);
#4749=ORIENTED_EDGE('',*,*,#3504,.F.);
#4750=ORIENTED_EDGE('',*,*,#3495,.F.);
#4751=ORIENTED_EDGE('',*,*,#3505,.T.);
#4752=ORIENTED_EDGE('',*,*,#3506,.T.);
#4753=ORIENTED_EDGE('',*,*,#3502,.F.);
#4754=ORIENTED_EDGE('',*,*,#3471,.F.);
#4755=ORIENTED_EDGE('',*,*,#3507,.F.);
#4756=ORIENTED_EDGE('',*,*,#3508,.T.);
#4757=ORIENTED_EDGE('',*,*,#3482,.F.);
#4758=ORIENTED_EDGE('',*,*,#3497,.F.);
#4759=ORIENTED_EDGE('',*,*,#3509,.F.);
#4760=ORIENTED_EDGE('',*,*,#3510,.T.);
#4761=ORIENTED_EDGE('',*,*,#3505,.F.);
#4762=ORIENTED_EDGE('',*,*,#3489,.T.);
#4763=ORIENTED_EDGE('',*,*,#3305,.F.);
#4764=ORIENTED_EDGE('',*,*,#3511,.T.);
#4765=ORIENTED_EDGE('',*,*,#3512,.F.);
#4766=ORIENTED_EDGE('',*,*,#3304,.F.);
#4767=ORIENTED_EDGE('',*,*,#3513,.F.);
#4768=ORIENTED_EDGE('',*,*,#3480,.F.);
#4769=ORIENTED_EDGE('',*,*,#3483,.F.);
#4770=ORIENTED_EDGE('',*,*,#3508,.F.);
#4771=ORIENTED_EDGE('',*,*,#3514,.F.);
#4772=ORIENTED_EDGE('',*,*,#3503,.F.);
#4773=ORIENTED_EDGE('',*,*,#3506,.F.);
#4774=ORIENTED_EDGE('',*,*,#3510,.F.);
#4775=ORIENTED_EDGE('',*,*,#3515,.F.);
#4776=ORIENTED_EDGE('',*,*,#3516,.F.);
#4777=ORIENTED_EDGE('',*,*,#3511,.F.);
#4778=ORIENTED_EDGE('',*,*,#3406,.F.);
#4779=ORIENTED_EDGE('',*,*,#3517,.T.);
#4780=ORIENTED_EDGE('',*,*,#3412,.F.);
#4781=ORIENTED_EDGE('',*,*,#3408,.F.);
#4782=ORIENTED_EDGE('',*,*,#3464,.T.);
#4783=ORIENTED_EDGE('',*,*,#3518,.T.);
#4784=ORIENTED_EDGE('',*,*,#3519,.T.);
#4785=ORIENTED_EDGE('',*,*,#3520,.F.);
#4786=ORIENTED_EDGE('',*,*,#3521,.F.);
#4787=ORIENTED_EDGE('',*,*,#3522,.T.);
#4788=ORIENTED_EDGE('',*,*,#3523,.T.);
#4789=ORIENTED_EDGE('',*,*,#3524,.F.);
#4790=ORIENTED_EDGE('',*,*,#3525,.F.);
#4791=ORIENTED_EDGE('',*,*,#3526,.T.);
#4792=ORIENTED_EDGE('',*,*,#3527,.T.);
#4793=ORIENTED_EDGE('',*,*,#3528,.F.);
#4794=ORIENTED_EDGE('',*,*,#3462,.T.);
#4795=ORIENTED_EDGE('',*,*,#3529,.T.);
#4796=ORIENTED_EDGE('',*,*,#3530,.T.);
#4797=ORIENTED_EDGE('',*,*,#3531,.F.);
#4798=ORIENTED_EDGE('',*,*,#3532,.T.);
#4799=ORIENTED_EDGE('',*,*,#3519,.F.);
#4800=ORIENTED_EDGE('',*,*,#3533,.F.);
#4801=ORIENTED_EDGE('',*,*,#3523,.F.);
#4802=ORIENTED_EDGE('',*,*,#3534,.F.);
#4803=ORIENTED_EDGE('',*,*,#3527,.F.);
#4804=ORIENTED_EDGE('',*,*,#3535,.F.);
#4805=ORIENTED_EDGE('',*,*,#3530,.F.);
#4806=ORIENTED_EDGE('',*,*,#3474,.F.);
#4807=ORIENTED_EDGE('',*,*,#3481,.T.);
#4808=ORIENTED_EDGE('',*,*,#3513,.T.);
#4809=ORIENTED_EDGE('',*,*,#3303,.F.);
#4810=ORIENTED_EDGE('',*,*,#3536,.F.);
#4811=ORIENTED_EDGE('',*,*,#3537,.F.);
#4812=ORIENTED_EDGE('',*,*,#3538,.F.);
#4813=ORIENTED_EDGE('',*,*,#3528,.T.);
#4814=ORIENTED_EDGE('',*,*,#3534,.T.);
#4815=ORIENTED_EDGE('',*,*,#3522,.F.);
#4816=ORIENTED_EDGE('',*,*,#3539,.F.);
#4817=ORIENTED_EDGE('',*,*,#3540,.F.);
#4818=ORIENTED_EDGE('',*,*,#3541,.F.);
#4819=ORIENTED_EDGE('',*,*,#3542,.F.);
#4820=ORIENTED_EDGE('',*,*,#3515,.T.);
#4821=ORIENTED_EDGE('',*,*,#3509,.T.);
#4822=ORIENTED_EDGE('',*,*,#3499,.F.);
#4823=ORIENTED_EDGE('',*,*,#3504,.T.);
#4824=ORIENTED_EDGE('',*,*,#3514,.T.);
#4825=ORIENTED_EDGE('',*,*,#3507,.T.);
#4826=ORIENTED_EDGE('',*,*,#3521,.T.);
#4827=ORIENTED_EDGE('',*,*,#3543,.F.);
#4828=ORIENTED_EDGE('',*,*,#3544,.F.);
#4829=ORIENTED_EDGE('',*,*,#3539,.T.);
#4830=ORIENTED_EDGE('',*,*,#3453,.F.);
#4831=ORIENTED_EDGE('',*,*,#3545,.T.);
#4832=ORIENTED_EDGE('',*,*,#3457,.F.);
#4833=ORIENTED_EDGE('',*,*,#3443,.F.);
#4834=ORIENTED_EDGE('',*,*,#3546,.T.);
#4835=ORIENTED_EDGE('',*,*,#3547,.F.);
#4836=ORIENTED_EDGE('',*,*,#3548,.F.);
#4837=ORIENTED_EDGE('',*,*,#3549,.F.);
#4838=ORIENTED_EDGE('',*,*,#3550,.T.);
#4839=ORIENTED_EDGE('',*,*,#3551,.T.);
#4840=ORIENTED_EDGE('',*,*,#3547,.T.);
#4841=ORIENTED_EDGE('',*,*,#3552,.T.);
#4842=ORIENTED_EDGE('',*,*,#3553,.T.);
#4843=ORIENTED_EDGE('',*,*,#3554,.T.);
#4844=ORIENTED_EDGE('',*,*,#3550,.F.);
#4845=ORIENTED_EDGE('',*,*,#3555,.T.);
#4846=ORIENTED_EDGE('',*,*,#3556,.T.);
#4847=ORIENTED_EDGE('',*,*,#3557,.T.);
#4848=ORIENTED_EDGE('',*,*,#3553,.F.);
#4849=ORIENTED_EDGE('',*,*,#3558,.T.);
#4850=ORIENTED_EDGE('',*,*,#3559,.T.);
#4851=ORIENTED_EDGE('',*,*,#3560,.T.);
#4852=ORIENTED_EDGE('',*,*,#3548,.T.);
#4853=ORIENTED_EDGE('',*,*,#3561,.T.);
#4854=ORIENTED_EDGE('',*,*,#3562,.F.);
#4855=ORIENTED_EDGE('',*,*,#3563,.F.);
#4856=ORIENTED_EDGE('',*,*,#3564,.T.);
#4857=ORIENTED_EDGE('',*,*,#3565,.F.);
#4858=ORIENTED_EDGE('',*,*,#3566,.T.);
#4859=ORIENTED_EDGE('',*,*,#3563,.T.);
#4860=ORIENTED_EDGE('',*,*,#3567,.T.);
#4861=ORIENTED_EDGE('',*,*,#3568,.T.);
#4862=ORIENTED_EDGE('',*,*,#3569,.T.);
#4863=ORIENTED_EDGE('',*,*,#3570,.T.);
#4864=ORIENTED_EDGE('',*,*,#3571,.T.);
#4865=ORIENTED_EDGE('',*,*,#3568,.F.);
#4866=ORIENTED_EDGE('',*,*,#3565,.T.);
#4867=ORIENTED_EDGE('',*,*,#3572,.T.);
#4868=ORIENTED_EDGE('',*,*,#3549,.T.);
#4869=ORIENTED_EDGE('',*,*,#3573,.T.);
#4870=ORIENTED_EDGE('',*,*,#3574,.T.);
#4871=ORIENTED_EDGE('',*,*,#3575,.T.);
#4872=ORIENTED_EDGE('',*,*,#3562,.T.);
#4873=ORIENTED_EDGE('',*,*,#3576,.T.);
#4874=ORIENTED_EDGE('',*,*,#3558,.F.);
#4875=ORIENTED_EDGE('',*,*,#3577,.F.);
#4876=ORIENTED_EDGE('',*,*,#3578,.F.);
#4877=ORIENTED_EDGE('',*,*,#3579,.T.);
#4878=ORIENTED_EDGE('',*,*,#3580,.F.);
#4879=ORIENTED_EDGE('',*,*,#3581,.F.);
#4880=ORIENTED_EDGE('',*,*,#3555,.F.);
#4881=ORIENTED_EDGE('',*,*,#3582,.T.);
#4882=ORIENTED_EDGE('',*,*,#3583,.F.);
#4883=ORIENTED_EDGE('',*,*,#3577,.T.);
#4884=ORIENTED_EDGE('',*,*,#3552,.F.);
#4885=ORIENTED_EDGE('',*,*,#3546,.F.);
#4886=ORIENTED_EDGE('',*,*,#3572,.F.);
#4887=ORIENTED_EDGE('',*,*,#3564,.F.);
#4888=ORIENTED_EDGE('',*,*,#3566,.F.);
#4889=ORIENTED_EDGE('',*,*,#3584,.F.);
#4890=ORIENTED_EDGE('',*,*,#3585,.F.);
#4891=ORIENTED_EDGE('',*,*,#3586,.F.);
#4892=ORIENTED_EDGE('',*,*,#3587,.F.);
#4893=ORIENTED_EDGE('',*,*,#3588,.F.);
#4894=ORIENTED_EDGE('',*,*,#3589,.F.);
#4895=ORIENTED_EDGE('',*,*,#3590,.F.);
#4896=ORIENTED_EDGE('',*,*,#3591,.F.);
#4897=ORIENTED_EDGE('',*,*,#3367,.F.);
#4898=ORIENTED_EDGE('',*,*,#3592,.F.);
#4899=ORIENTED_EDGE('',*,*,#3582,.F.);
#4900=ORIENTED_EDGE('',*,*,#3571,.F.);
#4901=ORIENTED_EDGE('',*,*,#3593,.T.);
#4902=ORIENTED_EDGE('',*,*,#3594,.T.);
#4903=ORIENTED_EDGE('',*,*,#3595,.T.);
#4904=ORIENTED_EDGE('',*,*,#3596,.T.);
#4905=ORIENTED_EDGE('',*,*,#3597,.T.);
#4906=ORIENTED_EDGE('',*,*,#3598,.F.);
#4907=ORIENTED_EDGE('',*,*,#3584,.T.);
#4908=ORIENTED_EDGE('',*,*,#3569,.F.);
#4909=ORIENTED_EDGE('',*,*,#3567,.F.);
#4910=ORIENTED_EDGE('',*,*,#3575,.F.);
#4911=ORIENTED_EDGE('',*,*,#3599,.F.);
#4912=ORIENTED_EDGE('',*,*,#3598,.T.);
#4913=ORIENTED_EDGE('',*,*,#3600,.T.);
#4914=ORIENTED_EDGE('',*,*,#3601,.T.);
#4915=ORIENTED_EDGE('',*,*,#3602,.T.);
#4916=ORIENTED_EDGE('',*,*,#3603,.F.);
#4917=ORIENTED_EDGE('',*,*,#3604,.F.);
#4918=ORIENTED_EDGE('',*,*,#3586,.T.);
#4919=ORIENTED_EDGE('',*,*,#3605,.F.);
#4920=ORIENTED_EDGE('',*,*,#3588,.T.);
#4921=ORIENTED_EDGE('',*,*,#3606,.F.);
#4922=ORIENTED_EDGE('',*,*,#3607,.F.);
#4923=ORIENTED_EDGE('',*,*,#3608,.F.);
#4924=ORIENTED_EDGE('',*,*,#3606,.T.);
#4925=ORIENTED_EDGE('',*,*,#3587,.T.);
#4926=ORIENTED_EDGE('',*,*,#3604,.T.);
#4927=ORIENTED_EDGE('',*,*,#3609,.T.);
#4928=ORIENTED_EDGE('',*,*,#3610,.T.);
#4929=ORIENTED_EDGE('',*,*,#3611,.T.);
#4930=ORIENTED_EDGE('',*,*,#3607,.T.);
#4931=ORIENTED_EDGE('',*,*,#3612,.T.);
#4932=ORIENTED_EDGE('',*,*,#3613,.T.);
#4933=ORIENTED_EDGE('',*,*,#3589,.T.);
#4934=ORIENTED_EDGE('',*,*,#3608,.T.);
#4935=ORIENTED_EDGE('',*,*,#3614,.T.);
#4936=ORIENTED_EDGE('',*,*,#3615,.T.);
#4937=ORIENTED_EDGE('',*,*,#3616,.T.);
#4938=ORIENTED_EDGE('',*,*,#3613,.F.);
#4939=ORIENTED_EDGE('',*,*,#3617,.T.);
#4940=ORIENTED_EDGE('',*,*,#3618,.T.);
#4941=ORIENTED_EDGE('',*,*,#3619,.T.);
#4942=ORIENTED_EDGE('',*,*,#3615,.F.);
#4943=ORIENTED_EDGE('',*,*,#3620,.T.);
#4944=ORIENTED_EDGE('',*,*,#3621,.T.);
#4945=ORIENTED_EDGE('',*,*,#3605,.T.);
#4946=ORIENTED_EDGE('',*,*,#3585,.T.);
#4947=ORIENTED_EDGE('',*,*,#3602,.F.);
#4948=ORIENTED_EDGE('',*,*,#3622,.T.);
#4949=ORIENTED_EDGE('',*,*,#3623,.T.);
#4950=ORIENTED_EDGE('',*,*,#3603,.T.);
#4951=ORIENTED_EDGE('',*,*,#3624,.T.);
#4952=ORIENTED_EDGE('',*,*,#3620,.F.);
#4953=ORIENTED_EDGE('',*,*,#3617,.F.);
#4954=ORIENTED_EDGE('',*,*,#3614,.F.);
#4955=ORIENTED_EDGE('',*,*,#3611,.F.);
#4956=ORIENTED_EDGE('',*,*,#3625,.F.);
#4957=ORIENTED_EDGE('',*,*,#3612,.F.);
#4958=ORIENTED_EDGE('',*,*,#3609,.F.);
#4959=ORIENTED_EDGE('',*,*,#3623,.F.);
#4960=ORIENTED_EDGE('',*,*,#3626,.F.);
#4961=ORIENTED_EDGE('',*,*,#3556,.F.);
#4962=ORIENTED_EDGE('',*,*,#3581,.T.);
#4963=ORIENTED_EDGE('',*,*,#3627,.F.);
#4964=ORIENTED_EDGE('',*,*,#3372,.T.);
#4965=ORIENTED_EDGE('',*,*,#3289,.F.);
#4966=ORIENTED_EDGE('',*,*,#3628,.T.);
#4967=ORIENTED_EDGE('',*,*,#3618,.F.);
#4968=ORIENTED_EDGE('',*,*,#3625,.T.);
#4969=ORIENTED_EDGE('',*,*,#3610,.F.);
#4970=ORIENTED_EDGE('',*,*,#3626,.T.);
#4971=ORIENTED_EDGE('',*,*,#3622,.F.);
#4972=ORIENTED_EDGE('',*,*,#3629,.F.);
#4973=ORIENTED_EDGE('',*,*,#3600,.F.);
#4974=ORIENTED_EDGE('',*,*,#3597,.F.);
#4975=ORIENTED_EDGE('',*,*,#3630,.T.);
#4976=ORIENTED_EDGE('',*,*,#3631,.T.);
#4977=ORIENTED_EDGE('',*,*,#3632,.F.);
#4978=ORIENTED_EDGE('',*,*,#3593,.F.);
#4979=ORIENTED_EDGE('',*,*,#3570,.F.);
#4980=ORIENTED_EDGE('',*,*,#3599,.T.);
#4981=ORIENTED_EDGE('',*,*,#3574,.F.);
#4982=ORIENTED_EDGE('',*,*,#3633,.T.);
#4983=ORIENTED_EDGE('',*,*,#3559,.F.);
#4984=ORIENTED_EDGE('',*,*,#3634,.T.);
#4985=ORIENTED_EDGE('',*,*,#3631,.F.);
#4986=ORIENTED_EDGE('',*,*,#3635,.T.);
#4987=ORIENTED_EDGE('',*,*,#3636,.T.);
#4988=ORIENTED_EDGE('',*,*,#3637,.T.);
#4989=ORIENTED_EDGE('',*,*,#3638,.T.);
#4990=ORIENTED_EDGE('',*,*,#3639,.T.);
#4991=ORIENTED_EDGE('',*,*,#3640,.T.);
#4992=ORIENTED_EDGE('',*,*,#3641,.T.);
#4993=ORIENTED_EDGE('',*,*,#3594,.F.);
#4994=ORIENTED_EDGE('',*,*,#3632,.T.);
#4995=ORIENTED_EDGE('',*,*,#3641,.F.);
#4996=ORIENTED_EDGE('',*,*,#3642,.F.);
#4997=ORIENTED_EDGE('',*,*,#3643,.F.);
#4998=ORIENTED_EDGE('',*,*,#3644,.T.);
#4999=ORIENTED_EDGE('',*,*,#3639,.F.);
#5000=ORIENTED_EDGE('',*,*,#3645,.F.);
#5001=ORIENTED_EDGE('',*,*,#3646,.F.);
#5002=ORIENTED_EDGE('',*,*,#3647,.T.);
#5003=ORIENTED_EDGE('',*,*,#3637,.F.);
#5004=ORIENTED_EDGE('',*,*,#3648,.F.);
#5005=ORIENTED_EDGE('',*,*,#3596,.F.);
#5006=ORIENTED_EDGE('',*,*,#3649,.T.);
#5007=ORIENTED_EDGE('',*,*,#3635,.F.);
#5008=ORIENTED_EDGE('',*,*,#3630,.F.);
#5009=ORIENTED_EDGE('',*,*,#3601,.F.);
#5010=ORIENTED_EDGE('',*,*,#3629,.T.);
#5011=ORIENTED_EDGE('',*,*,#3624,.F.);
#5012=ORIENTED_EDGE('',*,*,#3621,.F.);
#5013=ORIENTED_EDGE('',*,*,#3643,.T.);
#5014=ORIENTED_EDGE('',*,*,#3650,.F.);
#5015=ORIENTED_EDGE('',*,*,#3651,.T.);
#5016=ORIENTED_EDGE('',*,*,#3652,.T.);
#5017=ORIENTED_EDGE('',*,*,#3653,.T.);
#5018=ORIENTED_EDGE('',*,*,#3654,.T.);
#5019=ORIENTED_EDGE('',*,*,#3655,.T.);
#5020=ORIENTED_EDGE('',*,*,#3656,.T.);
#5021=ORIENTED_EDGE('',*,*,#3657,.T.);
#5022=ORIENTED_EDGE('',*,*,#3658,.T.);
#5023=ORIENTED_EDGE('',*,*,#3659,.T.);
#5024=ORIENTED_EDGE('',*,*,#3654,.F.);
#5025=ORIENTED_EDGE('',*,*,#3660,.T.);
#5026=ORIENTED_EDGE('',*,*,#3658,.F.);
#5027=ORIENTED_EDGE('',*,*,#3661,.T.);
#5028=ORIENTED_EDGE('',*,*,#3662,.T.);
#5029=ORIENTED_EDGE('',*,*,#3663,.T.);
#5030=ORIENTED_EDGE('',*,*,#3662,.F.);
#5031=ORIENTED_EDGE('',*,*,#3664,.T.);
#5032=ORIENTED_EDGE('',*,*,#3656,.F.);
#5033=ORIENTED_EDGE('',*,*,#3657,.F.);
#5034=ORIENTED_EDGE('',*,*,#3665,.F.);
#5035=ORIENTED_EDGE('',*,*,#3666,.F.);
#5036=ORIENTED_EDGE('',*,*,#3667,.F.);
#5037=ORIENTED_EDGE('',*,*,#3653,.F.);
#5038=ORIENTED_EDGE('',*,*,#3668,.T.);
#5039=ORIENTED_EDGE('',*,*,#3669,.T.);
#5040=ORIENTED_EDGE('',*,*,#3670,.F.);
#5041=ORIENTED_EDGE('',*,*,#3671,.T.);
#5042=ORIENTED_EDGE('',*,*,#3672,.T.);
#5043=ORIENTED_EDGE('',*,*,#3650,.T.);
#5044=ORIENTED_EDGE('',*,*,#3645,.T.);
#5045=ORIENTED_EDGE('',*,*,#3638,.F.);
#5046=ORIENTED_EDGE('',*,*,#3647,.F.);
#5047=ORIENTED_EDGE('',*,*,#3673,.T.);
#5048=ORIENTED_EDGE('',*,*,#3674,.T.);
#5049=ORIENTED_EDGE('',*,*,#3675,.T.);
#5050=ORIENTED_EDGE('',*,*,#3285,.F.);
#5051=ORIENTED_EDGE('',*,*,#3676,.T.);
#5052=ORIENTED_EDGE('',*,*,#3677,.T.);
#5053=ORIENTED_EDGE('',*,*,#3678,.F.);
#5054=ORIENTED_EDGE('',*,*,#3679,.T.);
#5055=ORIENTED_EDGE('',*,*,#3680,.T.);
#5056=ORIENTED_EDGE('',*,*,#3665,.T.);
#5057=ORIENTED_EDGE('',*,*,#3681,.T.);
#5058=ORIENTED_EDGE('',*,*,#3682,.F.);
#5059=ORIENTED_EDGE('',*,*,#3683,.F.);
#5060=ORIENTED_EDGE('',*,*,#3684,.F.);
#5061=ORIENTED_EDGE('',*,*,#3685,.F.);
#5062=ORIENTED_EDGE('',*,*,#3686,.T.);
#5063=ORIENTED_EDGE('',*,*,#3687,.F.);
#5064=ORIENTED_EDGE('',*,*,#3688,.F.);
#5065=ORIENTED_EDGE('',*,*,#3689,.F.);
#5066=ORIENTED_EDGE('',*,*,#3690,.F.);
#5067=ORIENTED_EDGE('',*,*,#3655,.F.);
#5068=ORIENTED_EDGE('',*,*,#3659,.F.);
#5069=ORIENTED_EDGE('',*,*,#3660,.F.);
#5070=ORIENTED_EDGE('',*,*,#3663,.F.);
#5071=ORIENTED_EDGE('',*,*,#3678,.T.);
#5072=ORIENTED_EDGE('',*,*,#3691,.T.);
#5073=ORIENTED_EDGE('',*,*,#3687,.T.);
#5074=ORIENTED_EDGE('',*,*,#3692,.T.);
#5075=ORIENTED_EDGE('',*,*,#3693,.T.);
#5076=ORIENTED_EDGE('',*,*,#3694,.T.);
#5077=ORIENTED_EDGE('',*,*,#3688,.T.);
#5078=ORIENTED_EDGE('',*,*,#3691,.F.);
#5079=ORIENTED_EDGE('',*,*,#3689,.T.);
#5080=ORIENTED_EDGE('',*,*,#3694,.F.);
#5081=ORIENTED_EDGE('',*,*,#3695,.T.);
#5082=ORIENTED_EDGE('',*,*,#3696,.T.);
#5083=ORIENTED_EDGE('',*,*,#3690,.T.);
#5084=ORIENTED_EDGE('',*,*,#3696,.F.);
#5085=ORIENTED_EDGE('',*,*,#3697,.T.);
#5086=ORIENTED_EDGE('',*,*,#3692,.F.);
#5087=ORIENTED_EDGE('',*,*,#3693,.F.);
#5088=ORIENTED_EDGE('',*,*,#3677,.F.);
#5089=ORIENTED_EDGE('',*,*,#3698,.F.);
#5090=ORIENTED_EDGE('',*,*,#3699,.F.);
#5091=ORIENTED_EDGE('',*,*,#3695,.F.);
#5092=ORIENTED_EDGE('',*,*,#3699,.T.);
#5093=ORIENTED_EDGE('',*,*,#3700,.F.);
#5094=ORIENTED_EDGE('',*,*,#3701,.F.);
#5095=ORIENTED_EDGE('',*,*,#3697,.F.);
#5096=ORIENTED_EDGE('',*,*,#3701,.T.);
#5097=ORIENTED_EDGE('',*,*,#3702,.F.);
#5098=ORIENTED_EDGE('',*,*,#3679,.F.);
#5099=ORIENTED_EDGE('',*,*,#3661,.F.);
#5100=ORIENTED_EDGE('',*,*,#3667,.T.);
#5101=ORIENTED_EDGE('',*,*,#3703,.F.);
#5102=ORIENTED_EDGE('',*,*,#3704,.F.);
#5103=ORIENTED_EDGE('',*,*,#3664,.F.);
#5104=ORIENTED_EDGE('',*,*,#3704,.T.);
#5105=ORIENTED_EDGE('',*,*,#3705,.F.);
#5106=ORIENTED_EDGE('',*,*,#3668,.F.);
#5107=ORIENTED_EDGE('',*,*,#3681,.F.);
#5108=ORIENTED_EDGE('',*,*,#3706,.F.);
#5109=ORIENTED_EDGE('',*,*,#3707,.F.);
#5110=ORIENTED_EDGE('',*,*,#3283,.F.);
#5111=ORIENTED_EDGE('',*,*,#3284,.F.);
#5112=ORIENTED_EDGE('',*,*,#3707,.T.);
#5113=ORIENTED_EDGE('',*,*,#3708,.F.);
#5114=ORIENTED_EDGE('',*,*,#3669,.F.);
#5115=ORIENTED_EDGE('',*,*,#3705,.T.);
#5116=ORIENTED_EDGE('',*,*,#3703,.T.);
#5117=ORIENTED_EDGE('',*,*,#3666,.T.);
#5118=ORIENTED_EDGE('',*,*,#3680,.F.);
#5119=ORIENTED_EDGE('',*,*,#3702,.T.);
#5120=ORIENTED_EDGE('',*,*,#3700,.T.);
#5121=ORIENTED_EDGE('',*,*,#3698,.T.);
#5122=ORIENTED_EDGE('',*,*,#3676,.F.);
#5123=ORIENTED_EDGE('',*,*,#3107,.T.);
#5124=ORIENTED_EDGE('',*,*,#3709,.T.);
#5125=ORIENTED_EDGE('',*,*,#3710,.T.);
#5126=ORIENTED_EDGE('',*,*,#3316,.T.);
#5127=ORIENTED_EDGE('',*,*,#3098,.T.);
#5128=ORIENTED_EDGE('',*,*,#3276,.T.);
#5129=ORIENTED_EDGE('',*,*,#3089,.T.);
#5130=ORIENTED_EDGE('',*,*,#3711,.T.);
#5131=ORIENTED_EDGE('',*,*,#3711,.F.);
#5132=ORIENTED_EDGE('',*,*,#3093,.T.);
#5133=ORIENTED_EDGE('',*,*,#3314,.T.);
#5134=ORIENTED_EDGE('',*,*,#3712,.T.);
#5135=ORIENTED_EDGE('',*,*,#3512,.T.);
#5136=ORIENTED_EDGE('',*,*,#3516,.T.);
#5137=ORIENTED_EDGE('',*,*,#3542,.T.);
#5138=ORIENTED_EDGE('',*,*,#3713,.T.);
#5139=ORIENTED_EDGE('',*,*,#3714,.T.);
#5140=ORIENTED_EDGE('',*,*,#3429,.T.);
#5141=ORIENTED_EDGE('',*,*,#3715,.T.);
#5142=ORIENTED_EDGE('',*,*,#3376,.T.);
#5143=ORIENTED_EDGE('',*,*,#3353,.F.);
#5144=ORIENTED_EDGE('',*,*,#3362,.F.);
#5145=ORIENTED_EDGE('',*,*,#3358,.F.);
#5146=ORIENTED_EDGE('',*,*,#3375,.T.);
#5147=ORIENTED_EDGE('',*,*,#3332,.F.);
#5148=ORIENTED_EDGE('',*,*,#3364,.F.);
#5149=ORIENTED_EDGE('',*,*,#3337,.F.);
#5150=ORIENTED_EDGE('',*,*,#3373,.T.);
#5151=ORIENTED_EDGE('',*,*,#3627,.T.);
#5152=ORIENTED_EDGE('',*,*,#3580,.T.);
#5153=ORIENTED_EDGE('',*,*,#3716,.T.);
#5154=ORIENTED_EDGE('',*,*,#3717,.T.);
#5155=ORIENTED_EDGE('',*,*,#3670,.T.);
#5156=ORIENTED_EDGE('',*,*,#3708,.T.);
#5157=ORIENTED_EDGE('',*,*,#3706,.T.);
#5158=ORIENTED_EDGE('',*,*,#3718,.T.);
#5159=ORIENTED_EDGE('',*,*,#3719,.T.);
#5160=ORIENTED_EDGE('',*,*,#3114,.T.);
#5161=ORIENTED_EDGE('',*,*,#3720,.T.);
#5162=ORIENTED_EDGE('',*,*,#3720,.F.);
#5163=ORIENTED_EDGE('',*,*,#3274,.T.);
#5164=ORIENTED_EDGE('',*,*,#3270,.T.);
#5165=ORIENTED_EDGE('',*,*,#3721,.T.);
#5166=ORIENTED_EDGE('',*,*,#3722,.T.);
#5167=ORIENTED_EDGE('',*,*,#3723,.T.);
#5168=ORIENTED_EDGE('',*,*,#3724,.T.);
#5169=ORIENTED_EDGE('',*,*,#3725,.T.);
#5170=ORIENTED_EDGE('',*,*,#3724,.F.);
#5171=ORIENTED_EDGE('',*,*,#3726,.T.);
#5172=ORIENTED_EDGE('',*,*,#3727,.T.);
#5173=ORIENTED_EDGE('',*,*,#3728,.T.);
#5174=ORIENTED_EDGE('',*,*,#3370,.T.);
#5175=ORIENTED_EDGE('',*,*,#3729,.T.);
#5176=ORIENTED_EDGE('',*,*,#3727,.F.);
#5177=ORIENTED_EDGE('',*,*,#3730,.F.);
#5178=ORIENTED_EDGE('',*,*,#3721,.F.);
#5179=ORIENTED_EDGE('',*,*,#3725,.F.);
#5180=ORIENTED_EDGE('',*,*,#3729,.F.);
#5181=ORIENTED_EDGE('',*,*,#3369,.T.);
#5182=ORIENTED_EDGE('',*,*,#3731,.F.);
#5183=ORIENTED_EDGE('',*,*,#3732,.F.);
#5184=ORIENTED_EDGE('',*,*,#3733,.F.);
#5185=ORIENTED_EDGE('',*,*,#3734,.F.);
#5186=ORIENTED_EDGE('',*,*,#3735,.F.);
#5187=ORIENTED_EDGE('',*,*,#3736,.F.);
#5188=ORIENTED_EDGE('',*,*,#3737,.F.);
#5189=ORIENTED_EDGE('',*,*,#3738,.F.);
#5190=ORIENTED_EDGE('',*,*,#3739,.F.);
#5191=ORIENTED_EDGE('',*,*,#3740,.F.);
#5192=ORIENTED_EDGE('',*,*,#3741,.F.);
#5193=ORIENTED_EDGE('',*,*,#3380,.F.);
#5194=ORIENTED_EDGE('',*,*,#3742,.F.);
#5195=ORIENTED_EDGE('',*,*,#3743,.F.);
#5196=ORIENTED_EDGE('',*,*,#3744,.F.);
#5197=ORIENTED_EDGE('',*,*,#3742,.T.);
#5198=ORIENTED_EDGE('',*,*,#3379,.T.);
#5199=ORIENTED_EDGE('',*,*,#3745,.T.);
#5200=ORIENTED_EDGE('',*,*,#3746,.T.);
#5201=ORIENTED_EDGE('',*,*,#3743,.T.);
#5202=ORIENTED_EDGE('',*,*,#3746,.F.);
#5203=ORIENTED_EDGE('',*,*,#3747,.T.);
#5204=ORIENTED_EDGE('',*,*,#3748,.T.);
#5205=ORIENTED_EDGE('',*,*,#3749,.T.);
#5206=ORIENTED_EDGE('',*,*,#3750,.T.);
#5207=ORIENTED_EDGE('',*,*,#3744,.T.);
#5208=ORIENTED_EDGE('',*,*,#3748,.F.);
#5209=ORIENTED_EDGE('',*,*,#3751,.F.);
#5210=ORIENTED_EDGE('',*,*,#3296,.F.);
#5211=ORIENTED_EDGE('',*,*,#3752,.F.);
#5212=ORIENTED_EDGE('',*,*,#3753,.F.);
#5213=ORIENTED_EDGE('',*,*,#3754,.F.);
#5214=ORIENTED_EDGE('',*,*,#3753,.T.);
#5215=ORIENTED_EDGE('',*,*,#3755,.F.);
#5216=ORIENTED_EDGE('',*,*,#3756,.T.);
#5217=ORIENTED_EDGE('',*,*,#3757,.T.);
#5218=ORIENTED_EDGE('',*,*,#3758,.T.);
#5219=ORIENTED_EDGE('',*,*,#3759,.F.);
#5220=ORIENTED_EDGE('',*,*,#3760,.F.);
#5221=ORIENTED_EDGE('',*,*,#3761,.T.);
#5222=ORIENTED_EDGE('',*,*,#3760,.T.);
#5223=ORIENTED_EDGE('',*,*,#3762,.F.);
#5224=ORIENTED_EDGE('',*,*,#3292,.F.);
#5225=ORIENTED_EDGE('',*,*,#3745,.F.);
#5226=ORIENTED_EDGE('',*,*,#3378,.F.);
#5227=ORIENTED_EDGE('',*,*,#3297,.F.);
#5228=ORIENTED_EDGE('',*,*,#3751,.T.);
#5229=ORIENTED_EDGE('',*,*,#3754,.T.);
#5230=ORIENTED_EDGE('',*,*,#3763,.F.);
#5231=ORIENTED_EDGE('',*,*,#3747,.F.);
#5232=ORIENTED_EDGE('',*,*,#3763,.T.);
#5233=ORIENTED_EDGE('',*,*,#3756,.F.);
#5234=ORIENTED_EDGE('',*,*,#3764,.F.);
#5235=ORIENTED_EDGE('',*,*,#3749,.F.);
#5236=ORIENTED_EDGE('',*,*,#3764,.T.);
#5237=ORIENTED_EDGE('',*,*,#3755,.T.);
#5238=ORIENTED_EDGE('',*,*,#3752,.T.);
#5239=ORIENTED_EDGE('',*,*,#3295,.F.);
#5240=ORIENTED_EDGE('',*,*,#3765,.F.);
#5241=ORIENTED_EDGE('',*,*,#3726,.F.);
#5242=ORIENTED_EDGE('',*,*,#3766,.T.);
#5243=ORIENTED_EDGE('',*,*,#3758,.F.);
#5244=ORIENTED_EDGE('',*,*,#3767,.F.);
#5245=ORIENTED_EDGE('',*,*,#3728,.F.);
#5246=ORIENTED_EDGE('',*,*,#3767,.T.);
#5247=ORIENTED_EDGE('',*,*,#3757,.F.);
#5248=ORIENTED_EDGE('',*,*,#3761,.F.);
#5249=ORIENTED_EDGE('',*,*,#3291,.F.);
#5250=ORIENTED_EDGE('',*,*,#3371,.F.);
#5251=ORIENTED_EDGE('',*,*,#3723,.F.);
#5252=ORIENTED_EDGE('',*,*,#3768,.F.);
#5253=ORIENTED_EDGE('',*,*,#3293,.F.);
#5254=ORIENTED_EDGE('',*,*,#3762,.T.);
#5255=ORIENTED_EDGE('',*,*,#3759,.T.);
#5256=ORIENTED_EDGE('',*,*,#3766,.F.);
#5257=ORIENTED_EDGE('',*,*,#3765,.T.);
#5258=ORIENTED_EDGE('',*,*,#3294,.F.);
#5259=ORIENTED_EDGE('',*,*,#3768,.T.);
#5260=ORIENTED_EDGE('',*,*,#3722,.F.);
#5261=ORIENTED_EDGE('',*,*,#3730,.T.);
#5262=ORIENTED_EDGE('',*,*,#3750,.F.);
#5263=ORIENTED_EDGE('',*,*,#3427,.T.);
#5264=ORIENTED_EDGE('',*,*,#3769,.T.);
#5265=ORIENTED_EDGE('',*,*,#3770,.T.);
#5266=ORIENTED_EDGE('',*,*,#3770,.F.);
#5267=ORIENTED_EDGE('',*,*,#3771,.T.);
#5268=ORIENTED_EDGE('',*,*,#3383,.T.);
#5269=ORIENTED_EDGE('',*,*,#3417,.T.);
#5270=ORIENTED_EDGE('',*,*,#3459,.T.);
#5271=ORIENTED_EDGE('',*,*,#3772,.T.);
#5272=ORIENTED_EDGE('',*,*,#3773,.T.);
#5273=ORIENTED_EDGE('',*,*,#3451,.F.);
#5274=ORIENTED_EDGE('',*,*,#3460,.F.);
#5275=ORIENTED_EDGE('',*,*,#3774,.F.);
#5276=ORIENTED_EDGE('',*,*,#3775,.T.);
#5277=ORIENTED_EDGE('',*,*,#3300,.F.);
#5278=ORIENTED_EDGE('',*,*,#3776,.T.);
#5279=ORIENTED_EDGE('',*,*,#3773,.F.);
#5280=ORIENTED_EDGE('',*,*,#3740,.T.);
#5281=ORIENTED_EDGE('',*,*,#3777,.F.);
#5282=ORIENTED_EDGE('',*,*,#3774,.T.);
#5283=ORIENTED_EDGE('',*,*,#3772,.F.);
#5284=ORIENTED_EDGE('',*,*,#3418,.T.);
#5285=ORIENTED_EDGE('',*,*,#3381,.T.);
#5286=ORIENTED_EDGE('',*,*,#3741,.T.);
#5287=ORIENTED_EDGE('',*,*,#3778,.T.);
#5288=ORIENTED_EDGE('',*,*,#3779,.T.);
#5289=ORIENTED_EDGE('',*,*,#3780,.T.);
#5290=ORIENTED_EDGE('',*,*,#3616,.F.);
#5291=ORIENTED_EDGE('',*,*,#3781,.T.);
#5292=ORIENTED_EDGE('',*,*,#3778,.F.);
#5293=ORIENTED_EDGE('',*,*,#3590,.T.);
#5294=ORIENTED_EDGE('',*,*,#3780,.F.);
#5295=ORIENTED_EDGE('',*,*,#3731,.T.);
#5296=ORIENTED_EDGE('',*,*,#3368,.T.);
#5297=ORIENTED_EDGE('',*,*,#3591,.T.);
#5298=ORIENTED_EDGE('',*,*,#3583,.T.);
#5299=ORIENTED_EDGE('',*,*,#3782,.T.);
#5300=ORIENTED_EDGE('',*,*,#3783,.T.);
#5301=ORIENTED_EDGE('',*,*,#3783,.F.);
#5302=ORIENTED_EDGE('',*,*,#3784,.T.);
#5303=ORIENTED_EDGE('',*,*,#3785,.T.);
#5304=ORIENTED_EDGE('',*,*,#3578,.T.);
#5305=ORIENTED_EDGE('',*,*,#3782,.F.);
#5306=ORIENTED_EDGE('',*,*,#3592,.T.);
#5307=ORIENTED_EDGE('',*,*,#3366,.T.);
#5308=ORIENTED_EDGE('',*,*,#3786,.T.);
#5309=ORIENTED_EDGE('',*,*,#3787,.F.);
#5310=ORIENTED_EDGE('',*,*,#3788,.F.);
#5311=ORIENTED_EDGE('',*,*,#3789,.F.);
#5312=ORIENTED_EDGE('',*,*,#3779,.F.);
#5313=ORIENTED_EDGE('',*,*,#3790,.T.);
#5314=ORIENTED_EDGE('',*,*,#3791,.T.);
#5315=ORIENTED_EDGE('',*,*,#3732,.T.);
#5316=ORIENTED_EDGE('',*,*,#3792,.F.);
#5317=ORIENTED_EDGE('',*,*,#3793,.F.);
#5318=ORIENTED_EDGE('',*,*,#3794,.F.);
#5319=ORIENTED_EDGE('',*,*,#3795,.T.);
#5320=ORIENTED_EDGE('',*,*,#3793,.T.);
#5321=ORIENTED_EDGE('',*,*,#3796,.T.);
#5322=ORIENTED_EDGE('',*,*,#3785,.F.);
#5323=ORIENTED_EDGE('',*,*,#3797,.F.);
#5324=ORIENTED_EDGE('',*,*,#3798,.F.);
#5325=ORIENTED_EDGE('',*,*,#3799,.F.);
#5326=ORIENTED_EDGE('',*,*,#3685,.T.);
#5327=ORIENTED_EDGE('',*,*,#3794,.T.);
#5328=ORIENTED_EDGE('',*,*,#3800,.T.);
#5329=ORIENTED_EDGE('',*,*,#3801,.T.);
#5330=ORIENTED_EDGE('',*,*,#3802,.F.);
#5331=ORIENTED_EDGE('',*,*,#3803,.F.);
#5332=ORIENTED_EDGE('',*,*,#3804,.F.);
#5333=ORIENTED_EDGE('',*,*,#3805,.T.);
#5334=ORIENTED_EDGE('',*,*,#3803,.T.);
#5335=ORIENTED_EDGE('',*,*,#3733,.T.);
#5336=ORIENTED_EDGE('',*,*,#3791,.F.);
#5337=ORIENTED_EDGE('',*,*,#3792,.T.);
#5338=ORIENTED_EDGE('',*,*,#3684,.T.);
#5339=ORIENTED_EDGE('',*,*,#3804,.T.);
#5340=ORIENTED_EDGE('',*,*,#3806,.T.);
#5341=ORIENTED_EDGE('',*,*,#3807,.F.);
#5342=ORIENTED_EDGE('',*,*,#3808,.F.);
#5343=ORIENTED_EDGE('',*,*,#3809,.F.);
#5344=ORIENTED_EDGE('',*,*,#3810,.F.);
#5345=ORIENTED_EDGE('',*,*,#3811,.F.);
#5346=ORIENTED_EDGE('',*,*,#3812,.F.);
#5347=ORIENTED_EDGE('',*,*,#3813,.T.);
#5348=ORIENTED_EDGE('',*,*,#3811,.T.);
#5349=ORIENTED_EDGE('',*,*,#3814,.T.);
#5350=ORIENTED_EDGE('',*,*,#3801,.F.);
#5351=ORIENTED_EDGE('',*,*,#3808,.T.);
#5352=ORIENTED_EDGE('',*,*,#3815,.T.);
#5353=ORIENTED_EDGE('',*,*,#3812,.T.);
#5354=ORIENTED_EDGE('',*,*,#3816,.T.);
#5355=ORIENTED_EDGE('',*,*,#3734,.T.);
#5356=ORIENTED_EDGE('',*,*,#3802,.T.);
#5357=ORIENTED_EDGE('',*,*,#3683,.T.);
#5358=ORIENTED_EDGE('',*,*,#3817,.T.);
#5359=ORIENTED_EDGE('',*,*,#3818,.F.);
#5360=ORIENTED_EDGE('',*,*,#3819,.F.);
#5361=ORIENTED_EDGE('',*,*,#3820,.F.);
#5362=ORIENTED_EDGE('',*,*,#3821,.F.);
#5363=ORIENTED_EDGE('',*,*,#3822,.F.);
#5364=ORIENTED_EDGE('',*,*,#3823,.F.);
#5365=ORIENTED_EDGE('',*,*,#3824,.T.);
#5366=ORIENTED_EDGE('',*,*,#3822,.T.);
#5367=ORIENTED_EDGE('',*,*,#3735,.T.);
#5368=ORIENTED_EDGE('',*,*,#3817,.F.);
#5369=ORIENTED_EDGE('',*,*,#3810,.T.);
#5370=ORIENTED_EDGE('',*,*,#3825,.T.);
#5371=ORIENTED_EDGE('',*,*,#3823,.T.);
#5372=ORIENTED_EDGE('',*,*,#3826,.T.);
#5373=ORIENTED_EDGE('',*,*,#3819,.T.);
#5374=ORIENTED_EDGE('',*,*,#3736,.T.);
#5375=ORIENTED_EDGE('',*,*,#3821,.T.);
#5376=ORIENTED_EDGE('',*,*,#3827,.T.);
#5377=ORIENTED_EDGE('',*,*,#3807,.T.);
#5378=ORIENTED_EDGE('',*,*,#3828,.T.);
#5379=ORIENTED_EDGE('',*,*,#3820,.T.);
#5380=ORIENTED_EDGE('',*,*,#3829,.T.);
#5381=ORIENTED_EDGE('',*,*,#3737,.T.);
#5382=ORIENTED_EDGE('',*,*,#3818,.T.);
#5383=ORIENTED_EDGE('',*,*,#3830,.T.);
#5384=ORIENTED_EDGE('',*,*,#3831,.T.);
#5385=ORIENTED_EDGE('',*,*,#3487,.T.);
#5386=ORIENTED_EDGE('',*,*,#3798,.T.);
#5387=ORIENTED_EDGE('',*,*,#3738,.T.);
#5388=ORIENTED_EDGE('',*,*,#3831,.F.);
#5389=ORIENTED_EDGE('',*,*,#3832,.T.);
#5390=ORIENTED_EDGE('',*,*,#3809,.T.);
#5391=ORIENTED_EDGE('',*,*,#3833,.T.);
#5392=ORIENTED_EDGE('',*,*,#3834,.T.);
#5393=ORIENTED_EDGE('',*,*,#3787,.T.);
#5394=ORIENTED_EDGE('',*,*,#3835,.T.);
#5395=ORIENTED_EDGE('',*,*,#3799,.T.);
#5396=ORIENTED_EDGE('',*,*,#3486,.T.);
#5397=ORIENTED_EDGE('',*,*,#3739,.T.);
#5398=ORIENTED_EDGE('',*,*,#3797,.T.);
#5399=ORIENTED_EDGE('',*,*,#3836,.T.);
#5400=ORIENTED_EDGE('',*,*,#3777,.T.);
#5401=ORIENTED_EDGE('',*,*,#3837,.T.);
#5402=ORIENTED_EDGE('',*,*,#3788,.T.);
#5403=ORIENTED_EDGE('',*,*,#3485,.T.);
#5404=ORIENTED_EDGE('',*,*,#3834,.F.);
#5405=ORIENTED_EDGE('',*,*,#3838,.T.);
#5406=ORIENTED_EDGE('',*,*,#3789,.T.);
#5407=ORIENTED_EDGE('',*,*,#3839,.T.);
#5408=ORIENTED_EDGE('',*,*,#3840,.T.);
#5409=ORIENTED_EDGE('',*,*,#3769,.F.);
#5410=ORIENTED_EDGE('',*,*,#3431,.T.);
#5411=ORIENTED_EDGE('',*,*,#3840,.F.);
#5412=ORIENTED_EDGE('',*,*,#3841,.T.);
#5413=ORIENTED_EDGE('',*,*,#3830,.F.);
#5414=ORIENTED_EDGE('',*,*,#3828,.F.);
#5415=ORIENTED_EDGE('',*,*,#3832,.F.);
#5416=ORIENTED_EDGE('',*,*,#3484,.T.);
#5417=ORIENTED_EDGE('',*,*,#3842,.T.);
#5418=ORIENTED_EDGE('',*,*,#3488,.F.);
#5419=ORIENTED_EDGE('',*,*,#3619,.F.);
#5420=ORIENTED_EDGE('',*,*,#3628,.F.);
#5421=ORIENTED_EDGE('',*,*,#3288,.F.);
#5422=ORIENTED_EDGE('',*,*,#3843,.F.);
#5423=ORIENTED_EDGE('',*,*,#3790,.F.);
#5424=ORIENTED_EDGE('',*,*,#3781,.F.);
#5425=ORIENTED_EDGE('',*,*,#3836,.F.);
#5426=ORIENTED_EDGE('',*,*,#3835,.F.);
#5427=ORIENTED_EDGE('',*,*,#3838,.F.);
#5428=ORIENTED_EDGE('',*,*,#3430,.T.);
#5429=ORIENTED_EDGE('',*,*,#3714,.F.);
#5430=ORIENTED_EDGE('',*,*,#3844,.T.);
#5431=ORIENTED_EDGE('',*,*,#3845,.T.);
#5432=ORIENTED_EDGE('',*,*,#3543,.T.);
#5433=ORIENTED_EDGE('',*,*,#3524,.T.);
#5434=ORIENTED_EDGE('',*,*,#3533,.T.);
#5435=ORIENTED_EDGE('',*,*,#3518,.F.);
#5436=ORIENTED_EDGE('',*,*,#3463,.T.);
#5437=ORIENTED_EDGE('',*,*,#3531,.T.);
#5438=ORIENTED_EDGE('',*,*,#3535,.T.);
#5439=ORIENTED_EDGE('',*,*,#3526,.F.);
#5440=ORIENTED_EDGE('',*,*,#3846,.T.);
#5441=ORIENTED_EDGE('',*,*,#3847,.T.);
#5442=ORIENTED_EDGE('',*,*,#3848,.T.);
#5443=ORIENTED_EDGE('',*,*,#3301,.F.);
#5444=ORIENTED_EDGE('',*,*,#3775,.F.);
#5445=ORIENTED_EDGE('',*,*,#3815,.F.);
#5446=ORIENTED_EDGE('',*,*,#3829,.F.);
#5447=ORIENTED_EDGE('',*,*,#3827,.F.);
#5448=ORIENTED_EDGE('',*,*,#3825,.F.);
#5449=ORIENTED_EDGE('',*,*,#3317,.T.);
#5450=ORIENTED_EDGE('',*,*,#3710,.F.);
#5451=ORIENTED_EDGE('',*,*,#3849,.F.);
#5452=ORIENTED_EDGE('',*,*,#3310,.F.);
#5453=ORIENTED_EDGE('',*,*,#3842,.F.);
#5454=ORIENTED_EDGE('',*,*,#3712,.F.);
#5455=ORIENTED_EDGE('',*,*,#3313,.T.);
#5456=ORIENTED_EDGE('',*,*,#3306,.F.);
#5457=ORIENTED_EDGE('',*,*,#3411,.F.);
#5458=ORIENTED_EDGE('',*,*,#3850,.T.);
#5459=ORIENTED_EDGE('',*,*,#3415,.F.);
#5460=ORIENTED_EDGE('',*,*,#3402,.F.);
#5461=ORIENTED_EDGE('',*,*,#3450,.F.);
#5462=ORIENTED_EDGE('',*,*,#3851,.T.);
#5463=ORIENTED_EDGE('',*,*,#3454,.F.);
#5464=ORIENTED_EDGE('',*,*,#3445,.F.);
#5465=ORIENTED_EDGE('',*,*,#3447,.F.);
#5466=ORIENTED_EDGE('',*,*,#3405,.F.);
#5467=ORIENTED_EDGE('',*,*,#3465,.T.);
#5468=ORIENTED_EDGE('',*,*,#3520,.T.);
#5469=ORIENTED_EDGE('',*,*,#3532,.F.);
#5470=ORIENTED_EDGE('',*,*,#3529,.F.);
#5471=ORIENTED_EDGE('',*,*,#3461,.T.);
#5472=ORIENTED_EDGE('',*,*,#3434,.F.);
#5473=ORIENTED_EDGE('',*,*,#3466,.T.);
#5474=ORIENTED_EDGE('',*,*,#3455,.F.);
#5475=ORIENTED_EDGE('',*,*,#3545,.F.);
#5476=ORIENTED_EDGE('',*,*,#3452,.F.);
#5477=ORIENTED_EDGE('',*,*,#3851,.F.);
#5478=ORIENTED_EDGE('',*,*,#3449,.F.);
#5479=ORIENTED_EDGE('',*,*,#3776,.F.);
#5480=ORIENTED_EDGE('',*,*,#3299,.F.);
#5481=ORIENTED_EDGE('',*,*,#3377,.F.);
#5482=ORIENTED_EDGE('',*,*,#3715,.F.);
#5483=ORIENTED_EDGE('',*,*,#3428,.F.);
#5484=ORIENTED_EDGE('',*,*,#3389,.F.);
#5485=ORIENTED_EDGE('',*,*,#3432,.F.);
#5486=ORIENTED_EDGE('',*,*,#3413,.F.);
#5487=ORIENTED_EDGE('',*,*,#3850,.F.);
#5488=ORIENTED_EDGE('',*,*,#3410,.F.);
#5489=ORIENTED_EDGE('',*,*,#3517,.F.);
#5490=ORIENTED_EDGE('',*,*,#3845,.F.);
#5491=ORIENTED_EDGE('',*,*,#3852,.T.);
#5492=ORIENTED_EDGE('',*,*,#3540,.T.);
#5493=ORIENTED_EDGE('',*,*,#3544,.T.);
#5494=ORIENTED_EDGE('',*,*,#3844,.F.);
#5495=ORIENTED_EDGE('',*,*,#3713,.F.);
#5496=ORIENTED_EDGE('',*,*,#3541,.T.);
#5497=ORIENTED_EDGE('',*,*,#3852,.F.);
#5498=ORIENTED_EDGE('',*,*,#3848,.F.);
#5499=ORIENTED_EDGE('',*,*,#3853,.T.);
#5500=ORIENTED_EDGE('',*,*,#3536,.T.);
#5501=ORIENTED_EDGE('',*,*,#3302,.F.);
#5502=ORIENTED_EDGE('',*,*,#3847,.F.);
#5503=ORIENTED_EDGE('',*,*,#3854,.T.);
#5504=ORIENTED_EDGE('',*,*,#3537,.T.);
#5505=ORIENTED_EDGE('',*,*,#3853,.F.);
#5506=ORIENTED_EDGE('',*,*,#3525,.T.);
#5507=ORIENTED_EDGE('',*,*,#3538,.T.);
#5508=ORIENTED_EDGE('',*,*,#3854,.F.);
#5509=ORIENTED_EDGE('',*,*,#3846,.F.);
#5510=ORIENTED_EDGE('',*,*,#3855,.T.);
#5511=ORIENTED_EDGE('',*,*,#3651,.F.);
#5512=ORIENTED_EDGE('',*,*,#3672,.F.);
#5513=ORIENTED_EDGE('',*,*,#3856,.F.);
#5514=ORIENTED_EDGE('',*,*,#3857,.T.);
#5515=ORIENTED_EDGE('',*,*,#3856,.T.);
#5516=ORIENTED_EDGE('',*,*,#3671,.F.);
#5517=ORIENTED_EDGE('',*,*,#3717,.F.);
#5518=ORIENTED_EDGE('',*,*,#3858,.T.);
#5519=ORIENTED_EDGE('',*,*,#3286,.F.);
#5520=ORIENTED_EDGE('',*,*,#3675,.F.);
#5521=ORIENTED_EDGE('',*,*,#3859,.F.);
#5522=ORIENTED_EDGE('',*,*,#3860,.T.);
#5523=ORIENTED_EDGE('',*,*,#3859,.T.);
#5524=ORIENTED_EDGE('',*,*,#3674,.F.);
#5525=ORIENTED_EDGE('',*,*,#3861,.F.);
#5526=ORIENTED_EDGE('',*,*,#3646,.T.);
#5527=ORIENTED_EDGE('',*,*,#3862,.T.);
#5528=ORIENTED_EDGE('',*,*,#3861,.T.);
#5529=ORIENTED_EDGE('',*,*,#3673,.F.);
#5530=ORIENTED_EDGE('',*,*,#3863,.T.);
#5531=ORIENTED_EDGE('',*,*,#3282,.F.);
#5532=ORIENTED_EDGE('',*,*,#3864,.F.);
#5533=ORIENTED_EDGE('',*,*,#3718,.F.);
#5534=ORIENTED_EDGE('',*,*,#3168,.T.);
#5535=ORIENTED_EDGE('',*,*,#3311,.F.);
#5536=ORIENTED_EDGE('',*,*,#3849,.T.);
#5537=ORIENTED_EDGE('',*,*,#3709,.F.);
#5538=ORIENTED_EDGE('',*,*,#3106,.T.);
#5539=ORIENTED_EDGE('',*,*,#3269,.T.);
#5540=ORIENTED_EDGE('',*,*,#3116,.T.);
#5541=ORIENTED_EDGE('',*,*,#3865,.T.);
#5542=ORIENTED_EDGE('',*,*,#3865,.F.);
#5543=ORIENTED_EDGE('',*,*,#3115,.T.);
#5544=ORIENTED_EDGE('',*,*,#3719,.F.);
#5545=ORIENTED_EDGE('',*,*,#3864,.T.);
#5546=ORIENTED_EDGE('',*,*,#3281,.F.);
#5547=ORIENTED_EDGE('',*,*,#3102,.T.);
#5548=ORIENTED_EDGE('',*,*,#3866,.T.);
#5549=ORIENTED_EDGE('',*,*,#3866,.F.);
#5550=ORIENTED_EDGE('',*,*,#3101,.T.);
#5551=ORIENTED_EDGE('',*,*,#3164,.T.);
#5552=ORIENTED_EDGE('',*,*,#3189,.T.);
#5553=ORIENTED_EDGE('',*,*,#3143,.T.);
#5554=ORIENTED_EDGE('',*,*,#3188,.T.);
#5555=ORIENTED_EDGE('',*,*,#3132,.T.);
#5556=ORIENTED_EDGE('',*,*,#3867,.T.);
#5557=ORIENTED_EDGE('',*,*,#3867,.F.);
#5558=ORIENTED_EDGE('',*,*,#3196,.T.);
#5559=ORIENTED_EDGE('',*,*,#3195,.T.);
#5560=ORIENTED_EDGE('',*,*,#3136,.T.);
#5561=ORIENTED_EDGE('',*,*,#3185,.T.);
#5562=ORIENTED_EDGE('',*,*,#3152,.T.);
#5563=ORIENTED_EDGE('',*,*,#3217,.T.);
#5564=ORIENTED_EDGE('',*,*,#3231,.T.);
#5565=ORIENTED_EDGE('',*,*,#3215,.T.);
#5566=ORIENTED_EDGE('',*,*,#3230,.T.);
#5567=ORIENTED_EDGE('',*,*,#3227,.T.);
#5568=ORIENTED_EDGE('',*,*,#3232,.T.);
#5569=ORIENTED_EDGE('',*,*,#3225,.T.);
#5570=ORIENTED_EDGE('',*,*,#3229,.T.);
#5571=ORIENTED_EDGE('',*,*,#3557,.F.);
#5572=ORIENTED_EDGE('',*,*,#3634,.F.);
#5573=ORIENTED_EDGE('',*,*,#3561,.F.);
#5574=ORIENTED_EDGE('',*,*,#3551,.F.);
#5575=ORIENTED_EDGE('',*,*,#3554,.F.);
#5576=ORIENTED_EDGE('',*,*,#3560,.F.);
#5577=ORIENTED_EDGE('',*,*,#3633,.F.);
#5578=ORIENTED_EDGE('',*,*,#3576,.F.);
#5579=ORIENTED_EDGE('',*,*,#3573,.F.);
#5580=ORIENTED_EDGE('',*,*,#3805,.F.);
#5581=ORIENTED_EDGE('',*,*,#3843,.T.);
#5582=ORIENTED_EDGE('',*,*,#3287,.F.);
#5583=ORIENTED_EDGE('',*,*,#3858,.F.);
#5584=ORIENTED_EDGE('',*,*,#3860,.F.);
#5585=ORIENTED_EDGE('',*,*,#3862,.F.);
#5586=ORIENTED_EDGE('',*,*,#3648,.T.);
#5587=ORIENTED_EDGE('',*,*,#3636,.F.);
#5588=ORIENTED_EDGE('',*,*,#3649,.F.);
#5589=ORIENTED_EDGE('',*,*,#3595,.F.);
#5590=ORIENTED_EDGE('',*,*,#3642,.T.);
#5591=ORIENTED_EDGE('',*,*,#3640,.F.);
#5592=ORIENTED_EDGE('',*,*,#3644,.F.);
#5593=ORIENTED_EDGE('',*,*,#3652,.F.);
#5594=ORIENTED_EDGE('',*,*,#3855,.F.);
#5595=ORIENTED_EDGE('',*,*,#3857,.F.);
#5596=ORIENTED_EDGE('',*,*,#3716,.F.);
#5597=ORIENTED_EDGE('',*,*,#3579,.F.);
#5598=ORIENTED_EDGE('',*,*,#3796,.F.);
#5599=ORIENTED_EDGE('',*,*,#3806,.F.);
#5600=ORIENTED_EDGE('',*,*,#3824,.F.);
#5601=ORIENTED_EDGE('',*,*,#3682,.T.);
#5602=ORIENTED_EDGE('',*,*,#3863,.F.);
#5603=ORIENTED_EDGE('',*,*,#3686,.F.);
#5604=ORIENTED_EDGE('',*,*,#3814,.F.);
#5605=ORIENTED_EDGE('',*,*,#3826,.F.);
#5606=ORIENTED_EDGE('',*,*,#3374,.F.);
#5607=ORIENTED_EDGE('',*,*,#3347,.F.);
#5608=ORIENTED_EDGE('',*,*,#3345,.F.);
#5609=ORIENTED_EDGE('',*,*,#3342,.F.);
#5610=ORIENTED_EDGE('',*,*,#3384,.F.);
#5611=ORIENTED_EDGE('',*,*,#3771,.F.);
#5612=ORIENTED_EDGE('',*,*,#3841,.F.);
#5613=ORIENTED_EDGE('',*,*,#3839,.F.);
#5614=ORIENTED_EDGE('',*,*,#3837,.F.);
#5615=ORIENTED_EDGE('',*,*,#3833,.F.);
#5616=ORIENTED_EDGE('',*,*,#3816,.F.);
#5617=ORIENTED_EDGE('',*,*,#3813,.F.);
#5618=ORIENTED_EDGE('',*,*,#3800,.F.);
#5619=ORIENTED_EDGE('',*,*,#3795,.F.);
#5620=ORIENTED_EDGE('',*,*,#3784,.F.);
#5621=ORIENTED_EDGE('',*,*,#3786,.F.);
#5622=ORIENTED_EDGE('',*,*,#3365,.F.);
#5623=ORIENTED_EDGE('',*,*,#3326,.F.);
#5624=ORIENTED_EDGE('',*,*,#3324,.F.);
#5625=ORIENTED_EDGE('',*,*,#3321,.F.);
#5626=CYLINDRICAL_SURFACE('',#6399,1.6);
#5627=CYLINDRICAL_SURFACE('',#6403,0.75);
#5628=CYLINDRICAL_SURFACE('',#6407,0.75);
#5629=CYLINDRICAL_SURFACE('',#6411,0.75);
#5630=CYLINDRICAL_SURFACE('',#6415,0.75);
#5631=CYLINDRICAL_SURFACE('',#6419,1.6);
#5632=CYLINDRICAL_SURFACE('',#6424,1.6);
#5633=CYLINDRICAL_SURFACE('',#6427,1.6);
#5634=CYLINDRICAL_SURFACE('',#6433,1.6);
#5635=CYLINDRICAL_SURFACE('',#6438,1.6);
#5636=CYLINDRICAL_SURFACE('',#6442,1.6);
#5637=CYLINDRICAL_SURFACE('',#6445,1.6);
#5638=CYLINDRICAL_SURFACE('',#6451,1.60000000000001);
#5639=CYLINDRICAL_SURFACE('',#6456,1.60000000000001);
#5640=CYLINDRICAL_SURFACE('',#6460,1.6);
#5641=CYLINDRICAL_SURFACE('',#6511,0.999999999999996);
#5642=CYLINDRICAL_SURFACE('',#6513,0.999999999999996);
#5643=CYLINDRICAL_SURFACE('',#6520,0.999999999999996);
#5644=CYLINDRICAL_SURFACE('',#6522,0.999999999999996);
#5645=CYLINDRICAL_SURFACE('',#6527,0.999999999999996);
#5646=CYLINDRICAL_SURFACE('',#6531,0.999999999999996);
#5647=CYLINDRICAL_SURFACE('',#6543,0.999999999999996);
#5648=CYLINDRICAL_SURFACE('',#6547,0.999999999999996);
#5649=CYLINDRICAL_SURFACE('',#6568,0.2);
#5650=CYLINDRICAL_SURFACE('',#6571,0.2);
#5651=CYLINDRICAL_SURFACE('',#6573,0.2);
#5652=CYLINDRICAL_SURFACE('',#6578,0.2);
#5653=CYLINDRICAL_SURFACE('',#6581,0.2);
#5654=CYLINDRICAL_SURFACE('',#6583,0.2);
#5655=CYLINDRICAL_SURFACE('',#6606,0.1);
#5656=CYLINDRICAL_SURFACE('',#6613,0.1);
#5657=CYLINDRICAL_SURFACE('',#6619,0.1);
#5658=CYLINDRICAL_SURFACE('',#6620,0.1);
#5659=CYLINDRICAL_SURFACE('',#6623,0.1);
#5660=CYLINDRICAL_SURFACE('',#6624,0.1);
#5661=CYLINDRICAL_SURFACE('',#6626,0.1);
#5662=CYLINDRICAL_SURFACE('',#6631,0.3);
#5663=CYLINDRICAL_SURFACE('',#6635,0.1);
#5664=CYLINDRICAL_SURFACE('',#6646,0.1);
#5665=CYLINDRICAL_SURFACE('',#6647,0.1);
#5666=CYLINDRICAL_SURFACE('',#6653,0.1);
#5667=CYLINDRICAL_SURFACE('',#6655,0.1);
#5668=CYLINDRICAL_SURFACE('',#6657,0.1);
#5669=CYLINDRICAL_SURFACE('',#6659,0.1);
#5670=CYLINDRICAL_SURFACE('',#6660,0.3);
#5671=CYLINDRICAL_SURFACE('',#6664,0.1);
#5672=CYLINDRICAL_SURFACE('',#6667,0.1);
#5673=CYLINDRICAL_SURFACE('',#6669,0.1);
#5674=CYLINDRICAL_SURFACE('',#6671,0.1);
#5675=CYLINDRICAL_SURFACE('',#6675,0.1);
#5676=CYLINDRICAL_SURFACE('',#6678,0.1);
#5677=CYLINDRICAL_SURFACE('',#6680,0.1);
#5678=CYLINDRICAL_SURFACE('',#6682,0.1);
#5679=CYLINDRICAL_SURFACE('',#6703,0.1);
#5680=CYLINDRICAL_SURFACE('',#6709,0.1);
#5681=CYLINDRICAL_SURFACE('',#6711,0.1);
#5682=CYLINDRICAL_SURFACE('',#6718,0.1);
#5683=CYLINDRICAL_SURFACE('',#6720,0.1);
#5684=CYLINDRICAL_SURFACE('',#6722,0.1);
#5685=CYLINDRICAL_SURFACE('',#6723,0.1);
#5686=CYLINDRICAL_SURFACE('',#6726,0.3);
#5687=CYLINDRICAL_SURFACE('',#6733,0.1);
#5688=CYLINDRICAL_SURFACE('',#6744,0.1);
#5689=CYLINDRICAL_SURFACE('',#6745,0.1);
#5690=CYLINDRICAL_SURFACE('',#6747,0.1);
#5691=CYLINDRICAL_SURFACE('',#6753,0.1);
#5692=CYLINDRICAL_SURFACE('',#6755,0.1);
#5693=CYLINDRICAL_SURFACE('',#6756,0.1);
#5694=CYLINDRICAL_SURFACE('',#6768,0.1);
#5695=CYLINDRICAL_SURFACE('',#6771,0.1);
#5696=CYLINDRICAL_SURFACE('',#6773,0.1);
#5697=CYLINDRICAL_SURFACE('',#6775,0.1);
#5698=CYLINDRICAL_SURFACE('',#6779,0.1);
#5699=CYLINDRICAL_SURFACE('',#6782,0.1);
#5700=CYLINDRICAL_SURFACE('',#6784,0.1);
#5701=CYLINDRICAL_SURFACE('',#6786,0.1);
#5702=CYLINDRICAL_SURFACE('',#6795,0.2);
#5703=CYLINDRICAL_SURFACE('',#6798,0.2);
#5704=CYLINDRICAL_SURFACE('',#6800,0.2);
#5705=CYLINDRICAL_SURFACE('',#6802,0.2);
#5706=CYLINDRICAL_SURFACE('',#6804,0.2);
#5707=CYLINDRICAL_SURFACE('',#6806,0.2);
#5708=CYLINDRICAL_SURFACE('',#6822,0.3);
#5709=CYLINDRICAL_SURFACE('',#6827,0.3);
#5710=CYLINDRICAL_SURFACE('',#6829,0.3);
#5711=CYLINDRICAL_SURFACE('',#6834,0.3);
#5712=CYLINDRICAL_SURFACE('',#6835,0.3);
#5713=CYLINDRICAL_SURFACE('',#6839,0.3);
#5714=CYLINDRICAL_SURFACE('',#6841,0.3);
#5715=CYLINDRICAL_SURFACE('',#6846,0.3);
#5716=CYLINDRICAL_SURFACE('',#6852,0.3);
#5717=CYLINDRICAL_SURFACE('',#6857,0.3);
#5718=CYLINDRICAL_SURFACE('',#6863,0.3);
#5719=CYLINDRICAL_SURFACE('',#6864,0.3);
#5720=CYLINDRICAL_SURFACE('',#6873,0.3);
#5721=CYLINDRICAL_SURFACE('',#6874,0.3);
#5722=CYLINDRICAL_SURFACE('',#6875,0.3);
#5723=CYLINDRICAL_SURFACE('',#6885,0.3);
#5724=CYLINDRICAL_SURFACE('',#6886,0.3);
#5725=CYLINDRICAL_SURFACE('',#6887,0.3);
#5726=CYLINDRICAL_SURFACE('',#6888,0.3);
#5727=CYLINDRICAL_SURFACE('',#6889,0.3);
#5728=CYLINDRICAL_SURFACE('',#6891,0.3);
#5729=CYLINDRICAL_SURFACE('',#6892,0.3);
#5730=CYLINDRICAL_SURFACE('',#6894,0.3);
#5731=CYLINDRICAL_SURFACE('',#6895,0.3);
#5732=CYLINDRICAL_SURFACE('',#6896,0.3);
#5733=CYLINDRICAL_SURFACE('',#6897,0.3);
#5734=CYLINDRICAL_SURFACE('',#6899,0.3);
#5735=STYLED_ITEM('',(#10409),#6056);
#5736=STYLED_ITEM('',(#10409),#6057);
#5737=STYLED_ITEM('',(#10409),#6058);
#5738=STYLED_ITEM('',(#10409),#6059);
#5739=STYLED_ITEM('',(#10409),#6060);
#5740=STYLED_ITEM('',(#10409),#6061);
#5741=STYLED_ITEM('',(#10409),#6062);
#5742=STYLED_ITEM('',(#10409),#6063);
#5743=STYLED_ITEM('',(#10409),#6064);
#5744=STYLED_ITEM('',(#10409),#6065);
#5745=STYLED_ITEM('',(#10409),#6066);
#5746=STYLED_ITEM('',(#10409),#6067);
#5747=STYLED_ITEM('',(#10409),#6068);
#5748=STYLED_ITEM('',(#10409),#6069);
#5749=STYLED_ITEM('',(#10409),#6070);
#5750=STYLED_ITEM('',(#10409),#6071);
#5751=STYLED_ITEM('',(#10409),#6072);
#5752=STYLED_ITEM('',(#10409),#6073);
#5753=STYLED_ITEM('',(#10409),#6074);
#5754=STYLED_ITEM('',(#10409),#6075);
#5755=STYLED_ITEM('',(#10409),#6076);
#5756=STYLED_ITEM('',(#10409),#6077);
#5757=STYLED_ITEM('',(#10409),#6078);
#5758=STYLED_ITEM('',(#10409),#6079);
#5759=STYLED_ITEM('',(#10409),#6080);
#5760=STYLED_ITEM('',(#10409),#6081);
#5761=STYLED_ITEM('',(#10409),#6082);
#5762=STYLED_ITEM('',(#10409),#6083);
#5763=STYLED_ITEM('',(#10409),#6084);
#5764=STYLED_ITEM('',(#10409),#6085);
#5765=STYLED_ITEM('',(#10409),#6086);
#5766=STYLED_ITEM('',(#10409),#6087);
#5767=STYLED_ITEM('',(#10409),#6088);
#5768=STYLED_ITEM('',(#10409),#6089);
#5769=STYLED_ITEM('',(#10409),#6090);
#5770=STYLED_ITEM('',(#10409),#6091);
#5771=STYLED_ITEM('',(#10409),#6092);
#5772=STYLED_ITEM('',(#10409),#6093);
#5773=STYLED_ITEM('',(#10409),#6094);
#5774=STYLED_ITEM('',(#10409),#6095);
#5775=STYLED_ITEM('',(#10409),#6096);
#5776=STYLED_ITEM('',(#10409),#6097);
#5777=STYLED_ITEM('',(#10409),#6098);
#5778=STYLED_ITEM('',(#10409),#6099);
#5779=STYLED_ITEM('',(#10409),#6100);
#5780=STYLED_ITEM('',(#10409),#6101);
#5781=STYLED_ITEM('',(#10409),#6102);
#5782=STYLED_ITEM('',(#10409),#6103);
#5783=STYLED_ITEM('',(#10409),#6104);
#5784=STYLED_ITEM('',(#10409),#6105);
#5785=STYLED_ITEM('',(#10409),#6106);
#5786=STYLED_ITEM('',(#10409),#6107);
#5787=STYLED_ITEM('',(#10409),#6108);
#5788=STYLED_ITEM('',(#10409),#6109);
#5789=STYLED_ITEM('',(#10409),#6110);
#5790=STYLED_ITEM('',(#10409),#6111);
#5791=STYLED_ITEM('',(#10409),#6112);
#5792=STYLED_ITEM('',(#10409),#6113);
#5793=STYLED_ITEM('',(#10409),#6114);
#5794=STYLED_ITEM('',(#10409),#6115);
#5795=STYLED_ITEM('',(#10409),#6116);
#5796=STYLED_ITEM('',(#10409),#6117);
#5797=STYLED_ITEM('',(#10409),#6118);
#5798=STYLED_ITEM('',(#10409),#6119);
#5799=STYLED_ITEM('',(#10409),#6120);
#5800=STYLED_ITEM('',(#10409),#6121);
#5801=STYLED_ITEM('',(#10409),#6122);
#5802=STYLED_ITEM('',(#10409),#6123);
#5803=STYLED_ITEM('',(#10409),#6124);
#5804=STYLED_ITEM('',(#10409),#6125);
#5805=STYLED_ITEM('',(#10409),#6126);
#5806=STYLED_ITEM('',(#10409),#6127);
#5807=STYLED_ITEM('',(#10409),#6128);
#5808=STYLED_ITEM('',(#10409),#6129);
#5809=STYLED_ITEM('',(#10409),#6130);
#5810=STYLED_ITEM('',(#10409),#6131);
#5811=STYLED_ITEM('',(#10409),#6132);
#5812=STYLED_ITEM('',(#10409),#6133);
#5813=STYLED_ITEM('',(#10409),#6134);
#5814=STYLED_ITEM('',(#10409),#6135);
#5815=STYLED_ITEM('',(#10409),#6136);
#5816=STYLED_ITEM('',(#10409),#6137);
#5817=STYLED_ITEM('',(#10409),#6138);
#5818=STYLED_ITEM('',(#10409),#6139);
#5819=STYLED_ITEM('',(#10409),#6140);
#5820=STYLED_ITEM('',(#10409),#6141);
#5821=STYLED_ITEM('',(#10409),#6142);
#5822=STYLED_ITEM('',(#10409),#6143);
#5823=STYLED_ITEM('',(#10409),#6144);
#5824=STYLED_ITEM('',(#10409),#6145);
#5825=STYLED_ITEM('',(#10409),#6146);
#5826=STYLED_ITEM('',(#10409),#6147);
#5827=STYLED_ITEM('',(#10409),#6148);
#5828=STYLED_ITEM('',(#10409),#6149);
#5829=STYLED_ITEM('',(#10409),#6150);
#5830=STYLED_ITEM('',(#10409),#6151);
#5831=STYLED_ITEM('',(#10409),#6152);
#5832=STYLED_ITEM('',(#10409),#6153);
#5833=STYLED_ITEM('',(#10409),#6154);
#5834=STYLED_ITEM('',(#10409),#6155);
#5835=STYLED_ITEM('',(#10409),#6156);
#5836=STYLED_ITEM('',(#10409),#6157);
#5837=STYLED_ITEM('',(#10409),#6158);
#5838=STYLED_ITEM('',(#10409),#6159);
#5839=STYLED_ITEM('',(#10409),#6160);
#5840=STYLED_ITEM('',(#10409),#6161);
#5841=STYLED_ITEM('',(#10409),#6162);
#5842=STYLED_ITEM('',(#10409),#6163);
#5843=STYLED_ITEM('',(#10409),#6164);
#5844=STYLED_ITEM('',(#10409),#6165);
#5845=STYLED_ITEM('',(#10409),#6166);
#5846=STYLED_ITEM('',(#10409),#6167);
#5847=STYLED_ITEM('',(#10409),#6168);
#5848=STYLED_ITEM('',(#10409),#6169);
#5849=STYLED_ITEM('',(#10409),#6170);
#5850=STYLED_ITEM('',(#10409),#6171);
#5851=STYLED_ITEM('',(#10409),#6172);
#5852=STYLED_ITEM('',(#10409),#6173);
#5853=STYLED_ITEM('',(#10409),#6174);
#5854=STYLED_ITEM('',(#10409),#6175);
#5855=STYLED_ITEM('',(#10409),#6176);
#5856=STYLED_ITEM('',(#10409),#6177);
#5857=STYLED_ITEM('',(#10409),#6178);
#5858=STYLED_ITEM('',(#10409),#6179);
#5859=STYLED_ITEM('',(#10409),#6180);
#5860=STYLED_ITEM('',(#10409),#6181);
#5861=STYLED_ITEM('',(#10409),#6182);
#5862=STYLED_ITEM('',(#10409),#6183);
#5863=STYLED_ITEM('',(#10409),#6184);
#5864=STYLED_ITEM('',(#10409),#6185);
#5865=STYLED_ITEM('',(#10409),#6186);
#5866=STYLED_ITEM('',(#10409),#6187);
#5867=STYLED_ITEM('',(#10409),#6188);
#5868=STYLED_ITEM('',(#10409),#6189);
#5869=STYLED_ITEM('',(#10409),#6190);
#5870=STYLED_ITEM('',(#10409),#6191);
#5871=STYLED_ITEM('',(#10409),#6192);
#5872=STYLED_ITEM('',(#10409),#6193);
#5873=STYLED_ITEM('',(#10409),#6194);
#5874=STYLED_ITEM('',(#10409),#6195);
#5875=STYLED_ITEM('',(#10409),#6196);
#5876=STYLED_ITEM('',(#10409),#6197);
#5877=STYLED_ITEM('',(#10409),#6198);
#5878=STYLED_ITEM('',(#10409),#6199);
#5879=STYLED_ITEM('',(#10409),#6200);
#5880=STYLED_ITEM('',(#10409),#6201);
#5881=STYLED_ITEM('',(#10409),#6202);
#5882=STYLED_ITEM('',(#10409),#6203);
#5883=STYLED_ITEM('',(#10409),#6204);
#5884=STYLED_ITEM('',(#10409),#6205);
#5885=STYLED_ITEM('',(#10409),#6206);
#5886=STYLED_ITEM('',(#10409),#6207);
#5887=STYLED_ITEM('',(#10409),#6208);
#5888=STYLED_ITEM('',(#10409),#6209);
#5889=STYLED_ITEM('',(#10409),#6210);
#5890=STYLED_ITEM('',(#10409),#6211);
#5891=STYLED_ITEM('',(#10409),#6212);
#5892=STYLED_ITEM('',(#10409),#6213);
#5893=STYLED_ITEM('',(#10409),#6214);
#5894=STYLED_ITEM('',(#10409),#6215);
#5895=STYLED_ITEM('',(#10409),#6216);
#5896=STYLED_ITEM('',(#10409),#6217);
#5897=STYLED_ITEM('',(#10409),#6218);
#5898=STYLED_ITEM('',(#10409),#6219);
#5899=STYLED_ITEM('',(#10409),#6220);
#5900=STYLED_ITEM('',(#10409),#6221);
#5901=STYLED_ITEM('',(#10409),#6222);
#5902=STYLED_ITEM('',(#10409),#6223);
#5903=STYLED_ITEM('',(#10409),#6224);
#5904=STYLED_ITEM('',(#10409),#6225);
#5905=STYLED_ITEM('',(#10409),#6226);
#5906=STYLED_ITEM('',(#10409),#6227);
#5907=STYLED_ITEM('',(#10409),#6228);
#5908=STYLED_ITEM('',(#10409),#6229);
#5909=STYLED_ITEM('',(#10409),#6230);
#5910=STYLED_ITEM('',(#10409),#6231);
#5911=STYLED_ITEM('',(#10409),#6232);
#5912=STYLED_ITEM('',(#10409),#6233);
#5913=STYLED_ITEM('',(#10409),#6234);
#5914=STYLED_ITEM('',(#10409),#6235);
#5915=STYLED_ITEM('',(#10409),#6236);
#5916=STYLED_ITEM('',(#10409),#6237);
#5917=STYLED_ITEM('',(#10409),#6238);
#5918=STYLED_ITEM('',(#10409),#6239);
#5919=STYLED_ITEM('',(#10409),#6240);
#5920=STYLED_ITEM('',(#10409),#6241);
#5921=STYLED_ITEM('',(#10409),#6242);
#5922=STYLED_ITEM('',(#10409),#6243);
#5923=STYLED_ITEM('',(#10409),#6244);
#5924=STYLED_ITEM('',(#10409),#6245);
#5925=STYLED_ITEM('',(#10409),#6246);
#5926=STYLED_ITEM('',(#10409),#6247);
#5927=STYLED_ITEM('',(#10409),#6248);
#5928=STYLED_ITEM('',(#10409),#6249);
#5929=STYLED_ITEM('',(#10409),#6250);
#5930=STYLED_ITEM('',(#10409),#6251);
#5931=STYLED_ITEM('',(#10409),#6252);
#5932=STYLED_ITEM('',(#10409),#6253);
#5933=STYLED_ITEM('',(#10409),#6254);
#5934=STYLED_ITEM('',(#10409),#6255);
#5935=STYLED_ITEM('',(#10409),#6256);
#5936=STYLED_ITEM('',(#10409),#6257);
#5937=STYLED_ITEM('',(#10409),#6258);
#5938=STYLED_ITEM('',(#10409),#6259);
#5939=STYLED_ITEM('',(#10409),#6260);
#5940=STYLED_ITEM('',(#10409),#6261);
#5941=STYLED_ITEM('',(#10409),#6262);
#5942=STYLED_ITEM('',(#10409),#6263);
#5943=STYLED_ITEM('',(#10409),#6264);
#5944=STYLED_ITEM('',(#10409),#6265);
#5945=STYLED_ITEM('',(#10409),#6266);
#5946=STYLED_ITEM('',(#10409),#6267);
#5947=STYLED_ITEM('',(#10409),#6268);
#5948=STYLED_ITEM('',(#10409),#6269);
#5949=STYLED_ITEM('',(#10409),#6270);
#5950=STYLED_ITEM('',(#10409),#6271);
#5951=STYLED_ITEM('',(#10409),#6272);
#5952=STYLED_ITEM('',(#10409),#6273);
#5953=STYLED_ITEM('',(#10409),#6274);
#5954=STYLED_ITEM('',(#10409),#6275);
#5955=STYLED_ITEM('',(#10409),#6276);
#5956=STYLED_ITEM('',(#10409),#6277);
#5957=STYLED_ITEM('',(#10409),#6278);
#5958=STYLED_ITEM('',(#10409),#6279);
#5959=STYLED_ITEM('',(#10409),#6280);
#5960=STYLED_ITEM('',(#10409),#6281);
#5961=STYLED_ITEM('',(#10409),#6282);
#5962=STYLED_ITEM('',(#10409),#6283);
#5963=STYLED_ITEM('',(#10409),#6284);
#5964=STYLED_ITEM('',(#10409),#6285);
#5965=STYLED_ITEM('',(#10409),#6286);
#5966=STYLED_ITEM('',(#10409),#6287);
#5967=STYLED_ITEM('',(#10409),#6288);
#5968=STYLED_ITEM('',(#10409),#6289);
#5969=STYLED_ITEM('',(#10409),#6290);
#5970=STYLED_ITEM('',(#10409),#6291);
#5971=STYLED_ITEM('',(#10409),#6292);
#5972=STYLED_ITEM('',(#10409),#6293);
#5973=STYLED_ITEM('',(#10409),#6294);
#5974=STYLED_ITEM('',(#10409),#6295);
#5975=STYLED_ITEM('',(#10409),#6296);
#5976=STYLED_ITEM('',(#10409),#6297);
#5977=STYLED_ITEM('',(#10409),#6298);
#5978=STYLED_ITEM('',(#10409),#6299);
#5979=STYLED_ITEM('',(#10409),#6300);
#5980=STYLED_ITEM('',(#10409),#6301);
#5981=STYLED_ITEM('',(#10409),#6302);
#5982=STYLED_ITEM('',(#10409),#6303);
#5983=STYLED_ITEM('',(#10409),#6304);
#5984=STYLED_ITEM('',(#10409),#6305);
#5985=STYLED_ITEM('',(#10409),#6306);
#5986=STYLED_ITEM('',(#10409),#6307);
#5987=STYLED_ITEM('',(#10409),#6308);
#5988=STYLED_ITEM('',(#10409),#6309);
#5989=STYLED_ITEM('',(#10409),#6310);
#5990=STYLED_ITEM('',(#10409),#6311);
#5991=STYLED_ITEM('',(#10409),#6312);
#5992=STYLED_ITEM('',(#10409),#6313);
#5993=STYLED_ITEM('',(#10409),#6314);
#5994=STYLED_ITEM('',(#10409),#6315);
#5995=STYLED_ITEM('',(#10409),#6316);
#5996=STYLED_ITEM('',(#10409),#6317);
#5997=STYLED_ITEM('',(#10409),#6318);
#5998=STYLED_ITEM('',(#10409),#6319);
#5999=STYLED_ITEM('',(#10409),#6320);
#6000=STYLED_ITEM('',(#10409),#6321);
#6001=STYLED_ITEM('',(#10409),#6322);
#6002=STYLED_ITEM('',(#10409),#6323);
#6003=STYLED_ITEM('',(#10409),#6324);
#6004=STYLED_ITEM('',(#10409),#6325);
#6005=STYLED_ITEM('',(#10409),#6326);
#6006=STYLED_ITEM('',(#10409),#6327);
#6007=STYLED_ITEM('',(#10409),#6328);
#6008=STYLED_ITEM('',(#10409),#6329);
#6009=STYLED_ITEM('',(#10409),#6330);
#6010=STYLED_ITEM('',(#10409),#6331);
#6011=STYLED_ITEM('',(#10409),#6332);
#6012=STYLED_ITEM('',(#10409),#6333);
#6013=STYLED_ITEM('',(#10409),#6334);
#6014=STYLED_ITEM('',(#10409),#6335);
#6015=STYLED_ITEM('',(#10409),#6336);
#6016=STYLED_ITEM('',(#10409),#6337);
#6017=STYLED_ITEM('',(#10409),#6338);
#6018=STYLED_ITEM('',(#10409),#6339);
#6019=STYLED_ITEM('',(#10409),#6340);
#6020=STYLED_ITEM('',(#10409),#6341);
#6021=STYLED_ITEM('',(#10409),#6342);
#6022=STYLED_ITEM('',(#10409),#6343);
#6023=STYLED_ITEM('',(#10409),#6344);
#6024=STYLED_ITEM('',(#10409),#6345);
#6025=STYLED_ITEM('',(#10409),#6346);
#6026=STYLED_ITEM('',(#10409),#6347);
#6027=STYLED_ITEM('',(#10409),#6348);
#6028=STYLED_ITEM('',(#10409),#6349);
#6029=STYLED_ITEM('',(#10409),#6350);
#6030=STYLED_ITEM('',(#10409),#6351);
#6031=STYLED_ITEM('',(#10409),#6352);
#6032=STYLED_ITEM('',(#10409),#6353);
#6033=STYLED_ITEM('',(#10409),#6354);
#6034=STYLED_ITEM('',(#10409),#6355);
#6035=STYLED_ITEM('',(#10409),#6356);
#6036=STYLED_ITEM('',(#10409),#6357);
#6037=STYLED_ITEM('',(#10409),#6358);
#6038=STYLED_ITEM('',(#10409),#6359);
#6039=STYLED_ITEM('',(#10409),#6360);
#6040=STYLED_ITEM('',(#10409),#6361);
#6041=STYLED_ITEM('',(#10409),#6362);
#6042=STYLED_ITEM('',(#10409),#6363);
#6043=STYLED_ITEM('',(#10409),#6364);
#6044=STYLED_ITEM('',(#10409),#6365);
#6045=STYLED_ITEM('',(#10409),#6366);
#6046=STYLED_ITEM('',(#10409),#6367);
#6047=STYLED_ITEM('',(#10409),#6368);
#6048=STYLED_ITEM('',(#10409),#6369);
#6049=STYLED_ITEM('',(#10409),#6370);
#6050=STYLED_ITEM('',(#10409),#6371);
#6051=STYLED_ITEM('',(#10409),#6372);
#6052=STYLED_ITEM('',(#10409),#6373);
#6053=STYLED_ITEM('',(#10409),#6374);
#6054=STYLED_ITEM('',(#10409),#6375);
#6055=STYLED_ITEM('',(#10409),#13);
#6056=ADVANCED_FACE('',(#278),#5626,.T.);
#6057=ADVANCED_FACE('',(#279),#5627,.F.);
#6058=ADVANCED_FACE('',(#280),#91,.T.);
#6059=ADVANCED_FACE('',(#281),#5628,.F.);
#6060=ADVANCED_FACE('',(#282),#92,.T.);
#6061=ADVANCED_FACE('',(#283),#5629,.F.);
#6062=ADVANCED_FACE('',(#284),#93,.T.);
#6063=ADVANCED_FACE('',(#285),#5630,.F.);
#6064=ADVANCED_FACE('',(#286),#94,.T.);
#6065=ADVANCED_FACE('',(#287),#5631,.T.);
#6066=ADVANCED_FACE('',(#288),#95,.F.);
#6067=ADVANCED_FACE('',(#289),#5632,.T.);
#6068=ADVANCED_FACE('',(#290),#5633,.T.);
#6069=ADVANCED_FACE('',(#291),#96,.F.);
#6070=ADVANCED_FACE('',(#292),#5634,.T.);
#6071=ADVANCED_FACE('',(#293),#5635,.T.);
#6072=ADVANCED_FACE('',(#294),#97,.T.);
#6073=ADVANCED_FACE('',(#295),#5636,.T.);
#6074=ADVANCED_FACE('',(#296),#5637,.T.);
#6075=ADVANCED_FACE('',(#297),#98,.F.);
#6076=ADVANCED_FACE('',(#298),#5638,.T.);
#6077=ADVANCED_FACE('',(#299),#5639,.T.);
#6078=ADVANCED_FACE('',(#300),#99,.F.);
#6079=ADVANCED_FACE('',(#301),#5640,.T.);
#6080=ADVANCED_FACE('',(#302),#100,.F.);
#6081=ADVANCED_FACE('',(#303),#101,.F.);
#6082=ADVANCED_FACE('',(#304),#102,.T.);
#6083=ADVANCED_FACE('',(#305),#103,.T.);
#6084=ADVANCED_FACE('',(#306),#104,.T.);
#6085=ADVANCED_FACE('',(#307),#105,.T.);
#6086=ADVANCED_FACE('',(#308),#106,.T.);
#6087=ADVANCED_FACE('',(#309),#107,.T.);
#6088=ADVANCED_FACE('',(#310,#74),#108,.T.);
#6089=ADVANCED_FACE('',(#311),#109,.T.);
#6090=ADVANCED_FACE('',(#312),#110,.T.);
#6091=ADVANCED_FACE('',(#313),#111,.T.);
#6092=ADVANCED_FACE('',(#314,#75),#112,.T.);
#6093=ADVANCED_FACE('',(#315),#113,.T.);
#6094=ADVANCED_FACE('',(#316),#114,.T.);
#6095=ADVANCED_FACE('',(#317),#115,.T.);
#6096=ADVANCED_FACE('',(#318,#76),#116,.F.);
#6097=ADVANCED_FACE('',(#319),#117,.T.);
#6098=ADVANCED_FACE('',(#320),#118,.T.);
#6099=ADVANCED_FACE('',(#321),#119,.T.);
#6100=ADVANCED_FACE('',(#322),#120,.T.);
#6101=ADVANCED_FACE('',(#323),#121,.F.);
#6102=ADVANCED_FACE('',(#324),#122,.T.);
#6103=ADVANCED_FACE('',(#325),#123,.T.);
#6104=ADVANCED_FACE('',(#326),#124,.T.);
#6105=ADVANCED_FACE('',(#327),#125,.T.);
#6106=ADVANCED_FACE('',(#328),#126,.T.);
#6107=ADVANCED_FACE('',(#329,#77),#127,.T.);
#6108=ADVANCED_FACE('',(#330),#128,.T.);
#6109=ADVANCED_FACE('',(#331),#129,.T.);
#6110=ADVANCED_FACE('',(#332),#130,.T.);
#6111=ADVANCED_FACE('',(#333),#131,.T.);
#6112=ADVANCED_FACE('',(#334),#132,.T.);
#6113=ADVANCED_FACE('',(#335),#133,.T.);
#6114=ADVANCED_FACE('',(#336),#134,.T.);
#6115=ADVANCED_FACE('',(#337),#135,.T.);
#6116=ADVANCED_FACE('',(#338),#136,.T.);
#6117=ADVANCED_FACE('',(#339),#137,.T.);
#6118=ADVANCED_FACE('',(#340),#5641,.T.);
#6119=ADVANCED_FACE('',(#341),#138,.T.);
#6120=ADVANCED_FACE('',(#342),#5642,.T.);
#6121=ADVANCED_FACE('',(#343),#139,.T.);
#6122=ADVANCED_FACE('',(#344),#140,.T.);
#6123=ADVANCED_FACE('',(#345),#141,.T.);
#6124=ADVANCED_FACE('',(#346),#142,.T.);
#6125=ADVANCED_FACE('',(#347),#143,.T.);
#6126=ADVANCED_FACE('',(#348),#144,.T.);
#6127=ADVANCED_FACE('',(#349),#5643,.T.);
#6128=ADVANCED_FACE('',(#350),#145,.T.);
#6129=ADVANCED_FACE('',(#351),#5644,.T.);
#6130=ADVANCED_FACE('',(#352),#146,.T.);
#6131=ADVANCED_FACE('',(#353),#147,.T.);
#6132=ADVANCED_FACE('',(#354),#148,.T.);
#6133=ADVANCED_FACE('',(#355),#149,.T.);
#6134=ADVANCED_FACE('',(#356),#5645,.T.);
#6135=ADVANCED_FACE('',(#357),#150,.T.);
#6136=ADVANCED_FACE('',(#358),#5646,.T.);
#6137=ADVANCED_FACE('',(#359),#151,.T.);
#6138=ADVANCED_FACE('',(#360),#152,.T.);
#6139=ADVANCED_FACE('',(#361),#153,.T.);
#6140=ADVANCED_FACE('',(#362),#154,.T.);
#6141=ADVANCED_FACE('',(#363),#155,.T.);
#6142=ADVANCED_FACE('',(#364),#156,.T.);
#6143=ADVANCED_FACE('',(#365),#157,.F.);
#6144=ADVANCED_FACE('',(#366),#158,.T.);
#6145=ADVANCED_FACE('',(#367),#159,.T.);
#6146=ADVANCED_FACE('',(#368),#5647,.T.);
#6147=ADVANCED_FACE('',(#369),#160,.T.);
#6148=ADVANCED_FACE('',(#370),#5648,.T.);
#6149=ADVANCED_FACE('',(#371),#161,.T.);
#6150=ADVANCED_FACE('',(#372),#162,.T.);
#6151=ADVANCED_FACE('',(#373),#163,.T.);
#6152=ADVANCED_FACE('',(#374),#164,.T.);
#6153=ADVANCED_FACE('',(#375),#165,.T.);
#6154=ADVANCED_FACE('',(#376),#166,.T.);
#6155=ADVANCED_FACE('',(#377),#167,.F.);
#6156=ADVANCED_FACE('',(#378),#168,.T.);
#6157=ADVANCED_FACE('',(#379),#169,.T.);
#6158=ADVANCED_FACE('',(#380),#170,.T.);
#6159=ADVANCED_FACE('',(#381),#171,.T.);
#6160=ADVANCED_FACE('',(#382),#172,.T.);
#6161=ADVANCED_FACE('',(#383),#173,.T.);
#6162=ADVANCED_FACE('',(#384),#174,.T.);
#6163=ADVANCED_FACE('',(#385),#175,.T.);
#6164=ADVANCED_FACE('',(#386),#176,.T.);
#6165=ADVANCED_FACE('',(#387),#177,.T.);
#6166=ADVANCED_FACE('',(#388,#78,#79,#80,#81),#178,.F.);
#6167=ADVANCED_FACE('',(#389),#5649,.T.);
#6168=ADVANCED_FACE('',(#390),#5650,.T.);
#6169=ADVANCED_FACE('',(#391),#5651,.T.);
#6170=ADVANCED_FACE('',(#392),#179,.F.);
#6171=ADVANCED_FACE('',(#393),#180,.F.);
#6172=ADVANCED_FACE('',(#394),#181,.F.);
#6173=ADVANCED_FACE('',(#395),#5652,.T.);
#6174=ADVANCED_FACE('',(#396),#5653,.T.);
#6175=ADVANCED_FACE('',(#397),#5654,.T.);
#6176=ADVANCED_FACE('',(#398),#182,.F.);
#6177=ADVANCED_FACE('',(#399),#183,.F.);
#6178=ADVANCED_FACE('',(#400),#184,.F.);
#6179=ADVANCED_FACE('',(#401),#185,.F.);
#6180=ADVANCED_FACE('',(#402),#186,.F.);
#6181=ADVANCED_FACE('',(#403),#187,.F.);
#6182=ADVANCED_FACE('',(#404),#188,.F.);
#6183=ADVANCED_FACE('',(#405),#189,.T.);
#6184=ADVANCED_FACE('',(#406),#190,.T.);
#6185=ADVANCED_FACE('',(#407),#191,.T.);
#6186=ADVANCED_FACE('',(#408),#26,.T.);
#6187=ADVANCED_FACE('',(#409),#5655,.T.);
#6188=ADVANCED_FACE('',(#410),#27,.T.);
#6189=ADVANCED_FACE('',(#411),#5656,.T.);
#6190=ADVANCED_FACE('',(#412),#28,.T.);
#6191=ADVANCED_FACE('',(#413),#5657,.T.);
#6192=ADVANCED_FACE('',(#414),#5658,.T.);
#6193=ADVANCED_FACE('',(#415),#5659,.T.);
#6194=ADVANCED_FACE('',(#416),#5660,.F.);
#6195=ADVANCED_FACE('',(#417),#5661,.F.);
#6196=ADVANCED_FACE('',(#418),#192,.T.);
#6197=ADVANCED_FACE('',(#419),#5662,.T.);
#6198=ADVANCED_FACE('',(#420),#193,.T.);
#6199=ADVANCED_FACE('',(#421),#194,.F.);
#6200=ADVANCED_FACE('',(#422),#5663,.T.);
#6201=ADVANCED_FACE('',(#423),#29,.T.);
#6202=ADVANCED_FACE('',(#424),#30,.T.);
#6203=ADVANCED_FACE('',(#425),#5664,.T.);
#6204=ADVANCED_FACE('',(#426),#5665,.T.);
#6205=ADVANCED_FACE('',(#427),#31,.T.);
#6206=ADVANCED_FACE('',(#428),#5666,.T.);
#6207=ADVANCED_FACE('',(#429),#5667,.F.);
#6208=ADVANCED_FACE('',(#430),#5668,.F.);
#6209=ADVANCED_FACE('',(#431),#5669,.T.);
#6210=ADVANCED_FACE('',(#432),#5670,.T.);
#6211=ADVANCED_FACE('',(#433),#195,.T.);
#6212=ADVANCED_FACE('',(#434),#196,.F.);
#6213=ADVANCED_FACE('',(#435),#5671,.T.);
#6214=ADVANCED_FACE('',(#436),#5672,.T.);
#6215=ADVANCED_FACE('',(#437),#5673,.T.);
#6216=ADVANCED_FACE('',(#438),#5674,.T.);
#6217=ADVANCED_FACE('',(#439),#197,.F.);
#6218=ADVANCED_FACE('',(#440),#198,.F.);
#6219=ADVANCED_FACE('',(#441,#82,#83),#199,.T.);
#6220=ADVANCED_FACE('',(#442),#5675,.T.);
#6221=ADVANCED_FACE('',(#443),#5676,.T.);
#6222=ADVANCED_FACE('',(#444),#5677,.T.);
#6223=ADVANCED_FACE('',(#445),#5678,.T.);
#6224=ADVANCED_FACE('',(#446),#200,.F.);
#6225=ADVANCED_FACE('',(#447),#201,.F.);
#6226=ADVANCED_FACE('',(#448),#202,.F.);
#6227=ADVANCED_FACE('',(#449),#203,.F.);
#6228=ADVANCED_FACE('',(#450),#204,.F.);
#6229=ADVANCED_FACE('',(#451),#205,.F.);
#6230=ADVANCED_FACE('',(#452),#206,.F.);
#6231=ADVANCED_FACE('',(#453),#207,.F.);
#6232=ADVANCED_FACE('',(#454),#208,.F.);
#6233=ADVANCED_FACE('',(#455),#209,.F.);
#6234=ADVANCED_FACE('',(#456),#210,.F.);
#6235=ADVANCED_FACE('',(#457),#211,.F.);
#6236=ADVANCED_FACE('',(#458),#212,.F.);
#6237=ADVANCED_FACE('',(#459),#213,.F.);
#6238=ADVANCED_FACE('',(#460),#214,.F.);
#6239=ADVANCED_FACE('',(#461),#32,.T.);
#6240=ADVANCED_FACE('',(#462),#5679,.T.);
#6241=ADVANCED_FACE('',(#463),#33,.T.);
#6242=ADVANCED_FACE('',(#464),#5680,.T.);
#6243=ADVANCED_FACE('',(#465),#5681,.F.);
#6244=ADVANCED_FACE('',(#466),#34,.T.);
#6245=ADVANCED_FACE('',(#467),#5682,.T.);
#6246=ADVANCED_FACE('',(#468),#5683,.T.);
#6247=ADVANCED_FACE('',(#469),#5684,.T.);
#6248=ADVANCED_FACE('',(#470),#5685,.F.);
#6249=ADVANCED_FACE('',(#471),#215,.T.);
#6250=ADVANCED_FACE('',(#472),#5686,.T.);
#6251=ADVANCED_FACE('',(#473),#216,.T.);
#6252=ADVANCED_FACE('',(#474),#217,.F.);
#6253=ADVANCED_FACE('',(#475),#218,.T.);
#6254=ADVANCED_FACE('',(#476),#5687,.T.);
#6255=ADVANCED_FACE('',(#477),#35,.T.);
#6256=ADVANCED_FACE('',(#478),#36,.T.);
#6257=ADVANCED_FACE('',(#479),#5688,.T.);
#6258=ADVANCED_FACE('',(#480),#5689,.F.);
#6259=ADVANCED_FACE('',(#481),#5690,.T.);
#6260=ADVANCED_FACE('',(#482),#37,.T.);
#6261=ADVANCED_FACE('',(#483),#5691,.T.);
#6262=ADVANCED_FACE('',(#484),#5692,.T.);
#6263=ADVANCED_FACE('',(#485),#5693,.F.);
#6264=ADVANCED_FACE('',(#486),#219,.T.);
#6265=ADVANCED_FACE('',(#487),#220,.T.);
#6266=ADVANCED_FACE('',(#488),#221,.T.);
#6267=ADVANCED_FACE('',(#489),#222,.T.);
#6268=ADVANCED_FACE('',(#490),#223,.T.);
#6269=ADVANCED_FACE('',(#491),#224,.T.);
#6270=ADVANCED_FACE('',(#492),#225,.T.);
#6271=ADVANCED_FACE('',(#493),#226,.T.);
#6272=ADVANCED_FACE('',(#494),#227,.T.);
#6273=ADVANCED_FACE('',(#495),#228,.T.);
#6274=ADVANCED_FACE('',(#496),#5694,.T.);
#6275=ADVANCED_FACE('',(#497),#5695,.T.);
#6276=ADVANCED_FACE('',(#498),#5696,.T.);
#6277=ADVANCED_FACE('',(#499),#5697,.T.);
#6278=ADVANCED_FACE('',(#500),#229,.T.);
#6279=ADVANCED_FACE('',(#501),#230,.T.);
#6280=ADVANCED_FACE('',(#502,#84,#85),#231,.T.);
#6281=ADVANCED_FACE('',(#503),#5698,.T.);
#6282=ADVANCED_FACE('',(#504),#5699,.T.);
#6283=ADVANCED_FACE('',(#505),#5700,.T.);
#6284=ADVANCED_FACE('',(#506),#5701,.T.);
#6285=ADVANCED_FACE('',(#507),#232,.T.);
#6286=ADVANCED_FACE('',(#508),#233,.T.);
#6287=ADVANCED_FACE('',(#509),#234,.T.);
#6288=ADVANCED_FACE('',(#510),#235,.T.);
#6289=ADVANCED_FACE('',(#511),#236,.T.);
#6290=ADVANCED_FACE('',(#512),#237,.T.);
#6291=ADVANCED_FACE('',(#513),#238,.T.);
#6292=ADVANCED_FACE('',(#514),#239,.T.);
#6293=ADVANCED_FACE('',(#515),#5702,.T.);
#6294=ADVANCED_FACE('',(#516),#5703,.T.);
#6295=ADVANCED_FACE('',(#517),#5704,.T.);
#6296=ADVANCED_FACE('',(#518),#240,.T.);
#6297=ADVANCED_FACE('',(#519),#5705,.T.);
#6298=ADVANCED_FACE('',(#520),#5706,.T.);
#6299=ADVANCED_FACE('',(#521),#5707,.T.);
#6300=ADVANCED_FACE('',(#522),#241,.T.);
#6301=ADVANCED_FACE('',(#523),#242,.T.);
#6302=ADVANCED_FACE('',(#524),#243,.T.);
#6303=ADVANCED_FACE('',(#525),#244,.T.);
#6304=ADVANCED_FACE('',(#526),#245,.T.);
#6305=ADVANCED_FACE('',(#527),#246,.T.);
#6306=ADVANCED_FACE('',(#528),#247,.T.);
#6307=ADVANCED_FACE('',(#529),#248,.T.);
#6308=ADVANCED_FACE('',(#530),#249,.T.);
#6309=ADVANCED_FACE('',(#531),#250,.T.);
#6310=ADVANCED_FACE('',(#532),#251,.T.);
#6311=ADVANCED_FACE('',(#533),#14,.T.);
#6312=ADVANCED_FACE('',(#534),#5708,.T.);
#6313=ADVANCED_FACE('',(#535),#15,.T.);
#6314=ADVANCED_FACE('',(#536),#252,.T.);
#6315=ADVANCED_FACE('',(#537),#5709,.T.);
#6316=ADVANCED_FACE('',(#538),#5710,.T.);
#6317=ADVANCED_FACE('',(#539),#16,.T.);
#6318=ADVANCED_FACE('',(#540),#5711,.T.);
#6319=ADVANCED_FACE('',(#541),#5712,.T.);
#6320=ADVANCED_FACE('',(#542),#17,.T.);
#6321=ADVANCED_FACE('',(#543),#5713,.T.);
#6322=ADVANCED_FACE('',(#544),#5714,.T.);
#6323=ADVANCED_FACE('',(#545),#18,.T.);
#6324=ADVANCED_FACE('',(#546),#5715,.T.);
#6325=ADVANCED_FACE('',(#547),#19,.T.);
#6326=ADVANCED_FACE('',(#548),#5716,.T.);
#6327=ADVANCED_FACE('',(#549),#20,.T.);
#6328=ADVANCED_FACE('',(#550),#5717,.T.);
#6329=ADVANCED_FACE('',(#551),#21,.T.);
#6330=ADVANCED_FACE('',(#552),#5718,.T.);
#6331=ADVANCED_FACE('',(#553),#5719,.T.);
#6332=ADVANCED_FACE('',(#554),#22,.T.);
#6333=ADVANCED_FACE('',(#555),#23,.T.);
#6334=ADVANCED_FACE('',(#556),#5720,.T.);
#6335=ADVANCED_FACE('',(#557),#5721,.T.);
#6336=ADVANCED_FACE('',(#558),#5722,.T.);
#6337=ADVANCED_FACE('',(#559),#24,.T.);
#6338=ADVANCED_FACE('',(#560),#25,.T.);
#6339=ADVANCED_FACE('',(#561),#5723,.T.);
#6340=ADVANCED_FACE('',(#562),#5724,.T.);
#6341=ADVANCED_FACE('',(#563),#5725,.T.);
#6342=ADVANCED_FACE('',(#564),#5726,.T.);
#6343=ADVANCED_FACE('',(#565),#5727,.T.);
#6344=ADVANCED_FACE('',(#566),#5728,.T.);
#6345=ADVANCED_FACE('',(#567),#5729,.T.);
#6346=ADVANCED_FACE('',(#568),#5730,.T.);
#6347=ADVANCED_FACE('',(#569),#5731,.T.);
#6348=ADVANCED_FACE('',(#570),#5732,.T.);
#6349=ADVANCED_FACE('',(#571),#5733,.T.);
#6350=ADVANCED_FACE('',(#572),#5734,.T.);
#6351=ADVANCED_FACE('',(#573),#253,.T.);
#6352=ADVANCED_FACE('',(#574),#254,.T.);
#6353=ADVANCED_FACE('',(#575),#255,.T.);
#6354=ADVANCED_FACE('',(#576,#86),#256,.T.);
#6355=ADVANCED_FACE('',(#577),#257,.F.);
#6356=ADVANCED_FACE('',(#578),#258,.F.);
#6357=ADVANCED_FACE('',(#579),#259,.F.);
#6358=ADVANCED_FACE('',(#580),#260,.F.);
#6359=ADVANCED_FACE('',(#581),#261,.F.);
#6360=ADVANCED_FACE('',(#582),#262,.F.);
#6361=ADVANCED_FACE('',(#583),#263,.F.);
#6362=ADVANCED_FACE('',(#584),#264,.F.);
#6363=ADVANCED_FACE('',(#585),#265,.F.);
#6364=ADVANCED_FACE('',(#586),#266,.T.);
#6365=ADVANCED_FACE('',(#587),#267,.T.);
#6366=ADVANCED_FACE('',(#588),#268,.T.);
#6367=ADVANCED_FACE('',(#589),#269,.T.);
#6368=ADVANCED_FACE('',(#590),#270,.T.);
#6369=ADVANCED_FACE('',(#591),#271,.T.);
#6370=ADVANCED_FACE('',(#592,#87,#88,#89,#90),#272,.T.);
#6371=ADVANCED_FACE('',(#593),#273,.T.);
#6372=ADVANCED_FACE('',(#594),#274,.T.);
#6373=ADVANCED_FACE('',(#595),#275,.T.);
#6374=ADVANCED_FACE('',(#596),#276,.T.);
#6375=ADVANCED_FACE('',(#597),#277,.F.);
#6376=CLOSED_SHELL('',(#6056,#6057,#6058,#6059,#6060,#6061,#6062,#6063,
#6064,#6065,#6066,#6067,#6068,#6069,#6070,#6071,#6072,#6073,#6074,#6075,
#6076,#6077,#6078,#6079,#6080,#6081,#6082,#6083,#6084,#6085,#6086,#6087,
#6088,#6089,#6090,#6091,#6092,#6093,#6094,#6095,#6096,#6097,#6098,#6099,
#6100,#6101,#6102,#6103,#6104,#6105,#6106,#6107,#6108,#6109,#6110,#6111,
#6112,#6113,#6114,#6115,#6116,#6117,#6118,#6119,#6120,#6121,#6122,#6123,
#6124,#6125,#6126,#6127,#6128,#6129,#6130,#6131,#6132,#6133,#6134,#6135,
#6136,#6137,#6138,#6139,#6140,#6141,#6142,#6143,#6144,#6145,#6146,#6147,
#6148,#6149,#6150,#6151,#6152,#6153,#6154,#6155,#6156,#6157,#6158,#6159,
#6160,#6161,#6162,#6163,#6164,#6165,#6166,#6167,#6168,#6169,#6170,#6171,
#6172,#6173,#6174,#6175,#6176,#6177,#6178,#6179,#6180,#6181,#6182,#6183,
#6184,#6185,#6186,#6187,#6188,#6189,#6190,#6191,#6192,#6193,#6194,#6195,
#6196,#6197,#6198,#6199,#6200,#6201,#6202,#6203,#6204,#6205,#6206,#6207,
#6208,#6209,#6210,#6211,#6212,#6213,#6214,#6215,#6216,#6217,#6218,#6219,
#6220,#6221,#6222,#6223,#6224,#6225,#6226,#6227,#6228,#6229,#6230,#6231,
#6232,#6233,#6234,#6235,#6236,#6237,#6238,#6239,#6240,#6241,#6242,#6243,
#6244,#6245,#6246,#6247,#6248,#6249,#6250,#6251,#6252,#6253,#6254,#6255,
#6256,#6257,#6258,#6259,#6260,#6261,#6262,#6263,#6264,#6265,#6266,#6267,
#6268,#6269,#6270,#6271,#6272,#6273,#6274,#6275,#6276,#6277,#6278,#6279,
#6280,#6281,#6282,#6283,#6284,#6285,#6286,#6287,#6288,#6289,#6290,#6291,
#6292,#6293,#6294,#6295,#6296,#6297,#6298,#6299,#6300,#6301,#6302,#6303,
#6304,#6305,#6306,#6307,#6308,#6309,#6310,#6311,#6312,#6313,#6314,#6315,
#6316,#6317,#6318,#6319,#6320,#6321,#6322,#6323,#6324,#6325,#6326,#6327,
#6328,#6329,#6330,#6331,#6332,#6333,#6334,#6335,#6336,#6337,#6338,#6339,
#6340,#6341,#6342,#6343,#6344,#6345,#6346,#6347,#6348,#6349,#6350,#6351,
#6352,#6353,#6354,#6355,#6356,#6357,#6358,#6359,#6360,#6361,#6362,#6363,
#6364,#6365,#6366,#6367,#6368,#6369,#6370,#6371,#6372,#6373,#6374,#6375));
#6377=DERIVED_UNIT_ELEMENT(#6380,1.);
#6378=DERIVED_UNIT_ELEMENT(#10395,-3.);
#6379=DIMENSIONAL_EXPONENTS(0.,1.,0.,0.,0.,0.,0.);
#6380=(
CONVERSION_BASED_UNIT('gram',#6382)
MASS_UNIT()
NAMED_UNIT(#6379)
);
#6381=(
MASS_UNIT()
NAMED_UNIT(*)
SI_UNIT(.KILO.,.GRAM.)
);
#6382=MASS_MEASURE_WITH_UNIT(MASS_MEASURE(0.001),#6381);
#6383=DERIVED_UNIT((#6377,#6378));
#6384=MEASURE_REPRESENTATION_ITEM('density measure',
POSITIVE_RATIO_MEASURE(1.),#6383);
#6385=PROPERTY_DEFINITION_REPRESENTATION(#6390,#6387);
#6386=PROPERTY_DEFINITION_REPRESENTATION(#6391,#6388);
#6387=REPRESENTATION('material name',(#6389),#10392);
#6388=REPRESENTATION('density',(#6384),#10392);
#6389=DESCRIPTIVE_REPRESENTATION_ITEM('Generic','Generic');
#6390=PROPERTY_DEFINITION('material property','material name',#10402);
#6391=PROPERTY_DEFINITION('material property','density of part',#10402);
#6392=DATE_TIME_ROLE('creation_date');
#6393=APPLIED_DATE_AND_TIME_ASSIGNMENT(#6394,#6392,(#10402));
#6394=DATE_AND_TIME(#6395,#6396);
#6395=CALENDAR_DATE(2017,6,11);
#6396=LOCAL_TIME(0,0,0.,#6397);
#6397=COORDINATED_UNIVERSAL_TIME_OFFSET(0,0,.BEHIND.);
#6398=AXIS2_PLACEMENT_3D('',#8652,#6925,#6926);
#6399=AXIS2_PLACEMENT_3D('',#8653,#6927,#6928);
#6400=AXIS2_PLACEMENT_3D('',#8658,#6930,#6931);
#6401=AXIS2_PLACEMENT_3D('',#8662,#6933,#6934);
#6402=AXIS2_PLACEMENT_3D('',#8665,#6936,#6937);
#6403=AXIS2_PLACEMENT_3D('',#8666,#6938,#6939);
#6404=AXIS2_PLACEMENT_3D('',#8668,#6940,#6941);
#6405=AXIS2_PLACEMENT_3D('',#8671,#6943,#6944);
#6406=AXIS2_PLACEMENT_3D('',#8672,#6945,#6946);
#6407=AXIS2_PLACEMENT_3D('',#8673,#6947,#6948);
#6408=AXIS2_PLACEMENT_3D('',#8675,#6949,#6950);
#6409=AXIS2_PLACEMENT_3D('',#8678,#6952,#6953);
#6410=AXIS2_PLACEMENT_3D('',#8679,#6954,#6955);
#6411=AXIS2_PLACEMENT_3D('',#8680,#6956,#6957);
#6412=AXIS2_PLACEMENT_3D('',#8682,#6958,#6959);
#6413=AXIS2_PLACEMENT_3D('',#8685,#6961,#6962);
#6414=AXIS2_PLACEMENT_3D('',#8686,#6963,#6964);
#6415=AXIS2_PLACEMENT_3D('',#8687,#6965,#6966);
#6416=AXIS2_PLACEMENT_3D('',#8689,#6967,#6968);
#6417=AXIS2_PLACEMENT_3D('',#8692,#6970,#6971);
#6418=AXIS2_PLACEMENT_3D('',#8693,#6972,#6973);
#6419=AXIS2_PLACEMENT_3D('',#8694,#6974,#6975);
#6420=AXIS2_PLACEMENT_3D('',#8696,#6976,#6977);
#6421=AXIS2_PLACEMENT_3D('',#8699,#6979,#6980);
#6422=AXIS2_PLACEMENT_3D('',#8700,#6981,#6982);
#6423=AXIS2_PLACEMENT_3D('',#8701,#6983,#6984);
#6424=AXIS2_PLACEMENT_3D('',#8702,#6985,#6986);
#6425=AXIS2_PLACEMENT_3D('',#8707,#6988,#6989);
#6426=AXIS2_PLACEMENT_3D('',#8710,#6991,#6992);
#6427=AXIS2_PLACEMENT_3D('',#8711,#6993,#6994);
#6428=AXIS2_PLACEMENT_3D('',#8712,#6995,#6996);
#6429=AXIS2_PLACEMENT_3D('',#8714,#6997,#6998);
#6430=AXIS2_PLACEMENT_3D('',#8718,#7000,#7001);
#6431=AXIS2_PLACEMENT_3D('',#8721,#7003,#7004);
#6432=AXIS2_PLACEMENT_3D('',#8722,#7005,#7006);
#6433=AXIS2_PLACEMENT_3D('',#8723,#7007,#7008);
#6434=AXIS2_PLACEMENT_3D('',#8728,#7010,#7011);
#6435=AXIS2_PLACEMENT_3D('',#8732,#7013,#7014);
#6436=AXIS2_PLACEMENT_3D('',#8736,#7016,#7017);
#6437=AXIS2_PLACEMENT_3D('',#8739,#7019,#7020);
#6438=AXIS2_PLACEMENT_3D('',#8740,#7021,#7022);
#6439=AXIS2_PLACEMENT_3D('',#8741,#7023,#7024);
#6440=AXIS2_PLACEMENT_3D('',#8742,#7025,#7026);
#6441=AXIS2_PLACEMENT_3D('',#8743,#7027,#7028);
#6442=AXIS2_PLACEMENT_3D('',#8744,#7029,#7030);
#6443=AXIS2_PLACEMENT_3D('',#8749,#7032,#7033);
#6444=AXIS2_PLACEMENT_3D('',#8752,#7035,#7036);
#6445=AXIS2_PLACEMENT_3D('',#8753,#7037,#7038);
#6446=AXIS2_PLACEMENT_3D('',#8757,#7040,#7041);
#6447=AXIS2_PLACEMENT_3D('',#8758,#7042,#7043);
#6448=AXIS2_PLACEMENT_3D('',#8760,#7044,#7045);
#6449=AXIS2_PLACEMENT_3D('',#8763,#7047,#7048);
#6450=AXIS2_PLACEMENT_3D('',#8764,#7049,#7050);
#6451=AXIS2_PLACEMENT_3D('',#8765,#7051,#7052);
#6452=AXIS2_PLACEMENT_3D('',#8770,#7054,#7055);
#6453=AXIS2_PLACEMENT_3D('',#8774,#7057,#7058);
#6454=AXIS2_PLACEMENT_3D('',#8778,#7060,#7061);
#6455=AXIS2_PLACEMENT_3D('',#8781,#7063,#7064);
#6456=AXIS2_PLACEMENT_3D('',#8782,#7065,#7066);
#6457=AXIS2_PLACEMENT_3D('',#8783,#7067,#7068);
#6458=AXIS2_PLACEMENT_3D('',#8784,#7069,#7070);
#6459=AXIS2_PLACEMENT_3D('',#8785,#7071,#7072);
#6460=AXIS2_PLACEMENT_3D('',#8786,#7073,#7074);
#6461=AXIS2_PLACEMENT_3D('',#8791,#7076,#7077);
#6462=AXIS2_PLACEMENT_3D('',#8794,#7079,#7080);
#6463=AXIS2_PLACEMENT_3D('',#8796,#7081,#7082);
#6464=AXIS2_PLACEMENT_3D('',#8799,#7084,#7085);
#6465=AXIS2_PLACEMENT_3D('',#8800,#7086,#7087);
#6466=AXIS2_PLACEMENT_3D('',#8801,#7088,#7089);
#6467=AXIS2_PLACEMENT_3D('',#8805,#7091,#7092);
#6468=AXIS2_PLACEMENT_3D('',#8809,#7094,#7095);
#6469=AXIS2_PLACEMENT_3D('',#8827,#7105,#7106);
#6470=AXIS2_PLACEMENT_3D('',#8833,#7110,#7111);
#6471=AXIS2_PLACEMENT_3D('',#8849,#7119,#7120);
#6472=AXIS2_PLACEMENT_3D('',#8853,#7122,#7123);
#6473=AXIS2_PLACEMENT_3D('',#8855,#7125,#7126);
#6474=AXIS2_PLACEMENT_3D('',#8857,#7128,#7129);
#6475=AXIS2_PLACEMENT_3D('',#8863,#7133,#7134);
#6476=AXIS2_PLACEMENT_3D('',#8869,#7138,#7139);
#6477=AXIS2_PLACEMENT_3D('',#8873,#7142,#7143);
#6478=AXIS2_PLACEMENT_3D('',#8883,#7149,#7150);
#6479=AXIS2_PLACEMENT_3D('',#8889,#7154,#7155);
#6480=AXIS2_PLACEMENT_3D('',#8893,#7158,#7159);
#6481=AXIS2_PLACEMENT_3D('',#8897,#7162,#7163);
#6482=AXIS2_PLACEMENT_3D('',#8909,#7170,#7171);
#6483=AXIS2_PLACEMENT_3D('',#8913,#7174,#7175);
#6484=AXIS2_PLACEMENT_3D('',#8917,#7178,#7179);
#6485=AXIS2_PLACEMENT_3D('',#8921,#7182,#7183);
#6486=AXIS2_PLACEMENT_3D('',#8933,#7190,#7191);
#6487=AXIS2_PLACEMENT_3D('',#8937,#7194,#7195);
#6488=AXIS2_PLACEMENT_3D('',#8943,#7199,#7200);
#6489=AXIS2_PLACEMENT_3D('',#8949,#7204,#7205);
#6490=AXIS2_PLACEMENT_3D('',#8965,#7213,#7214);
#6491=AXIS2_PLACEMENT_3D('',#8969,#7216,#7217);
#6492=AXIS2_PLACEMENT_3D('',#8971,#7219,#7220);
#6493=AXIS2_PLACEMENT_3D('',#8981,#7225,#7226);
#6494=AXIS2_PLACEMENT_3D('',#8985,#7228,#7229);
#6495=AXIS2_PLACEMENT_3D('',#8997,#7236,#7237);
#6496=AXIS2_PLACEMENT_3D('',#8999,#7239,#7240);
#6497=AXIS2_PLACEMENT_3D('',#9003,#7243,#7244);
#6498=AXIS2_PLACEMENT_3D('',#9012,#7249,#7250);
#6499=AXIS2_PLACEMENT_3D('',#9016,#7253,#7254);
#6500=AXIS2_PLACEMENT_3D('',#9019,#7257,#7258);
#6501=AXIS2_PLACEMENT_3D('',#9023,#7261,#7262);
#6502=AXIS2_PLACEMENT_3D('',#9025,#7264,#7265);
#6503=AXIS2_PLACEMENT_3D('',#9027,#7267,#7268);
#6504=AXIS2_PLACEMENT_3D('',#9029,#7270,#7271);
#6505=AXIS2_PLACEMENT_3D('',#9032,#7274,#7275);
#6506=AXIS2_PLACEMENT_3D('',#9033,#7276,#7277);
#6507=AXIS2_PLACEMENT_3D('',#9036,#7280,#7281);
#6508=AXIS2_PLACEMENT_3D('',#9038,#7283,#7284);
#6509=AXIS2_PLACEMENT_3D('',#9040,#7286,#7287);
#6510=AXIS2_PLACEMENT_3D('',#9042,#7289,#7290);
#6511=AXIS2_PLACEMENT_3D('',#9044,#7292,#7293);
#6512=AXIS2_PLACEMENT_3D('',#9046,#7295,#7296);
#6513=AXIS2_PLACEMENT_3D('',#9048,#7298,#7299);
#6514=AXIS2_PLACEMENT_3D('',#9050,#7301,#7302);
#6515=AXIS2_PLACEMENT_3D('',#9052,#7304,#7305);
#6516=AXIS2_PLACEMENT_3D('',#9054,#7307,#7308);
#6517=AXIS2_PLACEMENT_3D('',#9057,#7311,#7312);
#6518=AXIS2_PLACEMENT_3D('',#9059,#7314,#7315);
#6519=AXIS2_PLACEMENT_3D('',#9061,#7317,#7318);
#6520=AXIS2_PLACEMENT_3D('',#9065,#7321,#7322);
#6521=AXIS2_PLACEMENT_3D('',#9067,#7324,#7325);
#6522=AXIS2_PLACEMENT_3D('',#9069,#7327,#7328);
#6523=AXIS2_PLACEMENT_3D('',#9071,#7330,#7331);
#6524=AXIS2_PLACEMENT_3D('',#9073,#7333,#7334);
#6525=AXIS2_PLACEMENT_3D('',#9075,#7336,#7337);
#6526=AXIS2_PLACEMENT_3D('',#9077,#7339,#7340);
#6527=AXIS2_PLACEMENT_3D('',#9086,#7345,#7346);
#6528=AXIS2_PLACEMENT_3D('',#9088,#7347,#7348);
#6529=AXIS2_PLACEMENT_3D('',#9090,#7349,#7350);
#6530=AXIS2_PLACEMENT_3D('',#9092,#7352,#7353);
#6531=AXIS2_PLACEMENT_3D('',#9098,#7357,#7358);
#6532=AXIS2_PLACEMENT_3D('',#9100,#7359,#7360);
#6533=AXIS2_PLACEMENT_3D('',#9102,#7361,#7362);
#6534=AXIS2_PLACEMENT_3D('',#9104,#7364,#7365);
#6535=AXIS2_PLACEMENT_3D('',#9110,#7369,#7370);
#6536=AXIS2_PLACEMENT_3D('',#9116,#7374,#7375);
#6537=AXIS2_PLACEMENT_3D('',#9125,#7380,#7381);
#6538=AXIS2_PLACEMENT_3D('',#9131,#7385,#7386);
#6539=AXIS2_PLACEMENT_3D('',#9137,#7390,#7391);
#6540=AXIS2_PLACEMENT_3D('',#9143,#7395,#7396);
#6541=AXIS2_PLACEMENT_3D('',#9146,#7399,#7400);
#6542=AXIS2_PLACEMENT_3D('',#9149,#7403,#7404);
#6543=AXIS2_PLACEMENT_3D('',#9158,#7409,#7410);
#6544=AXIS2_PLACEMENT_3D('',#9160,#7411,#7412);
#6545=AXIS2_PLACEMENT_3D('',#9162,#7413,#7414);
#6546=AXIS2_PLACEMENT_3D('',#9164,#7416,#7417);
#6547=AXIS2_PLACEMENT_3D('',#9170,#7421,#7422);
#6548=AXIS2_PLACEMENT_3D('',#9172,#7423,#7424);
#6549=AXIS2_PLACEMENT_3D('',#9174,#7425,#7426);
#6550=AXIS2_PLACEMENT_3D('',#9176,#7428,#7429);
#6551=AXIS2_PLACEMENT_3D('',#9182,#7433,#7434);
#6552=AXIS2_PLACEMENT_3D('',#9188,#7438,#7439);
#6553=AXIS2_PLACEMENT_3D('',#9197,#7444,#7445);
#6554=AXIS2_PLACEMENT_3D('',#9203,#7449,#7450);
#6555=AXIS2_PLACEMENT_3D('',#9209,#7454,#7455);
#6556=AXIS2_PLACEMENT_3D('',#9215,#7459,#7460);
#6557=AXIS2_PLACEMENT_3D('',#9218,#7463,#7464);
#6558=AXIS2_PLACEMENT_3D('',#9221,#7467,#7468);
#6559=AXIS2_PLACEMENT_3D('',#9223,#7470,#7471);
#6560=AXIS2_PLACEMENT_3D('',#9229,#7475,#7476);
#6561=AXIS2_PLACEMENT_3D('',#9231,#7478,#7479);
#6562=AXIS2_PLACEMENT_3D('',#9233,#7481,#7482);
#6563=AXIS2_PLACEMENT_3D('',#9236,#7485,#7486);
#6564=AXIS2_PLACEMENT_3D('',#9240,#7489,#7490);
#6565=AXIS2_PLACEMENT_3D('',#9241,#7491,#7492);
#6566=AXIS2_PLACEMENT_3D('',#9243,#7494,#7495);
#6567=AXIS2_PLACEMENT_3D('',#9304,#7528,#7529);
#6568=AXIS2_PLACEMENT_3D('',#9314,#7537,#7538);
#6569=AXIS2_PLACEMENT_3D('',#9319,#7540,#7541);
#6570=AXIS2_PLACEMENT_3D('',#9322,#7543,#7544);
#6571=AXIS2_PLACEMENT_3D('',#9323,#7545,#7546);
#6572=AXIS2_PLACEMENT_3D('',#9328,#7549,#7550);
#6573=AXIS2_PLACEMENT_3D('',#9329,#7551,#7552);
#6574=AXIS2_PLACEMENT_3D('',#9333,#7554,#7555);
#6575=AXIS2_PLACEMENT_3D('',#9335,#7557,#7558);
#6576=AXIS2_PLACEMENT_3D('',#9345,#7564,#7565);
#6577=AXIS2_PLACEMENT_3D('',#9349,#7568,#7569);
#6578=AXIS2_PLACEMENT_3D('',#9357,#7574,#7575);
#6579=AXIS2_PLACEMENT_3D('',#9362,#7577,#7578);
#6580=AXIS2_PLACEMENT_3D('',#9365,#7580,#7581);
#6581=AXIS2_PLACEMENT_3D('',#9366,#7582,#7583);
#6582=AXIS2_PLACEMENT_3D('',#9371,#7586,#7587);
#6583=AXIS2_PLACEMENT_3D('',#9372,#7588,#7589);
#6584=AXIS2_PLACEMENT_3D('',#9376,#7591,#7592);
#6585=AXIS2_PLACEMENT_3D('',#9378,#7594,#7595);
#6586=AXIS2_PLACEMENT_3D('',#9388,#7601,#7602);
#6587=AXIS2_PLACEMENT_3D('',#9392,#7605,#7606);
#6588=AXIS2_PLACEMENT_3D('',#9400,#7611,#7612);
#6589=AXIS2_PLACEMENT_3D('',#9403,#7615,#7616);
#6590=AXIS2_PLACEMENT_3D('',#9404,#7617,#7618);
#6591=AXIS2_PLACEMENT_3D('',#9406,#7620,#7621);
#6592=AXIS2_PLACEMENT_3D('',#9408,#7623,#7624);
#6593=AXIS2_PLACEMENT_3D('',#9412,#7626,#7627);
#6594=AXIS2_PLACEMENT_3D('',#9416,#7629,#7630);
#6595=AXIS2_PLACEMENT_3D('',#9420,#7632,#7633);
#6596=AXIS2_PLACEMENT_3D('',#9425,#7637,#7638);
#6597=AXIS2_PLACEMENT_3D('',#9428,#7641,#7642);
#6598=AXIS2_PLACEMENT_3D('',#9435,#7646,#7647);
#6599=AXIS2_PLACEMENT_3D('',#9439,#7649,#7650);
#6600=AXIS2_PLACEMENT_3D('',#9443,#7652,#7653);
#6601=AXIS2_PLACEMENT_3D('',#9445,#7655,#7656);
#6602=AXIS2_PLACEMENT_3D('',#9448,#7657,#7658);
#6603=AXIS2_PLACEMENT_3D('',#9450,#7659,#7660);
#6604=AXIS2_PLACEMENT_3D('',#9452,#7661,#7662);
#6605=AXIS2_PLACEMENT_3D('',#9453,#7663,#7664);
#6606=AXIS2_PLACEMENT_3D('',#9454,#7665,#7666);
#6607=AXIS2_PLACEMENT_3D('',#9457,#7667,#7668);
#6608=AXIS2_PLACEMENT_3D('',#9461,#7670,#7671);
#6609=AXIS2_PLACEMENT_3D('',#9463,#7673,#7674);
#6610=AXIS2_PLACEMENT_3D('',#9466,#7675,#7676);
#6611=AXIS2_PLACEMENT_3D('',#9467,#7677,#7678);
#6612=AXIS2_PLACEMENT_3D('',#9468,#7679,#7680);
#6613=AXIS2_PLACEMENT_3D('',#9469,#7681,#7682);
#6614=AXIS2_PLACEMENT_3D('',#9472,#7685,#7686);
#6615=AXIS2_PLACEMENT_3D('',#9475,#7687,#7688);
#6616=AXIS2_PLACEMENT_3D('',#9477,#7689,#7690);
#6617=AXIS2_PLACEMENT_3D('',#9479,#7691,#7692);
#6618=AXIS2_PLACEMENT_3D('',#9480,#7693,#7694);
#6619=AXIS2_PLACEMENT_3D('',#9481,#7695,#7696);
#6620=AXIS2_PLACEMENT_3D('',#9484,#7699,#7700);
#6621=AXIS2_PLACEMENT_3D('',#9489,#7702,#7703);
#6622=AXIS2_PLACEMENT_3D('',#9492,#7705,#7706);
#6623=AXIS2_PLACEMENT_3D('',#9493,#7707,#7708);
#6624=AXIS2_PLACEMENT_3D('',#9496,#7711,#7712);
#6625=AXIS2_PLACEMENT_3D('',#9499,#7713,#7714);
#6626=AXIS2_PLACEMENT_3D('',#9502,#7717,#7718);
#6627=AXIS2_PLACEMENT_3D('',#9505,#7719,#7720);
#6628=AXIS2_PLACEMENT_3D('',#9508,#7723,#7724);
#6629=AXIS2_PLACEMENT_3D('',#9519,#7730,#7731);
#6630=AXIS2_PLACEMENT_3D('',#9523,#7733,#7734);
#6631=AXIS2_PLACEMENT_3D('',#9527,#7737,#7738);
#6632=AXIS2_PLACEMENT_3D('',#9530,#7740,#7741);
#6633=AXIS2_PLACEMENT_3D('',#9531,#7742,#7743);
#6634=AXIS2_PLACEMENT_3D('',#9539,#7748,#7749);
#6635=AXIS2_PLACEMENT_3D('',#9541,#7751,#7752);
#6636=AXIS2_PLACEMENT_3D('',#9546,#7754,#7755);
#6637=AXIS2_PLACEMENT_3D('',#9548,#7757,#7758);
#6638=AXIS2_PLACEMENT_3D('',#9549,#7759,#7760);
#6639=AXIS2_PLACEMENT_3D('',#9551,#7761,#7762);
#6640=AXIS2_PLACEMENT_3D('',#9553,#7763,#7764);
#6641=AXIS2_PLACEMENT_3D('',#9554,#7765,#7766);
#6642=AXIS2_PLACEMENT_3D('',#9555,#7767,#7768);
#6643=AXIS2_PLACEMENT_3D('',#9558,#7769,#7770);
#6644=AXIS2_PLACEMENT_3D('',#9559,#7771,#7772);
#6645=AXIS2_PLACEMENT_3D('',#9560,#7773,#7774);
#6646=AXIS2_PLACEMENT_3D('',#9561,#7775,#7776);
#6647=AXIS2_PLACEMENT_3D('',#9563,#7778,#7779);
#6648=AXIS2_PLACEMENT_3D('',#9565,#7780,#7781);
#6649=AXIS2_PLACEMENT_3D('',#9567,#7783,#7784);
#6650=AXIS2_PLACEMENT_3D('',#9570,#7785,#7786);
#6651=AXIS2_PLACEMENT_3D('',#9571,#7787,#7788);
#6652=AXIS2_PLACEMENT_3D('',#9572,#7789,#7790);
#6653=AXIS2_PLACEMENT_3D('',#9573,#7791,#7792);
#6654=AXIS2_PLACEMENT_3D('',#9576,#7793,#7794);
#6655=AXIS2_PLACEMENT_3D('',#9579,#7797,#7798);
#6656=AXIS2_PLACEMENT_3D('',#9582,#7799,#7800);
#6657=AXIS2_PLACEMENT_3D('',#9585,#7803,#7804);
#6658=AXIS2_PLACEMENT_3D('',#9588,#7805,#7806);
#6659=AXIS2_PLACEMENT_3D('',#9591,#7809,#7810);
#6660=AXIS2_PLACEMENT_3D('',#9593,#7812,#7813);
#6661=AXIS2_PLACEMENT_3D('',#9595,#7814,#7815);
#6662=AXIS2_PLACEMENT_3D('',#9597,#7817,#7818);
#6663=AXIS2_PLACEMENT_3D('',#9607,#7824,#7825);
#6664=AXIS2_PLACEMENT_3D('',#9609,#7827,#7828);
#6665=AXIS2_PLACEMENT_3D('',#9614,#7830,#7831);
#6666=AXIS2_PLACEMENT_3D('',#9617,#7833,#7834);
#6667=AXIS2_PLACEMENT_3D('',#9618,#7835,#7836);
#6668=AXIS2_PLACEMENT_3D('',#9623,#7839,#7840);
#6669=AXIS2_PLACEMENT_3D('',#9624,#7841,#7842);
#6670=AXIS2_PLACEMENT_3D('',#9629,#7845,#7846);
#6671=AXIS2_PLACEMENT_3D('',#9630,#7847,#7848);
#6672=AXIS2_PLACEMENT_3D('',#9633,#7851,#7852);
#6673=AXIS2_PLACEMENT_3D('',#9639,#7856,#7857);
#6674=AXIS2_PLACEMENT_3D('',#9643,#7860,#7861);
#6675=AXIS2_PLACEMENT_3D('',#9663,#7872,#7873);
#6676=AXIS2_PLACEMENT_3D('',#9665,#7874,#7875);
#6677=AXIS2_PLACEMENT_3D('',#9668,#7877,#7878);
#6678=AXIS2_PLACEMENT_3D('',#9669,#7879,#7880);
#6679=AXIS2_PLACEMENT_3D('',#9672,#7882,#7883);
#6680=AXIS2_PLACEMENT_3D('',#9673,#7884,#7885);
#6681=AXIS2_PLACEMENT_3D('',#9676,#7887,#7888);
#6682=AXIS2_PLACEMENT_3D('',#9677,#7889,#7890);
#6683=AXIS2_PLACEMENT_3D('',#9679,#7892,#7893);
#6684=AXIS2_PLACEMENT_3D('',#9685,#7897,#7898);
#6685=AXIS2_PLACEMENT_3D('',#9689,#7901,#7902);
#6686=AXIS2_PLACEMENT_3D('',#9693,#7905,#7906);
#6687=AXIS2_PLACEMENT_3D('',#9697,#7909,#7910);
#6688=AXIS2_PLACEMENT_3D('',#9701,#7913,#7914);
#6689=AXIS2_PLACEMENT_3D('',#9707,#7919,#7920);
#6690=AXIS2_PLACEMENT_3D('',#9709,#7922,#7923);
#6691=AXIS2_PLACEMENT_3D('',#9715,#7927,#7928);
#6692=AXIS2_PLACEMENT_3D('',#9724,#7933,#7934);
#6693=AXIS2_PLACEMENT_3D('',#9733,#7939,#7940);
#6694=AXIS2_PLACEMENT_3D('',#9739,#7944,#7945);
#6695=AXIS2_PLACEMENT_3D('',#9744,#7950,#7951);
#6696=AXIS2_PLACEMENT_3D('',#9757,#7959,#7960);
#6697=AXIS2_PLACEMENT_3D('',#9761,#7963,#7964);
#6698=AXIS2_PLACEMENT_3D('',#9763,#7966,#7967);
#6699=AXIS2_PLACEMENT_3D('',#9766,#7968,#7969);
#6700=AXIS2_PLACEMENT_3D('',#9768,#7970,#7971);
#6701=AXIS2_PLACEMENT_3D('',#9770,#7972,#7973);
#6702=AXIS2_PLACEMENT_3D('',#9771,#7974,#7975);
#6703=AXIS2_PLACEMENT_3D('',#9772,#7976,#7977);
#6704=AXIS2_PLACEMENT_3D('',#9775,#7978,#7979);
#6705=AXIS2_PLACEMENT_3D('',#9778,#7982,#7983);
#6706=AXIS2_PLACEMENT_3D('',#9781,#7984,#7985);
#6707=AXIS2_PLACEMENT_3D('',#9782,#7986,#7987);
#6708=AXIS2_PLACEMENT_3D('',#9783,#7988,#7989);
#6709=AXIS2_PLACEMENT_3D('',#9784,#7990,#7991);
#6710=AXIS2_PLACEMENT_3D('',#9787,#7992,#7993);
#6711=AXIS2_PLACEMENT_3D('',#9790,#7996,#7997);
#6712=AXIS2_PLACEMENT_3D('',#9793,#7998,#7999);
#6713=AXIS2_PLACEMENT_3D('',#9796,#8002,#8003);
#6714=AXIS2_PLACEMENT_3D('',#9799,#8004,#8005);
#6715=AXIS2_PLACEMENT_3D('',#9801,#8006,#8007);
#6716=AXIS2_PLACEMENT_3D('',#9803,#8008,#8009);
#6717=AXIS2_PLACEMENT_3D('',#9804,#8010,#8011);
#6718=AXIS2_PLACEMENT_3D('',#9805,#8012,#8013);
#6719=AXIS2_PLACEMENT_3D('',#9810,#8016,#8017);
#6720=AXIS2_PLACEMENT_3D('',#9811,#8018,#8019);
#6721=AXIS2_PLACEMENT_3D('',#9815,#8021,#8022);
#6722=AXIS2_PLACEMENT_3D('',#9817,#8024,#8025);
#6723=AXIS2_PLACEMENT_3D('',#9820,#8028,#8029);
#6724=AXIS2_PLACEMENT_3D('',#9823,#8030,#8031);
#6725=AXIS2_PLACEMENT_3D('',#9826,#8034,#8035);
#6726=AXIS2_PLACEMENT_3D('',#9836,#8041,#8042);
#6727=AXIS2_PLACEMENT_3D('',#9839,#8044,#8045);
#6728=AXIS2_PLACEMENT_3D('',#9840,#8046,#8047);
#6729=AXIS2_PLACEMENT_3D('',#9846,#8050,#8051);
#6730=AXIS2_PLACEMENT_3D('',#9850,#8053,#8054);
#6731=AXIS2_PLACEMENT_3D('',#9857,#8059,#8060);
#6732=AXIS2_PLACEMENT_3D('',#9869,#8067,#8068);
#6733=AXIS2_PLACEMENT_3D('',#9871,#8070,#8071);
#6734=AXIS2_PLACEMENT_3D('',#9873,#8072,#8073);
#6735=AXIS2_PLACEMENT_3D('',#9876,#8075,#8076);
#6736=AXIS2_PLACEMENT_3D('',#9877,#8077,#8078);
#6737=AXIS2_PLACEMENT_3D('',#9880,#8079,#8080);
#6738=AXIS2_PLACEMENT_3D('',#9881,#8081,#8082);
#6739=AXIS2_PLACEMENT_3D('',#9882,#8083,#8084);
#6740=AXIS2_PLACEMENT_3D('',#9883,#8085,#8086);
#6741=AXIS2_PLACEMENT_3D('',#9885,#8087,#8088);
#6742=AXIS2_PLACEMENT_3D('',#9887,#8089,#8090);
#6743=AXIS2_PLACEMENT_3D('',#9888,#8091,#8092);
#6744=AXIS2_PLACEMENT_3D('',#9889,#8093,#8094);
#6745=AXIS2_PLACEMENT_3D('',#9891,#8096,#8097);
#6746=AXIS2_PLACEMENT_3D('',#9894,#8098,#8099);
#6747=AXIS2_PLACEMENT_3D('',#9897,#8102,#8103);
#6748=AXIS2_PLACEMENT_3D('',#9899,#8104,#8105);
#6749=AXIS2_PLACEMENT_3D('',#9901,#8107,#8108);
#6750=AXIS2_PLACEMENT_3D('',#9904,#8109,#8110);
#6751=AXIS2_PLACEMENT_3D('',#9905,#8111,#8112);
#6752=AXIS2_PLACEMENT_3D('',#9906,#8113,#8114);
#6753=AXIS2_PLACEMENT_3D('',#9907,#8115,#8116);
#6754=AXIS2_PLACEMENT_3D('',#9910,#8117,#8118);
#6755=AXIS2_PLACEMENT_3D('',#9913,#8121,#8122);
#6756=AXIS2_PLACEMENT_3D('',#9915,#8124,#8125);
#6757=AXIS2_PLACEMENT_3D('',#9918,#8126,#8127);
#6758=AXIS2_PLACEMENT_3D('',#9921,#8130,#8131);
#6759=AXIS2_PLACEMENT_3D('',#9923,#8133,#8134);
#6760=AXIS2_PLACEMENT_3D('',#9925,#8136,#8137);
#6761=AXIS2_PLACEMENT_3D('',#9936,#8146,#8147);
#6762=AXIS2_PLACEMENT_3D('',#9950,#8155,#8156);
#6763=AXIS2_PLACEMENT_3D('',#9952,#8158,#8159);
#6764=AXIS2_PLACEMENT_3D('',#9958,#8163,#8164);
#6765=AXIS2_PLACEMENT_3D('',#9964,#8168,#8169);
#6766=AXIS2_PLACEMENT_3D('',#9966,#8171,#8172);
#6767=AXIS2_PLACEMENT_3D('',#9967,#8173,#8174);
#6768=AXIS2_PLACEMENT_3D('',#9973,#8178,#8179);
#6769=AXIS2_PLACEMENT_3D('',#9978,#8181,#8182);
#6770=AXIS2_PLACEMENT_3D('',#9981,#8184,#8185);
#6771=AXIS2_PLACEMENT_3D('',#9982,#8186,#8187);
#6772=AXIS2_PLACEMENT_3D('',#9986,#8189,#8190);
#6773=AXIS2_PLACEMENT_3D('',#9988,#8192,#8193);
#6774=AXIS2_PLACEMENT_3D('',#9993,#8196,#8197);
#6775=AXIS2_PLACEMENT_3D('',#9994,#8198,#8199);
#6776=AXIS2_PLACEMENT_3D('',#9997,#8202,#8203);
#6777=AXIS2_PLACEMENT_3D('',#10003,#8207,#8208);
#6778=AXIS2_PLACEMENT_3D('',#10027,#8222,#8223);
#6779=AXIS2_PLACEMENT_3D('',#10047,#8234,#8235);
#6780=AXIS2_PLACEMENT_3D('',#10048,#8236,#8237);
#6781=AXIS2_PLACEMENT_3D('',#10049,#8238,#8239);
#6782=AXIS2_PLACEMENT_3D('',#10050,#8240,#8241);
#6783=AXIS2_PLACEMENT_3D('',#10053,#8243,#8244);
#6784=AXIS2_PLACEMENT_3D('',#10054,#8245,#8246);
#6785=AXIS2_PLACEMENT_3D('',#10057,#8248,#8249);
#6786=AXIS2_PLACEMENT_3D('',#10058,#8250,#8251);
#6787=AXIS2_PLACEMENT_3D('',#10060,#8253,#8254);
#6788=AXIS2_PLACEMENT_3D('',#10064,#8257,#8258);
#6789=AXIS2_PLACEMENT_3D('',#10068,#8261,#8262);
#6790=AXIS2_PLACEMENT_3D('',#10070,#8264,#8265);
#6791=AXIS2_PLACEMENT_3D('',#10074,#8268,#8269);
#6792=AXIS2_PLACEMENT_3D('',#10076,#8271,#8272);
#6793=AXIS2_PLACEMENT_3D('',#10080,#8275,#8276);
#6794=AXIS2_PLACEMENT_3D('',#10082,#8278,#8279);
#6795=AXIS2_PLACEMENT_3D('',#10099,#8292,#8293);
#6796=AXIS2_PLACEMENT_3D('',#10104,#8295,#8296);
#6797=AXIS2_PLACEMENT_3D('',#10107,#8298,#8299);
#6798=AXIS2_PLACEMENT_3D('',#10108,#8300,#8301);
#6799=AXIS2_PLACEMENT_3D('',#10113,#8304,#8305);
#6800=AXIS2_PLACEMENT_3D('',#10114,#8306,#8307);
#6801=AXIS2_PLACEMENT_3D('',#10117,#8310,#8311);
#6802=AXIS2_PLACEMENT_3D('',#10146,#8327,#8328);
#6803=AXIS2_PLACEMENT_3D('',#10149,#8330,#8331);
#6804=AXIS2_PLACEMENT_3D('',#10150,#8332,#8333);
#6805=AXIS2_PLACEMENT_3D('',#10153,#8335,#8336);
#6806=AXIS2_PLACEMENT_3D('',#10154,#8337,#8338);
#6807=AXIS2_PLACEMENT_3D('',#10157,#8340,#8341);
#6808=AXIS2_PLACEMENT_3D('',#10158,#8342,#8343);
#6809=AXIS2_PLACEMENT_3D('',#10164,#8347,#8348);
#6810=AXIS2_PLACEMENT_3D('',#10170,#8352,#8353);
#6811=AXIS2_PLACEMENT_3D('',#10179,#8358,#8359);
#6812=AXIS2_PLACEMENT_3D('',#10182,#8362,#8363);
#6813=AXIS2_PLACEMENT_3D('',#10184,#8365,#8366);
#6814=AXIS2_PLACEMENT_3D('',#10186,#8368,#8369);
#6815=AXIS2_PLACEMENT_3D('',#10188,#8371,#8372);
#6816=AXIS2_PLACEMENT_3D('',#10191,#8375,#8376);
#6817=AXIS2_PLACEMENT_3D('',#10192,#8377,#8378);
#6818=AXIS2_PLACEMENT_3D('',#10194,#8380,#8381);
#6819=AXIS2_PLACEMENT_3D('',#10195,#8382,#8383);
#6820=AXIS2_PLACEMENT_3D('',#10197,#8384,#8385);
#6821=AXIS2_PLACEMENT_3D('',#10198,#8386,#8387);
#6822=AXIS2_PLACEMENT_3D('',#10199,#8388,#8389);
#6823=AXIS2_PLACEMENT_3D('',#10201,#8391,#8392);
#6824=AXIS2_PLACEMENT_3D('',#10202,#8393,#8394);
#6825=AXIS2_PLACEMENT_3D('',#10203,#8395,#8396);
#6826=AXIS2_PLACEMENT_3D('',#10204,#8397,#8398);
#6827=AXIS2_PLACEMENT_3D('',#10209,#8402,#8403);
#6828=AXIS2_PLACEMENT_3D('',#10210,#8404,#8405);
#6829=AXIS2_PLACEMENT_3D('',#10211,#8406,#8407);
#6830=AXIS2_PLACEMENT_3D('',#10212,#8408,#8409);
#6831=AXIS2_PLACEMENT_3D('',#10214,#8410,#8411);
#6832=AXIS2_PLACEMENT_3D('',#10215,#8412,#8413);
#6833=AXIS2_PLACEMENT_3D('',#10216,#8414,#8415);
#6834=AXIS2_PLACEMENT_3D('',#10217,#8416,#8417);
#6835=AXIS2_PLACEMENT_3D('',#10219,#8419,#8420);
#6836=AXIS2_PLACEMENT_3D('',#10220,#8421,#8422);
#6837=AXIS2_PLACEMENT_3D('',#10222,#8423,#8424);
#6838=AXIS2_PLACEMENT_3D('',#10223,#8425,#8426);
#6839=AXIS2_PLACEMENT_3D('',#10224,#8427,#8428);
#6840=AXIS2_PLACEMENT_3D('',#10227,#8430,#8431);
#6841=AXIS2_PLACEMENT_3D('',#10228,#8432,#8433);
#6842=AXIS2_PLACEMENT_3D('',#10230,#8435,#8436);
#6843=AXIS2_PLACEMENT_3D('',#10232,#8437,#8438);
#6844=AXIS2_PLACEMENT_3D('',#10234,#8439,#8440);
#6845=AXIS2_PLACEMENT_3D('',#10235,#8441,#8442);
#6846=AXIS2_PLACEMENT_3D('',#10236,#8443,#8444);
#6847=AXIS2_PLACEMENT_3D('',#10239,#8446,#8447);
#6848=AXIS2_PLACEMENT_3D('',#10240,#8448,#8449);
#6849=AXIS2_PLACEMENT_3D('',#10242,#8450,#8451);
#6850=AXIS2_PLACEMENT_3D('',#10244,#8452,#8453);
#6851=AXIS2_PLACEMENT_3D('',#10245,#8454,#8455);
#6852=AXIS2_PLACEMENT_3D('',#10246,#8456,#8457);
#6853=AXIS2_PLACEMENT_3D('',#10249,#8460,#8461);
#6854=AXIS2_PLACEMENT_3D('',#10251,#8462,#8463);
#6855=AXIS2_PLACEMENT_3D('',#10252,#8464,#8465);
#6856=AXIS2_PLACEMENT_3D('',#10253,#8466,#8467);
#6857=AXIS2_PLACEMENT_3D('',#10254,#8468,#8469);
#6858=AXIS2_PLACEMENT_3D('',#10257,#8471,#8472);
#6859=AXIS2_PLACEMENT_3D('',#10258,#8473,#8474);
#6860=AXIS2_PLACEMENT_3D('',#10259,#8475,#8476);
#6861=AXIS2_PLACEMENT_3D('',#10261,#8477,#8478);
#6862=AXIS2_PLACEMENT_3D('',#10262,#8479,#8480);
#6863=AXIS2_PLACEMENT_3D('',#10263,#8481,#8482);
#6864=AXIS2_PLACEMENT_3D('',#10265,#8484,#8485);
#6865=AXIS2_PLACEMENT_3D('',#10267,#8487,#8488);
#6866=AXIS2_PLACEMENT_3D('',#10270,#8489,#8490);
#6867=AXIS2_PLACEMENT_3D('',#10272,#8491,#8492);
#6868=AXIS2_PLACEMENT_3D('',#10273,#8493,#8494);
#6869=AXIS2_PLACEMENT_3D('',#10274,#8495,#8496);
#6870=AXIS2_PLACEMENT_3D('',#10277,#8497,#8498);
#6871=AXIS2_PLACEMENT_3D('',#10279,#8499,#8500);
#6872=AXIS2_PLACEMENT_3D('',#10280,#8501,#8502);
#6873=AXIS2_PLACEMENT_3D('',#10281,#8503,#8504);
#6874=AXIS2_PLACEMENT_3D('',#10284,#8507,#8508);
#6875=AXIS2_PLACEMENT_3D('',#10287,#8511,#8512);
#6876=AXIS2_PLACEMENT_3D('',#10288,#8513,#8514);
#6877=AXIS2_PLACEMENT_3D('',#10289,#8515,#8516);
#6878=AXIS2_PLACEMENT_3D('',#10291,#8517,#8518);
#6879=AXIS2_PLACEMENT_3D('',#10293,#8519,#8520);
#6880=AXIS2_PLACEMENT_3D('',#10294,#8521,#8522);
#6881=AXIS2_PLACEMENT_3D('',#10295,#8523,#8524);
#6882=AXIS2_PLACEMENT_3D('',#10297,#8525,#8526);
#6883=AXIS2_PLACEMENT_3D('',#10299,#8527,#8528);
#6884=AXIS2_PLACEMENT_3D('',#10300,#8529,#8530);
#6885=AXIS2_PLACEMENT_3D('',#10301,#8531,#8532);
#6886=AXIS2_PLACEMENT_3D('',#10303,#8534,#8535);
#6887=AXIS2_PLACEMENT_3D('',#10306,#8538,#8539);
#6888=AXIS2_PLACEMENT_3D('',#10308,#8541,#8542);
#6889=AXIS2_PLACEMENT_3D('',#10311,#8545,#8546);
#6890=AXIS2_PLACEMENT_3D('',#10313,#8548,#8549);
#6891=AXIS2_PLACEMENT_3D('',#10314,#8550,#8551);
#6892=AXIS2_PLACEMENT_3D('',#10315,#8552,#8553);
#6893=AXIS2_PLACEMENT_3D('',#10319,#8556,#8557);
#6894=AXIS2_PLACEMENT_3D('',#10320,#8558,#8559);
#6895=AXIS2_PLACEMENT_3D('',#10322,#8561,#8562);
#6896=AXIS2_PLACEMENT_3D('',#10324,#8564,#8565);
#6897=AXIS2_PLACEMENT_3D('',#10326,#8567,#8568);
#6898=AXIS2_PLACEMENT_3D('',#10330,#8571,#8572);
#6899=AXIS2_PLACEMENT_3D('',#10331,#8573,#8574);
#6900=AXIS2_PLACEMENT_3D('',#10333,#8576,#8577);
#6901=AXIS2_PLACEMENT_3D('',#10335,#8579,#8580);
#6902=AXIS2_PLACEMENT_3D('',#10337,#8582,#8583);
#6903=AXIS2_PLACEMENT_3D('',#10346,#8589,#8590);
#6904=AXIS2_PLACEMENT_3D('',#10348,#8592,#8593);
#6905=AXIS2_PLACEMENT_3D('',#10349,#8594,#8595);
#6906=AXIS2_PLACEMENT_3D('',#10351,#8597,#8598);
#6907=AXIS2_PLACEMENT_3D('',#10353,#8600,#8601);
#6908=AXIS2_PLACEMENT_3D('',#10354,#8602,#8603);
#6909=AXIS2_PLACEMENT_3D('',#10356,#8605,#8606);
#6910=AXIS2_PLACEMENT_3D('',#10357,#8607,#8608);
#6911=AXIS2_PLACEMENT_3D('',#10359,#8610,#8611);
#6912=AXIS2_PLACEMENT_3D('',#10361,#8613,#8614);
#6913=AXIS2_PLACEMENT_3D('',#10362,#8615,#8616);
#6914=AXIS2_PLACEMENT_3D('',#10366,#8619,#8620);
#6915=AXIS2_PLACEMENT_3D('',#10368,#8622,#8623);
#6916=AXIS2_PLACEMENT_3D('',#10372,#8626,#8627);
#6917=AXIS2_PLACEMENT_3D('',#10376,#8630,#8631);
#6918=AXIS2_PLACEMENT_3D('',#10378,#8633,#8634);
#6919=AXIS2_PLACEMENT_3D('',#10381,#8637,#8638);
#6920=AXIS2_PLACEMENT_3D('',#10385,#8642,#8643);
#6921=AXIS2_PLACEMENT_3D('',#10386,#8644,#8645);
#6922=AXIS2_PLACEMENT_3D('',#10387,#8646,#8647);
#6923=AXIS2_PLACEMENT_3D('',#10388,#8648,#8649);
#6924=AXIS2_PLACEMENT_3D('',#10389,#8650,#8651);
#6925=DIRECTION('axis',(0.,0.,1.));
#6926=DIRECTION('refdir',(1.,0.,0.));
#6927=DIRECTION('center_axis',(0.,-1.,0.));
#6928=DIRECTION('ref_axis',(-1.,0.,-1.97812565634772E-16));
#6929=DIRECTION('',(0.,1.,0.));
#6930=DIRECTION('center_axis',(0.,-1.,0.));
#6931=DIRECTION('ref_axis',(-1.,0.,-1.97812565634772E-16));
#6932=DIRECTION('',(0.,-1.,0.));
#6933=DIRECTION('center_axis',(0.,1.,0.));
#6934=DIRECTION('ref_axis',(-1.,0.,-1.97812565634772E-16));
#6935=DIRECTION('',(0.,-1.,0.));
#6936=DIRECTION('center_axis',(0.,-1.,0.));
#6937=DIRECTION('ref_axis',(-1.,0.,-1.97812565634772E-16));
#6938=DIRECTION('center_axis',(0.,-1.,0.));
#6939=DIRECTION('ref_axis',(-1.,0.,-1.97812565634772E-16));
#6940=DIRECTION('center_axis',(-7.40148683083438E-17,-1.,0.));
#6941=DIRECTION('ref_axis',(-1.,0.,-1.97812565634772E-16));
#6942=DIRECTION('',(0.,-1.,0.));
#6943=DIRECTION('center_axis',(0.,-1.,0.));
#6944=DIRECTION('ref_axis',(-1.,0.,-1.97812565634772E-16));
#6945=DIRECTION('center_axis',(0.,1.,0.));
#6946=DIRECTION('ref_axis',(0.,0.,1.));
#6947=DIRECTION('center_axis',(0.,-1.,0.));
#6948=DIRECTION('ref_axis',(-1.,0.,-1.97812565634772E-16));
#6949=DIRECTION('center_axis',(0.,-1.,0.));
#6950=DIRECTION('ref_axis',(-1.,0.,-1.97812565634772E-16));
#6951=DIRECTION('',(0.,-1.,0.));
#6952=DIRECTION('center_axis',(0.,-1.,0.));
#6953=DIRECTION('ref_axis',(-1.,0.,-1.97812565634772E-16));
#6954=DIRECTION('center_axis',(0.,1.,0.));
#6955=DIRECTION('ref_axis',(0.,0.,1.));
#6956=DIRECTION('center_axis',(0.,-1.,0.));
#6957=DIRECTION('ref_axis',(-1.,0.,-1.97812565634772E-16));
#6958=DIRECTION('center_axis',(0.,-1.,0.));
#6959=DIRECTION('ref_axis',(-1.,0.,-1.97812565634772E-16));
#6960=DIRECTION('',(0.,-1.,0.));
#6961=DIRECTION('center_axis',(0.,-1.,0.));
#6962=DIRECTION('ref_axis',(-1.,0.,-1.97812565634772E-16));
#6963=DIRECTION('center_axis',(0.,1.,0.));
#6964=DIRECTION('ref_axis',(0.,0.,1.));
#6965=DIRECTION('center_axis',(0.,-1.,0.));
#6966=DIRECTION('ref_axis',(-1.,0.,-1.97812565634772E-16));
#6967=DIRECTION('center_axis',(0.,-1.,0.));
#6968=DIRECTION('ref_axis',(-1.,0.,-1.97812565634772E-16));
#6969=DIRECTION('',(0.,-1.,0.));
#6970=DIRECTION('center_axis',(0.,-1.,0.));
#6971=DIRECTION('ref_axis',(-1.,0.,-1.97812565634772E-16));
#6972=DIRECTION('center_axis',(0.,1.,0.));
#6973=DIRECTION('ref_axis',(0.,0.,1.));
#6974=DIRECTION('center_axis',(0.,-1.,0.));
#6975=DIRECTION('ref_axis',(-1.,0.,-1.97812565634772E-16));
#6976=DIRECTION('center_axis',(0.,-1.,0.));
#6977=DIRECTION('ref_axis',(-1.,0.,-1.97812565634772E-16));
#6978=DIRECTION('',(0.,1.,0.));
#6979=DIRECTION('center_axis',(0.,1.,0.));
#6980=DIRECTION('ref_axis',(-1.,0.,-1.97812565634772E-16));
#6981=DIRECTION('center_axis',(0.,-1.,0.));
#6982=DIRECTION('ref_axis',(-1.,0.,-1.97812565634772E-16));
#6983=DIRECTION('center_axis',(-5.55111512312578E-17,1.,0.));
#6984=DIRECTION('ref_axis',(0.,0.,1.));
#6985=DIRECTION('center_axis',(0.,-1.,0.));
#6986=DIRECTION('ref_axis',(-1.,0.,-1.97812565634772E-16));
#6987=DIRECTION('',(0.,-1.,0.));
#6988=DIRECTION('center_axis',(0.,1.,0.));
#6989=DIRECTION('ref_axis',(-1.,0.,-1.97812565634772E-16));
#6990=DIRECTION('',(0.,-1.,0.));
#6991=DIRECTION('center_axis',(0.,-1.,0.));
#6992=DIRECTION('ref_axis',(-1.,0.,-1.97812565634772E-16));
#6993=DIRECTION('center_axis',(0.,-1.,0.));
#6994=DIRECTION('ref_axis',(0.707106781186547,0.,0.707106781186548));
#6995=DIRECTION('center_axis',(0.,-1.,0.));
#6996=DIRECTION('ref_axis',(-1.,0.,-1.97812565634772E-16));
#6997=DIRECTION('center_axis',(0.,1.,0.));
#6998=DIRECTION('ref_axis',(-1.,0.,-1.97812565634772E-16));
#6999=DIRECTION('',(0.,-1.,0.));
#7000=DIRECTION('center_axis',(0.,-1.,0.));
#7001=DIRECTION('ref_axis',(-1.,0.,-1.97812565634772E-16));
#7002=DIRECTION('',(0.,1.,0.));
#7003=DIRECTION('center_axis',(0.,1.,0.));
#7004=DIRECTION('ref_axis',(-1.,0.,-1.97812565634772E-16));
#7005=DIRECTION('center_axis',(0.,1.,0.));
#7006=DIRECTION('ref_axis',(0.,0.,1.));
#7007=DIRECTION('center_axis',(0.,-1.,0.));
#7008=DIRECTION('ref_axis',(-1.,0.,-1.97812565634772E-16));
#7009=DIRECTION('',(0.,-1.,0.));
#7010=DIRECTION('center_axis',(0.,1.,0.));
#7011=DIRECTION('ref_axis',(-1.,0.,-1.97812565634772E-16));
#7012=DIRECTION('',(0.,-1.,0.));
#7013=DIRECTION('center_axis',(0.,-1.,0.));
#7014=DIRECTION('ref_axis',(-1.,0.,-1.97812565634772E-16));
#7015=DIRECTION('',(0.,1.,0.));
#7016=DIRECTION('center_axis',(0.,1.,0.));
#7017=DIRECTION('ref_axis',(-1.,0.,-1.97812565634772E-16));
#7018=DIRECTION('',(0.,-1.,0.));
#7019=DIRECTION('center_axis',(0.,-1.,0.));
#7020=DIRECTION('ref_axis',(-1.,0.,-1.97812565634772E-16));
#7021=DIRECTION('center_axis',(0.,-1.,0.));
#7022=DIRECTION('ref_axis',(-1.,0.,-1.97812565634772E-16));
#7023=DIRECTION('center_axis',(0.,-1.,0.));
#7024=DIRECTION('ref_axis',(-1.,0.,-1.97812565634772E-16));
#7025=DIRECTION('center_axis',(0.,1.,0.));
#7026=DIRECTION('ref_axis',(-1.,0.,-1.97812565634772E-16));
#7027=DIRECTION('center_axis',(0.,-1.,0.));
#7028=DIRECTION('ref_axis',(0.,0.,-1.));
#7029=DIRECTION('center_axis',(0.,-1.,0.));
#7030=DIRECTION('ref_axis',(-1.,0.,-1.97812565634772E-16));
#7031=DIRECTION('',(0.,-1.,0.));
#7032=DIRECTION('center_axis',(0.,-1.,0.));
#7033=DIRECTION('ref_axis',(-1.,0.,-1.97812565634772E-16));
#7034=DIRECTION('',(0.,-1.,0.));
#7035=DIRECTION('center_axis',(0.,1.,0.));
#7036=DIRECTION('ref_axis',(-1.,0.,-1.97812565634772E-16));
#7037=DIRECTION('center_axis',(0.,-1.,0.));
#7038=DIRECTION('ref_axis',(-1.,0.,-1.97812565634772E-16));
#7039=DIRECTION('',(0.,1.,0.));
#7040=DIRECTION('center_axis',(0.,1.,0.));
#7041=DIRECTION('ref_axis',(-1.,0.,-1.97812565634772E-16));
#7042=DIRECTION('center_axis',(0.,-1.,0.));
#7043=DIRECTION('ref_axis',(-1.,0.,-1.97812565634772E-16));
#7044=DIRECTION('center_axis',(0.,1.,0.));
#7045=DIRECTION('ref_axis',(-1.,0.,-1.97812565634772E-16));
#7046=DIRECTION('',(0.,-1.,0.));
#7047=DIRECTION('center_axis',(0.,-1.,0.));
#7048=DIRECTION('ref_axis',(-1.,0.,-1.97812565634772E-16));
#7049=DIRECTION('center_axis',(0.,1.,0.));
#7050=DIRECTION('ref_axis',(0.,0.,1.));
#7051=DIRECTION('center_axis',(0.,-1.,0.));
#7052=DIRECTION('ref_axis',(0.707106781186548,0.,-0.707106781186547));
#7053=DIRECTION('',(0.,-1.,0.));
#7054=DIRECTION('center_axis',(0.,1.,0.));
#7055=DIRECTION('ref_axis',(-1.,0.,-1.97812565634772E-16));
#7056=DIRECTION('',(0.,-1.,0.));
#7057=DIRECTION('center_axis',(0.,-1.,0.));
#7058=DIRECTION('ref_axis',(-1.,0.,-1.97812565634772E-16));
#7059=DIRECTION('',(0.,1.,0.));
#7060=DIRECTION('center_axis',(0.,1.,0.));
#7061=DIRECTION('ref_axis',(-1.,0.,-1.97812565634772E-16));
#7062=DIRECTION('',(0.,-1.,0.));
#7063=DIRECTION('center_axis',(0.,-1.,0.));
#7064=DIRECTION('ref_axis',(-1.,0.,-1.97812565634772E-16));
#7065=DIRECTION('center_axis',(0.,-1.,0.));
#7066=DIRECTION('ref_axis',(-1.,0.,-1.97812565634772E-16));
#7067=DIRECTION('center_axis',(0.,-1.,0.));
#7068=DIRECTION('ref_axis',(-1.,0.,-1.97812565634772E-16));
#7069=DIRECTION('center_axis',(0.,1.,0.));
#7070=DIRECTION('ref_axis',(-1.,0.,-1.97812565634772E-16));
#7071=DIRECTION('center_axis',(0.,1.,0.));
#7072=DIRECTION('ref_axis',(0.,0.,1.));
#7073=DIRECTION('center_axis',(0.,-1.,0.));
#7074=DIRECTION('ref_axis',(-1.,0.,-1.97812565634772E-16));
#7075=DIRECTION('',(0.,1.,0.));
#7076=DIRECTION('center_axis',(0.,1.,0.));
#7077=DIRECTION('ref_axis',(-1.,0.,-1.97812565634772E-16));
#7078=DIRECTION('',(0.,-1.,0.));
#7079=DIRECTION('center_axis',(0.,-1.,0.));
#7080=DIRECTION('ref_axis',(-1.,0.,-1.97812565634772E-16));
#7081=DIRECTION('center_axis',(0.,1.,0.));
#7082=DIRECTION('ref_axis',(-1.,0.,-1.97812565634772E-16));
#7083=DIRECTION('',(0.,-1.,0.));
#7084=DIRECTION('center_axis',(0.,-1.,0.));
#7085=DIRECTION('ref_axis',(-1.,0.,-1.97812565634772E-16));
#7086=DIRECTION('center_axis',(0.,1.,0.));
#7087=DIRECTION('ref_axis',(0.,0.,1.));
#7088=DIRECTION('center_axis',(0.,-1.,0.));
#7089=DIRECTION('ref_axis',(0.,0.,-1.));
#7090=DIRECTION('',(2.46550214784786E-15,0.,-1.));
#7091=DIRECTION('center_axis',(0.,1.,0.));
#7092=DIRECTION('ref_axis',(-1.97812565634772E-16,0.,1.));
#7093=DIRECTION('',(-1.54371374750273E-15,0.,-1.));
#7094=DIRECTION('center_axis',(0.,1.,0.));
#7095=DIRECTION('ref_axis',(1.,0.,1.97812565634772E-16));
#7096=DIRECTION('',(-1.3826057219104E-14,0.,-1.));
#7097=DIRECTION('',(-1.,0.,-1.97812565634772E-16));
#7098=DIRECTION('',(0.,0.,-1.));
#7099=DIRECTION('',(1.,0.,5.74892768876055E-15));
#7100=DIRECTION('',(1.54371374750273E-15,0.,1.));
#7101=DIRECTION('',(-1.,0.,-1.97812565634772E-16));
#7102=DIRECTION('',(0.,0.,-1.));
#7103=DIRECTION('',(1.,0.,1.97812565634772E-16));
#7104=DIRECTION('',(2.46550214784786E-15,0.,-1.));
#7105=DIRECTION('center_axis',(0.,-1.,0.));
#7106=DIRECTION('ref_axis',(0.,0.,-1.));
#7107=DIRECTION('',(-2.46550214784786E-15,0.,1.));
#7108=DIRECTION('',(-1.,0.,-1.97812565634772E-16));
#7109=DIRECTION('',(0.,0.,1.));
#7110=DIRECTION('center_axis',(0.,-1.,0.));
#7111=DIRECTION('ref_axis',(0.,0.,-1.));
#7112=DIRECTION('',(0.,0.,1.));
#7113=DIRECTION('',(1.,0.,1.97812565634772E-16));
#7114=DIRECTION('',(-1.54371374750273E-15,0.,-1.));
#7115=DIRECTION('',(-1.,0.,-5.74892768876055E-15));
#7116=DIRECTION('',(0.,0.,1.));
#7117=DIRECTION('',(1.,0.,1.97812565634772E-16));
#7118=DIRECTION('',(1.3826057219104E-14,0.,1.));
#7119=DIRECTION('center_axis',(0.,-1.,0.));
#7120=DIRECTION('ref_axis',(1.,0.,1.97812565634772E-16));
#7121=DIRECTION('',(1.54371374750273E-15,0.,1.));
#7122=DIRECTION('center_axis',(0.,-1.,0.));
#7123=DIRECTION('ref_axis',(-1.97812565634772E-16,0.,1.));
#7124=DIRECTION('',(-2.46550214784786E-15,0.,1.));
#7125=DIRECTION('center_axis',(1.,0.,2.46550214784786E-15));
#7126=DIRECTION('ref_axis',(-2.46550214784786E-15,0.,1.));
#7127=DIRECTION('',(0.,-1.,0.));
#7128=DIRECTION('center_axis',(1.,0.,-1.02986776012438E-16));
#7129=DIRECTION('ref_axis',(1.02986776012438E-16,0.,1.));
#7130=DIRECTION('',(-1.02986776012438E-16,0.,-1.));
#7131=DIRECTION('',(0.,-1.,0.));
#7132=DIRECTION('',(1.02986776012438E-16,0.,1.));
#7133=DIRECTION('center_axis',(0.,-1.,0.));
#7134=DIRECTION('ref_axis',(0.,0.,-1.));
#7135=DIRECTION('',(-1.,0.,0.));
#7136=DIRECTION('',(-1.97812565634772E-16,0.,1.));
#7137=DIRECTION('',(-1.,0.,-6.1588881631685E-17));
#7138=DIRECTION('center_axis',(0.,-1.,0.));
#7139=DIRECTION('ref_axis',(0.,0.,-1.));
#7140=DIRECTION('',(0.,0.,1.));
#7141=DIRECTION('',(-1.,0.,0.));
#7142=DIRECTION('center_axis',(7.40148683083438E-17,1.,0.));
#7143=DIRECTION('ref_axis',(0.,0.,1.));
#7144=DIRECTION('',(0.,0.,-1.));
#7145=DIRECTION('',(1.,0.,1.97812565634772E-16));
#7146=DIRECTION('',(1.,0.,6.1588881631685E-17));
#7147=DIRECTION('',(1.97812565634772E-16,0.,-1.));
#7148=DIRECTION('',(1.,-7.40148683083438E-17,0.));
#7149=DIRECTION('center_axis',(0.,-1.,0.));
#7150=DIRECTION('ref_axis',(0.,0.,-1.));
#7151=DIRECTION('',(1.97812565634772E-16,0.,-1.));
#7152=DIRECTION('',(1.,0.,1.97812565634772E-16));
#7153=DIRECTION('',(0.,0.,-1.));
#7154=DIRECTION('center_axis',(0.,-1.,0.));
#7155=DIRECTION('ref_axis',(0.,0.,-1.));
#7156=DIRECTION('',(0.,0.,-1.));
#7157=DIRECTION('',(1.,0.,0.));
#7158=DIRECTION('center_axis',(-1.,0.,-1.97812565634772E-16));
#7159=DIRECTION('ref_axis',(1.97812565634772E-16,0.,-1.));
#7160=DIRECTION('',(-1.97812565634772E-16,0.,1.));
#7161=DIRECTION('',(0.,-1.,0.));
#7162=DIRECTION('center_axis',(0.,1.,0.));
#7163=DIRECTION('ref_axis',(0.,0.,1.));
#7164=DIRECTION('',(0.,0.,1.));
#7165=DIRECTION('',(1.,0.,0.));
#7166=DIRECTION('',(1.97812565634772E-16,0.,-1.));
#7167=DIRECTION('',(-1.,0.,2.78970328376031E-16));
#7168=DIRECTION('',(1.97812565634772E-16,0.,-1.));
#7169=DIRECTION('',(-1.,0.,-1.97812565634772E-16));
#7170=DIRECTION('center_axis',(-1.,0.,-1.97812565634772E-16));
#7171=DIRECTION('ref_axis',(1.97812565634772E-16,0.,-1.));
#7172=DIRECTION('',(1.97812565634772E-16,0.,-1.));
#7173=DIRECTION('',(0.,-1.,0.));
#7174=DIRECTION('center_axis',(0.,-1.,0.));
#7175=DIRECTION('ref_axis',(0.,0.,-1.));
#7176=DIRECTION('',(-1.,0.,0.));
#7177=DIRECTION('',(0.,0.,-1.));
#7178=DIRECTION('center_axis',(0.,-1.,0.));
#7179=DIRECTION('ref_axis',(0.,0.,-1.));
#7180=DIRECTION('',(0.,0.,-1.));
#7181=DIRECTION('',(-1.,0.,-1.97812565634772E-16));
#7182=DIRECTION('center_axis',(0.,-1.,0.));
#7183=DIRECTION('ref_axis',(0.,0.,-1.));
#7184=DIRECTION('',(7.56413813172373E-17,0.,1.));
#7185=DIRECTION('',(1.,0.,1.97812565634772E-16));
#7186=DIRECTION('',(0.,0.,-1.));
#7187=DIRECTION('',(-1.,0.,0.));
#7188=DIRECTION('',(-1.97812565634772E-16,0.,1.));
#7189=DIRECTION('',(1.,0.,1.97812565634772E-16));
#7190=DIRECTION('center_axis',(0.,-1.,0.));
#7191=DIRECTION('ref_axis',(0.,0.,-1.));
#7192=DIRECTION('',(1.,0.,0.));
#7193=DIRECTION('',(0.,0.,1.));
#7194=DIRECTION('center_axis',(0.,-1.,0.));
#7195=DIRECTION('ref_axis',(0.,0.,-1.));
#7196=DIRECTION('',(1.,0.,1.97812565634772E-16));
#7197=DIRECTION('',(-1.97812565634772E-16,0.,1.));
#7198=DIRECTION('',(1.,0.,0.));
#7199=DIRECTION('center_axis',(0.,-1.,0.));
#7200=DIRECTION('ref_axis',(0.,0.,-1.));
#7201=DIRECTION('',(0.,0.,1.));
#7202=DIRECTION('',(1.,0.,1.97812565634772E-16));
#7203=DIRECTION('',(7.56413813172373E-17,0.,1.));
#7204=DIRECTION('center_axis',(0.,-1.,0.));
#7205=DIRECTION('ref_axis',(0.,0.,-1.));
#7206=DIRECTION('',(0.,0.,-1.));
#7207=DIRECTION('',(-1.,0.,-1.97812565634772E-16));
#7208=DIRECTION('',(-1.97812565634772E-16,0.,1.));
#7209=DIRECTION('',(1.,0.,5.74892768876055E-15));
#7210=DIRECTION('',(0.,0.,-1.));
#7211=DIRECTION('',(-1.,0.,-1.97812565634772E-16));
#7212=DIRECTION('',(-1.3826057219104E-14,0.,-1.));
#7213=DIRECTION('center_axis',(0.,-1.,0.));
#7214=DIRECTION('ref_axis',(1.,0.,1.97812565634772E-16));
#7215=DIRECTION('',(1.97812565634772E-16,0.,-1.));
#7216=DIRECTION('center_axis',(0.,-1.,0.));
#7217=DIRECTION('ref_axis',(-1.97812565634772E-16,0.,1.));
#7218=DIRECTION('',(2.46550214784786E-15,0.,-1.));
#7219=DIRECTION('center_axis',(0.,-1.,0.));
#7220=DIRECTION('ref_axis',(0.,0.,-1.));
#7221=DIRECTION('',(0.,0.,1.));
#7222=DIRECTION('',(1.,0.,1.97812565634772E-16));
#7223=DIRECTION('',(2.46550214784786E-15,0.,-1.));
#7224=DIRECTION('',(2.46550214784786E-15,0.,-1.));
#7225=DIRECTION('center_axis',(0.,-1.,0.));
#7226=DIRECTION('ref_axis',(-1.97812565634772E-16,0.,1.));
#7227=DIRECTION('',(1.97812565634772E-16,0.,-1.));
#7228=DIRECTION('center_axis',(0.,-1.,0.));
#7229=DIRECTION('ref_axis',(1.,0.,1.97812565634772E-16));
#7230=DIRECTION('',(-1.3826057219104E-14,0.,-1.));
#7231=DIRECTION('',(-1.,0.,-1.97812565634772E-16));
#7232=DIRECTION('',(0.,0.,1.));
#7233=DIRECTION('',(1.,0.,5.74892768876055E-15));
#7234=DIRECTION('',(-1.97812565634772E-16,0.,1.));
#7235=DIRECTION('',(-1.,0.,-1.97812565634772E-16));
#7236=DIRECTION('center_axis',(-1.,0.,-2.46550214784786E-15));
#7237=DIRECTION('ref_axis',(2.46550214784786E-15,0.,-1.));
#7238=DIRECTION('',(0.,-1.,0.));
#7239=DIRECTION('center_axis',(-1.,0.,-2.46550214784786E-15));
#7240=DIRECTION('ref_axis',(2.46550214784786E-15,0.,-1.));
#7241=DIRECTION('',(0.,-1.,0.));
#7242=DIRECTION('',(2.46550214784786E-15,0.,-1.));
#7243=DIRECTION('center_axis',(-1.,0.,-1.97812565634772E-16));
#7244=DIRECTION('ref_axis',(1.97812565634772E-16,0.,-1.));
#7245=DIRECTION('',(-1.97812565634772E-16,0.,1.));
#7246=DIRECTION('',(0.,-1.,0.));
#7247=DIRECTION('',(1.97812565634772E-16,0.,-1.));
#7248=DIRECTION('',(0.,-1.,0.));
#7249=DIRECTION('center_axis',(1.97812565634772E-16,0.,-1.));
#7250=DIRECTION('ref_axis',(1.,0.,1.97812565634772E-16));
#7251=DIRECTION('',(-1.,0.,-1.97812565634772E-16));
#7252=DIRECTION('',(0.,1.,0.));
#7253=DIRECTION('center_axis',(1.97812565634772E-16,0.,-1.));
#7254=DIRECTION('ref_axis',(1.,0.,1.97812565634772E-16));
#7255=DIRECTION('',(1.,0.,1.97812565634772E-16));
#7256=DIRECTION('',(-1.,0.,-1.97812565634772E-16));
#7257=DIRECTION('center_axis',(0.,1.,0.));
#7258=DIRECTION('ref_axis',(0.,0.,1.));
#7259=DIRECTION('',(-1.,0.,0.));
#7260=DIRECTION('',(0.,0.,1.));
#7261=DIRECTION('center_axis',(0.,-1.,0.));
#7262=DIRECTION('ref_axis',(0.,0.,-1.));
#7263=DIRECTION('',(1.,0.,0.));
#7264=DIRECTION('center_axis',(1.,0.,-7.56413813172373E-17));
#7265=DIRECTION('ref_axis',(7.56413813172373E-17,0.,1.));
#7266=DIRECTION('',(0.,-1.,0.));
#7267=DIRECTION('center_axis',(1.97812565634772E-16,0.,-1.));
#7268=DIRECTION('ref_axis',(1.,0.,1.97812565634772E-16));
#7269=DIRECTION('',(0.,-1.,0.));
#7270=DIRECTION('center_axis',(1.,0.,1.97812565634772E-16));
#7271=DIRECTION('ref_axis',(-1.97812565634772E-16,0.,1.));
#7272=DIRECTION('',(0.,1.,0.));
#7273=DIRECTION('',(0.,-1.,0.));
#7274=DIRECTION('center_axis',(1.97812565634772E-16,0.,-1.));
#7275=DIRECTION('ref_axis',(1.,0.,1.97812565634772E-16));
#7276=DIRECTION('center_axis',(-5.74892768876055E-15,0.,1.));
#7277=DIRECTION('ref_axis',(-1.,0.,-5.74892768876055E-15));
#7278=DIRECTION('',(0.,1.,0.));
#7279=DIRECTION('',(0.,-1.,0.));
#7280=DIRECTION('center_axis',(-1.,0.,1.54371374750273E-15));
#7281=DIRECTION('ref_axis',(-1.54371374750273E-15,0.,-1.));
#7282=DIRECTION('',(0.,-1.,0.));
#7283=DIRECTION('center_axis',(1.97812565634772E-16,0.,-1.));
#7284=DIRECTION('ref_axis',(1.,0.,1.97812565634772E-16));
#7285=DIRECTION('',(0.,-1.,0.));
#7286=DIRECTION('center_axis',(-1.97812565634772E-16,0.,1.));
#7287=DIRECTION('ref_axis',(-1.,0.,-1.97812565634772E-16));
#7288=DIRECTION('',(0.,1.,0.));
#7289=DIRECTION('center_axis',(1.,0.,2.46550214784786E-15));
#7290=DIRECTION('ref_axis',(-2.46550214784786E-15,0.,1.));
#7291=DIRECTION('',(0.,-1.,0.));
#7292=DIRECTION('center_axis',(0.,-1.,0.));
#7293=DIRECTION('ref_axis',(-1.97812565634772E-16,0.,1.));
#7294=DIRECTION('',(0.,-1.,0.));
#7295=DIRECTION('center_axis',(1.,0.,-1.54371374750273E-15));
#7296=DIRECTION('ref_axis',(1.54371374750273E-15,0.,1.));
#7297=DIRECTION('',(0.,-1.,0.));
#7298=DIRECTION('center_axis',(0.,-1.,0.));
#7299=DIRECTION('ref_axis',(1.,0.,1.97812565634772E-16));
#7300=DIRECTION('',(0.,-1.,0.));
#7301=DIRECTION('center_axis',(1.,0.,-1.3826057219104E-14));
#7302=DIRECTION('ref_axis',(1.3826057219104E-14,0.,1.));
#7303=DIRECTION('',(0.,-1.,0.));
#7304=DIRECTION('center_axis',(1.97812565634772E-16,0.,-1.));
#7305=DIRECTION('ref_axis',(1.,0.,1.97812565634772E-16));
#7306=DIRECTION('',(0.,-1.,0.));
#7307=DIRECTION('center_axis',(5.74892768876055E-15,0.,-1.));
#7308=DIRECTION('ref_axis',(1.,0.,5.74892768876055E-15));
#7309=DIRECTION('',(0.,1.,0.));
#7310=DIRECTION('',(0.,-1.,0.));
#7311=DIRECTION('center_axis',(1.,0.,1.97812565634772E-16));
#7312=DIRECTION('ref_axis',(-1.97812565634772E-16,0.,1.));
#7313=DIRECTION('',(0.,-1.,0.));
#7314=DIRECTION('center_axis',(-1.97812565634772E-16,0.,1.));
#7315=DIRECTION('ref_axis',(-1.,0.,-1.97812565634772E-16));
#7316=DIRECTION('',(0.,-1.,0.));
#7317=DIRECTION('center_axis',(1.97812565634772E-16,0.,-1.));
#7318=DIRECTION('ref_axis',(1.,0.,1.97812565634772E-16));
#7319=DIRECTION('',(0.,1.,0.));
#7320=DIRECTION('',(1.,0.,1.97812565634772E-16));
#7321=DIRECTION('center_axis',(0.,-1.,0.));
#7322=DIRECTION('ref_axis',(-1.97812565634772E-16,0.,1.));
#7323=DIRECTION('',(0.,-1.,0.));
#7324=DIRECTION('center_axis',(-1.,0.,-1.97812565634772E-16));
#7325=DIRECTION('ref_axis',(1.97812565634772E-16,0.,-1.));
#7326=DIRECTION('',(0.,-1.,0.));
#7327=DIRECTION('center_axis',(0.,-1.,0.));
#7328=DIRECTION('ref_axis',(1.,0.,1.97812565634772E-16));
#7329=DIRECTION('',(0.,-1.,0.));
#7330=DIRECTION('center_axis',(-1.,0.,1.3826057219104E-14));
#7331=DIRECTION('ref_axis',(-1.3826057219104E-14,0.,-1.));
#7332=DIRECTION('',(0.,-1.,0.));
#7333=DIRECTION('center_axis',(-1.97812565634772E-16,0.,1.));
#7334=DIRECTION('ref_axis',(-1.,0.,-1.97812565634772E-16));
#7335=DIRECTION('',(0.,-1.,0.));
#7336=DIRECTION('center_axis',(0.,-1.,0.));
#7337=DIRECTION('ref_axis',(0.,0.,-1.));
#7338=DIRECTION('',(0.,0.,-1.));
#7339=DIRECTION('center_axis',(-1.,0.,-1.42216823503735E-14));
#7340=DIRECTION('ref_axis',(1.42216823503735E-14,0.,-1.));
#7341=DIRECTION('',(1.42216823503735E-14,0.,-1.));
#7342=DIRECTION('',(0.,-1.,0.));
#7343=DIRECTION('',(1.42216823503735E-14,0.,-1.));
#7344=DIRECTION('',(0.,-1.,0.));
#7345=DIRECTION('center_axis',(0.,-1.,0.));
#7346=DIRECTION('ref_axis',(-1.97812565634772E-16,0.,1.));
#7347=DIRECTION('center_axis',(0.,-1.,0.));
#7348=DIRECTION('ref_axis',(-1.97812565634772E-16,0.,1.));
#7349=DIRECTION('center_axis',(0.,-1.,0.));
#7350=DIRECTION('ref_axis',(-1.97812565634772E-16,0.,1.));
#7351=DIRECTION('',(0.,-1.,0.));
#7352=DIRECTION('center_axis',(-1.,0.,-1.97812565634772E-16));
#7353=DIRECTION('ref_axis',(1.97812565634772E-16,0.,-1.));
#7354=DIRECTION('',(1.97812565634772E-16,0.,-1.));
#7355=DIRECTION('',(1.97812565634772E-16,0.,-1.));
#7356=DIRECTION('',(0.,-1.,0.));
#7357=DIRECTION('center_axis',(0.,-1.,0.));
#7358=DIRECTION('ref_axis',(1.,0.,1.97812565634772E-16));
#7359=DIRECTION('center_axis',(0.,-1.,0.));
#7360=DIRECTION('ref_axis',(1.,0.,1.97812565634772E-16));
#7361=DIRECTION('center_axis',(0.,-1.,0.));
#7362=DIRECTION('ref_axis',(1.,0.,1.97812565634772E-16));
#7363=DIRECTION('',(0.,-1.,0.));
#7364=DIRECTION('center_axis',(-1.,0.,2.82577354398268E-15));
#7365=DIRECTION('ref_axis',(-2.82577354398268E-15,0.,-1.));
#7366=DIRECTION('',(-2.82577354398268E-15,0.,-1.));
#7367=DIRECTION('',(-2.82577354398268E-15,0.,-1.));
#7368=DIRECTION('',(0.,-1.,0.));
#7369=DIRECTION('center_axis',(-1.97812565634772E-16,0.,1.));
#7370=DIRECTION('ref_axis',(-1.,0.,-1.97812565634772E-16));
#7371=DIRECTION('',(-1.,0.,-1.97812565634772E-16));
#7372=DIRECTION('',(-1.,0.,-1.97812565634772E-16));
#7373=DIRECTION('',(0.,-1.,0.));
#7374=DIRECTION('center_axis',(1.97812565634772E-16,0.,-1.));
#7375=DIRECTION('ref_axis',(1.,0.,1.97812565634772E-16));
#7376=DIRECTION('',(1.,0.,1.97812565634772E-16));
#7377=DIRECTION('',(0.,1.,0.));
#7378=DIRECTION('',(1.,0.,1.97812565634772E-16));
#7379=DIRECTION('',(0.,-1.,0.));
#7380=DIRECTION('center_axis',(1.,0.,1.97812565634772E-16));
#7381=DIRECTION('ref_axis',(-1.97812565634772E-16,0.,1.));
#7382=DIRECTION('',(-1.97812565634772E-16,0.,1.));
#7383=DIRECTION('',(-1.97812565634772E-16,0.,1.));
#7384=DIRECTION('',(0.,-1.,0.));
#7385=DIRECTION('center_axis',(5.35330255749101E-15,0.,1.));
#7386=DIRECTION('ref_axis',(-1.,0.,5.35330255749101E-15));
#7387=DIRECTION('',(-1.,0.,5.35330255749101E-15));
#7388=DIRECTION('',(-1.,0.,5.35330255749101E-15));
#7389=DIRECTION('',(0.,-1.,0.));
#7390=DIRECTION('center_axis',(1.97812565634772E-16,0.,-1.));
#7391=DIRECTION('ref_axis',(1.,0.,1.97812565634772E-16));
#7392=DIRECTION('',(1.,0.,1.97812565634772E-16));
#7393=DIRECTION('',(0.,1.,0.));
#7394=DIRECTION('',(1.,0.,1.97812565634772E-16));
#7395=DIRECTION('center_axis',(0.,1.,0.));
#7396=DIRECTION('ref_axis',(0.,0.,1.));
#7397=DIRECTION('',(0.,0.,-1.));
#7398=DIRECTION('',(0.,0.,-1.));
#7399=DIRECTION('center_axis',(0.,1.,0.));
#7400=DIRECTION('ref_axis',(0.,0.,1.));
#7401=DIRECTION('',(0.,0.,1.));
#7402=DIRECTION('',(0.,0.,1.));
#7403=DIRECTION('center_axis',(1.,0.,9.54705908879392E-15));
#7404=DIRECTION('ref_axis',(-9.54705908879392E-15,0.,1.));
#7405=DIRECTION('',(-9.54705908879392E-15,0.,1.));
#7406=DIRECTION('',(0.,-1.,0.));
#7407=DIRECTION('',(-9.54705908879392E-15,0.,1.));
#7408=DIRECTION('',(0.,-1.,0.));
#7409=DIRECTION('center_axis',(0.,-1.,0.));
#7410=DIRECTION('ref_axis',(1.97812565634772E-16,0.,-1.));
#7411=DIRECTION('center_axis',(0.,-1.,0.));
#7412=DIRECTION('ref_axis',(1.97812565634772E-16,0.,-1.));
#7413=DIRECTION('center_axis',(0.,-1.,0.));
#7414=DIRECTION('ref_axis',(1.97812565634772E-16,0.,-1.));
#7415=DIRECTION('',(0.,-1.,0.));
#7416=DIRECTION('center_axis',(1.,0.,1.97812565634772E-16));
#7417=DIRECTION('ref_axis',(-1.97812565634772E-16,0.,1.));
#7418=DIRECTION('',(-1.97812565634772E-16,0.,1.));
#7419=DIRECTION('',(-1.97812565634772E-16,0.,1.));
#7420=DIRECTION('',(0.,-1.,0.));
#7421=DIRECTION('center_axis',(0.,-1.,0.));
#7422=DIRECTION('ref_axis',(-1.,0.,-1.97812565634772E-16));
#7423=DIRECTION('center_axis',(0.,-1.,0.));
#7424=DIRECTION('ref_axis',(-1.,0.,-1.97812565634772E-16));
#7425=DIRECTION('center_axis',(0.,-1.,0.));
#7426=DIRECTION('ref_axis',(-1.,0.,-1.97812565634772E-16));
#7427=DIRECTION('',(0.,-1.,0.));
#7428=DIRECTION('center_axis',(1.,0.,-2.82577354398268E-15));
#7429=DIRECTION('ref_axis',(2.82577354398268E-15,0.,1.));
#7430=DIRECTION('',(2.82577354398268E-15,0.,1.));
#7431=DIRECTION('',(2.82577354398268E-15,0.,1.));
#7432=DIRECTION('',(0.,-1.,0.));
#7433=DIRECTION('center_axis',(1.97812565634772E-16,0.,-1.));
#7434=DIRECTION('ref_axis',(1.,0.,1.97812565634772E-16));
#7435=DIRECTION('',(1.,0.,1.97812565634772E-16));
#7436=DIRECTION('',(1.,0.,1.97812565634772E-16));
#7437=DIRECTION('',(0.,-1.,0.));
#7438=DIRECTION('center_axis',(-1.97812565634772E-16,0.,1.));
#7439=DIRECTION('ref_axis',(-1.,0.,-1.97812565634772E-16));
#7440=DIRECTION('',(-1.,0.,-1.97812565634772E-16));
#7441=DIRECTION('',(0.,1.,0.));
#7442=DIRECTION('',(-1.,0.,-1.97812565634772E-16));
#7443=DIRECTION('',(0.,-1.,0.));
#7444=DIRECTION('center_axis',(-1.,0.,-1.97812565634772E-16));
#7445=DIRECTION('ref_axis',(1.97812565634772E-16,0.,-1.));
#7446=DIRECTION('',(1.97812565634772E-16,0.,-1.));
#7447=DIRECTION('',(1.97812565634772E-16,0.,-1.));
#7448=DIRECTION('',(0.,-1.,0.));
#7449=DIRECTION('center_axis',(1.97812565634772E-16,0.,-1.));
#7450=DIRECTION('ref_axis',(1.,0.,1.97812565634772E-16));
#7451=DIRECTION('',(1.,0.,1.97812565634772E-16));
#7452=DIRECTION('',(1.,0.,1.97812565634772E-16));
#7453=DIRECTION('',(0.,-1.,0.));
#7454=DIRECTION('center_axis',(-1.97812565634772E-16,0.,1.));
#7455=DIRECTION('ref_axis',(-1.,0.,-1.97812565634772E-16));
#7456=DIRECTION('',(-1.,0.,-1.97812565634772E-16));
#7457=DIRECTION('',(0.,1.,0.));
#7458=DIRECTION('',(-1.,0.,-1.97812565634772E-16));
#7459=DIRECTION('center_axis',(0.,1.,0.));
#7460=DIRECTION('ref_axis',(0.,0.,1.));
#7461=DIRECTION('',(0.,0.,1.));
#7462=DIRECTION('',(0.,0.,1.));
#7463=DIRECTION('center_axis',(0.,1.,0.));
#7464=DIRECTION('ref_axis',(0.,0.,1.));
#7465=DIRECTION('',(0.,0.,-1.));
#7466=DIRECTION('',(0.,0.,-1.));
#7467=DIRECTION('center_axis',(-1.97812565634772E-16,0.,1.));
#7468=DIRECTION('ref_axis',(-1.,0.,-1.97812565634772E-16));
#7469=DIRECTION('',(0.,-1.,0.));
#7470=DIRECTION('center_axis',(-1.,0.,-1.97812565634772E-16));
#7471=DIRECTION('ref_axis',(1.97812565634772E-16,0.,-1.));
#7472=DIRECTION('',(0.,1.,0.));
#7473=DIRECTION('',(1.97812565634772E-16,0.,-1.));
#7474=DIRECTION('',(0.,-1.,0.));
#7475=DIRECTION('center_axis',(2.78970328376031E-16,0.,1.));
#7476=DIRECTION('ref_axis',(-1.,0.,2.78970328376031E-16));
#7477=DIRECTION('',(-1.,0.,2.78970328376031E-16));
#7478=DIRECTION('center_axis',(0.,-1.,0.));
#7479=DIRECTION('ref_axis',(0.,0.,-1.));
#7480=DIRECTION('',(-1.,0.,0.));
#7481=DIRECTION('center_axis',(1.,0.,1.97812565634772E-16));
#7482=DIRECTION('ref_axis',(-1.97812565634772E-16,0.,1.));
#7483=DIRECTION('',(0.,-1.,0.));
#7484=DIRECTION('',(0.,-1.,0.));
#7485=DIRECTION('center_axis',(-1.97812565634772E-16,0.,1.));
#7486=DIRECTION('ref_axis',(-1.,0.,-1.97812565634772E-16));
#7487=DIRECTION('',(0.,1.,0.));
#7488=DIRECTION('',(-1.,0.,-1.97812565634772E-16));
#7489=DIRECTION('center_axis',(-6.1588881631685E-17,0.,1.));
#7490=DIRECTION('ref_axis',(-1.,0.,-6.1588881631685E-17));
#7491=DIRECTION('center_axis',(0.,-1.,0.));
#7492=DIRECTION('ref_axis',(0.,0.,-1.));
#7493=DIRECTION('',(0.,0.,1.));
#7494=DIRECTION('center_axis',(0.,0.,-1.));
#7495=DIRECTION('ref_axis',(-1.,0.,0.));
#7496=DIRECTION('',(0.,-1.,0.));
#7497=DIRECTION('',(0.,-1.,0.));
#7498=DIRECTION('',(1.,0.,0.));
#7499=DIRECTION('',(0.,-1.,0.));
#7500=DIRECTION('',(1.,0.,0.));
#7501=DIRECTION('',(0.,-1.,0.));
#7502=DIRECTION('',(1.,0.,0.));
#7503=DIRECTION('',(0.,1.,0.));
#7504=DIRECTION('',(1.,0.,0.));
#7505=DIRECTION('',(0.,-1.,0.));
#7506=DIRECTION('',(-1.,-1.47701511036606E-16,0.));
#7507=DIRECTION('',(7.40148683083438E-16,-1.,0.));
#7508=DIRECTION('',(-1.,-7.65671051465625E-16,0.));
#7509=DIRECTION('',(0.,1.,0.));
#7510=DIRECTION('',(-1.,-1.47701511036606E-16,0.));
#7511=DIRECTION('',(0.,-1.,0.));
#7512=DIRECTION('',(-1.,0.,0.));
#7513=DIRECTION('',(0.,1.,0.));
#7514=DIRECTION('',(-1.,-1.47701511036606E-16,0.));
#7515=DIRECTION('',(0.,1.,0.));
#7516=DIRECTION('',(1.,-7.8739221604621E-17,0.));
#7517=DIRECTION('',(0.,-1.,0.));
#7518=DIRECTION('',(1.,0.,0.));
#7519=DIRECTION('',(0.,1.,0.));
#7520=DIRECTION('',(1.,0.,0.));
#7521=DIRECTION('',(0.,1.,0.));
#7522=DIRECTION('',(1.,0.,0.));
#7523=DIRECTION('',(0.,1.,0.));
#7524=DIRECTION('',(0.,-1.,0.));
#7525=DIRECTION('',(0.,1.,0.));
#7526=DIRECTION('',(1.,0.,0.));
#7527=DIRECTION('',(0.,-1.,0.));
#7528=DIRECTION('center_axis',(-1.,0.,0.));
#7529=DIRECTION('ref_axis',(0.,0.,1.));
#7530=DIRECTION('',(0.,-1.,0.));
#7531=DIRECTION('',(-5.70272844483382E-32,-1.24561607640871E-16,1.));
#7532=DIRECTION('',(0.,-1.,0.));
#7533=DIRECTION('',(0.,-1.,0.));
#7534=DIRECTION('',(0.,-1.,0.));
#7535=DIRECTION('',(0.,0.,-1.));
#7536=DIRECTION('',(0.,-1.,0.));
#7537=DIRECTION('center_axis',(0.,-1.,0.));
#7538=DIRECTION('ref_axis',(-0.70710678118654,0.,-0.707106781186555));
#7539=DIRECTION('',(0.,1.,0.));
#7540=DIRECTION('center_axis',(-1.47701511036606E-16,1.,0.));
#7541=DIRECTION('ref_axis',(-0.70710678118654,0.,-0.707106781186555));
#7542=DIRECTION('',(0.,-1.,0.));
#7543=DIRECTION('center_axis',(-0.707106781186555,0.70710678118654,0.));
#7544=DIRECTION('ref_axis',(0.70710678118654,0.707106781186555,0.));
#7545=DIRECTION('center_axis',(1.,-7.65671051465625E-16,0.));
#7546=DIRECTION('ref_axis',(0.,-0.707106781186556,-0.707106781186539));
#7547=DIRECTION('',(-1.,7.65671051465625E-16,0.));
#7548=DIRECTION('',(1.,-7.65671051465625E-16,0.));
#7549=DIRECTION('center_axis',(-0.707106781186555,-0.70710678118654,0.));
#7550=DIRECTION('ref_axis',(-0.70710678118654,0.707106781186555,0.));
#7551=DIRECTION('center_axis',(-7.40148683083438E-16,1.,0.));
#7552=DIRECTION('ref_axis',(0.707106781186556,0.,-0.707106781186539));
#7553=DIRECTION('',(-7.40148683083438E-16,1.,0.));
#7554=DIRECTION('center_axis',(-1.47701511036606E-16,1.,0.));
#7555=DIRECTION('ref_axis',(0.707106781186556,0.,-0.707106781186539));
#7556=DIRECTION('',(7.40148683083438E-16,-1.,0.));
#7557=DIRECTION('center_axis',(1.,0.,0.));
#7558=DIRECTION('ref_axis',(0.,1.,0.));
#7559=DIRECTION('',(0.,0.,1.));
#7560=DIRECTION('',(6.27644827966356E-16,-0.84799830400509,-0.529998940003177));
#7561=DIRECTION('',(0.,0.,1.));
#7562=DIRECTION('',(0.,1.,0.));
#7563=DIRECTION('',(0.,0.,1.));
#7564=DIRECTION('center_axis',(7.65671051465625E-16,1.,0.));
#7565=DIRECTION('ref_axis',(-1.,7.65671051465625E-16,0.));
#7566=DIRECTION('',(0.,0.,1.));
#7567=DIRECTION('',(-1.,7.65671051465625E-16,0.));
#7568=DIRECTION('center_axis',(-1.,-7.40148683083438E-16,0.));
#7569=DIRECTION('ref_axis',(7.40148683083438E-16,-1.,0.));
#7570=DIRECTION('',(0.,0.,-1.));
#7571=DIRECTION('',(7.40148683083438E-16,-1.,0.));
#7572=DIRECTION('',(0.,0.,1.));
#7573=DIRECTION('',(6.27644827966356E-16,-0.84799830400509,-0.529998940003177));
#7574=DIRECTION('center_axis',(0.,-1.,0.));
#7575=DIRECTION('ref_axis',(-0.70710678118654,0.,-0.707106781186555));
#7576=DIRECTION('',(0.,1.,0.));
#7577=DIRECTION('center_axis',(-1.47701511036606E-16,1.,0.));
#7578=DIRECTION('ref_axis',(-0.70710678118654,0.,-0.707106781186555));
#7579=DIRECTION('',(0.,-1.,0.));
#7580=DIRECTION('center_axis',(-0.707106781186548,0.707106781186548,0.));
#7581=DIRECTION('ref_axis',(0.707106781186547,0.707106781186547,0.));
#7582=DIRECTION('center_axis',(1.,0.,0.));
#7583=DIRECTION('ref_axis',(0.,-0.707106781186556,-0.707106781186539));
#7584=DIRECTION('',(-1.,0.,0.));
#7585=DIRECTION('',(1.,0.,0.));
#7586=DIRECTION('center_axis',(-0.707106781186548,-0.707106781186548,0.));
#7587=DIRECTION('ref_axis',(-0.707106781186548,0.707106781186548,0.));
#7588=DIRECTION('center_axis',(0.,1.,0.));
#7589=DIRECTION('ref_axis',(0.70710678118654,0.,-0.707106781186555));
#7590=DIRECTION('',(0.,1.,0.));
#7591=DIRECTION('center_axis',(-1.47701511036606E-16,1.,0.));
#7592=DIRECTION('ref_axis',(0.70710678118654,0.,-0.707106781186555));
#7593=DIRECTION('',(0.,-1.,0.));
#7594=DIRECTION('center_axis',(1.,0.,0.));
#7595=DIRECTION('ref_axis',(0.,1.,0.));
#7596=DIRECTION('',(0.,0.,1.));
#7597=DIRECTION('',(0.,-0.847998304005091,-0.529998940003175));
#7598=DIRECTION('',(0.,0.,1.));
#7599=DIRECTION('',(0.,1.,0.));
#7600=DIRECTION('',(0.,0.,1.));
#7601=DIRECTION('center_axis',(0.,1.,0.));
#7602=DIRECTION('ref_axis',(-1.,0.,0.));
#7603=DIRECTION('',(0.,0.,1.));
#7604=DIRECTION('',(-1.,0.,0.));
#7605=DIRECTION('center_axis',(-1.,0.,0.));
#7606=DIRECTION('ref_axis',(0.,-1.,0.));
#7607=DIRECTION('',(0.,0.,-1.));
#7608=DIRECTION('',(0.,-1.,0.));
#7609=DIRECTION('',(0.,0.,-1.));
#7610=DIRECTION('',(0.,0.847998304005091,0.529998940003175));
#7611=DIRECTION('center_axis',(0.,-1.,0.));
#7612=DIRECTION('ref_axis',(0.,0.,-1.));
#7613=DIRECTION('',(1.,0.,0.));
#7614=DIRECTION('',(-1.,0.,0.));
#7615=DIRECTION('center_axis',(0.,0.529998940003175,-0.847998304005091));
#7616=DIRECTION('ref_axis',(0.,0.847998304005091,0.529998940003175));
#7617=DIRECTION('center_axis',(-4.058048456679E-16,0.529998940003177,-0.84799830400509));
#7618=DIRECTION('ref_axis',(6.27644827966356E-16,-0.84799830400509,-0.529998940003177));
#7619=DIRECTION('',(-1.,-7.65671051465625E-16,0.));
#7620=DIRECTION('center_axis',(7.65671051465625E-16,-1.,0.));
#7621=DIRECTION('ref_axis',(0.,0.,1.));
#7622=DIRECTION('',(-1.,-7.65671051465625E-16,0.));
#7623=DIRECTION('center_axis',(1.47701511036606E-16,-1.,0.));
#7624=DIRECTION('ref_axis',(1.,1.47701511036606E-16,0.));
#7625=DIRECTION('',(1.,1.47701511036606E-16,0.));
#7626=DIRECTION('center_axis',(-1.47701511036606E-16,1.,0.));
#7627=DIRECTION('ref_axis',(0.707106781186561,0.,-0.707106781186534));
#7628=DIRECTION('',(0.,0.,1.));
#7629=DIRECTION('center_axis',(-1.47701511036606E-16,1.,0.));
#7630=DIRECTION('ref_axis',(0.707106781186547,0.,0.707106781186547));
#7631=DIRECTION('',(1.,1.47701511036606E-16,0.));
#7632=DIRECTION('center_axis',(-1.47701511036606E-16,1.,0.));
#7633=DIRECTION('ref_axis',(0.707106781186563,0.,0.707106781186532));
#7634=DIRECTION('',(0.,0.,-1.));
#7635=DIRECTION('',(0.,-1.22464679914735E-16,1.));
#7636=DIRECTION('',(1.,1.47701511036606E-16,0.));
#7637=DIRECTION('center_axis',(1.47701511036606E-16,-1.,0.));
#7638=DIRECTION('ref_axis',(1.,1.47701511036606E-16,0.));
#7639=DIRECTION('',(1.,1.47701511036606E-16,0.));
#7640=DIRECTION('',(1.,1.47701511036606E-16,0.));
#7641=DIRECTION('center_axis',(1.47701511036606E-16,-1.,0.));
#7642=DIRECTION('ref_axis',(1.,1.47701511036606E-16,0.));
#7643=DIRECTION('',(1.,1.47701511036606E-16,0.));
#7644=DIRECTION('',(0.,-1.22464679914735E-16,1.));
#7645=DIRECTION('',(0.,0.,1.));
#7646=DIRECTION('center_axis',(-1.47701511036606E-16,1.,0.));
#7647=DIRECTION('ref_axis',(-0.707106781186548,0.,0.707106781186548));
#7648=DIRECTION('',(-1.,-1.47701511036606E-16,0.));
#7649=DIRECTION('center_axis',(-1.47701511036606E-16,1.,0.));
#7650=DIRECTION('ref_axis',(-0.707106781186547,0.,0.707106781186547));
#7651=DIRECTION('',(0.,0.,1.));
#7652=DIRECTION('center_axis',(-1.47701511036606E-16,1.,0.));
#7653=DIRECTION('ref_axis',(-0.707106781186561,0.,-0.707106781186534));
#7654=DIRECTION('',(1.,1.47701511036606E-16,0.));
#7655=DIRECTION('center_axis',(1.,0.,0.));
#7656=DIRECTION('ref_axis',(0.,0.,-1.));
#7657=DIRECTION('center_axis',(1.,0.,0.));
#7658=DIRECTION('ref_axis',(0.,0.,-1.));
#7659=DIRECTION('center_axis',(0.,1.,0.));
#7660=DIRECTION('ref_axis',(-1.,0.,0.));
#7661=DIRECTION('center_axis',(-1.,0.,0.));
#7662=DIRECTION('ref_axis',(0.,-0.707106781186563,-0.707106781186532));
#7663=DIRECTION('center_axis',(0.,0.,1.));
#7664=DIRECTION('ref_axis',(0.,1.,0.));
#7665=DIRECTION('center_axis',(1.,-7.8739221604621E-17,-3.69845794012169E-32));
#7666=DIRECTION('ref_axis',(0.,0.707106781186548,0.707106781186548));
#7667=DIRECTION('center_axis',(-1.,0.,0.));
#7668=DIRECTION('ref_axis',(0.,0.707106781186548,0.707106781186548));
#7669=DIRECTION('',(-1.,7.8739221604621E-17,3.69845794012169E-32));
#7670=DIRECTION('center_axis',(1.,0.,0.));
#7671=DIRECTION('ref_axis',(0.,1.,0.));
#7672=DIRECTION('',(1.,-7.8739221604621E-17,-3.69845794012169E-32));
#7673=DIRECTION('center_axis',(0.,4.69709741187566E-16,-1.));
#7674=DIRECTION('ref_axis',(-1.,0.,0.));
#7675=DIRECTION('center_axis',(0.,1.,0.));
#7676=DIRECTION('ref_axis',(-1.,0.,0.));
#7677=DIRECTION('center_axis',(0.,4.69709741187566E-16,-1.));
#7678=DIRECTION('ref_axis',(-0.707106781186553,0.707106781186542,3.32134943183103E-16));
#7679=DIRECTION('center_axis',(0.,-4.69709741187566E-16,1.));
#7680=DIRECTION('ref_axis',(-0.707106781186553,0.707106781186542,3.46944695195359E-16));
#7681=DIRECTION('center_axis',(0.,-1.,-4.69709741187566E-16));
#7682=DIRECTION('ref_axis',(-0.70710678118654,0.,0.707106781186555));
#7683=DIRECTION('',(0.,1.,4.69709741187566E-16));
#7684=DIRECTION('',(0.,-1.,-4.69709741187566E-16));
#7685=DIRECTION('center_axis',(1.,0.,0.));
#7686=DIRECTION('ref_axis',(0.,0.,-1.));
#7687=DIRECTION('center_axis',(1.,0.,0.));
#7688=DIRECTION('ref_axis',(0.,-1.,0.));
#7689=DIRECTION('center_axis',(0.,0.,-1.));
#7690=DIRECTION('ref_axis',(-1.,0.,0.));
#7691=DIRECTION('center_axis',(-1.,0.,0.));
#7692=DIRECTION('ref_axis',(0.,-0.707106781186555,0.70710678118654));
#7693=DIRECTION('center_axis',(0.,1.,0.));
#7694=DIRECTION('ref_axis',(0.,0.,-1.));
#7695=DIRECTION('center_axis',(0.,0.,1.));
#7696=DIRECTION('ref_axis',(-0.707106781186548,0.707106781186548,0.));
#7697=DIRECTION('',(0.,0.,-1.));
#7698=DIRECTION('',(0.,0.,1.));
#7699=DIRECTION('center_axis',(1.,0.,0.));
#7700=DIRECTION('ref_axis',(0.,0.707106781186555,-0.70710678118654));
#7701=DIRECTION('',(1.,0.,0.));
#7702=DIRECTION('center_axis',(-1.,0.,0.));
#7703=DIRECTION('ref_axis',(0.,0.707106781186555,-0.70710678118654));
#7704=DIRECTION('',(-1.,0.,0.));
#7705=DIRECTION('center_axis',(0.707106781186583,0.707106781186512,0.));
#7706=DIRECTION('ref_axis',(-0.707106781186512,0.707106781186583,0.));
#7707=DIRECTION('center_axis',(0.,-1.,0.));
#7708=DIRECTION('ref_axis',(-0.707106781186548,0.,-0.707106781186548));
#7709=DIRECTION('',(0.,-1.,0.));
#7710=DIRECTION('',(0.,1.,0.));
#7711=DIRECTION('center_axis',(1.,0.,0.));
#7712=DIRECTION('ref_axis',(0.,-0.707106781186548,0.707106781186548));
#7713=DIRECTION('center_axis',(1.,0.,0.));
#7714=DIRECTION('ref_axis',(0.,-0.707106781186548,0.707106781186548));
#7715=DIRECTION('',(-1.,0.,0.));
#7716=DIRECTION('',(1.,0.,0.));
#7717=DIRECTION('center_axis',(1.,0.,0.));
#7718=DIRECTION('ref_axis',(0.,-0.707106781186571,-0.707106781186524));
#7719=DIRECTION('center_axis',(1.,0.,0.));
#7720=DIRECTION('ref_axis',(0.,-0.707106781186571,-0.707106781186524));
#7721=DIRECTION('',(-1.,0.,0.));
#7722=DIRECTION('',(1.,0.,0.));
#7723=DIRECTION('center_axis',(-1.,0.,0.));
#7724=DIRECTION('ref_axis',(0.,-1.,0.));
#7725=DIRECTION('',(0.,0.,1.));
#7726=DIRECTION('',(0.,1.,0.));
#7727=DIRECTION('',(0.,-1.,0.));
#7728=DIRECTION('',(0.,0.,1.));
#7729=DIRECTION('',(0.,1.,0.));
#7730=DIRECTION('center_axis',(-1.,0.,0.));
#7731=DIRECTION('ref_axis',(0.,-0.707106781186555,0.70710678118654));
#7732=DIRECTION('',(0.,0.,1.));
#7733=DIRECTION('center_axis',(-1.,0.,0.));
#7734=DIRECTION('ref_axis',(0.,-0.707106781186555,-0.70710678118654));
#7735=DIRECTION('',(0.,-1.,0.));
#7736=DIRECTION('',(1.13869028166683E-15,0.,-1.));
#7737=DIRECTION('center_axis',(0.,0.,1.));
#7738=DIRECTION('ref_axis',(-0.707106781186558,0.707106781186537,0.));
#7739=DIRECTION('',(0.,0.,-1.));
#7740=DIRECTION('center_axis',(0.,0.,-1.));
#7741=DIRECTION('ref_axis',(-1.,0.,1.15648231731786E-16));
#7742=DIRECTION('center_axis',(7.8739221604621E-17,1.,0.));
#7743=DIRECTION('ref_axis',(-1.,7.8739221604621E-17,0.));
#7744=DIRECTION('',(0.,0.,-1.));
#7745=DIRECTION('',(-1.,7.8739221604621E-17,0.));
#7746=DIRECTION('',(0.,0.,1.));
#7747=DIRECTION('',(1.,-7.8739221604621E-17,0.));
#7748=DIRECTION('center_axis',(0.,4.69709741187566E-16,-1.));
#7749=DIRECTION('ref_axis',(0.,1.,4.69709741187566E-16));
#7750=DIRECTION('',(0.,1.,4.69709741187566E-16));
#7751=DIRECTION('center_axis',(-1.,0.,0.));
#7752=DIRECTION('ref_axis',(0.,0.707106781186555,0.70710678118654));
#7753=DIRECTION('',(1.,0.,0.));
#7754=DIRECTION('center_axis',(-1.,0.,0.));
#7755=DIRECTION('ref_axis',(0.,0.707106781186555,0.70710678118654));
#7756=DIRECTION('',(-1.,0.,0.));
#7757=DIRECTION('center_axis',(0.707106781186551,0.707106781186544,0.));
#7758=DIRECTION('ref_axis',(0.707106781186544,-0.707106781186551,0.));
#7759=DIRECTION('center_axis',(-1.,0.,0.));
#7760=DIRECTION('ref_axis',(0.,0.,1.));
#7761=DIRECTION('center_axis',(0.,0.,1.));
#7762=DIRECTION('ref_axis',(0.,1.,0.));
#7763=DIRECTION('center_axis',(1.,0.,0.));
#7764=DIRECTION('ref_axis',(0.,0.,-1.));
#7765=DIRECTION('center_axis',(0.,1.,0.));
#7766=DIRECTION('ref_axis',(-1.,0.,0.));
#7767=DIRECTION('center_axis',(1.,0.,0.));
#7768=DIRECTION('ref_axis',(0.,0.,-1.));
#7769=DIRECTION('center_axis',(1.,0.,0.));
#7770=DIRECTION('ref_axis',(0.,-1.,0.));
#7771=DIRECTION('center_axis',(0.,0.,-1.));
#7772=DIRECTION('ref_axis',(-1.,0.,0.));
#7773=DIRECTION('center_axis',(0.,1.,0.));
#7774=DIRECTION('ref_axis',(0.,0.,-1.));
#7775=DIRECTION('center_axis',(0.,0.,1.));
#7776=DIRECTION('ref_axis',(-0.707106781186548,0.707106781186548,0.));
#7777=DIRECTION('',(0.,0.,-1.));
#7778=DIRECTION('center_axis',(0.,1.,0.));
#7779=DIRECTION('ref_axis',(-0.70710678118661,0.,-0.707106781186485));
#7780=DIRECTION('center_axis',(0.,-1.,0.));
#7781=DIRECTION('ref_axis',(-1.,0.,0.));
#7782=DIRECTION('',(0.,-1.,0.));
#7783=DIRECTION('center_axis',(0.,0.,1.));
#7784=DIRECTION('ref_axis',(1.,0.,0.));
#7785=DIRECTION('center_axis',(-1.,0.,0.));
#7786=DIRECTION('ref_axis',(0.,1.,0.));
#7787=DIRECTION('center_axis',(0.,0.,1.));
#7788=DIRECTION('ref_axis',(-0.707106781186553,0.707106781186542,0.));
#7789=DIRECTION('center_axis',(0.,0.,-1.));
#7790=DIRECTION('ref_axis',(-0.707106781186553,0.707106781186542,0.));
#7791=DIRECTION('center_axis',(1.,-7.8739221604621E-17,0.));
#7792=DIRECTION('ref_axis',(0.,0.707106781186618,-0.707106781186477));
#7793=DIRECTION('center_axis',(-1.,0.,0.));
#7794=DIRECTION('ref_axis',(0.,0.707106781186618,-0.707106781186477));
#7795=DIRECTION('',(-1.,7.8739221604621E-17,0.));
#7796=DIRECTION('',(1.,-7.8739221604621E-17,0.));
#7797=DIRECTION('center_axis',(1.,0.,0.));
#7798=DIRECTION('ref_axis',(0.,-0.70710678118661,0.707106781186485));
#7799=DIRECTION('center_axis',(1.,0.,0.));
#7800=DIRECTION('ref_axis',(0.,-0.70710678118661,0.707106781186485));
#7801=DIRECTION('',(-1.,0.,0.));
#7802=DIRECTION('',(1.,0.,0.));
#7803=DIRECTION('center_axis',(-1.,0.,0.));
#7804=DIRECTION('ref_axis',(0.,-0.707106781186548,-0.707106781186548));
#7805=DIRECTION('center_axis',(1.,0.,0.));
#7806=DIRECTION('ref_axis',(0.,-0.707106781186548,-0.707106781186548));
#7807=DIRECTION('',(-1.,0.,0.));
#7808=DIRECTION('',(1.,0.,0.));
#7809=DIRECTION('center_axis',(0.,-1.,0.));
#7810=DIRECTION('ref_axis',(-0.707106781186548,0.,0.707106781186548));
#7811=DIRECTION('',(0.,1.,0.));
#7812=DIRECTION('center_axis',(0.,0.,-1.));
#7813=DIRECTION('ref_axis',(-0.707106781186561,0.707106781186534,0.));
#7814=DIRECTION('center_axis',(0.,0.,1.));
#7815=DIRECTION('ref_axis',(0.,1.,0.));
#7816=DIRECTION('',(0.,0.,-1.));
#7817=DIRECTION('center_axis',(0.,1.,0.));
#7818=DIRECTION('ref_axis',(0.,0.,-1.));
#7819=DIRECTION('',(0.,0.,1.));
#7820=DIRECTION('',(-1.,0.,0.));
#7821=DIRECTION('',(0.,-1.29977329712213E-16,1.));
#7822=DIRECTION('',(1.,0.,0.));
#7823=DIRECTION('',(0.,0.,1.));
#7824=DIRECTION('center_axis',(0.,0.,-1.));
#7825=DIRECTION('ref_axis',(1.,0.,0.));
#7826=DIRECTION('',(0.,-1.,0.));
#7827=DIRECTION('center_axis',(3.70074341541719E-16,0.,-1.));
#7828=DIRECTION('ref_axis',(-0.707106781186532,0.707106781186563,0.));
#7829=DIRECTION('',(3.70074341541718E-16,0.,-1.));
#7830=DIRECTION('center_axis',(0.707106781186563,0.,0.707106781186532));
#7831=DIRECTION('ref_axis',(-0.707106781186532,0.,0.707106781186563));
#7832=DIRECTION('',(-3.70074341541718E-16,0.,1.));
#7833=DIRECTION('center_axis',(-0.707106781186532,0.,0.707106781186563));
#7834=DIRECTION('ref_axis',(-0.707106781186563,0.,-0.707106781186532));
#7835=DIRECTION('center_axis',(-1.,0.,0.));
#7836=DIRECTION('ref_axis',(0.,0.7071067811865,0.707106781186595));
#7837=DIRECTION('',(1.,0.,0.));
#7838=DIRECTION('',(-1.,0.,0.));
#7839=DIRECTION('center_axis',(0.707106781186579,0.,-0.707106781186516));
#7840=DIRECTION('ref_axis',(0.707106781186516,0.,0.707106781186579));
#7841=DIRECTION('center_axis',(0.,0.,-1.));
#7842=DIRECTION('ref_axis',(0.707106781186548,0.707106781186548,0.));
#7843=DIRECTION('',(0.,0.,-1.));
#7844=DIRECTION('',(0.,0.,1.));
#7845=DIRECTION('center_axis',(-0.707106781186548,0.,-0.707106781186548));
#7846=DIRECTION('ref_axis',(-0.707106781186547,0.,0.707106781186547));
#7847=DIRECTION('center_axis',(1.,0.,0.));
#7848=DIRECTION('ref_axis',(0.,0.707106781186626,-0.707106781186469));
#7849=DIRECTION('',(-1.,0.,0.));
#7850=DIRECTION('',(1.,0.,0.));
#7851=DIRECTION('center_axis',(0.,0.,1.));
#7852=DIRECTION('ref_axis',(-1.,0.,0.));
#7853=DIRECTION('',(0.,-1.,0.));
#7854=DIRECTION('',(-1.,0.,0.));
#7855=DIRECTION('',(0.,-1.,0.));
#7856=DIRECTION('center_axis',(1.,0.,3.70074341541719E-16));
#7857=DIRECTION('ref_axis',(-3.70074341541718E-16,0.,1.));
#7858=DIRECTION('',(0.,-1.,0.));
#7859=DIRECTION('',(-3.70074341541718E-16,0.,1.));
#7860=DIRECTION('center_axis',(0.,1.,0.));
#7861=DIRECTION('ref_axis',(1.,0.,0.));
#7862=DIRECTION('',(0.,0.,1.));
#7863=DIRECTION('',(1.,0.,0.));
#7864=DIRECTION('',(0.,0.,-1.));
#7865=DIRECTION('',(-1.,0.,0.));
#7866=DIRECTION('',(0.,0.,-1.));
#7867=DIRECTION('',(-5.70272844483382E-32,-1.24561607640871E-16,1.));
#7868=DIRECTION('',(3.23815048849004E-16,0.,-1.));
#7869=DIRECTION('',(1.,0.,0.));
#7870=DIRECTION('',(0.,0.,1.));
#7871=DIRECTION('',(-1.,0.,0.));
#7872=DIRECTION('center_axis',(3.23815048849004E-16,0.,-1.));
#7873=DIRECTION('ref_axis',(-0.707106781186532,0.707106781186563,0.));
#7874=DIRECTION('center_axis',(0.707106781186548,0.,0.707106781186548));
#7875=DIRECTION('ref_axis',(-0.707106781186547,0.,0.707106781186547));
#7876=DIRECTION('',(-3.23815048849004E-16,0.,1.));
#7877=DIRECTION('center_axis',(-0.707106781186532,0.,0.707106781186563));
#7878=DIRECTION('ref_axis',(-0.707106781186563,0.,-0.707106781186532));
#7879=DIRECTION('center_axis',(-1.,0.,0.));
#7880=DIRECTION('ref_axis',(0.,0.707106781186563,0.707106781186532));
#7881=DIRECTION('',(1.,0.,0.));
#7882=DIRECTION('center_axis',(0.707106781186548,0.,-0.707106781186548));
#7883=DIRECTION('ref_axis',(0.707106781186547,0.,0.707106781186547));
#7884=DIRECTION('center_axis',(0.,0.,-1.));
#7885=DIRECTION('ref_axis',(0.707106781186548,0.707106781186548,0.));
#7886=DIRECTION('',(0.,0.,-1.));
#7887=DIRECTION('center_axis',(-0.707106781186563,0.,-0.707106781186532));
#7888=DIRECTION('ref_axis',(-0.707106781186532,0.,0.707106781186563));
#7889=DIRECTION('center_axis',(1.,0.,0.));
#7890=DIRECTION('ref_axis',(0.,0.707106781186563,-0.707106781186532));
#7891=DIRECTION('',(-1.,0.,0.));
#7892=DIRECTION('center_axis',(0.,0.,1.));
#7893=DIRECTION('ref_axis',(-1.,0.,0.));
#7894=DIRECTION('',(0.,-1.,0.));
#7895=DIRECTION('',(-1.,0.,0.));
#7896=DIRECTION('',(0.,-1.,0.));
#7897=DIRECTION('center_axis',(1.,0.,3.23815048849004E-16));
#7898=DIRECTION('ref_axis',(-3.23815048849004E-16,0.,1.));
#7899=DIRECTION('',(0.,-1.,0.));
#7900=DIRECTION('',(-3.23815048849004E-16,0.,1.));
#7901=DIRECTION('center_axis',(0.,0.,-1.));
#7902=DIRECTION('ref_axis',(1.,0.,0.));
#7903=DIRECTION('',(0.,1.,0.));
#7904=DIRECTION('',(1.,0.,0.));
#7905=DIRECTION('center_axis',(0.,0.,-1.));
#7906=DIRECTION('ref_axis',(1.,0.,0.));
#7907=DIRECTION('',(0.,1.,0.));
#7908=DIRECTION('',(1.,0.,0.));
#7909=DIRECTION('center_axis',(-1.,0.,0.));
#7910=DIRECTION('ref_axis',(0.,0.,-1.));
#7911=DIRECTION('',(0.,0.,-1.));
#7912=DIRECTION('',(0.,-1.,0.));
#7913=DIRECTION('center_axis',(0.,1.,0.));
#7914=DIRECTION('ref_axis',(0.,0.,-1.));
#7915=DIRECTION('',(0.,0.,1.));
#7916=DIRECTION('',(0.,0.,1.));
#7917=DIRECTION('',(0.,0.,1.));
#7918=DIRECTION('',(-1.,0.,0.));
#7919=DIRECTION('center_axis',(0.,0.,1.));
#7920=DIRECTION('ref_axis',(-1.,0.,0.));
#7921=DIRECTION('',(0.,-1.,0.));
#7922=DIRECTION('center_axis',(0.,0.,1.));
#7923=DIRECTION('ref_axis',(-1.,0.,0.));
#7924=DIRECTION('',(0.,-1.,0.));
#7925=DIRECTION('',(-1.,0.,0.));
#7926=DIRECTION('',(0.,-1.,0.));
#7927=DIRECTION('center_axis',(0.,0.,1.));
#7928=DIRECTION('ref_axis',(-1.,0.,0.));
#7929=DIRECTION('',(-1.,0.,0.));
#7930=DIRECTION('',(0.,-1.,0.));
#7931=DIRECTION('',(-1.,0.,0.));
#7932=DIRECTION('',(0.,-1.,0.));
#7933=DIRECTION('center_axis',(0.,0.,-1.));
#7934=DIRECTION('ref_axis',(1.,0.,0.));
#7935=DIRECTION('',(1.,0.,0.));
#7936=DIRECTION('',(0.,-1.,0.));
#7937=DIRECTION('',(1.,0.,0.));
#7938=DIRECTION('',(0.,-1.,0.));
#7939=DIRECTION('center_axis',(0.,0.,-1.));
#7940=DIRECTION('ref_axis',(1.,0.,0.));
#7941=DIRECTION('',(0.,-1.,0.));
#7942=DIRECTION('',(1.,0.,0.));
#7943=DIRECTION('',(0.,-1.,0.));
#7944=DIRECTION('center_axis',(0.,1.,0.));
#7945=DIRECTION('ref_axis',(0.,0.,-1.));
#7946=DIRECTION('',(0.,0.,-1.));
#7947=DIRECTION('',(0.,0.,1.));
#7948=DIRECTION('',(0.,0.,-1.));
#7949=DIRECTION('',(0.,0.,1.));
#7950=DIRECTION('center_axis',(-1.,0.,0.));
#7951=DIRECTION('ref_axis',(0.,0.,1.));
#7952=DIRECTION('',(0.,0.,1.));
#7953=DIRECTION('',(0.,-1.,0.));
#7954=DIRECTION('',(0.,-1.29977329712213E-16,1.));
#7955=DIRECTION('',(0.,-1.29977329712213E-16,1.));
#7956=DIRECTION('',(0.,1.,1.14850657719844E-16));
#7957=DIRECTION('',(0.,0.,1.));
#7958=DIRECTION('',(0.,-1.,0.));
#7959=DIRECTION('center_axis',(0.,1.,1.29977329712213E-16));
#7960=DIRECTION('ref_axis',(0.,-1.29977329712213E-16,1.));
#7961=DIRECTION('',(0.,-1.29977329712213E-16,1.));
#7962=DIRECTION('',(-1.,0.,0.));
#7963=DIRECTION('center_axis',(0.,-1.,0.));
#7964=DIRECTION('ref_axis',(0.,0.,-1.));
#7965=DIRECTION('',(0.,0.,-1.));
#7966=DIRECTION('center_axis',(1.,0.,0.));
#7967=DIRECTION('ref_axis',(0.,0.,-1.));
#7968=DIRECTION('center_axis',(1.,0.,0.));
#7969=DIRECTION('ref_axis',(0.,-0.707106781186547,-0.707106781186547));
#7970=DIRECTION('center_axis',(0.,1.,0.));
#7971=DIRECTION('ref_axis',(0.,0.,1.));
#7972=DIRECTION('center_axis',(-1.,0.,0.));
#7973=DIRECTION('ref_axis',(0.,-1.,0.));
#7974=DIRECTION('center_axis',(0.,0.,1.));
#7975=DIRECTION('ref_axis',(1.,0.,0.));
#7976=DIRECTION('center_axis',(0.,-1.,-4.69709741187566E-16));
#7977=DIRECTION('ref_axis',(0.70710678118654,0.,0.707106781186555));
#7978=DIRECTION('center_axis',(0.,-1.,0.));
#7979=DIRECTION('ref_axis',(1.,0.,0.));
#7980=DIRECTION('',(0.,-1.,-4.69709741187566E-16));
#7981=DIRECTION('',(0.,1.,4.69709741187566E-16));
#7982=DIRECTION('center_axis',(0.,4.69709741187566E-16,-1.));
#7983=DIRECTION('ref_axis',(-1.,0.,0.));
#7984=DIRECTION('center_axis',(1.,0.,0.));
#7985=DIRECTION('ref_axis',(0.,1.,0.));
#7986=DIRECTION('center_axis',(0.,4.69709741187566E-16,-1.));
#7987=DIRECTION('ref_axis',(0.707106781186551,0.707106781186544,3.32134943183104E-16));
#7988=DIRECTION('center_axis',(0.,-4.69709741187566E-16,1.));
#7989=DIRECTION('ref_axis',(0.707106781186551,0.707106781186544,3.46944695195358E-16));
#7990=DIRECTION('center_axis',(-1.,0.,0.));
#7991=DIRECTION('ref_axis',(0.,0.707106781186548,0.707106781186548));
#7992=DIRECTION('center_axis',(1.,0.,0.));
#7993=DIRECTION('ref_axis',(0.,0.707106781186548,0.707106781186548));
#7994=DIRECTION('',(1.,0.,0.));
#7995=DIRECTION('',(-1.,0.,0.));
#7996=DIRECTION('center_axis',(-1.,0.,0.));
#7997=DIRECTION('ref_axis',(0.,-0.70710678118654,-0.707106781186555));
#7998=DIRECTION('center_axis',(-1.,0.,0.));
#7999=DIRECTION('ref_axis',(0.,-0.70710678118654,-0.707106781186555));
#8000=DIRECTION('',(1.,0.,0.));
#8001=DIRECTION('',(-1.,0.,0.));
#8002=DIRECTION('center_axis',(-1.,0.,0.));
#8003=DIRECTION('ref_axis',(0.,0.,1.));
#8004=DIRECTION('center_axis',(-1.,0.,0.));
#8005=DIRECTION('ref_axis',(0.,0.,1.));
#8006=DIRECTION('center_axis',(0.,1.,0.));
#8007=DIRECTION('ref_axis',(1.,0.,0.));
#8008=DIRECTION('center_axis',(1.,0.,0.));
#8009=DIRECTION('ref_axis',(0.,-0.707106781186555,0.70710678118654));
#8010=DIRECTION('center_axis',(0.,0.,-1.));
#8011=DIRECTION('ref_axis',(0.,1.,0.));
#8012=DIRECTION('center_axis',(0.,-1.,0.));
#8013=DIRECTION('ref_axis',(0.707106781186548,0.,-0.707106781186548));
#8014=DIRECTION('',(0.,-1.,0.));
#8015=DIRECTION('',(0.,1.,0.));
#8016=DIRECTION('center_axis',(0.707106781186579,-0.707106781186516,0.));
#8017=DIRECTION('ref_axis',(0.707106781186516,0.707106781186579,0.));
#8018=DIRECTION('center_axis',(-1.,0.,0.));
#8019=DIRECTION('ref_axis',(0.,0.707106781186548,-0.707106781186548));
#8020=DIRECTION('',(-1.,0.,0.));
#8021=DIRECTION('center_axis',(1.,0.,0.));
#8022=DIRECTION('ref_axis',(0.,0.707106781186548,-0.707106781186548));
#8023=DIRECTION('',(1.,0.,0.));
#8024=DIRECTION('center_axis',(0.,0.,1.));
#8025=DIRECTION('ref_axis',(0.707106781186548,0.707106781186548,0.));
#8026=DIRECTION('',(0.,0.,-1.));
#8027=DIRECTION('',(0.,0.,1.));
#8028=DIRECTION('center_axis',(1.,0.,0.));
#8029=DIRECTION('ref_axis',(0.,-0.707106781186548,0.707106781186548));
#8030=DIRECTION('center_axis',(-1.,0.,0.));
#8031=DIRECTION('ref_axis',(0.,-0.707106781186548,0.707106781186548));
#8032=DIRECTION('',(1.,0.,0.));
#8033=DIRECTION('',(-1.,0.,0.));
#8034=DIRECTION('center_axis',(0.,1.,0.));
#8035=DIRECTION('ref_axis',(-1.,0.,0.));
#8036=DIRECTION('',(0.,0.,1.));
#8037=DIRECTION('',(1.,0.,0.));
#8038=DIRECTION('',(0.,0.,1.));
#8039=DIRECTION('',(-1.,0.,0.));
#8040=DIRECTION('',(0.,0.,-1.));
#8041=DIRECTION('center_axis',(0.,0.,1.));
#8042=DIRECTION('ref_axis',(0.707106781186561,0.707106781186534,0.));
#8043=DIRECTION('',(0.,0.,-1.));
#8044=DIRECTION('center_axis',(0.,0.,-1.));
#8045=DIRECTION('ref_axis',(0.,1.,0.));
#8046=DIRECTION('center_axis',(1.,0.,0.));
#8047=DIRECTION('ref_axis',(0.,1.,0.));
#8048=DIRECTION('',(-1.13869028166683E-15,0.,-1.));
#8049=DIRECTION('',(0.,1.,0.));
#8050=DIRECTION('center_axis',(1.,0.,0.));
#8051=DIRECTION('ref_axis',(0.,-0.707106781186555,-0.70710678118654));
#8052=DIRECTION('',(0.,0.,-1.));
#8053=DIRECTION('center_axis',(1.,0.,0.));
#8054=DIRECTION('ref_axis',(0.,-0.707106781186555,0.70710678118654));
#8055=DIRECTION('',(0.,-1.,0.));
#8056=DIRECTION('',(0.,0.,-1.));
#8057=DIRECTION('',(0.,1.,0.));
#8058=DIRECTION('',(0.,-1.,0.));
#8059=DIRECTION('center_axis',(0.,-1.,0.));
#8060=DIRECTION('ref_axis',(0.,0.,-1.));
#8061=DIRECTION('',(0.,0.,1.));
#8062=DIRECTION('',(-1.,0.,0.));
#8063=DIRECTION('',(0.,-1.29977329712213E-16,1.));
#8064=DIRECTION('',(1.,0.,0.));
#8065=DIRECTION('',(0.,0.,1.));
#8066=DIRECTION('',(-1.,0.,0.));
#8067=DIRECTION('center_axis',(0.,0.,-1.));
#8068=DIRECTION('ref_axis',(1.,0.,0.));
#8069=DIRECTION('',(0.,-1.,0.));
#8070=DIRECTION('center_axis',(1.,0.,0.));
#8071=DIRECTION('ref_axis',(0.,0.707106781186548,0.707106781186548));
#8072=DIRECTION('center_axis',(1.,0.,0.));
#8073=DIRECTION('ref_axis',(0.,0.707106781186548,0.707106781186548));
#8074=DIRECTION('',(1.,0.,0.));
#8075=DIRECTION('center_axis',(-0.707106781186548,0.707106781186548,0.));
#8076=DIRECTION('ref_axis',(-0.707106781186547,-0.707106781186547,0.));
#8077=DIRECTION('center_axis',(-1.,0.,0.));
#8078=DIRECTION('ref_axis',(0.,0.,1.));
#8079=DIRECTION('center_axis',(-1.,0.,0.));
#8080=DIRECTION('ref_axis',(0.,-1.,0.));
#8081=DIRECTION('center_axis',(0.,0.,1.));
#8082=DIRECTION('ref_axis',(1.,0.,0.));
#8083=DIRECTION('center_axis',(0.,1.,0.));
#8084=DIRECTION('ref_axis',(0.,0.,1.));
#8085=DIRECTION('center_axis',(1.,0.,0.));
#8086=DIRECTION('ref_axis',(0.,0.,-1.));
#8087=DIRECTION('center_axis',(0.,0.,-1.));
#8088=DIRECTION('ref_axis',(0.,1.,0.));
#8089=DIRECTION('center_axis',(-1.,0.,0.));
#8090=DIRECTION('ref_axis',(0.,0.,1.));
#8091=DIRECTION('center_axis',(0.,1.,0.));
#8092=DIRECTION('ref_axis',(1.,0.,0.));
#8093=DIRECTION('center_axis',(0.,0.,1.));
#8094=DIRECTION('ref_axis',(0.707106781186548,0.707106781186548,0.));
#8095=DIRECTION('',(0.,0.,1.));
#8096=DIRECTION('center_axis',(-1.,0.,0.));
#8097=DIRECTION('ref_axis',(0.,-0.70710678118661,0.707106781186485));
#8098=DIRECTION('center_axis',(-1.,0.,0.));
#8099=DIRECTION('ref_axis',(0.,-0.70710678118661,0.707106781186485));
#8100=DIRECTION('',(1.,0.,0.));
#8101=DIRECTION('',(-1.,0.,0.));
#8102=DIRECTION('center_axis',(0.,1.,0.));
#8103=DIRECTION('ref_axis',(0.70710678118661,0.,-0.707106781186485));
#8104=DIRECTION('center_axis',(0.,-1.,0.));
#8105=DIRECTION('ref_axis',(0.,0.,-1.));
#8106=DIRECTION('',(0.,1.,0.));
#8107=DIRECTION('center_axis',(0.,0.,1.));
#8108=DIRECTION('ref_axis',(1.,0.,0.));
#8109=DIRECTION('center_axis',(1.,0.,0.));
#8110=DIRECTION('ref_axis',(0.,0.,-1.));
#8111=DIRECTION('center_axis',(0.,0.,-1.));
#8112=DIRECTION('ref_axis',(0.707106781186551,0.707106781186544,0.));
#8113=DIRECTION('center_axis',(0.,0.,1.));
#8114=DIRECTION('ref_axis',(0.707106781186551,0.707106781186544,0.));
#8115=DIRECTION('center_axis',(-1.,0.,0.));
#8116=DIRECTION('ref_axis',(0.,0.707106781186618,-0.707106781186477));
#8117=DIRECTION('center_axis',(1.,0.,0.));
#8118=DIRECTION('ref_axis',(0.,0.707106781186618,-0.707106781186477));
#8119=DIRECTION('',(1.,0.,0.));
#8120=DIRECTION('',(-1.,0.,0.));
#8121=DIRECTION('center_axis',(0.,-1.,0.));
#8122=DIRECTION('ref_axis',(0.707106781186548,0.,0.707106781186548));
#8123=DIRECTION('',(0.,-1.,0.));
#8124=DIRECTION('center_axis',(-1.,0.,0.));
#8125=DIRECTION('ref_axis',(0.,-0.707106781186548,-0.707106781186548));
#8126=DIRECTION('center_axis',(-1.,0.,0.));
#8127=DIRECTION('ref_axis',(0.,-0.707106781186548,-0.707106781186548));
#8128=DIRECTION('',(1.,0.,0.));
#8129=DIRECTION('',(-1.,0.,0.));
#8130=DIRECTION('center_axis',(0.,0.,-1.));
#8131=DIRECTION('ref_axis',(0.,-1.,0.));
#8132=DIRECTION('',(0.,-1.,0.));
#8133=DIRECTION('center_axis',(0.,1.,0.));
#8134=DIRECTION('ref_axis',(0.,0.,-1.));
#8135=DIRECTION('',(0.,0.,-1.));
#8136=DIRECTION('center_axis',(-1.,0.,0.));
#8137=DIRECTION('ref_axis',(0.,0.,1.));
#8138=DIRECTION('',(0.,1.,0.));
#8139=DIRECTION('',(0.,0.,-1.));
#8140=DIRECTION('',(0.,-1.,0.));
#8141=DIRECTION('',(0.,-1.,0.));
#8142=DIRECTION('',(0.,0.,-1.));
#8143=DIRECTION('',(0.,-1.,0.));
#8144=DIRECTION('',(0.,0.,-1.));
#8145=DIRECTION('',(0.,1.,4.69709741187566E-16));
#8146=DIRECTION('center_axis',(0.,-1.,0.));
#8147=DIRECTION('ref_axis',(0.,0.,-1.));
#8148=DIRECTION('',(-1.,0.,0.));
#8149=DIRECTION('',(0.,0.,1.));
#8150=DIRECTION('',(-1.,0.,0.));
#8151=DIRECTION('',(0.,0.,-1.));
#8152=DIRECTION('',(1.,0.,0.));
#8153=DIRECTION('',(0.,0.,1.));
#8154=DIRECTION('',(1.,0.,0.));
#8155=DIRECTION('center_axis',(0.,0.,-1.));
#8156=DIRECTION('ref_axis',(1.,0.,0.));
#8157=DIRECTION('',(0.,-1.,0.));
#8158=DIRECTION('center_axis',(0.,0.,-1.));
#8159=DIRECTION('ref_axis',(1.,0.,0.));
#8160=DIRECTION('',(-1.,0.,0.));
#8161=DIRECTION('',(0.,-1.,0.));
#8162=DIRECTION('',(0.,-1.,0.));
#8163=DIRECTION('center_axis',(0.,0.,1.));
#8164=DIRECTION('ref_axis',(-1.,0.,0.));
#8165=DIRECTION('',(1.,0.,0.));
#8166=DIRECTION('',(0.,-1.,0.));
#8167=DIRECTION('',(0.,-1.,0.));
#8168=DIRECTION('center_axis',(0.,0.,1.));
#8169=DIRECTION('ref_axis',(-1.,0.,0.));
#8170=DIRECTION('',(0.,-1.,0.));
#8171=DIRECTION('center_axis',(0.,0.,1.));
#8172=DIRECTION('ref_axis',(-1.,0.,0.));
#8173=DIRECTION('center_axis',(0.,-1.,-1.29977329712213E-16));
#8174=DIRECTION('ref_axis',(0.,-1.29977329712213E-16,1.));
#8175=DIRECTION('',(0.,-1.29977329712213E-16,1.));
#8176=DIRECTION('',(1.,0.,0.));
#8177=DIRECTION('',(0.,-1.29977329712213E-16,1.));
#8178=DIRECTION('center_axis',(0.,0.,-1.));
#8179=DIRECTION('ref_axis',(-0.707106781186532,0.707106781186563,0.));
#8180=DIRECTION('',(0.,0.,1.));
#8181=DIRECTION('center_axis',(0.707106781186579,0.,-0.707106781186516));
#8182=DIRECTION('ref_axis',(0.707106781186516,0.,0.707106781186579));
#8183=DIRECTION('',(0.,0.,-1.));
#8184=DIRECTION('center_axis',(0.707106781186563,0.,0.707106781186532));
#8185=DIRECTION('ref_axis',(-0.707106781186532,0.,0.707106781186563));
#8186=DIRECTION('center_axis',(-1.,0.,0.));
#8187=DIRECTION('ref_axis',(0.,0.707106781186548,-0.707106781186548));
#8188=DIRECTION('',(-1.,0.,0.));
#8189=DIRECTION('center_axis',(0.707106781186532,0.,0.707106781186563));
#8190=DIRECTION('ref_axis',(0.707106781186563,0.,-0.707106781186532));
#8191=DIRECTION('',(1.,0.,0.));
#8192=DIRECTION('center_axis',(-3.23815048849004E-16,0.,-1.));
#8193=DIRECTION('ref_axis',(0.707106781186548,0.707106781186548,0.));
#8194=DIRECTION('',(3.23815048849004E-16,0.,1.));
#8195=DIRECTION('',(-3.23815048849004E-16,0.,-1.));
#8196=DIRECTION('center_axis',(-0.707106781186548,0.,0.707106781186548));
#8197=DIRECTION('ref_axis',(0.707106781186547,0.,0.707106781186547));
#8198=DIRECTION('center_axis',(1.,0.,0.));
#8199=DIRECTION('ref_axis',(0.,0.707106781186548,0.707106781186548));
#8200=DIRECTION('',(-1.,0.,0.));
#8201=DIRECTION('',(1.,0.,0.));
#8202=DIRECTION('center_axis',(0.,0.,-1.));
#8203=DIRECTION('ref_axis',(1.,0.,0.));
#8204=DIRECTION('',(0.,1.,0.));
#8205=DIRECTION('',(1.,0.,0.));
#8206=DIRECTION('',(0.,-1.,0.));
#8207=DIRECTION('center_axis',(-1.,0.,0.));
#8208=DIRECTION('ref_axis',(0.,0.,1.));
#8209=DIRECTION('',(0.,-1.,0.));
#8210=DIRECTION('',(0.,0.,-1.));
#8211=DIRECTION('',(0.,1.,0.));
#8212=DIRECTION('',(0.,0.,1.));
#8213=DIRECTION('',(0.,1.,1.14850657719844E-16));
#8214=DIRECTION('',(0.,-1.29977329712213E-16,1.));
#8215=DIRECTION('',(0.,-1.,0.));
#8216=DIRECTION('',(0.,0.,1.));
#8217=DIRECTION('',(0.,0.,-1.));
#8218=DIRECTION('',(0.,1.,0.));
#8219=DIRECTION('',(0.,0.,1.));
#8220=DIRECTION('',(0.,-1.,0.));
#8221=DIRECTION('',(0.,0.,-1.));
#8222=DIRECTION('center_axis',(0.,1.,0.));
#8223=DIRECTION('ref_axis',(1.,0.,0.));
#8224=DIRECTION('',(5.70272844483382E-32,-1.24561607640871E-16,1.));
#8225=DIRECTION('',(0.,0.,-1.));
#8226=DIRECTION('',(-1.,0.,0.));
#8227=DIRECTION('',(0.,0.,1.));
#8228=DIRECTION('',(1.,0.,0.));
#8229=DIRECTION('',(0.,0.,1.));
#8230=DIRECTION('',(0.,0.,-1.));
#8231=DIRECTION('',(1.,0.,0.));
#8232=DIRECTION('',(3.70074341541718E-16,0.,1.));
#8233=DIRECTION('',(-1.,0.,0.));
#8234=DIRECTION('center_axis',(0.,0.,-1.));
#8235=DIRECTION('ref_axis',(-0.707106781186532,0.707106781186563,0.));
#8236=DIRECTION('center_axis',(0.707106781186563,0.,-0.707106781186532));
#8237=DIRECTION('ref_axis',(0.707106781186532,0.,0.707106781186563));
#8238=DIRECTION('center_axis',(0.707106781186563,0.,0.707106781186532));
#8239=DIRECTION('ref_axis',(-0.707106781186532,0.,0.707106781186563));
#8240=DIRECTION('center_axis',(-1.,0.,0.));
#8241=DIRECTION('ref_axis',(0.,0.70710678118661,-0.707106781186485));
#8242=DIRECTION('',(-1.,0.,0.));
#8243=DIRECTION('center_axis',(0.707106781186532,0.,0.707106781186563));
#8244=DIRECTION('ref_axis',(0.707106781186563,0.,-0.707106781186532));
#8245=DIRECTION('center_axis',(-3.70074341541719E-16,0.,-1.));
#8246=DIRECTION('ref_axis',(0.707106781186548,0.707106781186548,0.));
#8247=DIRECTION('',(-3.70074341541718E-16,0.,-1.));
#8248=DIRECTION('center_axis',(-0.707106781186532,0.,0.707106781186563));
#8249=DIRECTION('ref_axis',(0.707106781186563,0.,0.707106781186532));
#8250=DIRECTION('center_axis',(1.,0.,0.));
#8251=DIRECTION('ref_axis',(0.,0.707106781186548,0.707106781186548));
#8252=DIRECTION('',(1.,0.,0.));
#8253=DIRECTION('center_axis',(0.,0.,-1.));
#8254=DIRECTION('ref_axis',(1.,0.,0.));
#8255=DIRECTION('',(1.,0.,0.));
#8256=DIRECTION('',(0.,-1.,0.));
#8257=DIRECTION('center_axis',(1.,0.,-3.70074341541719E-16));
#8258=DIRECTION('ref_axis',(3.70074341541718E-16,0.,1.));
#8259=DIRECTION('',(3.70074341541718E-16,0.,1.));
#8260=DIRECTION('',(0.,-1.,0.));
#8261=DIRECTION('center_axis',(0.,0.,1.));
#8262=DIRECTION('ref_axis',(-1.,0.,0.));
#8263=DIRECTION('',(-1.,0.,0.));
#8264=DIRECTION('center_axis',(1.,0.,-3.23815048849004E-16));
#8265=DIRECTION('ref_axis',(3.23815048849004E-16,0.,1.));
#8266=DIRECTION('',(3.23815048849004E-16,0.,1.));
#8267=DIRECTION('',(0.,-1.,0.));
#8268=DIRECTION('center_axis',(0.,0.,1.));
#8269=DIRECTION('ref_axis',(-1.,0.,0.));
#8270=DIRECTION('',(-1.,0.,0.));
#8271=DIRECTION('center_axis',(-1.,0.,0.));
#8272=DIRECTION('ref_axis',(0.,0.,-1.));
#8273=DIRECTION('',(0.,1.,0.));
#8274=DIRECTION('',(0.,0.,-1.));
#8275=DIRECTION('center_axis',(0.,-1.,0.));
#8276=DIRECTION('ref_axis',(0.,0.,-1.));
#8277=DIRECTION('',(-1.,0.,0.));
#8278=DIRECTION('center_axis',(0.,0.,1.));
#8279=DIRECTION('ref_axis',(1.,0.,0.));
#8280=DIRECTION('',(0.,1.,0.));
#8281=DIRECTION('',(-1.,0.,0.));
#8282=DIRECTION('',(0.,-1.,0.));
#8283=DIRECTION('',(-1.,0.,0.));
#8284=DIRECTION('',(-1.,0.,0.));
#8285=DIRECTION('',(0.,1.,0.));
#8286=DIRECTION('',(0.,-1.,0.));
#8287=DIRECTION('',(0.,-1.,0.));
#8288=DIRECTION('',(-1.,0.,0.));
#8289=DIRECTION('',(-1.,0.,0.));
#8290=DIRECTION('',(0.,1.,0.));
#8291=DIRECTION('',(0.,-1.,0.));
#8292=DIRECTION('center_axis',(0.,-1.,0.));
#8293=DIRECTION('ref_axis',(-0.707106781186548,0.,0.707106781186548));
#8294=DIRECTION('',(0.,1.,0.));
#8295=DIRECTION('center_axis',(-1.47701511036606E-16,1.,0.));
#8296=DIRECTION('ref_axis',(-0.707106781186548,0.,0.707106781186548));
#8297=DIRECTION('',(0.,-1.,0.));
#8298=DIRECTION('center_axis',(-0.707106781186555,0.70710678118654,0.));
#8299=DIRECTION('ref_axis',(0.70710678118654,0.707106781186555,0.));
#8300=DIRECTION('center_axis',(1.,-7.65671051465625E-16,0.));
#8301=DIRECTION('ref_axis',(0.,-0.707106781186563,0.707106781186532));
#8302=DIRECTION('',(-1.,7.65671051465625E-16,0.));
#8303=DIRECTION('',(1.,-7.65671051465625E-16,0.));
#8304=DIRECTION('center_axis',(-0.707106781186555,-0.70710678118654,0.));
#8305=DIRECTION('ref_axis',(-0.70710678118654,0.707106781186555,0.));
#8306=DIRECTION('center_axis',(-7.40148683083438E-16,1.,0.));
#8307=DIRECTION('ref_axis',(0.707106781186563,0.,0.707106781186532));
#8308=DIRECTION('',(-7.40148683083438E-16,1.,0.));
#8309=DIRECTION('',(7.40148683083438E-16,-1.,0.));
#8310=DIRECTION('center_axis',(0.,0.,1.));
#8311=DIRECTION('ref_axis',(1.,0.,0.));
#8312=DIRECTION('',(-1.,-1.47701511036606E-16,0.));
#8313=DIRECTION('',(0.,-1.,0.));
#8314=DIRECTION('',(1.,0.,0.));
#8315=DIRECTION('',(0.,-1.,0.));
#8316=DIRECTION('',(1.,0.,0.));
#8317=DIRECTION('',(9.15647855360953E-16,-1.,0.));
#8318=DIRECTION('',(1.,0.,0.));
#8319=DIRECTION('',(-4.57823927680477E-16,1.,0.));
#8320=DIRECTION('',(1.,0.,0.));
#8321=DIRECTION('',(-2.01858731750028E-16,1.,0.));
#8322=DIRECTION('',(1.,-7.8739221604621E-17,0.));
#8323=DIRECTION('',(0.,1.,0.));
#8324=DIRECTION('',(0.,1.,0.));
#8325=DIRECTION('',(-1.,0.,0.));
#8326=DIRECTION('',(0.,-1.,0.));
#8327=DIRECTION('center_axis',(0.,-1.,0.));
#8328=DIRECTION('ref_axis',(-0.707106781186548,0.,0.707106781186548));
#8329=DIRECTION('',(0.,-1.,0.));
#8330=DIRECTION('center_axis',(-0.707106781186548,0.707106781186548,0.));
#8331=DIRECTION('ref_axis',(0.707106781186547,0.707106781186547,0.));
#8332=DIRECTION('center_axis',(1.,0.,0.));
#8333=DIRECTION('ref_axis',(0.,-0.707106781186563,0.707106781186532));
#8334=DIRECTION('',(1.,0.,0.));
#8335=DIRECTION('center_axis',(-0.707106781186548,-0.707106781186548,0.));
#8336=DIRECTION('ref_axis',(-0.707106781186547,0.707106781186547,0.));
#8337=DIRECTION('center_axis',(0.,1.,0.));
#8338=DIRECTION('ref_axis',(0.707106781186548,0.,0.707106781186548));
#8339=DIRECTION('',(0.,1.,0.));
#8340=DIRECTION('center_axis',(-1.47701511036606E-16,1.,0.));
#8341=DIRECTION('ref_axis',(0.707106781186548,0.,0.707106781186548));
#8342=DIRECTION('center_axis',(0.,1.,0.));
#8343=DIRECTION('ref_axis',(0.,0.,1.));
#8344=DIRECTION('',(0.,0.,-1.));
#8345=DIRECTION('',(0.,0.,1.));
#8346=DIRECTION('',(1.,0.,0.));
#8347=DIRECTION('center_axis',(0.,-0.529998940003175,-0.847998304005091));
#8348=DIRECTION('ref_axis',(0.,0.847998304005091,-0.529998940003175));
#8349=DIRECTION('',(0.,-0.847998304005091,0.529998940003175));
#8350=DIRECTION('',(0.,0.847998304005091,-0.529998940003175));
#8351=DIRECTION('',(-1.,0.,0.));
#8352=DIRECTION('center_axis',(4.058048456679E-16,-0.529998940003177,-0.84799830400509));
#8353=DIRECTION('ref_axis',(6.27644827966356E-16,-0.84799830400509,0.529998940003177));
#8354=DIRECTION('',(6.27644827966356E-16,-0.84799830400509,0.529998940003177));
#8355=DIRECTION('',(-1.,7.65671051465625E-16,0.));
#8356=DIRECTION('',(6.27644827966356E-16,-0.84799830400509,0.529998940003177));
#8357=DIRECTION('',(-1.,-7.65671051465625E-16,0.));
#8358=DIRECTION('center_axis',(-7.65671051465625E-16,1.,0.));
#8359=DIRECTION('ref_axis',(0.,0.,-1.));
#8360=DIRECTION('',(0.,0.,-1.));
#8361=DIRECTION('',(0.,0.,-1.));
#8362=DIRECTION('center_axis',(-1.,0.,0.));
#8363=DIRECTION('ref_axis',(0.,1.,0.));
#8364=DIRECTION('',(0.,0.,-1.));
#8365=DIRECTION('center_axis',(0.,-1.,0.));
#8366=DIRECTION('ref_axis',(-1.,0.,0.));
#8367=DIRECTION('',(0.,0.,-1.));
#8368=DIRECTION('center_axis',(1.,0.,0.));
#8369=DIRECTION('ref_axis',(0.,-1.,0.));
#8370=DIRECTION('',(0.,0.,-1.));
#8371=DIRECTION('center_axis',(-7.65671051465625E-16,-1.,0.));
#8372=DIRECTION('ref_axis',(-1.,7.65671051465625E-16,0.));
#8373=DIRECTION('',(0.,0.,-1.));
#8374=DIRECTION('',(0.,0.,-1.));
#8375=DIRECTION('center_axis',(1.,7.40148683083438E-16,0.));
#8376=DIRECTION('ref_axis',(7.40148683083438E-16,-1.,0.));
#8377=DIRECTION('center_axis',(-1.,0.,0.));
#8378=DIRECTION('ref_axis',(0.,1.,0.));
#8379=DIRECTION('',(0.,0.,1.));
#8380=DIRECTION('center_axis',(1.47701511036606E-16,-1.,0.));
#8381=DIRECTION('ref_axis',(1.,1.47701511036606E-16,0.));
#8382=DIRECTION('center_axis',(0.40824829046386,-0.40824829046386,-0.816496580927729));
#8383=DIRECTION('ref_axis',(-0.577350269189624,0.577350269189627,-0.577350269189626));
#8384=DIRECTION('center_axis',(-1.,7.8739221604621E-17,0.));
#8385=DIRECTION('ref_axis',(0.,0.707106781186547,-0.707106781186548));
#8386=DIRECTION('center_axis',(0.,1.,0.));
#8387=DIRECTION('ref_axis',(-0.707106781186559,0.,-0.707106781186536));
#8388=DIRECTION('center_axis',(0.,-1.,0.));
#8389=DIRECTION('ref_axis',(-0.707106781186561,0.,-0.707106781186534));
#8390=DIRECTION('',(0.,-1.,0.));
#8391=DIRECTION('center_axis',(-0.408248290463864,0.408248290463858,-0.816496580927728));
#8392=DIRECTION('ref_axis',(-0.577350269189624,0.57735026918963,0.577350269189624));
#8393=DIRECTION('center_axis',(0.,1.,0.));
#8394=DIRECTION('ref_axis',(-0.707106781186548,0.,0.707106781186548));
#8395=DIRECTION('center_axis',(-1.,7.8739221604621E-17,0.));
#8396=DIRECTION('ref_axis',(0.,0.707106781186535,0.70710678118656));
#8397=DIRECTION('center_axis',(7.8739221604621E-17,1.,0.));
#8398=DIRECTION('ref_axis',(1.,-7.8739221604621E-17,0.));
#8399=DIRECTION('',(-1.,7.8739221604621E-17,0.));
#8400=DIRECTION('',(0.,0.,-1.));
#8401=DIRECTION('',(0.,0.,-1.));
#8402=DIRECTION('center_axis',(-1.,7.8739221604621E-17,0.));
#8403=DIRECTION('ref_axis',(0.,0.707106781186532,0.707106781186563));
#8404=DIRECTION('center_axis',(0.70710678118655,0.707106781186545,-2.616820764473E-15));
#8405=DIRECTION('ref_axis',(-0.707106781186545,0.70710678118655,2.61682076447298E-15));
#8406=DIRECTION('center_axis',(0.,-1.,0.));
#8407=DIRECTION('ref_axis',(-0.707106781186547,0.,0.707106781186547));
#8408=DIRECTION('center_axis',(0.408248290463864,0.408248290463858,-0.816496580927728));
#8409=DIRECTION('ref_axis',(0.577350269189624,0.57735026918963,0.577350269189624));
#8410=DIRECTION('center_axis',(0.,0.,1.));
#8411=DIRECTION('ref_axis',(1.,0.,0.));
#8412=DIRECTION('center_axis',(1.,0.,0.));
#8413=DIRECTION('ref_axis',(0.,0.707106781186536,0.707106781186559));
#8414=DIRECTION('center_axis',(0.,1.,0.));
#8415=DIRECTION('ref_axis',(0.707106781186548,0.,0.707106781186548));
#8416=DIRECTION('center_axis',(0.,0.,-1.));
#8417=DIRECTION('ref_axis',(0.707106781186561,0.707106781186534,0.));
#8418=DIRECTION('',(0.,0.,1.));
#8419=DIRECTION('center_axis',(0.,1.,0.));
#8420=DIRECTION('ref_axis',(0.707106781186547,0.,0.707106781186547));
#8421=DIRECTION('center_axis',(-0.40824829046386,-0.40824829046386,-0.816496580927729));
#8422=DIRECTION('ref_axis',(0.577350269189624,0.577350269189627,-0.577350269189626));
#8423=DIRECTION('center_axis',(0.,1.,0.));
#8424=DIRECTION('ref_axis',(0.707106781186559,0.,-0.707106781186536));
#8425=DIRECTION('center_axis',(1.,0.,0.));
#8426=DIRECTION('ref_axis',(0.,0.707106781186547,-0.707106781186548));
#8427=DIRECTION('center_axis',(-1.,0.,0.));
#8428=DIRECTION('ref_axis',(0.,0.707106781186548,-0.707106781186547));
#8429=DIRECTION('',(-1.,0.,0.));
#8430=DIRECTION('center_axis',(0.70710678118655,-0.707106781186545,-2.61682076447295E-15));
#8431=DIRECTION('ref_axis',(0.707106781186545,0.70710678118655,2.61682076447297E-15));
#8432=DIRECTION('center_axis',(0.,1.,0.));
#8433=DIRECTION('ref_axis',(0.707106781186561,0.,-0.707106781186534));
#8434=DIRECTION('',(0.,1.,0.));
#8435=DIRECTION('center_axis',(-0.816496580927728,-0.408248290463864,0.408248290463857));
#8436=DIRECTION('ref_axis',(-0.577350269189619,0.577350269189636,-0.577350269189622));
#8437=DIRECTION('center_axis',(0.,0.,-1.));
#8438=DIRECTION('ref_axis',(0.,1.,0.));
#8439=DIRECTION('center_axis',(-1.,1.48029736616687E-14,0.));
#8440=DIRECTION('ref_axis',(0.,0.,-1.));
#8441=DIRECTION('center_axis',(0.,1.,1.48029736616686E-14));
#8442=DIRECTION('ref_axis',(-1.,0.,0.));
#8443=DIRECTION('center_axis',(-1.,0.,0.));
#8444=DIRECTION('ref_axis',(0.,0.707106781186534,0.707106781186561));
#8445=DIRECTION('',(-1.,0.,0.));
#8446=DIRECTION('center_axis',(0.70710678118655,-0.707106781186545,0.));
#8447=DIRECTION('ref_axis',(0.707106781186545,0.70710678118655,0.));
#8448=DIRECTION('center_axis',(-0.816496580927724,0.408248290463868,-0.408248290463862));
#8449=DIRECTION('ref_axis',(0.577350269189629,0.577350269189629,-0.577350269189619));
#8450=DIRECTION('center_axis',(0.,0.,-1.));
#8451=DIRECTION('ref_axis',(1.,0.,0.));
#8452=DIRECTION('center_axis',(7.40148683083442E-15,1.,0.));
#8453=DIRECTION('ref_axis',(0.,0.,-1.));
#8454=DIRECTION('center_axis',(1.,0.,0.));
#8455=DIRECTION('ref_axis',(0.,1.,0.));
#8456=DIRECTION('center_axis',(0.,1.,0.));
#8457=DIRECTION('ref_axis',(0.707106781186547,0.,-0.707106781186547));
#8458=DIRECTION('',(0.,1.,0.));
#8459=DIRECTION('',(0.,-1.,0.));
#8460=DIRECTION('center_axis',(-0.408248290463865,0.408248290463853,-0.81649658092773));
#8461=DIRECTION('ref_axis',(-0.577350269189641,0.577350269189618,0.577350269189618));
#8462=DIRECTION('center_axis',(-1.48029736616688E-14,1.,0.));
#8463=DIRECTION('ref_axis',(0.,0.,1.));
#8464=DIRECTION('center_axis',(-1.,0.,-1.48029736616691E-14));
#8465=DIRECTION('ref_axis',(0.,1.,0.));
#8466=DIRECTION('center_axis',(0.,0.,1.));
#8467=DIRECTION('ref_axis',(-1.,0.,0.));
#8468=DIRECTION('center_axis',(-1.,0.,0.));
#8469=DIRECTION('ref_axis',(0.,0.707106781186542,-0.707106781186553));
#8470=DIRECTION('',(-1.,0.,0.));
#8471=DIRECTION('center_axis',(0.707106781186553,-0.707106781186542,0.));
#8472=DIRECTION('ref_axis',(0.707106781186542,0.707106781186553,0.));
#8473=DIRECTION('center_axis',(-0.816496580927724,0.408248290463868,0.408248290463862));
#8474=DIRECTION('ref_axis',(0.577350269189622,0.577350269189634,0.577350269189622));
#8475=DIRECTION('center_axis',(1.,0.,0.));
#8476=DIRECTION('ref_axis',(0.,0.,1.));
#8477=DIRECTION('center_axis',(0.,1.,-7.40148683083454E-15));
#8478=DIRECTION('ref_axis',(1.,0.,0.));
#8479=DIRECTION('center_axis',(0.,0.,1.));
#8480=DIRECTION('ref_axis',(0.,1.,0.));
#8481=DIRECTION('center_axis',(0.,1.,0.));
#8482=DIRECTION('ref_axis',(0.707106781186537,0.,0.707106781186558));
#8483=DIRECTION('',(0.,1.,0.));
#8484=DIRECTION('center_axis',(0.,0.,-1.));
#8485=DIRECTION('ref_axis',(0.707106781186547,0.707106781186547,0.));
#8486=DIRECTION('',(0.,0.,-1.));
#8487=DIRECTION('center_axis',(-0.816496580927724,-0.408248290463868,0.408248290463862));
#8488=DIRECTION('ref_axis',(-0.577350269189629,0.577350269189629,-0.577350269189619));
#8489=DIRECTION('center_axis',(0.,0.,-1.));
#8490=DIRECTION('ref_axis',(0.,1.,0.));
#8491=DIRECTION('center_axis',(-1.,0.,0.));
#8492=DIRECTION('ref_axis',(0.,0.,-1.));
#8493=DIRECTION('center_axis',(0.,1.,0.));
#8494=DIRECTION('ref_axis',(-1.,0.,0.));
#8495=DIRECTION('center_axis',(-0.816496580927724,0.408248290463868,-0.408248290463862));
#8496=DIRECTION('ref_axis',(0.577350269189629,0.577350269189629,-0.577350269189619));
#8497=DIRECTION('center_axis',(0.,0.,-1.));
#8498=DIRECTION('ref_axis',(1.,0.,0.));
#8499=DIRECTION('center_axis',(0.,1.,0.));
#8500=DIRECTION('ref_axis',(0.,0.,-1.));
#8501=DIRECTION('center_axis',(1.,0.,-2.96059473233373E-14));
#8502=DIRECTION('ref_axis',(0.,1.,0.));
#8503=DIRECTION('center_axis',(-9.15647855360953E-16,1.,0.));
#8504=DIRECTION('ref_axis',(0.707106781186537,0.,-0.707106781186558));
#8505=DIRECTION('',(-9.15647855360953E-16,1.,0.));
#8506=DIRECTION('',(9.15647855360953E-16,-1.,0.));
#8507=DIRECTION('center_axis',(-1.,0.,0.));
#8508=DIRECTION('ref_axis',(0.,0.707106781186537,-0.707106781186558));
#8509=DIRECTION('',(1.,0.,0.));
#8510=DIRECTION('',(-1.,0.,0.));
#8511=DIRECTION('center_axis',(-1.,0.,0.));
#8512=DIRECTION('ref_axis',(0.,0.707106781186532,0.707106781186563));
#8513=DIRECTION('center_axis',(0.70710678118655,-0.707106781186545,0.));
#8514=DIRECTION('ref_axis',(0.707106781186545,0.70710678118655,0.));
#8515=DIRECTION('center_axis',(-0.816496580927726,-0.408248290463863,-0.408248290463863));
#8516=DIRECTION('ref_axis',(-0.577350269189626,0.577350269189626,0.577350269189626));
#8517=DIRECTION('center_axis',(0.,1.,0.));
#8518=DIRECTION('ref_axis',(0.,0.,1.));
#8519=DIRECTION('center_axis',(-1.,0.,0.));
#8520=DIRECTION('ref_axis',(0.,1.,0.));
#8521=DIRECTION('center_axis',(0.,0.,1.));
#8522=DIRECTION('ref_axis',(-1.,0.,0.));
#8523=DIRECTION('center_axis',(0.408248290463865,0.408248290463853,-0.81649658092773));
#8524=DIRECTION('ref_axis',(0.577350269189634,0.577350269189622,0.577350269189622));
#8525=DIRECTION('center_axis',(1.,0.,0.));
#8526=DIRECTION('ref_axis',(0.,0.,1.));
#8527=DIRECTION('center_axis',(0.,1.,0.));
#8528=DIRECTION('ref_axis',(1.,0.,0.));
#8529=DIRECTION('center_axis',(0.,0.,1.));
#8530=DIRECTION('ref_axis',(0.,1.,0.));
#8531=DIRECTION('center_axis',(-9.15647855360953E-16,1.,0.));
#8532=DIRECTION('ref_axis',(0.707106781186527,0.,0.707106781186568));
#8533=DIRECTION('',(-9.15647855360953E-16,1.,0.));
#8534=DIRECTION('center_axis',(0.,0.,-1.));
#8535=DIRECTION('ref_axis',(0.707106781186547,0.707106781186547,0.));
#8536=DIRECTION('',(0.,0.,1.));
#8537=DIRECTION('',(0.,0.,-1.));
#8538=DIRECTION('center_axis',(-1.,0.,0.));
#8539=DIRECTION('ref_axis',(0.,0.707106781186527,0.707106781186568));
#8540=DIRECTION('',(-1.,0.,0.));
#8541=DIRECTION('center_axis',(0.,0.,-1.));
#8542=DIRECTION('ref_axis',(-0.707106781186547,0.707106781186547,0.));
#8543=DIRECTION('',(0.,0.,1.));
#8544=DIRECTION('',(0.,0.,-1.));
#8545=DIRECTION('center_axis',(4.57823927680477E-16,-1.,0.));
#8546=DIRECTION('ref_axis',(-0.707106781186527,0.,0.707106781186568));
#8547=DIRECTION('',(4.57823927680477E-16,-1.,0.));
#8548=DIRECTION('center_axis',(0.70710678118655,0.707106781186545,0.));
#8549=DIRECTION('ref_axis',(-0.707106781186545,0.70710678118655,0.));
#8550=DIRECTION('center_axis',(-1.,0.,0.));
#8551=DIRECTION('ref_axis',(0.,0.707106781186532,0.707106781186563));
#8552=DIRECTION('center_axis',(4.57823927680477E-16,-1.,0.));
#8553=DIRECTION('ref_axis',(-0.707106781186537,0.,-0.707106781186558));
#8554=DIRECTION('',(-4.57823927680477E-16,1.,0.));
#8555=DIRECTION('',(4.57823927680477E-16,-1.,0.));
#8556=DIRECTION('center_axis',(0.70710678118655,0.707106781186545,0.));
#8557=DIRECTION('ref_axis',(-0.707106781186545,0.70710678118655,0.));
#8558=DIRECTION('center_axis',(0.,0.,-1.));
#8559=DIRECTION('ref_axis',(-0.707106781186547,0.707106781186547,0.));
#8560=DIRECTION('',(0.,0.,1.));
#8561=DIRECTION('center_axis',(2.01858731750028E-16,-1.,0.));
#8562=DIRECTION('ref_axis',(-0.707106781186537,0.,0.707106781186558));
#8563=DIRECTION('',(2.01858731750028E-16,-1.,0.));
#8564=DIRECTION('center_axis',(-1.,0.,0.));
#8565=DIRECTION('ref_axis',(0.,0.707106781186542,-0.707106781186553));
#8566=DIRECTION('',(-1.,0.,0.));
#8567=DIRECTION('center_axis',(2.01858731750028E-16,-1.,0.));
#8568=DIRECTION('ref_axis',(-0.707106781186547,0.,-0.707106781186547));
#8569=DIRECTION('',(-2.01858731750028E-16,1.,0.));
#8570=DIRECTION('',(2.01858731750028E-16,-1.,0.));
#8571=DIRECTION('center_axis',(0.70710678118655,0.707106781186545,0.));
#8572=DIRECTION('ref_axis',(-0.707106781186545,0.70710678118655,0.));
#8573=DIRECTION('center_axis',(-1.,7.8739221604621E-17,0.));
#8574=DIRECTION('ref_axis',(0.,0.707106781186548,-0.707106781186547));
#8575=DIRECTION('',(-1.,7.8739221604621E-17,0.));
#8576=DIRECTION('center_axis',(-1.,-4.57823927680477E-16,0.));
#8577=DIRECTION('ref_axis',(-4.57823927680477E-16,1.,0.));
#8578=DIRECTION('',(-5.70272844483382E-32,-1.24561607640871E-16,1.));
#8579=DIRECTION('center_axis',(0.,1.,0.));
#8580=DIRECTION('ref_axis',(1.,0.,0.));
#8581=DIRECTION('',(0.,0.,-1.));
#8582=DIRECTION('center_axis',(-1.,-2.01858731750028E-16,0.));
#8583=DIRECTION('ref_axis',(-2.01858731750028E-16,1.,0.));
#8584=DIRECTION('',(0.,0.,1.));
#8585=DIRECTION('',(0.,1.,1.14850657719844E-16));
#8586=DIRECTION('',(0.,-1.29977329712213E-16,1.));
#8587=DIRECTION('',(0.,-1.,0.));
#8588=DIRECTION('',(0.,0.,1.));
#8589=DIRECTION('center_axis',(0.,1.,0.));
#8590=DIRECTION('ref_axis',(1.,0.,0.));
#8591=DIRECTION('',(0.,0.,-1.));
#8592=DIRECTION('center_axis',(0.,1.,1.24561607640871E-16));
#8593=DIRECTION('ref_axis',(-5.70272844483382E-32,-1.24561607640871E-16,
1.));
#8594=DIRECTION('center_axis',(0.,-1.,0.));
#8595=DIRECTION('ref_axis',(0.,0.,-1.));
#8596=DIRECTION('',(0.,0.,-1.));
#8597=DIRECTION('center_axis',(0.,0.,1.));
#8598=DIRECTION('ref_axis',(0.,-1.,0.));
#8599=DIRECTION('',(0.,-1.,0.));
#8600=DIRECTION('center_axis',(-1.,0.,0.));
#8601=DIRECTION('ref_axis',(0.,0.,1.));
#8602=DIRECTION('center_axis',(0.,1.14850657719844E-16,-1.));
#8603=DIRECTION('ref_axis',(0.,1.,1.14850657719844E-16));
#8604=DIRECTION('',(1.,0.,0.));
#8605=DIRECTION('center_axis',(0.,1.,0.));
#8606=DIRECTION('ref_axis',(0.,0.,1.));
#8607=DIRECTION('center_axis',(0.,1.,0.));
#8608=DIRECTION('ref_axis',(0.,0.,1.));
#8609=DIRECTION('',(1.,0.,0.));
#8610=DIRECTION('center_axis',(0.,0.,1.));
#8611=DIRECTION('ref_axis',(0.,-1.,0.));
#8612=DIRECTION('',(1.,0.,0.));
#8613=DIRECTION('center_axis',(0.,1.,1.29977329712213E-16));
#8614=DIRECTION('ref_axis',(0.,-1.29977329712213E-16,1.));
#8615=DIRECTION('center_axis',(0.,-1.14850657719844E-16,1.));
#8616=DIRECTION('ref_axis',(0.,1.,1.14850657719844E-16));
#8617=DIRECTION('',(0.,1.,1.14850657719844E-16));
#8618=DIRECTION('',(-1.,0.,0.));
#8619=DIRECTION('center_axis',(0.,-1.,0.));
#8620=DIRECTION('ref_axis',(0.,0.,1.));
#8621=DIRECTION('',(0.,0.,1.));
#8622=DIRECTION('center_axis',(0.,-1.,0.));
#8623=DIRECTION('ref_axis',(0.,0.,1.));
#8624=DIRECTION('',(0.,0.,1.));
#8625=DIRECTION('',(-1.,0.,0.));
#8626=DIRECTION('center_axis',(0.,0.,-1.));
#8627=DIRECTION('ref_axis',(0.,-1.,0.));
#8628=DIRECTION('',(0.,-1.,0.));
#8629=DIRECTION('',(-1.,0.,0.));
#8630=DIRECTION('center_axis',(0.,-1.,-1.29977329712213E-16));
#8631=DIRECTION('ref_axis',(0.,-1.29977329712213E-16,1.));
#8632=DIRECTION('',(0.,-1.29977329712213E-16,1.));
#8633=DIRECTION('center_axis',(0.,-1.,-1.24561607640871E-16));
#8634=DIRECTION('ref_axis',(5.70272844483382E-32,-1.24561607640871E-16,
1.));
#8635=DIRECTION('',(5.70272844483382E-32,-1.24561607640871E-16,1.));
#8636=DIRECTION('',(5.70272844483382E-32,-1.24561607640871E-16,1.));
#8637=DIRECTION('center_axis',(-1.,0.,0.));
#8638=DIRECTION('ref_axis',(0.,0.,1.));
#8639=DIRECTION('',(0.,-1.,0.));
#8640=DIRECTION('',(0.,-1.,0.));
#8641=DIRECTION('',(0.,-1.,0.));
#8642=DIRECTION('center_axis',(0.,-4.69709741187566E-16,1.));
#8643=DIRECTION('ref_axis',(0.,1.,4.69709741187566E-16));
#8644=DIRECTION('center_axis',(0.,1.,0.));
#8645=DIRECTION('ref_axis',(0.,0.,-1.));
#8646=DIRECTION('center_axis',(1.,0.,0.));
#8647=DIRECTION('ref_axis',(0.,-1.,0.));
#8648=DIRECTION('center_axis',(1.,9.15647855360953E-16,0.));
#8649=DIRECTION('ref_axis',(9.15647855360953E-16,-1.,0.));
#8650=DIRECTION('center_axis',(0.,0.,1.));
#8651=DIRECTION('ref_axis',(1.,0.,0.));
#8652=CARTESIAN_POINT('',(0.,0.,0.));
#8653=CARTESIAN_POINT('Origin',(-19.35,23.05,47.3));
#8654=CARTESIAN_POINT('',(-17.75,16.05,47.3));
#8655=CARTESIAN_POINT('',(-17.75,23.05,47.3));
#8656=CARTESIAN_POINT('',(-17.75,23.05,47.3));
#8657=CARTESIAN_POINT('',(-20.95,16.05,47.3));
#8658=CARTESIAN_POINT('Origin',(-19.35,16.05,47.3));
#8659=CARTESIAN_POINT('',(-20.95,21.25,47.3));
#8660=CARTESIAN_POINT('',(-20.95,23.05,47.3));
#8661=CARTESIAN_POINT('',(-19.35,21.25,45.7));
#8662=CARTESIAN_POINT('Origin',(-19.35,21.25,47.3));
#8663=CARTESIAN_POINT('',(-19.35,23.05,45.7));
#8664=CARTESIAN_POINT('',(-19.35,23.05,45.7));
#8665=CARTESIAN_POINT('Origin',(-19.35,23.05,47.3));
#8666=CARTESIAN_POINT('Origin',(-19.2,23.05,3.));
#8667=CARTESIAN_POINT('',(-18.45,23.05,3.));
#8668=CARTESIAN_POINT('Origin',(-19.2,23.05,3.));
#8669=CARTESIAN_POINT('',(-18.45,17.05,3.));
#8670=CARTESIAN_POINT('',(-18.45,23.05,3.));
#8671=CARTESIAN_POINT('Origin',(-19.2,17.05,3.));
#8672=CARTESIAN_POINT('Origin',(-19.2,17.05,3.));
#8673=CARTESIAN_POINT('Origin',(-19.2,23.05,103.));
#8674=CARTESIAN_POINT('',(-18.45,23.05,103.));
#8675=CARTESIAN_POINT('Origin',(-19.2,23.05,103.));
#8676=CARTESIAN_POINT('',(-18.45,17.05,103.));
#8677=CARTESIAN_POINT('',(-18.45,23.05,103.));
#8678=CARTESIAN_POINT('Origin',(-19.2,17.05,103.));
#8679=CARTESIAN_POINT('Origin',(-19.2,17.05,103.));
#8680=CARTESIAN_POINT('Origin',(19.2,23.05,103.));
#8681=CARTESIAN_POINT('',(19.95,23.05,103.));
#8682=CARTESIAN_POINT('Origin',(19.2,23.05,103.));
#8683=CARTESIAN_POINT('',(19.95,17.05,103.));
#8684=CARTESIAN_POINT('',(19.95,23.05,103.));
#8685=CARTESIAN_POINT('Origin',(19.2,17.05,103.));
#8686=CARTESIAN_POINT('Origin',(19.2,17.05,103.));
#8687=CARTESIAN_POINT('Origin',(19.2,23.05,2.99999999999999));
#8688=CARTESIAN_POINT('',(19.95,23.05,2.99999999999999));
#8689=CARTESIAN_POINT('Origin',(19.2,23.05,2.99999999999999));
#8690=CARTESIAN_POINT('',(19.95,17.05,2.99999999999999));
#8691=CARTESIAN_POINT('',(19.95,23.05,2.99999999999999));
#8692=CARTESIAN_POINT('Origin',(19.2,17.05,2.99999999999999));
#8693=CARTESIAN_POINT('Origin',(19.2,17.05,2.99999999999999));
#8694=CARTESIAN_POINT('Origin',(-19.35,23.05,47.3));
#8695=CARTESIAN_POINT('',(-19.35,23.05,48.9));
#8696=CARTESIAN_POINT('Origin',(-19.35,23.05,47.3));
#8697=CARTESIAN_POINT('',(-19.35,21.25,48.9));
#8698=CARTESIAN_POINT('',(-19.35,23.05,48.9));
#8699=CARTESIAN_POINT('Origin',(-19.35,21.25,47.3));
#8700=CARTESIAN_POINT('Origin',(-19.35,16.05,47.3));
#8701=CARTESIAN_POINT('Origin',(-19.35,16.05,47.3));
#8702=CARTESIAN_POINT('Origin',(-19.35,23.05,3.35));
#8703=CARTESIAN_POINT('',(-20.95,21.25,3.35));
#8704=CARTESIAN_POINT('',(-20.95,16.05,3.35));
#8705=CARTESIAN_POINT('',(-20.95,23.05,3.35));
#8706=CARTESIAN_POINT('',(-19.35,21.25,1.75));
#8707=CARTESIAN_POINT('Origin',(-19.35,21.25,3.35));
#8708=CARTESIAN_POINT('',(-19.35,16.05,1.75));
#8709=CARTESIAN_POINT('',(-19.35,23.05,1.75));
#8710=CARTESIAN_POINT('Origin',(-19.35,16.05,3.35));
#8711=CARTESIAN_POINT('Origin',(-19.35,23.05,3.35));
#8712=CARTESIAN_POINT('Origin',(-19.35,16.05,3.35));
#8713=CARTESIAN_POINT('',(-17.800806661517,21.25,2.95000000000002));
#8714=CARTESIAN_POINT('Origin',(-19.35,21.25,3.35));
#8715=CARTESIAN_POINT('',(-17.800806661517,23.05,2.95000000000002));
#8716=CARTESIAN_POINT('',(-17.800806661517,23.05,2.95000000000002));
#8717=CARTESIAN_POINT('',(-19.35,23.05,4.95));
#8718=CARTESIAN_POINT('Origin',(-19.35,23.05,3.35));
#8719=CARTESIAN_POINT('',(-19.35,21.25,4.95));
#8720=CARTESIAN_POINT('',(-19.35,23.05,4.95));
#8721=CARTESIAN_POINT('Origin',(-19.35,21.25,3.35));
#8722=CARTESIAN_POINT('Origin',(-19.35,16.05,3.35));
#8723=CARTESIAN_POINT('Origin',(19.35,23.05,102.65));
#8724=CARTESIAN_POINT('',(19.35,21.25,104.25));
#8725=CARTESIAN_POINT('',(19.35,16.05,104.25));
#8726=CARTESIAN_POINT('',(19.35,23.05,104.25));
#8727=CARTESIAN_POINT('',(17.800806661517,21.25,103.05));
#8728=CARTESIAN_POINT('Origin',(19.35,21.25,102.65));
#8729=CARTESIAN_POINT('',(17.800806661517,23.05,103.05));
#8730=CARTESIAN_POINT('',(17.800806661517,23.05,103.05));
#8731=CARTESIAN_POINT('',(19.35,23.05,101.05));
#8732=CARTESIAN_POINT('Origin',(19.35,23.05,102.65));
#8733=CARTESIAN_POINT('',(19.35,21.25,101.05));
#8734=CARTESIAN_POINT('',(19.35,23.05,101.05));
#8735=CARTESIAN_POINT('',(20.95,21.25,102.65));
#8736=CARTESIAN_POINT('Origin',(19.35,21.25,102.65));
#8737=CARTESIAN_POINT('',(20.95,16.05,102.65));
#8738=CARTESIAN_POINT('',(20.95,23.05,102.65));
#8739=CARTESIAN_POINT('Origin',(19.35,16.05,102.65));
#8740=CARTESIAN_POINT('Origin',(19.35,23.05,102.65));
#8741=CARTESIAN_POINT('Origin',(19.35,16.05,102.65));
#8742=CARTESIAN_POINT('Origin',(19.35,21.25,102.65));
#8743=CARTESIAN_POINT('Origin',(19.35,16.05,102.65));
#8744=CARTESIAN_POINT('Origin',(19.35,23.05,3.35000000000001));
#8745=CARTESIAN_POINT('',(20.95,21.25,3.35000000000001));
#8746=CARTESIAN_POINT('',(20.95,16.05,3.35000000000001));
#8747=CARTESIAN_POINT('',(20.95,23.05,3.35000000000001));
#8748=CARTESIAN_POINT('',(19.35,16.05,1.75));
#8749=CARTESIAN_POINT('Origin',(19.35,16.05,3.35000000000001));
#8750=CARTESIAN_POINT('',(19.35,21.25,1.75));
#8751=CARTESIAN_POINT('',(19.35,23.05,1.75));
#8752=CARTESIAN_POINT('Origin',(19.35,21.25,3.35000000000001));
#8753=CARTESIAN_POINT('Origin',(19.35,23.05,3.35000000000001));
#8754=CARTESIAN_POINT('',(17.800806661517,21.25,2.95000000000003));
#8755=CARTESIAN_POINT('',(17.800806661517,23.05,2.95000000000003));
#8756=CARTESIAN_POINT('',(17.800806661517,23.05,2.95000000000003));
#8757=CARTESIAN_POINT('Origin',(19.35,21.25,3.35000000000001));
#8758=CARTESIAN_POINT('Origin',(19.35,16.05,3.35000000000001));
#8759=CARTESIAN_POINT('',(19.35,21.25,4.95000000000001));
#8760=CARTESIAN_POINT('Origin',(19.35,21.25,3.35000000000001));
#8761=CARTESIAN_POINT('',(19.35,23.05,4.95000000000001));
#8762=CARTESIAN_POINT('',(19.35,23.05,4.95000000000001));
#8763=CARTESIAN_POINT('Origin',(19.35,23.05,3.35000000000001));
#8764=CARTESIAN_POINT('Origin',(19.35,16.05,3.35000000000001));
#8765=CARTESIAN_POINT('Origin',(-19.35,23.05,102.65));
#8766=CARTESIAN_POINT('',(-20.95,21.25,102.65));
#8767=CARTESIAN_POINT('',(-20.95,16.05,102.65));
#8768=CARTESIAN_POINT('',(-20.95,23.05,102.65));
#8769=CARTESIAN_POINT('',(-19.35,21.25,101.05));
#8770=CARTESIAN_POINT('Origin',(-19.35,21.25,102.65));
#8771=CARTESIAN_POINT('',(-19.35,23.05,101.05));
#8772=CARTESIAN_POINT('',(-19.35,23.05,101.05));
#8773=CARTESIAN_POINT('',(-17.800806661517,23.05,103.05));
#8774=CARTESIAN_POINT('Origin',(-19.35,23.05,102.65));
#8775=CARTESIAN_POINT('',(-17.800806661517,21.25,103.05));
#8776=CARTESIAN_POINT('',(-17.800806661517,23.05,103.05));
#8777=CARTESIAN_POINT('',(-19.35,21.25,104.25));
#8778=CARTESIAN_POINT('Origin',(-19.35,21.25,102.65));
#8779=CARTESIAN_POINT('',(-19.35,16.05,104.25));
#8780=CARTESIAN_POINT('',(-19.35,23.05,104.25));
#8781=CARTESIAN_POINT('Origin',(-19.35,16.05,102.65));
#8782=CARTESIAN_POINT('Origin',(-19.35,23.05,102.65));
#8783=CARTESIAN_POINT('Origin',(-19.35,16.05,102.65));
#8784=CARTESIAN_POINT('Origin',(-19.35,21.25,102.65));
#8785=CARTESIAN_POINT('Origin',(-19.35,16.05,102.65));
#8786=CARTESIAN_POINT('Origin',(19.35,23.05,58.7));
#8787=CARTESIAN_POINT('',(19.35,21.25,57.1));
#8788=CARTESIAN_POINT('',(19.35,23.05,57.1));
#8789=CARTESIAN_POINT('',(19.35,23.05,57.1));
#8790=CARTESIAN_POINT('',(20.95,21.25,58.7));
#8791=CARTESIAN_POINT('Origin',(19.35,21.25,58.7));
#8792=CARTESIAN_POINT('',(20.95,16.05,58.7));
#8793=CARTESIAN_POINT('',(20.95,23.05,58.7));
#8794=CARTESIAN_POINT('Origin',(19.35,16.05,58.7));
#8795=CARTESIAN_POINT('',(19.35,21.25,60.3));
#8796=CARTESIAN_POINT('Origin',(19.35,21.25,58.7));
#8797=CARTESIAN_POINT('',(19.35,23.05,60.3));
#8798=CARTESIAN_POINT('',(19.35,23.05,60.3));
#8799=CARTESIAN_POINT('Origin',(19.35,23.05,58.7));
#8800=CARTESIAN_POINT('Origin',(19.35,16.05,58.7));
#8801=CARTESIAN_POINT('Origin',(-19.8382274591661,23.05,39.2620567955217));
#8802=CARTESIAN_POINT('',(-19.3499999999999,23.05,38.25));
#8803=CARTESIAN_POINT('',(-19.35,23.05,50.));
#8804=CARTESIAN_POINT('',(-18.3499999999999,23.05,37.25));
#8805=CARTESIAN_POINT('Origin',(-19.3499999999999,23.05,37.25));
#8806=CARTESIAN_POINT('',(-18.35,23.05,32.15));
#8807=CARTESIAN_POINT('',(-18.3499999999999,23.05,37.25));
#8808=CARTESIAN_POINT('',(-19.3499999999999,23.05,31.15));
#8809=CARTESIAN_POINT('Origin',(-19.3499999999999,23.05,32.15));
#8810=CARTESIAN_POINT('',(-19.35,23.05,29.25));
#8811=CARTESIAN_POINT('',(-19.3499999999999,23.05,31.15));
#8812=CARTESIAN_POINT('',(-20.95,23.05,29.25));
#8813=CARTESIAN_POINT('',(-19.35,23.05,29.25));
#8814=CARTESIAN_POINT('',(-20.95,23.05,32.15));
#8815=CARTESIAN_POINT('',(-20.95,23.05,46.1310283977609));
#8816=CARTESIAN_POINT('',(-19.35,23.05,32.15));
#8817=CARTESIAN_POINT('',(-20.95,23.05,32.15));
#8818=CARTESIAN_POINT('',(-19.35,23.05,37.25));
#8819=CARTESIAN_POINT('',(-19.35,23.05,32.15));
#8820=CARTESIAN_POINT('',(-20.95,23.05,37.25));
#8821=CARTESIAN_POINT('',(-19.35,23.05,37.25));
#8822=CARTESIAN_POINT('',(-20.95,23.05,50.));
#8823=CARTESIAN_POINT('',(-20.95,23.05,46.1310283977609));
#8824=CARTESIAN_POINT('',(-19.35,23.05,50.));
#8825=CARTESIAN_POINT('',(-20.95,23.05,50.));
#8826=CARTESIAN_POINT('',(-19.35,23.05,50.));
#8827=CARTESIAN_POINT('Origin',(-19.8382274591661,21.25,39.2620567955217));
#8828=CARTESIAN_POINT('',(-19.35,21.25,50.));
#8829=CARTESIAN_POINT('',(-19.35,21.25,50.));
#8830=CARTESIAN_POINT('',(-20.95,21.25,50.));
#8831=CARTESIAN_POINT('',(-20.95,21.25,50.));
#8832=CARTESIAN_POINT('',(-20.95,21.25,46.1310283977609));
#8833=CARTESIAN_POINT('Origin',(-19.8382274591661,21.25,39.2620567955217));
#8834=CARTESIAN_POINT('',(-20.95,21.25,37.25));
#8835=CARTESIAN_POINT('',(-20.95,21.25,46.1310283977609));
#8836=CARTESIAN_POINT('',(-19.35,21.25,37.25));
#8837=CARTESIAN_POINT('',(-19.35,21.25,37.25));
#8838=CARTESIAN_POINT('',(-19.35,21.25,32.15));
#8839=CARTESIAN_POINT('',(-19.35,21.25,32.15));
#8840=CARTESIAN_POINT('',(-20.95,21.25,32.15));
#8841=CARTESIAN_POINT('',(-20.95,21.25,32.15));
#8842=CARTESIAN_POINT('',(-20.95,21.25,29.25));
#8843=CARTESIAN_POINT('',(-20.95,21.25,46.1310283977609));
#8844=CARTESIAN_POINT('',(-19.35,21.25,29.25));
#8845=CARTESIAN_POINT('',(-19.35,21.25,29.25));
#8846=CARTESIAN_POINT('',(-19.3499999999999,21.25,31.15));
#8847=CARTESIAN_POINT('',(-19.3499999999999,21.25,31.15));
#8848=CARTESIAN_POINT('',(-18.35,21.25,32.15));
#8849=CARTESIAN_POINT('Origin',(-19.3499999999999,21.25,32.15));
#8850=CARTESIAN_POINT('',(-18.3499999999999,21.25,37.25));
#8851=CARTESIAN_POINT('',(-18.3499999999999,21.25,37.25));
#8852=CARTESIAN_POINT('',(-19.3499999999999,21.25,38.25));
#8853=CARTESIAN_POINT('Origin',(-19.3499999999999,21.25,37.25));
#8854=CARTESIAN_POINT('',(-19.35,21.25,50.));
#8855=CARTESIAN_POINT('Origin',(-19.3499999999999,23.05,38.25));
#8856=CARTESIAN_POINT('',(-19.35,23.05,50.));
#8857=CARTESIAN_POINT('Origin',(-19.35,23.05,2.95000000000002));
#8858=CARTESIAN_POINT('',(-19.35,23.05,23.25));
#8859=CARTESIAN_POINT('',(-19.35,23.05,23.25));
#8860=CARTESIAN_POINT('',(-19.35,21.25,23.25));
#8861=CARTESIAN_POINT('',(-19.35,23.05,23.25));
#8862=CARTESIAN_POINT('',(-19.35,21.25,23.25));
#8863=CARTESIAN_POINT('Origin',(-16.1991116751269,21.25,8.3008883248731));
#8864=CARTESIAN_POINT('',(-3.05000000000001,21.25,1.75));
#8865=CARTESIAN_POINT('',(-8.09955583756345,21.25,1.75));
#8866=CARTESIAN_POINT('',(-3.05000000000001,21.25,2.95000000000002));
#8867=CARTESIAN_POINT('',(-3.05000000000001,21.25,2.95000000000002));
#8868=CARTESIAN_POINT('',(-19.35,21.25,2.95000000000002));
#8869=CARTESIAN_POINT('Origin',(-16.1991116751269,21.25,8.3008883248731));
#8870=CARTESIAN_POINT('',(-20.95,21.25,1.75));
#8871=CARTESIAN_POINT('',(-20.95,21.25,30.6504441624366));
#8872=CARTESIAN_POINT('',(-8.09955583756345,21.25,1.75));
#8873=CARTESIAN_POINT('Origin',(-16.1991116751269,23.05,8.3008883248731));
#8874=CARTESIAN_POINT('',(-20.95,23.05,23.25));
#8875=CARTESIAN_POINT('',(-20.95,23.05,1.75));
#8876=CARTESIAN_POINT('',(-20.95,23.05,30.6504441624366));
#8877=CARTESIAN_POINT('',(-20.95,23.05,23.25));
#8878=CARTESIAN_POINT('',(-3.05000000000001,23.05,2.95000000000002));
#8879=CARTESIAN_POINT('',(-19.35,23.05,2.95000000000002));
#8880=CARTESIAN_POINT('',(-3.05000000000001,23.05,1.75));
#8881=CARTESIAN_POINT('',(-3.05000000000001,23.05,2.95000000000002));
#8882=CARTESIAN_POINT('',(-8.09955583756345,23.05,1.75));
#8883=CARTESIAN_POINT('Origin',(16.1991116751269,21.25,97.6991116751269));
#8884=CARTESIAN_POINT('',(19.35,21.25,82.75));
#8885=CARTESIAN_POINT('',(19.35,21.25,82.75));
#8886=CARTESIAN_POINT('',(20.95,21.25,82.75));
#8887=CARTESIAN_POINT('',(20.95,21.25,82.75));
#8888=CARTESIAN_POINT('',(20.95,21.25,75.3495558375635));
#8889=CARTESIAN_POINT('Origin',(16.1991116751269,21.25,97.6991116751269));
#8890=CARTESIAN_POINT('',(20.95,21.25,104.25));
#8891=CARTESIAN_POINT('',(20.95,21.25,75.3495558375635));
#8892=CARTESIAN_POINT('',(8.09955583756345,21.25,104.25));
#8893=CARTESIAN_POINT('Origin',(19.35,23.05,103.05));
#8894=CARTESIAN_POINT('',(19.35,23.05,82.75));
#8895=CARTESIAN_POINT('',(19.35,23.05,82.75));
#8896=CARTESIAN_POINT('',(19.35,23.05,82.75));
#8897=CARTESIAN_POINT('Origin',(16.1991116751269,23.05,8.30088832487311));
#8898=CARTESIAN_POINT('',(20.95,23.05,1.75000000000001));
#8899=CARTESIAN_POINT('',(20.95,23.05,23.25));
#8900=CARTESIAN_POINT('',(20.95,23.05,30.6504441624366));
#8901=CARTESIAN_POINT('',(3.04999999999999,23.05,1.75));
#8902=CARTESIAN_POINT('',(8.09955583756344,23.05,1.75));
#8903=CARTESIAN_POINT('',(3.04999999999999,23.05,2.95000000000003));
#8904=CARTESIAN_POINT('',(3.04999999999999,23.05,2.95000000000003));
#8905=CARTESIAN_POINT('',(19.35,23.05,2.95000000000003));
#8906=CARTESIAN_POINT('',(19.35,23.05,23.25));
#8907=CARTESIAN_POINT('',(19.35,23.05,23.25));
#8908=CARTESIAN_POINT('',(20.95,23.05,23.25));
#8909=CARTESIAN_POINT('Origin',(19.35,23.05,23.25));
#8910=CARTESIAN_POINT('',(19.35,21.25,23.25));
#8911=CARTESIAN_POINT('',(19.35,21.25,23.25));
#8912=CARTESIAN_POINT('',(19.35,23.05,23.25));
#8913=CARTESIAN_POINT('Origin',(16.1991116751269,21.25,8.30088832487311));
#8914=CARTESIAN_POINT('',(20.95,21.25,1.75000000000001));
#8915=CARTESIAN_POINT('',(8.09955583756344,21.25,1.75));
#8916=CARTESIAN_POINT('',(20.95,21.25,30.6504441624366));
#8917=CARTESIAN_POINT('Origin',(16.1991116751269,21.25,8.30088832487311));
#8918=CARTESIAN_POINT('',(20.95,21.25,23.25));
#8919=CARTESIAN_POINT('',(20.95,21.25,30.6504441624366));
#8920=CARTESIAN_POINT('',(20.95,21.25,23.25));
#8921=CARTESIAN_POINT('Origin',(-16.1991116751269,23.05,97.6991116751269));
#8922=CARTESIAN_POINT('',(-19.35,23.05,82.75));
#8923=CARTESIAN_POINT('',(-19.35,23.05,82.75));
#8924=CARTESIAN_POINT('',(-20.95,23.05,82.75));
#8925=CARTESIAN_POINT('',(-20.95,23.05,82.75));
#8926=CARTESIAN_POINT('',(-20.95,23.05,104.25));
#8927=CARTESIAN_POINT('',(-20.95,23.05,75.3495558375635));
#8928=CARTESIAN_POINT('',(-3.05,23.05,104.25));
#8929=CARTESIAN_POINT('',(-8.09955583756345,23.05,104.25));
#8930=CARTESIAN_POINT('',(-3.05,23.05,103.05));
#8931=CARTESIAN_POINT('',(-3.05,23.05,103.05));
#8932=CARTESIAN_POINT('',(-19.35,23.05,103.05));
#8933=CARTESIAN_POINT('Origin',(-16.1991116751269,21.25,97.6991116751269));
#8934=CARTESIAN_POINT('',(-20.95,21.25,104.25));
#8935=CARTESIAN_POINT('',(-8.09955583756345,21.25,104.25));
#8936=CARTESIAN_POINT('',(-20.95,21.25,75.3495558375635));
#8937=CARTESIAN_POINT('Origin',(-16.1991116751269,21.25,97.6991116751269));
#8938=CARTESIAN_POINT('',(-3.05,21.25,103.05));
#8939=CARTESIAN_POINT('',(-19.35,21.25,103.05));
#8940=CARTESIAN_POINT('',(-3.05,21.25,104.25));
#8941=CARTESIAN_POINT('',(-3.05,21.25,103.05));
#8942=CARTESIAN_POINT('',(-8.09955583756345,21.25,104.25));
#8943=CARTESIAN_POINT('Origin',(-16.1991116751269,21.25,97.6991116751269));
#8944=CARTESIAN_POINT('',(-20.95,21.25,82.75));
#8945=CARTESIAN_POINT('',(-20.95,21.25,75.3495558375635));
#8946=CARTESIAN_POINT('',(-19.35,21.25,82.75));
#8947=CARTESIAN_POINT('',(-20.95,21.25,82.75));
#8948=CARTESIAN_POINT('',(-19.35,21.25,82.75));
#8949=CARTESIAN_POINT('Origin',(19.8382274591661,21.25,66.7379432044783));
#8950=CARTESIAN_POINT('',(20.95,21.25,68.75));
#8951=CARTESIAN_POINT('',(20.95,21.25,59.8689716022391));
#8952=CARTESIAN_POINT('',(19.35,21.25,68.75));
#8953=CARTESIAN_POINT('',(20.95,21.25,68.75));
#8954=CARTESIAN_POINT('',(19.35,21.25,73.85));
#8955=CARTESIAN_POINT('',(19.35,21.25,68.75));
#8956=CARTESIAN_POINT('',(20.95,21.25,73.85));
#8957=CARTESIAN_POINT('',(19.35,21.25,73.85));
#8958=CARTESIAN_POINT('',(20.95,21.25,76.75));
#8959=CARTESIAN_POINT('',(20.95,21.25,59.8689716022391));
#8960=CARTESIAN_POINT('',(19.35,21.25,76.75));
#8961=CARTESIAN_POINT('',(20.95,21.25,76.75));
#8962=CARTESIAN_POINT('',(19.35,21.25,74.85));
#8963=CARTESIAN_POINT('',(19.35,21.25,76.75));
#8964=CARTESIAN_POINT('',(18.35,21.25,73.85));
#8965=CARTESIAN_POINT('Origin',(19.35,21.25,73.85));
#8966=CARTESIAN_POINT('',(18.35,21.25,68.75));
#8967=CARTESIAN_POINT('',(18.35,21.25,73.85));
#8968=CARTESIAN_POINT('',(19.35,21.25,67.75));
#8969=CARTESIAN_POINT('Origin',(19.35,21.25,68.75));
#8970=CARTESIAN_POINT('',(19.35,21.25,67.75));
#8971=CARTESIAN_POINT('Origin',(19.8382274591661,23.05,66.7379432044783));
#8972=CARTESIAN_POINT('',(20.95,23.05,56.));
#8973=CARTESIAN_POINT('',(20.95,23.05,68.75));
#8974=CARTESIAN_POINT('',(20.95,23.05,59.8689716022391));
#8975=CARTESIAN_POINT('',(19.35,23.05,56.));
#8976=CARTESIAN_POINT('',(19.35,23.05,56.));
#8977=CARTESIAN_POINT('',(19.35,23.05,67.75));
#8978=CARTESIAN_POINT('',(19.35,23.05,67.75));
#8979=CARTESIAN_POINT('',(19.35,23.05,67.75));
#8980=CARTESIAN_POINT('',(18.35,23.05,68.75));
#8981=CARTESIAN_POINT('Origin',(19.35,23.05,68.75));
#8982=CARTESIAN_POINT('',(18.35,23.05,73.85));
#8983=CARTESIAN_POINT('',(18.35,23.05,73.85));
#8984=CARTESIAN_POINT('',(19.35,23.05,74.85));
#8985=CARTESIAN_POINT('Origin',(19.35,23.05,73.85));
#8986=CARTESIAN_POINT('',(19.35,23.05,76.75));
#8987=CARTESIAN_POINT('',(19.35,23.05,76.75));
#8988=CARTESIAN_POINT('',(20.95,23.05,76.75));
#8989=CARTESIAN_POINT('',(20.95,23.05,76.75));
#8990=CARTESIAN_POINT('',(20.95,23.05,73.85));
#8991=CARTESIAN_POINT('',(20.95,23.05,59.8689716022391));
#8992=CARTESIAN_POINT('',(19.35,23.05,73.85));
#8993=CARTESIAN_POINT('',(19.35,23.05,73.85));
#8994=CARTESIAN_POINT('',(19.35,23.05,68.75));
#8995=CARTESIAN_POINT('',(19.35,23.05,68.75));
#8996=CARTESIAN_POINT('',(20.95,23.05,68.75));
#8997=CARTESIAN_POINT('Origin',(19.35,23.05,67.75));
#8998=CARTESIAN_POINT('',(19.35,23.05,67.75));
#8999=CARTESIAN_POINT('Origin',(19.35,23.05,67.75));
#9000=CARTESIAN_POINT('',(19.35,21.25,56.));
#9001=CARTESIAN_POINT('',(19.35,23.05,56.));
#9002=CARTESIAN_POINT('',(19.35,21.25,67.75));
#9003=CARTESIAN_POINT('Origin',(3.04999999999998,23.05,104.25));
#9004=CARTESIAN_POINT('',(3.04999999999998,23.05,103.05));
#9005=CARTESIAN_POINT('',(3.04999999999998,23.05,104.25));
#9006=CARTESIAN_POINT('',(3.04999999999998,23.05,103.05));
#9007=CARTESIAN_POINT('',(3.04999999999998,21.25,103.05));
#9008=CARTESIAN_POINT('',(3.04999999999998,23.05,103.05));
#9009=CARTESIAN_POINT('',(3.04999999999998,21.25,104.25));
#9010=CARTESIAN_POINT('',(3.04999999999998,21.25,103.05));
#9011=CARTESIAN_POINT('',(3.04999999999998,9.65489709013485,104.25));
#9012=CARTESIAN_POINT('Origin',(19.35,23.05,82.75));
#9013=CARTESIAN_POINT('',(20.95,23.05,82.75));
#9014=CARTESIAN_POINT('',(20.95,23.05,82.75));
#9015=CARTESIAN_POINT('',(20.95,21.775,82.75));
#9016=CARTESIAN_POINT('Origin',(3.04999999999998,23.05,103.05));
#9017=CARTESIAN_POINT('',(19.35,21.25,103.05));
#9018=CARTESIAN_POINT('',(19.35,23.05,103.05));
#9019=CARTESIAN_POINT('Origin',(16.1991116751269,23.05,97.6991116751269));
#9020=CARTESIAN_POINT('',(20.95,23.05,104.25));
#9021=CARTESIAN_POINT('',(8.09955583756345,23.05,104.25));
#9022=CARTESIAN_POINT('',(20.95,23.05,75.3495558375635));
#9023=CARTESIAN_POINT('Origin',(16.1991116751269,21.25,97.6991116751269));
#9024=CARTESIAN_POINT('',(8.09955583756345,21.25,104.25));
#9025=CARTESIAN_POINT('Origin',(-19.35,23.05,82.75));
#9026=CARTESIAN_POINT('',(-19.35,23.05,82.75));
#9027=CARTESIAN_POINT('Origin',(-20.95,23.05,82.75));
#9028=CARTESIAN_POINT('',(-20.95,21.775,82.75));
#9029=CARTESIAN_POINT('Origin',(-3.05,23.05,103.05));
#9030=CARTESIAN_POINT('',(-3.05,9.65489709013485,104.25));
#9031=CARTESIAN_POINT('',(-3.05,23.05,103.05));
#9032=CARTESIAN_POINT('Origin',(-19.35,23.05,103.05));
#9033=CARTESIAN_POINT('Origin',(-19.35,23.05,32.15));
#9034=CARTESIAN_POINT('',(-20.95,21.775,32.15));
#9035=CARTESIAN_POINT('',(-19.35,23.05,32.15));
#9036=CARTESIAN_POINT('Origin',(-19.35,23.05,37.25));
#9037=CARTESIAN_POINT('',(-19.35,23.05,37.25));
#9038=CARTESIAN_POINT('Origin',(-20.95,23.05,37.25));
#9039=CARTESIAN_POINT('',(-20.95,21.775,37.25));
#9040=CARTESIAN_POINT('Origin',(-19.35,23.05,50.));
#9041=CARTESIAN_POINT('',(-20.95,21.775,50.));
#9042=CARTESIAN_POINT('Origin',(-19.3499999999999,23.05,38.25));
#9043=CARTESIAN_POINT('',(-19.3499999999999,23.05,38.25));
#9044=CARTESIAN_POINT('Origin',(-19.3499999999999,23.05,37.25));
#9045=CARTESIAN_POINT('',(-18.3499999999999,23.05,37.25));
#9046=CARTESIAN_POINT('Origin',(-18.35,23.05,32.15));
#9047=CARTESIAN_POINT('',(-18.35,23.05,32.15));
#9048=CARTESIAN_POINT('Origin',(-19.3499999999999,23.05,32.15));
#9049=CARTESIAN_POINT('',(-19.3499999999999,23.05,31.15));
#9050=CARTESIAN_POINT('Origin',(-19.35,23.05,29.25));
#9051=CARTESIAN_POINT('',(-19.35,23.05,29.25));
#9052=CARTESIAN_POINT('Origin',(-20.95,23.05,29.25));
#9053=CARTESIAN_POINT('',(-20.95,21.775,29.25));
#9054=CARTESIAN_POINT('Origin',(19.35,23.05,73.85));
#9055=CARTESIAN_POINT('',(20.95,21.775,73.85));
#9056=CARTESIAN_POINT('',(19.35,23.05,73.85));
#9057=CARTESIAN_POINT('Origin',(19.35,23.05,68.75));
#9058=CARTESIAN_POINT('',(19.35,23.05,68.75));
#9059=CARTESIAN_POINT('Origin',(20.95,23.05,68.75));
#9060=CARTESIAN_POINT('',(20.95,21.775,68.75));
#9061=CARTESIAN_POINT('Origin',(19.35,23.05,56.));
#9062=CARTESIAN_POINT('',(20.95,21.25,56.));
#9063=CARTESIAN_POINT('',(20.95,21.775,56.));
#9064=CARTESIAN_POINT('',(19.35,21.25,56.));
#9065=CARTESIAN_POINT('Origin',(19.35,23.05,68.75));
#9066=CARTESIAN_POINT('',(18.35,23.05,68.75));
#9067=CARTESIAN_POINT('Origin',(18.35,23.05,73.85));
#9068=CARTESIAN_POINT('',(18.35,23.05,73.85));
#9069=CARTESIAN_POINT('Origin',(19.35,23.05,73.85));
#9070=CARTESIAN_POINT('',(19.35,23.05,74.85));
#9071=CARTESIAN_POINT('Origin',(19.35,23.05,76.75));
#9072=CARTESIAN_POINT('',(19.35,23.05,76.75));
#9073=CARTESIAN_POINT('Origin',(20.95,23.05,76.75));
#9074=CARTESIAN_POINT('',(20.95,21.775,76.75));
#9075=CARTESIAN_POINT('Origin',(19.8382274591661,21.25,66.7379432044783));
#9076=CARTESIAN_POINT('',(20.95,21.25,59.8689716022391));
#9077=CARTESIAN_POINT('Origin',(19.35,23.05,31.15));
#9078=CARTESIAN_POINT('',(19.35,23.05,31.15));
#9079=CARTESIAN_POINT('',(19.35,23.05,29.25));
#9080=CARTESIAN_POINT('',(19.35,23.05,31.15));
#9081=CARTESIAN_POINT('',(19.35,21.25,29.25));
#9082=CARTESIAN_POINT('',(19.35,23.05,29.25));
#9083=CARTESIAN_POINT('',(19.35,21.25,31.15));
#9084=CARTESIAN_POINT('',(19.35,21.25,31.15));
#9085=CARTESIAN_POINT('',(19.35,23.05,31.15));
#9086=CARTESIAN_POINT('Origin',(19.35,23.05,32.15));
#9087=CARTESIAN_POINT('',(18.35,23.05,32.15));
#9088=CARTESIAN_POINT('Origin',(19.35,23.05,32.15));
#9089=CARTESIAN_POINT('',(18.35,21.25,32.15));
#9090=CARTESIAN_POINT('Origin',(19.35,21.25,32.15));
#9091=CARTESIAN_POINT('',(18.35,23.05,32.15));
#9092=CARTESIAN_POINT('Origin',(18.35,23.05,37.25));
#9093=CARTESIAN_POINT('',(18.35,23.05,37.25));
#9094=CARTESIAN_POINT('',(18.35,23.05,37.25));
#9095=CARTESIAN_POINT('',(18.35,21.25,37.25));
#9096=CARTESIAN_POINT('',(18.35,21.25,37.25));
#9097=CARTESIAN_POINT('',(18.35,23.05,37.25));
#9098=CARTESIAN_POINT('Origin',(19.35,23.05,37.25));
#9099=CARTESIAN_POINT('',(19.35,23.05,38.25));
#9100=CARTESIAN_POINT('Origin',(19.35,23.05,37.25));
#9101=CARTESIAN_POINT('',(19.35,21.25,38.25));
#9102=CARTESIAN_POINT('Origin',(19.35,21.25,37.25));
#9103=CARTESIAN_POINT('',(19.35,23.05,38.25));
#9104=CARTESIAN_POINT('Origin',(19.35,23.05,50.));
#9105=CARTESIAN_POINT('',(19.35,23.05,50.));
#9106=CARTESIAN_POINT('',(19.35,23.05,50.));
#9107=CARTESIAN_POINT('',(19.35,21.25,50.));
#9108=CARTESIAN_POINT('',(19.35,21.25,50.));
#9109=CARTESIAN_POINT('',(19.35,23.05,50.));
#9110=CARTESIAN_POINT('Origin',(20.95,23.05,50.));
#9111=CARTESIAN_POINT('',(20.95,23.05,50.));
#9112=CARTESIAN_POINT('',(20.95,23.05,50.));
#9113=CARTESIAN_POINT('',(20.95,21.25,50.));
#9114=CARTESIAN_POINT('',(20.95,21.25,50.));
#9115=CARTESIAN_POINT('',(20.95,21.775,50.));
#9116=CARTESIAN_POINT('Origin',(19.35,23.05,37.25));
#9117=CARTESIAN_POINT('',(19.35,23.05,37.25));
#9118=CARTESIAN_POINT('',(20.95,23.05,37.25));
#9119=CARTESIAN_POINT('',(19.35,23.05,37.25));
#9120=CARTESIAN_POINT('',(20.95,21.25,37.25));
#9121=CARTESIAN_POINT('',(20.95,21.775,37.25));
#9122=CARTESIAN_POINT('',(19.35,21.25,37.25));
#9123=CARTESIAN_POINT('',(19.35,21.25,37.25));
#9124=CARTESIAN_POINT('',(19.35,23.05,37.25));
#9125=CARTESIAN_POINT('Origin',(19.35,23.05,32.15));
#9126=CARTESIAN_POINT('',(19.35,23.05,32.15));
#9127=CARTESIAN_POINT('',(19.35,23.05,32.15));
#9128=CARTESIAN_POINT('',(19.35,21.25,32.15));
#9129=CARTESIAN_POINT('',(19.35,21.25,32.15));
#9130=CARTESIAN_POINT('',(19.35,23.05,32.15));
#9131=CARTESIAN_POINT('Origin',(20.95,23.05,32.15));
#9132=CARTESIAN_POINT('',(20.95,23.05,32.15));
#9133=CARTESIAN_POINT('',(20.95,23.05,32.15));
#9134=CARTESIAN_POINT('',(20.95,21.25,32.15));
#9135=CARTESIAN_POINT('',(20.95,21.25,32.15));
#9136=CARTESIAN_POINT('',(20.95,21.775,32.15));
#9137=CARTESIAN_POINT('Origin',(19.35,23.05,29.25));
#9138=CARTESIAN_POINT('',(20.95,23.05,29.25));
#9139=CARTESIAN_POINT('',(19.35,23.05,29.25));
#9140=CARTESIAN_POINT('',(20.95,21.25,29.25));
#9141=CARTESIAN_POINT('',(20.95,21.775,29.25));
#9142=CARTESIAN_POINT('',(19.35,21.25,29.25));
#9143=CARTESIAN_POINT('Origin',(19.8382274591661,21.25,39.2620567955217));
#9144=CARTESIAN_POINT('',(20.95,21.25,46.1310283977609));
#9145=CARTESIAN_POINT('',(20.95,21.25,46.1310283977609));
#9146=CARTESIAN_POINT('Origin',(19.8382274591661,23.05,39.2620567955217));
#9147=CARTESIAN_POINT('',(20.95,23.05,46.1310283977609));
#9148=CARTESIAN_POINT('',(20.95,23.05,46.1310283977609));
#9149=CARTESIAN_POINT('Origin',(-19.3499999999999,23.05,74.85));
#9150=CARTESIAN_POINT('',(-19.3499999999999,23.05,74.85));
#9151=CARTESIAN_POINT('',(-19.35,23.05,76.75));
#9152=CARTESIAN_POINT('',(-19.3499999999999,23.05,74.85));
#9153=CARTESIAN_POINT('',(-19.35,21.25,76.75));
#9154=CARTESIAN_POINT('',(-19.35,23.05,76.75));
#9155=CARTESIAN_POINT('',(-19.3499999999999,21.25,74.85));
#9156=CARTESIAN_POINT('',(-19.3499999999999,21.25,74.85));
#9157=CARTESIAN_POINT('',(-19.3499999999999,23.05,74.85));
#9158=CARTESIAN_POINT('Origin',(-19.3499999999999,23.05,73.85));
#9159=CARTESIAN_POINT('',(-18.3499999999999,23.05,73.85));
#9160=CARTESIAN_POINT('Origin',(-19.3499999999999,23.05,73.85));
#9161=CARTESIAN_POINT('',(-18.3499999999999,21.25,73.85));
#9162=CARTESIAN_POINT('Origin',(-19.3499999999999,21.25,73.85));
#9163=CARTESIAN_POINT('',(-18.3499999999999,23.05,73.85));
#9164=CARTESIAN_POINT('Origin',(-18.3499999999999,23.05,68.75));
#9165=CARTESIAN_POINT('',(-18.3499999999999,23.05,68.75));
#9166=CARTESIAN_POINT('',(-18.3499999999999,23.05,68.75));
#9167=CARTESIAN_POINT('',(-18.3499999999999,21.25,68.75));
#9168=CARTESIAN_POINT('',(-18.3499999999999,21.25,68.75));
#9169=CARTESIAN_POINT('',(-18.3499999999999,23.05,68.75));
#9170=CARTESIAN_POINT('Origin',(-19.3499999999999,23.05,68.75));
#9171=CARTESIAN_POINT('',(-19.3499999999999,23.05,67.75));
#9172=CARTESIAN_POINT('Origin',(-19.3499999999999,23.05,68.75));
#9173=CARTESIAN_POINT('',(-19.3499999999999,21.25,67.75));
#9174=CARTESIAN_POINT('Origin',(-19.3499999999999,21.25,68.75));
#9175=CARTESIAN_POINT('',(-19.3499999999999,23.05,67.75));
#9176=CARTESIAN_POINT('Origin',(-19.35,23.05,56.));
#9177=CARTESIAN_POINT('',(-19.35,23.05,56.));
#9178=CARTESIAN_POINT('',(-19.35,23.05,56.));
#9179=CARTESIAN_POINT('',(-19.35,21.25,56.));
#9180=CARTESIAN_POINT('',(-19.35,21.25,56.));
#9181=CARTESIAN_POINT('',(-19.35,23.05,56.));
#9182=CARTESIAN_POINT('Origin',(-20.95,23.05,56.));
#9183=CARTESIAN_POINT('',(-20.95,23.05,56.));
#9184=CARTESIAN_POINT('',(-20.95,23.05,56.));
#9185=CARTESIAN_POINT('',(-20.95,21.25,56.));
#9186=CARTESIAN_POINT('',(-20.95,21.25,56.));
#9187=CARTESIAN_POINT('',(-20.95,21.775,56.));
#9188=CARTESIAN_POINT('Origin',(-19.35,23.05,68.75));
#9189=CARTESIAN_POINT('',(-19.35,23.05,68.75));
#9190=CARTESIAN_POINT('',(-20.95,23.05,68.75));
#9191=CARTESIAN_POINT('',(-19.35,23.05,68.75));
#9192=CARTESIAN_POINT('',(-20.95,21.25,68.75));
#9193=CARTESIAN_POINT('',(-20.95,21.775,68.75));
#9194=CARTESIAN_POINT('',(-19.35,21.25,68.75));
#9195=CARTESIAN_POINT('',(-19.35,21.25,68.75));
#9196=CARTESIAN_POINT('',(-19.35,23.05,68.75));
#9197=CARTESIAN_POINT('Origin',(-19.35,23.05,73.85));
#9198=CARTESIAN_POINT('',(-19.35,23.05,73.85));
#9199=CARTESIAN_POINT('',(-19.35,23.05,73.85));
#9200=CARTESIAN_POINT('',(-19.35,21.25,73.85));
#9201=CARTESIAN_POINT('',(-19.35,21.25,73.85));
#9202=CARTESIAN_POINT('',(-19.35,23.05,73.85));
#9203=CARTESIAN_POINT('Origin',(-20.95,23.05,73.85));
#9204=CARTESIAN_POINT('',(-20.95,23.05,73.85));
#9205=CARTESIAN_POINT('',(-20.95,23.05,73.85));
#9206=CARTESIAN_POINT('',(-20.95,21.25,73.85));
#9207=CARTESIAN_POINT('',(-20.95,21.25,73.85));
#9208=CARTESIAN_POINT('',(-20.95,21.775,73.85));
#9209=CARTESIAN_POINT('Origin',(-19.35,23.05,76.75));
#9210=CARTESIAN_POINT('',(-20.95,23.05,76.75));
#9211=CARTESIAN_POINT('',(-19.35,23.05,76.75));
#9212=CARTESIAN_POINT('',(-20.95,21.25,76.75));
#9213=CARTESIAN_POINT('',(-20.95,21.775,76.75));
#9214=CARTESIAN_POINT('',(-19.35,21.25,76.75));
#9215=CARTESIAN_POINT('Origin',(-19.8382274591661,21.25,66.7379432044783));
#9216=CARTESIAN_POINT('',(-20.95,21.25,59.8689716022391));
#9217=CARTESIAN_POINT('',(-20.95,21.25,59.8689716022391));
#9218=CARTESIAN_POINT('Origin',(-19.8382274591661,23.05,66.7379432044783));
#9219=CARTESIAN_POINT('',(-20.95,23.05,59.8689716022391));
#9220=CARTESIAN_POINT('',(-20.95,23.05,59.8689716022391));
#9221=CARTESIAN_POINT('Origin',(20.95,23.05,23.25));
#9222=CARTESIAN_POINT('',(20.95,21.775,23.25));
#9223=CARTESIAN_POINT('Origin',(3.04999999999999,23.05,2.95000000000003));
#9224=CARTESIAN_POINT('',(3.04999999999999,21.25,1.75));
#9225=CARTESIAN_POINT('',(3.04999999999999,9.65489709013485,1.75));
#9226=CARTESIAN_POINT('',(3.04999999999999,21.25,2.95000000000003));
#9227=CARTESIAN_POINT('',(3.04999999999999,21.25,2.95000000000003));
#9228=CARTESIAN_POINT('',(3.04999999999999,23.05,2.95000000000003));
#9229=CARTESIAN_POINT('Origin',(19.35,23.05,2.95000000000003));
#9230=CARTESIAN_POINT('',(19.35,21.25,2.95000000000003));
#9231=CARTESIAN_POINT('Origin',(16.1991116751269,21.25,8.30088832487311));
#9232=CARTESIAN_POINT('',(8.09955583756344,21.25,1.75));
#9233=CARTESIAN_POINT('Origin',(-3.05000000000001,23.05,1.75));
#9234=CARTESIAN_POINT('',(-3.05000000000001,23.05,2.95000000000002));
#9235=CARTESIAN_POINT('',(-3.05000000000001,9.65489709013485,1.75));
#9236=CARTESIAN_POINT('Origin',(-19.35,23.05,23.25));
#9237=CARTESIAN_POINT('',(-20.95,21.25,23.25));
#9238=CARTESIAN_POINT('',(-20.95,21.775,23.25));
#9239=CARTESIAN_POINT('',(-20.95,21.25,23.25));
#9240=CARTESIAN_POINT('Origin',(-3.05000000000001,23.05,2.95000000000002));
#9241=CARTESIAN_POINT('Origin',(-16.1991116751269,21.25,8.3008883248731));
#9242=CARTESIAN_POINT('',(-20.95,21.25,30.6504441624366));
#9243=CARTESIAN_POINT('Origin',(0.,-3.74020581973031,104.25));
#9244=CARTESIAN_POINT('',(19.35,23.05,104.25));
#9245=CARTESIAN_POINT('',(20.95,15.65,104.25));
#9246=CARTESIAN_POINT('',(20.95,8.37989709013485,104.25));
#9247=CARTESIAN_POINT('',(22.75,15.65,104.25));
#9248=CARTESIAN_POINT('',(11.375,15.65,104.25));
#9249=CARTESIAN_POINT('',(22.75,13.85,104.25));
#9250=CARTESIAN_POINT('',(22.75,5.95489709013485,104.25));
#9251=CARTESIAN_POINT('',(29.2,13.85,104.25));
#9252=CARTESIAN_POINT('',(12.9737771137672,13.85,104.25));
#9253=CARTESIAN_POINT('',(29.2,-20.85,104.25));
#9254=CARTESIAN_POINT('',(29.2,-8.67010290986515,104.25));
#9255=CARTESIAN_POINT('',(31.,-20.85,104.25));
#9256=CARTESIAN_POINT('',(15.5,-20.85,104.25));
#9257=CARTESIAN_POINT('',(31.,-6.35,104.25));
#9258=CARTESIAN_POINT('',(31.,-8.67010290986515,104.25));
#9259=CARTESIAN_POINT('',(43.4,-6.35,104.25));
#9260=CARTESIAN_POINT('',(45.1,-6.35,104.25));
#9261=CARTESIAN_POINT('',(43.4,-25.35,104.25));
#9262=CARTESIAN_POINT('',(43.4,-12.027816664512,104.25));
#9263=CARTESIAN_POINT('',(38.9,-25.35,104.25));
#9264=CARTESIAN_POINT('',(-45.1,-25.35,104.25));
#9265=CARTESIAN_POINT('',(38.9,-29.35,104.25));
#9266=CARTESIAN_POINT('',(38.9,-31.35,104.25));
#9267=CARTESIAN_POINT('',(33.1,-29.35,104.25));
#9268=CARTESIAN_POINT('',(19.45,-29.35,104.25));
#9269=CARTESIAN_POINT('',(33.1,-25.35,104.25));
#9270=CARTESIAN_POINT('',(33.1,-25.35,104.25));
#9271=CARTESIAN_POINT('',(-33.1,-25.35,104.25));
#9272=CARTESIAN_POINT('',(-45.1,-25.35,104.25));
#9273=CARTESIAN_POINT('',(-33.1,-29.35,104.25));
#9274=CARTESIAN_POINT('',(-33.1,-31.35,104.25));
#9275=CARTESIAN_POINT('',(-38.9,-29.35,104.25));
#9276=CARTESIAN_POINT('',(-19.45,-29.35,104.25));
#9277=CARTESIAN_POINT('',(-38.9,-25.35,104.25));
#9278=CARTESIAN_POINT('',(-38.9,-25.35,104.25));
#9279=CARTESIAN_POINT('',(-43.4,-25.35,104.25));
#9280=CARTESIAN_POINT('',(-45.1,-25.35,104.25));
#9281=CARTESIAN_POINT('',(-43.4,-6.35,104.25));
#9282=CARTESIAN_POINT('',(-43.4,-12.027816664512,104.25));
#9283=CARTESIAN_POINT('',(-31.,-6.35,104.25));
#9284=CARTESIAN_POINT('',(-31.,-6.35,104.25));
#9285=CARTESIAN_POINT('',(-31.,-20.85,104.25));
#9286=CARTESIAN_POINT('',(-31.,0.454897090134845,104.25));
#9287=CARTESIAN_POINT('',(-29.2,-20.85,104.25));
#9288=CARTESIAN_POINT('',(-15.5,-20.85,104.25));
#9289=CARTESIAN_POINT('',(-29.2,13.85,104.25));
#9290=CARTESIAN_POINT('',(-29.2,0.454897090134844,104.25));
#9291=CARTESIAN_POINT('',(-22.75,13.85,104.25));
#9292=CARTESIAN_POINT('',(-12.9737771137672,13.85,104.25));
#9293=CARTESIAN_POINT('',(-22.75,15.65,104.25));
#9294=CARTESIAN_POINT('',(-22.75,5.95489709013485,104.25));
#9295=CARTESIAN_POINT('',(-20.95,15.65,104.25));
#9296=CARTESIAN_POINT('',(-11.375,15.65,104.25));
#9297=CARTESIAN_POINT('',(-20.95,8.37989709013485,104.25));
#9298=CARTESIAN_POINT('',(-19.35,23.05,104.25));
#9299=CARTESIAN_POINT('',(-20.95,25.35,104.25));
#9300=CARTESIAN_POINT('',(-20.95,8.37989709013485,104.25));
#9301=CARTESIAN_POINT('',(20.95,25.35,104.25));
#9302=CARTESIAN_POINT('',(22.75,25.35,104.25));
#9303=CARTESIAN_POINT('',(20.95,8.37989709013485,104.25));
#9304=CARTESIAN_POINT('Origin',(-20.95,20.5,53.));
#9305=CARTESIAN_POINT('',(-20.95,23.05,102.65));
#9306=CARTESIAN_POINT('',(-20.95,15.65,1.75000000000001));
#9307=CARTESIAN_POINT('',(-20.95,15.65,1.75));
#9308=CARTESIAN_POINT('',(-20.95,8.37989709013485,1.75));
#9309=CARTESIAN_POINT('',(-20.95,23.05,3.35));
#9310=CARTESIAN_POINT('',(-20.95,25.35,1.75000000000001));
#9311=CARTESIAN_POINT('',(-20.95,8.37989709013485,1.75));
#9312=CARTESIAN_POINT('',(-20.95,25.35,104.25));
#9313=CARTESIAN_POINT('',(-20.95,23.05,47.3));
#9314=CARTESIAN_POINT('Origin',(33.3,-17.5451029098651,0.2));
#9315=CARTESIAN_POINT('',(33.1,-31.35,0.2));
#9316=CARTESIAN_POINT('',(33.1,-25.35,0.2));
#9317=CARTESIAN_POINT('',(33.1,-17.5451029098651,0.2));
#9318=CARTESIAN_POINT('',(33.3,-25.35,0.));
#9319=CARTESIAN_POINT('Origin',(33.3,-25.35,0.2));
#9320=CARTESIAN_POINT('',(33.3,-31.15,0.));
#9321=CARTESIAN_POINT('',(33.3,-17.5451029098651,0.));
#9322=CARTESIAN_POINT('Origin',(33.3,-31.15,0.2));
#9323=CARTESIAN_POINT('Origin',(19.45,-31.15,0.2));
#9324=CARTESIAN_POINT('',(38.9,-31.35,0.2));
#9325=CARTESIAN_POINT('',(19.45,-31.35,0.2));
#9326=CARTESIAN_POINT('',(38.7,-31.15,0.));
#9327=CARTESIAN_POINT('',(19.45,-31.15,0.));
#9328=CARTESIAN_POINT('Origin',(38.7,-31.15,0.2));
#9329=CARTESIAN_POINT('Origin',(38.7,-14.5451029098651,0.2));
#9330=CARTESIAN_POINT('',(38.7,-25.35,0.));
#9331=CARTESIAN_POINT('',(38.7,-14.5451029098651,0.));
#9332=CARTESIAN_POINT('',(38.9,-25.35,0.2));
#9333=CARTESIAN_POINT('Origin',(38.7,-25.3499999999999,0.2));
#9334=CARTESIAN_POINT('',(38.9,-14.5451029098651,0.2));
#9335=CARTESIAN_POINT('Origin',(33.1,-31.35,1.77635683940025E-14));
#9336=CARTESIAN_POINT('',(33.1,-31.35,1.75000000000002));
#9337=CARTESIAN_POINT('',(33.1,-31.35,1.77635683940025E-14));
#9338=CARTESIAN_POINT('',(33.1,-29.35,3.00000000000001));
#9339=CARTESIAN_POINT('',(33.1,-29.35,3.00000000000001));
#9340=CARTESIAN_POINT('',(33.1,-29.35,1.75000000000001));
#9341=CARTESIAN_POINT('',(33.1,-29.35,1.75000000000001));
#9342=CARTESIAN_POINT('',(33.1,-25.35,1.75000000000002));
#9343=CARTESIAN_POINT('',(33.1,-25.35,1.75000000000002));
#9344=CARTESIAN_POINT('',(33.1,-25.35,8.88178419700125E-15));
#9345=CARTESIAN_POINT('Origin',(38.9,-31.35,1.77635683940025E-14));
#9346=CARTESIAN_POINT('',(38.9,-31.35,1.75000000000002));
#9347=CARTESIAN_POINT('',(38.9,-31.35,1.77635683940025E-14));
#9348=CARTESIAN_POINT('',(33.1,-31.35,1.75000000000002));
#9349=CARTESIAN_POINT('Origin',(38.9,-25.35,1.77635683940025E-14));
#9350=CARTESIAN_POINT('',(38.9,-25.35,1.75000000000002));
#9351=CARTESIAN_POINT('',(38.9,-25.35,8.88178419700125E-15));
#9352=CARTESIAN_POINT('',(38.9,-29.35,1.75000000000001));
#9353=CARTESIAN_POINT('',(38.9,-31.35,1.75000000000002));
#9354=CARTESIAN_POINT('',(38.9,-29.35,3.00000000000001));
#9355=CARTESIAN_POINT('',(38.9,-29.35,1.75000000000001));
#9356=CARTESIAN_POINT('',(38.9,-29.35,3.00000000000001));
#9357=CARTESIAN_POINT('Origin',(-38.7,-17.5451029098652,0.2));
#9358=CARTESIAN_POINT('',(-38.9,-31.35,0.2));
#9359=CARTESIAN_POINT('',(-38.9,-25.35,0.2));
#9360=CARTESIAN_POINT('',(-38.9,-17.5451029098652,0.2));
#9361=CARTESIAN_POINT('',(-38.7,-25.35,0.));
#9362=CARTESIAN_POINT('Origin',(-38.7,-25.35,0.2));
#9363=CARTESIAN_POINT('',(-38.7,-31.15,0.));
#9364=CARTESIAN_POINT('',(-38.7,-17.5451029098652,0.));
#9365=CARTESIAN_POINT('Origin',(-38.7,-31.15,0.2));
#9366=CARTESIAN_POINT('Origin',(-16.55,-31.15,0.2));
#9367=CARTESIAN_POINT('',(-33.1,-31.35,0.2));
#9368=CARTESIAN_POINT('',(-16.55,-31.35,0.2));
#9369=CARTESIAN_POINT('',(-33.3,-31.15,0.));
#9370=CARTESIAN_POINT('',(-16.55,-31.15,0.));
#9371=CARTESIAN_POINT('Origin',(-33.3,-31.15,0.2));
#9372=CARTESIAN_POINT('Origin',(-33.3,-14.5451029098652,0.2));
#9373=CARTESIAN_POINT('',(-33.3,-25.35,0.));
#9374=CARTESIAN_POINT('',(-33.3,-14.5451029098652,0.));
#9375=CARTESIAN_POINT('',(-33.1,-25.35,0.2));
#9376=CARTESIAN_POINT('Origin',(-33.3,-25.35,0.2));
#9377=CARTESIAN_POINT('',(-33.1,-14.5451029098652,0.2));
#9378=CARTESIAN_POINT('Origin',(-38.9,-31.35,1.77635683940025E-14));
#9379=CARTESIAN_POINT('',(-38.9,-31.35,1.75000000000002));
#9380=CARTESIAN_POINT('',(-38.9,-31.35,1.77635683940025E-14));
#9381=CARTESIAN_POINT('',(-38.9,-29.35,3.00000000000001));
#9382=CARTESIAN_POINT('',(-38.9,-29.35,3.00000000000001));
#9383=CARTESIAN_POINT('',(-38.9,-29.35,1.75000000000001));
#9384=CARTESIAN_POINT('',(-38.9,-29.35,1.75000000000001));
#9385=CARTESIAN_POINT('',(-38.9,-25.35,1.75000000000002));
#9386=CARTESIAN_POINT('',(-38.9,-25.35,1.75000000000002));
#9387=CARTESIAN_POINT('',(-38.9,-25.35,8.88178419700125E-15));
#9388=CARTESIAN_POINT('Origin',(-33.1,-31.35,1.77635683940025E-14));
#9389=CARTESIAN_POINT('',(-33.1,-31.35,1.75000000000002));
#9390=CARTESIAN_POINT('',(-33.1,-31.35,1.77635683940025E-14));
#9391=CARTESIAN_POINT('',(-38.9,-31.35,1.75000000000002));
#9392=CARTESIAN_POINT('Origin',(-33.1,-25.35,1.77635683940025E-14));
#9393=CARTESIAN_POINT('',(-33.1,-25.35,1.75000000000002));
#9394=CARTESIAN_POINT('',(-33.1,-25.35,8.88178419700125E-15));
#9395=CARTESIAN_POINT('',(-33.1,-29.35,1.75000000000001));
#9396=CARTESIAN_POINT('',(-33.1,-31.35,1.75000000000002));
#9397=CARTESIAN_POINT('',(-33.1,-29.35,3.00000000000001));
#9398=CARTESIAN_POINT('',(-33.1,-29.35,1.75000000000001));
#9399=CARTESIAN_POINT('',(-33.1,-29.35,3.00000000000001));
#9400=CARTESIAN_POINT('Origin',(-38.9,-29.35,3.00000000000001));
#9401=CARTESIAN_POINT('',(-38.9,-29.35,3.00000000000001));
#9402=CARTESIAN_POINT('',(-37.45,-29.35,1.75000000000002));
#9403=CARTESIAN_POINT('Origin',(-38.9,-31.35,1.75000000000002));
#9404=CARTESIAN_POINT('Origin',(38.9,-29.35,3.00000000000001));
#9405=CARTESIAN_POINT('',(38.9,-29.35,3.00000000000001));
#9406=CARTESIAN_POINT('Origin',(38.9,-29.35,1.75000000000001));
#9407=CARTESIAN_POINT('',(37.45,-29.35,1.75000000000002));
#9408=CARTESIAN_POINT('Origin',(-45.1,-25.35,0.));
#9409=CARTESIAN_POINT('',(44.8,-25.35,0.));
#9410=CARTESIAN_POINT('',(-45.1,-25.35,0.));
#9411=CARTESIAN_POINT('',(45.1,-25.35,0.3));
#9412=CARTESIAN_POINT('Origin',(44.8,-25.35,0.3));
#9413=CARTESIAN_POINT('',(45.1,-25.35,105.7));
#9414=CARTESIAN_POINT('',(45.1,-25.35,0.));
#9415=CARTESIAN_POINT('',(44.8,-25.35,106.));
#9416=CARTESIAN_POINT('Origin',(44.8,-25.35,105.7));
#9417=CARTESIAN_POINT('',(38.7,-25.35,106.));
#9418=CARTESIAN_POINT('',(-45.1,-25.35,106.));
#9419=CARTESIAN_POINT('',(38.9,-25.35,105.8));
#9420=CARTESIAN_POINT('Origin',(38.7,-25.3499999999999,105.8));
#9421=CARTESIAN_POINT('',(38.9,-25.35,53.));
#9422=CARTESIAN_POINT('',(43.4,-25.35,1.75000000000001));
#9423=CARTESIAN_POINT('',(43.4,-25.35,104.25));
#9424=CARTESIAN_POINT('',(-45.1,-25.35,1.75));
#9425=CARTESIAN_POINT('Origin',(-45.1,-25.35,0.));
#9426=CARTESIAN_POINT('',(-45.1,-25.35,0.));
#9427=CARTESIAN_POINT('',(-45.1,-25.35,1.75));
#9428=CARTESIAN_POINT('Origin',(-45.1,-25.35,0.));
#9429=CARTESIAN_POINT('',(-43.4,-25.35,1.75000000000001));
#9430=CARTESIAN_POINT('',(-45.1,-25.35,1.75));
#9431=CARTESIAN_POINT('',(-43.4,-25.35,104.25));
#9432=CARTESIAN_POINT('',(-38.9,-25.35,105.8));
#9433=CARTESIAN_POINT('',(-38.9,-25.35,53.));
#9434=CARTESIAN_POINT('',(-38.7,-25.35,106.));
#9435=CARTESIAN_POINT('Origin',(-38.7,-25.35,105.8));
#9436=CARTESIAN_POINT('',(-44.8,-25.35,106.));
#9437=CARTESIAN_POINT('',(-22.55,-25.35,106.));
#9438=CARTESIAN_POINT('',(-45.1,-25.35,105.7));
#9439=CARTESIAN_POINT('Origin',(-44.8,-25.35,105.7));
#9440=CARTESIAN_POINT('',(-45.1,-25.35,0.3));
#9441=CARTESIAN_POINT('',(-45.1,-25.35,0.));
#9442=CARTESIAN_POINT('',(-44.8,-25.35,0.));
#9443=CARTESIAN_POINT('Origin',(-44.8,-25.35,0.3));
#9444=CARTESIAN_POINT('',(-45.1,-25.35,0.));
#9445=CARTESIAN_POINT('Origin',(-45.,-19.25,3.89999999999999));
#9446=CARTESIAN_POINT('',(-45.,-19.25,3.8));
#9447=CARTESIAN_POINT('',(-45.,-19.35,3.89999999999999));
#9448=CARTESIAN_POINT('Origin',(-45.,-19.25,3.89999999999999));
#9449=CARTESIAN_POINT('',(-45.1,-19.25,3.7));
#9450=CARTESIAN_POINT('Origin',(-45.,-19.25,3.7));
#9451=CARTESIAN_POINT('',(-45.1,-19.45,3.89999999999999));
#9452=CARTESIAN_POINT('Origin',(-45.1,-19.25,3.89999999999999));
#9453=CARTESIAN_POINT('Origin',(-45.,-19.45,3.89999999999999));
#9454=CARTESIAN_POINT('Origin',(-38.05,-6.45,3.7));
#9455=CARTESIAN_POINT('',(-43.4,-6.45,3.8));
#9456=CARTESIAN_POINT('',(-43.4,-6.35,3.7));
#9457=CARTESIAN_POINT('Origin',(-43.4,-6.45,3.7));
#9458=CARTESIAN_POINT('',(-44.8,-6.35,3.7));
#9459=CARTESIAN_POINT('',(-38.05,-6.35,3.7));
#9460=CARTESIAN_POINT('',(-44.8,-6.45,3.8));
#9461=CARTESIAN_POINT('Origin',(-44.8,-6.45,3.7));
#9462=CARTESIAN_POINT('',(-38.05,-6.45,3.8));
#9463=CARTESIAN_POINT('Origin',(-44.8,-6.65,3.7));
#9464=CARTESIAN_POINT('',(-45.1,-6.65,3.7));
#9465=CARTESIAN_POINT('',(-45.,-6.65,3.8));
#9466=CARTESIAN_POINT('Origin',(-45.,-6.65,3.7));
#9467=CARTESIAN_POINT('Origin',(-44.8,-6.65,3.8));
#9468=CARTESIAN_POINT('Origin',(-44.8,-6.65,3.7));
#9469=CARTESIAN_POINT('Origin',(-45.,-12.85,3.7));
#9470=CARTESIAN_POINT('',(-45.,-12.85,3.8));
#9471=CARTESIAN_POINT('',(-45.1,-12.85,3.7));
#9472=CARTESIAN_POINT('Origin',(-45.,-19.25,49.));
#9473=CARTESIAN_POINT('',(-45.,-19.35,49.));
#9474=CARTESIAN_POINT('',(-45.,-19.25,49.1));
#9475=CARTESIAN_POINT('Origin',(-45.,-19.25,49.));
#9476=CARTESIAN_POINT('',(-45.1,-19.45,49.));
#9477=CARTESIAN_POINT('Origin',(-45.,-19.45,49.));
#9478=CARTESIAN_POINT('',(-45.1,-19.25,49.2));
#9479=CARTESIAN_POINT('Origin',(-45.1,-19.25,49.));
#9480=CARTESIAN_POINT('Origin',(-45.,-19.25,49.2));
#9481=CARTESIAN_POINT('Origin',(-45.,-19.45,51.1));
#9482=CARTESIAN_POINT('',(-45.,-19.35,51.1));
#9483=CARTESIAN_POINT('',(-45.1,-19.45,51.1));
#9484=CARTESIAN_POINT('Origin',(-40.2794270833333,-6.45,49.2));
#9485=CARTESIAN_POINT('',(-45.1,-6.35,49.2));
#9486=CARTESIAN_POINT('',(-43.4,-6.35,49.2));
#9487=CARTESIAN_POINT('',(-40.2794270833333,-6.35,49.2));
#9488=CARTESIAN_POINT('',(-43.4,-6.45,49.1));
#9489=CARTESIAN_POINT('Origin',(-43.4,-6.45,49.2));
#9490=CARTESIAN_POINT('',(-45.,-6.45,49.1));
#9491=CARTESIAN_POINT('',(-40.2794270833333,-6.45,49.1));
#9492=CARTESIAN_POINT('Origin',(-45.,-6.45,49.2));
#9493=CARTESIAN_POINT('Origin',(-45.,-6.35,49.2));
#9494=CARTESIAN_POINT('',(-45.,-6.35,49.1));
#9495=CARTESIAN_POINT('',(-45.1,-6.35,49.2));
#9496=CARTESIAN_POINT('Origin',(-44.25,-19.25,49.));
#9497=CARTESIAN_POINT('',(-43.4,-19.25,49.1));
#9498=CARTESIAN_POINT('',(-43.4,-19.35,49.));
#9499=CARTESIAN_POINT('Origin',(-43.4,-19.25,49.));
#9500=CARTESIAN_POINT('',(-44.25,-19.35,49.));
#9501=CARTESIAN_POINT('',(-44.25,-19.25,49.1));
#9502=CARTESIAN_POINT('Origin',(-45.1,-19.25,3.89999999999999));
#9503=CARTESIAN_POINT('',(-43.4,-19.35,3.89999999999999));
#9504=CARTESIAN_POINT('',(-43.4,-19.25,3.8));
#9505=CARTESIAN_POINT('Origin',(-43.4,-19.25,3.89999999999999));
#9506=CARTESIAN_POINT('',(-45.1,-19.25,3.8));
#9507=CARTESIAN_POINT('',(-45.1,-19.35,3.89999999999999));
#9508=CARTESIAN_POINT('Origin',(-45.1,-6.35,0.));
#9509=CARTESIAN_POINT('',(-45.1,-6.65,0.3));
#9510=CARTESIAN_POINT('',(-45.1,-6.65,0.));
#9511=CARTESIAN_POINT('',(-45.1,-5.04510290986515,0.3));
#9512=CARTESIAN_POINT('',(-45.1,-6.65,105.7));
#9513=CARTESIAN_POINT('',(-45.1,-5.04510290986515,105.7));
#9514=CARTESIAN_POINT('',(-45.1,-6.65,102.3));
#9515=CARTESIAN_POINT('',(-45.1,-6.65,53.));
#9516=CARTESIAN_POINT('',(-45.1,-19.25,102.3));
#9517=CARTESIAN_POINT('',(-45.1,-6.35,102.3));
#9518=CARTESIAN_POINT('',(-45.1,-19.45,102.1));
#9519=CARTESIAN_POINT('Origin',(-45.1,-19.25,102.1));
#9520=CARTESIAN_POINT('',(-45.1,-19.45,57.));
#9521=CARTESIAN_POINT('',(-45.1,-19.45,51.1));
#9522=CARTESIAN_POINT('',(-45.1,-19.25,56.8));
#9523=CARTESIAN_POINT('Origin',(-45.1,-19.25,57.));
#9524=CARTESIAN_POINT('',(-45.1,-6.35,56.8));
#9525=CARTESIAN_POINT('',(-45.1,-6.35,56.8));
#9526=CARTESIAN_POINT('',(-45.1,-6.35,56.9));
#9527=CARTESIAN_POINT('Origin',(-44.8,-6.65,0.));
#9528=CARTESIAN_POINT('',(-44.8,-6.35,0.3));
#9529=CARTESIAN_POINT('',(-44.8,-6.35,0.));
#9530=CARTESIAN_POINT('Origin',(-44.8,-6.65,0.3));
#9531=CARTESIAN_POINT('Origin',(-31.,-6.35,0.));
#9532=CARTESIAN_POINT('',(-43.4,-6.35,1.75000000000001));
#9533=CARTESIAN_POINT('',(-43.4,-6.35,1.75));
#9534=CARTESIAN_POINT('',(-31.,-6.35,1.75));
#9535=CARTESIAN_POINT('',(-31.,-6.35,1.75));
#9536=CARTESIAN_POINT('',(-31.,-6.35,0.300000000000002));
#9537=CARTESIAN_POINT('',(-31.,-6.35,0.));
#9538=CARTESIAN_POINT('',(-15.5,-6.35,0.3));
#9539=CARTESIAN_POINT('Origin',(-45.1,-19.35,3.8));
#9540=CARTESIAN_POINT('',(-43.4,-6.35,3.8));
#9541=CARTESIAN_POINT('Origin',(-41.1294270833333,-6.45,56.8));
#9542=CARTESIAN_POINT('',(-45.,-6.45,56.9));
#9543=CARTESIAN_POINT('',(-43.4,-6.45,56.9));
#9544=CARTESIAN_POINT('',(-41.1294270833333,-6.45,56.9));
#9545=CARTESIAN_POINT('',(-43.4,-6.35,56.8));
#9546=CARTESIAN_POINT('Origin',(-43.4,-6.45,56.8));
#9547=CARTESIAN_POINT('',(-41.1294270833333,-6.35,56.8));
#9548=CARTESIAN_POINT('Origin',(-45.,-6.45,56.8));
#9549=CARTESIAN_POINT('Origin',(-45.,-19.25,57.));
#9550=CARTESIAN_POINT('',(-45.,-19.35,57.));
#9551=CARTESIAN_POINT('Origin',(-45.,-19.45,57.));
#9552=CARTESIAN_POINT('',(-45.,-19.25,56.9));
#9553=CARTESIAN_POINT('Origin',(-45.,-19.25,57.));
#9554=CARTESIAN_POINT('Origin',(-45.,-19.25,56.8));
#9555=CARTESIAN_POINT('Origin',(-45.,-19.25,102.1));
#9556=CARTESIAN_POINT('',(-45.,-19.35,102.1));
#9557=CARTESIAN_POINT('',(-45.,-19.25,102.2));
#9558=CARTESIAN_POINT('Origin',(-45.,-19.25,102.1));
#9559=CARTESIAN_POINT('Origin',(-45.,-19.45,102.1));
#9560=CARTESIAN_POINT('Origin',(-45.,-19.25,102.3));
#9561=CARTESIAN_POINT('Origin',(-45.,-19.45,51.1));
#9562=CARTESIAN_POINT('',(-45.,-19.35,51.1));
#9563=CARTESIAN_POINT('Origin',(-45.,-6.35,102.3));
#9564=CARTESIAN_POINT('',(-45.,-6.65,102.2));
#9565=CARTESIAN_POINT('Origin',(-45.,-6.65,102.3));
#9566=CARTESIAN_POINT('',(-45.,-6.35,102.2));
#9567=CARTESIAN_POINT('Origin',(-44.8,-6.65,102.3));
#9568=CARTESIAN_POINT('',(-44.8,-6.35,102.3));
#9569=CARTESIAN_POINT('',(-44.8,-6.45,102.2));
#9570=CARTESIAN_POINT('Origin',(-44.8,-6.45,102.3));
#9571=CARTESIAN_POINT('Origin',(-44.8,-6.65,102.2));
#9572=CARTESIAN_POINT('Origin',(-44.8,-6.65,102.3));
#9573=CARTESIAN_POINT('Origin',(-45.1,-6.45,102.3));
#9574=CARTESIAN_POINT('',(-43.4,-6.35,102.3));
#9575=CARTESIAN_POINT('',(-43.4,-6.45,102.2));
#9576=CARTESIAN_POINT('Origin',(-43.4,-6.45,102.3));
#9577=CARTESIAN_POINT('',(-45.1,-6.45,102.2));
#9578=CARTESIAN_POINT('',(-45.1,-6.35,102.3));
#9579=CARTESIAN_POINT('Origin',(-45.1,-19.25,102.1));
#9580=CARTESIAN_POINT('',(-43.4,-19.25,102.2));
#9581=CARTESIAN_POINT('',(-43.4,-19.35,102.1));
#9582=CARTESIAN_POINT('Origin',(-43.4,-19.25,102.1));
#9583=CARTESIAN_POINT('',(-45.1,-19.35,102.1));
#9584=CARTESIAN_POINT('',(-45.1,-19.25,102.2));
#9585=CARTESIAN_POINT('Origin',(-45.1,-19.25,57.));
#9586=CARTESIAN_POINT('',(-43.4,-19.35,57.));
#9587=CARTESIAN_POINT('',(-43.4,-19.25,56.9));
#9588=CARTESIAN_POINT('Origin',(-43.4,-19.25,57.));
#9589=CARTESIAN_POINT('',(-45.1,-19.25,56.9));
#9590=CARTESIAN_POINT('',(-45.1,-19.35,57.));
#9591=CARTESIAN_POINT('Origin',(-45.,-6.35,56.8));
#9592=CARTESIAN_POINT('',(-45.,-6.35,56.9));
#9593=CARTESIAN_POINT('Origin',(-44.8,-6.65,53.));
#9594=CARTESIAN_POINT('',(-44.8,-6.35,105.7));
#9595=CARTESIAN_POINT('Origin',(-44.8,-6.65,105.7));
#9596=CARTESIAN_POINT('',(-44.8,-6.35,53.));
#9597=CARTESIAN_POINT('Origin',(-37.1588541666667,-6.35,53.));
#9598=CARTESIAN_POINT('',(-43.4,-6.35,54.35));
#9599=CARTESIAN_POINT('',(-43.4,-6.35,54.35));
#9600=CARTESIAN_POINT('',(-31.,-6.35,54.35));
#9601=CARTESIAN_POINT('',(-31.,-6.35,54.35));
#9602=CARTESIAN_POINT('',(-31.,-6.35,51.65));
#9603=CARTESIAN_POINT('',(-31.,-6.35,1.75));
#9604=CARTESIAN_POINT('',(-43.4,-6.35,51.65));
#9605=CARTESIAN_POINT('',(-43.4,-6.35,51.65));
#9606=CARTESIAN_POINT('',(-43.4,-6.35,49.1));
#9607=CARTESIAN_POINT('Origin',(-45.1,-6.35,56.9));
#9608=CARTESIAN_POINT('',(-43.4,-6.35,56.9));
#9609=CARTESIAN_POINT('Origin',(-27.1,15.55,91.375));
#9610=CARTESIAN_POINT('',(-27.1,15.65,82.85));
#9611=CARTESIAN_POINT('',(-27.1,15.65,76.65));
#9612=CARTESIAN_POINT('',(-27.1,15.65,91.375));
#9613=CARTESIAN_POINT('',(-27.2,15.55,76.75));
#9614=CARTESIAN_POINT('Origin',(-27.1,15.55,76.65));
#9615=CARTESIAN_POINT('',(-27.2,15.55,82.75));
#9616=CARTESIAN_POINT('',(-27.2,15.55,91.375));
#9617=CARTESIAN_POINT('Origin',(-27.1,15.55,82.85));
#9618=CARTESIAN_POINT('Origin',(-30.1,15.55,76.65));
#9619=CARTESIAN_POINT('',(-29.2,15.55,76.75));
#9620=CARTESIAN_POINT('',(-30.1,15.55,76.75));
#9621=CARTESIAN_POINT('',(-29.3,15.65,76.65));
#9622=CARTESIAN_POINT('',(-30.1,15.65,76.65));
#9623=CARTESIAN_POINT('Origin',(-29.3,15.55,76.65));
#9624=CARTESIAN_POINT('Origin',(-29.3,15.55,79.5));
#9625=CARTESIAN_POINT('',(-29.2,15.55,82.75));
#9626=CARTESIAN_POINT('',(-29.2,15.55,79.5));
#9627=CARTESIAN_POINT('',(-29.3,15.65,82.85));
#9628=CARTESIAN_POINT('',(-29.3,15.65,79.5));
#9629=CARTESIAN_POINT('Origin',(-29.3,15.55,82.85));
#9630=CARTESIAN_POINT('Origin',(-29.1,15.55,82.85));
#9631=CARTESIAN_POINT('',(-29.1,15.55,82.75));
#9632=CARTESIAN_POINT('',(-29.1,15.65,82.85));
#9633=CARTESIAN_POINT('Origin',(-27.2,15.65,82.75));
#9634=CARTESIAN_POINT('',(-27.2,13.85,82.75));
#9635=CARTESIAN_POINT('',(-27.2,15.65,82.75));
#9636=CARTESIAN_POINT('',(-29.2,13.85,82.75));
#9637=CARTESIAN_POINT('',(-29.2,13.85,82.75));
#9638=CARTESIAN_POINT('',(-29.2,10.15,82.75));
#9639=CARTESIAN_POINT('Origin',(-27.2,15.65,76.75));
#9640=CARTESIAN_POINT('',(-27.2,13.85,76.75));
#9641=CARTESIAN_POINT('',(-27.2,15.65,76.75));
#9642=CARTESIAN_POINT('',(-27.2,13.85,82.75));
#9643=CARTESIAN_POINT('Origin',(-31.,15.65,106.));
#9644=CARTESIAN_POINT('',(-22.75,15.65,0.300000000000002));
#9645=CARTESIAN_POINT('',(-22.75,15.65,1.75));
#9646=CARTESIAN_POINT('',(-22.75,15.65,0.));
#9647=CARTESIAN_POINT('',(-30.7,15.65,0.300000000000002));
#9648=CARTESIAN_POINT('',(-15.5,15.65,0.300000000000002));
#9649=CARTESIAN_POINT('',(-30.7,15.65,105.7));
#9650=CARTESIAN_POINT('',(-30.7,15.65,106.));
#9651=CARTESIAN_POINT('',(-22.75,15.65,105.7));
#9652=CARTESIAN_POINT('',(-15.5,15.65,105.7));
#9653=CARTESIAN_POINT('',(-22.75,15.65,106.));
#9654=CARTESIAN_POINT('',(-22.75,15.65,1.75));
#9655=CARTESIAN_POINT('',(-27.1,15.65,29.35));
#9656=CARTESIAN_POINT('',(-27.1,15.65,23.15));
#9657=CARTESIAN_POINT('',(-27.1,15.65,64.625));
#9658=CARTESIAN_POINT('',(-29.3,15.65,29.35));
#9659=CARTESIAN_POINT('',(-29.1,15.65,29.35));
#9660=CARTESIAN_POINT('',(-29.3,15.65,23.15));
#9661=CARTESIAN_POINT('',(-29.3,15.65,79.5));
#9662=CARTESIAN_POINT('',(-30.1,15.65,23.15));
#9663=CARTESIAN_POINT('Origin',(-27.1,15.55,64.625));
#9664=CARTESIAN_POINT('',(-27.2,15.55,23.25));
#9665=CARTESIAN_POINT('Origin',(-27.1,15.55,23.15));
#9666=CARTESIAN_POINT('',(-27.2,15.55,29.25));
#9667=CARTESIAN_POINT('',(-27.2,15.55,64.625));
#9668=CARTESIAN_POINT('Origin',(-27.1,15.55,29.35));
#9669=CARTESIAN_POINT('Origin',(-30.1,15.55,23.15));
#9670=CARTESIAN_POINT('',(-29.2,15.55,23.25));
#9671=CARTESIAN_POINT('',(-30.1,15.55,23.25));
#9672=CARTESIAN_POINT('Origin',(-29.3,15.55,23.15));
#9673=CARTESIAN_POINT('Origin',(-29.3,15.55,79.5));
#9674=CARTESIAN_POINT('',(-29.2,15.55,29.25));
#9675=CARTESIAN_POINT('',(-29.2,15.55,79.5));
#9676=CARTESIAN_POINT('Origin',(-29.3,15.55,29.35));
#9677=CARTESIAN_POINT('Origin',(-29.1,15.55,29.35));
#9678=CARTESIAN_POINT('',(-29.1,15.55,29.25));
#9679=CARTESIAN_POINT('Origin',(-27.2,15.65,29.25));
#9680=CARTESIAN_POINT('',(-27.2,13.85,29.25));
#9681=CARTESIAN_POINT('',(-27.2,15.65,29.25));
#9682=CARTESIAN_POINT('',(-29.2,13.85,29.25));
#9683=CARTESIAN_POINT('',(-29.2,13.85,29.25));
#9684=CARTESIAN_POINT('',(-29.2,10.15,29.25));
#9685=CARTESIAN_POINT('Origin',(-27.2,15.65,23.25));
#9686=CARTESIAN_POINT('',(-27.2,13.85,23.25));
#9687=CARTESIAN_POINT('',(-27.2,15.65,23.25));
#9688=CARTESIAN_POINT('',(-27.2,13.85,29.25));
#9689=CARTESIAN_POINT('Origin',(-29.2,15.65,76.75));
#9690=CARTESIAN_POINT('',(-29.2,13.85,76.75));
#9691=CARTESIAN_POINT('',(-29.2,10.15,76.75));
#9692=CARTESIAN_POINT('',(-27.2,13.85,76.75));
#9693=CARTESIAN_POINT('Origin',(-29.2,15.65,23.25));
#9694=CARTESIAN_POINT('',(-29.2,13.85,23.25));
#9695=CARTESIAN_POINT('',(-29.2,10.15,23.25));
#9696=CARTESIAN_POINT('',(-27.2,13.85,23.25));
#9697=CARTESIAN_POINT('Origin',(-22.75,15.65,104.25));
#9698=CARTESIAN_POINT('',(-22.75,13.85,1.75000000000001));
#9699=CARTESIAN_POINT('',(-22.75,13.85,1.75000000000001));
#9700=CARTESIAN_POINT('',(-22.75,5.95489709013485,1.75));
#9701=CARTESIAN_POINT('Origin',(-25.9475542275343,13.85,53.));
#9702=CARTESIAN_POINT('',(-29.2,13.85,53.));
#9703=CARTESIAN_POINT('',(-29.2,13.85,53.));
#9704=CARTESIAN_POINT('',(-29.2,13.85,1.75000000000001));
#9705=CARTESIAN_POINT('',(-29.2,13.85,53.));
#9706=CARTESIAN_POINT('',(-12.9737771137672,13.85,1.75));
#9707=CARTESIAN_POINT('Origin',(-43.4,-6.35,49.1));
#9708=CARTESIAN_POINT('',(-43.4,-6.35,49.1));
#9709=CARTESIAN_POINT('Origin',(-31.,-6.35,51.65));
#9710=CARTESIAN_POINT('',(-31.,-19.35,51.65));
#9711=CARTESIAN_POINT('',(-31.,-6.35,51.65));
#9712=CARTESIAN_POINT('',(-43.4,-19.35,51.65));
#9713=CARTESIAN_POINT('',(-43.4,-19.35,51.65));
#9714=CARTESIAN_POINT('',(-43.4,-6.35,51.65));
#9715=CARTESIAN_POINT('Origin',(-29.2,-6.35,49.1));
#9716=CARTESIAN_POINT('',(-29.2,-6.35,49.1));
#9717=CARTESIAN_POINT('',(-31.,-6.35,49.1));
#9718=CARTESIAN_POINT('',(-30.1,-6.35000000000001,49.1));
#9719=CARTESIAN_POINT('',(-29.2,-19.35,49.1));
#9720=CARTESIAN_POINT('',(-29.2,-6.35,49.1));
#9721=CARTESIAN_POINT('',(-31.,-19.35,49.1));
#9722=CARTESIAN_POINT('',(-31.,-19.35,49.1));
#9723=CARTESIAN_POINT('',(-31.,-6.35,49.1));
#9724=CARTESIAN_POINT('Origin',(-31.,-6.35,56.9));
#9725=CARTESIAN_POINT('',(-31.,-6.35,56.9));
#9726=CARTESIAN_POINT('',(-29.2,-6.35,56.9));
#9727=CARTESIAN_POINT('',(-31.,-6.35000000000001,56.9));
#9728=CARTESIAN_POINT('',(-31.,-19.35,56.9));
#9729=CARTESIAN_POINT('',(-31.,-6.35,56.9));
#9730=CARTESIAN_POINT('',(-29.2,-19.35,56.9));
#9731=CARTESIAN_POINT('',(-29.2,-19.35,56.9));
#9732=CARTESIAN_POINT('',(-29.2,-6.35,56.9));
#9733=CARTESIAN_POINT('Origin',(-43.4,-6.35,54.35));
#9734=CARTESIAN_POINT('',(-43.4,-19.35,54.35));
#9735=CARTESIAN_POINT('',(-43.4,-6.35,54.35));
#9736=CARTESIAN_POINT('',(-31.,-19.35,54.35));
#9737=CARTESIAN_POINT('',(-31.,-19.35,54.35));
#9738=CARTESIAN_POINT('',(-31.,-6.35,54.35));
#9739=CARTESIAN_POINT('Origin',(-37.1588541666667,-19.35,53.));
#9740=CARTESIAN_POINT('',(-43.4,-19.35,3.79999999999999));
#9741=CARTESIAN_POINT('',(-31.,-19.35,51.65));
#9742=CARTESIAN_POINT('',(-29.2,-19.35,49.1));
#9743=CARTESIAN_POINT('',(-31.,-19.35,56.9));
#9744=CARTESIAN_POINT('Origin',(-29.2,4.64999999999999,53.));
#9745=CARTESIAN_POINT('',(-29.2,-20.85,102.45));
#9746=CARTESIAN_POINT('',(-29.2,-20.85,102.45));
#9747=CARTESIAN_POINT('',(-29.2,-6.35,102.45));
#9748=CARTESIAN_POINT('',(-29.2,-6.35,102.45));
#9749=CARTESIAN_POINT('',(-29.2,-6.35,1.75));
#9750=CARTESIAN_POINT('',(-29.2,-6.35,3.55));
#9751=CARTESIAN_POINT('',(-29.2,-6.35,1.75));
#9752=CARTESIAN_POINT('',(-29.2,-20.85,3.54999999999999));
#9753=CARTESIAN_POINT('',(-29.2,-20.85,3.54999999999999));
#9754=CARTESIAN_POINT('',(-29.2,-20.85,1.75));
#9755=CARTESIAN_POINT('',(-29.2,-20.85,1.75));
#9756=CARTESIAN_POINT('',(-29.2,0.454897090134846,1.75));
#9757=CARTESIAN_POINT('Origin',(-31.,-6.35,1.75));
#9758=CARTESIAN_POINT('',(-31.,-6.35,3.55));
#9759=CARTESIAN_POINT('',(-31.,-6.35,1.75));
#9760=CARTESIAN_POINT('',(-31.,-6.35,3.55));
#9761=CARTESIAN_POINT('Origin',(-45.1,-19.35,102.2));
#9762=CARTESIAN_POINT('',(-43.4,-19.35,3.79999999999999));
#9763=CARTESIAN_POINT('Origin',(45.,-19.25,3.9));
#9764=CARTESIAN_POINT('',(45.1,-19.45,3.9));
#9765=CARTESIAN_POINT('',(45.1,-19.25,3.7));
#9766=CARTESIAN_POINT('Origin',(45.1,-19.25,3.9));
#9767=CARTESIAN_POINT('',(45.,-19.25,3.8));
#9768=CARTESIAN_POINT('Origin',(45.,-19.25,3.7));
#9769=CARTESIAN_POINT('',(45.,-19.35,3.9));
#9770=CARTESIAN_POINT('Origin',(45.,-19.25,3.9));
#9771=CARTESIAN_POINT('Origin',(45.,-19.45,3.9));
#9772=CARTESIAN_POINT('Origin',(45.,-22.35,3.7));
#9773=CARTESIAN_POINT('',(45.1,-6.65,3.7));
#9774=CARTESIAN_POINT('',(45.,-6.65,3.8));
#9775=CARTESIAN_POINT('Origin',(45.,-6.65,3.7));
#9776=CARTESIAN_POINT('',(45.,-22.35,3.79999999999999));
#9777=CARTESIAN_POINT('',(45.1,-22.35,3.7));
#9778=CARTESIAN_POINT('Origin',(44.8,-6.65,3.7));
#9779=CARTESIAN_POINT('',(44.8,-6.35,3.7));
#9780=CARTESIAN_POINT('',(44.8,-6.45,3.8));
#9781=CARTESIAN_POINT('Origin',(44.8,-6.45,3.7));
#9782=CARTESIAN_POINT('Origin',(44.8,-6.65,3.8));
#9783=CARTESIAN_POINT('Origin',(44.8,-6.65,3.7));
#9784=CARTESIAN_POINT('Origin',(45.1,-6.45,3.7));
#9785=CARTESIAN_POINT('',(43.4,-6.35,3.7));
#9786=CARTESIAN_POINT('',(43.4,-6.45,3.8));
#9787=CARTESIAN_POINT('Origin',(43.4,-6.45,3.7));
#9788=CARTESIAN_POINT('',(45.1,-6.45,3.8));
#9789=CARTESIAN_POINT('',(45.1,-6.35,3.7));
#9790=CARTESIAN_POINT('Origin',(45.1,-19.25,3.9));
#9791=CARTESIAN_POINT('',(43.4,-19.25,3.8));
#9792=CARTESIAN_POINT('',(43.4,-19.35,3.9));
#9793=CARTESIAN_POINT('Origin',(43.4,-19.25,3.9));
#9794=CARTESIAN_POINT('',(45.1,-19.35,3.9));
#9795=CARTESIAN_POINT('',(45.1,-19.25,3.8));
#9796=CARTESIAN_POINT('Origin',(45.,-19.25,49.));
#9797=CARTESIAN_POINT('',(45.,-19.25,49.1));
#9798=CARTESIAN_POINT('',(45.,-19.35,49.));
#9799=CARTESIAN_POINT('Origin',(45.,-19.25,49.));
#9800=CARTESIAN_POINT('',(45.1,-19.25,49.2));
#9801=CARTESIAN_POINT('Origin',(45.,-19.25,49.2));
#9802=CARTESIAN_POINT('',(45.1,-19.45,49.));
#9803=CARTESIAN_POINT('Origin',(45.1,-19.25,49.));
#9804=CARTESIAN_POINT('Origin',(45.,-19.45,49.));
#9805=CARTESIAN_POINT('Origin',(45.,-15.85,49.2));
#9806=CARTESIAN_POINT('',(45.1,-6.35,49.2));
#9807=CARTESIAN_POINT('',(45.1,-15.85,49.2));
#9808=CARTESIAN_POINT('',(45.,-6.45,49.1));
#9809=CARTESIAN_POINT('',(45.,-15.85,49.1));
#9810=CARTESIAN_POINT('Origin',(45.,-6.45,49.2));
#9811=CARTESIAN_POINT('Origin',(40.2794270833333,-6.45,49.2));
#9812=CARTESIAN_POINT('',(43.4,-6.45,49.1));
#9813=CARTESIAN_POINT('',(40.2794270833333,-6.45,49.1));
#9814=CARTESIAN_POINT('',(43.4,-6.35,49.2));
#9815=CARTESIAN_POINT('Origin',(43.4,-6.45,49.2));
#9816=CARTESIAN_POINT('',(40.2794270833333,-6.35,49.2));
#9817=CARTESIAN_POINT('Origin',(45.,-19.45,51.1));
#9818=CARTESIAN_POINT('',(45.1,-19.45,51.1));
#9819=CARTESIAN_POINT('',(45.,-19.35,51.1));
#9820=CARTESIAN_POINT('Origin',(44.25,-19.25,49.));
#9821=CARTESIAN_POINT('',(43.4,-19.35,49.));
#9822=CARTESIAN_POINT('',(43.4,-19.25,49.1));
#9823=CARTESIAN_POINT('Origin',(43.4,-19.25,49.));
#9824=CARTESIAN_POINT('',(44.25,-19.25,49.1));
#9825=CARTESIAN_POINT('',(44.25,-19.35,49.));
#9826=CARTESIAN_POINT('Origin',(45.1,-6.35,0.));
#9827=CARTESIAN_POINT('',(44.8,-6.35,0.3));
#9828=CARTESIAN_POINT('',(44.8,-6.35,0.));
#9829=CARTESIAN_POINT('',(31.,-6.35,0.3));
#9830=CARTESIAN_POINT('',(22.55,-6.35,0.3));
#9831=CARTESIAN_POINT('',(31.,-6.35,1.75));
#9832=CARTESIAN_POINT('',(31.,-6.35,0.));
#9833=CARTESIAN_POINT('',(43.4,-6.35,1.75000000000001));
#9834=CARTESIAN_POINT('',(45.1,-6.35,1.75));
#9835=CARTESIAN_POINT('',(43.4,-6.35,1.75));
#9836=CARTESIAN_POINT('Origin',(44.8,-6.65,0.));
#9837=CARTESIAN_POINT('',(45.1,-6.65,0.3));
#9838=CARTESIAN_POINT('',(45.1,-6.65,0.));
#9839=CARTESIAN_POINT('Origin',(44.8,-6.65,0.3));
#9840=CARTESIAN_POINT('Origin',(45.1,-25.35,0.));
#9841=CARTESIAN_POINT('',(45.1,-6.35,56.8));
#9842=CARTESIAN_POINT('',(45.1,-6.35,56.9));
#9843=CARTESIAN_POINT('',(45.1,-19.25,56.8));
#9844=CARTESIAN_POINT('',(45.1,-15.85,56.8));
#9845=CARTESIAN_POINT('',(45.1,-19.45,57.));
#9846=CARTESIAN_POINT('Origin',(45.1,-19.25,57.));
#9847=CARTESIAN_POINT('',(45.1,-19.45,102.1));
#9848=CARTESIAN_POINT('',(45.1,-19.45,51.1));
#9849=CARTESIAN_POINT('',(45.1,-19.25,102.3));
#9850=CARTESIAN_POINT('Origin',(45.1,-19.25,102.1));
#9851=CARTESIAN_POINT('',(45.1,-6.65,102.3));
#9852=CARTESIAN_POINT('',(45.1,-15.85,102.3));
#9853=CARTESIAN_POINT('',(45.1,-6.65,105.7));
#9854=CARTESIAN_POINT('',(45.1,-6.65,53.));
#9855=CARTESIAN_POINT('',(45.1,-14.5451029098651,105.7));
#9856=CARTESIAN_POINT('',(45.1,-14.5451029098651,0.3));
#9857=CARTESIAN_POINT('Origin',(37.1588541666667,-6.35,53.));
#9858=CARTESIAN_POINT('',(43.4,-6.35,51.65));
#9859=CARTESIAN_POINT('',(43.4,-6.35,49.1));
#9860=CARTESIAN_POINT('',(31.,-6.35,51.65));
#9861=CARTESIAN_POINT('',(43.4,-6.35,51.65));
#9862=CARTESIAN_POINT('',(31.,-6.35,54.35));
#9863=CARTESIAN_POINT('',(31.,-6.35,1.75));
#9864=CARTESIAN_POINT('',(43.4,-6.35,54.35));
#9865=CARTESIAN_POINT('',(31.,-6.35,54.35));
#9866=CARTESIAN_POINT('',(43.4,-6.35,56.8));
#9867=CARTESIAN_POINT('',(43.4,-6.35,54.35));
#9868=CARTESIAN_POINT('',(41.1294270833333,-6.35,56.8));
#9869=CARTESIAN_POINT('Origin',(43.4,-6.35,49.1));
#9870=CARTESIAN_POINT('',(43.4,-6.35,49.1));
#9871=CARTESIAN_POINT('Origin',(41.1294270833333,-6.45,56.8));
#9872=CARTESIAN_POINT('',(43.4,-6.45,56.9));
#9873=CARTESIAN_POINT('Origin',(43.4,-6.45,56.8));
#9874=CARTESIAN_POINT('',(45.,-6.45,56.9));
#9875=CARTESIAN_POINT('',(41.1294270833333,-6.45,56.9));
#9876=CARTESIAN_POINT('Origin',(45.,-6.45,56.8));
#9877=CARTESIAN_POINT('Origin',(45.,-19.25,57.));
#9878=CARTESIAN_POINT('',(45.,-19.35,57.));
#9879=CARTESIAN_POINT('',(45.,-19.25,56.9));
#9880=CARTESIAN_POINT('Origin',(45.,-19.25,57.));
#9881=CARTESIAN_POINT('Origin',(45.,-19.45,57.));
#9882=CARTESIAN_POINT('Origin',(45.,-19.25,56.8));
#9883=CARTESIAN_POINT('Origin',(45.,-19.25,102.1));
#9884=CARTESIAN_POINT('',(45.,-19.35,102.1));
#9885=CARTESIAN_POINT('Origin',(45.,-19.45,102.1));
#9886=CARTESIAN_POINT('',(45.,-19.25,102.2));
#9887=CARTESIAN_POINT('Origin',(45.,-19.25,102.1));
#9888=CARTESIAN_POINT('Origin',(45.,-19.25,102.3));
#9889=CARTESIAN_POINT('Origin',(45.,-19.45,51.1));
#9890=CARTESIAN_POINT('',(45.,-19.35,51.1));
#9891=CARTESIAN_POINT('Origin',(45.1,-19.25,102.1));
#9892=CARTESIAN_POINT('',(43.4,-19.35,102.1));
#9893=CARTESIAN_POINT('',(43.4,-19.25,102.2));
#9894=CARTESIAN_POINT('Origin',(43.4,-19.25,102.1));
#9895=CARTESIAN_POINT('',(45.1,-19.25,102.2));
#9896=CARTESIAN_POINT('',(45.1,-19.35,102.1));
#9897=CARTESIAN_POINT('Origin',(45.,-15.85,102.3));
#9898=CARTESIAN_POINT('',(45.,-6.65,102.2));
#9899=CARTESIAN_POINT('Origin',(45.,-6.65,102.3));
#9900=CARTESIAN_POINT('',(45.,-15.85,102.2));
#9901=CARTESIAN_POINT('Origin',(44.8,-6.65,102.3));
#9902=CARTESIAN_POINT('',(44.8,-6.45,102.2));
#9903=CARTESIAN_POINT('',(44.8,-6.35,102.3));
#9904=CARTESIAN_POINT('Origin',(44.8,-6.45,102.3));
#9905=CARTESIAN_POINT('Origin',(44.8,-6.65,102.3));
#9906=CARTESIAN_POINT('Origin',(44.8,-6.65,102.2));
#9907=CARTESIAN_POINT('Origin',(38.05,-6.45,102.3));
#9908=CARTESIAN_POINT('',(43.4,-6.45,102.2));
#9909=CARTESIAN_POINT('',(43.4,-6.35,102.3));
#9910=CARTESIAN_POINT('Origin',(43.4,-6.45,102.3));
#9911=CARTESIAN_POINT('',(38.05,-6.35,102.3));
#9912=CARTESIAN_POINT('',(38.05,-6.45,102.2));
#9913=CARTESIAN_POINT('Origin',(45.,-15.85,56.8));
#9914=CARTESIAN_POINT('',(45.,-15.85,56.9));
#9915=CARTESIAN_POINT('Origin',(45.1,-19.25,57.));
#9916=CARTESIAN_POINT('',(43.4,-19.25,56.9));
#9917=CARTESIAN_POINT('',(43.4,-19.35,57.));
#9918=CARTESIAN_POINT('Origin',(43.4,-19.25,57.));
#9919=CARTESIAN_POINT('',(45.1,-19.35,57.));
#9920=CARTESIAN_POINT('',(45.1,-19.25,56.9));
#9921=CARTESIAN_POINT('Origin',(45.1,-6.35,102.2));
#9922=CARTESIAN_POINT('',(43.4,-19.35,102.2));
#9923=CARTESIAN_POINT('Origin',(45.1,-19.35,102.2));
#9924=CARTESIAN_POINT('',(43.4,-19.35,3.79999999999999));
#9925=CARTESIAN_POINT('Origin',(43.4,-20.3154275092937,53.));
#9926=CARTESIAN_POINT('',(43.4,-12.027816664512,1.75));
#9927=CARTESIAN_POINT('',(43.4,-6.35,102.2));
#9928=CARTESIAN_POINT('',(43.4,-6.35,56.9));
#9929=CARTESIAN_POINT('',(43.4,-19.35,54.35));
#9930=CARTESIAN_POINT('',(43.4,-6.35,54.35));
#9931=CARTESIAN_POINT('',(43.4,-19.35,51.65));
#9932=CARTESIAN_POINT('',(43.4,-19.35,3.79999999999999));
#9933=CARTESIAN_POINT('',(43.4,-6.35,51.65));
#9934=CARTESIAN_POINT('',(43.4,-19.35,3.79999999999999));
#9935=CARTESIAN_POINT('',(43.4,-6.35,3.8));
#9936=CARTESIAN_POINT('Origin',(37.1588541666667,-19.35,53.));
#9937=CARTESIAN_POINT('',(31.,-19.35,54.35));
#9938=CARTESIAN_POINT('',(31.,-19.35,54.35));
#9939=CARTESIAN_POINT('',(31.,-19.35,56.9));
#9940=CARTESIAN_POINT('',(31.,-19.35,56.9));
#9941=CARTESIAN_POINT('',(29.2,-19.35,56.9));
#9942=CARTESIAN_POINT('',(29.2,-19.35,56.9));
#9943=CARTESIAN_POINT('',(29.2,-19.35,49.1));
#9944=CARTESIAN_POINT('',(29.2,-19.35,49.1));
#9945=CARTESIAN_POINT('',(31.,-19.35,49.1));
#9946=CARTESIAN_POINT('',(31.,-19.35,49.1));
#9947=CARTESIAN_POINT('',(31.,-19.35,51.65));
#9948=CARTESIAN_POINT('',(31.,-19.35,51.65));
#9949=CARTESIAN_POINT('',(43.4,-19.35,51.65));
#9950=CARTESIAN_POINT('Origin',(31.,-6.35,51.65));
#9951=CARTESIAN_POINT('',(31.,-6.35,51.65));
#9952=CARTESIAN_POINT('Origin',(29.2,-6.35,49.1));
#9953=CARTESIAN_POINT('',(31.,-6.35,49.1));
#9954=CARTESIAN_POINT('',(29.2,-6.35,49.1));
#9955=CARTESIAN_POINT('',(30.1,-6.35000000000001,49.1));
#9956=CARTESIAN_POINT('',(31.,-6.35,49.1));
#9957=CARTESIAN_POINT('',(29.2,-6.35,49.1));
#9958=CARTESIAN_POINT('Origin',(31.,-6.35,56.9));
#9959=CARTESIAN_POINT('',(29.2,-6.35,56.9));
#9960=CARTESIAN_POINT('',(31.,-6.35,56.9));
#9961=CARTESIAN_POINT('',(31.,-6.35000000000001,56.9));
#9962=CARTESIAN_POINT('',(29.2,-6.35,56.9));
#9963=CARTESIAN_POINT('',(31.,-6.35,56.9));
#9964=CARTESIAN_POINT('Origin',(43.4,-6.35,54.35));
#9965=CARTESIAN_POINT('',(31.,-6.35,54.35));
#9966=CARTESIAN_POINT('Origin',(45.1,-6.35,56.9));
#9967=CARTESIAN_POINT('Origin',(31.,-6.35,1.75));
#9968=CARTESIAN_POINT('',(29.2,-6.35,3.55));
#9969=CARTESIAN_POINT('',(29.2,-6.35,1.75));
#9970=CARTESIAN_POINT('',(31.,-6.35,3.55));
#9971=CARTESIAN_POINT('',(31.,-6.35,3.55));
#9972=CARTESIAN_POINT('',(31.,-6.35,1.75));
#9973=CARTESIAN_POINT('Origin',(29.3,15.55,79.5));
#9974=CARTESIAN_POINT('',(29.2,15.55,23.25));
#9975=CARTESIAN_POINT('',(29.2,15.55,29.25));
#9976=CARTESIAN_POINT('',(29.2,15.55,79.5));
#9977=CARTESIAN_POINT('',(29.3,15.65,29.35));
#9978=CARTESIAN_POINT('Origin',(29.3,15.55,29.35));
#9979=CARTESIAN_POINT('',(29.3,15.65,23.15));
#9980=CARTESIAN_POINT('',(29.3,15.65,79.5));
#9981=CARTESIAN_POINT('Origin',(29.3,15.55,23.15));
#9982=CARTESIAN_POINT('Origin',(24.975,15.55,29.35));
#9983=CARTESIAN_POINT('',(27.2,15.55,29.25));
#9984=CARTESIAN_POINT('',(24.975,15.55,29.25));
#9985=CARTESIAN_POINT('',(27.1,15.65,29.35));
#9986=CARTESIAN_POINT('Origin',(27.1,15.55,29.35));
#9987=CARTESIAN_POINT('',(24.975,15.65,29.35));
#9988=CARTESIAN_POINT('Origin',(27.1,15.55,64.625));
#9989=CARTESIAN_POINT('',(27.1,15.65,23.15));
#9990=CARTESIAN_POINT('',(27.1,15.65,64.625));
#9991=CARTESIAN_POINT('',(27.2,15.55,23.25));
#9992=CARTESIAN_POINT('',(27.2,15.55,64.625));
#9993=CARTESIAN_POINT('Origin',(27.1,15.55,23.15));
#9994=CARTESIAN_POINT('Origin',(25.975,15.55,23.15));
#9995=CARTESIAN_POINT('',(25.975,15.65,23.15));
#9996=CARTESIAN_POINT('',(25.975,15.55,23.25));
#9997=CARTESIAN_POINT('Origin',(27.2,15.65,29.25));
#9998=CARTESIAN_POINT('',(29.2,13.85,29.25));
#9999=CARTESIAN_POINT('',(29.2,10.15,29.25));
#10000=CARTESIAN_POINT('',(27.2,13.85,29.25));
#10001=CARTESIAN_POINT('',(29.2,13.85,29.25));
#10002=CARTESIAN_POINT('',(27.2,15.65,29.25));
#10003=CARTESIAN_POINT('Origin',(29.2,4.64999999999999,53.));
#10004=CARTESIAN_POINT('',(29.2,13.85,23.25));
#10005=CARTESIAN_POINT('',(29.2,10.15,23.25));
#10006=CARTESIAN_POINT('',(29.2,13.85,1.75000000000001));
#10007=CARTESIAN_POINT('',(29.2,13.85,53.));
#10008=CARTESIAN_POINT('',(29.2,-20.85,1.75));
#10009=CARTESIAN_POINT('',(29.2,-8.67010290986515,1.75));
#10010=CARTESIAN_POINT('',(29.2,-20.85,3.54999999999999));
#10011=CARTESIAN_POINT('',(29.2,-20.85,1.75));
#10012=CARTESIAN_POINT('',(29.2,-20.85,3.54999999999999));
#10013=CARTESIAN_POINT('',(29.2,-6.35,102.45));
#10014=CARTESIAN_POINT('',(29.2,-6.35,1.75));
#10015=CARTESIAN_POINT('',(29.2,-20.85,102.45));
#10016=CARTESIAN_POINT('',(29.2,-6.35,102.45));
#10017=CARTESIAN_POINT('',(29.2,-20.85,102.45));
#10018=CARTESIAN_POINT('',(29.2,13.85,82.75));
#10019=CARTESIAN_POINT('',(29.2,13.85,53.));
#10020=CARTESIAN_POINT('',(29.2,15.55,82.75));
#10021=CARTESIAN_POINT('',(29.2,10.15,82.75));
#10022=CARTESIAN_POINT('',(29.2,15.55,76.75));
#10023=CARTESIAN_POINT('',(29.2,15.55,79.5));
#10024=CARTESIAN_POINT('',(29.2,13.85,76.75));
#10025=CARTESIAN_POINT('',(29.2,10.15,76.75));
#10026=CARTESIAN_POINT('',(29.2,13.85,53.));
#10027=CARTESIAN_POINT('Origin',(22.75,15.65,106.));
#10028=CARTESIAN_POINT('',(22.75,15.65,1.75));
#10029=CARTESIAN_POINT('',(22.75,15.65,1.75));
#10030=CARTESIAN_POINT('',(22.75,15.65,105.7));
#10031=CARTESIAN_POINT('',(22.75,15.65,106.));
#10032=CARTESIAN_POINT('',(30.7,15.65,105.7));
#10033=CARTESIAN_POINT('',(11.375,15.65,105.7));
#10034=CARTESIAN_POINT('',(30.7,15.65,0.300000000000011));
#10035=CARTESIAN_POINT('',(30.7,15.65,106.));
#10036=CARTESIAN_POINT('',(22.75,15.65,0.300000000000002));
#10037=CARTESIAN_POINT('',(11.375,15.65,0.300000000000002));
#10038=CARTESIAN_POINT('',(22.75,15.65,0.));
#10039=CARTESIAN_POINT('',(29.3,15.65,82.85));
#10040=CARTESIAN_POINT('',(29.3,15.65,76.65));
#10041=CARTESIAN_POINT('',(29.3,15.65,79.5));
#10042=CARTESIAN_POINT('',(27.1,15.65,82.85));
#10043=CARTESIAN_POINT('',(24.975,15.65,82.85));
#10044=CARTESIAN_POINT('',(27.1,15.65,76.65));
#10045=CARTESIAN_POINT('',(27.1,15.65,91.375));
#10046=CARTESIAN_POINT('',(25.975,15.65,76.65));
#10047=CARTESIAN_POINT('Origin',(29.3,15.55,79.5));
#10048=CARTESIAN_POINT('Origin',(29.3,15.55,82.85));
#10049=CARTESIAN_POINT('Origin',(29.3,15.55,76.65));
#10050=CARTESIAN_POINT('Origin',(24.975,15.55,82.85));
#10051=CARTESIAN_POINT('',(27.2,15.55,82.75));
#10052=CARTESIAN_POINT('',(24.975,15.55,82.75));
#10053=CARTESIAN_POINT('Origin',(27.1,15.55,82.85));
#10054=CARTESIAN_POINT('Origin',(27.1,15.55,91.375));
#10055=CARTESIAN_POINT('',(27.2,15.55,76.75));
#10056=CARTESIAN_POINT('',(27.2,15.55,91.375));
#10057=CARTESIAN_POINT('Origin',(27.1,15.55,76.65));
#10058=CARTESIAN_POINT('Origin',(25.975,15.55,76.65));
#10059=CARTESIAN_POINT('',(25.975,15.55,76.75));
#10060=CARTESIAN_POINT('Origin',(27.2,15.65,82.75));
#10061=CARTESIAN_POINT('',(27.2,13.85,82.75));
#10062=CARTESIAN_POINT('',(29.2,13.85,82.75));
#10063=CARTESIAN_POINT('',(27.2,15.65,82.75));
#10064=CARTESIAN_POINT('Origin',(27.2,15.65,76.75));
#10065=CARTESIAN_POINT('',(27.2,13.85,76.75));
#10066=CARTESIAN_POINT('',(27.2,13.85,82.75));
#10067=CARTESIAN_POINT('',(27.2,15.65,76.75));
#10068=CARTESIAN_POINT('Origin',(29.2,15.65,76.75));
#10069=CARTESIAN_POINT('',(27.2,13.85,76.75));
#10070=CARTESIAN_POINT('Origin',(27.2,15.65,23.25));
#10071=CARTESIAN_POINT('',(27.2,13.85,23.25));
#10072=CARTESIAN_POINT('',(27.2,13.85,29.25));
#10073=CARTESIAN_POINT('',(27.2,15.65,23.25));
#10074=CARTESIAN_POINT('Origin',(29.2,15.65,23.25));
#10075=CARTESIAN_POINT('',(27.2,13.85,23.25));
#10076=CARTESIAN_POINT('Origin',(22.75,15.65,104.25));
#10077=CARTESIAN_POINT('',(22.75,13.85,1.75000000000001));
#10078=CARTESIAN_POINT('',(22.75,5.95489709013485,1.75));
#10079=CARTESIAN_POINT('',(22.75,13.85,1.75000000000001));
#10080=CARTESIAN_POINT('Origin',(25.9475542275343,13.85,53.));
#10081=CARTESIAN_POINT('',(12.9737771137672,13.85,1.75));
#10082=CARTESIAN_POINT('Origin',(0.,-3.7402058197303,1.75));
#10083=CARTESIAN_POINT('',(20.95,25.35,1.75000000000001));
#10084=CARTESIAN_POINT('',(20.95,8.37989709013485,1.75));
#10085=CARTESIAN_POINT('',(22.75,25.35,1.75));
#10086=CARTESIAN_POINT('',(-19.35,23.05,1.75));
#10087=CARTESIAN_POINT('',(-11.375,15.65,1.75));
#10088=CARTESIAN_POINT('',(-31.,-20.85,1.75));
#10089=CARTESIAN_POINT('',(-15.5,-20.85,1.75));
#10090=CARTESIAN_POINT('',(-31.,0.454897090134847,1.75));
#10091=CARTESIAN_POINT('',(-43.4,-12.027816664512,1.75));
#10092=CARTESIAN_POINT('',(31.,-20.85,1.75));
#10093=CARTESIAN_POINT('',(31.,-8.67010290986515,1.75));
#10094=CARTESIAN_POINT('',(15.5,-20.85,1.75));
#10095=CARTESIAN_POINT('',(20.95,15.65,1.75000000000001));
#10096=CARTESIAN_POINT('',(11.375,15.65,1.75));
#10097=CARTESIAN_POINT('',(20.95,8.37989709013485,1.75));
#10098=CARTESIAN_POINT('',(19.35,23.05,1.75));
#10099=CARTESIAN_POINT('Origin',(33.3,-17.5451029098651,105.8));
#10100=CARTESIAN_POINT('',(33.3,-31.15,106.));
#10101=CARTESIAN_POINT('',(33.3,-25.35,106.));
#10102=CARTESIAN_POINT('',(33.3,-17.5451029098651,106.));
#10103=CARTESIAN_POINT('',(33.1,-25.35,105.8));
#10104=CARTESIAN_POINT('Origin',(33.3,-25.35,105.8));
#10105=CARTESIAN_POINT('',(33.1,-31.35,105.8));
#10106=CARTESIAN_POINT('',(33.1,-17.5451029098651,105.8));
#10107=CARTESIAN_POINT('Origin',(33.3,-31.15,105.8));
#10108=CARTESIAN_POINT('Origin',(19.45,-31.15,105.8));
#10109=CARTESIAN_POINT('',(38.7,-31.15,106.));
#10110=CARTESIAN_POINT('',(19.45,-31.15,106.));
#10111=CARTESIAN_POINT('',(38.9,-31.35,105.8));
#10112=CARTESIAN_POINT('',(19.45,-31.35,105.8));
#10113=CARTESIAN_POINT('Origin',(38.7,-31.15,105.8));
#10114=CARTESIAN_POINT('Origin',(38.7,-14.5451029098651,105.8));
#10115=CARTESIAN_POINT('',(38.9,-14.5451029098651,105.8));
#10116=CARTESIAN_POINT('',(38.7,-14.5451029098651,106.));
#10117=CARTESIAN_POINT('Origin',(-2.36385313972709E-15,-3.74020581973031,
106.));
#10118=CARTESIAN_POINT('',(-33.3,-25.35,106.));
#10119=CARTESIAN_POINT('',(-22.55,-25.35,106.));
#10120=CARTESIAN_POINT('',(44.8,-6.65,106.));
#10121=CARTESIAN_POINT('',(44.8,-14.5451029098651,106.));
#10122=CARTESIAN_POINT('',(30.7,-6.65,106.));
#10123=CARTESIAN_POINT('',(15.5,-6.65,106.));
#10124=CARTESIAN_POINT('',(30.7,15.35,106.));
#10125=CARTESIAN_POINT('',(30.7,5.95489709013485,106.));
#10126=CARTESIAN_POINT('',(22.45,15.35,106.));
#10127=CARTESIAN_POINT('',(11.375,15.35,106.));
#10128=CARTESIAN_POINT('',(22.45,25.05,106.));
#10129=CARTESIAN_POINT('',(22.45,10.8048970901349,106.));
#10130=CARTESIAN_POINT('',(-22.45,25.05,106.));
#10131=CARTESIAN_POINT('',(-11.375,25.05,106.));
#10132=CARTESIAN_POINT('',(-22.45,15.35,106.));
#10133=CARTESIAN_POINT('',(-22.45,5.95489709013485,106.));
#10134=CARTESIAN_POINT('',(-30.7,15.35,106.));
#10135=CARTESIAN_POINT('',(-15.5,15.35,106.));
#10136=CARTESIAN_POINT('',(-30.7,-6.65,106.));
#10137=CARTESIAN_POINT('',(-30.7,-5.04510290986516,106.));
#10138=CARTESIAN_POINT('',(-44.8,-6.65,106.));
#10139=CARTESIAN_POINT('',(-22.55,-6.65,106.));
#10140=CARTESIAN_POINT('',(-44.8,-5.04510290986515,106.));
#10141=CARTESIAN_POINT('',(-38.7,-31.15,106.));
#10142=CARTESIAN_POINT('',(-38.7,-17.5451029098652,106.));
#10143=CARTESIAN_POINT('',(-33.3,-31.15,106.));
#10144=CARTESIAN_POINT('',(-16.55,-31.15,106.));
#10145=CARTESIAN_POINT('',(-33.3,-14.5451029098652,106.));
#10146=CARTESIAN_POINT('Origin',(-38.7,-17.5451029098652,105.8));
#10147=CARTESIAN_POINT('',(-38.9,-31.35,105.8));
#10148=CARTESIAN_POINT('',(-38.9,-17.5451029098652,105.8));
#10149=CARTESIAN_POINT('Origin',(-38.7,-31.15,105.8));
#10150=CARTESIAN_POINT('Origin',(-16.55,-31.15,105.8));
#10151=CARTESIAN_POINT('',(-33.1,-31.35,105.8));
#10152=CARTESIAN_POINT('',(-16.55,-31.35,105.8));
#10153=CARTESIAN_POINT('Origin',(-33.3,-31.15,105.8));
#10154=CARTESIAN_POINT('Origin',(-33.3,-14.5451029098652,105.8));
#10155=CARTESIAN_POINT('',(-33.1,-25.35,105.8));
#10156=CARTESIAN_POINT('',(-33.1,-14.5451029098652,105.8));
#10157=CARTESIAN_POINT('Origin',(-33.3,-25.35,105.8));
#10158=CARTESIAN_POINT('Origin',(-38.9,-29.35,103.));
#10159=CARTESIAN_POINT('',(-38.9,-29.35,103.));
#10160=CARTESIAN_POINT('',(-38.9,-29.35,104.25));
#10161=CARTESIAN_POINT('',(-33.1,-29.35,103.));
#10162=CARTESIAN_POINT('',(-33.1,-29.35,104.25));
#10163=CARTESIAN_POINT('',(-38.9,-29.35,103.));
#10164=CARTESIAN_POINT('Origin',(-38.9,-31.35,104.25));
#10165=CARTESIAN_POINT('',(-38.9,-31.35,104.25));
#10166=CARTESIAN_POINT('',(-38.9,-29.35,103.));
#10167=CARTESIAN_POINT('',(-33.1,-31.35,104.25));
#10168=CARTESIAN_POINT('',(-33.1,-29.35,103.));
#10169=CARTESIAN_POINT('',(-38.9,-31.35,104.25));
#10170=CARTESIAN_POINT('Origin',(38.9,-29.35,103.));
#10171=CARTESIAN_POINT('',(38.9,-29.35,103.));
#10172=CARTESIAN_POINT('',(38.9,-31.35,104.25));
#10173=CARTESIAN_POINT('',(38.9,-29.35,103.));
#10174=CARTESIAN_POINT('',(33.1,-31.35,104.25));
#10175=CARTESIAN_POINT('',(33.1,-31.35,104.25));
#10176=CARTESIAN_POINT('',(33.1,-29.35,103.));
#10177=CARTESIAN_POINT('',(33.1,-29.35,103.));
#10178=CARTESIAN_POINT('',(38.9,-29.35,103.));
#10179=CARTESIAN_POINT('Origin',(38.9,-29.35,104.25));
#10180=CARTESIAN_POINT('',(38.9,-29.35,104.25));
#10181=CARTESIAN_POINT('',(33.1,-29.35,104.25));
#10182=CARTESIAN_POINT('Origin',(-38.9,-31.35,106.));
#10183=CARTESIAN_POINT('',(-38.9,-31.35,106.));
#10184=CARTESIAN_POINT('Origin',(-33.1,-31.35,106.));
#10185=CARTESIAN_POINT('',(-33.1,-31.35,106.));
#10186=CARTESIAN_POINT('Origin',(-33.1,-25.35,106.));
#10187=CARTESIAN_POINT('',(-33.1,-25.35,53.));
#10188=CARTESIAN_POINT('Origin',(38.9,-31.35,106.));
#10189=CARTESIAN_POINT('',(33.1,-31.35,106.));
#10190=CARTESIAN_POINT('',(38.9,-31.35,106.));
#10191=CARTESIAN_POINT('Origin',(38.9,-25.35,106.));
#10192=CARTESIAN_POINT('Origin',(33.1,-31.35,106.));
#10193=CARTESIAN_POINT('',(33.1,-25.35,53.));
#10194=CARTESIAN_POINT('Origin',(-45.1,-25.35,0.));
#10195=CARTESIAN_POINT('Origin',(-44.8,-6.65,0.3));
#10196=CARTESIAN_POINT('',(-44.8,-6.65,0.));
#10197=CARTESIAN_POINT('Origin',(-44.8,-6.65,0.3));
#10198=CARTESIAN_POINT('Origin',(-44.8,-6.65,0.3));
#10199=CARTESIAN_POINT('Origin',(-44.8,-5.04510290986515,0.3));
#10200=CARTESIAN_POINT('',(-44.8,-5.04510290986515,0.));
#10201=CARTESIAN_POINT('Origin',(-44.8,-6.65,105.7));
#10202=CARTESIAN_POINT('Origin',(-44.8,-6.65,105.7));
#10203=CARTESIAN_POINT('Origin',(-44.8,-6.65,105.7));
#10204=CARTESIAN_POINT('Origin',(-45.1,-6.35,106.));
#10205=CARTESIAN_POINT('',(-31.,-6.35,105.7));
#10206=CARTESIAN_POINT('',(-22.55,-6.35,105.7));
#10207=CARTESIAN_POINT('',(-31.,-6.35,106.));
#10208=CARTESIAN_POINT('',(-43.4,-6.35,102.2));
#10209=CARTESIAN_POINT('Origin',(-22.55,-6.65,105.7));
#10210=CARTESIAN_POINT('Origin',(-30.7,-6.65,105.7));
#10211=CARTESIAN_POINT('Origin',(-44.8,-5.04510290986515,105.7));
#10212=CARTESIAN_POINT('Origin',(44.8,-6.65,105.7));
#10213=CARTESIAN_POINT('',(44.8,-6.35,105.7));
#10214=CARTESIAN_POINT('Origin',(44.8,-6.65,105.7));
#10215=CARTESIAN_POINT('Origin',(44.8,-6.65,105.7));
#10216=CARTESIAN_POINT('Origin',(44.8,-6.65,105.7));
#10217=CARTESIAN_POINT('Origin',(44.8,-6.65,53.));
#10218=CARTESIAN_POINT('',(44.8,-6.35,53.));
#10219=CARTESIAN_POINT('Origin',(44.8,-14.5451029098651,105.7));
#10220=CARTESIAN_POINT('Origin',(44.8,-6.65,0.3));
#10221=CARTESIAN_POINT('',(44.8,-6.65,0.));
#10222=CARTESIAN_POINT('Origin',(44.8,-6.65,0.3));
#10223=CARTESIAN_POINT('Origin',(44.8,-6.65,0.3));
#10224=CARTESIAN_POINT('Origin',(22.55,-6.65,0.3));
#10225=CARTESIAN_POINT('',(30.7,-6.65,0.));
#10226=CARTESIAN_POINT('',(22.55,-6.65,0.));
#10227=CARTESIAN_POINT('Origin',(30.7,-6.65,0.3));
#10228=CARTESIAN_POINT('Origin',(44.8,-14.5451029098651,0.3));
#10229=CARTESIAN_POINT('',(44.8,-14.5451029098651,0.));
#10230=CARTESIAN_POINT('Origin',(-30.7,15.35,0.300000000000002));
#10231=CARTESIAN_POINT('',(-31.,15.35,0.300000000000011));
#10232=CARTESIAN_POINT('Origin',(-30.7,15.35,0.300000000000011));
#10233=CARTESIAN_POINT('',(-30.7,15.35,0.));
#10234=CARTESIAN_POINT('Origin',(-30.7,15.35,0.300000000000002));
#10235=CARTESIAN_POINT('Origin',(-30.7,15.35,0.300000000000002));
#10236=CARTESIAN_POINT('Origin',(15.5,-6.65,105.7));
#10237=CARTESIAN_POINT('',(31.,-6.35,105.7));
#10238=CARTESIAN_POINT('',(15.5,-6.35,105.7));
#10239=CARTESIAN_POINT('Origin',(30.7,-6.65,105.7));
#10240=CARTESIAN_POINT('Origin',(30.7,15.35,0.300000000000002));
#10241=CARTESIAN_POINT('',(31.,15.35,0.300000000000002));
#10242=CARTESIAN_POINT('Origin',(30.7,15.35,0.300000000000011));
#10243=CARTESIAN_POINT('',(30.7,15.35,0.));
#10244=CARTESIAN_POINT('Origin',(30.7,15.35,0.300000000000002));
#10245=CARTESIAN_POINT('Origin',(30.7,15.35,0.300000000000002));
#10246=CARTESIAN_POINT('Origin',(30.7,5.95489709013485,0.300000000000002));
#10247=CARTESIAN_POINT('',(30.7,5.95489709013485,0.));
#10248=CARTESIAN_POINT('',(31.,5.95489709013485,0.300000000000002));
#10249=CARTESIAN_POINT('Origin',(-30.7,15.35,105.7));
#10250=CARTESIAN_POINT('',(-31.,15.35,105.7));
#10251=CARTESIAN_POINT('Origin',(-30.7,15.35,105.7));
#10252=CARTESIAN_POINT('Origin',(-30.7,15.35,105.7));
#10253=CARTESIAN_POINT('Origin',(-30.7,15.35,105.7));
#10254=CARTESIAN_POINT('Origin',(11.375,15.35,0.300000000000002));
#10255=CARTESIAN_POINT('',(22.45,15.35,0.));
#10256=CARTESIAN_POINT('',(11.375,15.35,0.));
#10257=CARTESIAN_POINT('Origin',(22.45,15.35,0.300000000000002));
#10258=CARTESIAN_POINT('Origin',(30.7,15.35,105.7));
#10259=CARTESIAN_POINT('Origin',(30.7,15.35,105.7));
#10260=CARTESIAN_POINT('',(31.,15.35,105.7));
#10261=CARTESIAN_POINT('Origin',(30.7,15.35,105.7));
#10262=CARTESIAN_POINT('Origin',(30.7,15.35,105.7));
#10263=CARTESIAN_POINT('Origin',(30.7,5.95489709013485,105.7));
#10264=CARTESIAN_POINT('',(31.,5.95489709013485,105.7));
#10265=CARTESIAN_POINT('Origin',(30.7,15.35,106.));
#10266=CARTESIAN_POINT('',(31.,15.35,106.));
#10267=CARTESIAN_POINT('Origin',(-22.45,25.05,0.300000000000002));
#10268=CARTESIAN_POINT('',(-22.45,25.35,0.300000000000002));
#10269=CARTESIAN_POINT('',(-22.75,25.05,0.300000000000011));
#10270=CARTESIAN_POINT('Origin',(-22.45,25.05,0.300000000000011));
#10271=CARTESIAN_POINT('',(-22.45,25.05,0.));
#10272=CARTESIAN_POINT('Origin',(-22.45,25.05,0.300000000000002));
#10273=CARTESIAN_POINT('Origin',(-22.45,25.05,0.300000000000002));
#10274=CARTESIAN_POINT('Origin',(22.45,25.05,0.300000000000002));
#10275=CARTESIAN_POINT('',(22.75,25.05,0.300000000000002));
#10276=CARTESIAN_POINT('',(22.45,25.35,0.300000000000011));
#10277=CARTESIAN_POINT('Origin',(22.45,25.05,0.300000000000011));
#10278=CARTESIAN_POINT('',(22.45,25.05,0.));
#10279=CARTESIAN_POINT('Origin',(22.45,25.05,0.300000000000002));
#10280=CARTESIAN_POINT('Origin',(22.45,25.05,0.300000000000002));
#10281=CARTESIAN_POINT('Origin',(22.45,10.8048970901349,0.300000000000002));
#10282=CARTESIAN_POINT('',(22.45,10.8048970901349,0.));
#10283=CARTESIAN_POINT('',(22.75,10.8048970901349,0.300000000000002));
#10284=CARTESIAN_POINT('Origin',(-11.375,25.05,0.300000000000002));
#10285=CARTESIAN_POINT('',(-11.375,25.35,0.300000000000002));
#10286=CARTESIAN_POINT('',(-11.375,25.05,0.));
#10287=CARTESIAN_POINT('Origin',(11.375,15.35,105.7));
#10288=CARTESIAN_POINT('Origin',(22.45,15.35,105.7));
#10289=CARTESIAN_POINT('Origin',(-22.45,25.05,105.7));
#10290=CARTESIAN_POINT('',(-22.75,25.05,105.7));
#10291=CARTESIAN_POINT('Origin',(-22.45,25.05,105.7));
#10292=CARTESIAN_POINT('',(-22.45,25.35,105.7));
#10293=CARTESIAN_POINT('Origin',(-22.45,25.05,105.7));
#10294=CARTESIAN_POINT('Origin',(-22.45,25.05,105.7));
#10295=CARTESIAN_POINT('Origin',(22.45,25.05,105.7));
#10296=CARTESIAN_POINT('',(22.45,25.35,105.7));
#10297=CARTESIAN_POINT('Origin',(22.45,25.05,105.7));
#10298=CARTESIAN_POINT('',(22.75,25.05,105.7));
#10299=CARTESIAN_POINT('Origin',(22.45,25.05,105.7));
#10300=CARTESIAN_POINT('Origin',(22.45,25.05,105.7));
#10301=CARTESIAN_POINT('Origin',(22.45,10.8048970901349,105.7));
#10302=CARTESIAN_POINT('',(22.75,10.8048970901349,105.7));
#10303=CARTESIAN_POINT('Origin',(22.45,25.05,106.));
#10304=CARTESIAN_POINT('',(22.45,25.35,106.));
#10305=CARTESIAN_POINT('',(22.75,25.05,106.));
#10306=CARTESIAN_POINT('Origin',(-11.375,25.05,105.7));
#10307=CARTESIAN_POINT('',(-11.375,25.35,105.7));
#10308=CARTESIAN_POINT('Origin',(-22.45,25.05,106.));
#10309=CARTESIAN_POINT('',(-22.75,25.05,106.));
#10310=CARTESIAN_POINT('',(-22.45,25.35,106.));
#10311=CARTESIAN_POINT('Origin',(-22.45,5.95489709013485,105.7));
#10312=CARTESIAN_POINT('',(-22.75,5.95489709013485,105.7));
#10313=CARTESIAN_POINT('Origin',(-22.45,15.35,105.7));
#10314=CARTESIAN_POINT('Origin',(-15.5,15.35,105.7));
#10315=CARTESIAN_POINT('Origin',(-22.45,5.95489709013485,0.300000000000002));
#10316=CARTESIAN_POINT('',(-22.75,5.95489709013485,0.300000000000002));
#10317=CARTESIAN_POINT('',(-22.45,15.35,0.));
#10318=CARTESIAN_POINT('',(-22.45,5.95489709013485,0.));
#10319=CARTESIAN_POINT('Origin',(-22.45,15.35,0.300000000000002));
#10320=CARTESIAN_POINT('Origin',(-30.7,15.35,106.));
#10321=CARTESIAN_POINT('',(-31.,15.35,106.));
#10322=CARTESIAN_POINT('Origin',(-30.7,-5.04510290986516,105.7));
#10323=CARTESIAN_POINT('',(-31.,-5.04510290986516,105.7));
#10324=CARTESIAN_POINT('Origin',(-15.5,15.35,0.300000000000002));
#10325=CARTESIAN_POINT('',(-15.5,15.35,0.));
#10326=CARTESIAN_POINT('Origin',(-30.7,-5.04510290986516,0.300000000000002));
#10327=CARTESIAN_POINT('',(-31.,-5.04510290986516,0.300000000000002));
#10328=CARTESIAN_POINT('',(-30.7,-6.65,0.));
#10329=CARTESIAN_POINT('',(-30.7,-5.04510290986516,0.));
#10330=CARTESIAN_POINT('Origin',(-30.7,-6.65,0.300000000000002));
#10331=CARTESIAN_POINT('Origin',(-15.5,-6.65,0.3));
#10332=CARTESIAN_POINT('',(-15.5,-6.65,0.));
#10333=CARTESIAN_POINT('Origin',(-22.75,15.65,106.));
#10334=CARTESIAN_POINT('',(-22.75,15.65,1.75));
#10335=CARTESIAN_POINT('Origin',(31.,-6.35,106.));
#10336=CARTESIAN_POINT('',(31.,-6.35,106.));
#10337=CARTESIAN_POINT('Origin',(-31.,-6.35,106.));
#10338=CARTESIAN_POINT('',(-31.,-20.85,3.54999999999999));
#10339=CARTESIAN_POINT('',(-31.,-20.85,1.75));
#10340=CARTESIAN_POINT('',(-31.,-20.85,3.54999999999999));
#10341=CARTESIAN_POINT('',(-31.,-6.35,102.45));
#10342=CARTESIAN_POINT('',(-31.,-6.35,1.75));
#10343=CARTESIAN_POINT('',(-31.,-20.85,102.45));
#10344=CARTESIAN_POINT('',(-31.,-6.35,102.45));
#10345=CARTESIAN_POINT('',(-31.,-20.85,102.45));
#10346=CARTESIAN_POINT('Origin',(-22.75,25.35,106.));
#10347=CARTESIAN_POINT('',(20.95,25.35,104.25));
#10348=CARTESIAN_POINT('Origin',(-22.75,15.65,1.75));
#10349=CARTESIAN_POINT('Origin',(-45.1,-19.35,102.2));
#10350=CARTESIAN_POINT('',(-43.4,-19.35,3.79999999999999));
#10351=CARTESIAN_POINT('Origin',(-45.1,-6.35,102.2));
#10352=CARTESIAN_POINT('',(-43.4,-19.35,102.2));
#10353=CARTESIAN_POINT('Origin',(-43.4,-20.3154275092937,53.));
#10354=CARTESIAN_POINT('Origin',(-31.,-20.85,3.54999999999999));
#10355=CARTESIAN_POINT('',(-31.,-20.85,3.54999999999999));
#10356=CARTESIAN_POINT('Origin',(-31.,-20.85,1.75));
#10357=CARTESIAN_POINT('Origin',(-31.,-20.85,102.45));
#10358=CARTESIAN_POINT('',(-31.,-20.85,102.45));
#10359=CARTESIAN_POINT('Origin',(-31.,-6.35,102.45));
#10360=CARTESIAN_POINT('',(-31.,-6.35000000000002,102.45));
#10361=CARTESIAN_POINT('Origin',(-31.,-6.35,1.75));
#10362=CARTESIAN_POINT('Origin',(31.,-20.85,3.54999999999999));
#10363=CARTESIAN_POINT('',(31.,-20.85,3.54999999999999));
#10364=CARTESIAN_POINT('',(31.,-20.85,3.54999999999999));
#10365=CARTESIAN_POINT('',(31.,-20.85,3.54999999999999));
#10366=CARTESIAN_POINT('Origin',(31.,-20.85,1.75));
#10367=CARTESIAN_POINT('',(31.,-20.85,1.75));
#10368=CARTESIAN_POINT('Origin',(31.,-20.85,102.45));
#10369=CARTESIAN_POINT('',(31.,-20.85,102.45));
#10370=CARTESIAN_POINT('',(31.,-20.85,102.45));
#10371=CARTESIAN_POINT('',(31.,-20.85,102.45));
#10372=CARTESIAN_POINT('Origin',(31.,-6.35,102.45));
#10373=CARTESIAN_POINT('',(31.,-6.35,102.45));
#10374=CARTESIAN_POINT('',(31.,-6.35,102.45));
#10375=CARTESIAN_POINT('',(31.,-6.35000000000002,102.45));
#10376=CARTESIAN_POINT('Origin',(31.,-6.35,1.75));
#10377=CARTESIAN_POINT('',(31.,-6.35,1.75));
#10378=CARTESIAN_POINT('Origin',(22.75,15.65,1.75));
#10379=CARTESIAN_POINT('',(22.75,15.65,1.75));
#10380=CARTESIAN_POINT('',(20.95,15.65,1.75));
#10381=CARTESIAN_POINT('Origin',(20.95,20.5,53.));
#10382=CARTESIAN_POINT('',(20.95,23.05,3.35000000000001));
#10383=CARTESIAN_POINT('',(20.95,23.05,102.65));
#10384=CARTESIAN_POINT('',(20.95,23.05,58.7));
#10385=CARTESIAN_POINT('Origin',(45.1,-19.35,3.8));
#10386=CARTESIAN_POINT('Origin',(45.1,-19.35,102.2));
#10387=CARTESIAN_POINT('Origin',(31.,15.65,106.));
#10388=CARTESIAN_POINT('Origin',(22.75,25.35,106.));
#10389=CARTESIAN_POINT('Origin',(-2.36385313972709E-15,-3.7402058197303,
0.));
#10390=UNCERTAINTY_MEASURE_WITH_UNIT(LENGTH_MEASURE(0.01),#10394,
'DISTANCE_ACCURACY_VALUE',
'Maximum model space distance between geometric entities at asserted c
onnectivities');
#10391=UNCERTAINTY_MEASURE_WITH_UNIT(LENGTH_MEASURE(0.01),#10394,
'DISTANCE_ACCURACY_VALUE',
'Maximum model space distance between geometric entities at asserted c
onnectivities');
#10392=(
GEOMETRIC_REPRESENTATION_CONTEXT(3)
GLOBAL_UNCERTAINTY_ASSIGNED_CONTEXT((#10390))
GLOBAL_UNIT_ASSIGNED_CONTEXT((#10394,#10396,#10397))
REPRESENTATION_CONTEXT('','3D')
);
#10393=(
GEOMETRIC_REPRESENTATION_CONTEXT(3)
GLOBAL_UNCERTAINTY_ASSIGNED_CONTEXT((#10391))
GLOBAL_UNIT_ASSIGNED_CONTEXT((#10394,#10396,#10397))
REPRESENTATION_CONTEXT('','3D')
);
#10394=(
LENGTH_UNIT()
NAMED_UNIT(*)
SI_UNIT(.MILLI.,.METRE.)
);
#10395=(
LENGTH_UNIT()
NAMED_UNIT(*)
SI_UNIT(.CENTI.,.METRE.)
);
#10396=(
NAMED_UNIT(*)
PLANE_ANGLE_UNIT()
SI_UNIT($,.RADIAN.)
);
#10397=(
NAMED_UNIT(*)
SI_UNIT($,.STERADIAN.)
SOLID_ANGLE_UNIT()
);
#10398=SHAPE_DEFINITION_REPRESENTATION(#10399,#10400);
#10399=PRODUCT_DEFINITION_SHAPE('',$,#10402);
#10400=SHAPE_REPRESENTATION('',(#6398),#10392);
#10401=PRODUCT_DEFINITION_CONTEXT('part definition',#10406,'design');
#10402=PRODUCT_DEFINITION('D2MG \X2\043A043E0440043F04430441\X0\',
'D6MG-case',#10403,#10401);
#10403=PRODUCT_DEFINITION_FORMATION('',$,#10408);
#10404=PRODUCT_RELATED_PRODUCT_CATEGORY('D6MG-case','D6MG-case',(#10408));
#10405=APPLICATION_PROTOCOL_DEFINITION('international standard',
'automotive_design',2009,#10406);
#10406=APPLICATION_CONTEXT(
'Core Data for Automotive Mechanical Design Process');
#10407=PRODUCT_CONTEXT('part definition',#10406,'mechanical');
#10408=PRODUCT('D2MG \X2\043A043E0440043F04430441\X0\','D6MG-case',$,(#10407));
#10409=PRESENTATION_STYLE_ASSIGNMENT((#10410));
#10410=SURFACE_STYLE_USAGE(.BOTH.,#10413);
#10411=SURFACE_STYLE_RENDERING_WITH_PROPERTIES($,#10417,(#10412));
#10412=SURFACE_STYLE_TRANSPARENT(0.);
#10413=SURFACE_SIDE_STYLE('',(#10414,#10411));
#10414=SURFACE_STYLE_FILL_AREA(#10415);
#10415=FILL_AREA_STYLE('',(#10416));
#10416=FILL_AREA_STYLE_COLOUR('',#10417);
#10417=COLOUR_RGB('',1.,1.,1.);
ENDSEC;
END-ISO-10303-21;
