ISO-10303-21;
HEADER;
/* Generated by software containing ST-Developer
 * from STEP Tools, Inc. (www.steptools.com) 
 */

FILE_DESCRIPTION(
/* description */ (''),
/* implementation_level */ '2;1');

FILE_NAME(
/* name */ 'D6MG-Cap.stp',
/* time_stamp */ '2026-08-06T15:38:17+03:00',
/* author */ ('murashkindv'),
/* organization */ (''),
/* preprocessor_version */ 'ST-DEVELOPER v19.2',
/* originating_system */ 'Autodesk Inventor 2024',
/* authorisation */ '');

FILE_SCHEMA (('AUTOMOTIVE_DESIGN { 1 0 10303 214 3 1 1 }'));
ENDSEC;

DATA;
#10=MECHANICAL_DESIGN_GEOMETRIC_PRESENTATION_REPRESENTATION('',(#13),#3476);
#11=SHAPE_REPRESENTATION_RELATIONSHIP('SRR','None',#3483,#12);
#12=ADVANCED_BREP_SHAPE_REPRESENTATION('',(#14),#3475);
#13=STYLED_ITEM('',(#3492),#14);
#14=MANIFOLD_SOLID_BREP('\X2\04220432043504400434043E0435\X0\ \X2\04420435043B043E\X0\1',
#2031);
#15=PLANE('',#2078);
#16=PLANE('',#2079);
#17=PLANE('',#2083);
#18=PLANE('',#2093);
#19=PLANE('',#2114);
#20=PLANE('',#2117);
#21=PLANE('',#2118);
#22=PLANE('',#2125);
#23=PLANE('',#2148);
#24=PLANE('',#2149);
#25=PLANE('',#2155);
#26=PLANE('',#2175);
#27=PLANE('',#2176);
#28=PLANE('',#2177);
#29=PLANE('',#2178);
#30=PLANE('',#2182);
#31=PLANE('',#2183);
#32=PLANE('',#2184);
#33=PLANE('',#2185);
#34=PLANE('',#2186);
#35=PLANE('',#2187);
#36=PLANE('',#2191);
#37=PLANE('',#2192);
#38=PLANE('',#2193);
#39=PLANE('',#2194);
#40=PLANE('',#2195);
#41=PLANE('',#2196);
#42=PLANE('',#2197);
#43=PLANE('',#2198);
#44=PLANE('',#2199);
#45=PLANE('',#2200);
#46=PLANE('',#2201);
#47=PLANE('',#2202);
#48=PLANE('',#2205);
#49=PLANE('',#2208);
#50=PLANE('',#2209);
#51=PLANE('',#2210);
#52=PLANE('',#2214);
#53=PLANE('',#2215);
#54=PLANE('',#2216);
#55=PLANE('',#2217);
#56=PLANE('',#2218);
#57=PLANE('',#2219);
#58=PLANE('',#2223);
#59=PLANE('',#2224);
#60=PLANE('',#2225);
#61=PLANE('',#2226);
#62=PLANE('',#2241);
#63=PLANE('',#2242);
#64=PLANE('',#2243);
#65=PLANE('',#2256);
#66=PLANE('',#2257);
#67=PLANE('',#2258);
#68=PLANE('',#2259);
#69=PLANE('',#2260);
#70=PLANE('',#2261);
#71=PLANE('',#2262);
#72=PLANE('',#2263);
#73=TOROIDAL_SURFACE('',#2061,0.15,0.05);
#74=TOROIDAL_SURFACE('',#2069,0.15,0.05);
#75=TOROIDAL_SURFACE('',#2100,0.15,0.05);
#76=TOROIDAL_SURFACE('',#2108,0.15,0.05);
#77=TOROIDAL_SURFACE('',#2135,0.15,0.05);
#78=TOROIDAL_SURFACE('',#2140,0.15,0.05);
#79=TOROIDAL_SURFACE('',#2163,0.15,0.05);
#80=TOROIDAL_SURFACE('',#2170,0.15,0.05);
#81=ELLIPSE('',#2060,0.0707106781186547,0.05);
#82=ELLIPSE('',#2077,0.282842712474623,0.2);
#83=ELLIPSE('',#2107,0.0707106781186579,0.05);
#84=ELLIPSE('',#2132,0.0707106781186595,0.05);
#85=ELLIPSE('',#2147,0.282842712474622,0.2);
#86=ELLIPSE('',#2169,0.070710678118661,0.05);
#87=ELLIPSE('',#2233,0.282842712474616,0.2);
#88=ELLIPSE('',#2245,0.282842712474615,0.2);
#89=LINE('',#2897,#289);
#90=LINE('',#2901,#290);
#91=LINE('',#2910,#291);
#92=LINE('',#2911,#292);
#93=LINE('',#2917,#293);
#94=LINE('',#2920,#294);
#95=LINE('',#2928,#295);
#96=LINE('',#2929,#296);
#97=LINE('',#2934,#297);
#98=LINE('',#2935,#298);
#99=LINE('',#2938,#299);
#100=LINE('',#2941,#300);
#101=LINE('',#2944,#301);
#102=LINE('',#2945,#302);
#103=LINE('',#2947,#303);
#104=LINE('',#2953,#304);
#105=LINE('',#2956,#305);
#106=LINE('',#2958,#306);
#107=LINE('',#2960,#307);
#108=LINE('',#2964,#308);
#109=LINE('',#2966,#309);
#110=LINE('',#2970,#310);
#111=LINE('',#2972,#311);
#112=LINE('',#2974,#312);
#113=LINE('',#2978,#313);
#114=LINE('',#2980,#314);
#115=LINE('',#2984,#315);
#116=LINE('',#2986,#316);
#117=LINE('',#2988,#317);
#118=LINE('',#2992,#318);
#119=LINE('',#2994,#319);
#120=LINE('',#2998,#320);
#121=LINE('',#3000,#321);
#122=LINE('',#3001,#322);
#123=LINE('',#3007,#323);
#124=LINE('',#3010,#324);
#125=LINE('',#3012,#325);
#126=LINE('',#3014,#326);
#127=LINE('',#3016,#327);
#128=LINE('',#3017,#328);
#129=LINE('',#3029,#329);
#130=LINE('',#3030,#330);
#131=LINE('',#3041,#331);
#132=LINE('',#3042,#332);
#133=LINE('',#3045,#333);
#134=LINE('',#3047,#334);
#135=LINE('',#3056,#335);
#136=LINE('',#3057,#336);
#137=LINE('',#3059,#337);
#138=LINE('',#3060,#338);
#139=LINE('',#3063,#339);
#140=LINE('',#3065,#340);
#141=LINE('',#3066,#341);
#142=LINE('',#3069,#342);
#143=LINE('',#3073,#343);
#144=LINE('',#3074,#344);
#145=LINE('',#3077,#345);
#146=LINE('',#3081,#346);
#147=LINE('',#3082,#347);
#148=LINE('',#3084,#348);
#149=LINE('',#3086,#349);
#150=LINE('',#3087,#350);
#151=LINE('',#3089,#351);
#152=LINE('',#3091,#352);
#153=LINE('',#3094,#353);
#154=LINE('',#3096,#354);
#155=LINE('',#3098,#355);
#156=LINE('',#3100,#356);
#157=LINE('',#3102,#357);
#158=LINE('',#3106,#358);
#159=LINE('',#3110,#359);
#160=LINE('',#3112,#360);
#161=LINE('',#3114,#361);
#162=LINE('',#3116,#362);
#163=LINE('',#3118,#363);
#164=LINE('',#3120,#364);
#165=LINE('',#3122,#365);
#166=LINE('',#3126,#366);
#167=LINE('',#3130,#367);
#168=LINE('',#3132,#368);
#169=LINE('',#3134,#369);
#170=LINE('',#3136,#370);
#171=LINE('',#3137,#371);
#172=LINE('',#3141,#372);
#173=LINE('',#3151,#373);
#174=LINE('',#3153,#374);
#175=LINE('',#3157,#375);
#176=LINE('',#3160,#376);
#177=LINE('',#3166,#377);
#178=LINE('',#3169,#378);
#179=LINE('',#3177,#379);
#180=LINE('',#3178,#380);
#181=LINE('',#3180,#381);
#182=LINE('',#3181,#382);
#183=LINE('',#3184,#383);
#184=LINE('',#3187,#384);
#185=LINE('',#3189,#385);
#186=LINE('',#3194,#386);
#187=LINE('',#3200,#387);
#188=LINE('',#3202,#388);
#189=LINE('',#3204,#389);
#190=LINE('',#3206,#390);
#191=LINE('',#3207,#391);
#192=LINE('',#3208,#392);
#193=LINE('',#3217,#393);
#194=LINE('',#3218,#394);
#195=LINE('',#3223,#395);
#196=LINE('',#3224,#396);
#197=LINE('',#3232,#397);
#198=LINE('',#3233,#398);
#199=LINE('',#3236,#399);
#200=LINE('',#3238,#400);
#201=LINE('',#3247,#401);
#202=LINE('',#3248,#402);
#203=LINE('',#3250,#403);
#204=LINE('',#3252,#404);
#205=LINE('',#3257,#405);
#206=LINE('',#3259,#406);
#207=LINE('',#3261,#407);
#208=LINE('',#3262,#408);
#209=LINE('',#3267,#409);
#210=LINE('',#3271,#410);
#211=LINE('',#3273,#411);
#212=LINE('',#3274,#412);
#213=LINE('',#3277,#413);
#214=LINE('',#3279,#414);
#215=LINE('',#3280,#415);
#216=LINE('',#3282,#416);
#217=LINE('',#3283,#417);
#218=LINE('',#3285,#418);
#219=LINE('',#3287,#419);
#220=LINE('',#3291,#420);
#221=LINE('',#3293,#421);
#222=LINE('',#3295,#422);
#223=LINE('',#3296,#423);
#224=LINE('',#3302,#424);
#225=LINE('',#3305,#425);
#226=LINE('',#3307,#426);
#227=LINE('',#3308,#427);
#228=LINE('',#3311,#428);
#229=LINE('',#3313,#429);
#230=LINE('',#3314,#430);
#231=LINE('',#3316,#431);
#232=LINE('',#3317,#432);
#233=LINE('',#3319,#433);
#234=LINE('',#3321,#434);
#235=LINE('',#3323,#435);
#236=LINE('',#3326,#436);
#237=LINE('',#3329,#437);
#238=LINE('',#3332,#438);
#239=LINE('',#3333,#439);
#240=LINE('',#3336,#440);
#241=LINE('',#3337,#441);
#242=LINE('',#3342,#442);
#243=LINE('',#3343,#443);
#244=LINE('',#3346,#444);
#245=LINE('',#3349,#445);
#246=LINE('',#3352,#446);
#247=LINE('',#3354,#447);
#248=LINE('',#3355,#448);
#249=LINE('',#3358,#449);
#250=LINE('',#3360,#450);
#251=LINE('',#3361,#451);
#252=LINE('',#3366,#452);
#253=LINE('',#3370,#453);
#254=LINE('',#3372,#454);
#255=LINE('',#3373,#455);
#256=LINE('',#3375,#456);
#257=LINE('',#3376,#457);
#258=LINE('',#3381,#458);
#259=LINE('',#3383,#459);
#260=LINE('',#3384,#460);
#261=LINE('',#3387,#461);
#262=LINE('',#3389,#462);
#263=LINE('',#3390,#463);
#264=LINE('',#3396,#464);
#265=LINE('',#3399,#465);
#266=LINE('',#3401,#466);
#267=LINE('',#3402,#467);
#268=LINE('',#3404,#468);
#269=LINE('',#3405,#469);
#270=LINE('',#3413,#470);
#271=LINE('',#3415,#471);
#272=LINE('',#3418,#472);
#273=LINE('',#3421,#473);
#274=LINE('',#3430,#474);
#275=LINE('',#3431,#475);
#276=LINE('',#3433,#476);
#277=LINE('',#3434,#477);
#278=LINE('',#3436,#478);
#279=LINE('',#3437,#479);
#280=LINE('',#3440,#480);
#281=LINE('',#3445,#481);
#282=LINE('',#3451,#482);
#283=LINE('',#3457,#483);
#284=LINE('',#3459,#484);
#285=LINE('',#3461,#485);
#286=LINE('',#3463,#486);
#287=LINE('',#3467,#487);
#288=LINE('',#3469,#488);
#289=VECTOR('',#2276,10.);
#290=VECTOR('',#2279,10.);
#291=VECTOR('',#2292,10.);
#292=VECTOR('',#2293,10.);
#293=VECTOR('',#2298,10.);
#294=VECTOR('',#2301,10.);
#295=VECTOR('',#2312,10.);
#296=VECTOR('',#2313,10.);
#297=VECTOR('',#2318,10.);
#298=VECTOR('',#2319,10.);
#299=VECTOR('',#2322,10.);
#300=VECTOR('',#2325,10.);
#301=VECTOR('',#2328,10.);
#302=VECTOR('',#2329,10.);
#303=VECTOR('',#2332,10.);
#304=VECTOR('',#2337,10.);
#305=VECTOR('',#2340,10.);
#306=VECTOR('',#2343,10.);
#307=VECTOR('',#2344,10.);
#308=VECTOR('',#2347,10.);
#309=VECTOR('',#2348,10.);
#310=VECTOR('',#2351,10.);
#311=VECTOR('',#2352,10.);
#312=VECTOR('',#2353,10.);
#313=VECTOR('',#2356,10.);
#314=VECTOR('',#2357,10.);
#315=VECTOR('',#2360,10.);
#316=VECTOR('',#2361,10.);
#317=VECTOR('',#2362,10.);
#318=VECTOR('',#2365,10.);
#319=VECTOR('',#2366,10.);
#320=VECTOR('',#2369,10.);
#321=VECTOR('',#2370,10.);
#322=VECTOR('',#2371,10.);
#323=VECTOR('',#2378,10.);
#324=VECTOR('',#2381,10.);
#325=VECTOR('',#2382,10.);
#326=VECTOR('',#2383,10.);
#327=VECTOR('',#2384,10.);
#328=VECTOR('',#2385,10.);
#329=VECTOR('',#2398,10.);
#330=VECTOR('',#2399,10.);
#331=VECTOR('',#2412,10.);
#332=VECTOR('',#2413,10.);
#333=VECTOR('',#2416,10.);
#334=VECTOR('',#2417,10.);
#335=VECTOR('',#2430,10.);
#336=VECTOR('',#2431,10.);
#337=VECTOR('',#2434,10.);
#338=VECTOR('',#2435,10.);
#339=VECTOR('',#2438,10.);
#340=VECTOR('',#2439,10.);
#341=VECTOR('',#2440,10.);
#342=VECTOR('',#2443,10.);
#343=VECTOR('',#2448,10.);
#344=VECTOR('',#2449,10.);
#345=VECTOR('',#2452,10.);
#346=VECTOR('',#2455,10.);
#347=VECTOR('',#2456,10.);
#348=VECTOR('',#2457,10.);
#349=VECTOR('',#2458,10.);
#350=VECTOR('',#2459,10.);
#351=VECTOR('',#2460,10.);
#352=VECTOR('',#2461,10.);
#353=VECTOR('',#2464,10.);
#354=VECTOR('',#2465,10.);
#355=VECTOR('',#2466,10.);
#356=VECTOR('',#2467,10.);
#357=VECTOR('',#2468,10.);
#358=VECTOR('',#2471,10.);
#359=VECTOR('',#2474,10.);
#360=VECTOR('',#2475,10.);
#361=VECTOR('',#2476,10.);
#362=VECTOR('',#2477,10.);
#363=VECTOR('',#2478,10.);
#364=VECTOR('',#2479,10.);
#365=VECTOR('',#2480,10.);
#366=VECTOR('',#2483,10.);
#367=VECTOR('',#2486,10.);
#368=VECTOR('',#2487,10.);
#369=VECTOR('',#2488,10.);
#370=VECTOR('',#2489,10.);
#371=VECTOR('',#2490,10.);
#372=VECTOR('',#2495,10.);
#373=VECTOR('',#2506,10.);
#374=VECTOR('',#2507,10.);
#375=VECTOR('',#2512,10.);
#376=VECTOR('',#2515,10.);
#377=VECTOR('',#2524,10.);
#378=VECTOR('',#2527,10.);
#379=VECTOR('',#2538,10.);
#380=VECTOR('',#2539,10.);
#381=VECTOR('',#2542,10.);
#382=VECTOR('',#2543,10.);
#383=VECTOR('',#2546,10.);
#384=VECTOR('',#2549,10.);
#385=VECTOR('',#2552,10.);
#386=VECTOR('',#2559,10.);
#387=VECTOR('',#2566,10.);
#388=VECTOR('',#2569,10.);
#389=VECTOR('',#2570,10.);
#390=VECTOR('',#2571,10.);
#391=VECTOR('',#2572,10.);
#392=VECTOR('',#2573,10.);
#393=VECTOR('',#2584,10.);
#394=VECTOR('',#2585,10.);
#395=VECTOR('',#2590,10.);
#396=VECTOR('',#2591,10.);
#397=VECTOR('',#2602,10.);
#398=VECTOR('',#2603,10.);
#399=VECTOR('',#2606,10.);
#400=VECTOR('',#2607,10.);
#401=VECTOR('',#2620,10.);
#402=VECTOR('',#2621,10.);
#403=VECTOR('',#2624,10.);
#404=VECTOR('',#2627,10.);
#405=VECTOR('',#2632,10.);
#406=VECTOR('',#2633,10.);
#407=VECTOR('',#2634,10.);
#408=VECTOR('',#2635,10.);
#409=VECTOR('',#2640,10.);
#410=VECTOR('',#2645,10.);
#411=VECTOR('',#2646,10.);
#412=VECTOR('',#2647,10.);
#413=VECTOR('',#2650,10.);
#414=VECTOR('',#2651,10.);
#415=VECTOR('',#2652,10.);
#416=VECTOR('',#2655,10.);
#417=VECTOR('',#2656,10.);
#418=VECTOR('',#2659,10.);
#419=VECTOR('',#2662,10.);
#420=VECTOR('',#2665,10.);
#421=VECTOR('',#2666,10.);
#422=VECTOR('',#2667,10.);
#423=VECTOR('',#2668,10.);
#424=VECTOR('',#2675,10.);
#425=VECTOR('',#2678,10.);
#426=VECTOR('',#2679,10.);
#427=VECTOR('',#2680,10.);
#428=VECTOR('',#2683,10.);
#429=VECTOR('',#2684,10.);
#430=VECTOR('',#2685,10.);
#431=VECTOR('',#2688,10.);
#432=VECTOR('',#2689,10.);
#433=VECTOR('',#2692,10.);
#434=VECTOR('',#2695,10.);
#435=VECTOR('',#2698,10.);
#436=VECTOR('',#2703,10.);
#437=VECTOR('',#2708,10.);
#438=VECTOR('',#2711,10.);
#439=VECTOR('',#2712,10.);
#440=VECTOR('',#2715,10.);
#441=VECTOR('',#2716,10.);
#442=VECTOR('',#2723,10.);
#443=VECTOR('',#2724,10.);
#444=VECTOR('',#2727,10.);
#445=VECTOR('',#2732,10.);
#446=VECTOR('',#2735,10.);
#447=VECTOR('',#2736,10.);
#448=VECTOR('',#2737,10.);
#449=VECTOR('',#2740,10.);
#450=VECTOR('',#2741,10.);
#451=VECTOR('',#2742,10.);
#452=VECTOR('',#2747,10.);
#453=VECTOR('',#2752,10.);
#454=VECTOR('',#2753,10.);
#455=VECTOR('',#2754,10.);
#456=VECTOR('',#2757,10.);
#457=VECTOR('',#2758,10.);
#458=VECTOR('',#2765,10.);
#459=VECTOR('',#2766,10.);
#460=VECTOR('',#2767,10.);
#461=VECTOR('',#2770,10.);
#462=VECTOR('',#2771,10.);
#463=VECTOR('',#2772,10.);
#464=VECTOR('',#2779,10.);
#465=VECTOR('',#2782,10.);
#466=VECTOR('',#2783,10.);
#467=VECTOR('',#2784,10.);
#468=VECTOR('',#2787,10.);
#469=VECTOR('',#2788,10.);
#470=VECTOR('',#2801,10.);
#471=VECTOR('',#2804,10.);
#472=VECTOR('',#2807,10.);
#473=VECTOR('',#2810,10.);
#474=VECTOR('',#2821,10.);
#475=VECTOR('',#2822,10.);
#476=VECTOR('',#2825,10.);
#477=VECTOR('',#2826,10.);
#478=VECTOR('',#2829,10.);
#479=VECTOR('',#2830,10.);
#480=VECTOR('',#2835,10.);
#481=VECTOR('',#2842,10.);
#482=VECTOR('',#2851,10.);
#483=VECTOR('',#2860,10.);
#484=VECTOR('',#2863,10.);
#485=VECTOR('',#2866,10.);
#486=VECTOR('',#2869,10.);
#487=VECTOR('',#2876,10.);
#488=VECTOR('',#2879,10.);
#489=CYLINDRICAL_SURFACE('',#2058,0.05);
#490=CYLINDRICAL_SURFACE('',#2065,0.05);
#491=CYLINDRICAL_SURFACE('',#2066,0.05);
#492=CYLINDRICAL_SURFACE('',#2073,0.05);
#493=CYLINDRICAL_SURFACE('',#2074,0.05);
#494=CYLINDRICAL_SURFACE('',#2076,0.2);
#495=CYLINDRICAL_SURFACE('',#2080,0.05);
#496=CYLINDRICAL_SURFACE('',#2090,0.05);
#497=CYLINDRICAL_SURFACE('',#2098,0.05);
#498=CYLINDRICAL_SURFACE('',#2104,0.05);
#499=CYLINDRICAL_SURFACE('',#2106,0.05);
#500=CYLINDRICAL_SURFACE('',#2112,0.05);
#501=CYLINDRICAL_SURFACE('',#2113,0.05);
#502=CYLINDRICAL_SURFACE('',#2115,0.2);
#503=CYLINDRICAL_SURFACE('',#2131,0.05);
#504=CYLINDRICAL_SURFACE('',#2133,0.05);
#505=CYLINDRICAL_SURFACE('',#2138,0.05);
#506=CYLINDRICAL_SURFACE('',#2144,0.05);
#507=CYLINDRICAL_SURFACE('',#2145,0.05);
#508=CYLINDRICAL_SURFACE('',#2146,0.2);
#509=CYLINDRICAL_SURFACE('',#2150,0.05);
#510=CYLINDRICAL_SURFACE('',#2152,0.05);
#511=CYLINDRICAL_SURFACE('',#2160,0.05);
#512=CYLINDRICAL_SURFACE('',#2161,0.05);
#513=CYLINDRICAL_SURFACE('',#2167,0.05);
#514=CYLINDRICAL_SURFACE('',#2168,0.05);
#515=CYLINDRICAL_SURFACE('',#2174,0.05);
#516=CYLINDRICAL_SURFACE('',#2179,0.75);
#517=CYLINDRICAL_SURFACE('',#2188,0.75);
#518=CYLINDRICAL_SURFACE('',#2203,0.2);
#519=CYLINDRICAL_SURFACE('',#2206,0.2);
#520=CYLINDRICAL_SURFACE('',#2211,0.75);
#521=CYLINDRICAL_SURFACE('',#2220,0.75);
#522=CYLINDRICAL_SURFACE('',#2230,0.2);
#523=CYLINDRICAL_SURFACE('',#2231,0.2);
#524=CYLINDRICAL_SURFACE('',#2232,0.2);
#525=CYLINDRICAL_SURFACE('',#2238,0.2);
#526=CYLINDRICAL_SURFACE('',#2239,0.2);
#527=CYLINDRICAL_SURFACE('',#2240,0.2);
#528=CYLINDRICAL_SURFACE('',#2244,0.2);
#529=CYLINDRICAL_SURFACE('',#2249,0.2);
#530=CYLINDRICAL_SURFACE('',#2253,0.2);
#531=CYLINDRICAL_SURFACE('',#2254,0.2);
#532=CYLINDRICAL_SURFACE('',#2255,0.2);
#533=FACE_OUTER_BOUND('',#651,.T.);
#534=FACE_OUTER_BOUND('',#652,.T.);
#535=FACE_OUTER_BOUND('',#653,.T.);
#536=FACE_OUTER_BOUND('',#654,.T.);
#537=FACE_OUTER_BOUND('',#655,.T.);
#538=FACE_OUTER_BOUND('',#656,.T.);
#539=FACE_OUTER_BOUND('',#657,.T.);
#540=FACE_OUTER_BOUND('',#658,.T.);
#541=FACE_OUTER_BOUND('',#659,.T.);
#542=FACE_OUTER_BOUND('',#660,.T.);
#543=FACE_OUTER_BOUND('',#661,.T.);
#544=FACE_OUTER_BOUND('',#662,.T.);
#545=FACE_OUTER_BOUND('',#663,.T.);
#546=FACE_OUTER_BOUND('',#664,.T.);
#547=FACE_OUTER_BOUND('',#665,.T.);
#548=FACE_OUTER_BOUND('',#666,.T.);
#549=FACE_OUTER_BOUND('',#667,.T.);
#550=FACE_OUTER_BOUND('',#668,.T.);
#551=FACE_OUTER_BOUND('',#669,.T.);
#552=FACE_OUTER_BOUND('',#670,.T.);
#553=FACE_OUTER_BOUND('',#671,.T.);
#554=FACE_OUTER_BOUND('',#672,.T.);
#555=FACE_OUTER_BOUND('',#673,.T.);
#556=FACE_OUTER_BOUND('',#674,.T.);
#557=FACE_OUTER_BOUND('',#675,.T.);
#558=FACE_OUTER_BOUND('',#676,.T.);
#559=FACE_OUTER_BOUND('',#677,.T.);
#560=FACE_OUTER_BOUND('',#678,.T.);
#561=FACE_OUTER_BOUND('',#679,.T.);
#562=FACE_OUTER_BOUND('',#680,.T.);
#563=FACE_OUTER_BOUND('',#681,.T.);
#564=FACE_OUTER_BOUND('',#682,.T.);
#565=FACE_OUTER_BOUND('',#683,.T.);
#566=FACE_OUTER_BOUND('',#684,.T.);
#567=FACE_OUTER_BOUND('',#685,.T.);
#568=FACE_OUTER_BOUND('',#686,.T.);
#569=FACE_OUTER_BOUND('',#687,.T.);
#570=FACE_OUTER_BOUND('',#688,.T.);
#571=FACE_OUTER_BOUND('',#689,.T.);
#572=FACE_OUTER_BOUND('',#690,.T.);
#573=FACE_OUTER_BOUND('',#691,.T.);
#574=FACE_OUTER_BOUND('',#692,.T.);
#575=FACE_OUTER_BOUND('',#693,.T.);
#576=FACE_OUTER_BOUND('',#694,.T.);
#577=FACE_OUTER_BOUND('',#695,.T.);
#578=FACE_OUTER_BOUND('',#696,.T.);
#579=FACE_OUTER_BOUND('',#697,.T.);
#580=FACE_OUTER_BOUND('',#698,.T.);
#581=FACE_OUTER_BOUND('',#699,.T.);
#582=FACE_OUTER_BOUND('',#700,.T.);
#583=FACE_OUTER_BOUND('',#701,.T.);
#584=FACE_OUTER_BOUND('',#702,.T.);
#585=FACE_OUTER_BOUND('',#703,.T.);
#586=FACE_OUTER_BOUND('',#704,.T.);
#587=FACE_OUTER_BOUND('',#705,.T.);
#588=FACE_OUTER_BOUND('',#706,.T.);
#589=FACE_OUTER_BOUND('',#707,.T.);
#590=FACE_OUTER_BOUND('',#708,.T.);
#591=FACE_OUTER_BOUND('',#709,.T.);
#592=FACE_OUTER_BOUND('',#710,.T.);
#593=FACE_OUTER_BOUND('',#711,.T.);
#594=FACE_OUTER_BOUND('',#712,.T.);
#595=FACE_OUTER_BOUND('',#713,.T.);
#596=FACE_OUTER_BOUND('',#714,.T.);
#597=FACE_OUTER_BOUND('',#715,.T.);
#598=FACE_OUTER_BOUND('',#716,.T.);
#599=FACE_OUTER_BOUND('',#717,.T.);
#600=FACE_OUTER_BOUND('',#718,.T.);
#601=FACE_OUTER_BOUND('',#719,.T.);
#602=FACE_OUTER_BOUND('',#720,.T.);
#603=FACE_OUTER_BOUND('',#721,.T.);
#604=FACE_OUTER_BOUND('',#722,.T.);
#605=FACE_OUTER_BOUND('',#723,.T.);
#606=FACE_OUTER_BOUND('',#724,.T.);
#607=FACE_OUTER_BOUND('',#725,.T.);
#608=FACE_OUTER_BOUND('',#726,.T.);
#609=FACE_OUTER_BOUND('',#727,.T.);
#610=FACE_OUTER_BOUND('',#728,.T.);
#611=FACE_OUTER_BOUND('',#729,.T.);
#612=FACE_OUTER_BOUND('',#730,.T.);
#613=FACE_OUTER_BOUND('',#731,.T.);
#614=FACE_OUTER_BOUND('',#732,.T.);
#615=FACE_OUTER_BOUND('',#733,.T.);
#616=FACE_OUTER_BOUND('',#734,.T.);
#617=FACE_OUTER_BOUND('',#735,.T.);
#618=FACE_OUTER_BOUND('',#736,.T.);
#619=FACE_OUTER_BOUND('',#737,.T.);
#620=FACE_OUTER_BOUND('',#738,.T.);
#621=FACE_OUTER_BOUND('',#739,.T.);
#622=FACE_OUTER_BOUND('',#740,.T.);
#623=FACE_OUTER_BOUND('',#741,.T.);
#624=FACE_OUTER_BOUND('',#742,.T.);
#625=FACE_OUTER_BOUND('',#743,.T.);
#626=FACE_OUTER_BOUND('',#744,.T.);
#627=FACE_OUTER_BOUND('',#745,.T.);
#628=FACE_OUTER_BOUND('',#746,.T.);
#629=FACE_OUTER_BOUND('',#747,.T.);
#630=FACE_OUTER_BOUND('',#748,.T.);
#631=FACE_OUTER_BOUND('',#749,.T.);
#632=FACE_OUTER_BOUND('',#750,.T.);
#633=FACE_OUTER_BOUND('',#751,.T.);
#634=FACE_OUTER_BOUND('',#752,.T.);
#635=FACE_OUTER_BOUND('',#753,.T.);
#636=FACE_OUTER_BOUND('',#754,.T.);
#637=FACE_OUTER_BOUND('',#755,.T.);
#638=FACE_OUTER_BOUND('',#756,.T.);
#639=FACE_OUTER_BOUND('',#757,.T.);
#640=FACE_OUTER_BOUND('',#758,.T.);
#641=FACE_OUTER_BOUND('',#759,.T.);
#642=FACE_OUTER_BOUND('',#760,.T.);
#643=FACE_OUTER_BOUND('',#761,.T.);
#644=FACE_OUTER_BOUND('',#762,.T.);
#645=FACE_OUTER_BOUND('',#763,.T.);
#646=FACE_OUTER_BOUND('',#764,.T.);
#647=FACE_OUTER_BOUND('',#765,.T.);
#648=FACE_OUTER_BOUND('',#766,.T.);
#649=FACE_OUTER_BOUND('',#767,.T.);
#650=FACE_OUTER_BOUND('',#768,.T.);
#651=EDGE_LOOP('',(#1321,#1322,#1323));
#652=EDGE_LOOP('',(#1324,#1325,#1326,#1327));
#653=EDGE_LOOP('',(#1328,#1329,#1330,#1331));
#654=EDGE_LOOP('',(#1332,#1333,#1334,#1335));
#655=EDGE_LOOP('',(#1336,#1337,#1338,#1339));
#656=EDGE_LOOP('',(#1340,#1341,#1342,#1343));
#657=EDGE_LOOP('',(#1344,#1345,#1346,#1347));
#658=EDGE_LOOP('',(#1348,#1349,#1350,#1351));
#659=EDGE_LOOP('',(#1352,#1353,#1354,#1355));
#660=EDGE_LOOP('',(#1356,#1357,#1358,#1359));
#661=EDGE_LOOP('',(#1360,#1361,#1362,#1363));
#662=EDGE_LOOP('',(#1364,#1365,#1366,#1367));
#663=EDGE_LOOP('',(#1368,#1369,#1370,#1371,#1372,#1373,#1374,#1375,#1376,
#1377,#1378,#1379,#1380,#1381,#1382,#1383,#1384,#1385,#1386,#1387,#1388,
#1389,#1390,#1391,#1392,#1393,#1394,#1395));
#664=EDGE_LOOP('',(#1396,#1397,#1398,#1399));
#665=EDGE_LOOP('',(#1400,#1401,#1402,#1403,#1404,#1405));
#666=EDGE_LOOP('',(#1406,#1407,#1408));
#667=EDGE_LOOP('',(#1409,#1410,#1411,#1412));
#668=EDGE_LOOP('',(#1413,#1414,#1415,#1416));
#669=EDGE_LOOP('',(#1417,#1418,#1419,#1420));
#670=EDGE_LOOP('',(#1421,#1422,#1423,#1424));
#671=EDGE_LOOP('',(#1425,#1426,#1427,#1428));
#672=EDGE_LOOP('',(#1429,#1430,#1431,#1432));
#673=EDGE_LOOP('',(#1433,#1434,#1435,#1436));
#674=EDGE_LOOP('',(#1437,#1438,#1439,#1440,#1441,#1442));
#675=EDGE_LOOP('',(#1443,#1444,#1445,#1446));
#676=EDGE_LOOP('',(#1447,#1448,#1449,#1450));
#677=EDGE_LOOP('',(#1451,#1452,#1453,#1454,#1455,#1456,#1457,#1458,#1459,
#1460,#1461,#1462,#1463,#1464,#1465,#1466,#1467,#1468,#1469,#1470,#1471,
#1472,#1473,#1474,#1475,#1476,#1477,#1478,#1479,#1480,#1481,#1482,#1483,
#1484,#1485,#1486));
#678=EDGE_LOOP('',(#1487,#1488,#1489,#1490,#1491,#1492,#1493,#1494));
#679=EDGE_LOOP('',(#1495,#1496,#1497));
#680=EDGE_LOOP('',(#1498,#1499,#1500,#1501));
#681=EDGE_LOOP('',(#1502,#1503,#1504,#1505));
#682=EDGE_LOOP('',(#1506,#1507,#1508,#1509));
#683=EDGE_LOOP('',(#1510,#1511,#1512,#1513));
#684=EDGE_LOOP('',(#1514,#1515,#1516,#1517));
#685=EDGE_LOOP('',(#1518,#1519,#1520,#1521));
#686=EDGE_LOOP('',(#1522,#1523,#1524,#1525));
#687=EDGE_LOOP('',(#1526,#1527,#1528,#1529));
#688=EDGE_LOOP('',(#1530,#1531,#1532,#1533));
#689=EDGE_LOOP('',(#1534,#1535,#1536,#1537));
#690=EDGE_LOOP('',(#1538,#1539,#1540,#1541));
#691=EDGE_LOOP('',(#1542,#1543,#1544,#1545));
#692=EDGE_LOOP('',(#1546,#1547,#1548,#1549,#1550,#1551));
#693=EDGE_LOOP('',(#1552,#1553,#1554));
#694=EDGE_LOOP('',(#1555,#1556,#1557,#1558));
#695=EDGE_LOOP('',(#1559,#1560,#1561,#1562));
#696=EDGE_LOOP('',(#1563,#1564,#1565,#1566));
#697=EDGE_LOOP('',(#1567,#1568,#1569,#1570));
#698=EDGE_LOOP('',(#1571,#1572,#1573,#1574));
#699=EDGE_LOOP('',(#1575,#1576,#1577,#1578));
#700=EDGE_LOOP('',(#1579,#1580,#1581,#1582));
#701=EDGE_LOOP('',(#1583,#1584,#1585,#1586,#1587,#1588,#1589,#1590));
#702=EDGE_LOOP('',(#1591,#1592,#1593,#1594));
#703=EDGE_LOOP('',(#1595,#1596,#1597,#1598));
#704=EDGE_LOOP('',(#1599,#1600,#1601,#1602));
#705=EDGE_LOOP('',(#1603,#1604,#1605,#1606));
#706=EDGE_LOOP('',(#1607,#1608,#1609,#1610));
#707=EDGE_LOOP('',(#1611,#1612,#1613,#1614));
#708=EDGE_LOOP('',(#1615,#1616,#1617,#1618));
#709=EDGE_LOOP('',(#1619,#1620,#1621,#1622,#1623,#1624,#1625));
#710=EDGE_LOOP('',(#1626,#1627,#1628,#1629,#1630,#1631,#1632));
#711=EDGE_LOOP('',(#1633,#1634,#1635,#1636));
#712=EDGE_LOOP('',(#1637,#1638,#1639,#1640));
#713=EDGE_LOOP('',(#1641,#1642,#1643,#1644));
#714=EDGE_LOOP('',(#1645,#1646,#1647,#1648));
#715=EDGE_LOOP('',(#1649,#1650,#1651,#1652));
#716=EDGE_LOOP('',(#1653,#1654,#1655,#1656,#1657,#1658,#1659));
#717=EDGE_LOOP('',(#1660,#1661,#1662,#1663,#1664,#1665,#1666));
#718=EDGE_LOOP('',(#1667,#1668,#1669,#1670,#1671,#1672));
#719=EDGE_LOOP('',(#1673,#1674,#1675,#1676,#1677,#1678,#1679,#1680));
#720=EDGE_LOOP('',(#1681,#1682,#1683,#1684,#1685,#1686,#1687,#1688));
#721=EDGE_LOOP('',(#1689,#1690,#1691,#1692,#1693,#1694));
#722=EDGE_LOOP('',(#1695,#1696,#1697,#1698));
#723=EDGE_LOOP('',(#1699,#1700,#1701,#1702,#1703,#1704));
#724=EDGE_LOOP('',(#1705,#1706,#1707,#1708));
#725=EDGE_LOOP('',(#1709,#1710,#1711,#1712));
#726=EDGE_LOOP('',(#1713,#1714,#1715,#1716));
#727=EDGE_LOOP('',(#1717,#1718,#1719,#1720));
#728=EDGE_LOOP('',(#1721,#1722,#1723,#1724,#1725,#1726));
#729=EDGE_LOOP('',(#1727,#1728,#1729,#1730));
#730=EDGE_LOOP('',(#1731,#1732,#1733,#1734));
#731=EDGE_LOOP('',(#1735,#1736,#1737,#1738));
#732=EDGE_LOOP('',(#1739,#1740,#1741,#1742));
#733=EDGE_LOOP('',(#1743,#1744,#1745,#1746));
#734=EDGE_LOOP('',(#1747,#1748,#1749,#1750,#1751,#1752,#1753));
#735=EDGE_LOOP('',(#1754,#1755,#1756,#1757,#1758,#1759,#1760));
#736=EDGE_LOOP('',(#1761,#1762,#1763,#1764));
#737=EDGE_LOOP('',(#1765,#1766,#1767,#1768));
#738=EDGE_LOOP('',(#1769,#1770,#1771,#1772));
#739=EDGE_LOOP('',(#1773,#1774,#1775,#1776));
#740=EDGE_LOOP('',(#1777,#1778,#1779,#1780));
#741=EDGE_LOOP('',(#1781,#1782,#1783,#1784,#1785,#1786,#1787));
#742=EDGE_LOOP('',(#1788,#1789,#1790,#1791,#1792,#1793,#1794));
#743=EDGE_LOOP('',(#1795,#1796,#1797));
#744=EDGE_LOOP('',(#1798,#1799,#1800,#1801));
#745=EDGE_LOOP('',(#1802,#1803,#1804,#1805));
#746=EDGE_LOOP('',(#1806,#1807,#1808,#1809));
#747=EDGE_LOOP('',(#1810,#1811,#1812));
#748=EDGE_LOOP('',(#1813,#1814,#1815,#1816));
#749=EDGE_LOOP('',(#1817,#1818,#1819,#1820));
#750=EDGE_LOOP('',(#1821,#1822,#1823,#1824));
#751=EDGE_LOOP('',(#1825,#1826,#1827,#1828));
#752=EDGE_LOOP('',(#1829,#1830,#1831,#1832));
#753=EDGE_LOOP('',(#1833,#1834,#1835,#1836,#1837,#1838));
#754=EDGE_LOOP('',(#1839,#1840,#1841,#1842));
#755=EDGE_LOOP('',(#1843,#1844,#1845));
#756=EDGE_LOOP('',(#1846,#1847,#1848,#1849));
#757=EDGE_LOOP('',(#1850,#1851,#1852));
#758=EDGE_LOOP('',(#1853,#1854,#1855,#1856));
#759=EDGE_LOOP('',(#1857,#1858,#1859,#1860));
#760=EDGE_LOOP('',(#1861,#1862,#1863,#1864));
#761=EDGE_LOOP('',(#1865,#1866,#1867,#1868));
#762=EDGE_LOOP('',(#1869,#1870,#1871,#1872,#1873,#1874));
#763=EDGE_LOOP('',(#1875,#1876,#1877,#1878));
#764=EDGE_LOOP('',(#1879,#1880,#1881,#1882,#1883,#1884));
#765=EDGE_LOOP('',(#1885,#1886,#1887,#1888,#1889,#1890));
#766=EDGE_LOOP('',(#1891,#1892,#1893,#1894,#1895,#1896));
#767=EDGE_LOOP('',(#1897,#1898,#1899,#1900));
#768=EDGE_LOOP('',(#1901,#1902,#1903,#1904));
#769=CIRCLE('',#2055,0.0500000000000034);
#770=CIRCLE('',#2056,0.05);
#771=CIRCLE('',#2057,0.0499999999999998);
#772=CIRCLE('',#2059,0.0500000000000078);
#773=CIRCLE('',#2062,0.05);
#774=CIRCLE('',#2063,0.2);
#775=CIRCLE('',#2064,0.15);
#776=CIRCLE('',#2067,0.05);
#777=CIRCLE('',#2068,0.0499999999999987);
#778=CIRCLE('',#2070,0.0499999999999987);
#779=CIRCLE('',#2071,0.2);
#780=CIRCLE('',#2072,0.15);
#781=CIRCLE('',#2075,0.05);
#782=CIRCLE('',#2081,0.05);
#783=CIRCLE('',#2082,0.05);
#784=CIRCLE('',#2084,0.05);
#785=CIRCLE('',#2085,0.05);
#786=CIRCLE('',#2086,0.05);
#787=CIRCLE('',#2087,0.05);
#788=CIRCLE('',#2088,0.05);
#789=CIRCLE('',#2089,0.05);
#790=CIRCLE('',#2091,0.05);
#791=CIRCLE('',#2092,0.05);
#792=CIRCLE('',#2095,0.0499999999999987);
#793=CIRCLE('',#2096,0.05);
#794=CIRCLE('',#2097,0.0500000000000012);
#795=CIRCLE('',#2099,0.0499999999999998);
#796=CIRCLE('',#2101,0.0499999999999987);
#797=CIRCLE('',#2102,0.2);
#798=CIRCLE('',#2103,0.15);
#799=CIRCLE('',#2105,0.05);
#800=CIRCLE('',#2109,0.15);
#801=CIRCLE('',#2110,0.0499999999999812);
#802=CIRCLE('',#2111,0.2);
#803=CIRCLE('',#2116,0.2);
#804=CIRCLE('',#2119,0.2);
#805=CIRCLE('',#2120,0.2);
#806=CIRCLE('',#2121,0.05);
#807=CIRCLE('',#2122,0.2);
#808=CIRCLE('',#2123,0.2);
#809=CIRCLE('',#2124,0.05);
#810=CIRCLE('',#2126,0.05);
#811=CIRCLE('',#2128,0.0499999999999945);
#812=CIRCLE('',#2129,0.05);
#813=CIRCLE('',#2130,0.05);
#814=CIRCLE('',#2134,0.0500000000000078);
#815=CIRCLE('',#2136,0.2);
#816=CIRCLE('',#2137,0.15);
#817=CIRCLE('',#2139,0.05);
#818=CIRCLE('',#2141,0.05);
#819=CIRCLE('',#2142,0.2);
#820=CIRCLE('',#2143,0.15);
#821=CIRCLE('',#2151,0.05);
#822=CIRCLE('',#2153,0.05);
#823=CIRCLE('',#2154,0.05);
#824=CIRCLE('',#2157,0.0499999999999989);
#825=CIRCLE('',#2158,0.05);
#826=CIRCLE('',#2159,0.05);
#827=CIRCLE('',#2162,0.05);
#828=CIRCLE('',#2164,0.05);
#829=CIRCLE('',#2165,0.2);
#830=CIRCLE('',#2166,0.15);
#831=CIRCLE('',#2171,0.15);
#832=CIRCLE('',#2172,0.0499999999999901);
#833=CIRCLE('',#2173,0.2);
#834=CIRCLE('',#2180,0.75);
#835=CIRCLE('',#2181,0.75);
#836=CIRCLE('',#2189,0.75);
#837=CIRCLE('',#2190,0.75);
#838=CIRCLE('',#2204,0.2);
#839=CIRCLE('',#2207,0.2);
#840=CIRCLE('',#2212,0.75);
#841=CIRCLE('',#2213,0.75);
#842=CIRCLE('',#2221,0.75);
#843=CIRCLE('',#2222,0.75);
#844=CIRCLE('',#2228,0.199999999999996);
#845=CIRCLE('',#2229,0.199999999999996);
#846=CIRCLE('',#2235,0.2);
#847=CIRCLE('',#2236,0.200000000000005);
#848=CIRCLE('',#2237,0.199999999999996);
#849=CIRCLE('',#2247,0.199999999999987);
#850=CIRCLE('',#2248,0.2);
#851=CIRCLE('',#2251,0.199999999999996);
#852=CIRCLE('',#2252,0.199999999999996);
#853=VERTEX_POINT('',#2888);
#854=VERTEX_POINT('',#2889);
#855=VERTEX_POINT('',#2891);
#856=VERTEX_POINT('',#2895);
#857=VERTEX_POINT('',#2896);
#858=VERTEX_POINT('',#2898);
#859=VERTEX_POINT('',#2900);
#860=VERTEX_POINT('',#2904);
#861=VERTEX_POINT('',#2905);
#862=VERTEX_POINT('',#2913);
#863=VERTEX_POINT('',#2914);
#864=VERTEX_POINT('',#2916);
#865=VERTEX_POINT('',#2918);
#866=VERTEX_POINT('',#2922);
#867=VERTEX_POINT('',#2923);
#868=VERTEX_POINT('',#2931);
#869=VERTEX_POINT('',#2932);
#870=VERTEX_POINT('',#2937);
#871=VERTEX_POINT('',#2939);
#872=VERTEX_POINT('',#2943);
#873=VERTEX_POINT('',#2949);
#874=VERTEX_POINT('',#2950);
#875=VERTEX_POINT('',#2952);
#876=VERTEX_POINT('',#2954);
#877=VERTEX_POINT('',#2959);
#878=VERTEX_POINT('',#2961);
#879=VERTEX_POINT('',#2963);
#880=VERTEX_POINT('',#2965);
#881=VERTEX_POINT('',#2967);
#882=VERTEX_POINT('',#2969);
#883=VERTEX_POINT('',#2971);
#884=VERTEX_POINT('',#2973);
#885=VERTEX_POINT('',#2975);
#886=VERTEX_POINT('',#2977);
#887=VERTEX_POINT('',#2979);
#888=VERTEX_POINT('',#2981);
#889=VERTEX_POINT('',#2983);
#890=VERTEX_POINT('',#2985);
#891=VERTEX_POINT('',#2987);
#892=VERTEX_POINT('',#2989);
#893=VERTEX_POINT('',#2991);
#894=VERTEX_POINT('',#2993);
#895=VERTEX_POINT('',#2995);
#896=VERTEX_POINT('',#2997);
#897=VERTEX_POINT('',#2999);
#898=VERTEX_POINT('',#3003);
#899=VERTEX_POINT('',#3005);
#900=VERTEX_POINT('',#3009);
#901=VERTEX_POINT('',#3011);
#902=VERTEX_POINT('',#3013);
#903=VERTEX_POINT('',#3015);
#904=VERTEX_POINT('',#3019);
#905=VERTEX_POINT('',#3020);
#906=VERTEX_POINT('',#3022);
#907=VERTEX_POINT('',#3026);
#908=VERTEX_POINT('',#3027);
#909=VERTEX_POINT('',#3032);
#910=VERTEX_POINT('',#3033);
#911=VERTEX_POINT('',#3038);
#912=VERTEX_POINT('',#3039);
#913=VERTEX_POINT('',#3044);
#914=VERTEX_POINT('',#3046);
#915=VERTEX_POINT('',#3050);
#916=VERTEX_POINT('',#3052);
#917=VERTEX_POINT('',#3062);
#918=VERTEX_POINT('',#3064);
#919=VERTEX_POINT('',#3068);
#920=VERTEX_POINT('',#3072);
#921=VERTEX_POINT('',#3076);
#922=VERTEX_POINT('',#3078);
#923=VERTEX_POINT('',#3080);
#924=VERTEX_POINT('',#3083);
#925=VERTEX_POINT('',#3085);
#926=VERTEX_POINT('',#3088);
#927=VERTEX_POINT('',#3090);
#928=VERTEX_POINT('',#3093);
#929=VERTEX_POINT('',#3095);
#930=VERTEX_POINT('',#3097);
#931=VERTEX_POINT('',#3099);
#932=VERTEX_POINT('',#3101);
#933=VERTEX_POINT('',#3103);
#934=VERTEX_POINT('',#3105);
#935=VERTEX_POINT('',#3107);
#936=VERTEX_POINT('',#3109);
#937=VERTEX_POINT('',#3111);
#938=VERTEX_POINT('',#3113);
#939=VERTEX_POINT('',#3115);
#940=VERTEX_POINT('',#3117);
#941=VERTEX_POINT('',#3119);
#942=VERTEX_POINT('',#3121);
#943=VERTEX_POINT('',#3123);
#944=VERTEX_POINT('',#3125);
#945=VERTEX_POINT('',#3127);
#946=VERTEX_POINT('',#3129);
#947=VERTEX_POINT('',#3131);
#948=VERTEX_POINT('',#3133);
#949=VERTEX_POINT('',#3135);
#950=VERTEX_POINT('',#3139);
#951=VERTEX_POINT('',#3143);
#952=VERTEX_POINT('',#3144);
#953=VERTEX_POINT('',#3146);
#954=VERTEX_POINT('',#3150);
#955=VERTEX_POINT('',#3152);
#956=VERTEX_POINT('',#3156);
#957=VERTEX_POINT('',#3158);
#958=VERTEX_POINT('',#3165);
#959=VERTEX_POINT('',#3167);
#960=VERTEX_POINT('',#3171);
#961=VERTEX_POINT('',#3172);
#962=VERTEX_POINT('',#3183);
#963=VERTEX_POINT('',#3185);
#964=VERTEX_POINT('',#3192);
#965=VERTEX_POINT('',#3196);
#966=VERTEX_POINT('',#3198);
#967=VERTEX_POINT('',#3203);
#968=VERTEX_POINT('',#3205);
#969=VERTEX_POINT('',#3210);
#970=VERTEX_POINT('',#3211);
#971=VERTEX_POINT('',#3213);
#972=VERTEX_POINT('',#3220);
#973=VERTEX_POINT('',#3221);
#974=VERTEX_POINT('',#3226);
#975=VERTEX_POINT('',#3227);
#976=VERTEX_POINT('',#3235);
#977=VERTEX_POINT('',#3237);
#978=VERTEX_POINT('',#3241);
#979=VERTEX_POINT('',#3243);
#980=VERTEX_POINT('',#3255);
#981=VERTEX_POINT('',#3256);
#982=VERTEX_POINT('',#3258);
#983=VERTEX_POINT('',#3260);
#984=VERTEX_POINT('',#3264);
#985=VERTEX_POINT('',#3266);
#986=VERTEX_POINT('',#3270);
#987=VERTEX_POINT('',#3272);
#988=VERTEX_POINT('',#3276);
#989=VERTEX_POINT('',#3278);
#990=VERTEX_POINT('',#3289);
#991=VERTEX_POINT('',#3290);
#992=VERTEX_POINT('',#3292);
#993=VERTEX_POINT('',#3294);
#994=VERTEX_POINT('',#3298);
#995=VERTEX_POINT('',#3300);
#996=VERTEX_POINT('',#3304);
#997=VERTEX_POINT('',#3306);
#998=VERTEX_POINT('',#3310);
#999=VERTEX_POINT('',#3312);
#1000=VERTEX_POINT('',#3331);
#1001=VERTEX_POINT('',#3335);
#1002=VERTEX_POINT('',#3341);
#1003=VERTEX_POINT('',#3345);
#1004=VERTEX_POINT('',#3351);
#1005=VERTEX_POINT('',#3353);
#1006=VERTEX_POINT('',#3357);
#1007=VERTEX_POINT('',#3359);
#1008=VERTEX_POINT('',#3363);
#1009=VERTEX_POINT('',#3365);
#1010=VERTEX_POINT('',#3369);
#1011=VERTEX_POINT('',#3371);
#1012=VERTEX_POINT('',#3380);
#1013=VERTEX_POINT('',#3382);
#1014=VERTEX_POINT('',#3386);
#1015=VERTEX_POINT('',#3388);
#1016=VERTEX_POINT('',#3392);
#1017=VERTEX_POINT('',#3394);
#1018=VERTEX_POINT('',#3398);
#1019=VERTEX_POINT('',#3400);
#1020=VERTEX_POINT('',#3409);
#1021=VERTEX_POINT('',#3417);
#1022=VERTEX_POINT('',#3419);
#1023=VERTEX_POINT('',#3423);
#1024=VERTEX_POINT('',#3424);
#1025=VERTEX_POINT('',#3426);
#1026=VERTEX_POINT('',#3443);
#1027=VERTEX_POINT('',#3447);
#1028=VERTEX_POINT('',#3453);
#1029=EDGE_CURVE('',#853,#854,#769,.F.);
#1030=EDGE_CURVE('',#855,#853,#770,.F.);
#1031=EDGE_CURVE('',#854,#855,#771,.F.);
#1032=EDGE_CURVE('',#856,#857,#89,.T.);
#1033=EDGE_CURVE('',#857,#858,#772,.T.);
#1034=EDGE_CURVE('',#858,#859,#90,.T.);
#1035=EDGE_CURVE('',#859,#856,#81,.T.);
#1036=EDGE_CURVE('',#860,#861,#773,.T.);
#1037=EDGE_CURVE('',#860,#858,#774,.T.);
#1038=EDGE_CURVE('',#857,#861,#775,.T.);
#1039=EDGE_CURVE('',#859,#855,#91,.T.);
#1040=EDGE_CURVE('',#853,#856,#92,.T.);
#1041=EDGE_CURVE('',#862,#863,#776,.T.);
#1042=EDGE_CURVE('',#863,#864,#93,.T.);
#1043=EDGE_CURVE('',#864,#865,#777,.T.);
#1044=EDGE_CURVE('',#865,#862,#94,.T.);
#1045=EDGE_CURVE('',#866,#867,#778,.T.);
#1046=EDGE_CURVE('',#867,#865,#779,.T.);
#1047=EDGE_CURVE('',#864,#866,#780,.T.);
#1048=EDGE_CURVE('',#855,#867,#95,.T.);
#1049=EDGE_CURVE('',#866,#854,#96,.T.);
#1050=EDGE_CURVE('',#868,#869,#781,.F.);
#1051=EDGE_CURVE('',#869,#853,#97,.T.);
#1052=EDGE_CURVE('',#854,#868,#98,.T.);
#1053=EDGE_CURVE('',#860,#870,#99,.T.);
#1054=EDGE_CURVE('',#871,#870,#82,.T.);
#1055=EDGE_CURVE('',#871,#858,#100,.T.);
#1056=EDGE_CURVE('',#856,#872,#101,.T.);
#1057=EDGE_CURVE('',#872,#861,#102,.T.);
#1058=EDGE_CURVE('',#869,#872,#103,.T.);
#1059=EDGE_CURVE('',#873,#874,#782,.F.);
#1060=EDGE_CURVE('',#874,#875,#104,.T.);
#1061=EDGE_CURVE('',#875,#876,#783,.F.);
#1062=EDGE_CURVE('',#876,#873,#105,.T.);
#1063=EDGE_CURVE('',#873,#868,#106,.T.);
#1064=EDGE_CURVE('',#877,#876,#107,.T.);
#1065=EDGE_CURVE('',#877,#878,#784,.T.);
#1066=EDGE_CURVE('',#879,#878,#108,.T.);
#1067=EDGE_CURVE('',#880,#879,#109,.T.);
#1068=EDGE_CURVE('',#881,#880,#785,.F.);
#1069=EDGE_CURVE('',#881,#882,#110,.T.);
#1070=EDGE_CURVE('',#883,#882,#111,.T.);
#1071=EDGE_CURVE('',#883,#884,#112,.T.);
#1072=EDGE_CURVE('',#884,#885,#786,.T.);
#1073=EDGE_CURVE('',#886,#885,#113,.T.);
#1074=EDGE_CURVE('',#887,#886,#114,.T.);
#1075=EDGE_CURVE('',#888,#887,#787,.F.);
#1076=EDGE_CURVE('',#889,#888,#115,.T.);
#1077=EDGE_CURVE('',#890,#889,#116,.T.);
#1078=EDGE_CURVE('',#891,#890,#117,.T.);
#1079=EDGE_CURVE('',#892,#891,#788,.F.);
#1080=EDGE_CURVE('',#893,#892,#118,.T.);
#1081=EDGE_CURVE('',#894,#893,#119,.T.);
#1082=EDGE_CURVE('',#895,#894,#789,.F.);
#1083=EDGE_CURVE('',#896,#895,#120,.T.);
#1084=EDGE_CURVE('',#897,#896,#121,.T.);
#1085=EDGE_CURVE('',#897,#860,#122,.T.);
#1086=EDGE_CURVE('',#897,#898,#790,.T.);
#1087=EDGE_CURVE('',#896,#899,#791,.F.);
#1088=EDGE_CURVE('',#899,#898,#123,.T.);
#1089=EDGE_CURVE('',#900,#899,#124,.T.);
#1090=EDGE_CURVE('',#900,#901,#125,.T.);
#1091=EDGE_CURVE('',#902,#901,#126,.T.);
#1092=EDGE_CURVE('',#902,#903,#127,.T.);
#1093=EDGE_CURVE('',#903,#898,#128,.T.);
#1094=EDGE_CURVE('',#904,#905,#792,.F.);
#1095=EDGE_CURVE('',#906,#904,#793,.F.);
#1096=EDGE_CURVE('',#905,#906,#794,.F.);
#1097=EDGE_CURVE('',#907,#908,#795,.T.);
#1098=EDGE_CURVE('',#908,#906,#129,.T.);
#1099=EDGE_CURVE('',#904,#907,#130,.T.);
#1100=EDGE_CURVE('',#909,#910,#796,.T.);
#1101=EDGE_CURVE('',#910,#908,#797,.T.);
#1102=EDGE_CURVE('',#907,#909,#798,.T.);
#1103=EDGE_CURVE('',#911,#912,#799,.T.);
#1104=EDGE_CURVE('',#912,#910,#131,.T.);
#1105=EDGE_CURVE('',#909,#911,#132,.T.);
#1106=EDGE_CURVE('',#913,#905,#133,.T.);
#1107=EDGE_CURVE('',#906,#914,#134,.T.);
#1108=EDGE_CURVE('',#914,#913,#83,.T.);
#1109=EDGE_CURVE('',#894,#915,#800,.T.);
#1110=EDGE_CURVE('',#915,#916,#801,.T.);
#1111=EDGE_CURVE('',#916,#895,#802,.T.);
#1112=EDGE_CURVE('',#914,#916,#135,.T.);
#1113=EDGE_CURVE('',#915,#913,#136,.T.);
#1114=EDGE_CURVE('',#891,#904,#137,.T.);
#1115=EDGE_CURVE('',#905,#892,#138,.T.);
#1116=EDGE_CURVE('',#917,#908,#139,.T.);
#1117=EDGE_CURVE('',#918,#917,#140,.T.);
#1118=EDGE_CURVE('',#916,#918,#141,.T.);
#1119=EDGE_CURVE('',#910,#919,#142,.T.);
#1120=EDGE_CURVE('',#919,#917,#803,.F.);
#1121=EDGE_CURVE('',#920,#912,#143,.T.);
#1122=EDGE_CURVE('',#919,#920,#144,.T.);
#1123=EDGE_CURVE('',#862,#921,#145,.T.);
#1124=EDGE_CURVE('',#922,#921,#804,.T.);
#1125=EDGE_CURVE('',#922,#923,#146,.T.);
#1126=EDGE_CURVE('',#923,#903,#147,.T.);
#1127=EDGE_CURVE('',#903,#924,#148,.T.);
#1128=EDGE_CURVE('',#924,#925,#149,.T.);
#1129=EDGE_CURVE('',#925,#900,#150,.T.);
#1130=EDGE_CURVE('',#900,#926,#151,.T.);
#1131=EDGE_CURVE('',#926,#927,#152,.T.);
#1132=EDGE_CURVE('',#920,#927,#805,.T.);
#1133=EDGE_CURVE('',#911,#928,#153,.T.);
#1134=EDGE_CURVE('',#928,#929,#154,.T.);
#1135=EDGE_CURVE('',#929,#930,#155,.T.);
#1136=EDGE_CURVE('',#930,#931,#156,.T.);
#1137=EDGE_CURVE('',#931,#932,#157,.T.);
#1138=EDGE_CURVE('',#933,#932,#806,.T.);
#1139=EDGE_CURVE('',#933,#934,#158,.T.);
#1140=EDGE_CURVE('',#935,#934,#807,.T.);
#1141=EDGE_CURVE('',#935,#936,#159,.T.);
#1142=EDGE_CURVE('',#936,#937,#160,.T.);
#1143=EDGE_CURVE('',#937,#938,#161,.T.);
#1144=EDGE_CURVE('',#938,#939,#162,.T.);
#1145=EDGE_CURVE('',#939,#940,#163,.T.);
#1146=EDGE_CURVE('',#940,#941,#164,.T.);
#1147=EDGE_CURVE('',#941,#942,#165,.T.);
#1148=EDGE_CURVE('',#943,#942,#808,.T.);
#1149=EDGE_CURVE('',#943,#944,#166,.T.);
#1150=EDGE_CURVE('',#945,#944,#809,.T.);
#1151=EDGE_CURVE('',#945,#946,#167,.T.);
#1152=EDGE_CURVE('',#946,#947,#168,.T.);
#1153=EDGE_CURVE('',#947,#948,#169,.T.);
#1154=EDGE_CURVE('',#948,#949,#170,.T.);
#1155=EDGE_CURVE('',#949,#863,#171,.T.);
#1156=EDGE_CURVE('',#890,#950,#810,.T.);
#1157=EDGE_CURVE('',#950,#928,#172,.T.);
#1158=EDGE_CURVE('',#951,#952,#811,.F.);
#1159=EDGE_CURVE('',#953,#951,#812,.F.);
#1160=EDGE_CURVE('',#952,#953,#813,.F.);
#1161=EDGE_CURVE('',#954,#953,#173,.T.);
#1162=EDGE_CURVE('',#951,#955,#174,.T.);
#1163=EDGE_CURVE('',#955,#954,#84,.T.);
#1164=EDGE_CURVE('',#955,#956,#175,.T.);
#1165=EDGE_CURVE('',#956,#957,#814,.T.);
#1166=EDGE_CURVE('',#957,#954,#176,.T.);
#1167=EDGE_CURVE('',#884,#957,#815,.T.);
#1168=EDGE_CURVE('',#956,#885,#816,.T.);
#1169=EDGE_CURVE('',#932,#958,#177,.T.);
#1170=EDGE_CURVE('',#958,#959,#817,.T.);
#1171=EDGE_CURVE('',#959,#933,#178,.T.);
#1172=EDGE_CURVE('',#960,#961,#818,.T.);
#1173=EDGE_CURVE('',#961,#959,#819,.T.);
#1174=EDGE_CURVE('',#958,#960,#820,.T.);
#1175=EDGE_CURVE('',#953,#961,#179,.T.);
#1176=EDGE_CURVE('',#960,#952,#180,.T.);
#1177=EDGE_CURVE('',#887,#951,#181,.T.);
#1178=EDGE_CURVE('',#952,#888,#182,.T.);
#1179=EDGE_CURVE('',#884,#962,#183,.T.);
#1180=EDGE_CURVE('',#963,#962,#85,.T.);
#1181=EDGE_CURVE('',#963,#957,#184,.T.);
#1182=EDGE_CURVE('',#955,#886,#185,.T.);
#1183=EDGE_CURVE('',#889,#964,#821,.F.);
#1184=EDGE_CURVE('',#964,#950,#186,.T.);
#1185=EDGE_CURVE('',#883,#965,#822,.T.);
#1186=EDGE_CURVE('',#882,#966,#823,.F.);
#1187=EDGE_CURVE('',#966,#965,#187,.T.);
#1188=EDGE_CURVE('',#940,#966,#188,.T.);
#1189=EDGE_CURVE('',#967,#940,#189,.T.);
#1190=EDGE_CURVE('',#967,#968,#190,.T.);
#1191=EDGE_CURVE('',#937,#968,#191,.T.);
#1192=EDGE_CURVE('',#937,#965,#192,.T.);
#1193=EDGE_CURVE('',#969,#970,#824,.F.);
#1194=EDGE_CURVE('',#971,#969,#825,.F.);
#1195=EDGE_CURVE('',#970,#971,#826,.F.);
#1196=EDGE_CURVE('',#877,#971,#193,.T.);
#1197=EDGE_CURVE('',#969,#878,#194,.T.);
#1198=EDGE_CURVE('',#972,#973,#827,.T.);
#1199=EDGE_CURVE('',#973,#970,#195,.T.);
#1200=EDGE_CURVE('',#971,#972,#196,.T.);
#1201=EDGE_CURVE('',#974,#975,#828,.T.);
#1202=EDGE_CURVE('',#975,#973,#829,.T.);
#1203=EDGE_CURVE('',#972,#974,#830,.T.);
#1204=EDGE_CURVE('',#944,#975,#197,.T.);
#1205=EDGE_CURVE('',#974,#945,#198,.T.);
#1206=EDGE_CURVE('',#976,#969,#199,.T.);
#1207=EDGE_CURVE('',#970,#977,#200,.T.);
#1208=EDGE_CURVE('',#977,#976,#86,.T.);
#1209=EDGE_CURVE('',#880,#978,#831,.T.);
#1210=EDGE_CURVE('',#978,#979,#832,.T.);
#1211=EDGE_CURVE('',#979,#881,#833,.T.);
#1212=EDGE_CURVE('',#977,#979,#201,.T.);
#1213=EDGE_CURVE('',#978,#976,#202,.T.);
#1214=EDGE_CURVE('',#875,#946,#203,.T.);
#1215=EDGE_CURVE('',#976,#879,#204,.T.);
#1216=EDGE_CURVE('',#980,#981,#205,.T.);
#1217=EDGE_CURVE('',#980,#982,#206,.T.);
#1218=EDGE_CURVE('',#982,#983,#207,.T.);
#1219=EDGE_CURVE('',#981,#983,#208,.T.);
#1220=EDGE_CURVE('',#984,#980,#834,.T.);
#1221=EDGE_CURVE('',#984,#985,#209,.T.);
#1222=EDGE_CURVE('',#985,#982,#835,.T.);
#1223=EDGE_CURVE('',#986,#984,#210,.T.);
#1224=EDGE_CURVE('',#986,#987,#211,.T.);
#1225=EDGE_CURVE('',#987,#985,#212,.T.);
#1226=EDGE_CURVE('',#988,#986,#213,.T.);
#1227=EDGE_CURVE('',#988,#989,#214,.T.);
#1228=EDGE_CURVE('',#989,#987,#215,.T.);
#1229=EDGE_CURVE('',#981,#947,#216,.T.);
#1230=EDGE_CURVE('',#983,#948,#217,.T.);
#1231=EDGE_CURVE('',#949,#989,#218,.T.);
#1232=EDGE_CURVE('',#946,#988,#219,.T.);
#1233=EDGE_CURVE('',#990,#991,#220,.T.);
#1234=EDGE_CURVE('',#991,#992,#221,.T.);
#1235=EDGE_CURVE('',#993,#992,#222,.T.);
#1236=EDGE_CURVE('',#990,#993,#223,.T.);
#1237=EDGE_CURVE('',#994,#990,#836,.T.);
#1238=EDGE_CURVE('',#995,#993,#837,.T.);
#1239=EDGE_CURVE('',#994,#995,#224,.T.);
#1240=EDGE_CURVE('',#996,#994,#225,.T.);
#1241=EDGE_CURVE('',#997,#995,#226,.T.);
#1242=EDGE_CURVE('',#996,#997,#227,.T.);
#1243=EDGE_CURVE('',#998,#996,#228,.T.);
#1244=EDGE_CURVE('',#999,#997,#229,.T.);
#1245=EDGE_CURVE('',#998,#999,#230,.T.);
#1246=EDGE_CURVE('',#991,#930,#231,.T.);
#1247=EDGE_CURVE('',#992,#929,#232,.T.);
#1248=EDGE_CURVE('',#928,#999,#233,.T.);
#1249=EDGE_CURVE('',#931,#998,#234,.T.);
#1250=EDGE_CURVE('',#964,#931,#235,.T.);
#1251=EDGE_CURVE('',#874,#949,#236,.T.);
#1252=EDGE_CURVE('',#913,#893,#237,.T.);
#1253=EDGE_CURVE('',#1000,#963,#238,.T.);
#1254=EDGE_CURVE('',#961,#1000,#239,.T.);
#1255=EDGE_CURVE('',#1001,#959,#240,.T.);
#1256=EDGE_CURVE('',#934,#1001,#241,.T.);
#1257=EDGE_CURVE('',#1000,#1001,#838,.F.);
#1258=EDGE_CURVE('',#1002,#865,#242,.T.);
#1259=EDGE_CURVE('',#921,#1002,#243,.T.);
#1260=EDGE_CURVE('',#867,#1003,#244,.T.);
#1261=EDGE_CURVE('',#1003,#1002,#839,.F.);
#1262=EDGE_CURVE('',#1003,#871,#245,.T.);
#1263=EDGE_CURVE('',#924,#1004,#246,.T.);
#1264=EDGE_CURVE('',#1004,#1005,#247,.T.);
#1265=EDGE_CURVE('',#1005,#925,#248,.T.);
#1266=EDGE_CURVE('',#1004,#1006,#249,.T.);
#1267=EDGE_CURVE('',#1006,#1007,#250,.T.);
#1268=EDGE_CURVE('',#1007,#1005,#251,.T.);
#1269=EDGE_CURVE('',#1006,#1008,#840,.T.);
#1270=EDGE_CURVE('',#1008,#1009,#252,.T.);
#1271=EDGE_CURVE('',#1009,#1007,#841,.T.);
#1272=EDGE_CURVE('',#1008,#1010,#253,.T.);
#1273=EDGE_CURVE('',#1010,#1011,#254,.T.);
#1274=EDGE_CURVE('',#1011,#1009,#255,.T.);
#1275=EDGE_CURVE('',#1010,#902,#256,.T.);
#1276=EDGE_CURVE('',#901,#1011,#257,.T.);
#1277=EDGE_CURVE('',#939,#1012,#258,.T.);
#1278=EDGE_CURVE('',#1013,#938,#259,.T.);
#1279=EDGE_CURVE('',#1012,#1013,#260,.T.);
#1280=EDGE_CURVE('',#1012,#1014,#261,.T.);
#1281=EDGE_CURVE('',#1015,#1013,#262,.T.);
#1282=EDGE_CURVE('',#1014,#1015,#263,.T.);
#1283=EDGE_CURVE('',#1014,#1016,#842,.T.);
#1284=EDGE_CURVE('',#1017,#1015,#843,.T.);
#1285=EDGE_CURVE('',#1016,#1017,#264,.T.);
#1286=EDGE_CURVE('',#1016,#1018,#265,.T.);
#1287=EDGE_CURVE('',#1019,#1017,#266,.T.);
#1288=EDGE_CURVE('',#1018,#1019,#267,.T.);
#1289=EDGE_CURVE('',#1018,#967,#268,.T.);
#1290=EDGE_CURVE('',#968,#1019,#269,.T.);
#1291=EDGE_CURVE('',#1020,#1003,#844,.F.);
#1292=EDGE_CURVE('',#1002,#1020,#845,.F.);
#1293=EDGE_CURVE('',#870,#1020,#270,.T.);
#1294=EDGE_CURVE('',#1020,#922,#271,.T.);
#1295=EDGE_CURVE('',#979,#1021,#272,.T.);
#1296=EDGE_CURVE('',#1021,#1022,#87,.T.);
#1297=EDGE_CURVE('',#1022,#881,#273,.T.);
#1298=EDGE_CURVE('',#1023,#1024,#846,.F.);
#1299=EDGE_CURVE('',#1025,#1023,#847,.F.);
#1300=EDGE_CURVE('',#1024,#1025,#848,.F.);
#1301=EDGE_CURVE('',#975,#1025,#274,.T.);
#1302=EDGE_CURVE('',#1023,#973,#275,.T.);
#1303=EDGE_CURVE('',#942,#1024,#276,.T.);
#1304=EDGE_CURVE('',#1025,#943,#277,.T.);
#1305=EDGE_CURVE('',#1021,#1023,#278,.T.);
#1306=EDGE_CURVE('',#1024,#1022,#279,.T.);
#1307=EDGE_CURVE('',#870,#923,#280,.T.);
#1308=EDGE_CURVE('',#918,#1026,#88,.T.);
#1309=EDGE_CURVE('',#1026,#895,#281,.T.);
#1310=EDGE_CURVE('',#1027,#919,#849,.F.);
#1311=EDGE_CURVE('',#917,#1027,#850,.F.);
#1312=EDGE_CURVE('',#1027,#1026,#282,.T.);
#1313=EDGE_CURVE('',#1028,#1000,#851,.F.);
#1314=EDGE_CURVE('',#1001,#1028,#852,.F.);
#1315=EDGE_CURVE('',#962,#1028,#283,.T.);
#1316=EDGE_CURVE('',#1028,#935,#284,.T.);
#1317=EDGE_CURVE('',#927,#1027,#285,.T.);
#1318=EDGE_CURVE('',#962,#936,#286,.T.);
#1319=EDGE_CURVE('',#941,#1022,#287,.T.);
#1320=EDGE_CURVE('',#926,#1026,#288,.T.);
#1321=ORIENTED_EDGE('',*,*,#1029,.F.);
#1322=ORIENTED_EDGE('',*,*,#1030,.F.);
#1323=ORIENTED_EDGE('',*,*,#1031,.F.);
#1324=ORIENTED_EDGE('',*,*,#1032,.T.);
#1325=ORIENTED_EDGE('',*,*,#1033,.T.);
#1326=ORIENTED_EDGE('',*,*,#1034,.T.);
#1327=ORIENTED_EDGE('',*,*,#1035,.T.);
#1328=ORIENTED_EDGE('',*,*,#1036,.F.);
#1329=ORIENTED_EDGE('',*,*,#1037,.T.);
#1330=ORIENTED_EDGE('',*,*,#1033,.F.);
#1331=ORIENTED_EDGE('',*,*,#1038,.T.);
#1332=ORIENTED_EDGE('',*,*,#1039,.T.);
#1333=ORIENTED_EDGE('',*,*,#1030,.T.);
#1334=ORIENTED_EDGE('',*,*,#1040,.T.);
#1335=ORIENTED_EDGE('',*,*,#1035,.F.);
#1336=ORIENTED_EDGE('',*,*,#1041,.T.);
#1337=ORIENTED_EDGE('',*,*,#1042,.T.);
#1338=ORIENTED_EDGE('',*,*,#1043,.T.);
#1339=ORIENTED_EDGE('',*,*,#1044,.T.);
#1340=ORIENTED_EDGE('',*,*,#1045,.T.);
#1341=ORIENTED_EDGE('',*,*,#1046,.T.);
#1342=ORIENTED_EDGE('',*,*,#1043,.F.);
#1343=ORIENTED_EDGE('',*,*,#1047,.T.);
#1344=ORIENTED_EDGE('',*,*,#1031,.T.);
#1345=ORIENTED_EDGE('',*,*,#1048,.T.);
#1346=ORIENTED_EDGE('',*,*,#1045,.F.);
#1347=ORIENTED_EDGE('',*,*,#1049,.T.);
#1348=ORIENTED_EDGE('',*,*,#1050,.T.);
#1349=ORIENTED_EDGE('',*,*,#1051,.T.);
#1350=ORIENTED_EDGE('',*,*,#1029,.T.);
#1351=ORIENTED_EDGE('',*,*,#1052,.T.);
#1352=ORIENTED_EDGE('',*,*,#1037,.F.);
#1353=ORIENTED_EDGE('',*,*,#1053,.T.);
#1354=ORIENTED_EDGE('',*,*,#1054,.F.);
#1355=ORIENTED_EDGE('',*,*,#1055,.T.);
#1356=ORIENTED_EDGE('',*,*,#1038,.F.);
#1357=ORIENTED_EDGE('',*,*,#1032,.F.);
#1358=ORIENTED_EDGE('',*,*,#1056,.T.);
#1359=ORIENTED_EDGE('',*,*,#1057,.T.);
#1360=ORIENTED_EDGE('',*,*,#1040,.F.);
#1361=ORIENTED_EDGE('',*,*,#1051,.F.);
#1362=ORIENTED_EDGE('',*,*,#1058,.T.);
#1363=ORIENTED_EDGE('',*,*,#1056,.F.);
#1364=ORIENTED_EDGE('',*,*,#1059,.T.);
#1365=ORIENTED_EDGE('',*,*,#1060,.T.);
#1366=ORIENTED_EDGE('',*,*,#1061,.T.);
#1367=ORIENTED_EDGE('',*,*,#1062,.T.);
#1368=ORIENTED_EDGE('',*,*,#1063,.F.);
#1369=ORIENTED_EDGE('',*,*,#1062,.F.);
#1370=ORIENTED_EDGE('',*,*,#1064,.F.);
#1371=ORIENTED_EDGE('',*,*,#1065,.T.);
#1372=ORIENTED_EDGE('',*,*,#1066,.F.);
#1373=ORIENTED_EDGE('',*,*,#1067,.F.);
#1374=ORIENTED_EDGE('',*,*,#1068,.F.);
#1375=ORIENTED_EDGE('',*,*,#1069,.T.);
#1376=ORIENTED_EDGE('',*,*,#1070,.F.);
#1377=ORIENTED_EDGE('',*,*,#1071,.T.);
#1378=ORIENTED_EDGE('',*,*,#1072,.T.);
#1379=ORIENTED_EDGE('',*,*,#1073,.F.);
#1380=ORIENTED_EDGE('',*,*,#1074,.F.);
#1381=ORIENTED_EDGE('',*,*,#1075,.F.);
#1382=ORIENTED_EDGE('',*,*,#1076,.F.);
#1383=ORIENTED_EDGE('',*,*,#1077,.F.);
#1384=ORIENTED_EDGE('',*,*,#1078,.F.);
#1385=ORIENTED_EDGE('',*,*,#1079,.F.);
#1386=ORIENTED_EDGE('',*,*,#1080,.F.);
#1387=ORIENTED_EDGE('',*,*,#1081,.F.);
#1388=ORIENTED_EDGE('',*,*,#1082,.F.);
#1389=ORIENTED_EDGE('',*,*,#1083,.F.);
#1390=ORIENTED_EDGE('',*,*,#1084,.F.);
#1391=ORIENTED_EDGE('',*,*,#1085,.T.);
#1392=ORIENTED_EDGE('',*,*,#1036,.T.);
#1393=ORIENTED_EDGE('',*,*,#1057,.F.);
#1394=ORIENTED_EDGE('',*,*,#1058,.F.);
#1395=ORIENTED_EDGE('',*,*,#1050,.F.);
#1396=ORIENTED_EDGE('',*,*,#1086,.F.);
#1397=ORIENTED_EDGE('',*,*,#1084,.T.);
#1398=ORIENTED_EDGE('',*,*,#1087,.T.);
#1399=ORIENTED_EDGE('',*,*,#1088,.T.);
#1400=ORIENTED_EDGE('',*,*,#1088,.F.);
#1401=ORIENTED_EDGE('',*,*,#1089,.F.);
#1402=ORIENTED_EDGE('',*,*,#1090,.T.);
#1403=ORIENTED_EDGE('',*,*,#1091,.F.);
#1404=ORIENTED_EDGE('',*,*,#1092,.T.);
#1405=ORIENTED_EDGE('',*,*,#1093,.T.);
#1406=ORIENTED_EDGE('',*,*,#1094,.F.);
#1407=ORIENTED_EDGE('',*,*,#1095,.F.);
#1408=ORIENTED_EDGE('',*,*,#1096,.F.);
#1409=ORIENTED_EDGE('',*,*,#1097,.T.);
#1410=ORIENTED_EDGE('',*,*,#1098,.T.);
#1411=ORIENTED_EDGE('',*,*,#1095,.T.);
#1412=ORIENTED_EDGE('',*,*,#1099,.T.);
#1413=ORIENTED_EDGE('',*,*,#1100,.T.);
#1414=ORIENTED_EDGE('',*,*,#1101,.T.);
#1415=ORIENTED_EDGE('',*,*,#1097,.F.);
#1416=ORIENTED_EDGE('',*,*,#1102,.T.);
#1417=ORIENTED_EDGE('',*,*,#1103,.T.);
#1418=ORIENTED_EDGE('',*,*,#1104,.T.);
#1419=ORIENTED_EDGE('',*,*,#1100,.F.);
#1420=ORIENTED_EDGE('',*,*,#1105,.T.);
#1421=ORIENTED_EDGE('',*,*,#1106,.T.);
#1422=ORIENTED_EDGE('',*,*,#1096,.T.);
#1423=ORIENTED_EDGE('',*,*,#1107,.T.);
#1424=ORIENTED_EDGE('',*,*,#1108,.T.);
#1425=ORIENTED_EDGE('',*,*,#1082,.T.);
#1426=ORIENTED_EDGE('',*,*,#1109,.T.);
#1427=ORIENTED_EDGE('',*,*,#1110,.T.);
#1428=ORIENTED_EDGE('',*,*,#1111,.T.);
#1429=ORIENTED_EDGE('',*,*,#1112,.T.);
#1430=ORIENTED_EDGE('',*,*,#1110,.F.);
#1431=ORIENTED_EDGE('',*,*,#1113,.T.);
#1432=ORIENTED_EDGE('',*,*,#1108,.F.);
#1433=ORIENTED_EDGE('',*,*,#1079,.T.);
#1434=ORIENTED_EDGE('',*,*,#1114,.T.);
#1435=ORIENTED_EDGE('',*,*,#1094,.T.);
#1436=ORIENTED_EDGE('',*,*,#1115,.T.);
#1437=ORIENTED_EDGE('',*,*,#1112,.F.);
#1438=ORIENTED_EDGE('',*,*,#1107,.F.);
#1439=ORIENTED_EDGE('',*,*,#1098,.F.);
#1440=ORIENTED_EDGE('',*,*,#1116,.F.);
#1441=ORIENTED_EDGE('',*,*,#1117,.F.);
#1442=ORIENTED_EDGE('',*,*,#1118,.F.);
#1443=ORIENTED_EDGE('',*,*,#1101,.F.);
#1444=ORIENTED_EDGE('',*,*,#1119,.T.);
#1445=ORIENTED_EDGE('',*,*,#1120,.T.);
#1446=ORIENTED_EDGE('',*,*,#1116,.T.);
#1447=ORIENTED_EDGE('',*,*,#1104,.F.);
#1448=ORIENTED_EDGE('',*,*,#1121,.F.);
#1449=ORIENTED_EDGE('',*,*,#1122,.F.);
#1450=ORIENTED_EDGE('',*,*,#1119,.F.);
#1451=ORIENTED_EDGE('',*,*,#1041,.F.);
#1452=ORIENTED_EDGE('',*,*,#1123,.T.);
#1453=ORIENTED_EDGE('',*,*,#1124,.F.);
#1454=ORIENTED_EDGE('',*,*,#1125,.T.);
#1455=ORIENTED_EDGE('',*,*,#1126,.T.);
#1456=ORIENTED_EDGE('',*,*,#1127,.T.);
#1457=ORIENTED_EDGE('',*,*,#1128,.T.);
#1458=ORIENTED_EDGE('',*,*,#1129,.T.);
#1459=ORIENTED_EDGE('',*,*,#1130,.T.);
#1460=ORIENTED_EDGE('',*,*,#1131,.T.);
#1461=ORIENTED_EDGE('',*,*,#1132,.F.);
#1462=ORIENTED_EDGE('',*,*,#1121,.T.);
#1463=ORIENTED_EDGE('',*,*,#1103,.F.);
#1464=ORIENTED_EDGE('',*,*,#1133,.T.);
#1465=ORIENTED_EDGE('',*,*,#1134,.T.);
#1466=ORIENTED_EDGE('',*,*,#1135,.T.);
#1467=ORIENTED_EDGE('',*,*,#1136,.T.);
#1468=ORIENTED_EDGE('',*,*,#1137,.T.);
#1469=ORIENTED_EDGE('',*,*,#1138,.F.);
#1470=ORIENTED_EDGE('',*,*,#1139,.T.);
#1471=ORIENTED_EDGE('',*,*,#1140,.F.);
#1472=ORIENTED_EDGE('',*,*,#1141,.T.);
#1473=ORIENTED_EDGE('',*,*,#1142,.T.);
#1474=ORIENTED_EDGE('',*,*,#1143,.T.);
#1475=ORIENTED_EDGE('',*,*,#1144,.T.);
#1476=ORIENTED_EDGE('',*,*,#1145,.T.);
#1477=ORIENTED_EDGE('',*,*,#1146,.T.);
#1478=ORIENTED_EDGE('',*,*,#1147,.T.);
#1479=ORIENTED_EDGE('',*,*,#1148,.F.);
#1480=ORIENTED_EDGE('',*,*,#1149,.T.);
#1481=ORIENTED_EDGE('',*,*,#1150,.F.);
#1482=ORIENTED_EDGE('',*,*,#1151,.T.);
#1483=ORIENTED_EDGE('',*,*,#1152,.T.);
#1484=ORIENTED_EDGE('',*,*,#1153,.T.);
#1485=ORIENTED_EDGE('',*,*,#1154,.T.);
#1486=ORIENTED_EDGE('',*,*,#1155,.T.);
#1487=ORIENTED_EDGE('',*,*,#1105,.F.);
#1488=ORIENTED_EDGE('',*,*,#1102,.F.);
#1489=ORIENTED_EDGE('',*,*,#1099,.F.);
#1490=ORIENTED_EDGE('',*,*,#1114,.F.);
#1491=ORIENTED_EDGE('',*,*,#1078,.T.);
#1492=ORIENTED_EDGE('',*,*,#1156,.T.);
#1493=ORIENTED_EDGE('',*,*,#1157,.T.);
#1494=ORIENTED_EDGE('',*,*,#1133,.F.);
#1495=ORIENTED_EDGE('',*,*,#1158,.F.);
#1496=ORIENTED_EDGE('',*,*,#1159,.F.);
#1497=ORIENTED_EDGE('',*,*,#1160,.F.);
#1498=ORIENTED_EDGE('',*,*,#1161,.T.);
#1499=ORIENTED_EDGE('',*,*,#1159,.T.);
#1500=ORIENTED_EDGE('',*,*,#1162,.T.);
#1501=ORIENTED_EDGE('',*,*,#1163,.T.);
#1502=ORIENTED_EDGE('',*,*,#1164,.T.);
#1503=ORIENTED_EDGE('',*,*,#1165,.T.);
#1504=ORIENTED_EDGE('',*,*,#1166,.T.);
#1505=ORIENTED_EDGE('',*,*,#1163,.F.);
#1506=ORIENTED_EDGE('',*,*,#1072,.F.);
#1507=ORIENTED_EDGE('',*,*,#1167,.T.);
#1508=ORIENTED_EDGE('',*,*,#1165,.F.);
#1509=ORIENTED_EDGE('',*,*,#1168,.T.);
#1510=ORIENTED_EDGE('',*,*,#1138,.T.);
#1511=ORIENTED_EDGE('',*,*,#1169,.T.);
#1512=ORIENTED_EDGE('',*,*,#1170,.T.);
#1513=ORIENTED_EDGE('',*,*,#1171,.T.);
#1514=ORIENTED_EDGE('',*,*,#1172,.T.);
#1515=ORIENTED_EDGE('',*,*,#1173,.T.);
#1516=ORIENTED_EDGE('',*,*,#1170,.F.);
#1517=ORIENTED_EDGE('',*,*,#1174,.T.);
#1518=ORIENTED_EDGE('',*,*,#1160,.T.);
#1519=ORIENTED_EDGE('',*,*,#1175,.T.);
#1520=ORIENTED_EDGE('',*,*,#1172,.F.);
#1521=ORIENTED_EDGE('',*,*,#1176,.T.);
#1522=ORIENTED_EDGE('',*,*,#1075,.T.);
#1523=ORIENTED_EDGE('',*,*,#1177,.T.);
#1524=ORIENTED_EDGE('',*,*,#1158,.T.);
#1525=ORIENTED_EDGE('',*,*,#1178,.T.);
#1526=ORIENTED_EDGE('',*,*,#1167,.F.);
#1527=ORIENTED_EDGE('',*,*,#1179,.T.);
#1528=ORIENTED_EDGE('',*,*,#1180,.F.);
#1529=ORIENTED_EDGE('',*,*,#1181,.T.);
#1530=ORIENTED_EDGE('',*,*,#1168,.F.);
#1531=ORIENTED_EDGE('',*,*,#1164,.F.);
#1532=ORIENTED_EDGE('',*,*,#1182,.T.);
#1533=ORIENTED_EDGE('',*,*,#1073,.T.);
#1534=ORIENTED_EDGE('',*,*,#1162,.F.);
#1535=ORIENTED_EDGE('',*,*,#1177,.F.);
#1536=ORIENTED_EDGE('',*,*,#1074,.T.);
#1537=ORIENTED_EDGE('',*,*,#1182,.F.);
#1538=ORIENTED_EDGE('',*,*,#1183,.T.);
#1539=ORIENTED_EDGE('',*,*,#1184,.T.);
#1540=ORIENTED_EDGE('',*,*,#1156,.F.);
#1541=ORIENTED_EDGE('',*,*,#1077,.T.);
#1542=ORIENTED_EDGE('',*,*,#1185,.F.);
#1543=ORIENTED_EDGE('',*,*,#1070,.T.);
#1544=ORIENTED_EDGE('',*,*,#1186,.T.);
#1545=ORIENTED_EDGE('',*,*,#1187,.T.);
#1546=ORIENTED_EDGE('',*,*,#1187,.F.);
#1547=ORIENTED_EDGE('',*,*,#1188,.F.);
#1548=ORIENTED_EDGE('',*,*,#1189,.F.);
#1549=ORIENTED_EDGE('',*,*,#1190,.T.);
#1550=ORIENTED_EDGE('',*,*,#1191,.F.);
#1551=ORIENTED_EDGE('',*,*,#1192,.T.);
#1552=ORIENTED_EDGE('',*,*,#1193,.F.);
#1553=ORIENTED_EDGE('',*,*,#1194,.F.);
#1554=ORIENTED_EDGE('',*,*,#1195,.F.);
#1555=ORIENTED_EDGE('',*,*,#1065,.F.);
#1556=ORIENTED_EDGE('',*,*,#1196,.T.);
#1557=ORIENTED_EDGE('',*,*,#1194,.T.);
#1558=ORIENTED_EDGE('',*,*,#1197,.T.);
#1559=ORIENTED_EDGE('',*,*,#1198,.T.);
#1560=ORIENTED_EDGE('',*,*,#1199,.T.);
#1561=ORIENTED_EDGE('',*,*,#1195,.T.);
#1562=ORIENTED_EDGE('',*,*,#1200,.T.);
#1563=ORIENTED_EDGE('',*,*,#1201,.T.);
#1564=ORIENTED_EDGE('',*,*,#1202,.T.);
#1565=ORIENTED_EDGE('',*,*,#1198,.F.);
#1566=ORIENTED_EDGE('',*,*,#1203,.T.);
#1567=ORIENTED_EDGE('',*,*,#1150,.T.);
#1568=ORIENTED_EDGE('',*,*,#1204,.T.);
#1569=ORIENTED_EDGE('',*,*,#1201,.F.);
#1570=ORIENTED_EDGE('',*,*,#1205,.T.);
#1571=ORIENTED_EDGE('',*,*,#1206,.T.);
#1572=ORIENTED_EDGE('',*,*,#1193,.T.);
#1573=ORIENTED_EDGE('',*,*,#1207,.T.);
#1574=ORIENTED_EDGE('',*,*,#1208,.T.);
#1575=ORIENTED_EDGE('',*,*,#1068,.T.);
#1576=ORIENTED_EDGE('',*,*,#1209,.T.);
#1577=ORIENTED_EDGE('',*,*,#1210,.T.);
#1578=ORIENTED_EDGE('',*,*,#1211,.T.);
#1579=ORIENTED_EDGE('',*,*,#1212,.T.);
#1580=ORIENTED_EDGE('',*,*,#1210,.F.);
#1581=ORIENTED_EDGE('',*,*,#1213,.T.);
#1582=ORIENTED_EDGE('',*,*,#1208,.F.);
#1583=ORIENTED_EDGE('',*,*,#1205,.F.);
#1584=ORIENTED_EDGE('',*,*,#1203,.F.);
#1585=ORIENTED_EDGE('',*,*,#1200,.F.);
#1586=ORIENTED_EDGE('',*,*,#1196,.F.);
#1587=ORIENTED_EDGE('',*,*,#1064,.T.);
#1588=ORIENTED_EDGE('',*,*,#1061,.F.);
#1589=ORIENTED_EDGE('',*,*,#1214,.T.);
#1590=ORIENTED_EDGE('',*,*,#1151,.F.);
#1591=ORIENTED_EDGE('',*,*,#1197,.F.);
#1592=ORIENTED_EDGE('',*,*,#1206,.F.);
#1593=ORIENTED_EDGE('',*,*,#1215,.T.);
#1594=ORIENTED_EDGE('',*,*,#1066,.T.);
#1595=ORIENTED_EDGE('',*,*,#1213,.F.);
#1596=ORIENTED_EDGE('',*,*,#1209,.F.);
#1597=ORIENTED_EDGE('',*,*,#1067,.T.);
#1598=ORIENTED_EDGE('',*,*,#1215,.F.);
#1599=ORIENTED_EDGE('',*,*,#1216,.F.);
#1600=ORIENTED_EDGE('',*,*,#1217,.T.);
#1601=ORIENTED_EDGE('',*,*,#1218,.T.);
#1602=ORIENTED_EDGE('',*,*,#1219,.F.);
#1603=ORIENTED_EDGE('',*,*,#1220,.F.);
#1604=ORIENTED_EDGE('',*,*,#1221,.T.);
#1605=ORIENTED_EDGE('',*,*,#1222,.T.);
#1606=ORIENTED_EDGE('',*,*,#1217,.F.);
#1607=ORIENTED_EDGE('',*,*,#1223,.F.);
#1608=ORIENTED_EDGE('',*,*,#1224,.T.);
#1609=ORIENTED_EDGE('',*,*,#1225,.T.);
#1610=ORIENTED_EDGE('',*,*,#1221,.F.);
#1611=ORIENTED_EDGE('',*,*,#1226,.F.);
#1612=ORIENTED_EDGE('',*,*,#1227,.T.);
#1613=ORIENTED_EDGE('',*,*,#1228,.T.);
#1614=ORIENTED_EDGE('',*,*,#1224,.F.);
#1615=ORIENTED_EDGE('',*,*,#1229,.F.);
#1616=ORIENTED_EDGE('',*,*,#1219,.T.);
#1617=ORIENTED_EDGE('',*,*,#1230,.T.);
#1618=ORIENTED_EDGE('',*,*,#1153,.F.);
#1619=ORIENTED_EDGE('',*,*,#1230,.F.);
#1620=ORIENTED_EDGE('',*,*,#1218,.F.);
#1621=ORIENTED_EDGE('',*,*,#1222,.F.);
#1622=ORIENTED_EDGE('',*,*,#1225,.F.);
#1623=ORIENTED_EDGE('',*,*,#1228,.F.);
#1624=ORIENTED_EDGE('',*,*,#1231,.F.);
#1625=ORIENTED_EDGE('',*,*,#1154,.F.);
#1626=ORIENTED_EDGE('',*,*,#1229,.T.);
#1627=ORIENTED_EDGE('',*,*,#1152,.F.);
#1628=ORIENTED_EDGE('',*,*,#1232,.T.);
#1629=ORIENTED_EDGE('',*,*,#1226,.T.);
#1630=ORIENTED_EDGE('',*,*,#1223,.T.);
#1631=ORIENTED_EDGE('',*,*,#1220,.T.);
#1632=ORIENTED_EDGE('',*,*,#1216,.T.);
#1633=ORIENTED_EDGE('',*,*,#1233,.T.);
#1634=ORIENTED_EDGE('',*,*,#1234,.T.);
#1635=ORIENTED_EDGE('',*,*,#1235,.F.);
#1636=ORIENTED_EDGE('',*,*,#1236,.F.);
#1637=ORIENTED_EDGE('',*,*,#1237,.T.);
#1638=ORIENTED_EDGE('',*,*,#1236,.T.);
#1639=ORIENTED_EDGE('',*,*,#1238,.F.);
#1640=ORIENTED_EDGE('',*,*,#1239,.F.);
#1641=ORIENTED_EDGE('',*,*,#1240,.T.);
#1642=ORIENTED_EDGE('',*,*,#1239,.T.);
#1643=ORIENTED_EDGE('',*,*,#1241,.F.);
#1644=ORIENTED_EDGE('',*,*,#1242,.F.);
#1645=ORIENTED_EDGE('',*,*,#1243,.T.);
#1646=ORIENTED_EDGE('',*,*,#1242,.T.);
#1647=ORIENTED_EDGE('',*,*,#1244,.F.);
#1648=ORIENTED_EDGE('',*,*,#1245,.F.);
#1649=ORIENTED_EDGE('',*,*,#1246,.T.);
#1650=ORIENTED_EDGE('',*,*,#1135,.F.);
#1651=ORIENTED_EDGE('',*,*,#1247,.F.);
#1652=ORIENTED_EDGE('',*,*,#1234,.F.);
#1653=ORIENTED_EDGE('',*,*,#1247,.T.);
#1654=ORIENTED_EDGE('',*,*,#1134,.F.);
#1655=ORIENTED_EDGE('',*,*,#1248,.T.);
#1656=ORIENTED_EDGE('',*,*,#1244,.T.);
#1657=ORIENTED_EDGE('',*,*,#1241,.T.);
#1658=ORIENTED_EDGE('',*,*,#1238,.T.);
#1659=ORIENTED_EDGE('',*,*,#1235,.T.);
#1660=ORIENTED_EDGE('',*,*,#1246,.F.);
#1661=ORIENTED_EDGE('',*,*,#1233,.F.);
#1662=ORIENTED_EDGE('',*,*,#1237,.F.);
#1663=ORIENTED_EDGE('',*,*,#1240,.F.);
#1664=ORIENTED_EDGE('',*,*,#1243,.F.);
#1665=ORIENTED_EDGE('',*,*,#1249,.F.);
#1666=ORIENTED_EDGE('',*,*,#1136,.F.);
#1667=ORIENTED_EDGE('',*,*,#1184,.F.);
#1668=ORIENTED_EDGE('',*,*,#1250,.T.);
#1669=ORIENTED_EDGE('',*,*,#1249,.T.);
#1670=ORIENTED_EDGE('',*,*,#1245,.T.);
#1671=ORIENTED_EDGE('',*,*,#1248,.F.);
#1672=ORIENTED_EDGE('',*,*,#1157,.F.);
#1673=ORIENTED_EDGE('',*,*,#1169,.F.);
#1674=ORIENTED_EDGE('',*,*,#1137,.F.);
#1675=ORIENTED_EDGE('',*,*,#1250,.F.);
#1676=ORIENTED_EDGE('',*,*,#1183,.F.);
#1677=ORIENTED_EDGE('',*,*,#1076,.T.);
#1678=ORIENTED_EDGE('',*,*,#1178,.F.);
#1679=ORIENTED_EDGE('',*,*,#1176,.F.);
#1680=ORIENTED_EDGE('',*,*,#1174,.F.);
#1681=ORIENTED_EDGE('',*,*,#1042,.F.);
#1682=ORIENTED_EDGE('',*,*,#1155,.F.);
#1683=ORIENTED_EDGE('',*,*,#1251,.F.);
#1684=ORIENTED_EDGE('',*,*,#1059,.F.);
#1685=ORIENTED_EDGE('',*,*,#1063,.T.);
#1686=ORIENTED_EDGE('',*,*,#1052,.F.);
#1687=ORIENTED_EDGE('',*,*,#1049,.F.);
#1688=ORIENTED_EDGE('',*,*,#1047,.F.);
#1689=ORIENTED_EDGE('',*,*,#1060,.F.);
#1690=ORIENTED_EDGE('',*,*,#1251,.T.);
#1691=ORIENTED_EDGE('',*,*,#1231,.T.);
#1692=ORIENTED_EDGE('',*,*,#1227,.F.);
#1693=ORIENTED_EDGE('',*,*,#1232,.F.);
#1694=ORIENTED_EDGE('',*,*,#1214,.F.);
#1695=ORIENTED_EDGE('',*,*,#1106,.F.);
#1696=ORIENTED_EDGE('',*,*,#1252,.T.);
#1697=ORIENTED_EDGE('',*,*,#1080,.T.);
#1698=ORIENTED_EDGE('',*,*,#1115,.F.);
#1699=ORIENTED_EDGE('',*,*,#1166,.F.);
#1700=ORIENTED_EDGE('',*,*,#1181,.F.);
#1701=ORIENTED_EDGE('',*,*,#1253,.F.);
#1702=ORIENTED_EDGE('',*,*,#1254,.F.);
#1703=ORIENTED_EDGE('',*,*,#1175,.F.);
#1704=ORIENTED_EDGE('',*,*,#1161,.F.);
#1705=ORIENTED_EDGE('',*,*,#1171,.F.);
#1706=ORIENTED_EDGE('',*,*,#1255,.F.);
#1707=ORIENTED_EDGE('',*,*,#1256,.F.);
#1708=ORIENTED_EDGE('',*,*,#1139,.F.);
#1709=ORIENTED_EDGE('',*,*,#1173,.F.);
#1710=ORIENTED_EDGE('',*,*,#1254,.T.);
#1711=ORIENTED_EDGE('',*,*,#1257,.T.);
#1712=ORIENTED_EDGE('',*,*,#1255,.T.);
#1713=ORIENTED_EDGE('',*,*,#1044,.F.);
#1714=ORIENTED_EDGE('',*,*,#1258,.F.);
#1715=ORIENTED_EDGE('',*,*,#1259,.F.);
#1716=ORIENTED_EDGE('',*,*,#1123,.F.);
#1717=ORIENTED_EDGE('',*,*,#1046,.F.);
#1718=ORIENTED_EDGE('',*,*,#1260,.T.);
#1719=ORIENTED_EDGE('',*,*,#1261,.T.);
#1720=ORIENTED_EDGE('',*,*,#1258,.T.);
#1721=ORIENTED_EDGE('',*,*,#1034,.F.);
#1722=ORIENTED_EDGE('',*,*,#1055,.F.);
#1723=ORIENTED_EDGE('',*,*,#1262,.F.);
#1724=ORIENTED_EDGE('',*,*,#1260,.F.);
#1725=ORIENTED_EDGE('',*,*,#1048,.F.);
#1726=ORIENTED_EDGE('',*,*,#1039,.F.);
#1727=ORIENTED_EDGE('',*,*,#1263,.T.);
#1728=ORIENTED_EDGE('',*,*,#1264,.T.);
#1729=ORIENTED_EDGE('',*,*,#1265,.T.);
#1730=ORIENTED_EDGE('',*,*,#1128,.F.);
#1731=ORIENTED_EDGE('',*,*,#1266,.T.);
#1732=ORIENTED_EDGE('',*,*,#1267,.T.);
#1733=ORIENTED_EDGE('',*,*,#1268,.T.);
#1734=ORIENTED_EDGE('',*,*,#1264,.F.);
#1735=ORIENTED_EDGE('',*,*,#1269,.T.);
#1736=ORIENTED_EDGE('',*,*,#1270,.T.);
#1737=ORIENTED_EDGE('',*,*,#1271,.T.);
#1738=ORIENTED_EDGE('',*,*,#1267,.F.);
#1739=ORIENTED_EDGE('',*,*,#1272,.T.);
#1740=ORIENTED_EDGE('',*,*,#1273,.T.);
#1741=ORIENTED_EDGE('',*,*,#1274,.T.);
#1742=ORIENTED_EDGE('',*,*,#1270,.F.);
#1743=ORIENTED_EDGE('',*,*,#1275,.T.);
#1744=ORIENTED_EDGE('',*,*,#1091,.T.);
#1745=ORIENTED_EDGE('',*,*,#1276,.T.);
#1746=ORIENTED_EDGE('',*,*,#1273,.F.);
#1747=ORIENTED_EDGE('',*,*,#1127,.F.);
#1748=ORIENTED_EDGE('',*,*,#1092,.F.);
#1749=ORIENTED_EDGE('',*,*,#1275,.F.);
#1750=ORIENTED_EDGE('',*,*,#1272,.F.);
#1751=ORIENTED_EDGE('',*,*,#1269,.F.);
#1752=ORIENTED_EDGE('',*,*,#1266,.F.);
#1753=ORIENTED_EDGE('',*,*,#1263,.F.);
#1754=ORIENTED_EDGE('',*,*,#1129,.F.);
#1755=ORIENTED_EDGE('',*,*,#1265,.F.);
#1756=ORIENTED_EDGE('',*,*,#1268,.F.);
#1757=ORIENTED_EDGE('',*,*,#1271,.F.);
#1758=ORIENTED_EDGE('',*,*,#1274,.F.);
#1759=ORIENTED_EDGE('',*,*,#1276,.F.);
#1760=ORIENTED_EDGE('',*,*,#1090,.F.);
#1761=ORIENTED_EDGE('',*,*,#1277,.F.);
#1762=ORIENTED_EDGE('',*,*,#1144,.F.);
#1763=ORIENTED_EDGE('',*,*,#1278,.F.);
#1764=ORIENTED_EDGE('',*,*,#1279,.F.);
#1765=ORIENTED_EDGE('',*,*,#1280,.F.);
#1766=ORIENTED_EDGE('',*,*,#1279,.T.);
#1767=ORIENTED_EDGE('',*,*,#1281,.F.);
#1768=ORIENTED_EDGE('',*,*,#1282,.F.);
#1769=ORIENTED_EDGE('',*,*,#1283,.F.);
#1770=ORIENTED_EDGE('',*,*,#1282,.T.);
#1771=ORIENTED_EDGE('',*,*,#1284,.F.);
#1772=ORIENTED_EDGE('',*,*,#1285,.F.);
#1773=ORIENTED_EDGE('',*,*,#1286,.F.);
#1774=ORIENTED_EDGE('',*,*,#1285,.T.);
#1775=ORIENTED_EDGE('',*,*,#1287,.F.);
#1776=ORIENTED_EDGE('',*,*,#1288,.F.);
#1777=ORIENTED_EDGE('',*,*,#1289,.F.);
#1778=ORIENTED_EDGE('',*,*,#1288,.T.);
#1779=ORIENTED_EDGE('',*,*,#1290,.F.);
#1780=ORIENTED_EDGE('',*,*,#1190,.F.);
#1781=ORIENTED_EDGE('',*,*,#1145,.F.);
#1782=ORIENTED_EDGE('',*,*,#1277,.T.);
#1783=ORIENTED_EDGE('',*,*,#1280,.T.);
#1784=ORIENTED_EDGE('',*,*,#1283,.T.);
#1785=ORIENTED_EDGE('',*,*,#1286,.T.);
#1786=ORIENTED_EDGE('',*,*,#1289,.T.);
#1787=ORIENTED_EDGE('',*,*,#1189,.T.);
#1788=ORIENTED_EDGE('',*,*,#1143,.F.);
#1789=ORIENTED_EDGE('',*,*,#1191,.T.);
#1790=ORIENTED_EDGE('',*,*,#1290,.T.);
#1791=ORIENTED_EDGE('',*,*,#1287,.T.);
#1792=ORIENTED_EDGE('',*,*,#1284,.T.);
#1793=ORIENTED_EDGE('',*,*,#1281,.T.);
#1794=ORIENTED_EDGE('',*,*,#1278,.T.);
#1795=ORIENTED_EDGE('',*,*,#1261,.F.);
#1796=ORIENTED_EDGE('',*,*,#1291,.F.);
#1797=ORIENTED_EDGE('',*,*,#1292,.F.);
#1798=ORIENTED_EDGE('',*,*,#1293,.T.);
#1799=ORIENTED_EDGE('',*,*,#1291,.T.);
#1800=ORIENTED_EDGE('',*,*,#1262,.T.);
#1801=ORIENTED_EDGE('',*,*,#1054,.T.);
#1802=ORIENTED_EDGE('',*,*,#1124,.T.);
#1803=ORIENTED_EDGE('',*,*,#1259,.T.);
#1804=ORIENTED_EDGE('',*,*,#1292,.T.);
#1805=ORIENTED_EDGE('',*,*,#1294,.T.);
#1806=ORIENTED_EDGE('',*,*,#1211,.F.);
#1807=ORIENTED_EDGE('',*,*,#1295,.T.);
#1808=ORIENTED_EDGE('',*,*,#1296,.T.);
#1809=ORIENTED_EDGE('',*,*,#1297,.T.);
#1810=ORIENTED_EDGE('',*,*,#1298,.F.);
#1811=ORIENTED_EDGE('',*,*,#1299,.F.);
#1812=ORIENTED_EDGE('',*,*,#1300,.F.);
#1813=ORIENTED_EDGE('',*,*,#1202,.F.);
#1814=ORIENTED_EDGE('',*,*,#1301,.T.);
#1815=ORIENTED_EDGE('',*,*,#1299,.T.);
#1816=ORIENTED_EDGE('',*,*,#1302,.T.);
#1817=ORIENTED_EDGE('',*,*,#1148,.T.);
#1818=ORIENTED_EDGE('',*,*,#1303,.T.);
#1819=ORIENTED_EDGE('',*,*,#1300,.T.);
#1820=ORIENTED_EDGE('',*,*,#1304,.T.);
#1821=ORIENTED_EDGE('',*,*,#1305,.T.);
#1822=ORIENTED_EDGE('',*,*,#1298,.T.);
#1823=ORIENTED_EDGE('',*,*,#1306,.T.);
#1824=ORIENTED_EDGE('',*,*,#1296,.F.);
#1825=ORIENTED_EDGE('',*,*,#1204,.F.);
#1826=ORIENTED_EDGE('',*,*,#1149,.F.);
#1827=ORIENTED_EDGE('',*,*,#1304,.F.);
#1828=ORIENTED_EDGE('',*,*,#1301,.F.);
#1829=ORIENTED_EDGE('',*,*,#1294,.F.);
#1830=ORIENTED_EDGE('',*,*,#1293,.F.);
#1831=ORIENTED_EDGE('',*,*,#1307,.T.);
#1832=ORIENTED_EDGE('',*,*,#1125,.F.);
#1833=ORIENTED_EDGE('',*,*,#1085,.F.);
#1834=ORIENTED_EDGE('',*,*,#1086,.T.);
#1835=ORIENTED_EDGE('',*,*,#1093,.F.);
#1836=ORIENTED_EDGE('',*,*,#1126,.F.);
#1837=ORIENTED_EDGE('',*,*,#1307,.F.);
#1838=ORIENTED_EDGE('',*,*,#1053,.F.);
#1839=ORIENTED_EDGE('',*,*,#1111,.F.);
#1840=ORIENTED_EDGE('',*,*,#1118,.T.);
#1841=ORIENTED_EDGE('',*,*,#1308,.T.);
#1842=ORIENTED_EDGE('',*,*,#1309,.T.);
#1843=ORIENTED_EDGE('',*,*,#1310,.F.);
#1844=ORIENTED_EDGE('',*,*,#1311,.F.);
#1845=ORIENTED_EDGE('',*,*,#1120,.F.);
#1846=ORIENTED_EDGE('',*,*,#1117,.T.);
#1847=ORIENTED_EDGE('',*,*,#1311,.T.);
#1848=ORIENTED_EDGE('',*,*,#1312,.T.);
#1849=ORIENTED_EDGE('',*,*,#1308,.F.);
#1850=ORIENTED_EDGE('',*,*,#1257,.F.);
#1851=ORIENTED_EDGE('',*,*,#1313,.F.);
#1852=ORIENTED_EDGE('',*,*,#1314,.F.);
#1853=ORIENTED_EDGE('',*,*,#1315,.T.);
#1854=ORIENTED_EDGE('',*,*,#1313,.T.);
#1855=ORIENTED_EDGE('',*,*,#1253,.T.);
#1856=ORIENTED_EDGE('',*,*,#1180,.T.);
#1857=ORIENTED_EDGE('',*,*,#1140,.T.);
#1858=ORIENTED_EDGE('',*,*,#1256,.T.);
#1859=ORIENTED_EDGE('',*,*,#1314,.T.);
#1860=ORIENTED_EDGE('',*,*,#1316,.T.);
#1861=ORIENTED_EDGE('',*,*,#1132,.T.);
#1862=ORIENTED_EDGE('',*,*,#1317,.T.);
#1863=ORIENTED_EDGE('',*,*,#1310,.T.);
#1864=ORIENTED_EDGE('',*,*,#1122,.T.);
#1865=ORIENTED_EDGE('',*,*,#1316,.F.);
#1866=ORIENTED_EDGE('',*,*,#1315,.F.);
#1867=ORIENTED_EDGE('',*,*,#1318,.T.);
#1868=ORIENTED_EDGE('',*,*,#1141,.F.);
#1869=ORIENTED_EDGE('',*,*,#1071,.F.);
#1870=ORIENTED_EDGE('',*,*,#1185,.T.);
#1871=ORIENTED_EDGE('',*,*,#1192,.F.);
#1872=ORIENTED_EDGE('',*,*,#1142,.F.);
#1873=ORIENTED_EDGE('',*,*,#1318,.F.);
#1874=ORIENTED_EDGE('',*,*,#1179,.F.);
#1875=ORIENTED_EDGE('',*,*,#1109,.F.);
#1876=ORIENTED_EDGE('',*,*,#1081,.T.);
#1877=ORIENTED_EDGE('',*,*,#1252,.F.);
#1878=ORIENTED_EDGE('',*,*,#1113,.F.);
#1879=ORIENTED_EDGE('',*,*,#1297,.F.);
#1880=ORIENTED_EDGE('',*,*,#1319,.F.);
#1881=ORIENTED_EDGE('',*,*,#1146,.F.);
#1882=ORIENTED_EDGE('',*,*,#1188,.T.);
#1883=ORIENTED_EDGE('',*,*,#1186,.F.);
#1884=ORIENTED_EDGE('',*,*,#1069,.F.);
#1885=ORIENTED_EDGE('',*,*,#1309,.F.);
#1886=ORIENTED_EDGE('',*,*,#1320,.F.);
#1887=ORIENTED_EDGE('',*,*,#1130,.F.);
#1888=ORIENTED_EDGE('',*,*,#1089,.T.);
#1889=ORIENTED_EDGE('',*,*,#1087,.F.);
#1890=ORIENTED_EDGE('',*,*,#1083,.T.);
#1891=ORIENTED_EDGE('',*,*,#1199,.F.);
#1892=ORIENTED_EDGE('',*,*,#1302,.F.);
#1893=ORIENTED_EDGE('',*,*,#1305,.F.);
#1894=ORIENTED_EDGE('',*,*,#1295,.F.);
#1895=ORIENTED_EDGE('',*,*,#1212,.F.);
#1896=ORIENTED_EDGE('',*,*,#1207,.F.);
#1897=ORIENTED_EDGE('',*,*,#1303,.F.);
#1898=ORIENTED_EDGE('',*,*,#1147,.F.);
#1899=ORIENTED_EDGE('',*,*,#1319,.T.);
#1900=ORIENTED_EDGE('',*,*,#1306,.F.);
#1901=ORIENTED_EDGE('',*,*,#1317,.F.);
#1902=ORIENTED_EDGE('',*,*,#1131,.F.);
#1903=ORIENTED_EDGE('',*,*,#1320,.T.);
#1904=ORIENTED_EDGE('',*,*,#1312,.F.);
#1905=SPHERICAL_SURFACE('',#2054,0.05);
#1906=SPHERICAL_SURFACE('',#2094,0.05);
#1907=SPHERICAL_SURFACE('',#2127,0.05);
#1908=SPHERICAL_SURFACE('',#2156,0.05);
#1909=SPHERICAL_SURFACE('',#2227,0.199999999999996);
#1910=SPHERICAL_SURFACE('',#2234,0.200000000000005);
#1911=SPHERICAL_SURFACE('',#2246,0.2);
#1912=SPHERICAL_SURFACE('',#2250,0.199999999999996);
#1913=ADVANCED_FACE('',(#533),#1905,.T.);
#1914=ADVANCED_FACE('',(#534),#489,.T.);
#1915=ADVANCED_FACE('',(#535),#73,.T.);
#1916=ADVANCED_FACE('',(#536),#490,.T.);
#1917=ADVANCED_FACE('',(#537),#491,.T.);
#1918=ADVANCED_FACE('',(#538),#74,.T.);
#1919=ADVANCED_FACE('',(#539),#492,.T.);
#1920=ADVANCED_FACE('',(#540),#493,.T.);
#1921=ADVANCED_FACE('',(#541),#494,.T.);
#1922=ADVANCED_FACE('',(#542),#15,.F.);
#1923=ADVANCED_FACE('',(#543),#16,.F.);
#1924=ADVANCED_FACE('',(#544),#495,.T.);
#1925=ADVANCED_FACE('',(#545),#17,.F.);
#1926=ADVANCED_FACE('',(#546),#496,.T.);
#1927=ADVANCED_FACE('',(#547),#18,.F.);
#1928=ADVANCED_FACE('',(#548),#1906,.T.);
#1929=ADVANCED_FACE('',(#549),#497,.T.);
#1930=ADVANCED_FACE('',(#550),#75,.T.);
#1931=ADVANCED_FACE('',(#551),#498,.T.);
#1932=ADVANCED_FACE('',(#552),#499,.T.);
#1933=ADVANCED_FACE('',(#553),#76,.T.);
#1934=ADVANCED_FACE('',(#554),#500,.T.);
#1935=ADVANCED_FACE('',(#555),#501,.T.);
#1936=ADVANCED_FACE('',(#556),#19,.F.);
#1937=ADVANCED_FACE('',(#557),#502,.T.);
#1938=ADVANCED_FACE('',(#558),#20,.T.);
#1939=ADVANCED_FACE('',(#559),#21,.T.);
#1940=ADVANCED_FACE('',(#560),#22,.F.);
#1941=ADVANCED_FACE('',(#561),#1907,.T.);
#1942=ADVANCED_FACE('',(#562),#503,.T.);
#1943=ADVANCED_FACE('',(#563),#504,.T.);
#1944=ADVANCED_FACE('',(#564),#77,.T.);
#1945=ADVANCED_FACE('',(#565),#505,.T.);
#1946=ADVANCED_FACE('',(#566),#78,.T.);
#1947=ADVANCED_FACE('',(#567),#506,.T.);
#1948=ADVANCED_FACE('',(#568),#507,.T.);
#1949=ADVANCED_FACE('',(#569),#508,.T.);
#1950=ADVANCED_FACE('',(#570),#23,.F.);
#1951=ADVANCED_FACE('',(#571),#24,.F.);
#1952=ADVANCED_FACE('',(#572),#509,.T.);
#1953=ADVANCED_FACE('',(#573),#510,.T.);
#1954=ADVANCED_FACE('',(#574),#25,.F.);
#1955=ADVANCED_FACE('',(#575),#1908,.T.);
#1956=ADVANCED_FACE('',(#576),#511,.T.);
#1957=ADVANCED_FACE('',(#577),#512,.T.);
#1958=ADVANCED_FACE('',(#578),#79,.T.);
#1959=ADVANCED_FACE('',(#579),#513,.T.);
#1960=ADVANCED_FACE('',(#580),#514,.T.);
#1961=ADVANCED_FACE('',(#581),#80,.T.);
#1962=ADVANCED_FACE('',(#582),#515,.T.);
#1963=ADVANCED_FACE('',(#583),#26,.F.);
#1964=ADVANCED_FACE('',(#584),#27,.F.);
#1965=ADVANCED_FACE('',(#585),#28,.F.);
#1966=ADVANCED_FACE('',(#586),#29,.F.);
#1967=ADVANCED_FACE('',(#587),#516,.T.);
#1968=ADVANCED_FACE('',(#588),#30,.F.);
#1969=ADVANCED_FACE('',(#589),#31,.F.);
#1970=ADVANCED_FACE('',(#590),#32,.F.);
#1971=ADVANCED_FACE('',(#591),#33,.T.);
#1972=ADVANCED_FACE('',(#592),#34,.F.);
#1973=ADVANCED_FACE('',(#593),#35,.T.);
#1974=ADVANCED_FACE('',(#594),#517,.T.);
#1975=ADVANCED_FACE('',(#595),#36,.T.);
#1976=ADVANCED_FACE('',(#596),#37,.T.);
#1977=ADVANCED_FACE('',(#597),#38,.T.);
#1978=ADVANCED_FACE('',(#598),#39,.F.);
#1979=ADVANCED_FACE('',(#599),#40,.T.);
#1980=ADVANCED_FACE('',(#600),#41,.F.);
#1981=ADVANCED_FACE('',(#601),#42,.F.);
#1982=ADVANCED_FACE('',(#602),#43,.F.);
#1983=ADVANCED_FACE('',(#603),#44,.F.);
#1984=ADVANCED_FACE('',(#604),#45,.F.);
#1985=ADVANCED_FACE('',(#605),#46,.F.);
#1986=ADVANCED_FACE('',(#606),#47,.T.);
#1987=ADVANCED_FACE('',(#607),#518,.T.);
#1988=ADVANCED_FACE('',(#608),#48,.T.);
#1989=ADVANCED_FACE('',(#609),#519,.T.);
#1990=ADVANCED_FACE('',(#610),#49,.F.);
#1991=ADVANCED_FACE('',(#611),#50,.F.);
#1992=ADVANCED_FACE('',(#612),#51,.F.);
#1993=ADVANCED_FACE('',(#613),#520,.T.);
#1994=ADVANCED_FACE('',(#614),#52,.F.);
#1995=ADVANCED_FACE('',(#615),#53,.F.);
#1996=ADVANCED_FACE('',(#616),#54,.F.);
#1997=ADVANCED_FACE('',(#617),#55,.T.);
#1998=ADVANCED_FACE('',(#618),#56,.T.);
#1999=ADVANCED_FACE('',(#619),#57,.T.);
#2000=ADVANCED_FACE('',(#620),#521,.T.);
#2001=ADVANCED_FACE('',(#621),#58,.T.);
#2002=ADVANCED_FACE('',(#622),#59,.T.);
#2003=ADVANCED_FACE('',(#623),#60,.T.);
#2004=ADVANCED_FACE('',(#624),#61,.F.);
#2005=ADVANCED_FACE('',(#625),#1909,.T.);
#2006=ADVANCED_FACE('',(#626),#522,.T.);
#2007=ADVANCED_FACE('',(#627),#523,.T.);
#2008=ADVANCED_FACE('',(#628),#524,.T.);
#2009=ADVANCED_FACE('',(#629),#1910,.T.);
#2010=ADVANCED_FACE('',(#630),#525,.T.);
#2011=ADVANCED_FACE('',(#631),#526,.T.);
#2012=ADVANCED_FACE('',(#632),#527,.T.);
#2013=ADVANCED_FACE('',(#633),#62,.T.);
#2014=ADVANCED_FACE('',(#634),#63,.T.);
#2015=ADVANCED_FACE('',(#635),#64,.F.);
#2016=ADVANCED_FACE('',(#636),#528,.T.);
#2017=ADVANCED_FACE('',(#637),#1911,.T.);
#2018=ADVANCED_FACE('',(#638),#529,.T.);
#2019=ADVANCED_FACE('',(#639),#1912,.T.);
#2020=ADVANCED_FACE('',(#640),#530,.T.);
#2021=ADVANCED_FACE('',(#641),#531,.T.);
#2022=ADVANCED_FACE('',(#642),#532,.T.);
#2023=ADVANCED_FACE('',(#643),#65,.T.);
#2024=ADVANCED_FACE('',(#644),#66,.F.);
#2025=ADVANCED_FACE('',(#645),#67,.F.);
#2026=ADVANCED_FACE('',(#646),#68,.F.);
#2027=ADVANCED_FACE('',(#647),#69,.F.);
#2028=ADVANCED_FACE('',(#648),#70,.F.);
#2029=ADVANCED_FACE('',(#649),#71,.T.);
#2030=ADVANCED_FACE('',(#650),#72,.T.);
#2031=CLOSED_SHELL('',(#1913,#1914,#1915,#1916,#1917,#1918,#1919,#1920,
#1921,#1922,#1923,#1924,#1925,#1926,#1927,#1928,#1929,#1930,#1931,#1932,
#1933,#1934,#1935,#1936,#1937,#1938,#1939,#1940,#1941,#1942,#1943,#1944,
#1945,#1946,#1947,#1948,#1949,#1950,#1951,#1952,#1953,#1954,#1955,#1956,
#1957,#1958,#1959,#1960,#1961,#1962,#1963,#1964,#1965,#1966,#1967,#1968,
#1969,#1970,#1971,#1972,#1973,#1974,#1975,#1976,#1977,#1978,#1979,#1980,
#1981,#1982,#1983,#1984,#1985,#1986,#1987,#1988,#1989,#1990,#1991,#1992,
#1993,#1994,#1995,#1996,#1997,#1998,#1999,#2000,#2001,#2002,#2003,#2004,
#2005,#2006,#2007,#2008,#2009,#2010,#2011,#2012,#2013,#2014,#2015,#2016,
#2017,#2018,#2019,#2020,#2021,#2022,#2023,#2024,#2025,#2026,#2027,#2028,
#2029,#2030));
#2032=DERIVED_UNIT_ELEMENT(#2035,1.);
#2033=DERIVED_UNIT_ELEMENT(#3478,-3.);
#2034=DIMENSIONAL_EXPONENTS(0.,1.,0.,0.,0.,0.,0.);
#2035=(
CONVERSION_BASED_UNIT('gram',#2037)
MASS_UNIT()
NAMED_UNIT(#2034)
);
#2036=(
MASS_UNIT()
NAMED_UNIT(*)
SI_UNIT(.KILO.,.GRAM.)
);
#2037=MASS_MEASURE_WITH_UNIT(MASS_MEASURE(0.001),#2036);
#2038=DERIVED_UNIT((#2032,#2033));
#2039=MEASURE_REPRESENTATION_ITEM('density measure',
POSITIVE_RATIO_MEASURE(1.),#2038);
#2040=PROPERTY_DEFINITION_REPRESENTATION(#2045,#2042);
#2041=PROPERTY_DEFINITION_REPRESENTATION(#2046,#2043);
#2042=REPRESENTATION('material name',(#2044),#3475);
#2043=REPRESENTATION('density',(#2039),#3475);
#2044=DESCRIPTIVE_REPRESENTATION_ITEM('Generic','Generic');
#2045=PROPERTY_DEFINITION('material property','material name',#3485);
#2046=PROPERTY_DEFINITION('material property','density of part',#3485);
#2047=DATE_TIME_ROLE('creation_date');
#2048=APPLIED_DATE_AND_TIME_ASSIGNMENT(#2049,#2047,(#3485));
#2049=DATE_AND_TIME(#2050,#2051);
#2050=CALENDAR_DATE(2017,6,11);
#2051=LOCAL_TIME(0,0,0.,#2052);
#2052=COORDINATED_UNIVERSAL_TIME_OFFSET(0,0,.BEHIND.);
#2053=AXIS2_PLACEMENT_3D('',#2886,#2264,#2265);
#2054=AXIS2_PLACEMENT_3D('',#2887,#2266,#2267);
#2055=AXIS2_PLACEMENT_3D('',#2890,#2268,#2269);
#2056=AXIS2_PLACEMENT_3D('',#2892,#2270,#2271);
#2057=AXIS2_PLACEMENT_3D('',#2893,#2272,#2273);
#2058=AXIS2_PLACEMENT_3D('',#2894,#2274,#2275);
#2059=AXIS2_PLACEMENT_3D('',#2899,#2277,#2278);
#2060=AXIS2_PLACEMENT_3D('',#2902,#2280,#2281);
#2061=AXIS2_PLACEMENT_3D('',#2903,#2282,#2283);
#2062=AXIS2_PLACEMENT_3D('',#2906,#2284,#2285);
#2063=AXIS2_PLACEMENT_3D('',#2907,#2286,#2287);
#2064=AXIS2_PLACEMENT_3D('',#2908,#2288,#2289);
#2065=AXIS2_PLACEMENT_3D('',#2909,#2290,#2291);
#2066=AXIS2_PLACEMENT_3D('',#2912,#2294,#2295);
#2067=AXIS2_PLACEMENT_3D('',#2915,#2296,#2297);
#2068=AXIS2_PLACEMENT_3D('',#2919,#2299,#2300);
#2069=AXIS2_PLACEMENT_3D('',#2921,#2302,#2303);
#2070=AXIS2_PLACEMENT_3D('',#2924,#2304,#2305);
#2071=AXIS2_PLACEMENT_3D('',#2925,#2306,#2307);
#2072=AXIS2_PLACEMENT_3D('',#2926,#2308,#2309);
#2073=AXIS2_PLACEMENT_3D('',#2927,#2310,#2311);
#2074=AXIS2_PLACEMENT_3D('',#2930,#2314,#2315);
#2075=AXIS2_PLACEMENT_3D('',#2933,#2316,#2317);
#2076=AXIS2_PLACEMENT_3D('',#2936,#2320,#2321);
#2077=AXIS2_PLACEMENT_3D('',#2940,#2323,#2324);
#2078=AXIS2_PLACEMENT_3D('',#2942,#2326,#2327);
#2079=AXIS2_PLACEMENT_3D('',#2946,#2330,#2331);
#2080=AXIS2_PLACEMENT_3D('',#2948,#2333,#2334);
#2081=AXIS2_PLACEMENT_3D('',#2951,#2335,#2336);
#2082=AXIS2_PLACEMENT_3D('',#2955,#2338,#2339);
#2083=AXIS2_PLACEMENT_3D('',#2957,#2341,#2342);
#2084=AXIS2_PLACEMENT_3D('',#2962,#2345,#2346);
#2085=AXIS2_PLACEMENT_3D('',#2968,#2349,#2350);
#2086=AXIS2_PLACEMENT_3D('',#2976,#2354,#2355);
#2087=AXIS2_PLACEMENT_3D('',#2982,#2358,#2359);
#2088=AXIS2_PLACEMENT_3D('',#2990,#2363,#2364);
#2089=AXIS2_PLACEMENT_3D('',#2996,#2367,#2368);
#2090=AXIS2_PLACEMENT_3D('',#3002,#2372,#2373);
#2091=AXIS2_PLACEMENT_3D('',#3004,#2374,#2375);
#2092=AXIS2_PLACEMENT_3D('',#3006,#2376,#2377);
#2093=AXIS2_PLACEMENT_3D('',#3008,#2379,#2380);
#2094=AXIS2_PLACEMENT_3D('',#3018,#2386,#2387);
#2095=AXIS2_PLACEMENT_3D('',#3021,#2388,#2389);
#2096=AXIS2_PLACEMENT_3D('',#3023,#2390,#2391);
#2097=AXIS2_PLACEMENT_3D('',#3024,#2392,#2393);
#2098=AXIS2_PLACEMENT_3D('',#3025,#2394,#2395);
#2099=AXIS2_PLACEMENT_3D('',#3028,#2396,#2397);
#2100=AXIS2_PLACEMENT_3D('',#3031,#2400,#2401);
#2101=AXIS2_PLACEMENT_3D('',#3034,#2402,#2403);
#2102=AXIS2_PLACEMENT_3D('',#3035,#2404,#2405);
#2103=AXIS2_PLACEMENT_3D('',#3036,#2406,#2407);
#2104=AXIS2_PLACEMENT_3D('',#3037,#2408,#2409);
#2105=AXIS2_PLACEMENT_3D('',#3040,#2410,#2411);
#2106=AXIS2_PLACEMENT_3D('',#3043,#2414,#2415);
#2107=AXIS2_PLACEMENT_3D('',#3048,#2418,#2419);
#2108=AXIS2_PLACEMENT_3D('',#3049,#2420,#2421);
#2109=AXIS2_PLACEMENT_3D('',#3051,#2422,#2423);
#2110=AXIS2_PLACEMENT_3D('',#3053,#2424,#2425);
#2111=AXIS2_PLACEMENT_3D('',#3054,#2426,#2427);
#2112=AXIS2_PLACEMENT_3D('',#3055,#2428,#2429);
#2113=AXIS2_PLACEMENT_3D('',#3058,#2432,#2433);
#2114=AXIS2_PLACEMENT_3D('',#3061,#2436,#2437);
#2115=AXIS2_PLACEMENT_3D('',#3067,#2441,#2442);
#2116=AXIS2_PLACEMENT_3D('',#3070,#2444,#2445);
#2117=AXIS2_PLACEMENT_3D('',#3071,#2446,#2447);
#2118=AXIS2_PLACEMENT_3D('',#3075,#2450,#2451);
#2119=AXIS2_PLACEMENT_3D('',#3079,#2453,#2454);
#2120=AXIS2_PLACEMENT_3D('',#3092,#2462,#2463);
#2121=AXIS2_PLACEMENT_3D('',#3104,#2469,#2470);
#2122=AXIS2_PLACEMENT_3D('',#3108,#2472,#2473);
#2123=AXIS2_PLACEMENT_3D('',#3124,#2481,#2482);
#2124=AXIS2_PLACEMENT_3D('',#3128,#2484,#2485);
#2125=AXIS2_PLACEMENT_3D('',#3138,#2491,#2492);
#2126=AXIS2_PLACEMENT_3D('',#3140,#2493,#2494);
#2127=AXIS2_PLACEMENT_3D('',#3142,#2496,#2497);
#2128=AXIS2_PLACEMENT_3D('',#3145,#2498,#2499);
#2129=AXIS2_PLACEMENT_3D('',#3147,#2500,#2501);
#2130=AXIS2_PLACEMENT_3D('',#3148,#2502,#2503);
#2131=AXIS2_PLACEMENT_3D('',#3149,#2504,#2505);
#2132=AXIS2_PLACEMENT_3D('',#3154,#2508,#2509);
#2133=AXIS2_PLACEMENT_3D('',#3155,#2510,#2511);
#2134=AXIS2_PLACEMENT_3D('',#3159,#2513,#2514);
#2135=AXIS2_PLACEMENT_3D('',#3161,#2516,#2517);
#2136=AXIS2_PLACEMENT_3D('',#3162,#2518,#2519);
#2137=AXIS2_PLACEMENT_3D('',#3163,#2520,#2521);
#2138=AXIS2_PLACEMENT_3D('',#3164,#2522,#2523);
#2139=AXIS2_PLACEMENT_3D('',#3168,#2525,#2526);
#2140=AXIS2_PLACEMENT_3D('',#3170,#2528,#2529);
#2141=AXIS2_PLACEMENT_3D('',#3173,#2530,#2531);
#2142=AXIS2_PLACEMENT_3D('',#3174,#2532,#2533);
#2143=AXIS2_PLACEMENT_3D('',#3175,#2534,#2535);
#2144=AXIS2_PLACEMENT_3D('',#3176,#2536,#2537);
#2145=AXIS2_PLACEMENT_3D('',#3179,#2540,#2541);
#2146=AXIS2_PLACEMENT_3D('',#3182,#2544,#2545);
#2147=AXIS2_PLACEMENT_3D('',#3186,#2547,#2548);
#2148=AXIS2_PLACEMENT_3D('',#3188,#2550,#2551);
#2149=AXIS2_PLACEMENT_3D('',#3190,#2553,#2554);
#2150=AXIS2_PLACEMENT_3D('',#3191,#2555,#2556);
#2151=AXIS2_PLACEMENT_3D('',#3193,#2557,#2558);
#2152=AXIS2_PLACEMENT_3D('',#3195,#2560,#2561);
#2153=AXIS2_PLACEMENT_3D('',#3197,#2562,#2563);
#2154=AXIS2_PLACEMENT_3D('',#3199,#2564,#2565);
#2155=AXIS2_PLACEMENT_3D('',#3201,#2567,#2568);
#2156=AXIS2_PLACEMENT_3D('',#3209,#2574,#2575);
#2157=AXIS2_PLACEMENT_3D('',#3212,#2576,#2577);
#2158=AXIS2_PLACEMENT_3D('',#3214,#2578,#2579);
#2159=AXIS2_PLACEMENT_3D('',#3215,#2580,#2581);
#2160=AXIS2_PLACEMENT_3D('',#3216,#2582,#2583);
#2161=AXIS2_PLACEMENT_3D('',#3219,#2586,#2587);
#2162=AXIS2_PLACEMENT_3D('',#3222,#2588,#2589);
#2163=AXIS2_PLACEMENT_3D('',#3225,#2592,#2593);
#2164=AXIS2_PLACEMENT_3D('',#3228,#2594,#2595);
#2165=AXIS2_PLACEMENT_3D('',#3229,#2596,#2597);
#2166=AXIS2_PLACEMENT_3D('',#3230,#2598,#2599);
#2167=AXIS2_PLACEMENT_3D('',#3231,#2600,#2601);
#2168=AXIS2_PLACEMENT_3D('',#3234,#2604,#2605);
#2169=AXIS2_PLACEMENT_3D('',#3239,#2608,#2609);
#2170=AXIS2_PLACEMENT_3D('',#3240,#2610,#2611);
#2171=AXIS2_PLACEMENT_3D('',#3242,#2612,#2613);
#2172=AXIS2_PLACEMENT_3D('',#3244,#2614,#2615);
#2173=AXIS2_PLACEMENT_3D('',#3245,#2616,#2617);
#2174=AXIS2_PLACEMENT_3D('',#3246,#2618,#2619);
#2175=AXIS2_PLACEMENT_3D('',#3249,#2622,#2623);
#2176=AXIS2_PLACEMENT_3D('',#3251,#2625,#2626);
#2177=AXIS2_PLACEMENT_3D('',#3253,#2628,#2629);
#2178=AXIS2_PLACEMENT_3D('',#3254,#2630,#2631);
#2179=AXIS2_PLACEMENT_3D('',#3263,#2636,#2637);
#2180=AXIS2_PLACEMENT_3D('',#3265,#2638,#2639);
#2181=AXIS2_PLACEMENT_3D('',#3268,#2641,#2642);
#2182=AXIS2_PLACEMENT_3D('',#3269,#2643,#2644);
#2183=AXIS2_PLACEMENT_3D('',#3275,#2648,#2649);
#2184=AXIS2_PLACEMENT_3D('',#3281,#2653,#2654);
#2185=AXIS2_PLACEMENT_3D('',#3284,#2657,#2658);
#2186=AXIS2_PLACEMENT_3D('',#3286,#2660,#2661);
#2187=AXIS2_PLACEMENT_3D('',#3288,#2663,#2664);
#2188=AXIS2_PLACEMENT_3D('',#3297,#2669,#2670);
#2189=AXIS2_PLACEMENT_3D('',#3299,#2671,#2672);
#2190=AXIS2_PLACEMENT_3D('',#3301,#2673,#2674);
#2191=AXIS2_PLACEMENT_3D('',#3303,#2676,#2677);
#2192=AXIS2_PLACEMENT_3D('',#3309,#2681,#2682);
#2193=AXIS2_PLACEMENT_3D('',#3315,#2686,#2687);
#2194=AXIS2_PLACEMENT_3D('',#3318,#2690,#2691);
#2195=AXIS2_PLACEMENT_3D('',#3320,#2693,#2694);
#2196=AXIS2_PLACEMENT_3D('',#3322,#2696,#2697);
#2197=AXIS2_PLACEMENT_3D('',#3324,#2699,#2700);
#2198=AXIS2_PLACEMENT_3D('',#3325,#2701,#2702);
#2199=AXIS2_PLACEMENT_3D('',#3327,#2704,#2705);
#2200=AXIS2_PLACEMENT_3D('',#3328,#2706,#2707);
#2201=AXIS2_PLACEMENT_3D('',#3330,#2709,#2710);
#2202=AXIS2_PLACEMENT_3D('',#3334,#2713,#2714);
#2203=AXIS2_PLACEMENT_3D('',#3338,#2717,#2718);
#2204=AXIS2_PLACEMENT_3D('',#3339,#2719,#2720);
#2205=AXIS2_PLACEMENT_3D('',#3340,#2721,#2722);
#2206=AXIS2_PLACEMENT_3D('',#3344,#2725,#2726);
#2207=AXIS2_PLACEMENT_3D('',#3347,#2728,#2729);
#2208=AXIS2_PLACEMENT_3D('',#3348,#2730,#2731);
#2209=AXIS2_PLACEMENT_3D('',#3350,#2733,#2734);
#2210=AXIS2_PLACEMENT_3D('',#3356,#2738,#2739);
#2211=AXIS2_PLACEMENT_3D('',#3362,#2743,#2744);
#2212=AXIS2_PLACEMENT_3D('',#3364,#2745,#2746);
#2213=AXIS2_PLACEMENT_3D('',#3367,#2748,#2749);
#2214=AXIS2_PLACEMENT_3D('',#3368,#2750,#2751);
#2215=AXIS2_PLACEMENT_3D('',#3374,#2755,#2756);
#2216=AXIS2_PLACEMENT_3D('',#3377,#2759,#2760);
#2217=AXIS2_PLACEMENT_3D('',#3378,#2761,#2762);
#2218=AXIS2_PLACEMENT_3D('',#3379,#2763,#2764);
#2219=AXIS2_PLACEMENT_3D('',#3385,#2768,#2769);
#2220=AXIS2_PLACEMENT_3D('',#3391,#2773,#2774);
#2221=AXIS2_PLACEMENT_3D('',#3393,#2775,#2776);
#2222=AXIS2_PLACEMENT_3D('',#3395,#2777,#2778);
#2223=AXIS2_PLACEMENT_3D('',#3397,#2780,#2781);
#2224=AXIS2_PLACEMENT_3D('',#3403,#2785,#2786);
#2225=AXIS2_PLACEMENT_3D('',#3406,#2789,#2790);
#2226=AXIS2_PLACEMENT_3D('',#3407,#2791,#2792);
#2227=AXIS2_PLACEMENT_3D('',#3408,#2793,#2794);
#2228=AXIS2_PLACEMENT_3D('',#3410,#2795,#2796);
#2229=AXIS2_PLACEMENT_3D('',#3411,#2797,#2798);
#2230=AXIS2_PLACEMENT_3D('',#3412,#2799,#2800);
#2231=AXIS2_PLACEMENT_3D('',#3414,#2802,#2803);
#2232=AXIS2_PLACEMENT_3D('',#3416,#2805,#2806);
#2233=AXIS2_PLACEMENT_3D('',#3420,#2808,#2809);
#2234=AXIS2_PLACEMENT_3D('',#3422,#2811,#2812);
#2235=AXIS2_PLACEMENT_3D('',#3425,#2813,#2814);
#2236=AXIS2_PLACEMENT_3D('',#3427,#2815,#2816);
#2237=AXIS2_PLACEMENT_3D('',#3428,#2817,#2818);
#2238=AXIS2_PLACEMENT_3D('',#3429,#2819,#2820);
#2239=AXIS2_PLACEMENT_3D('',#3432,#2823,#2824);
#2240=AXIS2_PLACEMENT_3D('',#3435,#2827,#2828);
#2241=AXIS2_PLACEMENT_3D('',#3438,#2831,#2832);
#2242=AXIS2_PLACEMENT_3D('',#3439,#2833,#2834);
#2243=AXIS2_PLACEMENT_3D('',#3441,#2836,#2837);
#2244=AXIS2_PLACEMENT_3D('',#3442,#2838,#2839);
#2245=AXIS2_PLACEMENT_3D('',#3444,#2840,#2841);
#2246=AXIS2_PLACEMENT_3D('',#3446,#2843,#2844);
#2247=AXIS2_PLACEMENT_3D('',#3448,#2845,#2846);
#2248=AXIS2_PLACEMENT_3D('',#3449,#2847,#2848);
#2249=AXIS2_PLACEMENT_3D('',#3450,#2849,#2850);
#2250=AXIS2_PLACEMENT_3D('',#3452,#2852,#2853);
#2251=AXIS2_PLACEMENT_3D('',#3454,#2854,#2855);
#2252=AXIS2_PLACEMENT_3D('',#3455,#2856,#2857);
#2253=AXIS2_PLACEMENT_3D('',#3456,#2858,#2859);
#2254=AXIS2_PLACEMENT_3D('',#3458,#2861,#2862);
#2255=AXIS2_PLACEMENT_3D('',#3460,#2864,#2865);
#2256=AXIS2_PLACEMENT_3D('',#3462,#2867,#2868);
#2257=AXIS2_PLACEMENT_3D('',#3464,#2870,#2871);
#2258=AXIS2_PLACEMENT_3D('',#3465,#2872,#2873);
#2259=AXIS2_PLACEMENT_3D('',#3466,#2874,#2875);
#2260=AXIS2_PLACEMENT_3D('',#3468,#2877,#2878);
#2261=AXIS2_PLACEMENT_3D('',#3470,#2880,#2881);
#2262=AXIS2_PLACEMENT_3D('',#3471,#2882,#2883);
#2263=AXIS2_PLACEMENT_3D('',#3472,#2884,#2885);
#2264=DIRECTION('axis',(0.,0.,1.));
#2265=DIRECTION('refdir',(1.,0.,0.));
#2266=DIRECTION('center_axis',(0.408248290463855,-0.81649658092772,0.408248290463883));
#2267=DIRECTION('ref_axis',(-0.577350269189612,-0.57735026918962,-0.577350269189646));
#2268=DIRECTION('center_axis',(0.,0.,-1.));
#2269=DIRECTION('ref_axis',(-1.,0.,0.));
#2270=DIRECTION('center_axis',(0.,-1.,0.));
#2271=DIRECTION('ref_axis',(0.,0.,-1.));
#2272=DIRECTION('center_axis',(-1.,0.,8.88178419700125E-14));
#2273=DIRECTION('ref_axis',(0.,-1.,0.));
#2274=DIRECTION('center_axis',(-1.,4.44089209850063E-16,0.));
#2275=DIRECTION('ref_axis',(0.,-0.707106781186603,-0.707106781186492));
#2276=DIRECTION('',(-1.,4.44089209850063E-16,0.));
#2277=DIRECTION('center_axis',(1.,0.,0.));
#2278=DIRECTION('ref_axis',(0.,-1.,0.));
#2279=DIRECTION('',(1.,-4.44089209850063E-16,0.));
#2280=DIRECTION('center_axis',(-0.707106781186548,0.707106781186548,0.));
#2281=DIRECTION('ref_axis',(0.707106781186547,0.707106781186547,0.));
#2282=DIRECTION('center_axis',(4.44089209850063E-16,1.,0.));
#2283=DIRECTION('ref_axis',(0.,0.,1.));
#2284=DIRECTION('center_axis',(0.,0.,1.));
#2285=DIRECTION('ref_axis',(-1.,4.44089209850063E-16,0.));
#2286=DIRECTION('center_axis',(-4.44089209850063E-16,-1.,0.));
#2287=DIRECTION('ref_axis',(-0.707106781186547,3.03576608295941E-16,-0.707106781186548));
#2288=DIRECTION('center_axis',(4.44089209850063E-16,1.,0.));
#2289=DIRECTION('ref_axis',(-0.707106781186547,3.14018491736755E-16,-0.707106781186548));
#2290=DIRECTION('center_axis',(1.76751924318433E-16,1.,0.));
#2291=DIRECTION('ref_axis',(-0.70710678118654,0.,-0.707106781186555));
#2292=DIRECTION('',(-1.76751924318433E-16,-1.,0.));
#2293=DIRECTION('',(1.76751924318433E-16,1.,0.));
#2294=DIRECTION('center_axis',(0.,0.,-1.));
#2295=DIRECTION('ref_axis',(0.707106781186548,-0.707106781186548,0.));
#2296=DIRECTION('center_axis',(0.,0.,-1.));
#2297=DIRECTION('ref_axis',(0.707106781186548,-0.707106781186548,0.));
#2298=DIRECTION('',(0.,0.,-1.));
#2299=DIRECTION('center_axis',(0.,0.,1.));
#2300=DIRECTION('ref_axis',(0.,-1.,0.));
#2301=DIRECTION('',(0.,0.,1.));
#2302=DIRECTION('center_axis',(0.,1.,0.));
#2303=DIRECTION('ref_axis',(0.,0.,1.));
#2304=DIRECTION('center_axis',(1.,0.,0.));
#2305=DIRECTION('ref_axis',(0.,-1.,0.));
#2306=DIRECTION('center_axis',(0.,-1.,0.));
#2307=DIRECTION('ref_axis',(0.707106781186549,0.,-0.707106781186546));
#2308=DIRECTION('center_axis',(0.,1.,0.));
#2309=DIRECTION('ref_axis',(0.707106781186549,0.,-0.707106781186546));
#2310=DIRECTION('center_axis',(-1.,0.,0.));
#2311=DIRECTION('ref_axis',(0.,-0.707106781186548,-0.707106781186547));
#2312=DIRECTION('',(1.,0.,0.));
#2313=DIRECTION('',(-1.,0.,0.));
#2314=DIRECTION('center_axis',(0.,0.,1.));
#2315=DIRECTION('ref_axis',(-0.70710678118661,-0.707106781186485,0.));
#2316=DIRECTION('center_axis',(0.,0.,1.));
#2317=DIRECTION('ref_axis',(-0.70710678118661,-0.707106781186485,0.));
#2318=DIRECTION('',(0.,0.,-1.));
#2319=DIRECTION('',(0.,0.,1.));
#2320=DIRECTION('center_axis',(-1.66533453693774E-15,1.,0.));
#2321=DIRECTION('ref_axis',(-0.707106781186548,0.,-0.707106781186548));
#2322=DIRECTION('',(-1.66533453693774E-15,1.,0.));
#2323=DIRECTION('center_axis',(0.707106781186538,0.707106781186557,0.));
#2324=DIRECTION('ref_axis',(-0.707106781186557,0.707106781186538,0.));
#2325=DIRECTION('',(1.66533453693774E-15,-1.,0.));
#2326=DIRECTION('center_axis',(4.44089209850063E-16,1.,0.));
#2327=DIRECTION('ref_axis',(-1.,4.44089209850063E-16,0.));
#2328=DIRECTION('',(0.,0.,1.));
#2329=DIRECTION('',(-1.,4.44089209850063E-16,0.));
#2330=DIRECTION('center_axis',(1.,-1.76751924318433E-16,0.));
#2331=DIRECTION('ref_axis',(1.76751924318433E-16,1.,0.));
#2332=DIRECTION('',(1.76751924318433E-16,1.,0.));
#2333=DIRECTION('center_axis',(0.,1.,0.));
#2334=DIRECTION('ref_axis',(0.70710678118654,0.,-0.707106781186555));
#2335=DIRECTION('center_axis',(0.,1.,0.));
#2336=DIRECTION('ref_axis',(0.70710678118654,0.,-0.707106781186555));
#2337=DIRECTION('',(0.,-1.,0.));
#2338=DIRECTION('center_axis',(0.,-1.,0.));
#2339=DIRECTION('ref_axis',(0.70710678118654,0.,-0.707106781186555));
#2340=DIRECTION('',(0.,1.,0.));
#2341=DIRECTION('center_axis',(0.,0.,1.));
#2342=DIRECTION('ref_axis',(1.,0.,0.));
#2343=DIRECTION('',(1.,0.,0.));
#2344=DIRECTION('',(-1.,0.,0.));
#2345=DIRECTION('center_axis',(0.,0.,1.));
#2346=DIRECTION('ref_axis',(-0.70710678118654,0.707106781186555,0.));
#2347=DIRECTION('',(1.76751924318433E-16,1.,0.));
#2348=DIRECTION('',(1.,-4.44089209850063E-16,0.));
#2349=DIRECTION('center_axis',(0.,0.,1.));
#2350=DIRECTION('ref_axis',(-1.,4.44089209850063E-16,0.));
#2351=DIRECTION('',(0.,1.,0.));
#2352=DIRECTION('',(1.,0.,0.));
#2353=DIRECTION('',(0.,-1.,0.));
#2354=DIRECTION('center_axis',(0.,0.,1.));
#2355=DIRECTION('ref_axis',(1.,-4.44089209850063E-16,0.));
#2356=DIRECTION('',(1.,-4.44089209850063E-16,0.));
#2357=DIRECTION('',(-2.43033895937845E-16,-1.,0.));
#2358=DIRECTION('center_axis',(0.,0.,1.));
#2359=DIRECTION('ref_axis',(0.707106781186477,0.707106781186618,0.));
#2360=DIRECTION('',(-1.,0.,0.));
#2361=DIRECTION('',(0.,-1.,0.));
#2362=DIRECTION('',(1.,0.,0.));
#2363=DIRECTION('center_axis',(0.,0.,1.));
#2364=DIRECTION('ref_axis',(0.707106781186548,-0.707106781186548,0.));
#2365=DIRECTION('',(-2.43033895937845E-16,-1.,0.));
#2366=DIRECTION('',(-1.,4.44089209850063E-16,0.));
#2367=DIRECTION('center_axis',(0.,0.,1.));
#2368=DIRECTION('ref_axis',(1.,-4.44089209850063E-16,0.));
#2369=DIRECTION('',(-5.5511151231258E-16,1.,0.));
#2370=DIRECTION('',(-1.,-1.77635683940025E-15,0.));
#2371=DIRECTION('',(-1.66533453693774E-15,1.,0.));
#2372=DIRECTION('center_axis',(-1.,-1.77635683940025E-15,0.));
#2373=DIRECTION('ref_axis',(-3.92523114670983E-15,0.707106781186477,-0.707106781186618));
#2374=DIRECTION('center_axis',(1.,1.66533453693774E-15,0.));
#2375=DIRECTION('ref_axis',(-3.92523114670983E-15,0.707106781186477,-0.707106781186618));
#2376=DIRECTION('center_axis',(-1.,-5.5511151231258E-16,0.));
#2377=DIRECTION('ref_axis',(-3.92523114670983E-15,0.707106781186477,-0.707106781186618));
#2378=DIRECTION('',(1.,1.77635683940025E-15,0.));
#2379=DIRECTION('center_axis',(1.77635683940025E-15,-1.,0.));
#2380=DIRECTION('ref_axis',(-1.,-1.77635683940025E-15,0.));
#2381=DIRECTION('',(0.,0.,-1.));
#2382=DIRECTION('',(0.,0.,1.));
#2383=DIRECTION('',(-1.,0.,0.));
#2384=DIRECTION('',(0.,0.,-1.));
#2385=DIRECTION('',(0.,0.,-1.));
#2386=DIRECTION('center_axis',(-0.816496580927724,-0.408248290463871,-0.408248290463859));
#2387=DIRECTION('ref_axis',(0.577350269189623,-0.577350269189641,-0.577350269189614));
#2388=DIRECTION('center_axis',(0.,0.,-1.));
#2389=DIRECTION('ref_axis',(0.,-1.,0.));
#2390=DIRECTION('center_axis',(1.,0.,0.));
#2391=DIRECTION('ref_axis',(0.,0.,-1.));
#2392=DIRECTION('center_axis',(0.,-1.,0.));
#2393=DIRECTION('ref_axis',(1.,0.,0.));
#2394=DIRECTION('center_axis',(-1.,0.,0.));
#2395=DIRECTION('ref_axis',(0.,-0.707106781186548,-0.707106781186547));
#2396=DIRECTION('center_axis',(1.,0.,0.));
#2397=DIRECTION('ref_axis',(0.,-1.,0.));
#2398=DIRECTION('',(1.,0.,0.));
#2399=DIRECTION('',(-1.,0.,0.));
#2400=DIRECTION('center_axis',(0.,1.,0.));
#2401=DIRECTION('ref_axis',(0.,0.,1.));
#2402=DIRECTION('center_axis',(0.,0.,-1.));
#2403=DIRECTION('ref_axis',(0.,-1.,0.));
#2404=DIRECTION('center_axis',(0.,-1.,0.));
#2405=DIRECTION('ref_axis',(-0.707106781186549,0.,-0.707106781186546));
#2406=DIRECTION('center_axis',(0.,1.,0.));
#2407=DIRECTION('ref_axis',(-0.707106781186549,0.,-0.707106781186546));
#2408=DIRECTION('center_axis',(0.,0.,1.));
#2409=DIRECTION('ref_axis',(-0.70710678118661,-0.707106781186485,0.));
#2410=DIRECTION('center_axis',(0.,0.,-1.));
#2411=DIRECTION('ref_axis',(-0.70710678118661,-0.707106781186485,0.));
#2412=DIRECTION('',(0.,0.,-1.));
#2413=DIRECTION('',(0.,0.,1.));
#2414=DIRECTION('center_axis',(-2.43033895937845E-16,-1.,0.));
#2415=DIRECTION('ref_axis',(0.70710678118654,0.,-0.707106781186555));
#2416=DIRECTION('',(-2.43033895937845E-16,-1.,0.));
#2417=DIRECTION('',(2.43033895937845E-16,1.,0.));
#2418=DIRECTION('center_axis',(-0.707106781186579,-0.707106781186516,-6.28036983473538E-14));
#2419=DIRECTION('ref_axis',(-0.707106781186516,0.707106781186579,-6.28036983473482E-14));
#2420=DIRECTION('center_axis',(4.44089209850063E-16,1.,0.));
#2421=DIRECTION('ref_axis',(0.,0.,1.));
#2422=DIRECTION('center_axis',(4.44089209850063E-16,1.,0.));
#2423=DIRECTION('ref_axis',(0.70710678118655,-3.14018491736756E-16,-0.707106781186545));
#2424=DIRECTION('center_axis',(1.,0.,0.));
#2425=DIRECTION('ref_axis',(0.,-1.,0.));
#2426=DIRECTION('center_axis',(-4.44089209850063E-16,-1.,0.));
#2427=DIRECTION('ref_axis',(0.70710678118655,-3.03576608295941E-16,-0.707106781186545));
#2428=DIRECTION('center_axis',(-1.,4.44089209850063E-16,0.));
#2429=DIRECTION('ref_axis',(0.,-0.707106781186603,-0.707106781186492));
#2430=DIRECTION('',(1.,-4.44089209850063E-16,0.));
#2431=DIRECTION('',(-1.,4.44089209850063E-16,0.));
#2432=DIRECTION('center_axis',(0.,0.,-1.));
#2433=DIRECTION('ref_axis',(0.707106781186548,-0.707106781186548,0.));
#2434=DIRECTION('',(0.,0.,-1.));
#2435=DIRECTION('',(0.,0.,1.));
#2436=DIRECTION('center_axis',(0.,0.,1.));
#2437=DIRECTION('ref_axis',(1.,0.,0.));
#2438=DIRECTION('',(3.03280435995165E-16,-1.,0.));
#2439=DIRECTION('',(-1.,0.,0.));
#2440=DIRECTION('',(-5.5511151231258E-16,1.,0.));
#2441=DIRECTION('center_axis',(-3.03280435995165E-16,1.,0.));
#2442=DIRECTION('ref_axis',(-0.707106781186556,0.,-0.707106781186539));
#2443=DIRECTION('',(-3.03280435995165E-16,1.,0.));
#2444=DIRECTION('center_axis',(0.,1.,-4.44089209850062E-14));
#2445=DIRECTION('ref_axis',(-1.,0.,0.));
#2446=DIRECTION('center_axis',(-1.,-3.03280435995165E-16,0.));
#2447=DIRECTION('ref_axis',(3.03280435995165E-16,-1.,0.));
#2448=DIRECTION('',(3.03280435995165E-16,-1.,0.));
#2449=DIRECTION('',(0.,0.,1.));
#2450=DIRECTION('center_axis',(0.,0.,1.));
#2451=DIRECTION('ref_axis',(1.,0.,0.));
#2452=DIRECTION('',(-2.16628882853689E-16,1.,0.));
#2453=DIRECTION('center_axis',(0.,0.,-1.));
#2454=DIRECTION('ref_axis',(0.707106781186548,0.707106781186548,0.));
#2455=DIRECTION('',(-1.,0.,0.));
#2456=DIRECTION('',(1.66533453693774E-15,-1.,0.));
#2457=DIRECTION('',(0.,-1.,0.));
#2458=DIRECTION('',(-1.,0.,0.));
#2459=DIRECTION('',(0.,1.,0.));
#2460=DIRECTION('',(-5.5511151231258E-16,1.,0.));
#2461=DIRECTION('',(-1.,0.,0.));
#2462=DIRECTION('center_axis',(0.,0.,-1.));
#2463=DIRECTION('ref_axis',(-0.707106781186548,0.707106781186548,0.));
#2464=DIRECTION('',(1.,0.,0.));
#2465=DIRECTION('',(1.,-3.38371206589947E-17,0.));
#2466=DIRECTION('',(0.,-1.,0.));
#2467=DIRECTION('',(-1.,3.38371206589947E-17,0.));
#2468=DIRECTION('',(-1.,0.,0.));
#2469=DIRECTION('center_axis',(0.,0.,-1.));
#2470=DIRECTION('ref_axis',(-0.70710678118654,0.707106781186555,0.));
#2471=DIRECTION('',(3.03280435995165E-16,-1.,0.));
#2472=DIRECTION('center_axis',(0.,0.,-1.));
#2473=DIRECTION('ref_axis',(-0.707106781186548,-0.707106781186548,0.));
#2474=DIRECTION('',(1.,0.,0.));
#2475=DIRECTION('',(0.,1.,0.));
#2476=DIRECTION('',(0.,1.,0.));
#2477=DIRECTION('',(1.,0.,0.));
#2478=DIRECTION('',(0.,-1.,0.));
#2479=DIRECTION('',(0.,-1.,0.));
#2480=DIRECTION('',(1.,0.,0.));
#2481=DIRECTION('center_axis',(0.,0.,-1.));
#2482=DIRECTION('ref_axis',(0.707106781186548,-0.707106781186548,0.));
#2483=DIRECTION('',(-2.16628882853689E-16,1.,0.));
#2484=DIRECTION('center_axis',(0.,0.,-1.));
#2485=DIRECTION('ref_axis',(0.70710678118654,0.707106781186555,0.));
#2486=DIRECTION('',(-1.,0.,0.));
#2487=DIRECTION('',(-1.,-3.38371206589947E-17,0.));
#2488=DIRECTION('',(0.,1.,0.));
#2489=DIRECTION('',(1.,3.38371206589947E-17,0.));
#2490=DIRECTION('',(1.,0.,0.));
#2491=DIRECTION('center_axis',(0.,1.,0.));
#2492=DIRECTION('ref_axis',(-1.,0.,0.));
#2493=DIRECTION('center_axis',(0.,1.,0.));
#2494=DIRECTION('ref_axis',(-0.70710678118654,0.,-0.707106781186555));
#2495=DIRECTION('',(0.,0.,1.));
#2496=DIRECTION('center_axis',(-0.408248290463863,-0.408248290463783,-0.816496580927766));
#2497=DIRECTION('ref_axis',(0.577350269189703,0.577350269189587,-0.577350269189588));
#2498=DIRECTION('center_axis',(0.,0.,-1.));
#2499=DIRECTION('ref_axis',(1.,0.,0.));
#2500=DIRECTION('center_axis',(0.,1.,0.));
#2501=DIRECTION('ref_axis',(0.,0.,-1.));
#2502=DIRECTION('center_axis',(1.,0.,-1.77635683940025E-13));
#2503=DIRECTION('ref_axis',(0.,1.,0.));
#2504=DIRECTION('center_axis',(-2.43033895937845E-16,-1.,0.));
#2505=DIRECTION('ref_axis',(0.70710678118654,0.,-0.707106781186555));
#2506=DIRECTION('',(2.43033895937845E-16,1.,0.));
#2507=DIRECTION('',(-2.43033895937845E-16,-1.,0.));
#2508=DIRECTION('center_axis',(-0.707106781186595,0.7071067811865,1.25607396694694E-13));
#2509=DIRECTION('ref_axis',(0.7071067811865,0.707106781186595,-1.25607396694677E-13));
#2510=DIRECTION('center_axis',(1.,-4.44089209850063E-16,0.));
#2511=DIRECTION('ref_axis',(0.,0.707106781186603,-0.707106781186492));
#2512=DIRECTION('',(1.,-4.44089209850063E-16,0.));
#2513=DIRECTION('center_axis',(-1.,0.,1.11022302462516E-14));
#2514=DIRECTION('ref_axis',(0.,1.,0.));
#2515=DIRECTION('',(-1.,4.44089209850063E-16,0.));
#2516=DIRECTION('center_axis',(-4.44089209850063E-16,-1.,0.));
#2517=DIRECTION('ref_axis',(0.,0.,-1.));
#2518=DIRECTION('center_axis',(4.44089209850063E-16,1.,0.));
#2519=DIRECTION('ref_axis',(0.707106781186548,-3.03576608295941E-16,-0.707106781186547));
#2520=DIRECTION('center_axis',(-4.44089209850063E-16,-1.,0.));
#2521=DIRECTION('ref_axis',(0.707106781186548,-3.14018491736755E-16,-0.707106781186547));
#2522=DIRECTION('center_axis',(0.,0.,-1.));
#2523=DIRECTION('ref_axis',(-0.70710678118654,0.707106781186555,0.));
#2524=DIRECTION('',(0.,0.,-1.));
#2525=DIRECTION('center_axis',(0.,0.,1.));
#2526=DIRECTION('ref_axis',(0.,1.,0.));
#2527=DIRECTION('',(0.,0.,1.));
#2528=DIRECTION('center_axis',(0.,-1.,0.));
#2529=DIRECTION('ref_axis',(0.,0.,-1.));
#2530=DIRECTION('center_axis',(-1.,0.,0.));
#2531=DIRECTION('ref_axis',(0.,1.,0.));
#2532=DIRECTION('center_axis',(0.,1.,0.));
#2533=DIRECTION('ref_axis',(-0.707106781186549,0.,-0.707106781186546));
#2534=DIRECTION('center_axis',(0.,-1.,0.));
#2535=DIRECTION('ref_axis',(-0.707106781186549,0.,-0.707106781186546));
#2536=DIRECTION('center_axis',(1.,0.,0.));
#2537=DIRECTION('ref_axis',(0.,0.707106781186548,-0.707106781186547));
#2538=DIRECTION('',(-1.,0.,0.));
#2539=DIRECTION('',(1.,0.,0.));
#2540=DIRECTION('center_axis',(0.,0.,1.));
#2541=DIRECTION('ref_axis',(0.707106781186477,0.707106781186618,0.));
#2542=DIRECTION('',(0.,0.,-1.));
#2543=DIRECTION('',(0.,0.,1.));
#2544=DIRECTION('center_axis',(0.,-1.,0.));
#2545=DIRECTION('ref_axis',(0.707106781186548,0.,-0.707106781186548));
#2546=DIRECTION('',(0.,-1.,0.));
#2547=DIRECTION('center_axis',(-0.70710678118654,-0.707106781186555,-1.9626155733547E-15));
#2548=DIRECTION('ref_axis',(0.707106781186555,-0.70710678118654,-1.96261557335465E-15));
#2549=DIRECTION('',(0.,1.,0.));
#2550=DIRECTION('center_axis',(-4.44089209850063E-16,-1.,0.));
#2551=DIRECTION('ref_axis',(1.,-4.44089209850063E-16,0.));
#2552=DIRECTION('',(0.,0.,1.));
#2553=DIRECTION('center_axis',(-1.,2.43033895937845E-16,0.));
#2554=DIRECTION('ref_axis',(-2.43033895937845E-16,-1.,0.));
#2555=DIRECTION('center_axis',(0.,-1.,0.));
#2556=DIRECTION('ref_axis',(-0.70710678118654,0.,-0.707106781186555));
#2557=DIRECTION('center_axis',(0.,-1.,0.));
#2558=DIRECTION('ref_axis',(-0.70710678118654,0.,-0.707106781186555));
#2559=DIRECTION('',(0.,1.,0.));
#2560=DIRECTION('center_axis',(1.,0.,0.));
#2561=DIRECTION('ref_axis',(0.,-0.707106781186602,-0.707106781186493));
#2562=DIRECTION('center_axis',(-1.,0.,0.));
#2563=DIRECTION('ref_axis',(0.,-0.707106781186602,-0.707106781186493));
#2564=DIRECTION('center_axis',(1.,0.,0.));
#2565=DIRECTION('ref_axis',(0.,-0.707106781186602,-0.707106781186493));
#2566=DIRECTION('',(-1.,0.,0.));
#2567=DIRECTION('center_axis',(0.,1.,0.));
#2568=DIRECTION('ref_axis',(1.,0.,0.));
#2569=DIRECTION('',(0.,0.,-1.));
#2570=DIRECTION('',(0.,0.,-1.));
#2571=DIRECTION('',(-1.,0.,0.));
#2572=DIRECTION('',(0.,0.,1.));
#2573=DIRECTION('',(0.,0.,-1.));
#2574=DIRECTION('center_axis',(-0.816496580927727,-0.408248290463863,0.408248290463861));
#2575=DIRECTION('ref_axis',(-0.57735026918962,0.577350269189629,-0.577350269189628));
#2576=DIRECTION('center_axis',(0.,1.,0.));
#2577=DIRECTION('ref_axis',(-1.,0.,0.));
#2578=DIRECTION('center_axis',(0.,0.,-1.));
#2579=DIRECTION('ref_axis',(0.,1.,0.));
#2580=DIRECTION('center_axis',(-1.,0.,0.));
#2581=DIRECTION('ref_axis',(0.,0.,-1.));
#2582=DIRECTION('center_axis',(0.,0.,-1.));
#2583=DIRECTION('ref_axis',(-0.70710678118654,0.707106781186555,0.));
#2584=DIRECTION('',(0.,0.,-1.));
#2585=DIRECTION('',(0.,0.,1.));
#2586=DIRECTION('center_axis',(1.,0.,0.));
#2587=DIRECTION('ref_axis',(0.,0.707106781186548,-0.707106781186547));
#2588=DIRECTION('center_axis',(-1.,0.,0.));
#2589=DIRECTION('ref_axis',(0.,1.,0.));
#2590=DIRECTION('',(-1.,0.,0.));
#2591=DIRECTION('',(1.,0.,0.));
#2592=DIRECTION('center_axis',(0.,-1.,0.));
#2593=DIRECTION('ref_axis',(0.,0.,-1.));
#2594=DIRECTION('center_axis',(0.,0.,-1.));
#2595=DIRECTION('ref_axis',(0.,1.,0.));
#2596=DIRECTION('center_axis',(0.,1.,0.));
#2597=DIRECTION('ref_axis',(0.707106781186549,0.,-0.707106781186546));
#2598=DIRECTION('center_axis',(0.,-1.,0.));
#2599=DIRECTION('ref_axis',(0.707106781186549,0.,-0.707106781186546));
#2600=DIRECTION('center_axis',(0.,0.,1.));
#2601=DIRECTION('ref_axis',(0.70710678118654,0.707106781186555,0.));
#2602=DIRECTION('',(0.,0.,-1.));
#2603=DIRECTION('',(0.,0.,1.));
#2604=DIRECTION('center_axis',(1.76751924318433E-16,1.,0.));
#2605=DIRECTION('ref_axis',(-0.70710678118654,0.,-0.707106781186555));
#2606=DIRECTION('',(1.76751924318433E-16,1.,0.));
#2607=DIRECTION('',(-1.76751924318433E-16,-1.,0.));
#2608=DIRECTION('center_axis',(0.70710678118661,0.707106781186485,0.));
#2609=DIRECTION('ref_axis',(0.707106781186485,-0.70710678118661,0.));
#2610=DIRECTION('center_axis',(-4.44089209850063E-16,-1.,0.));
#2611=DIRECTION('ref_axis',(0.,0.,-1.));
#2612=DIRECTION('center_axis',(-4.44089209850063E-16,-1.,0.));
#2613=DIRECTION('ref_axis',(-0.707106781186545,3.14018491736754E-16,-0.70710678118655));
#2614=DIRECTION('center_axis',(-1.,0.,0.));
#2615=DIRECTION('ref_axis',(0.,1.,0.));
#2616=DIRECTION('center_axis',(4.44089209850063E-16,1.,0.));
#2617=DIRECTION('ref_axis',(-0.707106781186545,3.03576608295941E-16,-0.70710678118655));
#2618=DIRECTION('center_axis',(1.,-4.44089209850063E-16,0.));
#2619=DIRECTION('ref_axis',(0.,0.707106781186603,-0.707106781186492));
#2620=DIRECTION('',(-1.,4.44089209850063E-16,0.));
#2621=DIRECTION('',(1.,-4.44089209850063E-16,0.));
#2622=DIRECTION('center_axis',(0.,-1.,0.));
#2623=DIRECTION('ref_axis',(1.,0.,0.));
#2624=DIRECTION('',(0.,0.,1.));
#2625=DIRECTION('center_axis',(1.,-1.76751924318433E-16,0.));
#2626=DIRECTION('ref_axis',(1.76751924318433E-16,1.,0.));
#2627=DIRECTION('',(0.,0.,1.));
#2628=DIRECTION('center_axis',(-4.44089209850063E-16,-1.,0.));
#2629=DIRECTION('ref_axis',(1.,-4.44089209850063E-16,0.));
#2630=DIRECTION('center_axis',(0.,0.,-1.));
#2631=DIRECTION('ref_axis',(-1.,0.,0.));
#2632=DIRECTION('',(-1.,0.,0.));
#2633=DIRECTION('',(0.,1.,0.));
#2634=DIRECTION('',(-1.,0.,0.));
#2635=DIRECTION('',(0.,1.,0.));
#2636=DIRECTION('center_axis',(0.,-1.,0.));
#2637=DIRECTION('ref_axis',(1.,0.,-7.40148683083438E-16));
#2638=DIRECTION('center_axis',(0.,-1.,0.));
#2639=DIRECTION('ref_axis',(1.,0.,-7.40148683083438E-16));
#2640=DIRECTION('',(0.,1.,0.));
#2641=DIRECTION('center_axis',(0.,-1.,0.));
#2642=DIRECTION('ref_axis',(1.,0.,-7.40148683083438E-16));
#2643=DIRECTION('center_axis',(-1.,0.,0.));
#2644=DIRECTION('ref_axis',(0.,0.,1.));
#2645=DIRECTION('',(0.,0.,1.));
#2646=DIRECTION('',(0.,1.,0.));
#2647=DIRECTION('',(0.,0.,1.));
#2648=DIRECTION('center_axis',(0.,0.,1.));
#2649=DIRECTION('ref_axis',(1.,0.,0.));
#2650=DIRECTION('',(1.,0.,0.));
#2651=DIRECTION('',(0.,1.,0.));
#2652=DIRECTION('',(1.,0.,0.));
#2653=DIRECTION('center_axis',(1.,0.,0.));
#2654=DIRECTION('ref_axis',(0.,0.,-1.));
#2655=DIRECTION('',(0.,0.,-1.));
#2656=DIRECTION('',(0.,0.,-1.));
#2657=DIRECTION('center_axis',(-3.38371206589947E-17,1.,-2.32715310328458E-17));
#2658=DIRECTION('ref_axis',(0.,-2.32715310328458E-17,-1.));
#2659=DIRECTION('',(-1.63268091856641E-16,0.,1.));
#2660=DIRECTION('center_axis',(-3.38371206589947E-17,1.,-2.32715310328458E-17));
#2661=DIRECTION('ref_axis',(0.,-2.32715310328458E-17,-1.));
#2662=DIRECTION('',(-1.63268091856641E-16,0.,1.));
#2663=DIRECTION('center_axis',(0.,0.,1.));
#2664=DIRECTION('ref_axis',(1.,0.,0.));
#2665=DIRECTION('',(1.,0.,0.));
#2666=DIRECTION('',(0.,1.,0.));
#2667=DIRECTION('',(1.,0.,0.));
#2668=DIRECTION('',(0.,1.,0.));
#2669=DIRECTION('center_axis',(0.,1.,0.));
#2670=DIRECTION('ref_axis',(-1.,0.,-7.40148683083438E-16));
#2671=DIRECTION('center_axis',(0.,1.,0.));
#2672=DIRECTION('ref_axis',(-1.,0.,-7.40148683083438E-16));
#2673=DIRECTION('center_axis',(0.,1.,0.));
#2674=DIRECTION('ref_axis',(-1.,0.,-7.40148683083438E-16));
#2675=DIRECTION('',(0.,1.,0.));
#2676=DIRECTION('center_axis',(-1.,0.,0.));
#2677=DIRECTION('ref_axis',(0.,0.,1.));
#2678=DIRECTION('',(0.,0.,1.));
#2679=DIRECTION('',(0.,0.,1.));
#2680=DIRECTION('',(0.,1.,0.));
#2681=DIRECTION('center_axis',(0.,0.,-1.));
#2682=DIRECTION('ref_axis',(-1.,0.,0.));
#2683=DIRECTION('',(-1.,0.,0.));
#2684=DIRECTION('',(-1.,0.,0.));
#2685=DIRECTION('',(0.,1.,0.));
#2686=DIRECTION('center_axis',(1.,0.,0.));
#2687=DIRECTION('ref_axis',(0.,0.,-1.));
#2688=DIRECTION('',(0.,0.,-1.));
#2689=DIRECTION('',(0.,0.,-1.));
#2690=DIRECTION('center_axis',(-3.38371206589947E-17,-1.,2.32715310328458E-17));
#2691=DIRECTION('ref_axis',(0.,-2.32715310328458E-17,-1.));
#2692=DIRECTION('',(1.63268091856641E-16,0.,1.));
#2693=DIRECTION('center_axis',(-3.38371206589947E-17,-1.,2.32715310328458E-17));
#2694=DIRECTION('ref_axis',(0.,-2.32715310328458E-17,-1.));
#2695=DIRECTION('',(1.63268091856641E-16,0.,1.));
#2696=DIRECTION('center_axis',(1.,0.,0.));
#2697=DIRECTION('ref_axis',(0.,1.,0.));
#2698=DIRECTION('',(0.,0.,1.));
#2699=DIRECTION('center_axis',(0.,-1.,0.));
#2700=DIRECTION('ref_axis',(1.,0.,0.));
#2701=DIRECTION('center_axis',(0.,1.,0.));
#2702=DIRECTION('ref_axis',(-1.,0.,0.));
#2703=DIRECTION('',(0.,0.,1.));
#2704=DIRECTION('center_axis',(-1.,0.,0.));
#2705=DIRECTION('ref_axis',(0.,-1.,0.));
#2706=DIRECTION('center_axis',(-1.,2.43033895937845E-16,0.));
#2707=DIRECTION('ref_axis',(-2.43033895937845E-16,-1.,0.));
#2708=DIRECTION('',(0.,0.,1.));
#2709=DIRECTION('center_axis',(0.,0.,1.));
#2710=DIRECTION('ref_axis',(1.,0.,0.));
#2711=DIRECTION('',(1.,0.,0.));
#2712=DIRECTION('',(3.03280435995165E-16,-1.,0.));
#2713=DIRECTION('center_axis',(-1.,-3.03280435995165E-16,0.));
#2714=DIRECTION('ref_axis',(3.03280435995165E-16,-1.,0.));
#2715=DIRECTION('',(-3.03280435995165E-16,1.,0.));
#2716=DIRECTION('',(0.,0.,-1.));
#2717=DIRECTION('center_axis',(-3.03280435995165E-16,1.,0.));
#2718=DIRECTION('ref_axis',(-0.707106781186556,0.,-0.707106781186539));
#2719=DIRECTION('center_axis',(0.,-1.,0.));
#2720=DIRECTION('ref_axis',(0.,0.,-1.));
#2721=DIRECTION('center_axis',(1.,2.16628882853689E-16,0.));
#2722=DIRECTION('ref_axis',(-2.16628882853689E-16,1.,0.));
#2723=DIRECTION('',(2.16628882853689E-16,-1.,0.));
#2724=DIRECTION('',(0.,0.,-1.));
#2725=DIRECTION('center_axis',(2.16628882853689E-16,-1.,0.));
#2726=DIRECTION('ref_axis',(0.707106781186556,0.,-0.707106781186539));
#2727=DIRECTION('',(-2.16628882853689E-16,1.,0.));
#2728=DIRECTION('center_axis',(0.,1.,0.));
#2729=DIRECTION('ref_axis',(0.,0.,-1.));
#2730=DIRECTION('center_axis',(0.,0.,1.));
#2731=DIRECTION('ref_axis',(1.,0.,0.));
#2732=DIRECTION('',(-1.,0.,0.));
#2733=DIRECTION('center_axis',(0.,1.,0.));
#2734=DIRECTION('ref_axis',(0.,0.,-1.));
#2735=DIRECTION('',(0.,0.,1.));
#2736=DIRECTION('',(-1.,0.,0.));
#2737=DIRECTION('',(0.,0.,-1.));
#2738=DIRECTION('center_axis',(0.,0.,-1.));
#2739=DIRECTION('ref_axis',(0.,-1.,0.));
#2740=DIRECTION('',(0.,1.,0.));
#2741=DIRECTION('',(-1.,0.,0.));
#2742=DIRECTION('',(0.,-1.,0.));
#2743=DIRECTION('center_axis',(1.,0.,0.));
#2744=DIRECTION('ref_axis',(0.,-1.,0.));
#2745=DIRECTION('center_axis',(-1.,0.,0.));
#2746=DIRECTION('ref_axis',(0.,-1.,0.));
#2747=DIRECTION('',(-1.,0.,0.));
#2748=DIRECTION('center_axis',(1.,0.,0.));
#2749=DIRECTION('ref_axis',(0.,-1.,0.));
#2750=DIRECTION('center_axis',(0.,-1.,3.96508223080414E-16));
#2751=DIRECTION('ref_axis',(0.,3.96508223080414E-16,1.));
#2752=DIRECTION('',(0.,-3.96508223080414E-16,-1.));
#2753=DIRECTION('',(-1.,0.,0.));
#2754=DIRECTION('',(0.,3.96508223080414E-16,1.));
#2755=DIRECTION('center_axis',(0.,-2.77555756156288E-16,1.));
#2756=DIRECTION('ref_axis',(0.,1.,2.77555756156288E-16));
#2757=DIRECTION('',(0.,-1.,-2.77555756156288E-16));
#2758=DIRECTION('',(0.,1.,2.77555756156288E-16));
#2759=DIRECTION('center_axis',(-1.,0.,0.));
#2760=DIRECTION('ref_axis',(0.,0.,-1.));
#2761=DIRECTION('center_axis',(-1.,0.,0.));
#2762=DIRECTION('ref_axis',(0.,0.,-1.));
#2763=DIRECTION('center_axis',(0.,1.,0.));
#2764=DIRECTION('ref_axis',(0.,0.,-1.));
#2765=DIRECTION('',(0.,0.,1.));
#2766=DIRECTION('',(0.,0.,-1.));
#2767=DIRECTION('',(-1.,0.,0.));
#2768=DIRECTION('center_axis',(0.,0.,1.));
#2769=DIRECTION('ref_axis',(0.,1.,0.));
#2770=DIRECTION('',(0.,-1.,0.));
#2771=DIRECTION('',(0.,1.,0.));
#2772=DIRECTION('',(-1.,0.,0.));
#2773=DIRECTION('center_axis',(-1.,0.,0.));
#2774=DIRECTION('ref_axis',(0.,1.,0.));
#2775=DIRECTION('center_axis',(1.,0.,0.));
#2776=DIRECTION('ref_axis',(0.,1.,0.));
#2777=DIRECTION('center_axis',(-1.,0.,0.));
#2778=DIRECTION('ref_axis',(0.,1.,0.));
#2779=DIRECTION('',(-1.,0.,0.));
#2780=DIRECTION('center_axis',(0.,-1.,-3.96508223080414E-16));
#2781=DIRECTION('ref_axis',(0.,-3.96508223080414E-16,1.));
#2782=DIRECTION('',(0.,3.96508223080414E-16,-1.));
#2783=DIRECTION('',(0.,-3.96508223080414E-16,1.));
#2784=DIRECTION('',(-1.,0.,0.));
#2785=DIRECTION('center_axis',(0.,-2.77555756156288E-16,-1.));
#2786=DIRECTION('ref_axis',(0.,-1.,2.77555756156288E-16));
#2787=DIRECTION('',(0.,1.,-2.77555756156288E-16));
#2788=DIRECTION('',(0.,-1.,2.77555756156288E-16));
#2789=DIRECTION('center_axis',(1.,0.,0.));
#2790=DIRECTION('ref_axis',(0.,0.,-1.));
#2791=DIRECTION('center_axis',(1.,0.,0.));
#2792=DIRECTION('ref_axis',(0.,0.,-1.));
#2793=DIRECTION('center_axis',(0.408248290463846,-0.816496580927728,-0.408248290463876));
#2794=DIRECTION('ref_axis',(0.5773502691896,0.577350269189635,-0.577350269189643));
#2795=DIRECTION('center_axis',(1.,0.,-4.44089209850062E-14));
#2796=DIRECTION('ref_axis',(0.,1.,0.));
#2797=DIRECTION('center_axis',(0.,0.,-1.));
#2798=DIRECTION('ref_axis',(1.,0.,0.));
#2799=DIRECTION('center_axis',(1.,0.,0.));
#2800=DIRECTION('ref_axis',(0.,0.70710678118654,-0.707106781186555));
#2801=DIRECTION('',(1.,0.,0.));
#2802=DIRECTION('center_axis',(0.,0.,1.));
#2803=DIRECTION('ref_axis',(0.707106781186548,0.707106781186548,0.));
#2804=DIRECTION('',(0.,0.,1.));
#2805=DIRECTION('center_axis',(0.,1.,0.));
#2806=DIRECTION('ref_axis',(-0.707106781186548,0.,-0.707106781186548));
#2807=DIRECTION('',(0.,-1.,0.));
#2808=DIRECTION('center_axis',(-0.70710678118654,0.707106781186555,0.));
#2809=DIRECTION('ref_axis',(-0.707106781186555,-0.70710678118654,0.));
#2810=DIRECTION('',(0.,1.,0.));
#2811=DIRECTION('center_axis',(-0.408248290463868,0.40824829046385,-0.81649658092773));
#2812=DIRECTION('ref_axis',(0.577350269189645,-0.57735026918961,-0.577350269189622));
#2813=DIRECTION('center_axis',(1.,2.22044604925036E-14,0.));
#2814=DIRECTION('ref_axis',(0.,0.,-1.));
#2815=DIRECTION('center_axis',(0.,-1.,0.));
#2816=DIRECTION('ref_axis',(1.,0.,0.));
#2817=DIRECTION('center_axis',(0.,0.,-1.));
#2818=DIRECTION('ref_axis',(0.,-1.,0.));
#2819=DIRECTION('center_axis',(2.16628882853689E-16,-1.,0.));
#2820=DIRECTION('ref_axis',(0.707106781186556,0.,-0.707106781186539));
#2821=DIRECTION('',(2.16628882853689E-16,-1.,0.));
#2822=DIRECTION('',(-2.16628882853689E-16,1.,0.));
#2823=DIRECTION('center_axis',(0.,0.,1.));
#2824=DIRECTION('ref_axis',(0.707106781186548,-0.707106781186548,0.));
#2825=DIRECTION('',(0.,0.,-1.));
#2826=DIRECTION('',(0.,0.,1.));
#2827=DIRECTION('center_axis',(-1.,0.,0.));
#2828=DIRECTION('ref_axis',(0.,-0.70710678118654,-0.707106781186555));
#2829=DIRECTION('',(1.,0.,0.));
#2830=DIRECTION('',(-1.,0.,0.));
#2831=DIRECTION('center_axis',(1.,2.16628882853689E-16,0.));
#2832=DIRECTION('ref_axis',(-2.16628882853689E-16,1.,0.));
#2833=DIRECTION('center_axis',(0.,1.,0.));
#2834=DIRECTION('ref_axis',(-1.,0.,0.));
#2835=DIRECTION('',(0.,0.,1.));
#2836=DIRECTION('center_axis',(1.,1.66533453693774E-15,0.));
#2837=DIRECTION('ref_axis',(1.66533453693774E-15,-1.,0.));
#2838=DIRECTION('center_axis',(5.5511151231258E-16,-1.,0.));
#2839=DIRECTION('ref_axis',(0.707106781186548,0.,-0.707106781186548));
#2840=DIRECTION('center_axis',(0.707106781186538,-0.707106781186557,-1.96261557335469E-15));
#2841=DIRECTION('ref_axis',(0.707106781186557,0.707106781186538,-1.96261557335475E-15));
#2842=DIRECTION('',(5.5511151231258E-16,-1.,0.));
#2843=DIRECTION('center_axis',(-0.816496580927737,-0.40824829046386,0.408248290463844));
#2844=DIRECTION('ref_axis',(-0.5773502691896,0.577350269189653,-0.577350269189625));
#2845=DIRECTION('center_axis',(0.,0.,-1.));
#2846=DIRECTION('ref_axis',(0.,1.,0.));
#2847=DIRECTION('center_axis',(-1.,0.,0.));
#2848=DIRECTION('ref_axis',(0.,0.,-1.));
#2849=DIRECTION('center_axis',(1.,0.,0.));
#2850=DIRECTION('ref_axis',(0.,0.70710678118654,-0.707106781186555));
#2851=DIRECTION('',(1.,0.,0.));
#2852=DIRECTION('center_axis',(0.408248290463848,-0.816496580927731,0.408248290463869));
#2853=DIRECTION('ref_axis',(-0.577350269189613,-0.577350269189631,-0.577350269189634));
#2854=DIRECTION('center_axis',(-1.,0.,-2.22044604925031E-14));
#2855=DIRECTION('ref_axis',(0.,-1.,0.));
#2856=DIRECTION('center_axis',(0.,0.,-1.));
#2857=DIRECTION('ref_axis',(-1.,0.,0.));
#2858=DIRECTION('center_axis',(-1.,0.,0.));
#2859=DIRECTION('ref_axis',(0.,-0.70710678118654,-0.707106781186555));
#2860=DIRECTION('',(-1.,0.,0.));
#2861=DIRECTION('center_axis',(0.,0.,1.));
#2862=DIRECTION('ref_axis',(-0.707106781186548,-0.707106781186548,0.));
#2863=DIRECTION('',(0.,0.,1.));
#2864=DIRECTION('center_axis',(0.,0.,1.));
#2865=DIRECTION('ref_axis',(-0.707106781186548,0.707106781186548,0.));
#2866=DIRECTION('',(0.,0.,-1.));
#2867=DIRECTION('center_axis',(0.,-1.,0.));
#2868=DIRECTION('ref_axis',(1.,0.,0.));
#2869=DIRECTION('',(0.,0.,1.));
#2870=DIRECTION('center_axis',(-1.,0.,0.));
#2871=DIRECTION('ref_axis',(0.,1.,0.));
#2872=DIRECTION('center_axis',(4.44089209850063E-16,1.,0.));
#2873=DIRECTION('ref_axis',(-1.,4.44089209850063E-16,0.));
#2874=DIRECTION('center_axis',(1.,0.,0.));
#2875=DIRECTION('ref_axis',(0.,-1.,0.));
#2876=DIRECTION('',(0.,0.,-1.));
#2877=DIRECTION('center_axis',(-1.,-5.5511151231258E-16,0.));
#2878=DIRECTION('ref_axis',(-5.5511151231258E-16,1.,0.));
#2879=DIRECTION('',(0.,0.,-1.));
#2880=DIRECTION('center_axis',(0.,0.,1.));
#2881=DIRECTION('ref_axis',(1.,0.,0.));
#2882=DIRECTION('center_axis',(0.,-1.,0.));
#2883=DIRECTION('ref_axis',(1.,0.,0.));
#2884=DIRECTION('center_axis',(0.,1.,0.));
#2885=DIRECTION('ref_axis',(-1.,0.,0.));
#2886=CARTESIAN_POINT('',(0.,0.,0.));
#2887=CARTESIAN_POINT('Origin',(20.05,2.54999999999999,0.05));
#2888=CARTESIAN_POINT('',(20.,2.54999999999999,0.05));
#2889=CARTESIAN_POINT('',(20.0500000000001,2.49999999999999,0.05));
#2890=CARTESIAN_POINT('Origin',(20.0500000000001,2.54999999999999,0.05));
#2891=CARTESIAN_POINT('',(20.05,2.54999999999999,0.));
#2892=CARTESIAN_POINT('Origin',(20.05,2.54999999999999,0.05));
#2893=CARTESIAN_POINT('Origin',(20.0500000000001,2.54999999999999,0.05));
#2894=CARTESIAN_POINT('Origin',(10.,50.3,0.05));
#2895=CARTESIAN_POINT('',(20.0000000000001,50.25,0.05));
#2896=CARTESIAN_POINT('',(2.69999999999999,50.25,0.05));
#2897=CARTESIAN_POINT('',(10.,50.25,0.05));
#2898=CARTESIAN_POINT('',(2.69999999999999,50.3,0.));
#2899=CARTESIAN_POINT('Origin',(2.69999999999999,50.3,0.05));
#2900=CARTESIAN_POINT('',(20.0500000000001,50.3,0.));
#2901=CARTESIAN_POINT('',(10.,50.3,0.));
#2902=CARTESIAN_POINT('Origin',(20.0500000000001,50.3,0.05));
#2903=CARTESIAN_POINT('Origin',(2.69999999999999,50.3,0.2));
#2904=CARTESIAN_POINT('',(2.49999999999999,50.3,0.2));
#2905=CARTESIAN_POINT('',(2.54999999999999,50.25,0.2));
#2906=CARTESIAN_POINT('Origin',(2.54999999999999,50.3,0.2));
#2907=CARTESIAN_POINT('Origin',(2.69999999999999,50.3,0.2));
#2908=CARTESIAN_POINT('Origin',(2.69999999999999,50.25,0.2));
#2909=CARTESIAN_POINT('Origin',(20.05,-25.125,0.05));
#2910=CARTESIAN_POINT('',(20.05,-25.125,0.));
#2911=CARTESIAN_POINT('',(20.,-25.125,0.05));
#2912=CARTESIAN_POINT('Origin',(20.95,2.54999999999999,0.));
#2913=CARTESIAN_POINT('',(21.,2.54999999999999,2.7));
#2914=CARTESIAN_POINT('',(20.95,2.49999999999999,2.7));
#2915=CARTESIAN_POINT('Origin',(20.95,2.54999999999999,2.7));
#2916=CARTESIAN_POINT('',(20.95,2.49999999999999,0.2));
#2917=CARTESIAN_POINT('',(20.95,2.49999999999999,0.));
#2918=CARTESIAN_POINT('',(21.,2.54999999999999,0.2));
#2919=CARTESIAN_POINT('Origin',(20.95,2.54999999999999,0.2));
#2920=CARTESIAN_POINT('',(21.,2.54999999999999,0.));
#2921=CARTESIAN_POINT('Origin',(20.8,2.54999999999999,0.2));
#2922=CARTESIAN_POINT('',(20.8,2.49999999999999,0.05));
#2923=CARTESIAN_POINT('',(20.8,2.54999999999999,0.));
#2924=CARTESIAN_POINT('Origin',(20.8,2.54999999999999,0.05));
#2925=CARTESIAN_POINT('Origin',(20.8,2.54999999999999,0.2));
#2926=CARTESIAN_POINT('Origin',(20.8,2.49999999999999,0.2));
#2927=CARTESIAN_POINT('Origin',(10.5,2.54999999999999,0.05));
#2928=CARTESIAN_POINT('',(10.5,2.54999999999999,0.));
#2929=CARTESIAN_POINT('',(10.5,2.49999999999999,0.05));
#2930=CARTESIAN_POINT('Origin',(20.0500000000001,2.54999999999999,0.));
#2931=CARTESIAN_POINT('',(20.0500000000001,2.49999999999999,0.2));
#2932=CARTESIAN_POINT('',(20.,2.54999999999999,0.2));
#2933=CARTESIAN_POINT('Origin',(20.0500000000001,2.54999999999999,0.2));
#2934=CARTESIAN_POINT('',(20.,2.54999999999999,0.));
#2935=CARTESIAN_POINT('',(20.0500000000001,2.49999999999999,0.));
#2936=CARTESIAN_POINT('Origin',(2.70000000000003,25.625,0.2));
#2937=CARTESIAN_POINT('',(2.49999999999999,51.25,0.2));
#2938=CARTESIAN_POINT('',(2.50000000000003,25.625,0.2));
#2939=CARTESIAN_POINT('',(2.69999999999999,51.05,0.));
#2940=CARTESIAN_POINT('Origin',(2.69999999999999,51.05,0.2));
#2941=CARTESIAN_POINT('',(2.70000000000003,25.625,0.));
#2942=CARTESIAN_POINT('Origin',(20.0000000000001,50.25,0.));
#2943=CARTESIAN_POINT('',(20.0000000000001,50.25,0.2));
#2944=CARTESIAN_POINT('',(20.0000000000001,50.25,0.));
#2945=CARTESIAN_POINT('',(20.0000000000001,50.25,0.2));
#2946=CARTESIAN_POINT('Origin',(20.,-50.25,0.));
#2947=CARTESIAN_POINT('',(20.,-50.25,0.2));
#2948=CARTESIAN_POINT('Origin',(19.95,1.24999999999999,0.25));
#2949=CARTESIAN_POINT('',(19.95,2.49999999999999,0.2));
#2950=CARTESIAN_POINT('',(20.,2.49999999999999,0.25));
#2951=CARTESIAN_POINT('Origin',(19.95,2.49999999999999,0.25));
#2952=CARTESIAN_POINT('',(20.,-2.50000000000001,0.25));
#2953=CARTESIAN_POINT('',(20.,1.24999999999999,0.25));
#2954=CARTESIAN_POINT('',(19.95,-2.50000000000001,0.2));
#2955=CARTESIAN_POINT('Origin',(19.95,-2.50000000000001,0.25));
#2956=CARTESIAN_POINT('',(19.95,1.24999999999999,0.2));
#2957=CARTESIAN_POINT('Origin',(5.10702591327572E-14,-8.88178419700125E-15,
0.2));
#2958=CARTESIAN_POINT('',(10.5,2.49999999999999,0.2));
#2959=CARTESIAN_POINT('',(20.05,-2.50000000000001,0.2));
#2960=CARTESIAN_POINT('',(10.,-2.50000000000001,0.2));
#2961=CARTESIAN_POINT('',(20.,-2.55000000000001,0.2));
#2962=CARTESIAN_POINT('Origin',(20.05,-2.55000000000001,0.2));
#2963=CARTESIAN_POINT('',(20.,-50.25,0.2));
#2964=CARTESIAN_POINT('',(20.,-50.25,0.2));
#2965=CARTESIAN_POINT('',(2.55000000000001,-50.25,0.2));
#2966=CARTESIAN_POINT('',(-20.,-50.25,0.2));
#2967=CARTESIAN_POINT('',(2.50000000000001,-50.3,0.2));
#2968=CARTESIAN_POINT('Origin',(2.55000000000001,-50.3,0.2));
#2969=CARTESIAN_POINT('',(2.50000000000001,-50.2,0.2));
#2970=CARTESIAN_POINT('',(2.50000000000001,-25.125,0.2));
#2971=CARTESIAN_POINT('',(-2.49999999999999,-50.2,0.2));
#2972=CARTESIAN_POINT('',(-1.24999999999997,-50.2,0.2));
#2973=CARTESIAN_POINT('',(-2.49999999999999,-50.3,0.2));
#2974=CARTESIAN_POINT('',(-2.49999999999999,-25.625,0.2));
#2975=CARTESIAN_POINT('',(-2.54999999999999,-50.25,0.2));
#2976=CARTESIAN_POINT('Origin',(-2.54999999999999,-50.3,0.2));
#2977=CARTESIAN_POINT('',(-20.,-50.25,0.2));
#2978=CARTESIAN_POINT('',(-20.,-50.25,0.2));
#2979=CARTESIAN_POINT('',(-20.,-2.55000000000001,0.2));
#2980=CARTESIAN_POINT('',(-19.9999999999999,50.25,0.2));
#2981=CARTESIAN_POINT('',(-20.0499999999999,-2.50000000000001,0.2));
#2982=CARTESIAN_POINT('Origin',(-20.0499999999999,-2.55000000000001,0.2));
#2983=CARTESIAN_POINT('',(-19.95,-2.50000000000001,0.2));
#2984=CARTESIAN_POINT('',(-10.5,-2.50000000000001,0.2));
#2985=CARTESIAN_POINT('',(-19.95,2.49999999999999,0.2));
#2986=CARTESIAN_POINT('',(-19.95,-1.25000000000001,0.2));
#2987=CARTESIAN_POINT('',(-20.05,2.49999999999999,0.2));
#2988=CARTESIAN_POINT('',(-9.99999999999997,2.49999999999999,0.2));
#2989=CARTESIAN_POINT('',(-20.,2.54999999999999,0.2));
#2990=CARTESIAN_POINT('Origin',(-20.05,2.54999999999999,0.2));
#2991=CARTESIAN_POINT('',(-19.9999999999999,50.25,0.2));
#2992=CARTESIAN_POINT('',(-19.9999999999999,50.25,0.2));
#2993=CARTESIAN_POINT('',(-2.55000000000001,50.25,0.2));
#2994=CARTESIAN_POINT('',(20.0000000000001,50.25,0.2));
#2995=CARTESIAN_POINT('',(-2.50000000000001,50.3,0.2));
#2996=CARTESIAN_POINT('Origin',(-2.55000000000001,50.3,0.2));
#2997=CARTESIAN_POINT('',(-2.50000000000001,50.2,0.2));
#2998=CARTESIAN_POINT('',(-2.5,25.125,0.2));
#2999=CARTESIAN_POINT('',(2.49999999999999,50.2,0.2));
#3000=CARTESIAN_POINT('',(1.24999999999998,50.2,0.2));
#3001=CARTESIAN_POINT('',(2.50000000000003,25.625,0.2));
#3002=CARTESIAN_POINT('Origin',(1.24999999999998,50.2,0.25));
#3003=CARTESIAN_POINT('',(2.49999999999999,50.25,0.25));
#3004=CARTESIAN_POINT('Origin',(2.49999999999999,50.2,0.25));
#3005=CARTESIAN_POINT('',(-2.50000000000001,50.25,0.25));
#3006=CARTESIAN_POINT('Origin',(-2.50000000000001,50.2,0.25));
#3007=CARTESIAN_POINT('',(1.24999999999998,50.25,0.25));
#3008=CARTESIAN_POINT('Origin',(2.49999999999999,50.25,2.7));
#3009=CARTESIAN_POINT('',(-2.50000000000001,50.25,2.7));
#3010=CARTESIAN_POINT('',(-2.50000000000001,50.25,2.7));
#3011=CARTESIAN_POINT('',(-2.49999999999999,50.25,4.4));
#3012=CARTESIAN_POINT('',(-2.49999999999999,50.25,4.4));
#3013=CARTESIAN_POINT('',(2.50000000000001,50.25,4.4));
#3014=CARTESIAN_POINT('',(2.50000000000001,50.25,4.4));
#3015=CARTESIAN_POINT('',(2.49999999999999,50.25,2.7));
#3016=CARTESIAN_POINT('',(2.50000000000001,50.25,4.4));
#3017=CARTESIAN_POINT('',(2.49999999999999,50.25,2.7));
#3018=CARTESIAN_POINT('Origin',(-20.05,2.54999999999999,0.05));
#3019=CARTESIAN_POINT('',(-20.05,2.49999999999999,0.05));
#3020=CARTESIAN_POINT('',(-20.,2.54999999999999,0.05));
#3021=CARTESIAN_POINT('Origin',(-20.05,2.54999999999999,0.05));
#3022=CARTESIAN_POINT('',(-20.05,2.54999999999999,0.));
#3023=CARTESIAN_POINT('Origin',(-20.05,2.54999999999999,0.05));
#3024=CARTESIAN_POINT('Origin',(-20.05,2.54999999999999,0.05));
#3025=CARTESIAN_POINT('Origin',(-10.,2.54999999999999,0.05));
#3026=CARTESIAN_POINT('',(-20.8,2.49999999999999,0.05));
#3027=CARTESIAN_POINT('',(-20.8,2.54999999999999,0.));
#3028=CARTESIAN_POINT('Origin',(-20.8,2.54999999999999,0.05));
#3029=CARTESIAN_POINT('',(-10.,2.54999999999999,0.));
#3030=CARTESIAN_POINT('',(-10.,2.49999999999999,0.05));
#3031=CARTESIAN_POINT('Origin',(-20.8,2.54999999999999,0.2));
#3032=CARTESIAN_POINT('',(-20.95,2.49999999999999,0.2));
#3033=CARTESIAN_POINT('',(-21.,2.54999999999999,0.2));
#3034=CARTESIAN_POINT('Origin',(-20.95,2.54999999999999,0.2));
#3035=CARTESIAN_POINT('Origin',(-20.8,2.54999999999999,0.2));
#3036=CARTESIAN_POINT('Origin',(-20.8,2.49999999999999,0.2));
#3037=CARTESIAN_POINT('Origin',(-20.95,2.54999999999999,0.));
#3038=CARTESIAN_POINT('',(-20.95,2.49999999999999,2.7));
#3039=CARTESIAN_POINT('',(-21.,2.54999999999999,2.7));
#3040=CARTESIAN_POINT('Origin',(-20.95,2.54999999999999,2.7));
#3041=CARTESIAN_POINT('',(-21.,2.54999999999999,0.));
#3042=CARTESIAN_POINT('',(-20.95,2.49999999999999,0.));
#3043=CARTESIAN_POINT('Origin',(-20.0499999999999,25.125,0.05));
#3044=CARTESIAN_POINT('',(-19.9999999999999,50.25,0.05));
#3045=CARTESIAN_POINT('',(-19.9999999999999,25.125,0.05));
#3046=CARTESIAN_POINT('',(-20.0499999999999,50.3,0.));
#3047=CARTESIAN_POINT('',(-20.0499999999999,25.125,0.));
#3048=CARTESIAN_POINT('Origin',(-20.0499999999999,50.3,0.05));
#3049=CARTESIAN_POINT('Origin',(-2.70000000000001,50.3,0.2));
#3050=CARTESIAN_POINT('',(-2.70000000000001,50.25,0.0500000000000001));
#3051=CARTESIAN_POINT('Origin',(-2.70000000000001,50.25,0.2));
#3052=CARTESIAN_POINT('',(-2.70000000000001,50.3,0.));
#3053=CARTESIAN_POINT('Origin',(-2.70000000000001,50.3,0.0500000000000001));
#3054=CARTESIAN_POINT('Origin',(-2.70000000000001,50.3,0.2));
#3055=CARTESIAN_POINT('Origin',(10.,50.3,0.05));
#3056=CARTESIAN_POINT('',(10.,50.3,0.));
#3057=CARTESIAN_POINT('',(10.,50.25,0.05));
#3058=CARTESIAN_POINT('Origin',(-20.05,2.54999999999999,0.));
#3059=CARTESIAN_POINT('',(-20.05,2.49999999999999,0.));
#3060=CARTESIAN_POINT('',(-20.,2.54999999999999,0.));
#3061=CARTESIAN_POINT('Origin',(5.53190711231912E-15,-2.76595355615956E-15,
0.));
#3062=CARTESIAN_POINT('',(-20.8,51.05,0.));
#3063=CARTESIAN_POINT('',(-20.8,25.625,0.));
#3064=CARTESIAN_POINT('',(-2.70000000000001,51.05,0.));
#3065=CARTESIAN_POINT('',(10.5,51.05,0.));
#3066=CARTESIAN_POINT('',(-2.7,25.125,0.));
#3067=CARTESIAN_POINT('Origin',(-20.8,25.625,0.2));
#3068=CARTESIAN_POINT('',(-21.,51.05,0.2));
#3069=CARTESIAN_POINT('',(-21.,25.625,0.2));
#3070=CARTESIAN_POINT('Origin',(-20.8,51.05,0.2));
#3071=CARTESIAN_POINT('Origin',(-21.,51.25,0.));
#3072=CARTESIAN_POINT('',(-21.,51.05,2.7));
#3073=CARTESIAN_POINT('',(-21.,-51.25,2.7));
#3074=CARTESIAN_POINT('',(-21.,51.05,0.));
#3075=CARTESIAN_POINT('Origin',(4.44089209850063E-15,0.,2.7));
#3076=CARTESIAN_POINT('',(21.,51.05,2.7));
#3077=CARTESIAN_POINT('',(21.,51.25,2.7));
#3078=CARTESIAN_POINT('',(20.8,51.25,2.7));
#3079=CARTESIAN_POINT('Origin',(20.8,51.05,2.7));
#3080=CARTESIAN_POINT('',(2.49999999999999,51.25,2.7));
#3081=CARTESIAN_POINT('',(-21.,51.25,2.7));
#3082=CARTESIAN_POINT('',(2.50000000000003,25.625,2.7));
#3083=CARTESIAN_POINT('',(2.50000000000001,49.05,2.7));
#3084=CARTESIAN_POINT('',(2.50000000000001,24.9504406092609,2.7));
#3085=CARTESIAN_POINT('',(-2.49999999999999,49.05,2.7));
#3086=CARTESIAN_POINT('',(1.25000000000001,49.05,2.7));
#3087=CARTESIAN_POINT('',(-2.49999999999999,24.9504406092609,2.7));
#3088=CARTESIAN_POINT('',(-2.50000000000001,51.25,2.7));
#3089=CARTESIAN_POINT('',(-2.5,25.125,2.7));
#3090=CARTESIAN_POINT('',(-20.8,51.25,2.7));
#3091=CARTESIAN_POINT('',(-21.,51.25,2.7));
#3092=CARTESIAN_POINT('Origin',(-20.8,51.05,2.7));
#3093=CARTESIAN_POINT('',(-20.,2.49999999999999,2.7));
#3094=CARTESIAN_POINT('',(-10.,2.49999999999999,2.7));
#3095=CARTESIAN_POINT('',(-18.8,2.49999999999999,2.7));
#3096=CARTESIAN_POINT('',(-9.82544060926087,2.49999999999999,2.7));
#3097=CARTESIAN_POINT('',(-18.8,-2.50000000000001,2.7));
#3098=CARTESIAN_POINT('',(-18.8,-1.25,2.7));
#3099=CARTESIAN_POINT('',(-20.,-2.50000000000001,2.7));
#3100=CARTESIAN_POINT('',(-9.82544060926087,-2.50000000000001,2.7));
#3101=CARTESIAN_POINT('',(-20.95,-2.50000000000001,2.7));
#3102=CARTESIAN_POINT('',(-10.5,-2.50000000000001,2.7));
#3103=CARTESIAN_POINT('',(-21.,-2.55000000000001,2.7));
#3104=CARTESIAN_POINT('Origin',(-20.95,-2.55000000000001,2.7));
#3105=CARTESIAN_POINT('',(-21.,-51.05,2.7));
#3106=CARTESIAN_POINT('',(-21.,-51.25,2.7));
#3107=CARTESIAN_POINT('',(-20.8,-51.25,2.7));
#3108=CARTESIAN_POINT('Origin',(-20.8,-51.05,2.7));
#3109=CARTESIAN_POINT('',(-2.49999999999999,-51.25,2.7));
#3110=CARTESIAN_POINT('',(21.,-51.25,2.7));
#3111=CARTESIAN_POINT('',(-2.49999999999999,-50.25,2.7));
#3112=CARTESIAN_POINT('',(-2.49999999999999,-25.625,2.7));
#3113=CARTESIAN_POINT('',(-2.49999999999999,-49.05,2.7));
#3114=CARTESIAN_POINT('',(-2.49999999999999,-24.9504406092609,2.7));
#3115=CARTESIAN_POINT('',(2.50000000000001,-49.05,2.7));
#3116=CARTESIAN_POINT('',(1.25000000000001,-49.05,2.7));
#3117=CARTESIAN_POINT('',(2.50000000000001,-50.25,2.7));
#3118=CARTESIAN_POINT('',(2.50000000000001,-24.9504406092609,2.7));
#3119=CARTESIAN_POINT('',(2.50000000000001,-51.25,2.7));
#3120=CARTESIAN_POINT('',(2.50000000000001,-25.125,2.7));
#3121=CARTESIAN_POINT('',(20.8,-51.25,2.7));
#3122=CARTESIAN_POINT('',(21.,-51.25,2.7));
#3123=CARTESIAN_POINT('',(21.,-51.05,2.7));
#3124=CARTESIAN_POINT('Origin',(20.8,-51.05,2.7));
#3125=CARTESIAN_POINT('',(21.,-2.55000000000001,2.7));
#3126=CARTESIAN_POINT('',(21.,51.25,2.7));
#3127=CARTESIAN_POINT('',(20.95,-2.50000000000001,2.7));
#3128=CARTESIAN_POINT('Origin',(20.95,-2.55000000000001,2.7));
#3129=CARTESIAN_POINT('',(20.,-2.50000000000001,2.7));
#3130=CARTESIAN_POINT('',(10.,-2.50000000000001,2.7));
#3131=CARTESIAN_POINT('',(18.8,-2.50000000000001,2.7));
#3132=CARTESIAN_POINT('',(9.82544060926088,-2.50000000000001,2.7));
#3133=CARTESIAN_POINT('',(18.8,2.49999999999999,2.7));
#3134=CARTESIAN_POINT('',(18.8,-1.25,2.7));
#3135=CARTESIAN_POINT('',(20.,2.49999999999999,2.7));
#3136=CARTESIAN_POINT('',(9.82544060926088,2.49999999999999,2.7));
#3137=CARTESIAN_POINT('',(10.5,2.49999999999999,2.7));
#3138=CARTESIAN_POINT('Origin',(-20.,2.49999999999999,0.));
#3139=CARTESIAN_POINT('',(-20.,2.49999999999999,0.25));
#3140=CARTESIAN_POINT('Origin',(-19.95,2.49999999999999,0.25));
#3141=CARTESIAN_POINT('',(-20.,2.49999999999999,0.));
#3142=CARTESIAN_POINT('Origin',(-20.05,-2.55000000000001,0.05));
#3143=CARTESIAN_POINT('',(-20.,-2.55000000000001,0.05));
#3144=CARTESIAN_POINT('',(-20.0499999999999,-2.50000000000001,0.05));
#3145=CARTESIAN_POINT('Origin',(-20.0499999999999,-2.55000000000001,0.05));
#3146=CARTESIAN_POINT('',(-20.05,-2.55000000000001,0.));
#3147=CARTESIAN_POINT('Origin',(-20.05,-2.55000000000001,0.05));
#3148=CARTESIAN_POINT('Origin',(-20.0499999999999,-2.55000000000001,0.05));
#3149=CARTESIAN_POINT('Origin',(-20.0499999999999,25.125,0.05));
#3150=CARTESIAN_POINT('',(-20.05,-50.3,0.));
#3151=CARTESIAN_POINT('',(-20.0499999999999,25.125,0.));
#3152=CARTESIAN_POINT('',(-20.,-50.25,0.05));
#3153=CARTESIAN_POINT('',(-19.9999999999999,25.125,0.05));
#3154=CARTESIAN_POINT('Origin',(-20.05,-50.3,0.05));
#3155=CARTESIAN_POINT('Origin',(-9.99999999999999,-50.3,0.05));
#3156=CARTESIAN_POINT('',(-2.69999999999999,-50.25,0.05));
#3157=CARTESIAN_POINT('',(-9.99999999999999,-50.25,0.05));
#3158=CARTESIAN_POINT('',(-2.69999999999999,-50.3,0.));
#3159=CARTESIAN_POINT('Origin',(-2.69999999999999,-50.3,0.05));
#3160=CARTESIAN_POINT('',(-9.99999999999999,-50.3,0.));
#3161=CARTESIAN_POINT('Origin',(-2.69999999999999,-50.3,0.2));
#3162=CARTESIAN_POINT('Origin',(-2.69999999999999,-50.3,0.2));
#3163=CARTESIAN_POINT('Origin',(-2.69999999999999,-50.25,0.2));
#3164=CARTESIAN_POINT('Origin',(-20.95,-2.55000000000001,0.));
#3165=CARTESIAN_POINT('',(-20.95,-2.50000000000001,0.2));
#3166=CARTESIAN_POINT('',(-20.95,-2.50000000000001,0.));
#3167=CARTESIAN_POINT('',(-21.,-2.55000000000001,0.2));
#3168=CARTESIAN_POINT('Origin',(-20.95,-2.55000000000001,0.2));
#3169=CARTESIAN_POINT('',(-21.,-2.55000000000001,0.));
#3170=CARTESIAN_POINT('Origin',(-20.8,-2.55000000000001,0.2));
#3171=CARTESIAN_POINT('',(-20.8,-2.50000000000001,0.05));
#3172=CARTESIAN_POINT('',(-20.8,-2.55000000000001,0.));
#3173=CARTESIAN_POINT('Origin',(-20.8,-2.55000000000001,0.05));
#3174=CARTESIAN_POINT('Origin',(-20.8,-2.55000000000001,0.2));
#3175=CARTESIAN_POINT('Origin',(-20.8,-2.50000000000001,0.2));
#3176=CARTESIAN_POINT('Origin',(-10.5,-2.55000000000001,0.05));
#3177=CARTESIAN_POINT('',(-10.5,-2.55000000000001,0.));
#3178=CARTESIAN_POINT('',(-10.5,-2.50000000000001,0.05));
#3179=CARTESIAN_POINT('Origin',(-20.0499999999999,-2.55000000000001,0.));
#3180=CARTESIAN_POINT('',(-20.,-2.55000000000001,0.));
#3181=CARTESIAN_POINT('',(-20.0499999999999,-2.50000000000001,0.));
#3182=CARTESIAN_POINT('Origin',(-2.69999999999999,-25.625,0.2));
#3183=CARTESIAN_POINT('',(-2.49999999999999,-51.25,0.2));
#3184=CARTESIAN_POINT('',(-2.49999999999999,-25.625,0.2));
#3185=CARTESIAN_POINT('',(-2.69999999999999,-51.05,0.));
#3186=CARTESIAN_POINT('Origin',(-2.69999999999999,-51.05,0.2));
#3187=CARTESIAN_POINT('',(-2.69999999999999,-25.625,0.));
#3188=CARTESIAN_POINT('Origin',(-20.,-50.25,0.));
#3189=CARTESIAN_POINT('',(-20.,-50.25,0.));
#3190=CARTESIAN_POINT('Origin',(-19.9999999999999,50.25,0.));
#3191=CARTESIAN_POINT('Origin',(-19.95,-1.25000000000001,0.25));
#3192=CARTESIAN_POINT('',(-20.,-2.50000000000001,0.25));
#3193=CARTESIAN_POINT('Origin',(-19.95,-2.50000000000001,0.25));
#3194=CARTESIAN_POINT('',(-20.,-1.25000000000001,0.25));
#3195=CARTESIAN_POINT('Origin',(-1.24999999999997,-50.2,0.25));
#3196=CARTESIAN_POINT('',(-2.49999999999999,-50.25,0.25));
#3197=CARTESIAN_POINT('Origin',(-2.49999999999999,-50.2,0.25));
#3198=CARTESIAN_POINT('',(2.50000000000001,-50.25,0.25));
#3199=CARTESIAN_POINT('Origin',(2.50000000000001,-50.2,0.25));
#3200=CARTESIAN_POINT('',(-1.24999999999997,-50.25,0.25));
#3201=CARTESIAN_POINT('Origin',(-2.49999999999999,-50.25,2.7));
#3202=CARTESIAN_POINT('',(2.50000000000001,-50.25,2.7));
#3203=CARTESIAN_POINT('',(2.50000000000001,-50.25,4.4));
#3204=CARTESIAN_POINT('',(2.50000000000001,-50.25,4.4));
#3205=CARTESIAN_POINT('',(-2.49999999999999,-50.25,4.4));
#3206=CARTESIAN_POINT('',(2.50000000000001,-50.25,4.4));
#3207=CARTESIAN_POINT('',(-2.49999999999999,-50.25,4.4));
#3208=CARTESIAN_POINT('',(-2.49999999999999,-50.25,2.7));
#3209=CARTESIAN_POINT('Origin',(20.05,-2.55000000000001,0.05));
#3210=CARTESIAN_POINT('',(20.,-2.55000000000001,0.05));
#3211=CARTESIAN_POINT('',(20.05,-2.55000000000001,0.));
#3212=CARTESIAN_POINT('Origin',(20.05,-2.55000000000001,0.05));
#3213=CARTESIAN_POINT('',(20.05,-2.50000000000001,0.05));
#3214=CARTESIAN_POINT('Origin',(20.05,-2.55000000000001,0.05));
#3215=CARTESIAN_POINT('Origin',(20.05,-2.55000000000001,0.05));
#3216=CARTESIAN_POINT('Origin',(20.05,-2.55000000000001,0.));
#3217=CARTESIAN_POINT('',(20.05,-2.50000000000001,0.));
#3218=CARTESIAN_POINT('',(20.,-2.55000000000001,0.));
#3219=CARTESIAN_POINT('Origin',(10.,-2.55000000000001,0.05));
#3220=CARTESIAN_POINT('',(20.8,-2.50000000000001,0.05));
#3221=CARTESIAN_POINT('',(20.8,-2.55000000000001,0.));
#3222=CARTESIAN_POINT('Origin',(20.8,-2.55000000000001,0.05));
#3223=CARTESIAN_POINT('',(10.,-2.55000000000001,0.));
#3224=CARTESIAN_POINT('',(10.,-2.50000000000001,0.05));
#3225=CARTESIAN_POINT('Origin',(20.8,-2.55000000000001,0.2));
#3226=CARTESIAN_POINT('',(20.95,-2.50000000000001,0.2));
#3227=CARTESIAN_POINT('',(21.,-2.55000000000001,0.2));
#3228=CARTESIAN_POINT('Origin',(20.95,-2.55000000000001,0.2));
#3229=CARTESIAN_POINT('Origin',(20.8,-2.55000000000001,0.2));
#3230=CARTESIAN_POINT('Origin',(20.8,-2.50000000000001,0.2));
#3231=CARTESIAN_POINT('Origin',(20.95,-2.55000000000001,0.));
#3232=CARTESIAN_POINT('',(21.,-2.55000000000001,0.));
#3233=CARTESIAN_POINT('',(20.95,-2.50000000000001,0.));
#3234=CARTESIAN_POINT('Origin',(20.05,-25.125,0.05));
#3235=CARTESIAN_POINT('',(20.,-50.25,0.05));
#3236=CARTESIAN_POINT('',(20.,-25.125,0.05));
#3237=CARTESIAN_POINT('',(20.05,-50.3,0.));
#3238=CARTESIAN_POINT('',(20.05,-25.125,0.));
#3239=CARTESIAN_POINT('Origin',(20.05,-50.3,0.05));
#3240=CARTESIAN_POINT('Origin',(2.70000000000001,-50.3,0.2));
#3241=CARTESIAN_POINT('',(2.70000000000001,-50.25,0.0500000000000002));
#3242=CARTESIAN_POINT('Origin',(2.70000000000001,-50.25,0.2));
#3243=CARTESIAN_POINT('',(2.70000000000001,-50.3,0.));
#3244=CARTESIAN_POINT('Origin',(2.70000000000001,-50.3,0.0500000000000002));
#3245=CARTESIAN_POINT('Origin',(2.70000000000001,-50.3,0.2));
#3246=CARTESIAN_POINT('Origin',(-9.99999999999999,-50.3,0.05));
#3247=CARTESIAN_POINT('',(-9.99999999999999,-50.3,0.));
#3248=CARTESIAN_POINT('',(-9.99999999999999,-50.25,0.05));
#3249=CARTESIAN_POINT('Origin',(20.,-2.50000000000001,0.));
#3250=CARTESIAN_POINT('',(20.,-2.50000000000001,0.));
#3251=CARTESIAN_POINT('Origin',(20.,-50.25,0.));
#3252=CARTESIAN_POINT('',(20.,-50.25,0.));
#3253=CARTESIAN_POINT('Origin',(-20.,-50.25,0.));
#3254=CARTESIAN_POINT('Origin',(20.25,-2.50000000000001,5.5));
#3255=CARTESIAN_POINT('',(20.25,-2.50000000000001,5.5));
#3256=CARTESIAN_POINT('',(18.8,-2.50000000000001,5.5));
#3257=CARTESIAN_POINT('',(20.25,-2.50000000000001,5.5));
#3258=CARTESIAN_POINT('',(20.25,2.49999999999999,5.5));
#3259=CARTESIAN_POINT('',(20.25,-2.50000000000001,5.5));
#3260=CARTESIAN_POINT('',(18.8,2.49999999999999,5.5));
#3261=CARTESIAN_POINT('',(20.25,2.49999999999999,5.5));
#3262=CARTESIAN_POINT('',(18.8,-2.50000000000001,5.5));
#3263=CARTESIAN_POINT('Origin',(20.25,-2.50000000000001,4.75));
#3264=CARTESIAN_POINT('',(21.,-2.50000000000001,4.75));
#3265=CARTESIAN_POINT('Origin',(20.25,-2.50000000000001,4.75));
#3266=CARTESIAN_POINT('',(21.,2.49999999999999,4.75));
#3267=CARTESIAN_POINT('',(21.,-2.50000000000001,4.75));
#3268=CARTESIAN_POINT('Origin',(20.25,2.49999999999999,4.75));
#3269=CARTESIAN_POINT('Origin',(21.,-2.50000000000001,4.4));
#3270=CARTESIAN_POINT('',(21.,-2.50000000000001,4.4));
#3271=CARTESIAN_POINT('',(21.,-2.50000000000001,4.4));
#3272=CARTESIAN_POINT('',(21.,2.49999999999999,4.4));
#3273=CARTESIAN_POINT('',(21.,-2.50000000000001,4.4));
#3274=CARTESIAN_POINT('',(21.,2.49999999999999,4.4));
#3275=CARTESIAN_POINT('Origin',(20.,-2.50000000000001,4.4));
#3276=CARTESIAN_POINT('',(20.,-2.50000000000001,4.4));
#3277=CARTESIAN_POINT('',(20.,-2.50000000000001,4.4));
#3278=CARTESIAN_POINT('',(20.,2.49999999999999,4.4));
#3279=CARTESIAN_POINT('',(20.,-2.50000000000001,4.4));
#3280=CARTESIAN_POINT('',(20.,2.49999999999999,4.4));
#3281=CARTESIAN_POINT('Origin',(18.8,-2.50000000000001,5.5));
#3282=CARTESIAN_POINT('',(18.8,-2.50000000000001,5.5));
#3283=CARTESIAN_POINT('',(18.8,2.49999999999999,5.5));
#3284=CARTESIAN_POINT('Origin',(19.6508812185218,2.49999999999999,4.19350890445984));
#3285=CARTESIAN_POINT('',(20.,2.49999999999999,2.7));
#3286=CARTESIAN_POINT('Origin',(19.6508812185218,-2.50000000000001,4.19350890445984));
#3287=CARTESIAN_POINT('',(20.,-2.50000000000001,2.7));
#3288=CARTESIAN_POINT('Origin',(-20.25,-2.50000000000001,5.5));
#3289=CARTESIAN_POINT('',(-20.25,-2.50000000000001,5.5));
#3290=CARTESIAN_POINT('',(-18.8,-2.50000000000001,5.5));
#3291=CARTESIAN_POINT('',(-20.25,-2.50000000000001,5.5));
#3292=CARTESIAN_POINT('',(-18.8,2.49999999999999,5.5));
#3293=CARTESIAN_POINT('',(-18.8,-2.50000000000001,5.5));
#3294=CARTESIAN_POINT('',(-20.25,2.49999999999999,5.5));
#3295=CARTESIAN_POINT('',(-20.25,2.49999999999999,5.5));
#3296=CARTESIAN_POINT('',(-20.25,-2.50000000000001,5.5));
#3297=CARTESIAN_POINT('Origin',(-20.25,-2.50000000000001,4.75));
#3298=CARTESIAN_POINT('',(-21.,-2.50000000000001,4.75));
#3299=CARTESIAN_POINT('Origin',(-20.25,-2.50000000000001,4.75));
#3300=CARTESIAN_POINT('',(-21.,2.49999999999999,4.75));
#3301=CARTESIAN_POINT('Origin',(-20.25,2.49999999999999,4.75));
#3302=CARTESIAN_POINT('',(-21.,-2.50000000000001,4.75));
#3303=CARTESIAN_POINT('Origin',(-21.,-2.50000000000001,4.4));
#3304=CARTESIAN_POINT('',(-21.,-2.50000000000001,4.4));
#3305=CARTESIAN_POINT('',(-21.,-2.50000000000001,4.4));
#3306=CARTESIAN_POINT('',(-21.,2.49999999999999,4.4));
#3307=CARTESIAN_POINT('',(-21.,2.49999999999999,4.4));
#3308=CARTESIAN_POINT('',(-21.,-2.50000000000001,4.4));
#3309=CARTESIAN_POINT('Origin',(-20.,-2.50000000000001,4.4));
#3310=CARTESIAN_POINT('',(-20.,-2.50000000000001,4.4));
#3311=CARTESIAN_POINT('',(-20.,-2.50000000000001,4.4));
#3312=CARTESIAN_POINT('',(-20.,2.49999999999999,4.4));
#3313=CARTESIAN_POINT('',(-20.,2.49999999999999,4.4));
#3314=CARTESIAN_POINT('',(-20.,-2.50000000000001,4.4));
#3315=CARTESIAN_POINT('Origin',(-18.8,-2.50000000000001,5.5));
#3316=CARTESIAN_POINT('',(-18.8,-2.50000000000001,5.5));
#3317=CARTESIAN_POINT('',(-18.8,2.49999999999999,5.5));
#3318=CARTESIAN_POINT('Origin',(-19.6508812185218,2.49999999999999,4.19350890445984));
#3319=CARTESIAN_POINT('',(-20.,2.49999999999999,2.7));
#3320=CARTESIAN_POINT('Origin',(-19.6508812185218,-2.50000000000001,4.19350890445984));
#3321=CARTESIAN_POINT('',(-20.,-2.50000000000001,2.7));
#3322=CARTESIAN_POINT('Origin',(-20.,-2.50000000000001,0.));
#3323=CARTESIAN_POINT('',(-20.,-2.50000000000001,0.));
#3324=CARTESIAN_POINT('Origin',(-21.,-2.50000000000001,0.));
#3325=CARTESIAN_POINT('Origin',(21.,2.49999999999999,0.));
#3326=CARTESIAN_POINT('',(20.,2.49999999999999,0.));
#3327=CARTESIAN_POINT('Origin',(20.,2.49999999999999,0.));
#3328=CARTESIAN_POINT('Origin',(-19.9999999999999,50.25,0.));
#3329=CARTESIAN_POINT('',(-19.9999999999999,50.25,0.));
#3330=CARTESIAN_POINT('Origin',(5.53190711231912E-15,-2.76595355615956E-15,
0.));
#3331=CARTESIAN_POINT('',(-20.8,-51.05,0.));
#3332=CARTESIAN_POINT('',(-10.5,-51.05,0.));
#3333=CARTESIAN_POINT('',(-20.8,25.625,0.));
#3334=CARTESIAN_POINT('Origin',(-21.,51.25,0.));
#3335=CARTESIAN_POINT('',(-21.,-51.05,0.2));
#3336=CARTESIAN_POINT('',(-21.,25.625,0.2));
#3337=CARTESIAN_POINT('',(-21.,-51.05,0.));
#3338=CARTESIAN_POINT('Origin',(-20.8,25.625,0.2));
#3339=CARTESIAN_POINT('Origin',(-20.8,-51.05,0.2));
#3340=CARTESIAN_POINT('Origin',(21.,-51.25,0.));
#3341=CARTESIAN_POINT('',(21.,51.05,0.2));
#3342=CARTESIAN_POINT('',(21.,-25.625,0.2));
#3343=CARTESIAN_POINT('',(21.,51.05,0.));
#3344=CARTESIAN_POINT('Origin',(20.8,-25.625,0.2));
#3345=CARTESIAN_POINT('',(20.8,51.05,0.));
#3346=CARTESIAN_POINT('',(20.8,-25.625,0.));
#3347=CARTESIAN_POINT('Origin',(20.8,51.05,0.2));
#3348=CARTESIAN_POINT('Origin',(5.53190711231912E-15,-2.76595355615956E-15,
0.));
#3349=CARTESIAN_POINT('',(10.5,51.05,0.));
#3350=CARTESIAN_POINT('Origin',(2.50000000000001,49.05,5.5));
#3351=CARTESIAN_POINT('',(2.50000000000001,49.05,5.5));
#3352=CARTESIAN_POINT('',(2.50000000000001,49.05,2.7));
#3353=CARTESIAN_POINT('',(-2.49999999999999,49.05,5.5));
#3354=CARTESIAN_POINT('',(2.50000000000001,49.05,5.5));
#3355=CARTESIAN_POINT('',(-2.49999999999999,49.05,2.7));
#3356=CARTESIAN_POINT('Origin',(2.50000000000001,50.5,5.5));
#3357=CARTESIAN_POINT('',(2.50000000000001,50.5,5.5));
#3358=CARTESIAN_POINT('',(2.50000000000001,49.05,5.5));
#3359=CARTESIAN_POINT('',(-2.49999999999999,50.5,5.5));
#3360=CARTESIAN_POINT('',(2.50000000000001,50.5,5.5));
#3361=CARTESIAN_POINT('',(-2.49999999999999,49.05,5.5));
#3362=CARTESIAN_POINT('Origin',(2.50000000000001,50.5,4.75));
#3363=CARTESIAN_POINT('',(2.50000000000001,51.25,4.75));
#3364=CARTESIAN_POINT('Origin',(2.50000000000001,50.5,4.75));
#3365=CARTESIAN_POINT('',(-2.49999999999999,51.25,4.75));
#3366=CARTESIAN_POINT('',(2.50000000000001,51.25,4.75));
#3367=CARTESIAN_POINT('Origin',(-2.49999999999999,50.5,4.75));
#3368=CARTESIAN_POINT('Origin',(2.50000000000001,51.25,4.4));
#3369=CARTESIAN_POINT('',(2.50000000000001,51.25,4.4));
#3370=CARTESIAN_POINT('',(2.50000000000001,51.25,4.75));
#3371=CARTESIAN_POINT('',(-2.49999999999999,51.25,4.4));
#3372=CARTESIAN_POINT('',(2.50000000000001,51.25,4.4));
#3373=CARTESIAN_POINT('',(-2.49999999999999,51.25,4.75));
#3374=CARTESIAN_POINT('Origin',(2.50000000000001,50.25,4.4));
#3375=CARTESIAN_POINT('',(2.50000000000001,51.25,4.4));
#3376=CARTESIAN_POINT('',(-2.49999999999999,51.25,4.4));
#3377=CARTESIAN_POINT('Origin',(2.50000000000001,49.9008812185218,4.19350890445984));
#3378=CARTESIAN_POINT('Origin',(-2.49999999999999,49.9008812185218,4.19350890445984));
#3379=CARTESIAN_POINT('Origin',(2.50000000000001,-49.05,5.5));
#3380=CARTESIAN_POINT('',(2.50000000000001,-49.05,5.5));
#3381=CARTESIAN_POINT('',(2.50000000000001,-49.05,2.7));
#3382=CARTESIAN_POINT('',(-2.49999999999999,-49.05,5.5));
#3383=CARTESIAN_POINT('',(-2.49999999999999,-49.05,2.7));
#3384=CARTESIAN_POINT('',(2.50000000000001,-49.05,5.5));
#3385=CARTESIAN_POINT('Origin',(2.50000000000001,-50.5,5.5));
#3386=CARTESIAN_POINT('',(2.50000000000001,-50.5,5.5));
#3387=CARTESIAN_POINT('',(2.50000000000001,-49.05,5.5));
#3388=CARTESIAN_POINT('',(-2.49999999999999,-50.5,5.5));
#3389=CARTESIAN_POINT('',(-2.49999999999999,-49.05,5.5));
#3390=CARTESIAN_POINT('',(2.50000000000001,-50.5,5.5));
#3391=CARTESIAN_POINT('Origin',(2.50000000000001,-50.5,4.75));
#3392=CARTESIAN_POINT('',(2.50000000000001,-51.25,4.75));
#3393=CARTESIAN_POINT('Origin',(2.50000000000001,-50.5,4.75));
#3394=CARTESIAN_POINT('',(-2.49999999999999,-51.25,4.75));
#3395=CARTESIAN_POINT('Origin',(-2.49999999999999,-50.5,4.75));
#3396=CARTESIAN_POINT('',(2.50000000000001,-51.25,4.75));
#3397=CARTESIAN_POINT('Origin',(2.50000000000001,-51.25,4.4));
#3398=CARTESIAN_POINT('',(2.50000000000001,-51.25,4.4));
#3399=CARTESIAN_POINT('',(2.50000000000001,-51.25,4.75));
#3400=CARTESIAN_POINT('',(-2.49999999999999,-51.25,4.4));
#3401=CARTESIAN_POINT('',(-2.49999999999999,-51.25,4.75));
#3402=CARTESIAN_POINT('',(2.50000000000001,-51.25,4.4));
#3403=CARTESIAN_POINT('Origin',(2.50000000000001,-50.25,4.4));
#3404=CARTESIAN_POINT('',(2.50000000000001,-51.25,4.4));
#3405=CARTESIAN_POINT('',(-2.49999999999999,-51.25,4.4));
#3406=CARTESIAN_POINT('Origin',(2.50000000000001,-49.9008812185218,4.19350890445984));
#3407=CARTESIAN_POINT('Origin',(-2.49999999999999,-49.9008812185218,4.19350890445984));
#3408=CARTESIAN_POINT('Origin',(20.8,51.05,0.2));
#3409=CARTESIAN_POINT('',(20.8,51.25,0.2));
#3410=CARTESIAN_POINT('Origin',(20.8,51.05,0.2));
#3411=CARTESIAN_POINT('Origin',(20.8,51.05,0.2));
#3412=CARTESIAN_POINT('Origin',(10.5,51.05,0.2));
#3413=CARTESIAN_POINT('',(10.5,51.25,0.2));
#3414=CARTESIAN_POINT('Origin',(20.8,51.05,0.));
#3415=CARTESIAN_POINT('',(20.8,51.25,0.));
#3416=CARTESIAN_POINT('Origin',(2.70000000000001,-25.125,0.2));
#3417=CARTESIAN_POINT('',(2.70000000000001,-51.05,0.));
#3418=CARTESIAN_POINT('',(2.70000000000001,-25.125,0.));
#3419=CARTESIAN_POINT('',(2.50000000000001,-51.25,0.2));
#3420=CARTESIAN_POINT('Origin',(2.70000000000001,-51.05,0.2));
#3421=CARTESIAN_POINT('',(2.50000000000001,-25.125,0.2));
#3422=CARTESIAN_POINT('Origin',(20.8,-51.05,0.2));
#3423=CARTESIAN_POINT('',(20.8,-51.05,0.));
#3424=CARTESIAN_POINT('',(20.8,-51.25,0.2));
#3425=CARTESIAN_POINT('Origin',(20.8,-51.05,0.2));
#3426=CARTESIAN_POINT('',(21.,-51.05,0.2));
#3427=CARTESIAN_POINT('Origin',(20.8,-51.05,0.2));
#3428=CARTESIAN_POINT('Origin',(20.8,-51.05,0.2));
#3429=CARTESIAN_POINT('Origin',(20.8,-25.625,0.2));
#3430=CARTESIAN_POINT('',(21.,-25.625,0.2));
#3431=CARTESIAN_POINT('',(20.8,-25.625,0.));
#3432=CARTESIAN_POINT('Origin',(20.8,-51.05,0.));
#3433=CARTESIAN_POINT('',(20.8,-51.25,0.));
#3434=CARTESIAN_POINT('',(21.,-51.05,0.));
#3435=CARTESIAN_POINT('Origin',(-10.5,-51.05,0.2));
#3436=CARTESIAN_POINT('',(-10.5,-51.05,0.));
#3437=CARTESIAN_POINT('',(-10.5,-51.25,0.2));
#3438=CARTESIAN_POINT('Origin',(21.,-51.25,0.));
#3439=CARTESIAN_POINT('Origin',(21.,51.25,0.));
#3440=CARTESIAN_POINT('',(2.49999999999999,51.25,1.35));
#3441=CARTESIAN_POINT('Origin',(2.49999999999999,51.25,2.7));
#3442=CARTESIAN_POINT('Origin',(-2.7,25.125,0.2));
#3443=CARTESIAN_POINT('',(-2.50000000000001,51.25,0.2));
#3444=CARTESIAN_POINT('Origin',(-2.70000000000001,51.05,0.2));
#3445=CARTESIAN_POINT('',(-2.5,25.125,0.2));
#3446=CARTESIAN_POINT('Origin',(-20.8,51.05,0.2));
#3447=CARTESIAN_POINT('',(-20.8,51.25,0.2));
#3448=CARTESIAN_POINT('Origin',(-20.8,51.05,0.2));
#3449=CARTESIAN_POINT('Origin',(-20.8,51.05,0.2));
#3450=CARTESIAN_POINT('Origin',(10.5,51.05,0.2));
#3451=CARTESIAN_POINT('',(10.5,51.25,0.2));
#3452=CARTESIAN_POINT('Origin',(-20.8,-51.05,0.2));
#3453=CARTESIAN_POINT('',(-20.8,-51.25,0.2));
#3454=CARTESIAN_POINT('Origin',(-20.8,-51.05,0.2));
#3455=CARTESIAN_POINT('Origin',(-20.8,-51.05,0.2));
#3456=CARTESIAN_POINT('Origin',(-10.5,-51.05,0.2));
#3457=CARTESIAN_POINT('',(-10.5,-51.25,0.2));
#3458=CARTESIAN_POINT('Origin',(-20.8,-51.05,0.));
#3459=CARTESIAN_POINT('',(-20.8,-51.25,0.));
#3460=CARTESIAN_POINT('Origin',(-20.8,51.05,0.));
#3461=CARTESIAN_POINT('',(-20.8,51.25,0.));
#3462=CARTESIAN_POINT('Origin',(-21.,-51.25,0.));
#3463=CARTESIAN_POINT('',(-2.49999999999999,-51.25,1.35));
#3464=CARTESIAN_POINT('Origin',(-2.49999999999999,-51.25,2.7));
#3465=CARTESIAN_POINT('Origin',(20.0000000000001,50.25,0.));
#3466=CARTESIAN_POINT('Origin',(2.50000000000001,-50.25,2.7));
#3467=CARTESIAN_POINT('',(2.50000000000001,-51.25,1.35));
#3468=CARTESIAN_POINT('Origin',(-2.50000000000001,50.25,2.7));
#3469=CARTESIAN_POINT('',(-2.50000000000001,51.25,1.35));
#3470=CARTESIAN_POINT('Origin',(5.53190711231912E-15,-2.76595355615956E-15,
0.));
#3471=CARTESIAN_POINT('Origin',(-21.,-51.25,0.));
#3472=CARTESIAN_POINT('Origin',(21.,51.25,0.));
#3473=UNCERTAINTY_MEASURE_WITH_UNIT(LENGTH_MEASURE(0.01),#3477,
'DISTANCE_ACCURACY_VALUE',
'Maximum model space distance between geometric entities at asserted c
onnectivities');
#3474=UNCERTAINTY_MEASURE_WITH_UNIT(LENGTH_MEASURE(0.01),#3477,
'DISTANCE_ACCURACY_VALUE',
'Maximum model space distance between geometric entities at asserted c
onnectivities');
#3475=(
GEOMETRIC_REPRESENTATION_CONTEXT(3)
GLOBAL_UNCERTAINTY_ASSIGNED_CONTEXT((#3473))
GLOBAL_UNIT_ASSIGNED_CONTEXT((#3477,#3479,#3480))
REPRESENTATION_CONTEXT('','3D')
);
#3476=(
GEOMETRIC_REPRESENTATION_CONTEXT(3)
GLOBAL_UNCERTAINTY_ASSIGNED_CONTEXT((#3474))
GLOBAL_UNIT_ASSIGNED_CONTEXT((#3477,#3479,#3480))
REPRESENTATION_CONTEXT('','3D')
);
#3477=(
LENGTH_UNIT()
NAMED_UNIT(*)
SI_UNIT(.MILLI.,.METRE.)
);
#3478=(
LENGTH_UNIT()
NAMED_UNIT(*)
SI_UNIT(.CENTI.,.METRE.)
);
#3479=(
NAMED_UNIT(*)
PLANE_ANGLE_UNIT()
SI_UNIT($,.RADIAN.)
);
#3480=(
NAMED_UNIT(*)
SI_UNIT($,.STERADIAN.)
SOLID_ANGLE_UNIT()
);
#3481=SHAPE_DEFINITION_REPRESENTATION(#3482,#3483);
#3482=PRODUCT_DEFINITION_SHAPE('',$,#3485);
#3483=SHAPE_REPRESENTATION('',(#2053),#3475);
#3484=PRODUCT_DEFINITION_CONTEXT('part definition',#3489,'design');
#3485=PRODUCT_DEFINITION('D2MG \X2\043A0440044B0448043A0430\X0\',
'D6MG \X2\043A0440044B0448043A0430\X0\',#3486,#3484);
#3486=PRODUCT_DEFINITION_FORMATION('',$,#3491);
#3487=PRODUCT_RELATED_PRODUCT_CATEGORY('D6MG \X2\043A0440044B0448043A0430\X0\',
'D6MG \X2\043A0440044B0448043A0430\X0\',(#3491));
#3488=APPLICATION_PROTOCOL_DEFINITION('international standard',
'automotive_design',2009,#3489);
#3489=APPLICATION_CONTEXT(
'Core Data for Automotive Mechanical Design Process');
#3490=PRODUCT_CONTEXT('part definition',#3489,'mechanical');
#3491=PRODUCT('D2MG \X2\043A0440044B0448043A0430\X0\',
'D6MG \X2\043A0440044B0448043A0430\X0\',$,(#3490));
#3492=PRESENTATION_STYLE_ASSIGNMENT((#3493));
#3493=SURFACE_STYLE_USAGE(.BOTH.,#3496);
#3494=SURFACE_STYLE_RENDERING_WITH_PROPERTIES($,#3500,(#3495));
#3495=SURFACE_STYLE_TRANSPARENT(0.);
#3496=SURFACE_SIDE_STYLE('',(#3497,#3494));
#3497=SURFACE_STYLE_FILL_AREA(#3498);
#3498=FILL_AREA_STYLE('',(#3499));
#3499=FILL_AREA_STYLE_COLOUR('',#3500);
#3500=COLOUR_RGB('',1.,1.,1.);
ENDSEC;
END-ISO-10303-21;
