ISO-10303-21;
HEADER;
/* Generated by software containing ST-Developer
 * from STEP Tools, Inc. (www.steptools.com) 
 */

FILE_DESCRIPTION(
/* description */ (''),
/* implementation_level */ '2;1');

FILE_NAME(
/* name */ 'D6MG-base.stp',
/* time_stamp */ '2026-08-06T12:17:23+03:00',
/* author */ ('murashkindv'),
/* organization */ (''),
/* preprocessor_version */ 'ST-DEVELOPER v19.2',
/* originating_system */ 'Autodesk Inventor 2024',
/* authorisation */ '');

FILE_SCHEMA (('AUTOMOTIVE_DESIGN { 1 0 10303 214 3 1 1 }'));
ENDSEC;

DATA;
#10=MECHANICAL_DESIGN_GEOMETRIC_PRESENTATION_REPRESENTATION('',(#6445,#6446,
#6447,#6448,#6449,#6450,#6451,#6452,#6453,#6454,#6455,#6456,#6457,#6458,
#6459,#6460,#6461,#6462,#6463,#6464,#6465,#6466,#6467,#6468,#6469,#6470,
#6471,#6472,#6473,#6474,#6475,#6476,#6477,#6478,#6479,#6480,#6481,#6482,
#6483,#6484,#6485,#6486,#6487,#6488,#6489,#6490,#6491,#6492,#6493,#6494,
#6495,#6496,#6497,#6498,#6499,#6500,#6501,#6502,#6503,#6504,#6505,#6506,
#6507,#6508,#6509,#6510,#6511,#6512,#6513,#6514,#6515,#6516,#6517,#6518,
#6519,#6520,#6521,#6522,#6523,#6524,#6525,#6526,#6527,#6528,#6529,#6530,
#6531,#6532,#6533,#6534,#6535,#6536,#6537,#6538,#6539,#6540,#6541,#6542,
#6543,#6544,#6545,#6546,#6547,#6548,#6549,#6550,#6551,#6552,#6553,#6554,
#6555,#6556,#6557,#6558,#6559,#6560,#6561,#6562,#6563,#6564,#6565,#6566,
#6567,#6568,#6569,#6570,#6571,#6572,#6573,#6574,#6575,#6576,#6577,#6578,
#6579,#6580,#6581,#6582,#6583,#6584,#6585,#6586,#6587,#6588,#6589,#6590,
#6591,#6592,#6593,#6594,#6595,#6596,#6597,#6598,#6599,#6600,#6601,#6602,
#6603,#6604,#6605,#6606,#6607,#6608,#6609,#6610,#6611,#6612,#6613,#6614,
#6615,#6616,#6617,#6618,#6619,#6620,#6621,#6622,#6623,#6624,#6625,#6626,
#6627,#6628,#6629,#6630,#6631,#6632,#6633,#6634,#6635,#6636,#6637,#6638,
#6639,#6640,#6641,#6642,#6643,#6644,#6645,#6646,#6647,#6648,#6649,#6650,
#6651,#6652,#6653,#6654,#6655,#6656,#6657,#6658,#6659,#6660,#6661,#6662,
#6663,#6664,#6665,#6666,#6667,#6668,#6669,#6670,#6671,#6672,#6673,#6674,
#6675,#6676,#6677,#6678,#6679,#6680,#6681,#6682,#6683,#6684,#6685,#6686,
#6687,#6688,#6689,#6690,#6691,#6692,#6693,#6694,#6695,#6696,#6697,#6698,
#6699,#6700,#6701,#6702,#6703,#6704,#6705,#6706,#6707,#6708,#6709,#6710,
#6711,#6712,#6713,#6714,#6715,#6716,#6717,#6718,#6719,#6720,#6721,#6722,
#6723,#6724,#6725,#6726,#6727,#6728,#6729,#6730,#6731,#6732,#6733,#6734,
#6735,#6736,#6737,#6738,#6739,#6740,#6741,#6742,#6743,#6744,#6745,#6746,
#6747,#6748,#6749,#6750,#6751,#6752,#6753,#6754,#6755,#6756,#6757,#6758,
#6759,#6760,#6761,#6762,#6763,#6764,#6765,#6766,#6767,#6768,#6769,#6770,
#6771,#6772,#6773,#6774,#6775,#6776,#6777,#6778,#6779,#6780,#6781,#6782,
#6783,#6784,#6785,#6786,#6787,#6788,#6789,#6790,#6791,#6792,#6793,#6794,
#6795,#6796,#6797,#6798,#6799,#6800,#6801,#6802,#6803,#6804,#6805,#6806,
#6807,#6808,#6809,#6810,#6811,#6812,#6813,#6814,#6815,#6816,#6817,#6818,
#6819,#6820,#6821,#6822,#6823,#6824,#6825,#6826,#6827,#6828,#6829,#6830,
#6831,#6832,#6833,#6834,#6835,#6836,#6837,#6838,#6839,#6840,#6841,#6842,
#6843,#6844,#6845,#6846),#12361);
#11=SHAPE_REPRESENTATION_RELATIONSHIP('SRR','None',#12368,#12);
#12=ADVANCED_BREP_SHAPE_REPRESENTATION('',(#13),#12360);
#13=MANIFOLD_SOLID_BREP('\X2\04220432043504400434043E0435\X0\ \X2\04420435043B043E\X0\1',
#7248);
#14=TOROIDAL_SURFACE('',#7636,1.4,0.1);
#15=TOROIDAL_SURFACE('',#7643,1.4,0.1);
#16=TOROIDAL_SURFACE('',#7647,1.4,0.1);
#17=TOROIDAL_SURFACE('',#7654,1.4,0.1);
#18=TOROIDAL_SURFACE('',#7671,0.9,0.1);
#19=TOROIDAL_SURFACE('',#7678,0.9,0.1);
#20=TOROIDAL_SURFACE('',#7686,0.9,0.1);
#21=TOROIDAL_SURFACE('',#7693,0.9,0.1);
#22=TOROIDAL_SURFACE('',#7871,1.4,0.1);
#23=TOROIDAL_SURFACE('',#7877,1.4,0.1);
#24=TOROIDAL_SURFACE('',#7881,1.4,0.1);
#25=TOROIDAL_SURFACE('',#7888,1.4,0.1);
#26=SPHERICAL_SURFACE('',#7331,0.199999999999996);
#27=SPHERICAL_SURFACE('',#7335,0.199999999999996);
#28=SPHERICAL_SURFACE('',#7339,0.2);
#29=SPHERICAL_SURFACE('',#7343,0.199999999999996);
#30=SPHERICAL_SURFACE('',#7368,0.2);
#31=SPHERICAL_SURFACE('',#7385,0.2);
#32=SPHERICAL_SURFACE('',#7409,0.2);
#33=SPHERICAL_SURFACE('',#7413,0.2);
#34=SPHERICAL_SURFACE('',#7422,0.2);
#35=SPHERICAL_SURFACE('',#7428,0.2);
#36=SPHERICAL_SURFACE('',#7432,0.199999999999996);
#37=SPHERICAL_SURFACE('',#7436,0.199999999999996);
#38=SPHERICAL_SURFACE('',#7442,0.199999999999996);
#39=SPHERICAL_SURFACE('',#7448,0.2);
#40=SPHERICAL_SURFACE('',#7452,0.2);
#41=SPHERICAL_SURFACE('',#7456,0.2);
#42=SPHERICAL_SURFACE('',#7468,0.2);
#43=SPHERICAL_SURFACE('',#7473,0.2);
#44=SPHERICAL_SURFACE('',#7529,0.2);
#45=SPHERICAL_SURFACE('',#7533,0.199999999999996);
#46=SPHERICAL_SURFACE('',#7540,0.2);
#47=SPHERICAL_SURFACE('',#7544,0.2);
#48=SPHERICAL_SURFACE('',#7587,0.2);
#49=SPHERICAL_SURFACE('',#7597,0.2);
#50=SPHERICAL_SURFACE('',#7623,0.2);
#51=SPHERICAL_SURFACE('',#7715,0.2);
#52=SPHERICAL_SURFACE('',#7719,0.2);
#53=SPHERICAL_SURFACE('',#7749,0.2);
#54=SPHERICAL_SURFACE('',#7753,0.2);
#55=SPHERICAL_SURFACE('',#7801,0.2);
#56=SPHERICAL_SURFACE('',#7805,0.2);
#57=SPHERICAL_SURFACE('',#7893,0.0999999999999979);
#58=SPHERICAL_SURFACE('',#7900,0.0999999999999979);
#59=SPHERICAL_SURFACE('',#7910,0.0999999999999979);
#60=SPHERICAL_SURFACE('',#7917,0.0999999999999979);
#61=SPHERICAL_SURFACE('',#7927,0.0999999999999979);
#62=SPHERICAL_SURFACE('',#7933,0.0999999999999979);
#63=SPHERICAL_SURFACE('',#7944,0.1);
#64=SPHERICAL_SURFACE('',#7951,0.0999999999999979);
#65=FACE_BOUND('',#2264,.T.);
#66=FACE_BOUND('',#2265,.T.);
#67=FACE_BOUND('',#2266,.T.);
#68=FACE_BOUND('',#2267,.T.);
#69=FACE_BOUND('',#2281,.T.);
#70=FACE_BOUND('',#2414,.T.);
#71=FACE_BOUND('',#2454,.T.);
#72=FACE_BOUND('',#2455,.T.);
#73=FACE_BOUND('',#2456,.T.);
#74=FACE_BOUND('',#2457,.T.);
#75=CYLINDRICAL_SURFACE('',#7277,0.2);
#76=CYLINDRICAL_SURFACE('',#7280,0.2);
#77=CYLINDRICAL_SURFACE('',#7283,0.2);
#78=CYLINDRICAL_SURFACE('',#7284,0.2);
#79=CYLINDRICAL_SURFACE('',#7287,0.2);
#80=CYLINDRICAL_SURFACE('',#7290,0.2);
#81=CYLINDRICAL_SURFACE('',#7292,0.2);
#82=CYLINDRICAL_SURFACE('',#7294,0.2);
#83=CYLINDRICAL_SURFACE('',#7298,0.2);
#84=CYLINDRICAL_SURFACE('',#7304,0.2);
#85=CYLINDRICAL_SURFACE('',#7307,0.2);
#86=CYLINDRICAL_SURFACE('',#7310,0.2);
#87=CYLINDRICAL_SURFACE('',#7313,0.2);
#88=CYLINDRICAL_SURFACE('',#7315,0.2);
#89=CYLINDRICAL_SURFACE('',#7317,0.2);
#90=CYLINDRICAL_SURFACE('',#7347,0.2);
#91=CYLINDRICAL_SURFACE('',#7348,0.2);
#92=CYLINDRICAL_SURFACE('',#7350,0.2);
#93=CYLINDRICAL_SURFACE('',#7351,0.2);
#94=CYLINDRICAL_SURFACE('',#7352,0.2);
#95=CYLINDRICAL_SURFACE('',#7354,0.2);
#96=CYLINDRICAL_SURFACE('',#7356,0.2);
#97=CYLINDRICAL_SURFACE('',#7357,0.2);
#98=CYLINDRICAL_SURFACE('',#7361,0.2);
#99=CYLINDRICAL_SURFACE('',#7365,0.2);
#100=CYLINDRICAL_SURFACE('',#7372,0.2);
#101=CYLINDRICAL_SURFACE('',#7374,0.2);
#102=CYLINDRICAL_SURFACE('',#7377,0.2);
#103=CYLINDRICAL_SURFACE('',#7378,0.2);
#104=CYLINDRICAL_SURFACE('',#7382,0.2);
#105=CYLINDRICAL_SURFACE('',#7389,0.2);
#106=CYLINDRICAL_SURFACE('',#7391,0.2);
#107=CYLINDRICAL_SURFACE('',#7392,0.2);
#108=CYLINDRICAL_SURFACE('',#7396,0.2);
#109=CYLINDRICAL_SURFACE('',#7399,0.2);
#110=CYLINDRICAL_SURFACE('',#7404,0.2);
#111=CYLINDRICAL_SURFACE('',#7407,0.2);
#112=CYLINDRICAL_SURFACE('',#7417,0.2);
#113=CYLINDRICAL_SURFACE('',#7419,0.2);
#114=CYLINDRICAL_SURFACE('',#7426,0.2);
#115=CYLINDRICAL_SURFACE('',#7440,0.2);
#116=CYLINDRICAL_SURFACE('',#7441,0.2);
#117=CYLINDRICAL_SURFACE('',#7446,0.2);
#118=CYLINDRICAL_SURFACE('',#7447,0.2);
#119=CYLINDRICAL_SURFACE('',#7460,0.2);
#120=CYLINDRICAL_SURFACE('',#7462,0.2);
#121=CYLINDRICAL_SURFACE('',#7463,0.2);
#122=CYLINDRICAL_SURFACE('',#7465,0.2);
#123=CYLINDRICAL_SURFACE('',#7472,0.2);
#124=CYLINDRICAL_SURFACE('',#7477,0.2);
#125=CYLINDRICAL_SURFACE('',#7478,0.2);
#126=CYLINDRICAL_SURFACE('',#7480,0.2);
#127=CYLINDRICAL_SURFACE('',#7482,0.2);
#128=CYLINDRICAL_SURFACE('',#7484,0.2);
#129=CYLINDRICAL_SURFACE('',#7485,0.2);
#130=CYLINDRICAL_SURFACE('',#7487,0.2);
#131=CYLINDRICAL_SURFACE('',#7488,0.2);
#132=CYLINDRICAL_SURFACE('',#7490,0.2);
#133=CYLINDRICAL_SURFACE('',#7492,0.2);
#134=CYLINDRICAL_SURFACE('',#7493,0.2);
#135=CYLINDRICAL_SURFACE('',#7494,0.2);
#136=CYLINDRICAL_SURFACE('',#7496,0.2);
#137=CYLINDRICAL_SURFACE('',#7497,0.2);
#138=CYLINDRICAL_SURFACE('',#7498,0.2);
#139=CYLINDRICAL_SURFACE('',#7499,0.2);
#140=CYLINDRICAL_SURFACE('',#7500,0.2);
#141=CYLINDRICAL_SURFACE('',#7501,0.2);
#142=CYLINDRICAL_SURFACE('',#7502,0.2);
#143=CYLINDRICAL_SURFACE('',#7504,0.2);
#144=CYLINDRICAL_SURFACE('',#7506,0.2);
#145=CYLINDRICAL_SURFACE('',#7508,0.2);
#146=CYLINDRICAL_SURFACE('',#7509,0.2);
#147=CYLINDRICAL_SURFACE('',#7526,0.2);
#148=CYLINDRICAL_SURFACE('',#7537,0.2);
#149=CYLINDRICAL_SURFACE('',#7538,0.2);
#150=CYLINDRICAL_SURFACE('',#7548,0.2);
#151=CYLINDRICAL_SURFACE('',#7550,0.2);
#152=CYLINDRICAL_SURFACE('',#7552,0.2);
#153=CYLINDRICAL_SURFACE('',#7555,0.2);
#154=CYLINDRICAL_SURFACE('',#7556,0.2);
#155=CYLINDRICAL_SURFACE('',#7558,0.2);
#156=CYLINDRICAL_SURFACE('',#7559,0.2);
#157=CYLINDRICAL_SURFACE('',#7560,0.2);
#158=CYLINDRICAL_SURFACE('',#7562,0.2);
#159=CYLINDRICAL_SURFACE('',#7563,0.2);
#160=CYLINDRICAL_SURFACE('',#7564,0.2);
#161=CYLINDRICAL_SURFACE('',#7565,0.2);
#162=CYLINDRICAL_SURFACE('',#7567,0.2);
#163=CYLINDRICAL_SURFACE('',#7574,0.2);
#164=CYLINDRICAL_SURFACE('',#7577,0.2);
#165=CYLINDRICAL_SURFACE('',#7579,0.2);
#166=CYLINDRICAL_SURFACE('',#7581,0.2);
#167=CYLINDRICAL_SURFACE('',#7584,0.2);
#168=CYLINDRICAL_SURFACE('',#7591,0.2);
#169=CYLINDRICAL_SURFACE('',#7593,0.2);
#170=CYLINDRICAL_SURFACE('',#7595,0.2);
#171=CYLINDRICAL_SURFACE('',#7601,0.2);
#172=CYLINDRICAL_SURFACE('',#7603,0.2);
#173=CYLINDRICAL_SURFACE('',#7604,0.2);
#174=CYLINDRICAL_SURFACE('',#7605,0.2);
#175=CYLINDRICAL_SURFACE('',#7607,0.2);
#176=CYLINDRICAL_SURFACE('',#7614,0.2);
#177=CYLINDRICAL_SURFACE('',#7616,0.2);
#178=CYLINDRICAL_SURFACE('',#7618,0.2);
#179=CYLINDRICAL_SURFACE('',#7627,0.2);
#180=CYLINDRICAL_SURFACE('',#7629,0.2);
#181=CYLINDRICAL_SURFACE('',#7631,0.2);
#182=CYLINDRICAL_SURFACE('',#7633,0.2);
#183=CYLINDRICAL_SURFACE('',#7641,0.1);
#184=CYLINDRICAL_SURFACE('',#7652,0.1);
#185=CYLINDRICAL_SURFACE('',#7659,0.1);
#186=CYLINDRICAL_SURFACE('',#7662,0.1);
#187=CYLINDRICAL_SURFACE('',#7665,0.1);
#188=CYLINDRICAL_SURFACE('',#7676,0.1);
#189=CYLINDRICAL_SURFACE('',#7682,0.1);
#190=CYLINDRICAL_SURFACE('',#7684,1.);
#191=CYLINDRICAL_SURFACE('',#7691,0.1);
#192=CYLINDRICAL_SURFACE('',#7697,0.1);
#193=CYLINDRICAL_SURFACE('',#7699,1.);
#194=CYLINDRICAL_SURFACE('',#7702,1.);
#195=CYLINDRICAL_SURFACE('',#7704,1.);
#196=CYLINDRICAL_SURFACE('',#7705,0.2);
#197=CYLINDRICAL_SURFACE('',#7708,0.2);
#198=CYLINDRICAL_SURFACE('',#7711,0.2);
#199=CYLINDRICAL_SURFACE('',#7712,0.2);
#200=CYLINDRICAL_SURFACE('',#7723,0.2);
#201=CYLINDRICAL_SURFACE('',#7725,0.2);
#202=CYLINDRICAL_SURFACE('',#7726,0.2);
#203=CYLINDRICAL_SURFACE('',#7727,0.2);
#204=CYLINDRICAL_SURFACE('',#7729,0.2);
#205=CYLINDRICAL_SURFACE('',#7731,0.2);
#206=CYLINDRICAL_SURFACE('',#7734,0.2);
#207=CYLINDRICAL_SURFACE('',#7736,0.2);
#208=CYLINDRICAL_SURFACE('',#7739,0.2);
#209=CYLINDRICAL_SURFACE('',#7742,0.2);
#210=CYLINDRICAL_SURFACE('',#7745,0.2);
#211=CYLINDRICAL_SURFACE('',#7746,0.2);
#212=CYLINDRICAL_SURFACE('',#7757,0.2);
#213=CYLINDRICAL_SURFACE('',#7759,0.2);
#214=CYLINDRICAL_SURFACE('',#7760,0.2);
#215=CYLINDRICAL_SURFACE('',#7761,0.2);
#216=CYLINDRICAL_SURFACE('',#7763,0.2);
#217=CYLINDRICAL_SURFACE('',#7765,0.2);
#218=CYLINDRICAL_SURFACE('',#7768,0.2);
#219=CYLINDRICAL_SURFACE('',#7770,0.2);
#220=CYLINDRICAL_SURFACE('',#7791,0.2);
#221=CYLINDRICAL_SURFACE('',#7794,0.2);
#222=CYLINDRICAL_SURFACE('',#7797,0.2);
#223=CYLINDRICAL_SURFACE('',#7798,0.2);
#224=CYLINDRICAL_SURFACE('',#7809,0.2);
#225=CYLINDRICAL_SURFACE('',#7811,0.2);
#226=CYLINDRICAL_SURFACE('',#7812,0.2);
#227=CYLINDRICAL_SURFACE('',#7813,0.2);
#228=CYLINDRICAL_SURFACE('',#7815,0.2);
#229=CYLINDRICAL_SURFACE('',#7817,0.2);
#230=CYLINDRICAL_SURFACE('',#7820,0.2);
#231=CYLINDRICAL_SURFACE('',#7822,0.2);
#232=CYLINDRICAL_SURFACE('',#7857,1.5);
#233=CYLINDRICAL_SURFACE('',#7859,1.5);
#234=CYLINDRICAL_SURFACE('',#7860,1.5);
#235=CYLINDRICAL_SURFACE('',#7862,1.5);
#236=CYLINDRICAL_SURFACE('',#7875,0.1);
#237=CYLINDRICAL_SURFACE('',#7886,0.1);
#238=CYLINDRICAL_SURFACE('',#7897,0.1);
#239=CYLINDRICAL_SURFACE('',#7899,0.1);
#240=CYLINDRICAL_SURFACE('',#7904,0.1);
#241=CYLINDRICAL_SURFACE('',#7906,0.1);
#242=CYLINDRICAL_SURFACE('',#7907,0.1);
#243=CYLINDRICAL_SURFACE('',#7914,0.1);
#244=CYLINDRICAL_SURFACE('',#7916,0.1);
#245=CYLINDRICAL_SURFACE('',#7921,0.1);
#246=CYLINDRICAL_SURFACE('',#7923,0.1);
#247=CYLINDRICAL_SURFACE('',#7924,0.1);
#248=CYLINDRICAL_SURFACE('',#7931,0.1);
#249=CYLINDRICAL_SURFACE('',#7937,0.1);
#250=CYLINDRICAL_SURFACE('',#7939,0.1);
#251=CYLINDRICAL_SURFACE('',#7940,0.1);
#252=CYLINDRICAL_SURFACE('',#7941,0.1);
#253=CYLINDRICAL_SURFACE('',#7948,0.1);
#254=CYLINDRICAL_SURFACE('',#7950,0.1);
#255=CYLINDRICAL_SURFACE('',#7955,0.1);
#256=CYLINDRICAL_SURFACE('',#7957,0.1);
#257=CYLINDRICAL_SURFACE('',#7958,0.1);
#258=CYLINDRICAL_SURFACE('',#7961,1.5);
#259=CYLINDRICAL_SURFACE('',#7964,1.5);
#260=CYLINDRICAL_SURFACE('',#7966,1.5);
#261=CYLINDRICAL_SURFACE('',#7969,1.5);
#262=PLANE('',#7273);
#263=PLANE('',#7276);
#264=PLANE('',#7285);
#265=PLANE('',#7286);
#266=PLANE('',#7295);
#267=PLANE('',#7296);
#268=PLANE('',#7297);
#269=PLANE('',#7301);
#270=PLANE('',#7306);
#271=PLANE('',#7309);
#272=PLANE('',#7318);
#273=PLANE('',#7321);
#274=PLANE('',#7330);
#275=PLANE('',#7359);
#276=PLANE('',#7360);
#277=PLANE('',#7364);
#278=PLANE('',#7380);
#279=PLANE('',#7381);
#280=PLANE('',#7394);
#281=PLANE('',#7395);
#282=PLANE('',#7401);
#283=PLANE('',#7402);
#284=PLANE('',#7403);
#285=PLANE('',#7510);
#286=PLANE('',#7511);
#287=PLANE('',#7512);
#288=PLANE('',#7513);
#289=PLANE('',#7514);
#290=PLANE('',#7515);
#291=PLANE('',#7516);
#292=PLANE('',#7517);
#293=PLANE('',#7518);
#294=PLANE('',#7519);
#295=PLANE('',#7520);
#296=PLANE('',#7521);
#297=PLANE('',#7522);
#298=PLANE('',#7523);
#299=PLANE('',#7524);
#300=PLANE('',#7525);
#301=PLANE('',#7568);
#302=PLANE('',#7569);
#303=PLANE('',#7570);
#304=PLANE('',#7572);
#305=PLANE('',#7573);
#306=PLANE('',#7582);
#307=PLANE('',#7583);
#308=PLANE('',#7608);
#309=PLANE('',#7610);
#310=PLANE('',#7611);
#311=PLANE('',#7620);
#312=PLANE('',#7621);
#313=PLANE('',#7622);
#314=PLANE('',#7634);
#315=PLANE('',#7635);
#316=PLANE('',#7646);
#317=PLANE('',#7658);
#318=PLANE('',#7666);
#319=PLANE('',#7683);
#320=PLANE('',#7685);
#321=PLANE('',#7698);
#322=PLANE('',#7700);
#323=PLANE('',#7701);
#324=PLANE('',#7703);
#325=PLANE('',#7713);
#326=PLANE('',#7714);
#327=PLANE('',#7730);
#328=PLANE('',#7738);
#329=PLANE('',#7747);
#330=PLANE('',#7748);
#331=PLANE('',#7764);
#332=PLANE('',#7772);
#333=PLANE('',#7773);
#334=PLANE('',#7774);
#335=PLANE('',#7775);
#336=PLANE('',#7776);
#337=PLANE('',#7777);
#338=PLANE('',#7778);
#339=PLANE('',#7779);
#340=PLANE('',#7780);
#341=PLANE('',#7781);
#342=PLANE('',#7782);
#343=PLANE('',#7783);
#344=PLANE('',#7784);
#345=PLANE('',#7785);
#346=PLANE('',#7786);
#347=PLANE('',#7787);
#348=PLANE('',#7788);
#349=PLANE('',#7789);
#350=PLANE('',#7790);
#351=PLANE('',#7799);
#352=PLANE('',#7800);
#353=PLANE('',#7816);
#354=PLANE('',#7824);
#355=PLANE('',#7825);
#356=PLANE('',#7826);
#357=PLANE('',#7827);
#358=PLANE('',#7828);
#359=PLANE('',#7829);
#360=PLANE('',#7830);
#361=PLANE('',#7831);
#362=PLANE('',#7832);
#363=PLANE('',#7833);
#364=PLANE('',#7834);
#365=PLANE('',#7835);
#366=PLANE('',#7836);
#367=PLANE('',#7837);
#368=PLANE('',#7838);
#369=PLANE('',#7839);
#370=PLANE('',#7840);
#371=PLANE('',#7841);
#372=PLANE('',#7842);
#373=PLANE('',#7843);
#374=PLANE('',#7844);
#375=PLANE('',#7845);
#376=PLANE('',#7846);
#377=PLANE('',#7849);
#378=PLANE('',#7850);
#379=PLANE('',#7851);
#380=PLANE('',#7852);
#381=PLANE('',#7855);
#382=PLANE('',#7856);
#383=PLANE('',#7858);
#384=PLANE('',#7861);
#385=PLANE('',#7863);
#386=PLANE('',#7864);
#387=PLANE('',#7865);
#388=PLANE('',#7866);
#389=PLANE('',#7867);
#390=PLANE('',#7868);
#391=PLANE('',#7869);
#392=PLANE('',#7870);
#393=PLANE('',#7880);
#394=PLANE('',#7892);
#395=PLANE('',#7908);
#396=PLANE('',#7909);
#397=PLANE('',#7925);
#398=PLANE('',#7926);
#399=PLANE('',#7942);
#400=PLANE('',#7943);
#401=PLANE('',#7959);
#402=PLANE('',#7960);
#403=PLANE('',#7963);
#404=PLANE('',#7968);
#405=PLANE('',#7971);
#406=PLANE('',#7972);
#407=PLANE('',#7973);
#408=PLANE('',#7974);
#409=PLANE('',#7975);
#410=PLANE('',#7976);
#411=PLANE('',#7977);
#412=PLANE('',#7978);
#413=PLANE('',#7979);
#414=PLANE('',#7980);
#415=PLANE('',#7981);
#416=PLANE('',#7982);
#417=PLANE('',#7983);
#418=PLANE('',#7984);
#419=PLANE('',#7985);
#420=PLANE('',#7986);
#421=ELLIPSE('',#7272,1.6,1.2);
#422=ELLIPSE('',#7275,1.6,1.2);
#423=ELLIPSE('',#7278,0.282842712474621,0.2);
#424=ELLIPSE('',#7279,0.282842712474618,0.2);
#425=ELLIPSE('',#7281,0.282842712474624,0.2);
#426=ELLIPSE('',#7282,0.282842712474624,0.2);
#427=ELLIPSE('',#7288,0.282842712474618,0.2);
#428=ELLIPSE('',#7289,0.282842712474622,0.2);
#429=ELLIPSE('',#7291,0.28284271247462,0.2);
#430=ELLIPSE('',#7293,0.282842712474622,0.2);
#431=ELLIPSE('',#7311,0.282842712474619,0.2);
#432=ELLIPSE('',#7312,0.282842712474619,0.2);
#433=ELLIPSE('',#7314,0.282842712474619,0.2);
#434=ELLIPSE('',#7316,0.282842712474613,0.2);
#435=ELLIPSE('',#7362,0.282842712474619,0.2);
#436=ELLIPSE('',#7363,0.282842712474616,0.2);
#437=ELLIPSE('',#7366,0.282842712474616,0.2);
#438=ELLIPSE('',#7367,0.28284271247462,0.2);
#439=ELLIPSE('',#7376,0.282842712474626,0.2);
#440=ELLIPSE('',#7384,0.282842712474622,0.2);
#441=ELLIPSE('',#7397,0.205679362114919,0.2);
#442=ELLIPSE('',#7398,0.254681725369071,0.2);
#443=ELLIPSE('',#7405,0.282842712474622,0.2);
#444=ELLIPSE('',#7406,0.254681725369075,0.2);
#445=ELLIPSE('',#7408,0.254681725369074,0.2);
#446=ELLIPSE('',#7418,0.282842712474619,0.2);
#447=ELLIPSE('',#7420,0.282842712474622,0.2);
#448=ELLIPSE('',#7421,0.282842712474619,0.2);
#449=ELLIPSE('',#7427,0.282842712474619,0.2);
#450=ELLIPSE('',#7461,0.282842712474616,0.2);
#451=ELLIPSE('',#7464,0.282842712474618,0.2);
#452=ELLIPSE('',#7466,0.282842712474619,0.2);
#453=ELLIPSE('',#7467,0.282842712474619,0.2);
#454=ELLIPSE('',#7481,0.205679362114919,0.2);
#455=ELLIPSE('',#7483,0.254681725369074,0.2);
#456=ELLIPSE('',#7486,0.282842712474616,0.2);
#457=ELLIPSE('',#7489,0.282842712474619,0.2);
#458=ELLIPSE('',#7491,0.282842712474619,0.2);
#459=ELLIPSE('',#7495,0.282842712474619,0.2);
#460=ELLIPSE('',#7503,0.282842712474616,0.2);
#461=ELLIPSE('',#7505,0.282842712474619,0.2);
#462=ELLIPSE('',#7507,0.282842712474622,0.2);
#463=ELLIPSE('',#7527,0.282842712474616,0.2);
#464=ELLIPSE('',#7528,0.282842712474616,0.2);
#465=ELLIPSE('',#7539,0.282842712474619,0.2);
#466=ELLIPSE('',#7549,0.282842712474619,0.2);
#467=ELLIPSE('',#7551,0.282842712474617,0.2);
#468=ELLIPSE('',#7553,0.282842712474614,0.2);
#469=ELLIPSE('',#7554,0.282842712474616,0.2);
#470=ELLIPSE('',#7557,0.28284271247462,0.2);
#471=ELLIPSE('',#7561,0.282842712474619,0.2);
#472=ELLIPSE('',#7566,0.282842712474622,0.2);
#473=ELLIPSE('',#7575,0.282842712474618,0.2);
#474=ELLIPSE('',#7576,0.282842712474616,0.2);
#475=ELLIPSE('',#7578,0.28284271247462,0.2);
#476=ELLIPSE('',#7580,0.282842712474625,0.2);
#477=ELLIPSE('',#7586,0.282842712474619,0.2);
#478=ELLIPSE('',#7592,0.282842712474608,0.2);
#479=ELLIPSE('',#7596,0.282842712474619,0.2);
#480=ELLIPSE('',#7602,0.282842712474625,0.2);
#481=ELLIPSE('',#7615,0.282842712474619,0.2);
#482=ELLIPSE('',#7617,0.282842712474619,0.2);
#483=ELLIPSE('',#7632,0.282842712474621,0.2);
#484=ELLIPSE('',#7661,0.141421356237313,0.1);
#485=ELLIPSE('',#7664,0.141421356237306,0.1);
#486=ELLIPSE('',#7706,0.282842712474617,0.2);
#487=ELLIPSE('',#7707,0.282842712474629,0.2);
#488=ELLIPSE('',#7709,0.282842712474621,0.2);
#489=ELLIPSE('',#7710,0.282842712474618,0.2);
#490=ELLIPSE('',#7724,0.233238075793812,0.2);
#491=ELLIPSE('',#7728,0.233238075793812,0.2);
#492=ELLIPSE('',#7733,0.282842712474622,0.2);
#493=ELLIPSE('',#7735,0.282842712474629,0.2);
#494=ELLIPSE('',#7740,0.282842712474619,0.2);
#495=ELLIPSE('',#7741,0.282842712474624,0.2);
#496=ELLIPSE('',#7743,0.282842712474624,0.2);
#497=ELLIPSE('',#7744,0.28284271247462,0.2);
#498=ELLIPSE('',#7758,0.233238075793812,0.2);
#499=ELLIPSE('',#7762,0.233238075793812,0.2);
#500=ELLIPSE('',#7767,0.282842712474618,0.2);
#501=ELLIPSE('',#7769,0.282842712474624,0.2);
#502=ELLIPSE('',#7792,0.282842712474616,0.2);
#503=ELLIPSE('',#7793,0.282842712474629,0.2);
#504=ELLIPSE('',#7795,0.282842712474622,0.2);
#505=ELLIPSE('',#7796,0.282842712474618,0.2);
#506=ELLIPSE('',#7810,0.233238075793812,0.2);
#507=ELLIPSE('',#7814,0.233238075793812,0.2);
#508=ELLIPSE('',#7819,0.282842712474626,0.2);
#509=ELLIPSE('',#7821,0.282842712474622,0.2);
#510=LINE('',#10243,#1176);
#511=LINE('',#10401,#1177);
#512=LINE('',#10407,#1178);
#513=LINE('',#10411,#1179);
#514=LINE('',#10416,#1180);
#515=LINE('',#10420,#1181);
#516=LINE('',#10423,#1182);
#517=LINE('',#10424,#1183);
#518=LINE('',#10426,#1184);
#519=LINE('',#10427,#1185);
#520=LINE('',#10430,#1186);
#521=LINE('',#10432,#1187);
#522=LINE('',#10434,#1188);
#523=LINE('',#10436,#1189);
#524=LINE('',#10438,#1190);
#525=LINE('',#10440,#1191);
#526=LINE('',#10442,#1192);
#527=LINE('',#10444,#1193);
#528=LINE('',#10446,#1194);
#529=LINE('',#10448,#1195);
#530=LINE('',#10450,#1196);
#531=LINE('',#10452,#1197);
#532=LINE('',#10454,#1198);
#533=LINE('',#10456,#1199);
#534=LINE('',#10458,#1200);
#535=LINE('',#10460,#1201);
#536=LINE('',#10462,#1202);
#537=LINE('',#10464,#1203);
#538=LINE('',#10465,#1204);
#539=LINE('',#10468,#1205);
#540=LINE('',#10469,#1206);
#541=LINE('',#10472,#1207);
#542=LINE('',#10476,#1208);
#543=LINE('',#10480,#1209);
#544=LINE('',#10482,#1210);
#545=LINE('',#10486,#1211);
#546=LINE('',#10487,#1212);
#547=LINE('',#10490,#1213);
#548=LINE('',#10493,#1214);
#549=LINE('',#10495,#1215);
#550=LINE('',#10496,#1216);
#551=LINE('',#10498,#1217);
#552=LINE('',#10500,#1218);
#553=LINE('',#10502,#1219);
#554=LINE('',#10504,#1220);
#555=LINE('',#10506,#1221);
#556=LINE('',#10508,#1222);
#557=LINE('',#10510,#1223);
#558=LINE('',#10512,#1224);
#559=LINE('',#10514,#1225);
#560=LINE('',#10516,#1226);
#561=LINE('',#10518,#1227);
#562=LINE('',#10520,#1228);
#563=LINE('',#10522,#1229);
#564=LINE('',#10523,#1230);
#565=LINE('',#10525,#1231);
#566=LINE('',#10528,#1232);
#567=LINE('',#10530,#1233);
#568=LINE('',#10532,#1234);
#569=LINE('',#10534,#1235);
#570=LINE('',#10535,#1236);
#571=LINE('',#10538,#1237);
#572=LINE('',#10540,#1238);
#573=LINE('',#10542,#1239);
#574=LINE('',#10543,#1240);
#575=LINE('',#10546,#1241);
#576=LINE('',#10548,#1242);
#577=LINE('',#10550,#1243);
#578=LINE('',#10551,#1244);
#579=LINE('',#10554,#1245);
#580=LINE('',#10556,#1246);
#581=LINE('',#10558,#1247);
#582=LINE('',#10559,#1248);
#583=LINE('',#10564,#1249);
#584=LINE('',#10568,#1250);
#585=LINE('',#10570,#1251);
#586=LINE('',#10572,#1252);
#587=LINE('',#10576,#1253);
#588=LINE('',#10580,#1254);
#589=LINE('',#10582,#1255);
#590=LINE('',#10583,#1256);
#591=LINE('',#10588,#1257);
#592=LINE('',#10589,#1258);
#593=LINE('',#10592,#1259);
#594=LINE('',#10593,#1260);
#595=LINE('',#10596,#1261);
#596=LINE('',#10599,#1262);
#597=LINE('',#10602,#1263);
#598=LINE('',#10603,#1264);
#599=LINE('',#10607,#1265);
#600=LINE('',#10611,#1266);
#601=LINE('',#10615,#1267);
#602=LINE('',#10618,#1268);
#603=LINE('',#10621,#1269);
#604=LINE('',#10624,#1270);
#605=LINE('',#10626,#1271);
#606=LINE('',#10627,#1272);
#607=LINE('',#10630,#1273);
#608=LINE('',#10632,#1274);
#609=LINE('',#10634,#1275);
#610=LINE('',#10638,#1276);
#611=LINE('',#10642,#1277);
#612=LINE('',#10643,#1278);
#613=LINE('',#10644,#1279);
#614=LINE('',#10647,#1280);
#615=LINE('',#10649,#1281);
#616=LINE('',#10651,#1282);
#617=LINE('',#10655,#1283);
#618=LINE('',#10659,#1284);
#619=LINE('',#10661,#1285);
#620=LINE('',#10663,#1286);
#621=LINE('',#10667,#1287);
#622=LINE('',#10671,#1288);
#623=LINE('',#10672,#1289);
#624=LINE('',#10673,#1290);
#625=LINE('',#10675,#1291);
#626=LINE('',#10677,#1292);
#627=LINE('',#10681,#1293);
#628=LINE('',#10685,#1294);
#629=LINE('',#10687,#1295);
#630=LINE('',#10689,#1296);
#631=LINE('',#10693,#1297);
#632=LINE('',#10697,#1298);
#633=LINE('',#10698,#1299);
#634=LINE('',#10702,#1300);
#635=LINE('',#10704,#1301);
#636=LINE('',#10706,#1302);
#637=LINE('',#10707,#1303);
#638=LINE('',#10733,#1304);
#639=LINE('',#10738,#1305);
#640=LINE('',#10739,#1306);
#641=LINE('',#10741,#1307);
#642=LINE('',#10743,#1308);
#643=LINE('',#10748,#1309);
#644=LINE('',#10749,#1310);
#645=LINE('',#10754,#1311);
#646=LINE('',#10755,#1312);
#647=LINE('',#10757,#1313);
#648=LINE('',#10762,#1314);
#649=LINE('',#10763,#1315);
#650=LINE('',#10766,#1316);
#651=LINE('',#10768,#1317);
#652=LINE('',#10770,#1318);
#653=LINE('',#10772,#1319);
#654=LINE('',#10774,#1320);
#655=LINE('',#10776,#1321);
#656=LINE('',#10778,#1322);
#657=LINE('',#10780,#1323);
#658=LINE('',#10781,#1324);
#659=LINE('',#10783,#1325);
#660=LINE('',#10789,#1326);
#661=LINE('',#10792,#1327);
#662=LINE('',#10795,#1328);
#663=LINE('',#10797,#1329);
#664=LINE('',#10799,#1330);
#665=LINE('',#10801,#1331);
#666=LINE('',#10803,#1332);
#667=LINE('',#10805,#1333);
#668=LINE('',#10807,#1334);
#669=LINE('',#10809,#1335);
#670=LINE('',#10811,#1336);
#671=LINE('',#10813,#1337);
#672=LINE('',#10815,#1338);
#673=LINE('',#10817,#1339);
#674=LINE('',#10819,#1340);
#675=LINE('',#10821,#1341);
#676=LINE('',#10823,#1342);
#677=LINE('',#10825,#1343);
#678=LINE('',#10827,#1344);
#679=LINE('',#10829,#1345);
#680=LINE('',#10831,#1346);
#681=LINE('',#10833,#1347);
#682=LINE('',#10835,#1348);
#683=LINE('',#10837,#1349);
#684=LINE('',#10838,#1350);
#685=LINE('',#10844,#1351);
#686=LINE('',#10856,#1352);
#687=LINE('',#10857,#1353);
#688=LINE('',#10861,#1354);
#689=LINE('',#10865,#1355);
#690=LINE('',#10868,#1356);
#691=LINE('',#10869,#1357);
#692=LINE('',#10874,#1358);
#693=LINE('',#10875,#1359);
#694=LINE('',#10878,#1360);
#695=LINE('',#10879,#1361);
#696=LINE('',#10882,#1362);
#697=LINE('',#10883,#1363);
#698=LINE('',#10887,#1364);
#699=LINE('',#10891,#1365);
#700=LINE('',#10904,#1366);
#701=LINE('',#10905,#1367);
#702=LINE('',#10907,#1368);
#703=LINE('',#10908,#1369);
#704=LINE('',#10913,#1370);
#705=LINE('',#10914,#1371);
#706=LINE('',#10917,#1372);
#707=LINE('',#10918,#1373);
#708=LINE('',#10921,#1374);
#709=LINE('',#10922,#1375);
#710=LINE('',#10926,#1376);
#711=LINE('',#10930,#1377);
#712=LINE('',#10934,#1378);
#713=LINE('',#10937,#1379);
#714=LINE('',#10940,#1380);
#715=LINE('',#10942,#1381);
#716=LINE('',#10943,#1382);
#717=LINE('',#10946,#1383);
#718=LINE('',#10947,#1384);
#719=LINE('',#10950,#1385);
#720=LINE('',#10952,#1386);
#721=LINE('',#10954,#1387);
#722=LINE('',#10955,#1388);
#723=LINE('',#10960,#1389);
#724=LINE('',#10964,#1390);
#725=LINE('',#10980,#1391);
#726=LINE('',#10982,#1392);
#727=LINE('',#10987,#1393);
#728=LINE('',#10999,#1394);
#729=LINE('',#11001,#1395);
#730=LINE('',#11023,#1396);
#731=LINE('',#11025,#1397);
#732=LINE('',#11026,#1398);
#733=LINE('',#11034,#1399);
#734=LINE('',#11036,#1400);
#735=LINE('',#11037,#1401);
#736=LINE('',#11059,#1402);
#737=LINE('',#11061,#1403);
#738=LINE('',#11064,#1404);
#739=LINE('',#11066,#1405);
#740=LINE('',#11071,#1406);
#741=LINE('',#11075,#1407);
#742=LINE('',#11085,#1408);
#743=LINE('',#11086,#1409);
#744=LINE('',#11095,#1410);
#745=LINE('',#11096,#1411);
#746=LINE('',#11101,#1412);
#747=LINE('',#11102,#1413);
#748=LINE('',#11107,#1414);
#749=LINE('',#11108,#1415);
#750=LINE('',#11111,#1416);
#751=LINE('',#11113,#1417);
#752=LINE('',#11116,#1418);
#753=LINE('',#11117,#1419);
#754=LINE('',#11120,#1420);
#755=LINE('',#11122,#1421);
#756=LINE('',#11125,#1422);
#757=LINE('',#11126,#1423);
#758=LINE('',#11129,#1424);
#759=LINE('',#11133,#1425);
#760=LINE('',#11136,#1426);
#761=LINE('',#11138,#1427);
#762=LINE('',#11141,#1428);
#763=LINE('',#11143,#1429);
#764=LINE('',#11146,#1430);
#765=LINE('',#11147,#1431);
#766=LINE('',#11149,#1432);
#767=LINE('',#11150,#1433);
#768=LINE('',#11152,#1434);
#769=LINE('',#11154,#1435);
#770=LINE('',#11155,#1436);
#771=LINE('',#11157,#1437);
#772=LINE('',#11159,#1438);
#773=LINE('',#11163,#1439);
#774=LINE('',#11166,#1440);
#775=LINE('',#11168,#1441);
#776=LINE('',#11171,#1442);
#777=LINE('',#11173,#1443);
#778=LINE('',#11176,#1444);
#779=LINE('',#11177,#1445);
#780=LINE('',#11179,#1446);
#781=LINE('',#11181,#1447);
#782=LINE('',#11183,#1448);
#783=LINE('',#11184,#1449);
#784=LINE('',#11187,#1450);
#785=LINE('',#11188,#1451);
#786=LINE('',#11191,#1452);
#787=LINE('',#11192,#1453);
#788=LINE('',#11194,#1454);
#789=LINE('',#11195,#1455);
#790=LINE('',#11198,#1456);
#791=LINE('',#11199,#1457);
#792=LINE('',#11200,#1458);
#793=LINE('',#11203,#1459);
#794=LINE('',#11205,#1460);
#795=LINE('',#11206,#1461);
#796=LINE('',#11209,#1462);
#797=LINE('',#11210,#1463);
#798=LINE('',#11213,#1464);
#799=LINE('',#11215,#1465);
#800=LINE('',#11216,#1466);
#801=LINE('',#11218,#1467);
#802=LINE('',#11221,#1468);
#803=LINE('',#11222,#1469);
#804=LINE('',#11231,#1470);
#805=LINE('',#11235,#1471);
#806=LINE('',#11252,#1472);
#807=LINE('',#11253,#1473);
#808=LINE('',#11256,#1474);
#809=LINE('',#11258,#1475);
#810=LINE('',#11275,#1476);
#811=LINE('',#11279,#1477);
#812=LINE('',#11284,#1478);
#813=LINE('',#11288,#1479);
#814=LINE('',#11289,#1480);
#815=LINE('',#11292,#1481);
#816=LINE('',#11295,#1482);
#817=LINE('',#11296,#1483);
#818=LINE('',#11298,#1484);
#819=LINE('',#11299,#1485);
#820=LINE('',#11302,#1486);
#821=LINE('',#11304,#1487);
#822=LINE('',#11307,#1488);
#823=LINE('',#11308,#1489);
#824=LINE('',#11310,#1490);
#825=LINE('',#11311,#1491);
#826=LINE('',#11313,#1492);
#827=LINE('',#11314,#1493);
#828=LINE('',#11317,#1494);
#829=LINE('',#11319,#1495);
#830=LINE('',#11322,#1496);
#831=LINE('',#11323,#1497);
#832=LINE('',#11326,#1498);
#833=LINE('',#11328,#1499);
#834=LINE('',#11329,#1500);
#835=LINE('',#11332,#1501);
#836=LINE('',#11335,#1502);
#837=LINE('',#11341,#1503);
#838=LINE('',#11343,#1504);
#839=LINE('',#11347,#1505);
#840=LINE('',#11351,#1506);
#841=LINE('',#11354,#1507);
#842=LINE('',#11355,#1508);
#843=LINE('',#11357,#1509);
#844=LINE('',#11360,#1510);
#845=LINE('',#11362,#1511);
#846=LINE('',#11364,#1512);
#847=LINE('',#11366,#1513);
#848=LINE('',#11368,#1514);
#849=LINE('',#11370,#1515);
#850=LINE('',#11372,#1516);
#851=LINE('',#11373,#1517);
#852=LINE('',#11374,#1518);
#853=LINE('',#11379,#1519);
#854=LINE('',#11389,#1520);
#855=LINE('',#11395,#1521);
#856=LINE('',#11396,#1522);
#857=LINE('',#11399,#1523);
#858=LINE('',#11410,#1524);
#859=LINE('',#11412,#1525);
#860=LINE('',#11414,#1526);
#861=LINE('',#11419,#1527);
#862=LINE('',#11420,#1528);
#863=LINE('',#11422,#1529);
#864=LINE('',#11425,#1530);
#865=LINE('',#11427,#1531);
#866=LINE('',#11429,#1532);
#867=LINE('',#11432,#1533);
#868=LINE('',#11435,#1534);
#869=LINE('',#11436,#1535);
#870=LINE('',#11439,#1536);
#871=LINE('',#11441,#1537);
#872=LINE('',#11445,#1538);
#873=LINE('',#11449,#1539);
#874=LINE('',#11450,#1540);
#875=LINE('',#11453,#1541);
#876=LINE('',#11455,#1542);
#877=LINE('',#11459,#1543);
#878=LINE('',#11462,#1544);
#879=LINE('',#11465,#1545);
#880=LINE('',#11468,#1546);
#881=LINE('',#11471,#1547);
#882=LINE('',#11472,#1548);
#883=LINE('',#11475,#1549);
#884=LINE('',#11476,#1550);
#885=LINE('',#11479,#1551);
#886=LINE('',#11480,#1552);
#887=LINE('',#11492,#1553);
#888=LINE('',#11493,#1554);
#889=LINE('',#11498,#1555);
#890=LINE('',#11499,#1556);
#891=LINE('',#11502,#1557);
#892=LINE('',#11504,#1558);
#893=LINE('',#11507,#1559);
#894=LINE('',#11508,#1560);
#895=LINE('',#11511,#1561);
#896=LINE('',#11512,#1562);
#897=LINE('',#11514,#1563);
#898=LINE('',#11528,#1564);
#899=LINE('',#11529,#1565);
#900=LINE('',#11534,#1566);
#901=LINE('',#11548,#1567);
#902=LINE('',#11549,#1568);
#903=LINE('',#11558,#1569);
#904=LINE('',#11559,#1570);
#905=LINE('',#11560,#1571);
#906=LINE('',#11564,#1572);
#907=LINE('',#11571,#1573);
#908=LINE('',#11574,#1574);
#909=LINE('',#11575,#1575);
#910=LINE('',#11577,#1576);
#911=LINE('',#11579,#1577);
#912=LINE('',#11580,#1578);
#913=LINE('',#11581,#1579);
#914=LINE('',#11582,#1580);
#915=LINE('',#11584,#1581);
#916=LINE('',#11585,#1582);
#917=LINE('',#11586,#1583);
#918=LINE('',#11588,#1584);
#919=LINE('',#11590,#1585);
#920=LINE('',#11592,#1586);
#921=LINE('',#11594,#1587);
#922=LINE('',#11596,#1588);
#923=LINE('',#11598,#1589);
#924=LINE('',#11600,#1590);
#925=LINE('',#11602,#1591);
#926=LINE('',#11604,#1592);
#927=LINE('',#11606,#1593);
#928=LINE('',#11608,#1594);
#929=LINE('',#11610,#1595);
#930=LINE('',#11612,#1596);
#931=LINE('',#11614,#1597);
#932=LINE('',#11616,#1598);
#933=LINE('',#11618,#1599);
#934=LINE('',#11620,#1600);
#935=LINE('',#11622,#1601);
#936=LINE('',#11624,#1602);
#937=LINE('',#11626,#1603);
#938=LINE('',#11628,#1604);
#939=LINE('',#11630,#1605);
#940=LINE('',#11632,#1606);
#941=LINE('',#11633,#1607);
#942=LINE('',#11638,#1608);
#943=LINE('',#11641,#1609);
#944=LINE('',#11646,#1610);
#945=LINE('',#11649,#1611);
#946=LINE('',#11663,#1612);
#947=LINE('',#11664,#1613);
#948=LINE('',#11672,#1614);
#949=LINE('',#11673,#1615);
#950=LINE('',#11675,#1616);
#951=LINE('',#11676,#1617);
#952=LINE('',#11678,#1618);
#953=LINE('',#11693,#1619);
#954=LINE('',#11694,#1620);
#955=LINE('',#11702,#1621);
#956=LINE('',#11703,#1622);
#957=LINE('',#11705,#1623);
#958=LINE('',#11706,#1624);
#959=LINE('',#11708,#1625);
#960=LINE('',#11711,#1626);
#961=LINE('',#11714,#1627);
#962=LINE('',#11720,#1628);
#963=LINE('',#11725,#1629);
#964=LINE('',#11729,#1630);
#965=LINE('',#11731,#1631);
#966=LINE('',#11734,#1632);
#967=LINE('',#11736,#1633);
#968=LINE('',#11737,#1634);
#969=LINE('',#11740,#1635);
#970=LINE('',#11741,#1636);
#971=LINE('',#11758,#1637);
#972=LINE('',#11759,#1638);
#973=LINE('',#11761,#1639);
#974=LINE('',#11763,#1640);
#975=LINE('',#11768,#1641);
#976=LINE('',#11769,#1642);
#977=LINE('',#11771,#1643);
#978=LINE('',#11773,#1644);
#979=LINE('',#11775,#1645);
#980=LINE('',#11776,#1646);
#981=LINE('',#11779,#1647);
#982=LINE('',#11787,#1648);
#983=LINE('',#11792,#1649);
#984=LINE('',#11797,#1650);
#985=LINE('',#11801,#1651);
#986=LINE('',#11803,#1652);
#987=LINE('',#11806,#1653);
#988=LINE('',#11808,#1654);
#989=LINE('',#11809,#1655);
#990=LINE('',#11812,#1656);
#991=LINE('',#11813,#1657);
#992=LINE('',#11830,#1658);
#993=LINE('',#11831,#1659);
#994=LINE('',#11833,#1660);
#995=LINE('',#11835,#1661);
#996=LINE('',#11840,#1662);
#997=LINE('',#11841,#1663);
#998=LINE('',#11843,#1664);
#999=LINE('',#11845,#1665);
#1000=LINE('',#11847,#1666);
#1001=LINE('',#11848,#1667);
#1002=LINE('',#11851,#1668);
#1003=LINE('',#11859,#1669);
#1004=LINE('',#11863,#1670);
#1005=LINE('',#11865,#1671);
#1006=LINE('',#11867,#1672);
#1007=LINE('',#11868,#1673);
#1008=LINE('',#11872,#1674);
#1009=LINE('',#11873,#1675);
#1010=LINE('',#11874,#1676);
#1011=LINE('',#11878,#1677);
#1012=LINE('',#11879,#1678);
#1013=LINE('',#11880,#1679);
#1014=LINE('',#11883,#1680);
#1015=LINE('',#11884,#1681);
#1016=LINE('',#11885,#1682);
#1017=LINE('',#11887,#1683);
#1018=LINE('',#11889,#1684);
#1019=LINE('',#11890,#1685);
#1020=LINE('',#11896,#1686);
#1021=LINE('',#11898,#1687);
#1022=LINE('',#11900,#1688);
#1023=LINE('',#11901,#1689);
#1024=LINE('',#11905,#1690);
#1025=LINE('',#11906,#1691);
#1026=LINE('',#11907,#1692);
#1027=LINE('',#11911,#1693);
#1028=LINE('',#11912,#1694);
#1029=LINE('',#11913,#1695);
#1030=LINE('',#11916,#1696);
#1031=LINE('',#11917,#1697);
#1032=LINE('',#11918,#1698);
#1033=LINE('',#11920,#1699);
#1034=LINE('',#11922,#1700);
#1035=LINE('',#11923,#1701);
#1036=LINE('',#11926,#1702);
#1037=LINE('',#11928,#1703);
#1038=LINE('',#11934,#1704);
#1039=LINE('',#11939,#1705);
#1040=LINE('',#11943,#1706);
#1041=LINE('',#11945,#1707);
#1042=LINE('',#11948,#1708);
#1043=LINE('',#11950,#1709);
#1044=LINE('',#11951,#1710);
#1045=LINE('',#11954,#1711);
#1046=LINE('',#11955,#1712);
#1047=LINE('',#11972,#1713);
#1048=LINE('',#11973,#1714);
#1049=LINE('',#11975,#1715);
#1050=LINE('',#11977,#1716);
#1051=LINE('',#11982,#1717);
#1052=LINE('',#11983,#1718);
#1053=LINE('',#11985,#1719);
#1054=LINE('',#11987,#1720);
#1055=LINE('',#11989,#1721);
#1056=LINE('',#11990,#1722);
#1057=LINE('',#11993,#1723);
#1058=LINE('',#12001,#1724);
#1059=LINE('',#12005,#1725);
#1060=LINE('',#12007,#1726);
#1061=LINE('',#12009,#1727);
#1062=LINE('',#12010,#1728);
#1063=LINE('',#12014,#1729);
#1064=LINE('',#12015,#1730);
#1065=LINE('',#12016,#1731);
#1066=LINE('',#12020,#1732);
#1067=LINE('',#12021,#1733);
#1068=LINE('',#12022,#1734);
#1069=LINE('',#12025,#1735);
#1070=LINE('',#12026,#1736);
#1071=LINE('',#12027,#1737);
#1072=LINE('',#12029,#1738);
#1073=LINE('',#12031,#1739);
#1074=LINE('',#12032,#1740);
#1075=LINE('',#12037,#1741);
#1076=LINE('',#12039,#1742);
#1077=LINE('',#12041,#1743);
#1078=LINE('',#12044,#1744);
#1079=LINE('',#12046,#1745);
#1080=LINE('',#12048,#1746);
#1081=LINE('',#12052,#1747);
#1082=LINE('',#12053,#1748);
#1083=LINE('',#12054,#1749);
#1084=LINE('',#12055,#1750);
#1085=LINE('',#12059,#1751);
#1086=LINE('',#12062,#1752);
#1087=LINE('',#12066,#1753);
#1088=LINE('',#12069,#1754);
#1089=LINE('',#12071,#1755);
#1090=LINE('',#12074,#1756);
#1091=LINE('',#12075,#1757);
#1092=LINE('',#12078,#1758);
#1093=LINE('',#12080,#1759);
#1094=LINE('',#12084,#1760);
#1095=LINE('',#12087,#1761);
#1096=LINE('',#12090,#1762);
#1097=LINE('',#12092,#1763);
#1098=LINE('',#12094,#1764);
#1099=LINE('',#12096,#1765);
#1100=LINE('',#12098,#1766);
#1101=LINE('',#12099,#1767);
#1102=LINE('',#12101,#1768);
#1103=LINE('',#12103,#1769);
#1104=LINE('',#12106,#1770);
#1105=LINE('',#12108,#1771);
#1106=LINE('',#12111,#1772);
#1107=LINE('',#12114,#1773);
#1108=LINE('',#12126,#1774);
#1109=LINE('',#12127,#1775);
#1110=LINE('',#12145,#1776);
#1111=LINE('',#12146,#1777);
#1112=LINE('',#12154,#1778);
#1113=LINE('',#12166,#1779);
#1114=LINE('',#12167,#1780);
#1115=LINE('',#12169,#1781);
#1116=LINE('',#12170,#1782);
#1117=LINE('',#12182,#1783);
#1118=LINE('',#12183,#1784);
#1119=LINE('',#12185,#1785);
#1120=LINE('',#12186,#1786);
#1121=LINE('',#12188,#1787);
#1122=LINE('',#12189,#1788);
#1123=LINE('',#12191,#1789);
#1124=LINE('',#12193,#1790);
#1125=LINE('',#12205,#1791);
#1126=LINE('',#12206,#1792);
#1127=LINE('',#12208,#1793);
#1128=LINE('',#12209,#1794);
#1129=LINE('',#12221,#1795);
#1130=LINE('',#12222,#1796);
#1131=LINE('',#12224,#1797);
#1132=LINE('',#12225,#1798);
#1133=LINE('',#12227,#1799);
#1134=LINE('',#12228,#1800);
#1135=LINE('',#12230,#1801);
#1136=LINE('',#12232,#1802);
#1137=LINE('',#12244,#1803);
#1138=LINE('',#12245,#1804);
#1139=LINE('',#12257,#1805);
#1140=LINE('',#12258,#1806);
#1141=LINE('',#12260,#1807);
#1142=LINE('',#12261,#1808);
#1143=LINE('',#12263,#1809);
#1144=LINE('',#12264,#1810);
#1145=LINE('',#12266,#1811);
#1146=LINE('',#12267,#1812);
#1147=LINE('',#12269,#1813);
#1148=LINE('',#12271,#1814);
#1149=LINE('',#12283,#1815);
#1150=LINE('',#12284,#1816);
#1151=LINE('',#12286,#1817);
#1152=LINE('',#12287,#1818);
#1153=LINE('',#12299,#1819);
#1154=LINE('',#12300,#1820);
#1155=LINE('',#12302,#1821);
#1156=LINE('',#12303,#1822);
#1157=LINE('',#12305,#1823);
#1158=LINE('',#12306,#1824);
#1159=LINE('',#12308,#1825);
#1160=LINE('',#12310,#1826);
#1161=LINE('',#12313,#1827);
#1162=LINE('',#12316,#1828);
#1163=LINE('',#12319,#1829);
#1164=LINE('',#12320,#1830);
#1165=LINE('',#12324,#1831);
#1166=LINE('',#12327,#1832);
#1167=LINE('',#12331,#1833);
#1168=LINE('',#12332,#1834);
#1169=LINE('',#12336,#1835);
#1170=LINE('',#12337,#1836);
#1171=LINE('',#12339,#1837);
#1172=LINE('',#12340,#1838);
#1173=LINE('',#12341,#1839);
#1174=LINE('',#12345,#1840);
#1175=LINE('',#12348,#1841);
#1176=VECTOR('',#7991,1.6);
#1177=VECTOR('',#7998,1.6);
#1178=VECTOR('',#8005,10.);
#1179=VECTOR('',#8008,10.);
#1180=VECTOR('',#8013,10.);
#1181=VECTOR('',#8016,10.);
#1182=VECTOR('',#8021,10.);
#1183=VECTOR('',#8022,10.);
#1184=VECTOR('',#8025,10.);
#1185=VECTOR('',#8026,10.);
#1186=VECTOR('',#8029,10.);
#1187=VECTOR('',#8030,10.);
#1188=VECTOR('',#8031,10.);
#1189=VECTOR('',#8032,10.);
#1190=VECTOR('',#8033,10.);
#1191=VECTOR('',#8034,10.);
#1192=VECTOR('',#8035,10.);
#1193=VECTOR('',#8036,10.);
#1194=VECTOR('',#8037,10.);
#1195=VECTOR('',#8038,10.);
#1196=VECTOR('',#8039,10.);
#1197=VECTOR('',#8040,10.);
#1198=VECTOR('',#8041,10.);
#1199=VECTOR('',#8042,10.);
#1200=VECTOR('',#8043,10.);
#1201=VECTOR('',#8044,10.);
#1202=VECTOR('',#8045,10.);
#1203=VECTOR('',#8046,10.);
#1204=VECTOR('',#8047,10.);
#1205=VECTOR('',#8050,10.);
#1206=VECTOR('',#8051,10.);
#1207=VECTOR('',#8054,10.);
#1208=VECTOR('',#8057,10.);
#1209=VECTOR('',#8062,10.);
#1210=VECTOR('',#8063,10.);
#1211=VECTOR('',#8068,10.);
#1212=VECTOR('',#8069,10.);
#1213=VECTOR('',#8074,10.);
#1214=VECTOR('',#8077,10.);
#1215=VECTOR('',#8078,10.);
#1216=VECTOR('',#8079,10.);
#1217=VECTOR('',#8080,10.);
#1218=VECTOR('',#8081,10.);
#1219=VECTOR('',#8082,10.);
#1220=VECTOR('',#8083,10.);
#1221=VECTOR('',#8084,10.);
#1222=VECTOR('',#8085,10.);
#1223=VECTOR('',#8086,10.);
#1224=VECTOR('',#8087,10.);
#1225=VECTOR('',#8088,10.);
#1226=VECTOR('',#8089,10.);
#1227=VECTOR('',#8090,10.);
#1228=VECTOR('',#8091,10.);
#1229=VECTOR('',#8092,10.);
#1230=VECTOR('',#8093,10.);
#1231=VECTOR('',#8096,10.);
#1232=VECTOR('',#8099,10.);
#1233=VECTOR('',#8100,10.);
#1234=VECTOR('',#8101,10.);
#1235=VECTOR('',#8102,10.);
#1236=VECTOR('',#8103,10.);
#1237=VECTOR('',#8104,10.);
#1238=VECTOR('',#8105,10.);
#1239=VECTOR('',#8106,10.);
#1240=VECTOR('',#8107,10.);
#1241=VECTOR('',#8108,10.);
#1242=VECTOR('',#8109,10.);
#1243=VECTOR('',#8110,10.);
#1244=VECTOR('',#8111,10.);
#1245=VECTOR('',#8112,10.);
#1246=VECTOR('',#8113,10.);
#1247=VECTOR('',#8114,10.);
#1248=VECTOR('',#8115,10.);
#1249=VECTOR('',#8120,10.);
#1250=VECTOR('',#8125,10.);
#1251=VECTOR('',#8126,10.);
#1252=VECTOR('',#8127,10.);
#1253=VECTOR('',#8130,10.);
#1254=VECTOR('',#8133,10.);
#1255=VECTOR('',#8134,10.);
#1256=VECTOR('',#8135,10.);
#1257=VECTOR('',#8140,10.);
#1258=VECTOR('',#8141,10.);
#1259=VECTOR('',#8144,10.);
#1260=VECTOR('',#8145,10.);
#1261=VECTOR('',#8148,10.);
#1262=VECTOR('',#8151,10.);
#1263=VECTOR('',#8154,10.);
#1264=VECTOR('',#8155,10.);
#1265=VECTOR('',#8158,10.);
#1266=VECTOR('',#8161,10.);
#1267=VECTOR('',#8166,10.);
#1268=VECTOR('',#8169,10.);
#1269=VECTOR('',#8172,10.);
#1270=VECTOR('',#8175,10.);
#1271=VECTOR('',#8178,10.);
#1272=VECTOR('',#8179,10.);
#1273=VECTOR('',#8182,10.);
#1274=VECTOR('',#8183,10.);
#1275=VECTOR('',#8184,10.);
#1276=VECTOR('',#8187,10.);
#1277=VECTOR('',#8190,10.);
#1278=VECTOR('',#8191,10.);
#1279=VECTOR('',#8192,10.);
#1280=VECTOR('',#8195,10.);
#1281=VECTOR('',#8196,10.);
#1282=VECTOR('',#8197,10.);
#1283=VECTOR('',#8200,10.);
#1284=VECTOR('',#8203,10.);
#1285=VECTOR('',#8204,10.);
#1286=VECTOR('',#8205,10.);
#1287=VECTOR('',#8208,10.);
#1288=VECTOR('',#8211,10.);
#1289=VECTOR('',#8212,10.);
#1290=VECTOR('',#8213,10.);
#1291=VECTOR('',#8214,10.);
#1292=VECTOR('',#8215,10.);
#1293=VECTOR('',#8218,10.);
#1294=VECTOR('',#8221,10.);
#1295=VECTOR('',#8222,10.);
#1296=VECTOR('',#8223,10.);
#1297=VECTOR('',#8226,10.);
#1298=VECTOR('',#8229,10.);
#1299=VECTOR('',#8230,10.);
#1300=VECTOR('',#8233,10.);
#1301=VECTOR('',#8234,10.);
#1302=VECTOR('',#8235,10.);
#1303=VECTOR('',#8236,10.);
#1304=VECTOR('',#8271,10.);
#1305=VECTOR('',#8276,10.);
#1306=VECTOR('',#8277,10.);
#1307=VECTOR('',#8280,10.);
#1308=VECTOR('',#8283,10.);
#1309=VECTOR('',#8288,10.);
#1310=VECTOR('',#8289,10.);
#1311=VECTOR('',#8294,10.);
#1312=VECTOR('',#8295,10.);
#1313=VECTOR('',#8298,10.);
#1314=VECTOR('',#8303,10.);
#1315=VECTOR('',#8304,10.);
#1316=VECTOR('',#8307,10.);
#1317=VECTOR('',#8308,10.);
#1318=VECTOR('',#8309,10.);
#1319=VECTOR('',#8310,10.);
#1320=VECTOR('',#8311,10.);
#1321=VECTOR('',#8312,10.);
#1322=VECTOR('',#8313,10.);
#1323=VECTOR('',#8314,10.);
#1324=VECTOR('',#8315,10.);
#1325=VECTOR('',#8318,10.);
#1326=VECTOR('',#8323,10.);
#1327=VECTOR('',#8326,10.);
#1328=VECTOR('',#8329,10.);
#1329=VECTOR('',#8330,10.);
#1330=VECTOR('',#8331,10.);
#1331=VECTOR('',#8332,10.);
#1332=VECTOR('',#8333,10.);
#1333=VECTOR('',#8334,10.);
#1334=VECTOR('',#8335,10.);
#1335=VECTOR('',#8336,10.);
#1336=VECTOR('',#8337,10.);
#1337=VECTOR('',#8338,10.);
#1338=VECTOR('',#8339,10.);
#1339=VECTOR('',#8340,10.);
#1340=VECTOR('',#8341,10.);
#1341=VECTOR('',#8342,10.);
#1342=VECTOR('',#8343,10.);
#1343=VECTOR('',#8344,10.);
#1344=VECTOR('',#8345,10.);
#1345=VECTOR('',#8346,10.);
#1346=VECTOR('',#8347,10.);
#1347=VECTOR('',#8348,10.);
#1348=VECTOR('',#8349,10.);
#1349=VECTOR('',#8350,10.);
#1350=VECTOR('',#8351,10.);
#1351=VECTOR('',#8358,10.);
#1352=VECTOR('',#8371,10.);
#1353=VECTOR('',#8372,10.);
#1354=VECTOR('',#8375,10.);
#1355=VECTOR('',#8378,10.);
#1356=VECTOR('',#8383,10.);
#1357=VECTOR('',#8384,10.);
#1358=VECTOR('',#8389,10.);
#1359=VECTOR('',#8390,10.);
#1360=VECTOR('',#8393,10.);
#1361=VECTOR('',#8394,10.);
#1362=VECTOR('',#8397,10.);
#1363=VECTOR('',#8398,10.);
#1364=VECTOR('',#8401,10.);
#1365=VECTOR('',#8404,10.);
#1366=VECTOR('',#8419,10.);
#1367=VECTOR('',#8420,10.);
#1368=VECTOR('',#8423,10.);
#1369=VECTOR('',#8424,10.);
#1370=VECTOR('',#8429,10.);
#1371=VECTOR('',#8430,10.);
#1372=VECTOR('',#8433,10.);
#1373=VECTOR('',#8434,10.);
#1374=VECTOR('',#8437,10.);
#1375=VECTOR('',#8438,10.);
#1376=VECTOR('',#8441,10.);
#1377=VECTOR('',#8444,10.);
#1378=VECTOR('',#8449,10.);
#1379=VECTOR('',#8452,10.);
#1380=VECTOR('',#8455,10.);
#1381=VECTOR('',#8456,10.);
#1382=VECTOR('',#8457,10.);
#1383=VECTOR('',#8460,10.);
#1384=VECTOR('',#8461,10.);
#1385=VECTOR('',#8464,10.);
#1386=VECTOR('',#8465,10.);
#1387=VECTOR('',#8466,10.);
#1388=VECTOR('',#8467,10.);
#1389=VECTOR('',#8472,10.);
#1390=VECTOR('',#8477,10.);
#1391=VECTOR('',#8498,10.);
#1392=VECTOR('',#8499,10.);
#1393=VECTOR('',#8504,10.);
#1394=VECTOR('',#8519,10.);
#1395=VECTOR('',#8520,10.);
#1396=VECTOR('',#8549,10.);
#1397=VECTOR('',#8552,10.);
#1398=VECTOR('',#8553,10.);
#1399=VECTOR('',#8564,10.);
#1400=VECTOR('',#8567,10.);
#1401=VECTOR('',#8568,10.);
#1402=VECTOR('',#8597,10.);
#1403=VECTOR('',#8600,10.);
#1404=VECTOR('',#8603,10.);
#1405=VECTOR('',#8604,10.);
#1406=VECTOR('',#8609,10.);
#1407=VECTOR('',#8612,10.);
#1408=VECTOR('',#8625,10.);
#1409=VECTOR('',#8626,10.);
#1410=VECTOR('',#8637,10.);
#1411=VECTOR('',#8638,10.);
#1412=VECTOR('',#8643,10.);
#1413=VECTOR('',#8644,10.);
#1414=VECTOR('',#8649,10.);
#1415=VECTOR('',#8650,10.);
#1416=VECTOR('',#8653,10.);
#1417=VECTOR('',#8654,10.);
#1418=VECTOR('',#8659,10.);
#1419=VECTOR('',#8660,10.);
#1420=VECTOR('',#8663,10.);
#1421=VECTOR('',#8664,10.);
#1422=VECTOR('',#8669,10.);
#1423=VECTOR('',#8670,10.);
#1424=VECTOR('',#8673,10.);
#1425=VECTOR('',#8678,10.);
#1426=VECTOR('',#8683,10.);
#1427=VECTOR('',#8686,10.);
#1428=VECTOR('',#8689,10.);
#1429=VECTOR('',#8690,10.);
#1430=VECTOR('',#8695,10.);
#1431=VECTOR('',#8696,10.);
#1432=VECTOR('',#8699,10.);
#1433=VECTOR('',#8700,10.);
#1434=VECTOR('',#8703,10.);
#1435=VECTOR('',#8706,10.);
#1436=VECTOR('',#8707,10.);
#1437=VECTOR('',#8710,10.);
#1438=VECTOR('',#8713,10.);
#1439=VECTOR('',#8718,10.);
#1440=VECTOR('',#8721,10.);
#1441=VECTOR('',#8722,10.);
#1442=VECTOR('',#8727,10.);
#1443=VECTOR('',#8728,10.);
#1444=VECTOR('',#8733,10.);
#1445=VECTOR('',#8734,10.);
#1446=VECTOR('',#8737,10.);
#1447=VECTOR('',#8740,10.);
#1448=VECTOR('',#8743,10.);
#1449=VECTOR('',#8744,10.);
#1450=VECTOR('',#8747,10.);
#1451=VECTOR('',#8748,10.);
#1452=VECTOR('',#8751,10.);
#1453=VECTOR('',#8752,10.);
#1454=VECTOR('',#8755,10.);
#1455=VECTOR('',#8756,10.);
#1456=VECTOR('',#8759,10.);
#1457=VECTOR('',#8760,10.);
#1458=VECTOR('',#8761,10.);
#1459=VECTOR('',#8764,10.);
#1460=VECTOR('',#8765,10.);
#1461=VECTOR('',#8766,10.);
#1462=VECTOR('',#8769,10.);
#1463=VECTOR('',#8770,10.);
#1464=VECTOR('',#8773,10.);
#1465=VECTOR('',#8774,10.);
#1466=VECTOR('',#8775,10.);
#1467=VECTOR('',#8778,10.);
#1468=VECTOR('',#8781,10.);
#1469=VECTOR('',#8782,10.);
#1470=VECTOR('',#8795,10.);
#1471=VECTOR('',#8798,10.);
#1472=VECTOR('',#8819,10.);
#1473=VECTOR('',#8820,10.);
#1474=VECTOR('',#8823,10.);
#1475=VECTOR('',#8824,10.);
#1476=VECTOR('',#8845,10.);
#1477=VECTOR('',#8850,10.);
#1478=VECTOR('',#8855,10.);
#1479=VECTOR('',#8862,10.);
#1480=VECTOR('',#8863,10.);
#1481=VECTOR('',#8866,10.);
#1482=VECTOR('',#8871,10.);
#1483=VECTOR('',#8872,10.);
#1484=VECTOR('',#8875,10.);
#1485=VECTOR('',#8876,10.);
#1486=VECTOR('',#8879,10.);
#1487=VECTOR('',#8880,10.);
#1488=VECTOR('',#8885,10.);
#1489=VECTOR('',#8886,10.);
#1490=VECTOR('',#8889,10.);
#1491=VECTOR('',#8890,10.);
#1492=VECTOR('',#8893,10.);
#1493=VECTOR('',#8894,10.);
#1494=VECTOR('',#8897,10.);
#1495=VECTOR('',#8898,10.);
#1496=VECTOR('',#8903,10.);
#1497=VECTOR('',#8904,10.);
#1498=VECTOR('',#8909,10.);
#1499=VECTOR('',#8910,10.);
#1500=VECTOR('',#8911,10.);
#1501=VECTOR('',#8914,10.);
#1502=VECTOR('',#8917,10.);
#1503=VECTOR('',#8924,10.);
#1504=VECTOR('',#8927,10.);
#1505=VECTOR('',#8932,10.);
#1506=VECTOR('',#8937,10.);
#1507=VECTOR('',#8942,10.);
#1508=VECTOR('',#8943,10.);
#1509=VECTOR('',#8946,10.);
#1510=VECTOR('',#8949,10.);
#1511=VECTOR('',#8950,10.);
#1512=VECTOR('',#8951,10.);
#1513=VECTOR('',#8952,10.);
#1514=VECTOR('',#8953,10.);
#1515=VECTOR('',#8954,10.);
#1516=VECTOR('',#8955,10.);
#1517=VECTOR('',#8956,10.);
#1518=VECTOR('',#8957,10.);
#1519=VECTOR('',#8962,10.);
#1520=VECTOR('',#8975,10.);
#1521=VECTOR('',#8982,10.);
#1522=VECTOR('',#8983,10.);
#1523=VECTOR('',#8986,10.);
#1524=VECTOR('',#9001,10.);
#1525=VECTOR('',#9004,10.);
#1526=VECTOR('',#9007,10.);
#1527=VECTOR('',#9012,10.);
#1528=VECTOR('',#9013,10.);
#1529=VECTOR('',#9016,10.);
#1530=VECTOR('',#9019,10.);
#1531=VECTOR('',#9020,10.);
#1532=VECTOR('',#9021,10.);
#1533=VECTOR('',#9024,10.);
#1534=VECTOR('',#9027,10.);
#1535=VECTOR('',#9028,10.);
#1536=VECTOR('',#9031,10.);
#1537=VECTOR('',#9032,10.);
#1538=VECTOR('',#9035,10.);
#1539=VECTOR('',#9038,10.);
#1540=VECTOR('',#9039,10.);
#1541=VECTOR('',#9042,10.);
#1542=VECTOR('',#9043,10.);
#1543=VECTOR('',#9048,10.);
#1544=VECTOR('',#9051,10.);
#1545=VECTOR('',#9054,10.);
#1546=VECTOR('',#9057,10.);
#1547=VECTOR('',#9060,10.);
#1548=VECTOR('',#9061,10.);
#1549=VECTOR('',#9064,10.);
#1550=VECTOR('',#9065,10.);
#1551=VECTOR('',#9068,10.);
#1552=VECTOR('',#9069,10.);
#1553=VECTOR('',#9082,10.);
#1554=VECTOR('',#9083,10.);
#1555=VECTOR('',#9088,10.);
#1556=VECTOR('',#9089,10.);
#1557=VECTOR('',#9092,10.);
#1558=VECTOR('',#9093,10.);
#1559=VECTOR('',#9098,10.);
#1560=VECTOR('',#9099,10.);
#1561=VECTOR('',#9102,10.);
#1562=VECTOR('',#9103,10.);
#1563=VECTOR('',#9106,10.);
#1564=VECTOR('',#9121,10.);
#1565=VECTOR('',#9122,10.);
#1566=VECTOR('',#9131,10.);
#1567=VECTOR('',#9146,10.);
#1568=VECTOR('',#9147,10.);
#1569=VECTOR('',#9158,10.);
#1570=VECTOR('',#9159,10.);
#1571=VECTOR('',#9160,10.);
#1572=VECTOR('',#9163,10.);
#1573=VECTOR('',#9172,10.);
#1574=VECTOR('',#9177,10.);
#1575=VECTOR('',#9178,10.);
#1576=VECTOR('',#9181,10.);
#1577=VECTOR('',#9182,10.);
#1578=VECTOR('',#9183,10.);
#1579=VECTOR('',#9184,10.);
#1580=VECTOR('',#9185,10.);
#1581=VECTOR('',#9186,10.);
#1582=VECTOR('',#9187,10.);
#1583=VECTOR('',#9188,10.);
#1584=VECTOR('',#9189,10.);
#1585=VECTOR('',#9190,10.);
#1586=VECTOR('',#9191,10.);
#1587=VECTOR('',#9192,10.);
#1588=VECTOR('',#9193,10.);
#1589=VECTOR('',#9194,10.);
#1590=VECTOR('',#9195,10.);
#1591=VECTOR('',#9196,10.);
#1592=VECTOR('',#9197,10.);
#1593=VECTOR('',#9198,10.);
#1594=VECTOR('',#9199,10.);
#1595=VECTOR('',#9200,10.);
#1596=VECTOR('',#9201,10.);
#1597=VECTOR('',#9202,10.);
#1598=VECTOR('',#9203,10.);
#1599=VECTOR('',#9204,10.);
#1600=VECTOR('',#9205,10.);
#1601=VECTOR('',#9206,10.);
#1602=VECTOR('',#9207,10.);
#1603=VECTOR('',#9208,10.);
#1604=VECTOR('',#9209,10.);
#1605=VECTOR('',#9210,10.);
#1606=VECTOR('',#9211,10.);
#1607=VECTOR('',#9212,10.);
#1608=VECTOR('',#9215,10.);
#1609=VECTOR('',#9218,10.);
#1610=VECTOR('',#9221,10.);
#1611=VECTOR('',#9224,10.);
#1612=VECTOR('',#9239,10.);
#1613=VECTOR('',#9240,10.);
#1614=VECTOR('',#9251,10.);
#1615=VECTOR('',#9252,10.);
#1616=VECTOR('',#9255,10.);
#1617=VECTOR('',#9256,10.);
#1618=VECTOR('',#9259,10.);
#1619=VECTOR('',#9276,10.);
#1620=VECTOR('',#9277,10.);
#1621=VECTOR('',#9288,10.);
#1622=VECTOR('',#9289,10.);
#1623=VECTOR('',#9292,10.);
#1624=VECTOR('',#9293,10.);
#1625=VECTOR('',#9296,10.);
#1626=VECTOR('',#9301,10.);
#1627=VECTOR('',#9306,10.);
#1628=VECTOR('',#9313,10.);
#1629=VECTOR('',#9318,10.);
#1630=VECTOR('',#9325,10.);
#1631=VECTOR('',#9328,10.);
#1632=VECTOR('',#9331,10.);
#1633=VECTOR('',#9332,10.);
#1634=VECTOR('',#9333,10.);
#1635=VECTOR('',#9336,10.);
#1636=VECTOR('',#9337,10.);
#1637=VECTOR('',#9358,10.);
#1638=VECTOR('',#9359,10.);
#1639=VECTOR('',#9362,10.);
#1640=VECTOR('',#9365,10.);
#1641=VECTOR('',#9370,10.);
#1642=VECTOR('',#9371,10.);
#1643=VECTOR('',#9374,10.);
#1644=VECTOR('',#9377,10.);
#1645=VECTOR('',#9378,10.);
#1646=VECTOR('',#9379,10.);
#1647=VECTOR('',#9382,10.);
#1648=VECTOR('',#9397,10.);
#1649=VECTOR('',#9402,10.);
#1650=VECTOR('',#9407,10.);
#1651=VECTOR('',#9414,10.);
#1652=VECTOR('',#9417,10.);
#1653=VECTOR('',#9420,10.);
#1654=VECTOR('',#9421,10.);
#1655=VECTOR('',#9422,10.);
#1656=VECTOR('',#9425,10.);
#1657=VECTOR('',#9426,10.);
#1658=VECTOR('',#9447,10.);
#1659=VECTOR('',#9448,10.);
#1660=VECTOR('',#9451,10.);
#1661=VECTOR('',#9454,10.);
#1662=VECTOR('',#9459,10.);
#1663=VECTOR('',#9460,10.);
#1664=VECTOR('',#9463,10.);
#1665=VECTOR('',#9466,10.);
#1666=VECTOR('',#9467,10.);
#1667=VECTOR('',#9468,10.);
#1668=VECTOR('',#9471,10.);
#1669=VECTOR('',#9486,10.);
#1670=VECTOR('',#9489,10.);
#1671=VECTOR('',#9490,10.);
#1672=VECTOR('',#9491,10.);
#1673=VECTOR('',#9492,10.);
#1674=VECTOR('',#9495,10.);
#1675=VECTOR('',#9496,10.);
#1676=VECTOR('',#9497,10.);
#1677=VECTOR('',#9500,10.);
#1678=VECTOR('',#9501,10.);
#1679=VECTOR('',#9502,10.);
#1680=VECTOR('',#9505,10.);
#1681=VECTOR('',#9506,10.);
#1682=VECTOR('',#9507,10.);
#1683=VECTOR('',#9510,10.);
#1684=VECTOR('',#9513,10.);
#1685=VECTOR('',#9514,10.);
#1686=VECTOR('',#9521,10.);
#1687=VECTOR('',#9522,10.);
#1688=VECTOR('',#9523,10.);
#1689=VECTOR('',#9524,10.);
#1690=VECTOR('',#9527,10.);
#1691=VECTOR('',#9528,10.);
#1692=VECTOR('',#9529,10.);
#1693=VECTOR('',#9532,10.);
#1694=VECTOR('',#9533,10.);
#1695=VECTOR('',#9534,10.);
#1696=VECTOR('',#9537,10.);
#1697=VECTOR('',#9538,10.);
#1698=VECTOR('',#9539,10.);
#1699=VECTOR('',#9542,10.);
#1700=VECTOR('',#9545,10.);
#1701=VECTOR('',#9546,10.);
#1702=VECTOR('',#9551,10.);
#1703=VECTOR('',#9554,10.);
#1704=VECTOR('',#9561,10.);
#1705=VECTOR('',#9566,10.);
#1706=VECTOR('',#9573,10.);
#1707=VECTOR('',#9576,10.);
#1708=VECTOR('',#9579,10.);
#1709=VECTOR('',#9580,10.);
#1710=VECTOR('',#9581,10.);
#1711=VECTOR('',#9584,10.);
#1712=VECTOR('',#9585,10.);
#1713=VECTOR('',#9606,10.);
#1714=VECTOR('',#9607,10.);
#1715=VECTOR('',#9610,10.);
#1716=VECTOR('',#9613,10.);
#1717=VECTOR('',#9618,10.);
#1718=VECTOR('',#9619,10.);
#1719=VECTOR('',#9622,10.);
#1720=VECTOR('',#9625,10.);
#1721=VECTOR('',#9626,10.);
#1722=VECTOR('',#9627,10.);
#1723=VECTOR('',#9630,10.);
#1724=VECTOR('',#9645,10.);
#1725=VECTOR('',#9648,10.);
#1726=VECTOR('',#9649,10.);
#1727=VECTOR('',#9650,10.);
#1728=VECTOR('',#9651,10.);
#1729=VECTOR('',#9654,10.);
#1730=VECTOR('',#9655,10.);
#1731=VECTOR('',#9656,10.);
#1732=VECTOR('',#9659,10.);
#1733=VECTOR('',#9660,10.);
#1734=VECTOR('',#9661,10.);
#1735=VECTOR('',#9664,10.);
#1736=VECTOR('',#9665,10.);
#1737=VECTOR('',#9666,10.);
#1738=VECTOR('',#9669,10.);
#1739=VECTOR('',#9672,10.);
#1740=VECTOR('',#9673,10.);
#1741=VECTOR('',#9682,10.);
#1742=VECTOR('',#9685,10.);
#1743=VECTOR('',#9688,10.);
#1744=VECTOR('',#9693,10.);
#1745=VECTOR('',#9696,10.);
#1746=VECTOR('',#9699,10.);
#1747=VECTOR('',#9704,10.);
#1748=VECTOR('',#9705,10.);
#1749=VECTOR('',#9706,10.);
#1750=VECTOR('',#9707,10.);
#1751=VECTOR('',#9714,10.);
#1752=VECTOR('',#9717,10.);
#1753=VECTOR('',#9720,10.);
#1754=VECTOR('',#9725,10.);
#1755=VECTOR('',#9728,10.);
#1756=VECTOR('',#9731,10.);
#1757=VECTOR('',#9732,10.);
#1758=VECTOR('',#9735,10.);
#1759=VECTOR('',#9736,10.);
#1760=VECTOR('',#9739,10.);
#1761=VECTOR('',#9742,10.);
#1762=VECTOR('',#9747,10.);
#1763=VECTOR('',#9750,10.);
#1764=VECTOR('',#9753,10.);
#1765=VECTOR('',#9756,10.);
#1766=VECTOR('',#9759,10.);
#1767=VECTOR('',#9760,10.);
#1768=VECTOR('',#9763,10.);
#1769=VECTOR('',#9766,10.);
#1770=VECTOR('',#9771,10.);
#1771=VECTOR('',#9774,10.);
#1772=VECTOR('',#9779,10.);
#1773=VECTOR('',#9784,10.);
#1774=VECTOR('',#9799,10.);
#1775=VECTOR('',#9800,10.);
#1776=VECTOR('',#9823,10.);
#1777=VECTOR('',#9824,10.);
#1778=VECTOR('',#9835,10.);
#1779=VECTOR('',#9848,10.);
#1780=VECTOR('',#9849,10.);
#1781=VECTOR('',#9852,10.);
#1782=VECTOR('',#9853,10.);
#1783=VECTOR('',#9866,10.);
#1784=VECTOR('',#9867,10.);
#1785=VECTOR('',#9870,10.);
#1786=VECTOR('',#9871,10.);
#1787=VECTOR('',#9874,10.);
#1788=VECTOR('',#9875,10.);
#1789=VECTOR('',#9878,10.);
#1790=VECTOR('',#9881,10.);
#1791=VECTOR('',#9894,10.);
#1792=VECTOR('',#9895,10.);
#1793=VECTOR('',#9898,10.);
#1794=VECTOR('',#9899,10.);
#1795=VECTOR('',#9912,10.);
#1796=VECTOR('',#9913,10.);
#1797=VECTOR('',#9916,10.);
#1798=VECTOR('',#9917,10.);
#1799=VECTOR('',#9920,10.);
#1800=VECTOR('',#9921,10.);
#1801=VECTOR('',#9924,10.);
#1802=VECTOR('',#9927,10.);
#1803=VECTOR('',#9940,10.);
#1804=VECTOR('',#9941,10.);
#1805=VECTOR('',#9954,10.);
#1806=VECTOR('',#9955,10.);
#1807=VECTOR('',#9958,10.);
#1808=VECTOR('',#9959,10.);
#1809=VECTOR('',#9962,10.);
#1810=VECTOR('',#9963,10.);
#1811=VECTOR('',#9966,10.);
#1812=VECTOR('',#9967,10.);
#1813=VECTOR('',#9970,10.);
#1814=VECTOR('',#9973,10.);
#1815=VECTOR('',#9986,10.);
#1816=VECTOR('',#9987,10.);
#1817=VECTOR('',#9990,10.);
#1818=VECTOR('',#9991,10.);
#1819=VECTOR('',#10004,10.);
#1820=VECTOR('',#10005,10.);
#1821=VECTOR('',#10008,10.);
#1822=VECTOR('',#10009,10.);
#1823=VECTOR('',#10012,10.);
#1824=VECTOR('',#10013,10.);
#1825=VECTOR('',#10016,10.);
#1826=VECTOR('',#10019,10.);
#1827=VECTOR('',#10022,10.);
#1828=VECTOR('',#10025,10.);
#1829=VECTOR('',#10028,10.);
#1830=VECTOR('',#10029,10.);
#1831=VECTOR('',#10034,10.);
#1832=VECTOR('',#10037,10.);
#1833=VECTOR('',#10042,10.);
#1834=VECTOR('',#10043,10.);
#1835=VECTOR('',#10050,10.);
#1836=VECTOR('',#10051,10.);
#1837=VECTOR('',#10054,10.);
#1838=VECTOR('',#10055,10.);
#1839=VECTOR('',#10056,10.);
#1840=VECTOR('',#10063,10.);
#1841=VECTOR('',#10068,10.);
#1842=(
BOUNDED_SURFACE()
B_SPLINE_SURFACE(1,2,((#10224,#10225,#10226,#10227,#10228,#10229,#10230,
#10231,#10232),(#10233,#10234,#10235,#10236,#10237,#10238,#10239,#10240,
#10241)),.UNSPECIFIED.,.F.,.T.,.F.)
B_SPLINE_SURFACE_WITH_KNOTS((2,2),(3,2,2,2,3),(0.,2.375),(-3.14159265358979,
-1.5707963267949,0.,1.5707963267949,3.14159265358979),.UNSPECIFIED.)
GEOMETRIC_REPRESENTATION_ITEM()
RATIONAL_B_SPLINE_SURFACE(((1.,0.707106781186548,1.,0.707106781186548,1.,
0.707106781186548,1.,0.707106781186548,1.),(1.,0.707106781186548,1.,0.707106781186548,
1.,0.707106781186548,1.,0.707106781186548,1.)))
REPRESENTATION_ITEM('')
SURFACE()
);
#1843=(
BOUNDED_SURFACE()
B_SPLINE_SURFACE(1,2,((#10382,#10383,#10384,#10385,#10386,#10387,#10388,
#10389,#10390),(#10391,#10392,#10393,#10394,#10395,#10396,#10397,#10398,
#10399)),.UNSPECIFIED.,.F.,.T.,.F.)
B_SPLINE_SURFACE_WITH_KNOTS((2,2),(3,2,2,2,3),(0.,2.375),(-3.14159265358979,
-1.5707963267949,0.,1.5707963267949,3.14159265358979),.UNSPECIFIED.)
GEOMETRIC_REPRESENTATION_ITEM()
RATIONAL_B_SPLINE_SURFACE(((1.,0.707106781186548,1.,0.707106781186548,1.,
0.707106781186548,1.,0.707106781186548,1.),(1.,0.707106781186548,1.,0.707106781186548,
1.,0.707106781186548,1.,0.707106781186548,1.)))
REPRESENTATION_ITEM('')
SURFACE()
);
#1844=FACE_OUTER_BOUND('',#2245,.T.);
#1845=FACE_OUTER_BOUND('',#2246,.T.);
#1846=FACE_OUTER_BOUND('',#2247,.T.);
#1847=FACE_OUTER_BOUND('',#2248,.T.);
#1848=FACE_OUTER_BOUND('',#2249,.T.);
#1849=FACE_OUTER_BOUND('',#2250,.T.);
#1850=FACE_OUTER_BOUND('',#2251,.T.);
#1851=FACE_OUTER_BOUND('',#2252,.T.);
#1852=FACE_OUTER_BOUND('',#2253,.T.);
#1853=FACE_OUTER_BOUND('',#2254,.T.);
#1854=FACE_OUTER_BOUND('',#2255,.T.);
#1855=FACE_OUTER_BOUND('',#2256,.T.);
#1856=FACE_OUTER_BOUND('',#2257,.T.);
#1857=FACE_OUTER_BOUND('',#2258,.T.);
#1858=FACE_OUTER_BOUND('',#2259,.T.);
#1859=FACE_OUTER_BOUND('',#2260,.T.);
#1860=FACE_OUTER_BOUND('',#2261,.T.);
#1861=FACE_OUTER_BOUND('',#2262,.T.);
#1862=FACE_OUTER_BOUND('',#2263,.T.);
#1863=FACE_OUTER_BOUND('',#2268,.T.);
#1864=FACE_OUTER_BOUND('',#2269,.T.);
#1865=FACE_OUTER_BOUND('',#2270,.T.);
#1866=FACE_OUTER_BOUND('',#2271,.T.);
#1867=FACE_OUTER_BOUND('',#2272,.T.);
#1868=FACE_OUTER_BOUND('',#2273,.T.);
#1869=FACE_OUTER_BOUND('',#2274,.T.);
#1870=FACE_OUTER_BOUND('',#2275,.T.);
#1871=FACE_OUTER_BOUND('',#2276,.T.);
#1872=FACE_OUTER_BOUND('',#2277,.T.);
#1873=FACE_OUTER_BOUND('',#2278,.T.);
#1874=FACE_OUTER_BOUND('',#2279,.T.);
#1875=FACE_OUTER_BOUND('',#2280,.T.);
#1876=FACE_OUTER_BOUND('',#2282,.T.);
#1877=FACE_OUTER_BOUND('',#2283,.T.);
#1878=FACE_OUTER_BOUND('',#2284,.T.);
#1879=FACE_OUTER_BOUND('',#2285,.T.);
#1880=FACE_OUTER_BOUND('',#2286,.T.);
#1881=FACE_OUTER_BOUND('',#2287,.T.);
#1882=FACE_OUTER_BOUND('',#2288,.T.);
#1883=FACE_OUTER_BOUND('',#2289,.T.);
#1884=FACE_OUTER_BOUND('',#2290,.T.);
#1885=FACE_OUTER_BOUND('',#2291,.T.);
#1886=FACE_OUTER_BOUND('',#2292,.T.);
#1887=FACE_OUTER_BOUND('',#2293,.T.);
#1888=FACE_OUTER_BOUND('',#2294,.T.);
#1889=FACE_OUTER_BOUND('',#2295,.T.);
#1890=FACE_OUTER_BOUND('',#2296,.T.);
#1891=FACE_OUTER_BOUND('',#2297,.T.);
#1892=FACE_OUTER_BOUND('',#2298,.T.);
#1893=FACE_OUTER_BOUND('',#2299,.T.);
#1894=FACE_OUTER_BOUND('',#2300,.T.);
#1895=FACE_OUTER_BOUND('',#2301,.T.);
#1896=FACE_OUTER_BOUND('',#2302,.T.);
#1897=FACE_OUTER_BOUND('',#2303,.T.);
#1898=FACE_OUTER_BOUND('',#2304,.T.);
#1899=FACE_OUTER_BOUND('',#2305,.T.);
#1900=FACE_OUTER_BOUND('',#2306,.T.);
#1901=FACE_OUTER_BOUND('',#2307,.T.);
#1902=FACE_OUTER_BOUND('',#2308,.T.);
#1903=FACE_OUTER_BOUND('',#2309,.T.);
#1904=FACE_OUTER_BOUND('',#2310,.T.);
#1905=FACE_OUTER_BOUND('',#2311,.T.);
#1906=FACE_OUTER_BOUND('',#2312,.T.);
#1907=FACE_OUTER_BOUND('',#2313,.T.);
#1908=FACE_OUTER_BOUND('',#2314,.T.);
#1909=FACE_OUTER_BOUND('',#2315,.T.);
#1910=FACE_OUTER_BOUND('',#2316,.T.);
#1911=FACE_OUTER_BOUND('',#2317,.T.);
#1912=FACE_OUTER_BOUND('',#2318,.T.);
#1913=FACE_OUTER_BOUND('',#2319,.T.);
#1914=FACE_OUTER_BOUND('',#2320,.T.);
#1915=FACE_OUTER_BOUND('',#2321,.T.);
#1916=FACE_OUTER_BOUND('',#2322,.T.);
#1917=FACE_OUTER_BOUND('',#2323,.T.);
#1918=FACE_OUTER_BOUND('',#2324,.T.);
#1919=FACE_OUTER_BOUND('',#2325,.T.);
#1920=FACE_OUTER_BOUND('',#2326,.T.);
#1921=FACE_OUTER_BOUND('',#2327,.T.);
#1922=FACE_OUTER_BOUND('',#2328,.T.);
#1923=FACE_OUTER_BOUND('',#2329,.T.);
#1924=FACE_OUTER_BOUND('',#2330,.T.);
#1925=FACE_OUTER_BOUND('',#2331,.T.);
#1926=FACE_OUTER_BOUND('',#2332,.T.);
#1927=FACE_OUTER_BOUND('',#2333,.T.);
#1928=FACE_OUTER_BOUND('',#2334,.T.);
#1929=FACE_OUTER_BOUND('',#2335,.T.);
#1930=FACE_OUTER_BOUND('',#2336,.T.);
#1931=FACE_OUTER_BOUND('',#2337,.T.);
#1932=FACE_OUTER_BOUND('',#2338,.T.);
#1933=FACE_OUTER_BOUND('',#2339,.T.);
#1934=FACE_OUTER_BOUND('',#2340,.T.);
#1935=FACE_OUTER_BOUND('',#2341,.T.);
#1936=FACE_OUTER_BOUND('',#2342,.T.);
#1937=FACE_OUTER_BOUND('',#2343,.T.);
#1938=FACE_OUTER_BOUND('',#2344,.T.);
#1939=FACE_OUTER_BOUND('',#2345,.T.);
#1940=FACE_OUTER_BOUND('',#2346,.T.);
#1941=FACE_OUTER_BOUND('',#2347,.T.);
#1942=FACE_OUTER_BOUND('',#2348,.T.);
#1943=FACE_OUTER_BOUND('',#2349,.T.);
#1944=FACE_OUTER_BOUND('',#2350,.T.);
#1945=FACE_OUTER_BOUND('',#2351,.T.);
#1946=FACE_OUTER_BOUND('',#2352,.T.);
#1947=FACE_OUTER_BOUND('',#2353,.T.);
#1948=FACE_OUTER_BOUND('',#2354,.T.);
#1949=FACE_OUTER_BOUND('',#2355,.T.);
#1950=FACE_OUTER_BOUND('',#2356,.T.);
#1951=FACE_OUTER_BOUND('',#2357,.T.);
#1952=FACE_OUTER_BOUND('',#2358,.T.);
#1953=FACE_OUTER_BOUND('',#2359,.T.);
#1954=FACE_OUTER_BOUND('',#2360,.T.);
#1955=FACE_OUTER_BOUND('',#2361,.T.);
#1956=FACE_OUTER_BOUND('',#2362,.T.);
#1957=FACE_OUTER_BOUND('',#2363,.T.);
#1958=FACE_OUTER_BOUND('',#2364,.T.);
#1959=FACE_OUTER_BOUND('',#2365,.T.);
#1960=FACE_OUTER_BOUND('',#2366,.T.);
#1961=FACE_OUTER_BOUND('',#2367,.T.);
#1962=FACE_OUTER_BOUND('',#2368,.T.);
#1963=FACE_OUTER_BOUND('',#2369,.T.);
#1964=FACE_OUTER_BOUND('',#2370,.T.);
#1965=FACE_OUTER_BOUND('',#2371,.T.);
#1966=FACE_OUTER_BOUND('',#2372,.T.);
#1967=FACE_OUTER_BOUND('',#2373,.T.);
#1968=FACE_OUTER_BOUND('',#2374,.T.);
#1969=FACE_OUTER_BOUND('',#2375,.T.);
#1970=FACE_OUTER_BOUND('',#2376,.T.);
#1971=FACE_OUTER_BOUND('',#2377,.T.);
#1972=FACE_OUTER_BOUND('',#2378,.T.);
#1973=FACE_OUTER_BOUND('',#2379,.T.);
#1974=FACE_OUTER_BOUND('',#2380,.T.);
#1975=FACE_OUTER_BOUND('',#2381,.T.);
#1976=FACE_OUTER_BOUND('',#2382,.T.);
#1977=FACE_OUTER_BOUND('',#2383,.T.);
#1978=FACE_OUTER_BOUND('',#2384,.T.);
#1979=FACE_OUTER_BOUND('',#2385,.T.);
#1980=FACE_OUTER_BOUND('',#2386,.T.);
#1981=FACE_OUTER_BOUND('',#2387,.T.);
#1982=FACE_OUTER_BOUND('',#2388,.T.);
#1983=FACE_OUTER_BOUND('',#2389,.T.);
#1984=FACE_OUTER_BOUND('',#2390,.T.);
#1985=FACE_OUTER_BOUND('',#2391,.T.);
#1986=FACE_OUTER_BOUND('',#2392,.T.);
#1987=FACE_OUTER_BOUND('',#2393,.T.);
#1988=FACE_OUTER_BOUND('',#2394,.T.);
#1989=FACE_OUTER_BOUND('',#2395,.T.);
#1990=FACE_OUTER_BOUND('',#2396,.T.);
#1991=FACE_OUTER_BOUND('',#2397,.T.);
#1992=FACE_OUTER_BOUND('',#2398,.T.);
#1993=FACE_OUTER_BOUND('',#2399,.T.);
#1994=FACE_OUTER_BOUND('',#2400,.T.);
#1995=FACE_OUTER_BOUND('',#2401,.T.);
#1996=FACE_OUTER_BOUND('',#2402,.T.);
#1997=FACE_OUTER_BOUND('',#2403,.T.);
#1998=FACE_OUTER_BOUND('',#2404,.T.);
#1999=FACE_OUTER_BOUND('',#2405,.T.);
#2000=FACE_OUTER_BOUND('',#2406,.T.);
#2001=FACE_OUTER_BOUND('',#2407,.T.);
#2002=FACE_OUTER_BOUND('',#2408,.T.);
#2003=FACE_OUTER_BOUND('',#2409,.T.);
#2004=FACE_OUTER_BOUND('',#2410,.T.);
#2005=FACE_OUTER_BOUND('',#2411,.T.);
#2006=FACE_OUTER_BOUND('',#2412,.T.);
#2007=FACE_OUTER_BOUND('',#2413,.T.);
#2008=FACE_OUTER_BOUND('',#2415,.T.);
#2009=FACE_OUTER_BOUND('',#2416,.T.);
#2010=FACE_OUTER_BOUND('',#2417,.T.);
#2011=FACE_OUTER_BOUND('',#2418,.T.);
#2012=FACE_OUTER_BOUND('',#2419,.T.);
#2013=FACE_OUTER_BOUND('',#2420,.T.);
#2014=FACE_OUTER_BOUND('',#2421,.T.);
#2015=FACE_OUTER_BOUND('',#2422,.T.);
#2016=FACE_OUTER_BOUND('',#2423,.T.);
#2017=FACE_OUTER_BOUND('',#2424,.T.);
#2018=FACE_OUTER_BOUND('',#2425,.T.);
#2019=FACE_OUTER_BOUND('',#2426,.T.);
#2020=FACE_OUTER_BOUND('',#2427,.T.);
#2021=FACE_OUTER_BOUND('',#2428,.T.);
#2022=FACE_OUTER_BOUND('',#2429,.T.);
#2023=FACE_OUTER_BOUND('',#2430,.T.);
#2024=FACE_OUTER_BOUND('',#2431,.T.);
#2025=FACE_OUTER_BOUND('',#2432,.T.);
#2026=FACE_OUTER_BOUND('',#2433,.T.);
#2027=FACE_OUTER_BOUND('',#2434,.T.);
#2028=FACE_OUTER_BOUND('',#2435,.T.);
#2029=FACE_OUTER_BOUND('',#2436,.T.);
#2030=FACE_OUTER_BOUND('',#2437,.T.);
#2031=FACE_OUTER_BOUND('',#2438,.T.);
#2032=FACE_OUTER_BOUND('',#2439,.T.);
#2033=FACE_OUTER_BOUND('',#2440,.T.);
#2034=FACE_OUTER_BOUND('',#2441,.T.);
#2035=FACE_OUTER_BOUND('',#2442,.T.);
#2036=FACE_OUTER_BOUND('',#2443,.T.);
#2037=FACE_OUTER_BOUND('',#2444,.T.);
#2038=FACE_OUTER_BOUND('',#2445,.T.);
#2039=FACE_OUTER_BOUND('',#2446,.T.);
#2040=FACE_OUTER_BOUND('',#2447,.T.);
#2041=FACE_OUTER_BOUND('',#2448,.T.);
#2042=FACE_OUTER_BOUND('',#2449,.T.);
#2043=FACE_OUTER_BOUND('',#2450,.T.);
#2044=FACE_OUTER_BOUND('',#2451,.T.);
#2045=FACE_OUTER_BOUND('',#2452,.T.);
#2046=FACE_OUTER_BOUND('',#2453,.T.);
#2047=FACE_OUTER_BOUND('',#2458,.T.);
#2048=FACE_OUTER_BOUND('',#2459,.T.);
#2049=FACE_OUTER_BOUND('',#2460,.T.);
#2050=FACE_OUTER_BOUND('',#2461,.T.);
#2051=FACE_OUTER_BOUND('',#2462,.T.);
#2052=FACE_OUTER_BOUND('',#2463,.T.);
#2053=FACE_OUTER_BOUND('',#2464,.T.);
#2054=FACE_OUTER_BOUND('',#2465,.T.);
#2055=FACE_OUTER_BOUND('',#2466,.T.);
#2056=FACE_OUTER_BOUND('',#2467,.T.);
#2057=FACE_OUTER_BOUND('',#2468,.T.);
#2058=FACE_OUTER_BOUND('',#2469,.T.);
#2059=FACE_OUTER_BOUND('',#2470,.T.);
#2060=FACE_OUTER_BOUND('',#2471,.T.);
#2061=FACE_OUTER_BOUND('',#2472,.T.);
#2062=FACE_OUTER_BOUND('',#2473,.T.);
#2063=FACE_OUTER_BOUND('',#2474,.T.);
#2064=FACE_OUTER_BOUND('',#2475,.T.);
#2065=FACE_OUTER_BOUND('',#2476,.T.);
#2066=FACE_OUTER_BOUND('',#2477,.T.);
#2067=FACE_OUTER_BOUND('',#2478,.T.);
#2068=FACE_OUTER_BOUND('',#2479,.T.);
#2069=FACE_OUTER_BOUND('',#2480,.T.);
#2070=FACE_OUTER_BOUND('',#2481,.T.);
#2071=FACE_OUTER_BOUND('',#2482,.T.);
#2072=FACE_OUTER_BOUND('',#2483,.T.);
#2073=FACE_OUTER_BOUND('',#2484,.T.);
#2074=FACE_OUTER_BOUND('',#2485,.T.);
#2075=FACE_OUTER_BOUND('',#2486,.T.);
#2076=FACE_OUTER_BOUND('',#2487,.T.);
#2077=FACE_OUTER_BOUND('',#2488,.T.);
#2078=FACE_OUTER_BOUND('',#2489,.T.);
#2079=FACE_OUTER_BOUND('',#2490,.T.);
#2080=FACE_OUTER_BOUND('',#2491,.T.);
#2081=FACE_OUTER_BOUND('',#2492,.T.);
#2082=FACE_OUTER_BOUND('',#2493,.T.);
#2083=FACE_OUTER_BOUND('',#2494,.T.);
#2084=FACE_OUTER_BOUND('',#2495,.T.);
#2085=FACE_OUTER_BOUND('',#2496,.T.);
#2086=FACE_OUTER_BOUND('',#2497,.T.);
#2087=FACE_OUTER_BOUND('',#2498,.T.);
#2088=FACE_OUTER_BOUND('',#2499,.T.);
#2089=FACE_OUTER_BOUND('',#2500,.T.);
#2090=FACE_OUTER_BOUND('',#2501,.T.);
#2091=FACE_OUTER_BOUND('',#2502,.T.);
#2092=FACE_OUTER_BOUND('',#2503,.T.);
#2093=FACE_OUTER_BOUND('',#2504,.T.);
#2094=FACE_OUTER_BOUND('',#2505,.T.);
#2095=FACE_OUTER_BOUND('',#2506,.T.);
#2096=FACE_OUTER_BOUND('',#2507,.T.);
#2097=FACE_OUTER_BOUND('',#2508,.T.);
#2098=FACE_OUTER_BOUND('',#2509,.T.);
#2099=FACE_OUTER_BOUND('',#2510,.T.);
#2100=FACE_OUTER_BOUND('',#2511,.T.);
#2101=FACE_OUTER_BOUND('',#2512,.T.);
#2102=FACE_OUTER_BOUND('',#2513,.T.);
#2103=FACE_OUTER_BOUND('',#2514,.T.);
#2104=FACE_OUTER_BOUND('',#2515,.T.);
#2105=FACE_OUTER_BOUND('',#2516,.T.);
#2106=FACE_OUTER_BOUND('',#2517,.T.);
#2107=FACE_OUTER_BOUND('',#2518,.T.);
#2108=FACE_OUTER_BOUND('',#2519,.T.);
#2109=FACE_OUTER_BOUND('',#2520,.T.);
#2110=FACE_OUTER_BOUND('',#2521,.T.);
#2111=FACE_OUTER_BOUND('',#2522,.T.);
#2112=FACE_OUTER_BOUND('',#2523,.T.);
#2113=FACE_OUTER_BOUND('',#2524,.T.);
#2114=FACE_OUTER_BOUND('',#2525,.T.);
#2115=FACE_OUTER_BOUND('',#2526,.T.);
#2116=FACE_OUTER_BOUND('',#2527,.T.);
#2117=FACE_OUTER_BOUND('',#2528,.T.);
#2118=FACE_OUTER_BOUND('',#2529,.T.);
#2119=FACE_OUTER_BOUND('',#2530,.T.);
#2120=FACE_OUTER_BOUND('',#2531,.T.);
#2121=FACE_OUTER_BOUND('',#2532,.T.);
#2122=FACE_OUTER_BOUND('',#2533,.T.);
#2123=FACE_OUTER_BOUND('',#2534,.T.);
#2124=FACE_OUTER_BOUND('',#2535,.T.);
#2125=FACE_OUTER_BOUND('',#2536,.T.);
#2126=FACE_OUTER_BOUND('',#2537,.T.);
#2127=FACE_OUTER_BOUND('',#2538,.T.);
#2128=FACE_OUTER_BOUND('',#2539,.T.);
#2129=FACE_OUTER_BOUND('',#2540,.T.);
#2130=FACE_OUTER_BOUND('',#2541,.T.);
#2131=FACE_OUTER_BOUND('',#2542,.T.);
#2132=FACE_OUTER_BOUND('',#2543,.T.);
#2133=FACE_OUTER_BOUND('',#2544,.T.);
#2134=FACE_OUTER_BOUND('',#2545,.T.);
#2135=FACE_OUTER_BOUND('',#2546,.T.);
#2136=FACE_OUTER_BOUND('',#2547,.T.);
#2137=FACE_OUTER_BOUND('',#2548,.T.);
#2138=FACE_OUTER_BOUND('',#2549,.T.);
#2139=FACE_OUTER_BOUND('',#2550,.T.);
#2140=FACE_OUTER_BOUND('',#2551,.T.);
#2141=FACE_OUTER_BOUND('',#2552,.T.);
#2142=FACE_OUTER_BOUND('',#2553,.T.);
#2143=FACE_OUTER_BOUND('',#2554,.T.);
#2144=FACE_OUTER_BOUND('',#2555,.T.);
#2145=FACE_OUTER_BOUND('',#2556,.T.);
#2146=FACE_OUTER_BOUND('',#2557,.T.);
#2147=FACE_OUTER_BOUND('',#2558,.T.);
#2148=FACE_OUTER_BOUND('',#2559,.T.);
#2149=FACE_OUTER_BOUND('',#2560,.T.);
#2150=FACE_OUTER_BOUND('',#2561,.T.);
#2151=FACE_OUTER_BOUND('',#2562,.T.);
#2152=FACE_OUTER_BOUND('',#2563,.T.);
#2153=FACE_OUTER_BOUND('',#2564,.T.);
#2154=FACE_OUTER_BOUND('',#2565,.T.);
#2155=FACE_OUTER_BOUND('',#2566,.T.);
#2156=FACE_OUTER_BOUND('',#2567,.T.);
#2157=FACE_OUTER_BOUND('',#2568,.T.);
#2158=FACE_OUTER_BOUND('',#2569,.T.);
#2159=FACE_OUTER_BOUND('',#2570,.T.);
#2160=FACE_OUTER_BOUND('',#2571,.T.);
#2161=FACE_OUTER_BOUND('',#2572,.T.);
#2162=FACE_OUTER_BOUND('',#2573,.T.);
#2163=FACE_OUTER_BOUND('',#2574,.T.);
#2164=FACE_OUTER_BOUND('',#2575,.T.);
#2165=FACE_OUTER_BOUND('',#2576,.T.);
#2166=FACE_OUTER_BOUND('',#2577,.T.);
#2167=FACE_OUTER_BOUND('',#2578,.T.);
#2168=FACE_OUTER_BOUND('',#2579,.T.);
#2169=FACE_OUTER_BOUND('',#2580,.T.);
#2170=FACE_OUTER_BOUND('',#2581,.T.);
#2171=FACE_OUTER_BOUND('',#2582,.T.);
#2172=FACE_OUTER_BOUND('',#2583,.T.);
#2173=FACE_OUTER_BOUND('',#2584,.T.);
#2174=FACE_OUTER_BOUND('',#2585,.T.);
#2175=FACE_OUTER_BOUND('',#2586,.T.);
#2176=FACE_OUTER_BOUND('',#2587,.T.);
#2177=FACE_OUTER_BOUND('',#2588,.T.);
#2178=FACE_OUTER_BOUND('',#2589,.T.);
#2179=FACE_OUTER_BOUND('',#2590,.T.);
#2180=FACE_OUTER_BOUND('',#2591,.T.);
#2181=FACE_OUTER_BOUND('',#2592,.T.);
#2182=FACE_OUTER_BOUND('',#2593,.T.);
#2183=FACE_OUTER_BOUND('',#2594,.T.);
#2184=FACE_OUTER_BOUND('',#2595,.T.);
#2185=FACE_OUTER_BOUND('',#2596,.T.);
#2186=FACE_OUTER_BOUND('',#2597,.T.);
#2187=FACE_OUTER_BOUND('',#2598,.T.);
#2188=FACE_OUTER_BOUND('',#2599,.T.);
#2189=FACE_OUTER_BOUND('',#2600,.T.);
#2190=FACE_OUTER_BOUND('',#2601,.T.);
#2191=FACE_OUTER_BOUND('',#2602,.T.);
#2192=FACE_OUTER_BOUND('',#2603,.T.);
#2193=FACE_OUTER_BOUND('',#2604,.T.);
#2194=FACE_OUTER_BOUND('',#2605,.T.);
#2195=FACE_OUTER_BOUND('',#2606,.T.);
#2196=FACE_OUTER_BOUND('',#2607,.T.);
#2197=FACE_OUTER_BOUND('',#2608,.T.);
#2198=FACE_OUTER_BOUND('',#2609,.T.);
#2199=FACE_OUTER_BOUND('',#2610,.T.);
#2200=FACE_OUTER_BOUND('',#2611,.T.);
#2201=FACE_OUTER_BOUND('',#2612,.T.);
#2202=FACE_OUTER_BOUND('',#2613,.T.);
#2203=FACE_OUTER_BOUND('',#2614,.T.);
#2204=FACE_OUTER_BOUND('',#2615,.T.);
#2205=FACE_OUTER_BOUND('',#2616,.T.);
#2206=FACE_OUTER_BOUND('',#2617,.T.);
#2207=FACE_OUTER_BOUND('',#2618,.T.);
#2208=FACE_OUTER_BOUND('',#2619,.T.);
#2209=FACE_OUTER_BOUND('',#2620,.T.);
#2210=FACE_OUTER_BOUND('',#2621,.T.);
#2211=FACE_OUTER_BOUND('',#2622,.T.);
#2212=FACE_OUTER_BOUND('',#2623,.T.);
#2213=FACE_OUTER_BOUND('',#2624,.T.);
#2214=FACE_OUTER_BOUND('',#2625,.T.);
#2215=FACE_OUTER_BOUND('',#2626,.T.);
#2216=FACE_OUTER_BOUND('',#2627,.T.);
#2217=FACE_OUTER_BOUND('',#2628,.T.);
#2218=FACE_OUTER_BOUND('',#2629,.T.);
#2219=FACE_OUTER_BOUND('',#2630,.T.);
#2220=FACE_OUTER_BOUND('',#2631,.T.);
#2221=FACE_OUTER_BOUND('',#2632,.T.);
#2222=FACE_OUTER_BOUND('',#2633,.T.);
#2223=FACE_OUTER_BOUND('',#2634,.T.);
#2224=FACE_OUTER_BOUND('',#2635,.T.);
#2225=FACE_OUTER_BOUND('',#2636,.T.);
#2226=FACE_OUTER_BOUND('',#2637,.T.);
#2227=FACE_OUTER_BOUND('',#2638,.T.);
#2228=FACE_OUTER_BOUND('',#2639,.T.);
#2229=FACE_OUTER_BOUND('',#2640,.T.);
#2230=FACE_OUTER_BOUND('',#2641,.T.);
#2231=FACE_OUTER_BOUND('',#2642,.T.);
#2232=FACE_OUTER_BOUND('',#2643,.T.);
#2233=FACE_OUTER_BOUND('',#2644,.T.);
#2234=FACE_OUTER_BOUND('',#2645,.T.);
#2235=FACE_OUTER_BOUND('',#2646,.T.);
#2236=FACE_OUTER_BOUND('',#2647,.T.);
#2237=FACE_OUTER_BOUND('',#2648,.T.);
#2238=FACE_OUTER_BOUND('',#2649,.T.);
#2239=FACE_OUTER_BOUND('',#2650,.T.);
#2240=FACE_OUTER_BOUND('',#2651,.T.);
#2241=FACE_OUTER_BOUND('',#2652,.T.);
#2242=FACE_OUTER_BOUND('',#2653,.T.);
#2243=FACE_OUTER_BOUND('',#2654,.T.);
#2244=FACE_OUTER_BOUND('',#2655,.T.);
#2245=EDGE_LOOP('',(#4465,#4466,#4467,#4468));
#2246=EDGE_LOOP('',(#4469,#4470,#4471,#4472));
#2247=EDGE_LOOP('',(#4473));
#2248=EDGE_LOOP('',(#4474,#4475,#4476,#4477));
#2249=EDGE_LOOP('',(#4478,#4479,#4480,#4481));
#2250=EDGE_LOOP('',(#4482));
#2251=EDGE_LOOP('',(#4483,#4484,#4485,#4486));
#2252=EDGE_LOOP('',(#4487,#4488,#4489,#4490));
#2253=EDGE_LOOP('',(#4491,#4492,#4493,#4494));
#2254=EDGE_LOOP('',(#4495,#4496,#4497,#4498));
#2255=EDGE_LOOP('',(#4499,#4500,#4501,#4502,#4503,#4504,#4505,#4506,#4507,
#4508,#4509,#4510,#4511,#4512,#4513,#4514,#4515,#4516,#4517,#4518));
#2256=EDGE_LOOP('',(#4519,#4520,#4521,#4522));
#2257=EDGE_LOOP('',(#4523,#4524,#4525,#4526));
#2258=EDGE_LOOP('',(#4527,#4528,#4529,#4530));
#2259=EDGE_LOOP('',(#4531,#4532,#4533,#4534));
#2260=EDGE_LOOP('',(#4535,#4536,#4537,#4538));
#2261=EDGE_LOOP('',(#4539,#4540,#4541,#4542,#4543,#4544,#4545,#4546,#4547,
#4548,#4549,#4550,#4551,#4552,#4553,#4554,#4555,#4556,#4557,#4558));
#2262=EDGE_LOOP('',(#4559,#4560,#4561,#4562));
#2263=EDGE_LOOP('',(#4563,#4564,#4565,#4566,#4567,#4568,#4569,#4570));
#2264=EDGE_LOOP('',(#4571,#4572,#4573,#4574));
#2265=EDGE_LOOP('',(#4575,#4576,#4577,#4578));
#2266=EDGE_LOOP('',(#4579,#4580,#4581,#4582));
#2267=EDGE_LOOP('',(#4583,#4584,#4585,#4586));
#2268=EDGE_LOOP('',(#4587,#4588,#4589,#4590));
#2269=EDGE_LOOP('',(#4591,#4592,#4593,#4594,#4595,#4596,#4597,#4598,#4599,
#4600));
#2270=EDGE_LOOP('',(#4601,#4602,#4603,#4604));
#2271=EDGE_LOOP('',(#4605,#4606,#4607,#4608));
#2272=EDGE_LOOP('',(#4609,#4610,#4611,#4612));
#2273=EDGE_LOOP('',(#4613,#4614,#4615,#4616));
#2274=EDGE_LOOP('',(#4617,#4618,#4619,#4620));
#2275=EDGE_LOOP('',(#4621,#4622,#4623,#4624));
#2276=EDGE_LOOP('',(#4625,#4626,#4627,#4628));
#2277=EDGE_LOOP('',(#4629,#4630,#4631,#4632));
#2278=EDGE_LOOP('',(#4633,#4634,#4635,#4636,#4637,#4638,#4639,#4640,#4641,
#4642,#4643,#4644,#4645));
#2279=EDGE_LOOP('',(#4646,#4647,#4648,#4649,#4650,#4651,#4652,#4653,#4654,
#4655,#4656,#4657,#4658,#4659,#4660,#4661,#4662,#4663,#4664,#4665,#4666,
#4667,#4668,#4669,#4670,#4671,#4672,#4673,#4674,#4675,#4676,#4677,#4678,
#4679));
#2280=EDGE_LOOP('',(#4680,#4681,#4682,#4683));
#2281=EDGE_LOOP('',(#4684,#4685,#4686,#4687));
#2282=EDGE_LOOP('',(#4688,#4689,#4690));
#2283=EDGE_LOOP('',(#4691,#4692,#4693));
#2284=EDGE_LOOP('',(#4694,#4695,#4696));
#2285=EDGE_LOOP('',(#4697,#4698,#4699));
#2286=EDGE_LOOP('',(#4700,#4701,#4702,#4703));
#2287=EDGE_LOOP('',(#4704,#4705,#4706,#4707));
#2288=EDGE_LOOP('',(#4708,#4709,#4710,#4711));
#2289=EDGE_LOOP('',(#4712,#4713,#4714,#4715));
#2290=EDGE_LOOP('',(#4716,#4717,#4718,#4719));
#2291=EDGE_LOOP('',(#4720,#4721,#4722,#4723));
#2292=EDGE_LOOP('',(#4724,#4725,#4726,#4727));
#2293=EDGE_LOOP('',(#4728,#4729,#4730,#4731));
#2294=EDGE_LOOP('',(#4732,#4733,#4734,#4735,#4736,#4737,#4738,#4739,#4740,
#4741,#4742,#4743));
#2295=EDGE_LOOP('',(#4744,#4745,#4746,#4747));
#2296=EDGE_LOOP('',(#4748,#4749,#4750,#4751));
#2297=EDGE_LOOP('',(#4752,#4753,#4754,#4755,#4756,#4757,#4758,#4759,#4760,
#4761,#4762,#4763,#4764,#4765,#4766,#4767,#4768,#4769,#4770,#4771,#4772,
#4773,#4774,#4775));
#2298=EDGE_LOOP('',(#4776,#4777,#4778,#4779));
#2299=EDGE_LOOP('',(#4780,#4781,#4782));
#2300=EDGE_LOOP('',(#4783,#4784,#4785,#4786));
#2301=EDGE_LOOP('',(#4787,#4788,#4789,#4790));
#2302=EDGE_LOOP('',(#4791,#4792,#4793,#4794));
#2303=EDGE_LOOP('',(#4795,#4796,#4797,#4798));
#2304=EDGE_LOOP('',(#4799,#4800,#4801,#4802));
#2305=EDGE_LOOP('',(#4803,#4804,#4805,#4806));
#2306=EDGE_LOOP('',(#4807,#4808,#4809,#4810));
#2307=EDGE_LOOP('',(#4811,#4812,#4813));
#2308=EDGE_LOOP('',(#4814,#4815,#4816,#4817));
#2309=EDGE_LOOP('',(#4818,#4819,#4820,#4821));
#2310=EDGE_LOOP('',(#4822,#4823,#4824,#4825));
#2311=EDGE_LOOP('',(#4826,#4827,#4828,#4829));
#2312=EDGE_LOOP('',(#4830,#4831,#4832,#4833));
#2313=EDGE_LOOP('',(#4834,#4835,#4836,#4837));
#2314=EDGE_LOOP('',(#4838,#4839,#4840,#4841));
#2315=EDGE_LOOP('',(#4842,#4843,#4844,#4845));
#2316=EDGE_LOOP('',(#4846,#4847,#4848,#4849));
#2317=EDGE_LOOP('',(#4850,#4851,#4852,#4853,#4854,#4855));
#2318=EDGE_LOOP('',(#4856,#4857,#4858,#4859));
#2319=EDGE_LOOP('',(#4860,#4861,#4862,#4863));
#2320=EDGE_LOOP('',(#4864,#4865,#4866));
#2321=EDGE_LOOP('',(#4867,#4868,#4869));
#2322=EDGE_LOOP('',(#4870,#4871,#4872,#4873));
#2323=EDGE_LOOP('',(#4874,#4875,#4876,#4877));
#2324=EDGE_LOOP('',(#4878,#4879,#4880));
#2325=EDGE_LOOP('',(#4881,#4882,#4883,#4884));
#2326=EDGE_LOOP('',(#4885,#4886,#4887));
#2327=EDGE_LOOP('',(#4888,#4889,#4890));
#2328=EDGE_LOOP('',(#4891,#4892,#4893));
#2329=EDGE_LOOP('',(#4894,#4895,#4896,#4897));
#2330=EDGE_LOOP('',(#4898,#4899,#4900,#4901));
#2331=EDGE_LOOP('',(#4902,#4903,#4904));
#2332=EDGE_LOOP('',(#4905,#4906,#4907,#4908));
#2333=EDGE_LOOP('',(#4909,#4910,#4911,#4912));
#2334=EDGE_LOOP('',(#4913,#4914,#4915));
#2335=EDGE_LOOP('',(#4916,#4917,#4918));
#2336=EDGE_LOOP('',(#4919,#4920,#4921));
#2337=EDGE_LOOP('',(#4922,#4923,#4924,#4925));
#2338=EDGE_LOOP('',(#4926,#4927,#4928,#4929));
#2339=EDGE_LOOP('',(#4930,#4931,#4932,#4933));
#2340=EDGE_LOOP('',(#4934,#4935,#4936,#4937));
#2341=EDGE_LOOP('',(#4938,#4939,#4940));
#2342=EDGE_LOOP('',(#4941,#4942,#4943,#4944));
#2343=EDGE_LOOP('',(#4945,#4946,#4947));
#2344=EDGE_LOOP('',(#4948,#4949,#4950,#4951));
#2345=EDGE_LOOP('',(#4952,#4953,#4954,#4955));
#2346=EDGE_LOOP('',(#4956,#4957,#4958,#4959));
#2347=EDGE_LOOP('',(#4960,#4961,#4962,#4963));
#2348=EDGE_LOOP('',(#4964,#4965,#4966,#4967));
#2349=EDGE_LOOP('',(#4968,#4969,#4970,#4971));
#2350=EDGE_LOOP('',(#4972,#4973,#4974,#4975));
#2351=EDGE_LOOP('',(#4976,#4977,#4978,#4979));
#2352=EDGE_LOOP('',(#4980,#4981,#4982,#4983));
#2353=EDGE_LOOP('',(#4984,#4985,#4986,#4987));
#2354=EDGE_LOOP('',(#4988,#4989,#4990,#4991));
#2355=EDGE_LOOP('',(#4992,#4993,#4994,#4995));
#2356=EDGE_LOOP('',(#4996,#4997,#4998,#4999));
#2357=EDGE_LOOP('',(#5000,#5001,#5002,#5003));
#2358=EDGE_LOOP('',(#5004,#5005,#5006,#5007));
#2359=EDGE_LOOP('',(#5008,#5009,#5010,#5011));
#2360=EDGE_LOOP('',(#5012,#5013,#5014,#5015));
#2361=EDGE_LOOP('',(#5016,#5017,#5018,#5019));
#2362=EDGE_LOOP('',(#5020,#5021,#5022,#5023));
#2363=EDGE_LOOP('',(#5024,#5025,#5026,#5027));
#2364=EDGE_LOOP('',(#5028,#5029,#5030,#5031));
#2365=EDGE_LOOP('',(#5032,#5033,#5034,#5035));
#2366=EDGE_LOOP('',(#5036,#5037,#5038,#5039));
#2367=EDGE_LOOP('',(#5040,#5041,#5042,#5043));
#2368=EDGE_LOOP('',(#5044,#5045,#5046,#5047));
#2369=EDGE_LOOP('',(#5048,#5049,#5050,#5051,#5052,#5053));
#2370=EDGE_LOOP('',(#5054,#5055,#5056,#5057));
#2371=EDGE_LOOP('',(#5058,#5059,#5060,#5061,#5062,#5063));
#2372=EDGE_LOOP('',(#5064,#5065,#5066,#5067,#5068,#5069,#5070,#5071,#5072,
#5073));
#2373=EDGE_LOOP('',(#5074,#5075,#5076,#5077,#5078,#5079));
#2374=EDGE_LOOP('',(#5080,#5081,#5082,#5083));
#2375=EDGE_LOOP('',(#5084,#5085,#5086,#5087,#5088,#5089));
#2376=EDGE_LOOP('',(#5090,#5091,#5092,#5093));
#2377=EDGE_LOOP('',(#5094,#5095,#5096,#5097));
#2378=EDGE_LOOP('',(#5098,#5099,#5100,#5101,#5102,#5103,#5104,#5105));
#2379=EDGE_LOOP('',(#5106,#5107,#5108,#5109));
#2380=EDGE_LOOP('',(#5110,#5111,#5112,#5113));
#2381=EDGE_LOOP('',(#5114,#5115,#5116,#5117));
#2382=EDGE_LOOP('',(#5118,#5119,#5120,#5121,#5122,#5123,#5124,#5125));
#2383=EDGE_LOOP('',(#5126,#5127,#5128,#5129));
#2384=EDGE_LOOP('',(#5130,#5131,#5132));
#2385=EDGE_LOOP('',(#5133,#5134,#5135));
#2386=EDGE_LOOP('',(#5136,#5137,#5138,#5139));
#2387=EDGE_LOOP('',(#5140,#5141,#5142,#5143));
#2388=EDGE_LOOP('',(#5144,#5145,#5146));
#2389=EDGE_LOOP('',(#5147,#5148,#5149));
#2390=EDGE_LOOP('',(#5150,#5151,#5152,#5153));
#2391=EDGE_LOOP('',(#5154,#5155,#5156,#5157));
#2392=EDGE_LOOP('',(#5158,#5159,#5160,#5161));
#2393=EDGE_LOOP('',(#5162,#5163,#5164,#5165));
#2394=EDGE_LOOP('',(#5166,#5167,#5168,#5169));
#2395=EDGE_LOOP('',(#5170,#5171,#5172,#5173));
#2396=EDGE_LOOP('',(#5174,#5175,#5176,#5177));
#2397=EDGE_LOOP('',(#5178,#5179,#5180,#5181));
#2398=EDGE_LOOP('',(#5182,#5183,#5184,#5185));
#2399=EDGE_LOOP('',(#5186,#5187,#5188,#5189));
#2400=EDGE_LOOP('',(#5190,#5191,#5192,#5193));
#2401=EDGE_LOOP('',(#5194,#5195,#5196,#5197));
#2402=EDGE_LOOP('',(#5198,#5199,#5200,#5201));
#2403=EDGE_LOOP('',(#5202,#5203,#5204,#5205));
#2404=EDGE_LOOP('',(#5206,#5207,#5208,#5209,#5210,#5211,#5212,#5213,#5214,
#5215));
#2405=EDGE_LOOP('',(#5216,#5217,#5218,#5219,#5220,#5221));
#2406=EDGE_LOOP('',(#5222,#5223,#5224,#5225));
#2407=EDGE_LOOP('',(#5226,#5227,#5228,#5229));
#2408=EDGE_LOOP('',(#5230,#5231,#5232,#5233));
#2409=EDGE_LOOP('',(#5234,#5235,#5236,#5237));
#2410=EDGE_LOOP('',(#5238,#5239,#5240,#5241));
#2411=EDGE_LOOP('',(#5242,#5243,#5244,#5245));
#2412=EDGE_LOOP('',(#5246,#5247,#5248,#5249));
#2413=EDGE_LOOP('',(#5250,#5251,#5252,#5253,#5254,#5255,#5256,#5257,#5258,
#5259,#5260,#5261,#5262,#5263,#5264,#5265));
#2414=EDGE_LOOP('',(#5266,#5267,#5268,#5269));
#2415=EDGE_LOOP('',(#5270,#5271,#5272,#5273));
#2416=EDGE_LOOP('',(#5274,#5275,#5276));
#2417=EDGE_LOOP('',(#5277,#5278,#5279,#5280));
#2418=EDGE_LOOP('',(#5281,#5282,#5283,#5284));
#2419=EDGE_LOOP('',(#5285,#5286,#5287,#5288));
#2420=EDGE_LOOP('',(#5289,#5290,#5291));
#2421=EDGE_LOOP('',(#5292,#5293,#5294,#5295));
#2422=EDGE_LOOP('',(#5296,#5297,#5298,#5299));
#2423=EDGE_LOOP('',(#5300,#5301,#5302,#5303));
#2424=EDGE_LOOP('',(#5304,#5305,#5306,#5307));
#2425=EDGE_LOOP('',(#5308,#5309,#5310,#5311));
#2426=EDGE_LOOP('',(#5312,#5313,#5314,#5315,#5316,#5317,#5318));
#2427=EDGE_LOOP('',(#5319,#5320,#5321,#5322));
#2428=EDGE_LOOP('',(#5323,#5324,#5325,#5326,#5327,#5328,#5329,#5330,#5331,
#5332));
#2429=EDGE_LOOP('',(#5333,#5334,#5335,#5336));
#2430=EDGE_LOOP('',(#5337,#5338,#5339,#5340));
#2431=EDGE_LOOP('',(#5341,#5342,#5343,#5344));
#2432=EDGE_LOOP('',(#5345,#5346,#5347,#5348));
#2433=EDGE_LOOP('',(#5349,#5350,#5351,#5352));
#2434=EDGE_LOOP('',(#5353,#5354,#5355,#5356));
#2435=EDGE_LOOP('',(#5357,#5358,#5359));
#2436=EDGE_LOOP('',(#5360,#5361,#5362,#5363));
#2437=EDGE_LOOP('',(#5364,#5365,#5366,#5367));
#2438=EDGE_LOOP('',(#5368,#5369,#5370,#5371));
#2439=EDGE_LOOP('',(#5372,#5373,#5374,#5375));
#2440=EDGE_LOOP('',(#5376,#5377,#5378,#5379));
#2441=EDGE_LOOP('',(#5380,#5381,#5382,#5383));
#2442=EDGE_LOOP('',(#5384,#5385,#5386,#5387));
#2443=EDGE_LOOP('',(#5388,#5389,#5390,#5391));
#2444=EDGE_LOOP('',(#5392,#5393,#5394,#5395));
#2445=EDGE_LOOP('',(#5396,#5397,#5398,#5399,#5400,#5401));
#2446=EDGE_LOOP('',(#5402,#5403,#5404,#5405));
#2447=EDGE_LOOP('',(#5406,#5407,#5408,#5409));
#2448=EDGE_LOOP('',(#5410,#5411,#5412,#5413));
#2449=EDGE_LOOP('',(#5414,#5415,#5416,#5417,#5418,#5419));
#2450=EDGE_LOOP('',(#5420,#5421,#5422,#5423));
#2451=EDGE_LOOP('',(#5424,#5425,#5426,#5427));
#2452=EDGE_LOOP('',(#5428,#5429,#5430,#5431));
#2453=EDGE_LOOP('',(#5432,#5433,#5434,#5435,#5436,#5437,#5438,#5439,#5440,
#5441,#5442,#5443,#5444,#5445,#5446,#5447,#5448,#5449,#5450,#5451,#5452,
#5453,#5454,#5455,#5456,#5457,#5458,#5459,#5460,#5461,#5462,#5463,#5464,
#5465,#5466,#5467,#5468,#5469,#5470,#5471,#5472,#5473,#5474,#5475,#5476,
#5477,#5478,#5479,#5480,#5481));
#2454=EDGE_LOOP('',(#5482));
#2455=EDGE_LOOP('',(#5483));
#2456=EDGE_LOOP('',(#5484,#5485,#5486,#5487));
#2457=EDGE_LOOP('',(#5488,#5489,#5490,#5491));
#2458=EDGE_LOOP('',(#5492,#5493,#5494,#5495));
#2459=EDGE_LOOP('',(#5496,#5497,#5498,#5499));
#2460=EDGE_LOOP('',(#5500,#5501,#5502,#5503));
#2461=EDGE_LOOP('',(#5504,#5505,#5506,#5507));
#2462=EDGE_LOOP('',(#5508,#5509,#5510,#5511));
#2463=EDGE_LOOP('',(#5512,#5513,#5514,#5515));
#2464=EDGE_LOOP('',(#5516,#5517,#5518,#5519));
#2465=EDGE_LOOP('',(#5520,#5521,#5522,#5523));
#2466=EDGE_LOOP('',(#5524,#5525,#5526,#5527));
#2467=EDGE_LOOP('',(#5528,#5529,#5530,#5531));
#2468=EDGE_LOOP('',(#5532,#5533,#5534,#5535));
#2469=EDGE_LOOP('',(#5536,#5537,#5538,#5539));
#2470=EDGE_LOOP('',(#5540,#5541,#5542,#5543));
#2471=EDGE_LOOP('',(#5544,#5545,#5546,#5547));
#2472=EDGE_LOOP('',(#5548,#5549,#5550,#5551));
#2473=EDGE_LOOP('',(#5552,#5553,#5554,#5555));
#2474=EDGE_LOOP('',(#5556,#5557,#5558,#5559));
#2475=EDGE_LOOP('',(#5560,#5561,#5562,#5563));
#2476=EDGE_LOOP('',(#5564,#5565,#5566,#5567));
#2477=EDGE_LOOP('',(#5568,#5569,#5570,#5571));
#2478=EDGE_LOOP('',(#5572,#5573,#5574,#5575));
#2479=EDGE_LOOP('',(#5576,#5577,#5578,#5579));
#2480=EDGE_LOOP('',(#5580,#5581,#5582,#5583));
#2481=EDGE_LOOP('',(#5584,#5585,#5586,#5587));
#2482=EDGE_LOOP('',(#5588,#5589,#5590));
#2483=EDGE_LOOP('',(#5591,#5592,#5593));
#2484=EDGE_LOOP('',(#5594,#5595,#5596,#5597));
#2485=EDGE_LOOP('',(#5598,#5599,#5600,#5601));
#2486=EDGE_LOOP('',(#5602,#5603,#5604,#5605));
#2487=EDGE_LOOP('',(#5606,#5607,#5608,#5609));
#2488=EDGE_LOOP('',(#5610,#5611,#5612,#5613));
#2489=EDGE_LOOP('',(#5614,#5615,#5616,#5617,#5618,#5619));
#2490=EDGE_LOOP('',(#5620,#5621,#5622,#5623));
#2491=EDGE_LOOP('',(#5624,#5625,#5626,#5627));
#2492=EDGE_LOOP('',(#5628,#5629,#5630,#5631));
#2493=EDGE_LOOP('',(#5632,#5633,#5634,#5635));
#2494=EDGE_LOOP('',(#5636,#5637,#5638,#5639));
#2495=EDGE_LOOP('',(#5640,#5641,#5642,#5643));
#2496=EDGE_LOOP('',(#5644,#5645,#5646,#5647));
#2497=EDGE_LOOP('',(#5648,#5649,#5650,#5651));
#2498=EDGE_LOOP('',(#5652,#5653,#5654,#5655));
#2499=EDGE_LOOP('',(#5656,#5657,#5658,#5659));
#2500=EDGE_LOOP('',(#5660,#5661,#5662));
#2501=EDGE_LOOP('',(#5663,#5664,#5665));
#2502=EDGE_LOOP('',(#5666,#5667,#5668,#5669));
#2503=EDGE_LOOP('',(#5670,#5671,#5672,#5673));
#2504=EDGE_LOOP('',(#5674,#5675,#5676,#5677));
#2505=EDGE_LOOP('',(#5678,#5679,#5680,#5681));
#2506=EDGE_LOOP('',(#5682,#5683,#5684,#5685));
#2507=EDGE_LOOP('',(#5686,#5687,#5688,#5689,#5690,#5691));
#2508=EDGE_LOOP('',(#5692,#5693,#5694,#5695));
#2509=EDGE_LOOP('',(#5696,#5697,#5698,#5699));
#2510=EDGE_LOOP('',(#5700,#5701,#5702,#5703));
#2511=EDGE_LOOP('',(#5704,#5705,#5706,#5707));
#2512=EDGE_LOOP('',(#5708,#5709,#5710,#5711));
#2513=EDGE_LOOP('',(#5712,#5713,#5714,#5715));
#2514=EDGE_LOOP('',(#5716,#5717,#5718,#5719));
#2515=EDGE_LOOP('',(#5720,#5721,#5722,#5723,#5724,#5725,#5726,#5727,#5728,
#5729,#5730,#5731,#5732,#5733));
#2516=EDGE_LOOP('',(#5734,#5735,#5736,#5737,#5738));
#2517=EDGE_LOOP('',(#5739,#5740,#5741,#5742,#5743));
#2518=EDGE_LOOP('',(#5744,#5745,#5746,#5747,#5748,#5749,#5750,#5751));
#2519=EDGE_LOOP('',(#5752,#5753,#5754,#5755,#5756,#5757));
#2520=EDGE_LOOP('',(#5758,#5759,#5760,#5761));
#2521=EDGE_LOOP('',(#5762,#5763,#5764,#5765));
#2522=EDGE_LOOP('',(#5766,#5767,#5768,#5769));
#2523=EDGE_LOOP('',(#5770,#5771,#5772,#5773,#5774,#5775,#5776,#5777,#5778,
#5779,#5780,#5781,#5782,#5783));
#2524=EDGE_LOOP('',(#5784,#5785,#5786,#5787,#5788));
#2525=EDGE_LOOP('',(#5789,#5790,#5791,#5792,#5793));
#2526=EDGE_LOOP('',(#5794,#5795,#5796,#5797,#5798,#5799,#5800,#5801));
#2527=EDGE_LOOP('',(#5802,#5803,#5804,#5805,#5806,#5807));
#2528=EDGE_LOOP('',(#5808,#5809,#5810,#5811));
#2529=EDGE_LOOP('',(#5812,#5813,#5814,#5815));
#2530=EDGE_LOOP('',(#5816,#5817,#5818,#5819));
#2531=EDGE_LOOP('',(#5820,#5821,#5822,#5823));
#2532=EDGE_LOOP('',(#5824,#5825,#5826,#5827));
#2533=EDGE_LOOP('',(#5828,#5829,#5830,#5831));
#2534=EDGE_LOOP('',(#5832,#5833,#5834,#5835));
#2535=EDGE_LOOP('',(#5836,#5837,#5838,#5839));
#2536=EDGE_LOOP('',(#5840,#5841,#5842));
#2537=EDGE_LOOP('',(#5843,#5844,#5845));
#2538=EDGE_LOOP('',(#5846,#5847,#5848,#5849));
#2539=EDGE_LOOP('',(#5850,#5851,#5852,#5853));
#2540=EDGE_LOOP('',(#5854,#5855,#5856,#5857));
#2541=EDGE_LOOP('',(#5858,#5859,#5860,#5861));
#2542=EDGE_LOOP('',(#5862,#5863,#5864,#5865));
#2543=EDGE_LOOP('',(#5866,#5867,#5868,#5869,#5870,#5871));
#2544=EDGE_LOOP('',(#5872,#5873,#5874,#5875));
#2545=EDGE_LOOP('',(#5876,#5877,#5878,#5879));
#2546=EDGE_LOOP('',(#5880,#5881,#5882,#5883));
#2547=EDGE_LOOP('',(#5884,#5885,#5886,#5887));
#2548=EDGE_LOOP('',(#5888,#5889,#5890,#5891));
#2549=EDGE_LOOP('',(#5892,#5893,#5894,#5895));
#2550=EDGE_LOOP('',(#5896,#5897,#5898,#5899));
#2551=EDGE_LOOP('',(#5900,#5901,#5902,#5903,#5904,#5905,#5906,#5907,#5908,
#5909,#5910,#5911,#5912,#5913));
#2552=EDGE_LOOP('',(#5914,#5915,#5916,#5917,#5918));
#2553=EDGE_LOOP('',(#5919,#5920,#5921,#5922,#5923));
#2554=EDGE_LOOP('',(#5924,#5925,#5926,#5927,#5928,#5929,#5930,#5931));
#2555=EDGE_LOOP('',(#5932,#5933,#5934,#5935,#5936,#5937));
#2556=EDGE_LOOP('',(#5938,#5939,#5940,#5941));
#2557=EDGE_LOOP('',(#5942,#5943,#5944,#5945));
#2558=EDGE_LOOP('',(#5946,#5947,#5948,#5949));
#2559=EDGE_LOOP('',(#5950,#5951,#5952,#5953));
#2560=EDGE_LOOP('',(#5954,#5955,#5956,#5957));
#2561=EDGE_LOOP('',(#5958,#5959,#5960,#5961));
#2562=EDGE_LOOP('',(#5962,#5963,#5964,#5965));
#2563=EDGE_LOOP('',(#5966,#5967,#5968,#5969));
#2564=EDGE_LOOP('',(#5970,#5971,#5972,#5973));
#2565=EDGE_LOOP('',(#5974,#5975,#5976,#5977,#5978,#5979,#5980,#5981,#5982,
#5983));
#2566=EDGE_LOOP('',(#5984,#5985,#5986,#5987,#5988,#5989,#5990,#5991,#5992,
#5993));
#2567=EDGE_LOOP('',(#5994,#5995,#5996,#5997));
#2568=EDGE_LOOP('',(#5998,#5999,#6000,#6001,#6002,#6003,#6004,#6005));
#2569=EDGE_LOOP('',(#6006,#6007,#6008,#6009,#6010,#6011,#6012,#6013,#6014,
#6015));
#2570=EDGE_LOOP('',(#6016,#6017,#6018,#6019,#6020,#6021,#6022,#6023));
#2571=EDGE_LOOP('',(#6024,#6025,#6026,#6027));
#2572=EDGE_LOOP('',(#6028,#6029,#6030,#6031));
#2573=EDGE_LOOP('',(#6032,#6033,#6034,#6035,#6036,#6037,#6038,#6039,#6040,
#6041,#6042));
#2574=EDGE_LOOP('',(#6043,#6044,#6045,#6046));
#2575=EDGE_LOOP('',(#6047,#6048,#6049,#6050));
#2576=EDGE_LOOP('',(#6051,#6052,#6053,#6054));
#2577=EDGE_LOOP('',(#6055,#6056,#6057,#6058));
#2578=EDGE_LOOP('',(#6059,#6060,#6061,#6062));
#2579=EDGE_LOOP('',(#6063,#6064,#6065,#6066));
#2580=EDGE_LOOP('',(#6067,#6068,#6069,#6070));
#2581=EDGE_LOOP('',(#6071,#6072,#6073,#6074));
#2582=EDGE_LOOP('',(#6075,#6076,#6077,#6078,#6079,#6080,#6081,#6082,#6083,
#6084,#6085,#6086,#6087));
#2583=EDGE_LOOP('',(#6088,#6089,#6090,#6091,#6092,#6093,#6094));
#2584=EDGE_LOOP('',(#6095,#6096,#6097,#6098,#6099,#6100,#6101,#6102,#6103,
#6104,#6105,#6106,#6107));
#2585=EDGE_LOOP('',(#6108,#6109,#6110,#6111));
#2586=EDGE_LOOP('',(#6112,#6113,#6114,#6115,#6116,#6117));
#2587=EDGE_LOOP('',(#6118,#6119,#6120,#6121,#6122,#6123));
#2588=EDGE_LOOP('',(#6124,#6125,#6126,#6127));
#2589=EDGE_LOOP('',(#6128,#6129,#6130,#6131));
#2590=EDGE_LOOP('',(#6132,#6133,#6134,#6135));
#2591=EDGE_LOOP('',(#6136,#6137,#6138,#6139));
#2592=EDGE_LOOP('',(#6140,#6141,#6142,#6143));
#2593=EDGE_LOOP('',(#6144,#6145,#6146,#6147));
#2594=EDGE_LOOP('',(#6148,#6149,#6150,#6151));
#2595=EDGE_LOOP('',(#6152,#6153,#6154,#6155));
#2596=EDGE_LOOP('',(#6156,#6157,#6158,#6159));
#2597=EDGE_LOOP('',(#6160,#6161,#6162,#6163));
#2598=EDGE_LOOP('',(#6164,#6165,#6166));
#2599=EDGE_LOOP('',(#6167,#6168,#6169,#6170));
#2600=EDGE_LOOP('',(#6171,#6172,#6173,#6174));
#2601=EDGE_LOOP('',(#6175,#6176,#6177));
#2602=EDGE_LOOP('',(#6178,#6179,#6180,#6181));
#2603=EDGE_LOOP('',(#6182,#6183,#6184,#6185));
#2604=EDGE_LOOP('',(#6186,#6187,#6188,#6189));
#2605=EDGE_LOOP('',(#6190,#6191,#6192,#6193));
#2606=EDGE_LOOP('',(#6194,#6195,#6196,#6197));
#2607=EDGE_LOOP('',(#6198,#6199,#6200));
#2608=EDGE_LOOP('',(#6201,#6202,#6203,#6204));
#2609=EDGE_LOOP('',(#6205,#6206,#6207,#6208));
#2610=EDGE_LOOP('',(#6209,#6210,#6211));
#2611=EDGE_LOOP('',(#6212,#6213,#6214,#6215));
#2612=EDGE_LOOP('',(#6216,#6217,#6218,#6219));
#2613=EDGE_LOOP('',(#6220,#6221,#6222,#6223));
#2614=EDGE_LOOP('',(#6224,#6225,#6226,#6227));
#2615=EDGE_LOOP('',(#6228,#6229,#6230,#6231));
#2616=EDGE_LOOP('',(#6232,#6233,#6234));
#2617=EDGE_LOOP('',(#6235,#6236,#6237,#6238));
#2618=EDGE_LOOP('',(#6239,#6240,#6241));
#2619=EDGE_LOOP('',(#6242,#6243,#6244,#6245));
#2620=EDGE_LOOP('',(#6246,#6247,#6248,#6249));
#2621=EDGE_LOOP('',(#6250,#6251,#6252,#6253));
#2622=EDGE_LOOP('',(#6254,#6255,#6256,#6257));
#2623=EDGE_LOOP('',(#6258,#6259,#6260,#6261));
#2624=EDGE_LOOP('',(#6262,#6263,#6264,#6265));
#2625=EDGE_LOOP('',(#6266,#6267,#6268));
#2626=EDGE_LOOP('',(#6269,#6270,#6271,#6272));
#2627=EDGE_LOOP('',(#6273,#6274,#6275,#6276));
#2628=EDGE_LOOP('',(#6277,#6278,#6279));
#2629=EDGE_LOOP('',(#6280,#6281,#6282,#6283));
#2630=EDGE_LOOP('',(#6284,#6285,#6286,#6287));
#2631=EDGE_LOOP('',(#6288,#6289,#6290,#6291));
#2632=EDGE_LOOP('',(#6292,#6293,#6294,#6295));
#2633=EDGE_LOOP('',(#6296,#6297,#6298,#6299));
#2634=EDGE_LOOP('',(#6300,#6301,#6302,#6303));
#2635=EDGE_LOOP('',(#6304,#6305,#6306,#6307));
#2636=EDGE_LOOP('',(#6308,#6309,#6310,#6311));
#2637=EDGE_LOOP('',(#6312,#6313,#6314,#6315));
#2638=EDGE_LOOP('',(#6316,#6317,#6318,#6319));
#2639=EDGE_LOOP('',(#6320,#6321,#6322,#6323));
#2640=EDGE_LOOP('',(#6324,#6325,#6326,#6327,#6328,#6329,#6330,#6331,#6332,
#6333,#6334,#6335,#6336,#6337,#6338,#6339,#6340,#6341,#6342,#6343));
#2641=EDGE_LOOP('',(#6344,#6345,#6346,#6347,#6348,#6349,#6350,#6351,#6352,
#6353,#6354,#6355,#6356));
#2642=EDGE_LOOP('',(#6357,#6358,#6359,#6360));
#2643=EDGE_LOOP('',(#6361,#6362,#6363,#6364));
#2644=EDGE_LOOP('',(#6365,#6366,#6367,#6368));
#2645=EDGE_LOOP('',(#6369,#6370,#6371,#6372));
#2646=EDGE_LOOP('',(#6373,#6374,#6375,#6376));
#2647=EDGE_LOOP('',(#6377,#6378,#6379,#6380));
#2648=EDGE_LOOP('',(#6381,#6382,#6383,#6384));
#2649=EDGE_LOOP('',(#6385,#6386,#6387,#6388));
#2650=EDGE_LOOP('',(#6389,#6390,#6391,#6392,#6393,#6394,#6395,#6396,#6397,
#6398,#6399,#6400,#6401,#6402,#6403,#6404,#6405,#6406,#6407,#6408));
#2651=EDGE_LOOP('',(#6409,#6410,#6411,#6412));
#2652=EDGE_LOOP('',(#6413,#6414,#6415,#6416));
#2653=EDGE_LOOP('',(#6417,#6418,#6419,#6420,#6421,#6422,#6423,#6424,#6425,
#6426,#6427,#6428));
#2654=EDGE_LOOP('',(#6429,#6430,#6431,#6432,#6433,#6434));
#2655=EDGE_LOOP('',(#6435,#6436,#6437,#6438,#6439,#6440,#6441,#6442));
#2656=B_SPLINE_CURVE_WITH_KNOTS('',3,(#10186,#10187,#10188,#10189,#10190,
#10191,#10192,#10193,#10194,#10195,#10196,#10197,#10198,#10199,#10200,#10201,
#10202,#10203,#10204),.UNSPECIFIED.,.T.,.F.,(4,1,1,1,1,1,1,1,1,1,1,1,1,
1,1,1,4),(-3.14159265358979,-2.91719317833338,-2.69279370307697,-2.24399475256414,
-1.34639685153848,-0.897597901025656,-0.448798950512828,-0.224399475256414,
-4.44089209850063E-16,0.224399475256413,0.448798950512827,0.897597901025655,
1.34639685153848,2.24399475256414,2.69279370307697,2.91719317833338,3.14159265358979),
 .UNSPECIFIED.);
#2657=B_SPLINE_CURVE_WITH_KNOTS('',3,(#10205,#10206,#10207,#10208,#10209,
#10210,#10211,#10212,#10213,#10214,#10215,#10216,#10217,#10218,#10219,#10220,
#10221,#10222,#10223),.UNSPECIFIED.,.T.,.F.,(4,1,1,1,1,1,1,1,1,1,1,1,1,
1,1,1,4),(-3.14159265358979,-2.91719317833338,-2.69279370307697,-2.24399475256414,
-1.34639685153848,-0.897597901025655,-0.448798950512827,-0.224399475256413,
4.44089209850063E-16,0.224399475256414,0.448798950512828,0.897597901025656,
1.34639685153848,2.24399475256414,2.69279370307697,2.91719317833338,3.14159265358979),
 .UNSPECIFIED.);
#2658=B_SPLINE_CURVE_WITH_KNOTS('',3,(#10344,#10345,#10346,#10347,#10348,
#10349,#10350,#10351,#10352,#10353,#10354,#10355,#10356,#10357,#10358,#10359,
#10360,#10361,#10362),.UNSPECIFIED.,.T.,.F.,(4,1,1,1,1,1,1,1,1,1,1,1,1,
1,1,1,4),(-3.14159265358979,-2.91719317833338,-2.69279370307697,-2.24399475256414,
-1.34639685153848,-0.897597901025655,-0.448798950512827,-0.224399475256413,
4.44089209850063E-16,0.224399475256414,0.448798950512828,0.897597901025656,
1.34639685153848,2.24399475256414,2.69279370307697,2.91719317833338,3.14159265358979),
 .UNSPECIFIED.);
#2659=B_SPLINE_CURVE_WITH_KNOTS('',3,(#10363,#10364,#10365,#10366,#10367,
#10368,#10369,#10370,#10371,#10372,#10373,#10374,#10375,#10376,#10377,#10378,
#10379,#10380,#10381),.UNSPECIFIED.,.T.,.F.,(4,1,1,1,1,1,1,1,1,1,1,1,1,
1,1,1,4),(-3.14159265358979,-2.91719317833338,-2.69279370307697,-2.24399475256414,
-1.34639685153848,-0.897597901025656,-0.448798950512828,-0.224399475256414,
-4.44089209850063E-16,0.224399475256413,0.448798950512827,0.897597901025655,
1.34639685153848,2.24399475256414,2.69279370307697,2.91719317833338,3.14159265358979),
 .UNSPECIFIED.);
#2660=CIRCLE('',#7271,0.2);
#2661=CIRCLE('',#7274,0.2);
#2662=CIRCLE('',#7299,0.2);
#2663=CIRCLE('',#7300,0.2);
#2664=CIRCLE('',#7302,0.2);
#2665=CIRCLE('',#7303,0.2);
#2666=CIRCLE('',#7305,0.2);
#2667=CIRCLE('',#7308,0.2);
#2668=CIRCLE('',#7319,0.1);
#2669=CIRCLE('',#7320,0.1);
#2670=CIRCLE('',#7322,0.1);
#2671=CIRCLE('',#7323,0.1);
#2672=CIRCLE('',#7324,0.1);
#2673=CIRCLE('',#7325,0.1);
#2674=CIRCLE('',#7326,0.1);
#2675=CIRCLE('',#7327,0.1);
#2676=CIRCLE('',#7328,0.1);
#2677=CIRCLE('',#7329,0.1);
#2678=CIRCLE('',#7332,0.2);
#2679=CIRCLE('',#7333,0.199999999999996);
#2680=CIRCLE('',#7334,0.199999999999996);
#2681=CIRCLE('',#7336,0.2);
#2682=CIRCLE('',#7337,0.199999999999996);
#2683=CIRCLE('',#7338,0.199999999999996);
#2684=CIRCLE('',#7340,0.199999999999996);
#2685=CIRCLE('',#7341,0.2);
#2686=CIRCLE('',#7342,0.199999999999996);
#2687=CIRCLE('',#7344,0.2);
#2688=CIRCLE('',#7345,0.199999999999996);
#2689=CIRCLE('',#7346,0.199999999999996);
#2690=CIRCLE('',#7349,0.2);
#2691=CIRCLE('',#7353,0.2);
#2692=CIRCLE('',#7355,0.2);
#2693=CIRCLE('',#7358,0.2);
#2694=CIRCLE('',#7369,0.2);
#2695=CIRCLE('',#7370,0.2);
#2696=CIRCLE('',#7371,0.2);
#2697=CIRCLE('',#7373,0.2);
#2698=CIRCLE('',#7375,0.2);
#2699=CIRCLE('',#7379,0.2);
#2700=CIRCLE('',#7383,0.2);
#2701=CIRCLE('',#7386,0.2);
#2702=CIRCLE('',#7387,0.2);
#2703=CIRCLE('',#7388,0.2);
#2704=CIRCLE('',#7390,0.2);
#2705=CIRCLE('',#7393,0.2);
#2706=CIRCLE('',#7400,0.2);
#2707=CIRCLE('',#7410,0.199999999999987);
#2708=CIRCLE('',#7411,0.2);
#2709=CIRCLE('',#7412,0.200000000000002);
#2710=CIRCLE('',#7414,0.199999999999996);
#2711=CIRCLE('',#7415,0.2);
#2712=CIRCLE('',#7416,0.2);
#2713=CIRCLE('',#7423,0.199999999999996);
#2714=CIRCLE('',#7424,0.2);
#2715=CIRCLE('',#7425,0.199999999999996);
#2716=CIRCLE('',#7429,0.199999999999996);
#2717=CIRCLE('',#7430,0.2);
#2718=CIRCLE('',#7431,0.2);
#2719=CIRCLE('',#7433,0.2);
#2720=CIRCLE('',#7434,0.199999999999996);
#2721=CIRCLE('',#7435,0.199999999999996);
#2722=CIRCLE('',#7437,0.2);
#2723=CIRCLE('',#7438,0.199999999999996);
#2724=CIRCLE('',#7439,0.199999999999996);
#2725=CIRCLE('',#7443,0.2);
#2726=CIRCLE('',#7444,0.199999999999996);
#2727=CIRCLE('',#7445,0.199999999999996);
#2728=CIRCLE('',#7449,0.2);
#2729=CIRCLE('',#7450,0.2);
#2730=CIRCLE('',#7451,0.199999999999996);
#2731=CIRCLE('',#7453,0.200000000000005);
#2732=CIRCLE('',#7454,0.2);
#2733=CIRCLE('',#7455,0.2);
#2734=CIRCLE('',#7457,0.200000000000002);
#2735=CIRCLE('',#7458,0.2);
#2736=CIRCLE('',#7459,0.199999999999996);
#2737=CIRCLE('',#7469,0.199999999999996);
#2738=CIRCLE('',#7470,0.2);
#2739=CIRCLE('',#7471,0.200000000000002);
#2740=CIRCLE('',#7474,0.200000000000002);
#2741=CIRCLE('',#7475,0.2);
#2742=CIRCLE('',#7476,0.199999999999996);
#2743=CIRCLE('',#7479,0.2);
#2744=CIRCLE('',#7530,0.199999999999996);
#2745=CIRCLE('',#7531,0.2);
#2746=CIRCLE('',#7532,0.199999999999996);
#2747=CIRCLE('',#7534,0.2);
#2748=CIRCLE('',#7535,0.199999999999996);
#2749=CIRCLE('',#7536,0.199999999999996);
#2750=CIRCLE('',#7541,0.199999999999996);
#2751=CIRCLE('',#7542,0.2);
#2752=CIRCLE('',#7543,0.199999999999996);
#2753=CIRCLE('',#7545,0.2);
#2754=CIRCLE('',#7546,0.2);
#2755=CIRCLE('',#7547,0.199999999999996);
#2756=CIRCLE('',#7571,0.2);
#2757=CIRCLE('',#7585,0.2);
#2758=CIRCLE('',#7588,0.2);
#2759=CIRCLE('',#7589,0.2);
#2760=CIRCLE('',#7590,0.199999999999996);
#2761=CIRCLE('',#7594,0.2);
#2762=CIRCLE('',#7598,0.2);
#2763=CIRCLE('',#7599,0.2);
#2764=CIRCLE('',#7600,0.2);
#2765=CIRCLE('',#7606,0.2);
#2766=CIRCLE('',#7609,0.1);
#2767=CIRCLE('',#7612,0.2);
#2768=CIRCLE('',#7613,0.2);
#2769=CIRCLE('',#7619,0.2);
#2770=CIRCLE('',#7624,0.200000000000002);
#2771=CIRCLE('',#7625,0.2);
#2772=CIRCLE('',#7626,0.2);
#2773=CIRCLE('',#7628,0.2);
#2774=CIRCLE('',#7630,0.2);
#2775=CIRCLE('',#7637,0.1);
#2776=CIRCLE('',#7638,1.5);
#2777=CIRCLE('',#7639,0.1);
#2778=CIRCLE('',#7640,1.4);
#2779=CIRCLE('',#7642,0.100000000000001);
#2780=CIRCLE('',#7644,1.5);
#2781=CIRCLE('',#7645,1.4);
#2782=CIRCLE('',#7648,0.1);
#2783=CIRCLE('',#7649,1.5);
#2784=CIRCLE('',#7650,0.1);
#2785=CIRCLE('',#7651,1.4);
#2786=CIRCLE('',#7653,0.100000000000001);
#2787=CIRCLE('',#7655,0.1);
#2788=CIRCLE('',#7656,1.5);
#2789=CIRCLE('',#7657,1.4);
#2790=CIRCLE('',#7660,0.1);
#2791=CIRCLE('',#7663,0.1);
#2792=CIRCLE('',#7667,1.);
#2793=CIRCLE('',#7668,1.);
#2794=CIRCLE('',#7669,1.);
#2795=CIRCLE('',#7670,1.);
#2796=CIRCLE('',#7672,0.1);
#2797=CIRCLE('',#7673,1.);
#2798=CIRCLE('',#7674,0.100000000000002);
#2799=CIRCLE('',#7675,0.9);
#2800=CIRCLE('',#7677,0.1);
#2801=CIRCLE('',#7679,0.1);
#2802=CIRCLE('',#7680,0.9);
#2803=CIRCLE('',#7681,1.);
#2804=CIRCLE('',#7687,0.1);
#2805=CIRCLE('',#7688,1.);
#2806=CIRCLE('',#7689,0.0999999999999979);
#2807=CIRCLE('',#7690,0.9);
#2808=CIRCLE('',#7692,0.1);
#2809=CIRCLE('',#7694,0.1);
#2810=CIRCLE('',#7695,0.9);
#2811=CIRCLE('',#7696,1.);
#2812=CIRCLE('',#7716,0.2);
#2813=CIRCLE('',#7717,0.2);
#2814=CIRCLE('',#7718,0.200000000000005);
#2815=CIRCLE('',#7720,0.199999999999987);
#2816=CIRCLE('',#7721,0.2);
#2817=CIRCLE('',#7722,0.2);
#2818=CIRCLE('',#7732,0.2);
#2819=CIRCLE('',#7737,0.2);
#2820=CIRCLE('',#7750,0.2);
#2821=CIRCLE('',#7751,0.2);
#2822=CIRCLE('',#7752,0.2);
#2823=CIRCLE('',#7754,0.2);
#2824=CIRCLE('',#7755,0.2);
#2825=CIRCLE('',#7756,0.2);
#2826=CIRCLE('',#7766,0.2);
#2827=CIRCLE('',#7771,0.2);
#2828=CIRCLE('',#7802,0.2);
#2829=CIRCLE('',#7803,0.2);
#2830=CIRCLE('',#7804,0.200000000000005);
#2831=CIRCLE('',#7806,0.199999999999987);
#2832=CIRCLE('',#7807,0.2);
#2833=CIRCLE('',#7808,0.2);
#2834=CIRCLE('',#7818,0.2);
#2835=CIRCLE('',#7823,0.2);
#2836=CIRCLE('',#7847,1.5);
#2837=CIRCLE('',#7848,1.5);
#2838=CIRCLE('',#7853,1.5);
#2839=CIRCLE('',#7854,1.5);
#2840=CIRCLE('',#7872,0.1);
#2841=CIRCLE('',#7873,1.5);
#2842=CIRCLE('',#7874,1.4);
#2843=CIRCLE('',#7876,0.1);
#2844=CIRCLE('',#7878,1.5);
#2845=CIRCLE('',#7879,1.4);
#2846=CIRCLE('',#7882,0.1);
#2847=CIRCLE('',#7883,1.5);
#2848=CIRCLE('',#7884,0.1);
#2849=CIRCLE('',#7885,1.4);
#2850=CIRCLE('',#7887,0.1);
#2851=CIRCLE('',#7889,0.1);
#2852=CIRCLE('',#7890,1.5);
#2853=CIRCLE('',#7891,1.4);
#2854=CIRCLE('',#7894,0.0999999999999979);
#2855=CIRCLE('',#7895,0.0999999999999979);
#2856=CIRCLE('',#7896,0.1);
#2857=CIRCLE('',#7898,0.1);
#2858=CIRCLE('',#7901,0.0999999999999979);
#2859=CIRCLE('',#7902,0.0999999999999979);
#2860=CIRCLE('',#7903,0.1);
#2861=CIRCLE('',#7905,0.1);
#2862=CIRCLE('',#7911,0.0999999999999979);
#2863=CIRCLE('',#7912,0.0999999999999979);
#2864=CIRCLE('',#7913,0.1);
#2865=CIRCLE('',#7915,0.1);
#2866=CIRCLE('',#7918,0.1);
#2867=CIRCLE('',#7919,0.0999999999999979);
#2868=CIRCLE('',#7920,0.1);
#2869=CIRCLE('',#7922,0.1);
#2870=CIRCLE('',#7928,0.0999999999999979);
#2871=CIRCLE('',#7929,0.0999999999999979);
#2872=CIRCLE('',#7930,0.1);
#2873=CIRCLE('',#7932,0.1);
#2874=CIRCLE('',#7934,0.0999999999999979);
#2875=CIRCLE('',#7935,0.0999999999999979);
#2876=CIRCLE('',#7936,0.1);
#2877=CIRCLE('',#7938,0.1);
#2878=CIRCLE('',#7945,0.0999999999999979);
#2879=CIRCLE('',#7946,0.1);
#2880=CIRCLE('',#7947,0.1);
#2881=CIRCLE('',#7949,0.1);
#2882=CIRCLE('',#7952,0.0999999999999979);
#2883=CIRCLE('',#7953,0.0999999999999979);
#2884=CIRCLE('',#7954,0.1);
#2885=CIRCLE('',#7956,0.1);
#2886=CIRCLE('',#7962,1.5);
#2887=CIRCLE('',#7965,1.5);
#2888=CIRCLE('',#7967,1.5);
#2889=CIRCLE('',#7970,1.5);
#2890=VERTEX_POINT('',#10183);
#2891=VERTEX_POINT('',#10184);
#2892=VERTEX_POINT('',#10242);
#2893=VERTEX_POINT('',#10341);
#2894=VERTEX_POINT('',#10342);
#2895=VERTEX_POINT('',#10400);
#2896=VERTEX_POINT('',#10405);
#2897=VERTEX_POINT('',#10406);
#2898=VERTEX_POINT('',#10408);
#2899=VERTEX_POINT('',#10410);
#2900=VERTEX_POINT('',#10414);
#2901=VERTEX_POINT('',#10415);
#2902=VERTEX_POINT('',#10417);
#2903=VERTEX_POINT('',#10419);
#2904=VERTEX_POINT('',#10429);
#2905=VERTEX_POINT('',#10431);
#2906=VERTEX_POINT('',#10433);
#2907=VERTEX_POINT('',#10435);
#2908=VERTEX_POINT('',#10437);
#2909=VERTEX_POINT('',#10439);
#2910=VERTEX_POINT('',#10441);
#2911=VERTEX_POINT('',#10443);
#2912=VERTEX_POINT('',#10445);
#2913=VERTEX_POINT('',#10447);
#2914=VERTEX_POINT('',#10449);
#2915=VERTEX_POINT('',#10451);
#2916=VERTEX_POINT('',#10453);
#2917=VERTEX_POINT('',#10455);
#2918=VERTEX_POINT('',#10457);
#2919=VERTEX_POINT('',#10459);
#2920=VERTEX_POINT('',#10461);
#2921=VERTEX_POINT('',#10463);
#2922=VERTEX_POINT('',#10467);
#2923=VERTEX_POINT('',#10471);
#2924=VERTEX_POINT('',#10473);
#2925=VERTEX_POINT('',#10475);
#2926=VERTEX_POINT('',#10479);
#2927=VERTEX_POINT('',#10481);
#2928=VERTEX_POINT('',#10485);
#2929=VERTEX_POINT('',#10492);
#2930=VERTEX_POINT('',#10494);
#2931=VERTEX_POINT('',#10497);
#2932=VERTEX_POINT('',#10499);
#2933=VERTEX_POINT('',#10501);
#2934=VERTEX_POINT('',#10503);
#2935=VERTEX_POINT('',#10505);
#2936=VERTEX_POINT('',#10507);
#2937=VERTEX_POINT('',#10509);
#2938=VERTEX_POINT('',#10511);
#2939=VERTEX_POINT('',#10513);
#2940=VERTEX_POINT('',#10515);
#2941=VERTEX_POINT('',#10517);
#2942=VERTEX_POINT('',#10519);
#2943=VERTEX_POINT('',#10521);
#2944=VERTEX_POINT('',#10527);
#2945=VERTEX_POINT('',#10529);
#2946=VERTEX_POINT('',#10531);
#2947=VERTEX_POINT('',#10533);
#2948=VERTEX_POINT('',#10536);
#2949=VERTEX_POINT('',#10537);
#2950=VERTEX_POINT('',#10539);
#2951=VERTEX_POINT('',#10541);
#2952=VERTEX_POINT('',#10544);
#2953=VERTEX_POINT('',#10545);
#2954=VERTEX_POINT('',#10547);
#2955=VERTEX_POINT('',#10549);
#2956=VERTEX_POINT('',#10552);
#2957=VERTEX_POINT('',#10553);
#2958=VERTEX_POINT('',#10555);
#2959=VERTEX_POINT('',#10557);
#2960=VERTEX_POINT('',#10561);
#2961=VERTEX_POINT('',#10563);
#2962=VERTEX_POINT('',#10567);
#2963=VERTEX_POINT('',#10569);
#2964=VERTEX_POINT('',#10571);
#2965=VERTEX_POINT('',#10573);
#2966=VERTEX_POINT('',#10575);
#2967=VERTEX_POINT('',#10577);
#2968=VERTEX_POINT('',#10579);
#2969=VERTEX_POINT('',#10581);
#2970=VERTEX_POINT('',#10585);
#2971=VERTEX_POINT('',#10586);
#2972=VERTEX_POINT('',#10591);
#2973=VERTEX_POINT('',#10595);
#2974=VERTEX_POINT('',#10597);
#2975=VERTEX_POINT('',#10601);
#2976=VERTEX_POINT('',#10605);
#2977=VERTEX_POINT('',#10606);
#2978=VERTEX_POINT('',#10608);
#2979=VERTEX_POINT('',#10610);
#2980=VERTEX_POINT('',#10614);
#2981=VERTEX_POINT('',#10616);
#2982=VERTEX_POINT('',#10620);
#2983=VERTEX_POINT('',#10622);
#2984=VERTEX_POINT('',#10629);
#2985=VERTEX_POINT('',#10631);
#2986=VERTEX_POINT('',#10633);
#2987=VERTEX_POINT('',#10635);
#2988=VERTEX_POINT('',#10637);
#2989=VERTEX_POINT('',#10639);
#2990=VERTEX_POINT('',#10641);
#2991=VERTEX_POINT('',#10646);
#2992=VERTEX_POINT('',#10648);
#2993=VERTEX_POINT('',#10650);
#2994=VERTEX_POINT('',#10652);
#2995=VERTEX_POINT('',#10654);
#2996=VERTEX_POINT('',#10656);
#2997=VERTEX_POINT('',#10658);
#2998=VERTEX_POINT('',#10660);
#2999=VERTEX_POINT('',#10662);
#3000=VERTEX_POINT('',#10664);
#3001=VERTEX_POINT('',#10666);
#3002=VERTEX_POINT('',#10668);
#3003=VERTEX_POINT('',#10670);
#3004=VERTEX_POINT('',#10674);
#3005=VERTEX_POINT('',#10676);
#3006=VERTEX_POINT('',#10678);
#3007=VERTEX_POINT('',#10680);
#3008=VERTEX_POINT('',#10682);
#3009=VERTEX_POINT('',#10684);
#3010=VERTEX_POINT('',#10686);
#3011=VERTEX_POINT('',#10688);
#3012=VERTEX_POINT('',#10690);
#3013=VERTEX_POINT('',#10692);
#3014=VERTEX_POINT('',#10694);
#3015=VERTEX_POINT('',#10696);
#3016=VERTEX_POINT('',#10700);
#3017=VERTEX_POINT('',#10701);
#3018=VERTEX_POINT('',#10703);
#3019=VERTEX_POINT('',#10705);
#3020=VERTEX_POINT('',#10709);
#3021=VERTEX_POINT('',#10711);
#3022=VERTEX_POINT('',#10715);
#3023=VERTEX_POINT('',#10717);
#3024=VERTEX_POINT('',#10721);
#3025=VERTEX_POINT('',#10722);
#3026=VERTEX_POINT('',#10727);
#3027=VERTEX_POINT('',#10729);
#3028=VERTEX_POINT('',#10735);
#3029=VERTEX_POINT('',#10736);
#3030=VERTEX_POINT('',#10745);
#3031=VERTEX_POINT('',#10746);
#3032=VERTEX_POINT('',#10751);
#3033=VERTEX_POINT('',#10752);
#3034=VERTEX_POINT('',#10759);
#3035=VERTEX_POINT('',#10760);
#3036=VERTEX_POINT('',#10765);
#3037=VERTEX_POINT('',#10767);
#3038=VERTEX_POINT('',#10769);
#3039=VERTEX_POINT('',#10771);
#3040=VERTEX_POINT('',#10773);
#3041=VERTEX_POINT('',#10775);
#3042=VERTEX_POINT('',#10777);
#3043=VERTEX_POINT('',#10779);
#3044=VERTEX_POINT('',#10785);
#3045=VERTEX_POINT('',#10786);
#3046=VERTEX_POINT('',#10788);
#3047=VERTEX_POINT('',#10790);
#3048=VERTEX_POINT('',#10794);
#3049=VERTEX_POINT('',#10796);
#3050=VERTEX_POINT('',#10798);
#3051=VERTEX_POINT('',#10800);
#3052=VERTEX_POINT('',#10802);
#3053=VERTEX_POINT('',#10804);
#3054=VERTEX_POINT('',#10806);
#3055=VERTEX_POINT('',#10808);
#3056=VERTEX_POINT('',#10810);
#3057=VERTEX_POINT('',#10812);
#3058=VERTEX_POINT('',#10814);
#3059=VERTEX_POINT('',#10816);
#3060=VERTEX_POINT('',#10818);
#3061=VERTEX_POINT('',#10820);
#3062=VERTEX_POINT('',#10822);
#3063=VERTEX_POINT('',#10824);
#3064=VERTEX_POINT('',#10826);
#3065=VERTEX_POINT('',#10828);
#3066=VERTEX_POINT('',#10830);
#3067=VERTEX_POINT('',#10832);
#3068=VERTEX_POINT('',#10834);
#3069=VERTEX_POINT('',#10836);
#3070=VERTEX_POINT('',#10840);
#3071=VERTEX_POINT('',#10842);
#3072=VERTEX_POINT('',#10846);
#3073=VERTEX_POINT('',#10847);
#3074=VERTEX_POINT('',#10849);
#3075=VERTEX_POINT('',#10853);
#3076=VERTEX_POINT('',#10854);
#3077=VERTEX_POINT('',#10859);
#3078=VERTEX_POINT('',#10860);
#3079=VERTEX_POINT('',#10862);
#3080=VERTEX_POINT('',#10864);
#3081=VERTEX_POINT('',#10871);
#3082=VERTEX_POINT('',#10872);
#3083=VERTEX_POINT('',#10877);
#3084=VERTEX_POINT('',#10881);
#3085=VERTEX_POINT('',#10885);
#3086=VERTEX_POINT('',#10886);
#3087=VERTEX_POINT('',#10888);
#3088=VERTEX_POINT('',#10890);
#3089=VERTEX_POINT('',#10894);
#3090=VERTEX_POINT('',#10895);
#3091=VERTEX_POINT('',#10897);
#3092=VERTEX_POINT('',#10901);
#3093=VERTEX_POINT('',#10902);
#3094=VERTEX_POINT('',#10910);
#3095=VERTEX_POINT('',#10911);
#3096=VERTEX_POINT('',#10916);
#3097=VERTEX_POINT('',#10920);
#3098=VERTEX_POINT('',#10924);
#3099=VERTEX_POINT('',#10925);
#3100=VERTEX_POINT('',#10927);
#3101=VERTEX_POINT('',#10929);
#3102=VERTEX_POINT('',#10933);
#3103=VERTEX_POINT('',#10935);
#3104=VERTEX_POINT('',#10939);
#3105=VERTEX_POINT('',#10941);
#3106=VERTEX_POINT('',#10945);
#3107=VERTEX_POINT('',#10949);
#3108=VERTEX_POINT('',#10951);
#3109=VERTEX_POINT('',#10953);
#3110=VERTEX_POINT('',#10957);
#3111=VERTEX_POINT('',#10959);
#3112=VERTEX_POINT('',#10963);
#3113=VERTEX_POINT('',#10967);
#3114=VERTEX_POINT('',#10968);
#3115=VERTEX_POINT('',#10973);
#3116=VERTEX_POINT('',#10975);
#3117=VERTEX_POINT('',#10979);
#3118=VERTEX_POINT('',#10981);
#3119=VERTEX_POINT('',#10985);
#3120=VERTEX_POINT('',#10986);
#3121=VERTEX_POINT('',#10991);
#3122=VERTEX_POINT('',#10992);
#3123=VERTEX_POINT('',#10994);
#3124=VERTEX_POINT('',#10998);
#3125=VERTEX_POINT('',#11000);
#3126=VERTEX_POINT('',#11004);
#3127=VERTEX_POINT('',#11005);
#3128=VERTEX_POINT('',#11010);
#3129=VERTEX_POINT('',#11011);
#3130=VERTEX_POINT('',#11013);
#3131=VERTEX_POINT('',#11017);
#3132=VERTEX_POINT('',#11019);
#3133=VERTEX_POINT('',#11028);
#3134=VERTEX_POINT('',#11030);
#3135=VERTEX_POINT('',#11039);
#3136=VERTEX_POINT('',#11040);
#3137=VERTEX_POINT('',#11045);
#3138=VERTEX_POINT('',#11046);
#3139=VERTEX_POINT('',#11051);
#3140=VERTEX_POINT('',#11052);
#3141=VERTEX_POINT('',#11057);
#3142=VERTEX_POINT('',#11063);
#3143=VERTEX_POINT('',#11065);
#3144=VERTEX_POINT('',#11069);
#3145=VERTEX_POINT('',#11070);
#3146=VERTEX_POINT('',#11072);
#3147=VERTEX_POINT('',#11074);
#3148=VERTEX_POINT('',#11078);
#3149=VERTEX_POINT('',#11079);
#3150=VERTEX_POINT('',#11081);
#3151=VERTEX_POINT('',#11088);
#3152=VERTEX_POINT('',#11089);
#3153=VERTEX_POINT('',#11091);
#3154=VERTEX_POINT('',#11098);
#3155=VERTEX_POINT('',#11099);
#3156=VERTEX_POINT('',#11104);
#3157=VERTEX_POINT('',#11105);
#3158=VERTEX_POINT('',#11110);
#3159=VERTEX_POINT('',#11112);
#3160=VERTEX_POINT('',#11119);
#3161=VERTEX_POINT('',#11121);
#3162=VERTEX_POINT('',#11128);
#3163=VERTEX_POINT('',#11132);
#3164=VERTEX_POINT('',#11140);
#3165=VERTEX_POINT('',#11142);
#3166=VERTEX_POINT('',#11161);
#3167=VERTEX_POINT('',#11165);
#3168=VERTEX_POINT('',#11167);
#3169=VERTEX_POINT('',#11172);
#3170=VERTEX_POINT('',#11186);
#3171=VERTEX_POINT('',#11190);
#3172=VERTEX_POINT('',#11197);
#3173=VERTEX_POINT('',#11202);
#3174=VERTEX_POINT('',#11204);
#3175=VERTEX_POINT('',#11208);
#3176=VERTEX_POINT('',#11212);
#3177=VERTEX_POINT('',#11214);
#3178=VERTEX_POINT('',#11220);
#3179=VERTEX_POINT('',#11229);
#3180=VERTEX_POINT('',#11230);
#3181=VERTEX_POINT('',#11232);
#3182=VERTEX_POINT('',#11234);
#3183=VERTEX_POINT('',#11238);
#3184=VERTEX_POINT('',#11239);
#3185=VERTEX_POINT('',#11241);
#3186=VERTEX_POINT('',#11245);
#3187=VERTEX_POINT('',#11246);
#3188=VERTEX_POINT('',#11248);
#3189=VERTEX_POINT('',#11255);
#3190=VERTEX_POINT('',#11257);
#3191=VERTEX_POINT('',#11261);
#3192=VERTEX_POINT('',#11262);
#3193=VERTEX_POINT('',#11264);
#3194=VERTEX_POINT('',#11268);
#3195=VERTEX_POINT('',#11270);
#3196=VERTEX_POINT('',#11274);
#3197=VERTEX_POINT('',#11278);
#3198=VERTEX_POINT('',#11282);
#3199=VERTEX_POINT('',#11283);
#3200=VERTEX_POINT('',#11291);
#3201=VERTEX_POINT('',#11301);
#3202=VERTEX_POINT('',#11303);
#3203=VERTEX_POINT('',#11316);
#3204=VERTEX_POINT('',#11318);
#3205=VERTEX_POINT('',#11327);
#3206=VERTEX_POINT('',#11331);
#3207=VERTEX_POINT('',#11333);
#3208=VERTEX_POINT('',#11339);
#3209=VERTEX_POINT('',#11340);
#3210=VERTEX_POINT('',#11346);
#3211=VERTEX_POINT('',#11350);
#3212=VERTEX_POINT('',#11359);
#3213=VERTEX_POINT('',#11361);
#3214=VERTEX_POINT('',#11363);
#3215=VERTEX_POINT('',#11365);
#3216=VERTEX_POINT('',#11367);
#3217=VERTEX_POINT('',#11369);
#3218=VERTEX_POINT('',#11371);
#3219=VERTEX_POINT('',#11376);
#3220=VERTEX_POINT('',#11378);
#3221=VERTEX_POINT('',#11382);
#3222=VERTEX_POINT('',#11384);
#3223=VERTEX_POINT('',#11388);
#3224=VERTEX_POINT('',#11392);
#3225=VERTEX_POINT('',#11393);
#3226=VERTEX_POINT('',#11398);
#3227=VERTEX_POINT('',#11402);
#3228=VERTEX_POINT('',#11403);
#3229=VERTEX_POINT('',#11408);
#3230=VERTEX_POINT('',#11416);
#3231=VERTEX_POINT('',#11417);
#3232=VERTEX_POINT('',#11424);
#3233=VERTEX_POINT('',#11426);
#3234=VERTEX_POINT('',#11428);
#3235=VERTEX_POINT('',#11430);
#3236=VERTEX_POINT('',#11434);
#3237=VERTEX_POINT('',#11438);
#3238=VERTEX_POINT('',#11440);
#3239=VERTEX_POINT('',#11442);
#3240=VERTEX_POINT('',#11444);
#3241=VERTEX_POINT('',#11446);
#3242=VERTEX_POINT('',#11448);
#3243=VERTEX_POINT('',#11452);
#3244=VERTEX_POINT('',#11454);
#3245=VERTEX_POINT('',#11458);
#3246=VERTEX_POINT('',#11460);
#3247=VERTEX_POINT('',#11464);
#3248=VERTEX_POINT('',#11466);
#3249=VERTEX_POINT('',#11470);
#3250=VERTEX_POINT('',#11474);
#3251=VERTEX_POINT('',#11478);
#3252=VERTEX_POINT('',#11482);
#3253=VERTEX_POINT('',#11483);
#3254=VERTEX_POINT('',#11485);
#3255=VERTEX_POINT('',#11489);
#3256=VERTEX_POINT('',#11490);
#3257=VERTEX_POINT('',#11495);
#3258=VERTEX_POINT('',#11496);
#3259=VERTEX_POINT('',#11501);
#3260=VERTEX_POINT('',#11503);
#3261=VERTEX_POINT('',#11510);
#3262=VERTEX_POINT('',#11516);
#3263=VERTEX_POINT('',#11517);
#3264=VERTEX_POINT('',#11519);
#3265=VERTEX_POINT('',#11521);
#3266=VERTEX_POINT('',#11525);
#3267=VERTEX_POINT('',#11526);
#3268=VERTEX_POINT('',#11536);
#3269=VERTEX_POINT('',#11537);
#3270=VERTEX_POINT('',#11539);
#3271=VERTEX_POINT('',#11541);
#3272=VERTEX_POINT('',#11545);
#3273=VERTEX_POINT('',#11546);
#3274=VERTEX_POINT('',#11551);
#3275=VERTEX_POINT('',#11552);
#3276=VERTEX_POINT('',#11557);
#3277=VERTEX_POINT('',#11562);
#3278=VERTEX_POINT('',#11563);
#3279=VERTEX_POINT('',#11568);
#3280=VERTEX_POINT('',#11570);
#3281=VERTEX_POINT('',#11578);
#3282=VERTEX_POINT('',#11583);
#3283=VERTEX_POINT('',#11587);
#3284=VERTEX_POINT('',#11589);
#3285=VERTEX_POINT('',#11591);
#3286=VERTEX_POINT('',#11593);
#3287=VERTEX_POINT('',#11595);
#3288=VERTEX_POINT('',#11597);
#3289=VERTEX_POINT('',#11599);
#3290=VERTEX_POINT('',#11601);
#3291=VERTEX_POINT('',#11603);
#3292=VERTEX_POINT('',#11605);
#3293=VERTEX_POINT('',#11607);
#3294=VERTEX_POINT('',#11609);
#3295=VERTEX_POINT('',#11611);
#3296=VERTEX_POINT('',#11613);
#3297=VERTEX_POINT('',#11615);
#3298=VERTEX_POINT('',#11617);
#3299=VERTEX_POINT('',#11619);
#3300=VERTEX_POINT('',#11621);
#3301=VERTEX_POINT('',#11623);
#3302=VERTEX_POINT('',#11625);
#3303=VERTEX_POINT('',#11627);
#3304=VERTEX_POINT('',#11629);
#3305=VERTEX_POINT('',#11631);
#3306=VERTEX_POINT('',#11634);
#3307=VERTEX_POINT('',#11635);
#3308=VERTEX_POINT('',#11637);
#3309=VERTEX_POINT('',#11639);
#3310=VERTEX_POINT('',#11642);
#3311=VERTEX_POINT('',#11643);
#3312=VERTEX_POINT('',#11645);
#3313=VERTEX_POINT('',#11647);
#3314=VERTEX_POINT('',#11651);
#3315=VERTEX_POINT('',#11652);
#3316=VERTEX_POINT('',#11654);
#3317=VERTEX_POINT('',#11656);
#3318=VERTEX_POINT('',#11660);
#3319=VERTEX_POINT('',#11661);
#3320=VERTEX_POINT('',#11666);
#3321=VERTEX_POINT('',#11667);
#3322=VERTEX_POINT('',#11681);
#3323=VERTEX_POINT('',#11682);
#3324=VERTEX_POINT('',#11684);
#3325=VERTEX_POINT('',#11686);
#3326=VERTEX_POINT('',#11690);
#3327=VERTEX_POINT('',#11691);
#3328=VERTEX_POINT('',#11696);
#3329=VERTEX_POINT('',#11697);
#3330=VERTEX_POINT('',#11717);
#3331=VERTEX_POINT('',#11719);
#3332=VERTEX_POINT('',#11723);
#3333=VERTEX_POINT('',#11724);
#3334=VERTEX_POINT('',#11733);
#3335=VERTEX_POINT('',#11735);
#3336=VERTEX_POINT('',#11739);
#3337=VERTEX_POINT('',#11743);
#3338=VERTEX_POINT('',#11745);
#3339=VERTEX_POINT('',#11749);
#3340=VERTEX_POINT('',#11751);
#3341=VERTEX_POINT('',#11755);
#3342=VERTEX_POINT('',#11756);
#3343=VERTEX_POINT('',#11765);
#3344=VERTEX_POINT('',#11766);
#3345=VERTEX_POINT('',#11774);
#3346=VERTEX_POINT('',#11778);
#3347=VERTEX_POINT('',#11789);
#3348=VERTEX_POINT('',#11791);
#3349=VERTEX_POINT('',#11795);
#3350=VERTEX_POINT('',#11796);
#3351=VERTEX_POINT('',#11805);
#3352=VERTEX_POINT('',#11807);
#3353=VERTEX_POINT('',#11811);
#3354=VERTEX_POINT('',#11815);
#3355=VERTEX_POINT('',#11817);
#3356=VERTEX_POINT('',#11821);
#3357=VERTEX_POINT('',#11823);
#3358=VERTEX_POINT('',#11827);
#3359=VERTEX_POINT('',#11828);
#3360=VERTEX_POINT('',#11837);
#3361=VERTEX_POINT('',#11838);
#3362=VERTEX_POINT('',#11846);
#3363=VERTEX_POINT('',#11850);
#3364=VERTEX_POINT('',#11861);
#3365=VERTEX_POINT('',#11862);
#3366=VERTEX_POINT('',#11864);
#3367=VERTEX_POINT('',#11866);
#3368=VERTEX_POINT('',#11870);
#3369=VERTEX_POINT('',#11871);
#3370=VERTEX_POINT('',#11876);
#3371=VERTEX_POINT('',#11877);
#3372=VERTEX_POINT('',#11882);
#3373=VERTEX_POINT('',#11894);
#3374=VERTEX_POINT('',#11895);
#3375=VERTEX_POINT('',#11897);
#3376=VERTEX_POINT('',#11899);
#3377=VERTEX_POINT('',#11903);
#3378=VERTEX_POINT('',#11904);
#3379=VERTEX_POINT('',#11909);
#3380=VERTEX_POINT('',#11910);
#3381=VERTEX_POINT('',#11915);
#3382=VERTEX_POINT('',#11931);
#3383=VERTEX_POINT('',#11933);
#3384=VERTEX_POINT('',#11937);
#3385=VERTEX_POINT('',#11938);
#3386=VERTEX_POINT('',#11947);
#3387=VERTEX_POINT('',#11949);
#3388=VERTEX_POINT('',#11953);
#3389=VERTEX_POINT('',#11957);
#3390=VERTEX_POINT('',#11959);
#3391=VERTEX_POINT('',#11963);
#3392=VERTEX_POINT('',#11965);
#3393=VERTEX_POINT('',#11969);
#3394=VERTEX_POINT('',#11970);
#3395=VERTEX_POINT('',#11979);
#3396=VERTEX_POINT('',#11980);
#3397=VERTEX_POINT('',#11988);
#3398=VERTEX_POINT('',#11992);
#3399=VERTEX_POINT('',#12003);
#3400=VERTEX_POINT('',#12004);
#3401=VERTEX_POINT('',#12006);
#3402=VERTEX_POINT('',#12008);
#3403=VERTEX_POINT('',#12012);
#3404=VERTEX_POINT('',#12013);
#3405=VERTEX_POINT('',#12018);
#3406=VERTEX_POINT('',#12019);
#3407=VERTEX_POINT('',#12024);
#3408=VERTEX_POINT('',#12051);
#3409=VERTEX_POINT('',#12061);
#3410=VERTEX_POINT('',#12063);
#3411=VERTEX_POINT('',#12065);
#3412=VERTEX_POINT('',#12073);
#3413=VERTEX_POINT('',#12077);
#3414=VERTEX_POINT('',#12079);
#3415=VERTEX_POINT('',#12081);
#3416=VERTEX_POINT('',#12083);
#3417=VERTEX_POINT('',#12085);
#3418=VERTEX_POINT('',#12117);
#3419=VERTEX_POINT('',#12118);
#3420=VERTEX_POINT('',#12123);
#3421=VERTEX_POINT('',#12124);
#3422=VERTEX_POINT('',#12133);
#3423=VERTEX_POINT('',#12134);
#3424=VERTEX_POINT('',#12136);
#3425=VERTEX_POINT('',#12138);
#3426=VERTEX_POINT('',#12142);
#3427=VERTEX_POINT('',#12143);
#3428=VERTEX_POINT('',#12148);
#3429=VERTEX_POINT('',#12149);
#3430=VERTEX_POINT('',#12156);
#3431=VERTEX_POINT('',#12157);
#3432=VERTEX_POINT('',#12159);
#3433=VERTEX_POINT('',#12163);
#3434=VERTEX_POINT('',#12164);
#3435=VERTEX_POINT('',#12172);
#3436=VERTEX_POINT('',#12173);
#3437=VERTEX_POINT('',#12175);
#3438=VERTEX_POINT('',#12179);
#3439=VERTEX_POINT('',#12180);
#3440=VERTEX_POINT('',#12195);
#3441=VERTEX_POINT('',#12196);
#3442=VERTEX_POINT('',#12198);
#3443=VERTEX_POINT('',#12202);
#3444=VERTEX_POINT('',#12203);
#3445=VERTEX_POINT('',#12211);
#3446=VERTEX_POINT('',#12212);
#3447=VERTEX_POINT('',#12214);
#3448=VERTEX_POINT('',#12218);
#3449=VERTEX_POINT('',#12219);
#3450=VERTEX_POINT('',#12234);
#3451=VERTEX_POINT('',#12235);
#3452=VERTEX_POINT('',#12237);
#3453=VERTEX_POINT('',#12241);
#3454=VERTEX_POINT('',#12242);
#3455=VERTEX_POINT('',#12247);
#3456=VERTEX_POINT('',#12248);
#3457=VERTEX_POINT('',#12250);
#3458=VERTEX_POINT('',#12254);
#3459=VERTEX_POINT('',#12255);
#3460=VERTEX_POINT('',#12273);
#3461=VERTEX_POINT('',#12274);
#3462=VERTEX_POINT('',#12276);
#3463=VERTEX_POINT('',#12280);
#3464=VERTEX_POINT('',#12281);
#3465=VERTEX_POINT('',#12289);
#3466=VERTEX_POINT('',#12290);
#3467=VERTEX_POINT('',#12292);
#3468=VERTEX_POINT('',#12296);
#3469=VERTEX_POINT('',#12297);
#3470=VERTEX_POINT('',#12312);
#3471=VERTEX_POINT('',#12314);
#3472=VERTEX_POINT('',#12318);
#3473=VERTEX_POINT('',#12322);
#3474=VERTEX_POINT('',#12326);
#3475=VERTEX_POINT('',#12330);
#3476=EDGE_CURVE('',#2890,#2891,#2660,.T.);
#3477=EDGE_CURVE('',#2891,#2891,#2656,.T.);
#3478=EDGE_CURVE('',#2890,#2890,#2657,.T.);
#3479=EDGE_CURVE('',#2891,#2892,#510,.T.);
#3480=EDGE_CURVE('',#2892,#2892,#421,.T.);
#3481=EDGE_CURVE('',#2893,#2894,#2661,.T.);
#3482=EDGE_CURVE('',#2894,#2894,#2658,.T.);
#3483=EDGE_CURVE('',#2893,#2893,#2659,.T.);
#3484=EDGE_CURVE('',#2894,#2895,#511,.T.);
#3485=EDGE_CURVE('',#2895,#2895,#422,.T.);
#3486=EDGE_CURVE('',#2896,#2897,#512,.T.);
#3487=EDGE_CURVE('',#2897,#2898,#423,.T.);
#3488=EDGE_CURVE('',#2898,#2899,#513,.T.);
#3489=EDGE_CURVE('',#2896,#2899,#424,.T.);
#3490=EDGE_CURVE('',#2900,#2901,#514,.T.);
#3491=EDGE_CURVE('',#2900,#2902,#425,.T.);
#3492=EDGE_CURVE('',#2902,#2903,#515,.T.);
#3493=EDGE_CURVE('',#2903,#2901,#426,.T.);
#3494=EDGE_CURVE('',#2899,#2902,#516,.T.);
#3495=EDGE_CURVE('',#2900,#2896,#517,.T.);
#3496=EDGE_CURVE('',#2897,#2901,#518,.T.);
#3497=EDGE_CURVE('',#2903,#2898,#519,.T.);
#3498=EDGE_CURVE('',#2903,#2904,#520,.T.);
#3499=EDGE_CURVE('',#2904,#2905,#521,.T.);
#3500=EDGE_CURVE('',#2906,#2905,#522,.T.);
#3501=EDGE_CURVE('',#2907,#2906,#523,.T.);
#3502=EDGE_CURVE('',#2907,#2908,#524,.T.);
#3503=EDGE_CURVE('',#2908,#2909,#525,.T.);
#3504=EDGE_CURVE('',#2910,#2909,#526,.T.);
#3505=EDGE_CURVE('',#2911,#2910,#527,.T.);
#3506=EDGE_CURVE('',#2911,#2912,#528,.T.);
#3507=EDGE_CURVE('',#2912,#2913,#529,.T.);
#3508=EDGE_CURVE('',#2914,#2913,#530,.T.);
#3509=EDGE_CURVE('',#2915,#2914,#531,.T.);
#3510=EDGE_CURVE('',#2915,#2916,#532,.T.);
#3511=EDGE_CURVE('',#2916,#2917,#533,.T.);
#3512=EDGE_CURVE('',#2918,#2917,#534,.T.);
#3513=EDGE_CURVE('',#2919,#2918,#535,.T.);
#3514=EDGE_CURVE('',#2919,#2920,#536,.T.);
#3515=EDGE_CURVE('',#2920,#2921,#537,.T.);
#3516=EDGE_CURVE('',#2898,#2921,#538,.T.);
#3517=EDGE_CURVE('',#2902,#2922,#539,.T.);
#3518=EDGE_CURVE('',#2904,#2922,#540,.T.);
#3519=EDGE_CURVE('',#2918,#2923,#541,.T.);
#3520=EDGE_CURVE('',#2923,#2924,#427,.T.);
#3521=EDGE_CURVE('',#2924,#2925,#542,.T.);
#3522=EDGE_CURVE('',#2925,#2918,#428,.T.);
#3523=EDGE_CURVE('',#2926,#2924,#543,.T.);
#3524=EDGE_CURVE('',#2923,#2927,#544,.T.);
#3525=EDGE_CURVE('',#2927,#2926,#429,.T.);
#3526=EDGE_CURVE('',#2928,#2926,#545,.T.);
#3527=EDGE_CURVE('',#2927,#2919,#546,.T.);
#3528=EDGE_CURVE('',#2919,#2928,#430,.T.);
#3529=EDGE_CURVE('',#2925,#2928,#547,.T.);
#3530=EDGE_CURVE('',#2899,#2929,#548,.T.);
#3531=EDGE_CURVE('',#2929,#2930,#549,.T.);
#3532=EDGE_CURVE('',#2927,#2930,#550,.T.);
#3533=EDGE_CURVE('',#2923,#2931,#551,.T.);
#3534=EDGE_CURVE('',#2931,#2932,#552,.T.);
#3535=EDGE_CURVE('',#2932,#2933,#553,.T.);
#3536=EDGE_CURVE('',#2934,#2933,#554,.T.);
#3537=EDGE_CURVE('',#2935,#2934,#555,.T.);
#3538=EDGE_CURVE('',#2935,#2936,#556,.T.);
#3539=EDGE_CURVE('',#2937,#2936,#557,.T.);
#3540=EDGE_CURVE('',#2938,#2937,#558,.T.);
#3541=EDGE_CURVE('',#2938,#2939,#559,.T.);
#3542=EDGE_CURVE('',#2939,#2940,#560,.T.);
#3543=EDGE_CURVE('',#2941,#2940,#561,.T.);
#3544=EDGE_CURVE('',#2942,#2941,#562,.T.);
#3545=EDGE_CURVE('',#2943,#2942,#563,.T.);
#3546=EDGE_CURVE('',#2943,#2922,#564,.T.);
#3547=EDGE_CURVE('',#2931,#2917,#565,.T.);
#3548=EDGE_CURVE('',#2944,#2900,#566,.T.);
#3549=EDGE_CURVE('',#2945,#2944,#567,.T.);
#3550=EDGE_CURVE('',#2946,#2945,#568,.T.);
#3551=EDGE_CURVE('',#2947,#2946,#569,.T.);
#3552=EDGE_CURVE('',#2901,#2947,#570,.T.);
#3553=EDGE_CURVE('',#2948,#2949,#571,.T.);
#3554=EDGE_CURVE('',#2950,#2948,#572,.T.);
#3555=EDGE_CURVE('',#2951,#2950,#573,.T.);
#3556=EDGE_CURVE('',#2949,#2951,#574,.T.);
#3557=EDGE_CURVE('',#2952,#2953,#575,.T.);
#3558=EDGE_CURVE('',#2954,#2952,#576,.T.);
#3559=EDGE_CURVE('',#2955,#2954,#577,.T.);
#3560=EDGE_CURVE('',#2953,#2955,#578,.T.);
#3561=EDGE_CURVE('',#2956,#2957,#579,.T.);
#3562=EDGE_CURVE('',#2958,#2956,#580,.T.);
#3563=EDGE_CURVE('',#2959,#2958,#581,.T.);
#3564=EDGE_CURVE('',#2957,#2959,#582,.T.);
#3565=EDGE_CURVE('',#2945,#2960,#2662,.F.);
#3566=EDGE_CURVE('',#2960,#2961,#583,.T.);
#3567=EDGE_CURVE('',#2961,#2946,#2663,.F.);
#3568=EDGE_CURVE('',#2960,#2962,#584,.T.);
#3569=EDGE_CURVE('',#2962,#2963,#585,.T.);
#3570=EDGE_CURVE('',#2963,#2964,#586,.T.);
#3571=EDGE_CURVE('',#2965,#2964,#2664,.F.);
#3572=EDGE_CURVE('',#2965,#2966,#587,.T.);
#3573=EDGE_CURVE('',#2967,#2966,#2665,.F.);
#3574=EDGE_CURVE('',#2967,#2968,#588,.T.);
#3575=EDGE_CURVE('',#2968,#2969,#589,.T.);
#3576=EDGE_CURVE('',#2961,#2969,#590,.T.);
#3577=EDGE_CURVE('',#2970,#2971,#2666,.F.);
#3578=EDGE_CURVE('',#2971,#2967,#591,.T.);
#3579=EDGE_CURVE('',#2966,#2970,#592,.T.);
#3580=EDGE_CURVE('',#2972,#2971,#593,.T.);
#3581=EDGE_CURVE('',#2968,#2972,#594,.T.);
#3582=EDGE_CURVE('',#2964,#2973,#595,.T.);
#3583=EDGE_CURVE('',#2973,#2974,#2667,.F.);
#3584=EDGE_CURVE('',#2974,#2965,#596,.T.);
#3585=EDGE_CURVE('',#2975,#2963,#597,.T.);
#3586=EDGE_CURVE('',#2973,#2975,#598,.T.);
#3587=EDGE_CURVE('',#2976,#2977,#599,.T.);
#3588=EDGE_CURVE('',#2977,#2978,#431,.T.);
#3589=EDGE_CURVE('',#2978,#2979,#600,.T.);
#3590=EDGE_CURVE('',#2976,#2979,#432,.T.);
#3591=EDGE_CURVE('',#2977,#2980,#601,.T.);
#3592=EDGE_CURVE('',#2980,#2981,#433,.T.);
#3593=EDGE_CURVE('',#2981,#2978,#602,.T.);
#3594=EDGE_CURVE('',#2979,#2982,#603,.T.);
#3595=EDGE_CURVE('',#2982,#2983,#434,.T.);
#3596=EDGE_CURVE('',#2983,#2976,#604,.T.);
#3597=EDGE_CURVE('',#2980,#2983,#605,.T.);
#3598=EDGE_CURVE('',#2982,#2981,#606,.T.);
#3599=EDGE_CURVE('',#2979,#2984,#607,.T.);
#3600=EDGE_CURVE('',#2984,#2985,#608,.T.);
#3601=EDGE_CURVE('',#2985,#2986,#609,.T.);
#3602=EDGE_CURVE('',#2987,#2986,#2668,.F.);
#3603=EDGE_CURVE('',#2987,#2988,#610,.T.);
#3604=EDGE_CURVE('',#2989,#2988,#2669,.F.);
#3605=EDGE_CURVE('',#2989,#2990,#611,.T.);
#3606=EDGE_CURVE('',#2990,#2962,#612,.T.);
#3607=EDGE_CURVE('',#2982,#2944,#613,.T.);
#3608=EDGE_CURVE('',#2978,#2991,#614,.T.);
#3609=EDGE_CURVE('',#2991,#2992,#615,.T.);
#3610=EDGE_CURVE('',#2992,#2993,#616,.T.);
#3611=EDGE_CURVE('',#2994,#2993,#2670,.F.);
#3612=EDGE_CURVE('',#2994,#2995,#617,.T.);
#3613=EDGE_CURVE('',#2996,#2995,#2671,.F.);
#3614=EDGE_CURVE('',#2996,#2997,#618,.T.);
#3615=EDGE_CURVE('',#2997,#2998,#619,.T.);
#3616=EDGE_CURVE('',#2998,#2999,#620,.T.);
#3617=EDGE_CURVE('',#3000,#2999,#2672,.F.);
#3618=EDGE_CURVE('',#3000,#3001,#621,.T.);
#3619=EDGE_CURVE('',#3002,#3001,#2673,.F.);
#3620=EDGE_CURVE('',#3002,#3003,#622,.T.);
#3621=EDGE_CURVE('',#3003,#2972,#623,.T.);
#3622=EDGE_CURVE('',#2970,#2974,#624,.T.);
#3623=EDGE_CURVE('',#2975,#3004,#625,.T.);
#3624=EDGE_CURVE('',#3004,#3005,#626,.T.);
#3625=EDGE_CURVE('',#3006,#3005,#2674,.F.);
#3626=EDGE_CURVE('',#3006,#3007,#627,.T.);
#3627=EDGE_CURVE('',#3008,#3007,#2675,.F.);
#3628=EDGE_CURVE('',#3008,#3009,#628,.T.);
#3629=EDGE_CURVE('',#3009,#3010,#629,.T.);
#3630=EDGE_CURVE('',#3010,#3011,#630,.T.);
#3631=EDGE_CURVE('',#3012,#3011,#2676,.F.);
#3632=EDGE_CURVE('',#3012,#3013,#631,.T.);
#3633=EDGE_CURVE('',#3014,#3013,#2677,.F.);
#3634=EDGE_CURVE('',#3014,#3015,#632,.T.);
#3635=EDGE_CURVE('',#3015,#2984,#633,.T.);
#3636=EDGE_CURVE('',#3016,#3017,#634,.T.);
#3637=EDGE_CURVE('',#3018,#3016,#635,.T.);
#3638=EDGE_CURVE('',#3019,#3018,#636,.T.);
#3639=EDGE_CURVE('',#3017,#3019,#637,.T.);
#3640=EDGE_CURVE('',#3019,#3020,#2678,.F.);
#3641=EDGE_CURVE('',#3021,#3019,#2679,.F.);
#3642=EDGE_CURVE('',#3020,#3021,#2680,.F.);
#3643=EDGE_CURVE('',#3018,#3022,#2681,.F.);
#3644=EDGE_CURVE('',#3023,#3018,#2682,.F.);
#3645=EDGE_CURVE('',#3022,#3023,#2683,.F.);
#3646=EDGE_CURVE('',#3024,#3025,#2684,.F.);
#3647=EDGE_CURVE('',#3017,#3024,#2685,.F.);
#3648=EDGE_CURVE('',#3025,#3017,#2686,.F.);
#3649=EDGE_CURVE('',#3016,#3026,#2687,.F.);
#3650=EDGE_CURVE('',#3027,#3016,#2688,.F.);
#3651=EDGE_CURVE('',#3026,#3027,#2689,.F.);
#3652=EDGE_CURVE('',#3024,#3027,#638,.T.);
#3653=EDGE_CURVE('',#3028,#3029,#2690,.F.);
#3654=EDGE_CURVE('',#3029,#3026,#639,.T.);
#3655=EDGE_CURVE('',#3027,#3028,#640,.T.);
#3656=EDGE_CURVE('',#3026,#3023,#641,.T.);
#3657=EDGE_CURVE('',#3020,#3025,#642,.T.);
#3658=EDGE_CURVE('',#3030,#3031,#2691,.F.);
#3659=EDGE_CURVE('',#3031,#3024,#643,.T.);
#3660=EDGE_CURVE('',#3025,#3030,#644,.T.);
#3661=EDGE_CURVE('',#3032,#3033,#2692,.F.);
#3662=EDGE_CURVE('',#3033,#3022,#645,.T.);
#3663=EDGE_CURVE('',#3023,#3032,#646,.T.);
#3664=EDGE_CURVE('',#3022,#3021,#647,.T.);
#3665=EDGE_CURVE('',#3034,#3035,#2693,.F.);
#3666=EDGE_CURVE('',#3035,#3020,#648,.T.);
#3667=EDGE_CURVE('',#3021,#3034,#649,.T.);
#3668=EDGE_CURVE('',#3031,#3036,#650,.T.);
#3669=EDGE_CURVE('',#3037,#3036,#651,.T.);
#3670=EDGE_CURVE('',#3038,#3037,#652,.T.);
#3671=EDGE_CURVE('',#3038,#3039,#653,.T.);
#3672=EDGE_CURVE('',#3039,#3040,#654,.T.);
#3673=EDGE_CURVE('',#3040,#3041,#655,.T.);
#3674=EDGE_CURVE('',#3041,#3042,#656,.T.);
#3675=EDGE_CURVE('',#3043,#3042,#657,.T.);
#3676=EDGE_CURVE('',#3043,#3028,#658,.T.);
#3677=EDGE_CURVE('',#3035,#3030,#659,.T.);
#3678=EDGE_CURVE('',#3044,#3045,#435,.F.);
#3679=EDGE_CURVE('',#3045,#3046,#660,.T.);
#3680=EDGE_CURVE('',#3046,#3047,#436,.F.);
#3681=EDGE_CURVE('',#3047,#3044,#661,.T.);
#3682=EDGE_CURVE('',#3046,#3048,#662,.T.);
#3683=EDGE_CURVE('',#3049,#3045,#663,.T.);
#3684=EDGE_CURVE('',#3050,#3049,#664,.T.);
#3685=EDGE_CURVE('',#3051,#3050,#665,.T.);
#3686=EDGE_CURVE('',#3052,#3051,#666,.T.);
#3687=EDGE_CURVE('',#3053,#3052,#667,.T.);
#3688=EDGE_CURVE('',#3054,#3053,#668,.T.);
#3689=EDGE_CURVE('',#3055,#3054,#669,.T.);
#3690=EDGE_CURVE('',#3056,#3055,#670,.T.);
#3691=EDGE_CURVE('',#3057,#3056,#671,.T.);
#3692=EDGE_CURVE('',#3058,#3057,#672,.T.);
#3693=EDGE_CURVE('',#3059,#3058,#673,.T.);
#3694=EDGE_CURVE('',#3060,#3059,#674,.T.);
#3695=EDGE_CURVE('',#3061,#3060,#675,.T.);
#3696=EDGE_CURVE('',#3062,#3061,#676,.T.);
#3697=EDGE_CURVE('',#3063,#3062,#677,.T.);
#3698=EDGE_CURVE('',#3064,#3063,#678,.T.);
#3699=EDGE_CURVE('',#3065,#3064,#679,.T.);
#3700=EDGE_CURVE('',#3066,#3065,#680,.T.);
#3701=EDGE_CURVE('',#3067,#3066,#681,.T.);
#3702=EDGE_CURVE('',#3068,#3067,#682,.T.);
#3703=EDGE_CURVE('',#3069,#3068,#683,.T.);
#3704=EDGE_CURVE('',#3048,#3069,#684,.T.);
#3705=EDGE_CURVE('',#3070,#3052,#437,.F.);
#3706=EDGE_CURVE('',#3051,#3071,#438,.F.);
#3707=EDGE_CURVE('',#3071,#3070,#685,.T.);
#3708=EDGE_CURVE('',#3072,#3073,#2694,.F.);
#3709=EDGE_CURVE('',#3074,#3072,#2695,.F.);
#3710=EDGE_CURVE('',#3073,#3074,#2696,.F.);
#3711=EDGE_CURVE('',#3075,#3076,#2697,.F.);
#3712=EDGE_CURVE('',#3076,#3074,#686,.T.);
#3713=EDGE_CURVE('',#3072,#3075,#687,.T.);
#3714=EDGE_CURVE('',#3077,#3078,#688,.T.);
#3715=EDGE_CURVE('',#3078,#3079,#2698,.F.);
#3716=EDGE_CURVE('',#3079,#3080,#689,.T.);
#3717=EDGE_CURVE('',#3080,#3077,#439,.T.);
#3718=EDGE_CURVE('',#3080,#3073,#690,.T.);
#3719=EDGE_CURVE('',#3074,#3077,#691,.T.);
#3720=EDGE_CURVE('',#3081,#3082,#2699,.F.);
#3721=EDGE_CURVE('',#3082,#3072,#692,.T.);
#3722=EDGE_CURVE('',#3073,#3081,#693,.T.);
#3723=EDGE_CURVE('',#3083,#3076,#694,.T.);
#3724=EDGE_CURVE('',#3083,#3077,#695,.T.);
#3725=EDGE_CURVE('',#3084,#3082,#696,.T.);
#3726=EDGE_CURVE('',#3075,#3084,#697,.T.);
#3727=EDGE_CURVE('',#3085,#3086,#698,.T.);
#3728=EDGE_CURVE('',#3086,#3087,#2700,.F.);
#3729=EDGE_CURVE('',#3087,#3088,#699,.T.);
#3730=EDGE_CURVE('',#3088,#3085,#440,.T.);
#3731=EDGE_CURVE('',#3089,#3090,#2701,.F.);
#3732=EDGE_CURVE('',#3091,#3089,#2702,.F.);
#3733=EDGE_CURVE('',#3090,#3091,#2703,.F.);
#3734=EDGE_CURVE('',#3092,#3093,#2704,.F.);
#3735=EDGE_CURVE('',#3093,#3091,#700,.T.);
#3736=EDGE_CURVE('',#3089,#3092,#701,.T.);
#3737=EDGE_CURVE('',#3088,#3090,#702,.T.);
#3738=EDGE_CURVE('',#3091,#3085,#703,.T.);
#3739=EDGE_CURVE('',#3094,#3095,#2705,.F.);
#3740=EDGE_CURVE('',#3095,#3089,#704,.T.);
#3741=EDGE_CURVE('',#3090,#3094,#705,.T.);
#3742=EDGE_CURVE('',#3096,#3093,#706,.T.);
#3743=EDGE_CURVE('',#3096,#3085,#707,.T.);
#3744=EDGE_CURVE('',#3095,#3097,#708,.T.);
#3745=EDGE_CURVE('',#3092,#3097,#709,.T.);
#3746=EDGE_CURVE('',#3098,#3099,#710,.T.);
#3747=EDGE_CURVE('',#3099,#3100,#441,.F.);
#3748=EDGE_CURVE('',#3100,#3101,#711,.T.);
#3749=EDGE_CURVE('',#3101,#3098,#442,.T.);
#3750=EDGE_CURVE('',#3101,#3102,#712,.T.);
#3751=EDGE_CURVE('',#3102,#3103,#2706,.T.);
#3752=EDGE_CURVE('',#3103,#3098,#713,.T.);
#3753=EDGE_CURVE('',#3104,#3098,#714,.T.);
#3754=EDGE_CURVE('',#3105,#3104,#715,.T.);
#3755=EDGE_CURVE('',#3099,#3105,#716,.T.);
#3756=EDGE_CURVE('',#3103,#3106,#717,.T.);
#3757=EDGE_CURVE('',#3104,#3106,#718,.T.);
#3758=EDGE_CURVE('',#3102,#3107,#719,.T.);
#3759=EDGE_CURVE('',#3107,#3108,#720,.T.);
#3760=EDGE_CURVE('',#3109,#3108,#721,.T.);
#3761=EDGE_CURVE('',#3106,#3109,#722,.T.);
#3762=EDGE_CURVE('',#3106,#3110,#443,.T.);
#3763=EDGE_CURVE('',#3110,#3111,#723,.T.);
#3764=EDGE_CURVE('',#3111,#3104,#444,.T.);
#3765=EDGE_CURVE('',#3111,#3112,#724,.T.);
#3766=EDGE_CURVE('',#3112,#3105,#445,.T.);
#3767=EDGE_CURVE('',#3113,#3114,#2707,.F.);
#3768=EDGE_CURVE('',#3056,#3113,#2708,.F.);
#3769=EDGE_CURVE('',#3114,#3056,#2709,.F.);
#3770=EDGE_CURVE('',#3115,#3057,#2710,.F.);
#3771=EDGE_CURVE('',#3116,#3115,#2711,.F.);
#3772=EDGE_CURVE('',#3057,#3116,#2712,.F.);
#3773=EDGE_CURVE('',#3117,#3116,#725,.T.);
#3774=EDGE_CURVE('',#3115,#3118,#726,.T.);
#3775=EDGE_CURVE('',#3118,#3117,#446,.T.);
#3776=EDGE_CURVE('',#3119,#3120,#727,.T.);
#3777=EDGE_CURVE('',#3120,#3059,#447,.T.);
#3778=EDGE_CURVE('',#3058,#3119,#448,.T.);
#3779=EDGE_CURVE('',#3121,#3122,#2713,.F.);
#3780=EDGE_CURVE('',#3123,#3121,#2714,.F.);
#3781=EDGE_CURVE('',#3122,#3123,#2715,.F.);
#3782=EDGE_CURVE('',#3124,#3123,#728,.T.);
#3783=EDGE_CURVE('',#3121,#3125,#729,.T.);
#3784=EDGE_CURVE('',#3125,#3124,#449,.T.);
#3785=EDGE_CURVE('',#3126,#3127,#2716,.F.);
#3786=EDGE_CURVE('',#3060,#3126,#2717,.F.);
#3787=EDGE_CURVE('',#3127,#3060,#2718,.F.);
#3788=EDGE_CURVE('',#3128,#3129,#2719,.F.);
#3789=EDGE_CURVE('',#3130,#3128,#2720,.F.);
#3790=EDGE_CURVE('',#3129,#3130,#2721,.F.);
#3791=EDGE_CURVE('',#3061,#3131,#2722,.F.);
#3792=EDGE_CURVE('',#3132,#3061,#2723,.F.);
#3793=EDGE_CURVE('',#3131,#3132,#2724,.F.);
#3794=EDGE_CURVE('',#3126,#3132,#730,.T.);
#3795=EDGE_CURVE('',#3122,#3131,#731,.T.);
#3796=EDGE_CURVE('',#3132,#3121,#732,.T.);
#3797=EDGE_CURVE('',#3062,#3133,#2725,.F.);
#3798=EDGE_CURVE('',#3134,#3062,#2726,.F.);
#3799=EDGE_CURVE('',#3133,#3134,#2727,.F.);
#3800=EDGE_CURVE('',#3131,#3134,#733,.T.);
#3801=EDGE_CURVE('',#3130,#3133,#734,.T.);
#3802=EDGE_CURVE('',#3134,#3129,#735,.T.);
#3803=EDGE_CURVE('',#3135,#3136,#2728,.F.);
#3804=EDGE_CURVE('',#3063,#3135,#2729,.F.);
#3805=EDGE_CURVE('',#3136,#3063,#2730,.F.);
#3806=EDGE_CURVE('',#3137,#3138,#2731,.F.);
#3807=EDGE_CURVE('',#3066,#3137,#2732,.F.);
#3808=EDGE_CURVE('',#3138,#3066,#2733,.F.);
#3809=EDGE_CURVE('',#3139,#3140,#2734,.F.);
#3810=EDGE_CURVE('',#3067,#3139,#2735,.F.);
#3811=EDGE_CURVE('',#3140,#3067,#2736,.F.);
#3812=EDGE_CURVE('',#3141,#3068,#450,.F.);
#3813=EDGE_CURVE('',#3139,#3141,#736,.T.);
#3814=EDGE_CURVE('',#3137,#3140,#737,.T.);
#3815=EDGE_CURVE('',#3142,#3139,#738,.T.);
#3816=EDGE_CURVE('',#3140,#3143,#739,.T.);
#3817=EDGE_CURVE('',#3143,#3142,#451,.T.);
#3818=EDGE_CURVE('',#3144,#3145,#740,.T.);
#3819=EDGE_CURVE('',#3145,#3146,#452,.T.);
#3820=EDGE_CURVE('',#3146,#3147,#741,.T.);
#3821=EDGE_CURVE('',#3147,#3144,#453,.T.);
#3822=EDGE_CURVE('',#3148,#3149,#2737,.F.);
#3823=EDGE_CURVE('',#3150,#3148,#2738,.F.);
#3824=EDGE_CURVE('',#3149,#3150,#2739,.F.);
#3825=EDGE_CURVE('',#3145,#3150,#742,.T.);
#3826=EDGE_CURVE('',#3148,#3146,#743,.T.);
#3827=EDGE_CURVE('',#3151,#3152,#2740,.F.);
#3828=EDGE_CURVE('',#3153,#3151,#2741,.F.);
#3829=EDGE_CURVE('',#3152,#3153,#2742,.F.);
#3830=EDGE_CURVE('',#3150,#3153,#744,.T.);
#3831=EDGE_CURVE('',#3151,#3149,#745,.T.);
#3832=EDGE_CURVE('',#3154,#3155,#2743,.T.);
#3833=EDGE_CURVE('',#3155,#3152,#746,.T.);
#3834=EDGE_CURVE('',#3153,#3154,#747,.T.);
#3835=EDGE_CURVE('',#3156,#3157,#454,.F.);
#3836=EDGE_CURVE('',#3157,#3151,#748,.T.);
#3837=EDGE_CURVE('',#3152,#3156,#749,.T.);
#3838=EDGE_CURVE('',#3158,#3148,#750,.T.);
#3839=EDGE_CURVE('',#3149,#3159,#751,.T.);
#3840=EDGE_CURVE('',#3159,#3158,#455,.T.);
#3841=EDGE_CURVE('',#3143,#3158,#752,.T.);
#3842=EDGE_CURVE('',#3159,#3142,#753,.T.);
#3843=EDGE_CURVE('',#3160,#3144,#754,.T.);
#3844=EDGE_CURVE('',#3147,#3161,#755,.T.);
#3845=EDGE_CURVE('',#3161,#3160,#456,.T.);
#3846=EDGE_CURVE('',#3161,#3137,#756,.T.);
#3847=EDGE_CURVE('',#3138,#3160,#757,.T.);
#3848=EDGE_CURVE('',#3162,#3138,#758,.T.);
#3849=EDGE_CURVE('',#3065,#3162,#457,.T.);
#3850=EDGE_CURVE('',#3163,#3162,#759,.T.);
#3851=EDGE_CURVE('',#3064,#3163,#458,.T.);
#3852=EDGE_CURVE('',#3135,#3163,#760,.T.);
#3853=EDGE_CURVE('',#3133,#3136,#761,.T.);
#3854=EDGE_CURVE('',#3164,#3135,#762,.T.);
#3855=EDGE_CURVE('',#3136,#3165,#763,.T.);
#3856=EDGE_CURVE('',#3165,#3164,#459,.T.);
#3857=EDGE_CURVE('',#3165,#3130,#764,.T.);
#3858=EDGE_CURVE('',#3128,#3164,#765,.T.);
#3859=EDGE_CURVE('',#3129,#3122,#766,.T.);
#3860=EDGE_CURVE('',#3123,#3128,#767,.T.);
#3861=EDGE_CURVE('',#3120,#3127,#768,.T.);
#3862=EDGE_CURVE('',#3125,#3126,#769,.T.);
#3863=EDGE_CURVE('',#3127,#3124,#770,.T.);
#3864=EDGE_CURVE('',#3116,#3119,#771,.T.);
#3865=EDGE_CURVE('',#3113,#3115,#772,.T.);
#3866=EDGE_CURVE('',#3055,#3166,#460,.F.);
#3867=EDGE_CURVE('',#3166,#3114,#773,.T.);
#3868=EDGE_CURVE('',#3167,#3113,#774,.T.);
#3869=EDGE_CURVE('',#3114,#3168,#775,.T.);
#3870=EDGE_CURVE('',#3168,#3167,#461,.T.);
#3871=EDGE_CURVE('',#3109,#3117,#776,.T.);
#3872=EDGE_CURVE('',#3118,#3169,#777,.T.);
#3873=EDGE_CURVE('',#3169,#3109,#462,.T.);
#3874=EDGE_CURVE('',#3112,#3167,#778,.T.);
#3875=EDGE_CURVE('',#3168,#3105,#779,.T.);
#3876=EDGE_CURVE('',#3169,#3110,#780,.T.);
#3877=EDGE_CURVE('',#3145,#3154,#781,.T.);
#3878=EDGE_CURVE('',#3160,#3040,#782,.T.);
#3879=EDGE_CURVE('',#3039,#3144,#783,.T.);
#3880=EDGE_CURVE('',#3162,#3170,#784,.T.);
#3881=EDGE_CURVE('',#3170,#3041,#785,.T.);
#3882=EDGE_CURVE('',#3163,#3171,#786,.T.);
#3883=EDGE_CURVE('',#3171,#3170,#787,.T.);
#3884=EDGE_CURVE('',#3043,#3164,#788,.T.);
#3885=EDGE_CURVE('',#3042,#3171,#789,.T.);
#3886=EDGE_CURVE('',#3124,#3172,#790,.T.);
#3887=EDGE_CURVE('',#3033,#3172,#791,.T.);
#3888=EDGE_CURVE('',#3029,#3032,#792,.T.);
#3889=EDGE_CURVE('',#3120,#3173,#793,.T.);
#3890=EDGE_CURVE('',#3173,#3174,#794,.T.);
#3891=EDGE_CURVE('',#3172,#3174,#795,.T.);
#3892=EDGE_CURVE('',#3119,#3175,#796,.T.);
#3893=EDGE_CURVE('',#3175,#3173,#797,.T.);
#3894=EDGE_CURVE('',#3176,#3117,#798,.T.);
#3895=EDGE_CURVE('',#3176,#3177,#799,.T.);
#3896=EDGE_CURVE('',#3177,#3175,#800,.T.);
#3897=EDGE_CURVE('',#3176,#3108,#801,.T.);
#3898=EDGE_CURVE('',#3166,#3178,#802,.T.);
#3899=EDGE_CURVE('',#3178,#3168,#803,.T.);
#3900=EDGE_CURVE('',#3179,#3180,#804,.T.);
#3901=EDGE_CURVE('',#3180,#3181,#463,.T.);
#3902=EDGE_CURVE('',#3181,#3182,#805,.T.);
#3903=EDGE_CURVE('',#3182,#3179,#464,.T.);
#3904=EDGE_CURVE('',#3183,#3184,#2744,.F.);
#3905=EDGE_CURVE('',#3185,#3183,#2745,.F.);
#3906=EDGE_CURVE('',#3184,#3185,#2746,.F.);
#3907=EDGE_CURVE('',#3186,#3187,#2747,.F.);
#3908=EDGE_CURVE('',#3188,#3186,#2748,.F.);
#3909=EDGE_CURVE('',#3187,#3188,#2749,.F.);
#3910=EDGE_CURVE('',#3183,#3188,#806,.T.);
#3911=EDGE_CURVE('',#3186,#3185,#807,.T.);
#3912=EDGE_CURVE('',#3189,#3186,#808,.T.);
#3913=EDGE_CURVE('',#3187,#3190,#809,.T.);
#3914=EDGE_CURVE('',#3190,#3189,#465,.T.);
#3915=EDGE_CURVE('',#3191,#3192,#2750,.F.);
#3916=EDGE_CURVE('',#3193,#3191,#2751,.F.);
#3917=EDGE_CURVE('',#3192,#3193,#2752,.F.);
#3918=EDGE_CURVE('',#2942,#3194,#2753,.F.);
#3919=EDGE_CURVE('',#3195,#2942,#2754,.F.);
#3920=EDGE_CURVE('',#3194,#3195,#2755,.F.);
#3921=EDGE_CURVE('',#3194,#3196,#810,.T.);
#3922=EDGE_CURVE('',#3196,#2943,#466,.T.);
#3923=EDGE_CURVE('',#3197,#3195,#811,.T.);
#3924=EDGE_CURVE('',#2941,#3197,#467,.T.);
#3925=EDGE_CURVE('',#3198,#3199,#812,.T.);
#3926=EDGE_CURVE('',#3199,#2907,#468,.T.);
#3927=EDGE_CURVE('',#2906,#3198,#469,.T.);
#3928=EDGE_CURVE('',#2941,#2907,#813,.T.);
#3929=EDGE_CURVE('',#3199,#3197,#814,.T.);
#3930=EDGE_CURVE('',#3200,#3198,#815,.T.);
#3931=EDGE_CURVE('',#2905,#3200,#470,.T.);
#3932=EDGE_CURVE('',#3196,#3200,#816,.T.);
#3933=EDGE_CURVE('',#2905,#2943,#817,.T.);
#3934=EDGE_CURVE('',#3195,#3193,#818,.T.);
#3935=EDGE_CURVE('',#3191,#3194,#819,.T.);
#3936=EDGE_CURVE('',#3201,#3192,#820,.T.);
#3937=EDGE_CURVE('',#3193,#3202,#821,.T.);
#3938=EDGE_CURVE('',#3202,#3201,#471,.T.);
#3939=EDGE_CURVE('',#3188,#3191,#822,.T.);
#3940=EDGE_CURVE('',#3192,#3187,#823,.T.);
#3941=EDGE_CURVE('',#3190,#3201,#824,.T.);
#3942=EDGE_CURVE('',#3202,#3189,#825,.T.);
#3943=EDGE_CURVE('',#3180,#3184,#826,.T.);
#3944=EDGE_CURVE('',#3185,#3181,#827,.T.);
#3945=EDGE_CURVE('',#3203,#3183,#828,.T.);
#3946=EDGE_CURVE('',#3184,#3204,#829,.T.);
#3947=EDGE_CURVE('',#3204,#3203,#472,.T.);
#3948=EDGE_CURVE('',#3182,#3203,#830,.T.);
#3949=EDGE_CURVE('',#3204,#3179,#831,.T.);
#3950=EDGE_CURVE('',#3189,#3036,#832,.T.);
#3951=EDGE_CURVE('',#3205,#3034,#833,.T.);
#3952=EDGE_CURVE('',#3205,#3181,#834,.T.);
#3953=EDGE_CURVE('',#3206,#3202,#835,.T.);
#3954=EDGE_CURVE('',#3207,#3206,#2756,.T.);
#3955=EDGE_CURVE('',#3207,#3037,#836,.T.);
#3956=EDGE_CURVE('',#3208,#3209,#837,.T.);
#3957=EDGE_CURVE('',#3209,#2937,#473,.T.);
#3958=EDGE_CURVE('',#2937,#2911,#838,.T.);
#3959=EDGE_CURVE('',#2911,#3208,#474,.T.);
#3960=EDGE_CURVE('',#3209,#3210,#839,.T.);
#3961=EDGE_CURVE('',#2938,#3210,#475,.T.);
#3962=EDGE_CURVE('',#3211,#3208,#840,.T.);
#3963=EDGE_CURVE('',#2910,#3211,#476,.T.);
#3964=EDGE_CURVE('',#3210,#3211,#841,.T.);
#3965=EDGE_CURVE('',#2910,#2938,#842,.T.);
#3966=EDGE_CURVE('',#2912,#2936,#843,.T.);
#3967=EDGE_CURVE('',#3182,#3212,#844,.T.);
#3968=EDGE_CURVE('',#3213,#3212,#845,.T.);
#3969=EDGE_CURVE('',#3214,#3213,#846,.T.);
#3970=EDGE_CURVE('',#3215,#3214,#847,.T.);
#3971=EDGE_CURVE('',#3216,#3215,#848,.T.);
#3972=EDGE_CURVE('',#3217,#3216,#849,.T.);
#3973=EDGE_CURVE('',#3218,#3217,#850,.T.);
#3974=EDGE_CURVE('',#3206,#3218,#851,.T.);
#3975=EDGE_CURVE('',#3198,#3203,#852,.T.);
#3976=EDGE_CURVE('',#3212,#3219,#2757,.T.);
#3977=EDGE_CURVE('',#3219,#3220,#853,.T.);
#3978=EDGE_CURVE('',#3220,#3213,#477,.T.);
#3979=EDGE_CURVE('',#3215,#3221,#2758,.F.);
#3980=EDGE_CURVE('',#3222,#3215,#2759,.F.);
#3981=EDGE_CURVE('',#3221,#3222,#2760,.F.);
#3982=EDGE_CURVE('',#3223,#3222,#854,.T.);
#3983=EDGE_CURVE('',#3214,#3223,#478,.T.);
#3984=EDGE_CURVE('',#3224,#3225,#2761,.F.);
#3985=EDGE_CURVE('',#3225,#3221,#855,.T.);
#3986=EDGE_CURVE('',#3222,#3224,#856,.T.);
#3987=EDGE_CURVE('',#3226,#3207,#857,.T.);
#3988=EDGE_CURVE('',#3218,#3226,#479,.T.);
#3989=EDGE_CURVE('',#3227,#3228,#2762,.F.);
#3990=EDGE_CURVE('',#3216,#3227,#2763,.F.);
#3991=EDGE_CURVE('',#3228,#3216,#2764,.F.);
#3992=EDGE_CURVE('',#3217,#3229,#480,.T.);
#3993=EDGE_CURVE('',#3229,#3226,#858,.T.);
#3994=EDGE_CURVE('',#3227,#3229,#859,.T.);
#3995=EDGE_CURVE('',#3221,#3228,#860,.T.);
#3996=EDGE_CURVE('',#3230,#3231,#2765,.F.);
#3997=EDGE_CURVE('',#3231,#3227,#861,.T.);
#3998=EDGE_CURVE('',#3228,#3230,#862,.T.);
#3999=EDGE_CURVE('',#3220,#3223,#863,.T.);
#4000=EDGE_CURVE('',#3226,#3232,#864,.T.);
#4001=EDGE_CURVE('',#3233,#3232,#865,.T.);
#4002=EDGE_CURVE('',#3233,#3234,#866,.T.);
#4003=EDGE_CURVE('',#3235,#3234,#2766,.F.);
#4004=EDGE_CURVE('',#3235,#3037,#867,.T.);
#4005=EDGE_CURVE('',#3229,#3236,#868,.T.);
#4006=EDGE_CURVE('',#3232,#3236,#869,.T.);
#4007=EDGE_CURVE('',#3237,#3231,#870,.T.);
#4008=EDGE_CURVE('',#3238,#3237,#871,.T.);
#4009=EDGE_CURVE('',#3239,#3238,#2767,.F.);
#4010=EDGE_CURVE('',#3240,#3239,#872,.T.);
#4011=EDGE_CURVE('',#3241,#3240,#2768,.F.);
#4012=EDGE_CURVE('',#3242,#3241,#873,.T.);
#4013=EDGE_CURVE('',#3236,#3242,#874,.T.);
#4014=EDGE_CURVE('',#3243,#3241,#875,.T.);
#4015=EDGE_CURVE('',#3240,#3244,#876,.T.);
#4016=EDGE_CURVE('',#3244,#3243,#481,.T.);
#4017=EDGE_CURVE('',#3244,#3245,#877,.T.);
#4018=EDGE_CURVE('',#3245,#3246,#482,.T.);
#4019=EDGE_CURVE('',#3246,#3243,#878,.T.);
#4020=EDGE_CURVE('',#3245,#3247,#879,.T.);
#4021=EDGE_CURVE('',#3247,#3248,#2769,.F.);
#4022=EDGE_CURVE('',#3248,#3246,#880,.T.);
#4023=EDGE_CURVE('',#3249,#3243,#881,.T.);
#4024=EDGE_CURVE('',#3242,#3249,#882,.T.);
#4025=EDGE_CURVE('',#3250,#3246,#883,.T.);
#4026=EDGE_CURVE('',#3249,#3250,#884,.T.);
#4027=EDGE_CURVE('',#3251,#3248,#885,.T.);
#4028=EDGE_CURVE('',#3250,#3251,#886,.T.);
#4029=EDGE_CURVE('',#3252,#3253,#2770,.F.);
#4030=EDGE_CURVE('',#3254,#3252,#2771,.F.);
#4031=EDGE_CURVE('',#3253,#3254,#2772,.F.);
#4032=EDGE_CURVE('',#3255,#3256,#2773,.F.);
#4033=EDGE_CURVE('',#3256,#3254,#887,.T.);
#4034=EDGE_CURVE('',#3252,#3255,#888,.T.);
#4035=EDGE_CURVE('',#3257,#3258,#2774,.F.);
#4036=EDGE_CURVE('',#3258,#3253,#889,.T.);
#4037=EDGE_CURVE('',#3254,#3257,#890,.T.);
#4038=EDGE_CURVE('',#3259,#3252,#891,.T.);
#4039=EDGE_CURVE('',#3253,#3260,#892,.T.);
#4040=EDGE_CURVE('',#3260,#3259,#483,.T.);
#4041=EDGE_CURVE('',#3260,#3239,#893,.T.);
#4042=EDGE_CURVE('',#3238,#3259,#894,.T.);
#4043=EDGE_CURVE('',#3261,#3259,#895,.T.);
#4044=EDGE_CURVE('',#3255,#3261,#896,.T.);
#4045=EDGE_CURVE('',#3261,#3237,#897,.T.);
#4046=EDGE_CURVE('',#3262,#3263,#2775,.T.);
#4047=EDGE_CURVE('',#3263,#3264,#2776,.T.);
#4048=EDGE_CURVE('',#3264,#3265,#2777,.F.);
#4049=EDGE_CURVE('',#3265,#3262,#2778,.T.);
#4050=EDGE_CURVE('',#3266,#3267,#2779,.T.);
#4051=EDGE_CURVE('',#3267,#3263,#898,.T.);
#4052=EDGE_CURVE('',#3262,#3266,#899,.T.);
#4053=EDGE_CURVE('',#3234,#3267,#2780,.T.);
#4054=EDGE_CURVE('',#3266,#3235,#2781,.T.);
#4055=EDGE_CURVE('',#3038,#3265,#900,.T.);
#4056=EDGE_CURVE('',#3268,#3269,#2782,.T.);
#4057=EDGE_CURVE('',#3269,#3270,#2783,.T.);
#4058=EDGE_CURVE('',#3270,#3271,#2784,.F.);
#4059=EDGE_CURVE('',#3271,#3268,#2785,.T.);
#4060=EDGE_CURVE('',#3272,#3273,#2786,.T.);
#4061=EDGE_CURVE('',#3273,#3269,#901,.T.);
#4062=EDGE_CURVE('',#3268,#3272,#902,.T.);
#4063=EDGE_CURVE('',#3274,#3275,#2787,.F.);
#4064=EDGE_CURVE('',#3275,#3273,#2788,.T.);
#4065=EDGE_CURVE('',#3272,#3274,#2789,.T.);
#4066=EDGE_CURVE('',#3276,#3271,#903,.T.);
#4067=EDGE_CURVE('',#3276,#3107,#904,.T.);
#4068=EDGE_CURVE('',#3274,#3107,#905,.T.);
#4069=EDGE_CURVE('',#3277,#3278,#906,.T.);
#4070=EDGE_CURVE('',#3278,#2934,#2790,.F.);
#4071=EDGE_CURVE('',#2933,#3277,#484,.T.);
#4072=EDGE_CURVE('',#2914,#3279,#2791,.F.);
#4073=EDGE_CURVE('',#3279,#3280,#907,.T.);
#4074=EDGE_CURVE('',#3280,#2915,#485,.T.);
#4075=EDGE_CURVE('',#2933,#2915,#908,.T.);
#4076=EDGE_CURVE('',#3280,#3277,#909,.T.);
#4077=EDGE_CURVE('',#3159,#3157,#910,.T.);
#4078=EDGE_CURVE('',#3156,#3281,#911,.T.);
#4079=EDGE_CURVE('',#3281,#3256,#912,.T.);
#4080=EDGE_CURVE('',#3230,#3278,#913,.T.);
#4081=EDGE_CURVE('',#3279,#3225,#914,.T.);
#4082=EDGE_CURVE('',#3224,#3282,#915,.T.);
#4083=EDGE_CURVE('',#3282,#3083,#916,.T.);
#4084=EDGE_CURVE('',#3084,#3100,#917,.T.);
#4085=EDGE_CURVE('',#3178,#3283,#918,.T.);
#4086=EDGE_CURVE('',#3283,#3284,#919,.T.);
#4087=EDGE_CURVE('',#3285,#3284,#920,.T.);
#4088=EDGE_CURVE('',#3286,#3285,#921,.T.);
#4089=EDGE_CURVE('',#3287,#3286,#922,.T.);
#4090=EDGE_CURVE('',#3287,#3288,#923,.T.);
#4091=EDGE_CURVE('',#3288,#3289,#924,.T.);
#4092=EDGE_CURVE('',#3290,#3289,#925,.T.);
#4093=EDGE_CURVE('',#3290,#3291,#926,.T.);
#4094=EDGE_CURVE('',#3291,#3292,#927,.T.);
#4095=EDGE_CURVE('',#3293,#3292,#928,.T.);
#4096=EDGE_CURVE('',#3294,#3293,#929,.T.);
#4097=EDGE_CURVE('',#3295,#3294,#930,.T.);
#4098=EDGE_CURVE('',#3295,#3296,#931,.T.);
#4099=EDGE_CURVE('',#3296,#3297,#932,.T.);
#4100=EDGE_CURVE('',#3298,#3297,#933,.T.);
#4101=EDGE_CURVE('',#3298,#3299,#934,.T.);
#4102=EDGE_CURVE('',#3299,#3300,#935,.T.);
#4103=EDGE_CURVE('',#3301,#3300,#936,.T.);
#4104=EDGE_CURVE('',#3302,#3301,#937,.T.);
#4105=EDGE_CURVE('',#3303,#3302,#938,.T.);
#4106=EDGE_CURVE('',#3303,#3304,#939,.T.);
#4107=EDGE_CURVE('',#3304,#3305,#940,.T.);
#4108=EDGE_CURVE('',#3142,#3305,#941,.T.);
#4109=EDGE_CURVE('',#3306,#3307,#2792,.T.);
#4110=EDGE_CURVE('',#3307,#3308,#942,.T.);
#4111=EDGE_CURVE('',#3308,#3309,#2793,.T.);
#4112=EDGE_CURVE('',#3309,#3306,#943,.T.);
#4113=EDGE_CURVE('',#3310,#3311,#2794,.T.);
#4114=EDGE_CURVE('',#3311,#3312,#944,.T.);
#4115=EDGE_CURVE('',#3312,#3313,#2795,.T.);
#4116=EDGE_CURVE('',#3313,#3310,#945,.T.);
#4117=EDGE_CURVE('',#3314,#3315,#2796,.T.);
#4118=EDGE_CURVE('',#3315,#3316,#2797,.T.);
#4119=EDGE_CURVE('',#3316,#3317,#2798,.T.);
#4120=EDGE_CURVE('',#3317,#3314,#2799,.T.);
#4121=EDGE_CURVE('',#3318,#3319,#2800,.T.);
#4122=EDGE_CURVE('',#3319,#3317,#946,.T.);
#4123=EDGE_CURVE('',#3316,#3318,#947,.T.);
#4124=EDGE_CURVE('',#3320,#3321,#2801,.T.);
#4125=EDGE_CURVE('',#3321,#3319,#2802,.T.);
#4126=EDGE_CURVE('',#3318,#3320,#2803,.T.);
#4127=EDGE_CURVE('',#3314,#3321,#948,.T.);
#4128=EDGE_CURVE('',#3320,#3315,#949,.T.);
#4129=EDGE_CURVE('',#3306,#3316,#950,.T.);
#4130=EDGE_CURVE('',#3309,#3318,#951,.T.);
#4131=EDGE_CURVE('',#3307,#3315,#952,.T.);
#4132=EDGE_CURVE('',#3322,#3323,#2804,.T.);
#4133=EDGE_CURVE('',#3323,#3324,#2805,.T.);
#4134=EDGE_CURVE('',#3324,#3325,#2806,.T.);
#4135=EDGE_CURVE('',#3325,#3322,#2807,.T.);
#4136=EDGE_CURVE('',#3326,#3327,#2808,.T.);
#4137=EDGE_CURVE('',#3327,#3325,#953,.T.);
#4138=EDGE_CURVE('',#3324,#3326,#954,.T.);
#4139=EDGE_CURVE('',#3328,#3329,#2809,.T.);
#4140=EDGE_CURVE('',#3329,#3327,#2810,.T.);
#4141=EDGE_CURVE('',#3326,#3328,#2811,.T.);
#4142=EDGE_CURVE('',#3322,#3329,#955,.T.);
#4143=EDGE_CURVE('',#3328,#3323,#956,.T.);
#4144=EDGE_CURVE('',#3310,#3324,#957,.T.);
#4145=EDGE_CURVE('',#3313,#3326,#958,.T.);
#4146=EDGE_CURVE('',#3311,#3323,#959,.T.);
#4147=EDGE_CURVE('',#3312,#3328,#960,.T.);
#4148=EDGE_CURVE('',#3308,#3320,#961,.T.);
#4149=EDGE_CURVE('',#2950,#3330,#486,.T.);
#4150=EDGE_CURVE('',#3330,#3331,#962,.T.);
#4151=EDGE_CURVE('',#3331,#2951,#487,.T.);
#4152=EDGE_CURVE('',#3332,#3333,#963,.T.);
#4153=EDGE_CURVE('',#3333,#2948,#488,.T.);
#4154=EDGE_CURVE('',#3332,#2949,#489,.T.);
#4155=EDGE_CURVE('',#3333,#3330,#964,.T.);
#4156=EDGE_CURVE('',#3331,#3332,#965,.T.);
#4157=EDGE_CURVE('',#3334,#3333,#966,.T.);
#4158=EDGE_CURVE('',#3335,#3334,#967,.T.);
#4159=EDGE_CURVE('',#3335,#3330,#968,.T.);
#4160=EDGE_CURVE('',#3336,#3332,#969,.T.);
#4161=EDGE_CURVE('',#3334,#3336,#970,.T.);
#4162=EDGE_CURVE('',#3054,#3337,#2812,.F.);
#4163=EDGE_CURVE('',#3338,#3054,#2813,.F.);
#4164=EDGE_CURVE('',#3337,#3338,#2814,.F.);
#4165=EDGE_CURVE('',#3339,#3053,#2815,.F.);
#4166=EDGE_CURVE('',#3340,#3339,#2816,.F.);
#4167=EDGE_CURVE('',#3053,#3340,#2817,.F.);
#4168=EDGE_CURVE('',#3341,#3342,#490,.T.);
#4169=EDGE_CURVE('',#3342,#3340,#971,.T.);
#4170=EDGE_CURVE('',#3339,#3341,#972,.T.);
#4171=EDGE_CURVE('',#3340,#3338,#973,.T.);
#4172=EDGE_CURVE('',#3070,#3339,#974,.T.);
#4173=EDGE_CURVE('',#3343,#3344,#491,.T.);
#4174=EDGE_CURVE('',#3344,#3337,#975,.T.);
#4175=EDGE_CURVE('',#3338,#3343,#976,.T.);
#4176=EDGE_CURVE('',#3337,#3166,#977,.T.);
#4177=EDGE_CURVE('',#3289,#3070,#978,.T.);
#4178=EDGE_CURVE('',#3288,#3345,#979,.T.);
#4179=EDGE_CURVE('',#3345,#3341,#980,.T.);
#4180=EDGE_CURVE('',#3336,#3346,#981,.T.);
#4181=EDGE_CURVE('',#3346,#3287,#2818,.F.);
#4182=EDGE_CURVE('',#3286,#3336,#492,.T.);
#4183=EDGE_CURVE('',#3285,#3334,#493,.T.);
#4184=EDGE_CURVE('',#3284,#3335,#2819,.F.);
#4185=EDGE_CURVE('',#3346,#3331,#982,.T.);
#4186=EDGE_CURVE('',#2958,#3347,#494,.T.);
#4187=EDGE_CURVE('',#3347,#3348,#983,.T.);
#4188=EDGE_CURVE('',#3348,#2959,#495,.T.);
#4189=EDGE_CURVE('',#3349,#3350,#984,.T.);
#4190=EDGE_CURVE('',#3350,#2956,#496,.T.);
#4191=EDGE_CURVE('',#3349,#2957,#497,.T.);
#4192=EDGE_CURVE('',#3350,#3347,#985,.T.);
#4193=EDGE_CURVE('',#3348,#3349,#986,.T.);
#4194=EDGE_CURVE('',#3351,#3350,#987,.T.);
#4195=EDGE_CURVE('',#3352,#3351,#988,.T.);
#4196=EDGE_CURVE('',#3352,#3347,#989,.T.);
#4197=EDGE_CURVE('',#3353,#3349,#990,.T.);
#4198=EDGE_CURVE('',#3351,#3353,#991,.T.);
#4199=EDGE_CURVE('',#3050,#3354,#2820,.F.);
#4200=EDGE_CURVE('',#3355,#3050,#2821,.F.);
#4201=EDGE_CURVE('',#3354,#3355,#2822,.F.);
#4202=EDGE_CURVE('',#3356,#3049,#2823,.F.);
#4203=EDGE_CURVE('',#3357,#3356,#2824,.F.);
#4204=EDGE_CURVE('',#3049,#3357,#2825,.F.);
#4205=EDGE_CURVE('',#3358,#3359,#498,.T.);
#4206=EDGE_CURVE('',#3359,#3357,#992,.T.);
#4207=EDGE_CURVE('',#3356,#3358,#993,.T.);
#4208=EDGE_CURVE('',#3357,#3355,#994,.T.);
#4209=EDGE_CURVE('',#3044,#3356,#995,.T.);
#4210=EDGE_CURVE('',#3360,#3361,#499,.T.);
#4211=EDGE_CURVE('',#3361,#3354,#996,.T.);
#4212=EDGE_CURVE('',#3355,#3360,#997,.T.);
#4213=EDGE_CURVE('',#3354,#3071,#998,.T.);
#4214=EDGE_CURVE('',#3297,#3044,#999,.T.);
#4215=EDGE_CURVE('',#3296,#3362,#1000,.T.);
#4216=EDGE_CURVE('',#3362,#3358,#1001,.T.);
#4217=EDGE_CURVE('',#3353,#3363,#1002,.T.);
#4218=EDGE_CURVE('',#3363,#3295,#2826,.F.);
#4219=EDGE_CURVE('',#3294,#3353,#500,.T.);
#4220=EDGE_CURVE('',#3293,#3351,#501,.T.);
#4221=EDGE_CURVE('',#3292,#3352,#2827,.F.);
#4222=EDGE_CURVE('',#3363,#3348,#1003,.T.);
#4223=EDGE_CURVE('',#3364,#3365,#1004,.T.);
#4224=EDGE_CURVE('',#3366,#3364,#1005,.T.);
#4225=EDGE_CURVE('',#3367,#3366,#1006,.T.);
#4226=EDGE_CURVE('',#3365,#3367,#1007,.T.);
#4227=EDGE_CURVE('',#3368,#3369,#1008,.T.);
#4228=EDGE_CURVE('',#3364,#3368,#1009,.T.);
#4229=EDGE_CURVE('',#3365,#3369,#1010,.T.);
#4230=EDGE_CURVE('',#3370,#3371,#1011,.T.);
#4231=EDGE_CURVE('',#3370,#3367,#1012,.T.);
#4232=EDGE_CURVE('',#3371,#3366,#1013,.T.);
#4233=EDGE_CURVE('',#3372,#3283,#1014,.T.);
#4234=EDGE_CURVE('',#3371,#3372,#1015,.T.);
#4235=EDGE_CURVE('',#3345,#3368,#1016,.T.);
#4236=EDGE_CURVE('',#3342,#3369,#1017,.T.);
#4237=EDGE_CURVE('',#3370,#3343,#1018,.T.);
#4238=EDGE_CURVE('',#3344,#3372,#1019,.T.);
#4239=EDGE_CURVE('',#3373,#3374,#1020,.T.);
#4240=EDGE_CURVE('',#3375,#3373,#1021,.T.);
#4241=EDGE_CURVE('',#3376,#3375,#1022,.T.);
#4242=EDGE_CURVE('',#3374,#3376,#1023,.T.);
#4243=EDGE_CURVE('',#3377,#3378,#1024,.T.);
#4244=EDGE_CURVE('',#3373,#3377,#1025,.T.);
#4245=EDGE_CURVE('',#3374,#3378,#1026,.T.);
#4246=EDGE_CURVE('',#3379,#3380,#1027,.T.);
#4247=EDGE_CURVE('',#3379,#3376,#1028,.T.);
#4248=EDGE_CURVE('',#3380,#3375,#1029,.T.);
#4249=EDGE_CURVE('',#3381,#3291,#1030,.T.);
#4250=EDGE_CURVE('',#3380,#3381,#1031,.T.);
#4251=EDGE_CURVE('',#3362,#3377,#1032,.T.);
#4252=EDGE_CURVE('',#3359,#3378,#1033,.T.);
#4253=EDGE_CURVE('',#3379,#3360,#1034,.T.);
#4254=EDGE_CURVE('',#3361,#3381,#1035,.T.);
#4255=EDGE_CURVE('',#3071,#3290,#1036,.T.);
#4256=EDGE_CURVE('',#3047,#3298,#1037,.T.);
#4257=EDGE_CURVE('',#2954,#3382,#502,.T.);
#4258=EDGE_CURVE('',#3382,#3383,#1038,.T.);
#4259=EDGE_CURVE('',#3383,#2955,#503,.T.);
#4260=EDGE_CURVE('',#3384,#3385,#1039,.T.);
#4261=EDGE_CURVE('',#3385,#2952,#504,.T.);
#4262=EDGE_CURVE('',#3384,#2953,#505,.T.);
#4263=EDGE_CURVE('',#3385,#3382,#1040,.T.);
#4264=EDGE_CURVE('',#3383,#3384,#1041,.T.);
#4265=EDGE_CURVE('',#3386,#3385,#1042,.T.);
#4266=EDGE_CURVE('',#3387,#3386,#1043,.T.);
#4267=EDGE_CURVE('',#3387,#3382,#1044,.T.);
#4268=EDGE_CURVE('',#3388,#3384,#1045,.T.);
#4269=EDGE_CURVE('',#3386,#3388,#1046,.T.);
#4270=EDGE_CURVE('',#3048,#3389,#2828,.F.);
#4271=EDGE_CURVE('',#3390,#3048,#2829,.F.);
#4272=EDGE_CURVE('',#3389,#3390,#2830,.F.);
#4273=EDGE_CURVE('',#3391,#3069,#2831,.F.);
#4274=EDGE_CURVE('',#3392,#3391,#2832,.F.);
#4275=EDGE_CURVE('',#3069,#3392,#2833,.F.);
#4276=EDGE_CURVE('',#3393,#3394,#506,.T.);
#4277=EDGE_CURVE('',#3394,#3392,#1047,.T.);
#4278=EDGE_CURVE('',#3391,#3393,#1048,.T.);
#4279=EDGE_CURVE('',#3392,#3390,#1049,.T.);
#4280=EDGE_CURVE('',#3141,#3391,#1050,.T.);
#4281=EDGE_CURVE('',#3395,#3396,#507,.T.);
#4282=EDGE_CURVE('',#3396,#3389,#1051,.T.);
#4283=EDGE_CURVE('',#3390,#3395,#1052,.T.);
#4284=EDGE_CURVE('',#3389,#3047,#1053,.T.);
#4285=EDGE_CURVE('',#3305,#3141,#1054,.T.);
#4286=EDGE_CURVE('',#3304,#3397,#1055,.T.);
#4287=EDGE_CURVE('',#3397,#3393,#1056,.T.);
#4288=EDGE_CURVE('',#3388,#3398,#1057,.T.);
#4289=EDGE_CURVE('',#3398,#3303,#2834,.F.);
#4290=EDGE_CURVE('',#3302,#3388,#508,.T.);
#4291=EDGE_CURVE('',#3301,#3386,#509,.T.);
#4292=EDGE_CURVE('',#3300,#3387,#2835,.F.);
#4293=EDGE_CURVE('',#3398,#3383,#1058,.T.);
#4294=EDGE_CURVE('',#3399,#3400,#1059,.T.);
#4295=EDGE_CURVE('',#3401,#3399,#1060,.T.);
#4296=EDGE_CURVE('',#3402,#3401,#1061,.T.);
#4297=EDGE_CURVE('',#3400,#3402,#1062,.T.);
#4298=EDGE_CURVE('',#3403,#3404,#1063,.T.);
#4299=EDGE_CURVE('',#3399,#3403,#1064,.T.);
#4300=EDGE_CURVE('',#3400,#3404,#1065,.T.);
#4301=EDGE_CURVE('',#3405,#3406,#1066,.T.);
#4302=EDGE_CURVE('',#3405,#3402,#1067,.T.);
#4303=EDGE_CURVE('',#3406,#3401,#1068,.T.);
#4304=EDGE_CURVE('',#3407,#3299,#1069,.T.);
#4305=EDGE_CURVE('',#3406,#3407,#1070,.T.);
#4306=EDGE_CURVE('',#3397,#3403,#1071,.T.);
#4307=EDGE_CURVE('',#3394,#3404,#1072,.T.);
#4308=EDGE_CURVE('',#3405,#3395,#1073,.T.);
#4309=EDGE_CURVE('',#3396,#3407,#1074,.T.);
#4310=EDGE_CURVE('',#2929,#2921,#1075,.T.);
#4311=EDGE_CURVE('',#2920,#2930,#1076,.T.);
#4312=EDGE_CURVE('',#2932,#2916,#1077,.T.);
#4313=EDGE_CURVE('',#2908,#2940,#1078,.T.);
#4314=EDGE_CURVE('',#2939,#2909,#1079,.T.);
#4315=EDGE_CURVE('',#2935,#2913,#1080,.T.);
#4316=EDGE_CURVE('',#3408,#3223,#1081,.T.);
#4317=EDGE_CURVE('',#3097,#3408,#1082,.T.);
#4318=EDGE_CURVE('',#3079,#3094,#1083,.T.);
#4319=EDGE_CURVE('',#3282,#3078,#1084,.T.);
#4320=EDGE_CURVE('',#3081,#3087,#1085,.T.);
#4321=EDGE_CURVE('',#3251,#3409,#1086,.T.);
#4322=EDGE_CURVE('',#3410,#3409,#2836,.F.);
#4323=EDGE_CURVE('',#3410,#3411,#1087,.T.);
#4324=EDGE_CURVE('',#3233,#3411,#2837,.F.);
#4325=EDGE_CURVE('',#3247,#3258,#1088,.T.);
#4326=EDGE_CURVE('',#3257,#3281,#1089,.T.);
#4327=EDGE_CURVE('',#3412,#3096,#1090,.T.);
#4328=EDGE_CURVE('',#3086,#3412,#1091,.T.);
#4329=EDGE_CURVE('',#3408,#3413,#1092,.T.);
#4330=EDGE_CURVE('',#3413,#3414,#1093,.T.);
#4331=EDGE_CURVE('',#3415,#3414,#2838,.F.);
#4332=EDGE_CURVE('',#3415,#3416,#1094,.T.);
#4333=EDGE_CURVE('',#3417,#3416,#2839,.F.);
#4334=EDGE_CURVE('',#3417,#3412,#1095,.T.);
#4335=EDGE_CURVE('',#3220,#3413,#1096,.T.);
#4336=EDGE_CURVE('',#3411,#3267,#1097,.T.);
#4337=EDGE_CURVE('',#3263,#3410,#1098,.T.);
#4338=EDGE_CURVE('',#3264,#3409,#1099,.T.);
#4339=EDGE_CURVE('',#3269,#3415,#1100,.T.);
#4340=EDGE_CURVE('',#3270,#3414,#1101,.T.);
#4341=EDGE_CURVE('',#3416,#3273,#1102,.T.);
#4342=EDGE_CURVE('',#3417,#3275,#1103,.T.);
#4343=EDGE_CURVE('',#3219,#3276,#1104,.T.);
#4344=EDGE_CURVE('',#3155,#3038,#1105,.T.);
#4345=EDGE_CURVE('',#3276,#3205,#1106,.T.);
#4346=EDGE_CURVE('',#3174,#3177,#1107,.T.);
#4347=EDGE_CURVE('',#3418,#3419,#2840,.T.);
#4348=EDGE_CURVE('',#3419,#2989,#2841,.T.);
#4349=EDGE_CURVE('',#2988,#3418,#2842,.T.);
#4350=EDGE_CURVE('',#3420,#3421,#2843,.T.);
#4351=EDGE_CURVE('',#3421,#3419,#1108,.T.);
#4352=EDGE_CURVE('',#3418,#3420,#1109,.T.);
#4353=EDGE_CURVE('',#2986,#3421,#2844,.T.);
#4354=EDGE_CURVE('',#3420,#2987,#2845,.T.);
#4355=EDGE_CURVE('',#3422,#3423,#2846,.T.);
#4356=EDGE_CURVE('',#3423,#3424,#2847,.T.);
#4357=EDGE_CURVE('',#3424,#3425,#2848,.F.);
#4358=EDGE_CURVE('',#3425,#3422,#2849,.T.);
#4359=EDGE_CURVE('',#3426,#3427,#2850,.T.);
#4360=EDGE_CURVE('',#3427,#3423,#1110,.T.);
#4361=EDGE_CURVE('',#3422,#3426,#1111,.T.);
#4362=EDGE_CURVE('',#3428,#3429,#2851,.F.);
#4363=EDGE_CURVE('',#3429,#3427,#2852,.T.);
#4364=EDGE_CURVE('',#3426,#3428,#2853,.T.);
#4365=EDGE_CURVE('',#3428,#3425,#1112,.T.);
#4366=EDGE_CURVE('',#3430,#3431,#2854,.F.);
#4367=EDGE_CURVE('',#3432,#3430,#2855,.F.);
#4368=EDGE_CURVE('',#3431,#3432,#2856,.F.);
#4369=EDGE_CURVE('',#3433,#3434,#2857,.F.);
#4370=EDGE_CURVE('',#3434,#3432,#1113,.T.);
#4371=EDGE_CURVE('',#3430,#3433,#1114,.T.);
#4372=EDGE_CURVE('',#3013,#3431,#1115,.T.);
#4373=EDGE_CURVE('',#3432,#3014,#1116,.T.);
#4374=EDGE_CURVE('',#3435,#3436,#2858,.F.);
#4375=EDGE_CURVE('',#3437,#3435,#2859,.F.);
#4376=EDGE_CURVE('',#3436,#3437,#2860,.F.);
#4377=EDGE_CURVE('',#3438,#3439,#2861,.F.);
#4378=EDGE_CURVE('',#3439,#3437,#1117,.T.);
#4379=EDGE_CURVE('',#3435,#3438,#1118,.T.);
#4380=EDGE_CURVE('',#3431,#3436,#1119,.T.);
#4381=EDGE_CURVE('',#3437,#3430,#1120,.T.);
#4382=EDGE_CURVE('',#3011,#3435,#1121,.T.);
#4383=EDGE_CURVE('',#3436,#3012,#1122,.T.);
#4384=EDGE_CURVE('',#3433,#3439,#1123,.T.);
#4385=EDGE_CURVE('',#3438,#3010,#1124,.T.);
#4386=EDGE_CURVE('',#3440,#3441,#2862,.F.);
#4387=EDGE_CURVE('',#3442,#3440,#2863,.F.);
#4388=EDGE_CURVE('',#3441,#3442,#2864,.F.);
#4389=EDGE_CURVE('',#3443,#3444,#2865,.F.);
#4390=EDGE_CURVE('',#3444,#3442,#1125,.T.);
#4391=EDGE_CURVE('',#3440,#3443,#1126,.T.);
#4392=EDGE_CURVE('',#3007,#3441,#1127,.T.);
#4393=EDGE_CURVE('',#3442,#3008,#1128,.T.);
#4394=EDGE_CURVE('',#3445,#3446,#2866,.F.);
#4395=EDGE_CURVE('',#3447,#3445,#2867,.F.);
#4396=EDGE_CURVE('',#3446,#3447,#2868,.F.);
#4397=EDGE_CURVE('',#3448,#3449,#2869,.F.);
#4398=EDGE_CURVE('',#3449,#3447,#1129,.T.);
#4399=EDGE_CURVE('',#3445,#3448,#1130,.T.);
#4400=EDGE_CURVE('',#3441,#3446,#1131,.T.);
#4401=EDGE_CURVE('',#3447,#3440,#1132,.T.);
#4402=EDGE_CURVE('',#3005,#3445,#1133,.T.);
#4403=EDGE_CURVE('',#3446,#3006,#1134,.T.);
#4404=EDGE_CURVE('',#3443,#3449,#1135,.T.);
#4405=EDGE_CURVE('',#3448,#3004,#1136,.T.);
#4406=EDGE_CURVE('',#3450,#3451,#2870,.F.);
#4407=EDGE_CURVE('',#3452,#3450,#2871,.F.);
#4408=EDGE_CURVE('',#3451,#3452,#2872,.F.);
#4409=EDGE_CURVE('',#3453,#3454,#2873,.F.);
#4410=EDGE_CURVE('',#3454,#3452,#1137,.T.);
#4411=EDGE_CURVE('',#3450,#3453,#1138,.T.);
#4412=EDGE_CURVE('',#3455,#3456,#2874,.F.);
#4413=EDGE_CURVE('',#3457,#3455,#2875,.F.);
#4414=EDGE_CURVE('',#3456,#3457,#2876,.F.);
#4415=EDGE_CURVE('',#3458,#3459,#2877,.F.);
#4416=EDGE_CURVE('',#3459,#3457,#1139,.T.);
#4417=EDGE_CURVE('',#3455,#3458,#1140,.T.);
#4418=EDGE_CURVE('',#2995,#3456,#1141,.T.);
#4419=EDGE_CURVE('',#3457,#2996,#1142,.T.);
#4420=EDGE_CURVE('',#3456,#3451,#1143,.T.);
#4421=EDGE_CURVE('',#3452,#3455,#1144,.T.);
#4422=EDGE_CURVE('',#2993,#3450,#1145,.T.);
#4423=EDGE_CURVE('',#3451,#2994,#1146,.T.);
#4424=EDGE_CURVE('',#3458,#3454,#1147,.T.);
#4425=EDGE_CURVE('',#3453,#2992,#1148,.T.);
#4426=EDGE_CURVE('',#3460,#3461,#2878,.F.);
#4427=EDGE_CURVE('',#3462,#3460,#2879,.F.);
#4428=EDGE_CURVE('',#3461,#3462,#2880,.F.);
#4429=EDGE_CURVE('',#3463,#3464,#2881,.F.);
#4430=EDGE_CURVE('',#3464,#3462,#1149,.T.);
#4431=EDGE_CURVE('',#3460,#3463,#1150,.T.);
#4432=EDGE_CURVE('',#3001,#3461,#1151,.T.);
#4433=EDGE_CURVE('',#3462,#3002,#1152,.T.);
#4434=EDGE_CURVE('',#3465,#3466,#2882,.F.);
#4435=EDGE_CURVE('',#3467,#3465,#2883,.F.);
#4436=EDGE_CURVE('',#3466,#3467,#2884,.F.);
#4437=EDGE_CURVE('',#3468,#3469,#2885,.F.);
#4438=EDGE_CURVE('',#3469,#3467,#1153,.T.);
#4439=EDGE_CURVE('',#3465,#3468,#1154,.T.);
#4440=EDGE_CURVE('',#3461,#3466,#1155,.T.);
#4441=EDGE_CURVE('',#3467,#3460,#1156,.T.);
#4442=EDGE_CURVE('',#2999,#3465,#1157,.T.);
#4443=EDGE_CURVE('',#3466,#3000,#1158,.T.);
#4444=EDGE_CURVE('',#3463,#3469,#1159,.T.);
#4445=EDGE_CURVE('',#3468,#2998,#1160,.T.);
#4446=EDGE_CURVE('',#3470,#3429,#1161,.T.);
#4447=EDGE_CURVE('',#3470,#3471,#2886,.F.);
#4448=EDGE_CURVE('',#3471,#3427,#1162,.T.);
#4449=EDGE_CURVE('',#3472,#3471,#1163,.T.);
#4450=EDGE_CURVE('',#3423,#3472,#1164,.T.);
#4451=EDGE_CURVE('',#3472,#3473,#2887,.F.);
#4452=EDGE_CURVE('',#3424,#3473,#1165,.T.);
#4453=EDGE_CURVE('',#3419,#3474,#1166,.T.);
#4454=EDGE_CURVE('',#3474,#2990,#2888,.F.);
#4455=EDGE_CURVE('',#3475,#3421,#1167,.T.);
#4456=EDGE_CURVE('',#3474,#3475,#1168,.T.);
#4457=EDGE_CURVE('',#2985,#3475,#2889,.F.);
#4458=EDGE_CURVE('',#3015,#3434,#1169,.T.);
#4459=EDGE_CURVE('',#3009,#3444,#1170,.T.);
#4460=EDGE_CURVE('',#2981,#2947,#1171,.T.);
#4461=EDGE_CURVE('',#2969,#3470,#1172,.T.);
#4462=EDGE_CURVE('',#3473,#2991,#1173,.T.);
#4463=EDGE_CURVE('',#2997,#3459,#1174,.T.);
#4464=EDGE_CURVE('',#3003,#3464,#1175,.T.);
#4465=ORIENTED_EDGE('',*,*,#3476,.T.);
#4466=ORIENTED_EDGE('',*,*,#3477,.T.);
#4467=ORIENTED_EDGE('',*,*,#3476,.F.);
#4468=ORIENTED_EDGE('',*,*,#3478,.T.);
#4469=ORIENTED_EDGE('',*,*,#3477,.F.);
#4470=ORIENTED_EDGE('',*,*,#3479,.T.);
#4471=ORIENTED_EDGE('',*,*,#3480,.F.);
#4472=ORIENTED_EDGE('',*,*,#3479,.F.);
#4473=ORIENTED_EDGE('',*,*,#3478,.F.);
#4474=ORIENTED_EDGE('',*,*,#3481,.T.);
#4475=ORIENTED_EDGE('',*,*,#3482,.T.);
#4476=ORIENTED_EDGE('',*,*,#3481,.F.);
#4477=ORIENTED_EDGE('',*,*,#3483,.T.);
#4478=ORIENTED_EDGE('',*,*,#3482,.F.);
#4479=ORIENTED_EDGE('',*,*,#3484,.T.);
#4480=ORIENTED_EDGE('',*,*,#3485,.F.);
#4481=ORIENTED_EDGE('',*,*,#3484,.F.);
#4482=ORIENTED_EDGE('',*,*,#3483,.F.);
#4483=ORIENTED_EDGE('',*,*,#3486,.T.);
#4484=ORIENTED_EDGE('',*,*,#3487,.T.);
#4485=ORIENTED_EDGE('',*,*,#3488,.T.);
#4486=ORIENTED_EDGE('',*,*,#3489,.F.);
#4487=ORIENTED_EDGE('',*,*,#3490,.F.);
#4488=ORIENTED_EDGE('',*,*,#3491,.T.);
#4489=ORIENTED_EDGE('',*,*,#3492,.T.);
#4490=ORIENTED_EDGE('',*,*,#3493,.T.);
#4491=ORIENTED_EDGE('',*,*,#3494,.T.);
#4492=ORIENTED_EDGE('',*,*,#3491,.F.);
#4493=ORIENTED_EDGE('',*,*,#3495,.T.);
#4494=ORIENTED_EDGE('',*,*,#3489,.T.);
#4495=ORIENTED_EDGE('',*,*,#3496,.T.);
#4496=ORIENTED_EDGE('',*,*,#3493,.F.);
#4497=ORIENTED_EDGE('',*,*,#3497,.T.);
#4498=ORIENTED_EDGE('',*,*,#3487,.F.);
#4499=ORIENTED_EDGE('',*,*,#3497,.F.);
#4500=ORIENTED_EDGE('',*,*,#3498,.T.);
#4501=ORIENTED_EDGE('',*,*,#3499,.T.);
#4502=ORIENTED_EDGE('',*,*,#3500,.F.);
#4503=ORIENTED_EDGE('',*,*,#3501,.F.);
#4504=ORIENTED_EDGE('',*,*,#3502,.T.);
#4505=ORIENTED_EDGE('',*,*,#3503,.T.);
#4506=ORIENTED_EDGE('',*,*,#3504,.F.);
#4507=ORIENTED_EDGE('',*,*,#3505,.F.);
#4508=ORIENTED_EDGE('',*,*,#3506,.T.);
#4509=ORIENTED_EDGE('',*,*,#3507,.T.);
#4510=ORIENTED_EDGE('',*,*,#3508,.F.);
#4511=ORIENTED_EDGE('',*,*,#3509,.F.);
#4512=ORIENTED_EDGE('',*,*,#3510,.T.);
#4513=ORIENTED_EDGE('',*,*,#3511,.T.);
#4514=ORIENTED_EDGE('',*,*,#3512,.F.);
#4515=ORIENTED_EDGE('',*,*,#3513,.F.);
#4516=ORIENTED_EDGE('',*,*,#3514,.T.);
#4517=ORIENTED_EDGE('',*,*,#3515,.T.);
#4518=ORIENTED_EDGE('',*,*,#3516,.F.);
#4519=ORIENTED_EDGE('',*,*,#3492,.F.);
#4520=ORIENTED_EDGE('',*,*,#3517,.T.);
#4521=ORIENTED_EDGE('',*,*,#3518,.F.);
#4522=ORIENTED_EDGE('',*,*,#3498,.F.);
#4523=ORIENTED_EDGE('',*,*,#3519,.T.);
#4524=ORIENTED_EDGE('',*,*,#3520,.T.);
#4525=ORIENTED_EDGE('',*,*,#3521,.T.);
#4526=ORIENTED_EDGE('',*,*,#3522,.T.);
#4527=ORIENTED_EDGE('',*,*,#3523,.T.);
#4528=ORIENTED_EDGE('',*,*,#3520,.F.);
#4529=ORIENTED_EDGE('',*,*,#3524,.T.);
#4530=ORIENTED_EDGE('',*,*,#3525,.T.);
#4531=ORIENTED_EDGE('',*,*,#3526,.T.);
#4532=ORIENTED_EDGE('',*,*,#3525,.F.);
#4533=ORIENTED_EDGE('',*,*,#3527,.T.);
#4534=ORIENTED_EDGE('',*,*,#3528,.T.);
#4535=ORIENTED_EDGE('',*,*,#3529,.T.);
#4536=ORIENTED_EDGE('',*,*,#3528,.F.);
#4537=ORIENTED_EDGE('',*,*,#3513,.T.);
#4538=ORIENTED_EDGE('',*,*,#3522,.F.);
#4539=ORIENTED_EDGE('',*,*,#3494,.F.);
#4540=ORIENTED_EDGE('',*,*,#3530,.T.);
#4541=ORIENTED_EDGE('',*,*,#3531,.T.);
#4542=ORIENTED_EDGE('',*,*,#3532,.F.);
#4543=ORIENTED_EDGE('',*,*,#3524,.F.);
#4544=ORIENTED_EDGE('',*,*,#3533,.T.);
#4545=ORIENTED_EDGE('',*,*,#3534,.T.);
#4546=ORIENTED_EDGE('',*,*,#3535,.T.);
#4547=ORIENTED_EDGE('',*,*,#3536,.F.);
#4548=ORIENTED_EDGE('',*,*,#3537,.F.);
#4549=ORIENTED_EDGE('',*,*,#3538,.T.);
#4550=ORIENTED_EDGE('',*,*,#3539,.F.);
#4551=ORIENTED_EDGE('',*,*,#3540,.F.);
#4552=ORIENTED_EDGE('',*,*,#3541,.T.);
#4553=ORIENTED_EDGE('',*,*,#3542,.T.);
#4554=ORIENTED_EDGE('',*,*,#3543,.F.);
#4555=ORIENTED_EDGE('',*,*,#3544,.F.);
#4556=ORIENTED_EDGE('',*,*,#3545,.F.);
#4557=ORIENTED_EDGE('',*,*,#3546,.T.);
#4558=ORIENTED_EDGE('',*,*,#3517,.F.);
#4559=ORIENTED_EDGE('',*,*,#3519,.F.);
#4560=ORIENTED_EDGE('',*,*,#3512,.T.);
#4561=ORIENTED_EDGE('',*,*,#3547,.F.);
#4562=ORIENTED_EDGE('',*,*,#3533,.F.);
#4563=ORIENTED_EDGE('',*,*,#3495,.F.);
#4564=ORIENTED_EDGE('',*,*,#3548,.F.);
#4565=ORIENTED_EDGE('',*,*,#3549,.F.);
#4566=ORIENTED_EDGE('',*,*,#3550,.F.);
#4567=ORIENTED_EDGE('',*,*,#3551,.F.);
#4568=ORIENTED_EDGE('',*,*,#3552,.F.);
#4569=ORIENTED_EDGE('',*,*,#3496,.F.);
#4570=ORIENTED_EDGE('',*,*,#3486,.F.);
#4571=ORIENTED_EDGE('',*,*,#3553,.F.);
#4572=ORIENTED_EDGE('',*,*,#3554,.F.);
#4573=ORIENTED_EDGE('',*,*,#3555,.F.);
#4574=ORIENTED_EDGE('',*,*,#3556,.F.);
#4575=ORIENTED_EDGE('',*,*,#3557,.F.);
#4576=ORIENTED_EDGE('',*,*,#3558,.F.);
#4577=ORIENTED_EDGE('',*,*,#3559,.F.);
#4578=ORIENTED_EDGE('',*,*,#3560,.F.);
#4579=ORIENTED_EDGE('',*,*,#3561,.F.);
#4580=ORIENTED_EDGE('',*,*,#3562,.F.);
#4581=ORIENTED_EDGE('',*,*,#3563,.F.);
#4582=ORIENTED_EDGE('',*,*,#3564,.F.);
#4583=ORIENTED_EDGE('',*,*,#3521,.F.);
#4584=ORIENTED_EDGE('',*,*,#3523,.F.);
#4585=ORIENTED_EDGE('',*,*,#3526,.F.);
#4586=ORIENTED_EDGE('',*,*,#3529,.F.);
#4587=ORIENTED_EDGE('',*,*,#3565,.T.);
#4588=ORIENTED_EDGE('',*,*,#3566,.T.);
#4589=ORIENTED_EDGE('',*,*,#3567,.T.);
#4590=ORIENTED_EDGE('',*,*,#3550,.T.);
#4591=ORIENTED_EDGE('',*,*,#3566,.F.);
#4592=ORIENTED_EDGE('',*,*,#3568,.T.);
#4593=ORIENTED_EDGE('',*,*,#3569,.T.);
#4594=ORIENTED_EDGE('',*,*,#3570,.T.);
#4595=ORIENTED_EDGE('',*,*,#3571,.F.);
#4596=ORIENTED_EDGE('',*,*,#3572,.T.);
#4597=ORIENTED_EDGE('',*,*,#3573,.F.);
#4598=ORIENTED_EDGE('',*,*,#3574,.T.);
#4599=ORIENTED_EDGE('',*,*,#3575,.T.);
#4600=ORIENTED_EDGE('',*,*,#3576,.F.);
#4601=ORIENTED_EDGE('',*,*,#3577,.T.);
#4602=ORIENTED_EDGE('',*,*,#3578,.T.);
#4603=ORIENTED_EDGE('',*,*,#3573,.T.);
#4604=ORIENTED_EDGE('',*,*,#3579,.T.);
#4605=ORIENTED_EDGE('',*,*,#3578,.F.);
#4606=ORIENTED_EDGE('',*,*,#3580,.F.);
#4607=ORIENTED_EDGE('',*,*,#3581,.F.);
#4608=ORIENTED_EDGE('',*,*,#3574,.F.);
#4609=ORIENTED_EDGE('',*,*,#3571,.T.);
#4610=ORIENTED_EDGE('',*,*,#3582,.T.);
#4611=ORIENTED_EDGE('',*,*,#3583,.T.);
#4612=ORIENTED_EDGE('',*,*,#3584,.T.);
#4613=ORIENTED_EDGE('',*,*,#3582,.F.);
#4614=ORIENTED_EDGE('',*,*,#3570,.F.);
#4615=ORIENTED_EDGE('',*,*,#3585,.F.);
#4616=ORIENTED_EDGE('',*,*,#3586,.F.);
#4617=ORIENTED_EDGE('',*,*,#3587,.T.);
#4618=ORIENTED_EDGE('',*,*,#3588,.T.);
#4619=ORIENTED_EDGE('',*,*,#3589,.T.);
#4620=ORIENTED_EDGE('',*,*,#3590,.F.);
#4621=ORIENTED_EDGE('',*,*,#3591,.T.);
#4622=ORIENTED_EDGE('',*,*,#3592,.T.);
#4623=ORIENTED_EDGE('',*,*,#3593,.T.);
#4624=ORIENTED_EDGE('',*,*,#3588,.F.);
#4625=ORIENTED_EDGE('',*,*,#3594,.T.);
#4626=ORIENTED_EDGE('',*,*,#3595,.T.);
#4627=ORIENTED_EDGE('',*,*,#3596,.T.);
#4628=ORIENTED_EDGE('',*,*,#3590,.T.);
#4629=ORIENTED_EDGE('',*,*,#3597,.T.);
#4630=ORIENTED_EDGE('',*,*,#3595,.F.);
#4631=ORIENTED_EDGE('',*,*,#3598,.T.);
#4632=ORIENTED_EDGE('',*,*,#3592,.F.);
#4633=ORIENTED_EDGE('',*,*,#3594,.F.);
#4634=ORIENTED_EDGE('',*,*,#3599,.T.);
#4635=ORIENTED_EDGE('',*,*,#3600,.T.);
#4636=ORIENTED_EDGE('',*,*,#3601,.T.);
#4637=ORIENTED_EDGE('',*,*,#3602,.F.);
#4638=ORIENTED_EDGE('',*,*,#3603,.T.);
#4639=ORIENTED_EDGE('',*,*,#3604,.F.);
#4640=ORIENTED_EDGE('',*,*,#3605,.T.);
#4641=ORIENTED_EDGE('',*,*,#3606,.T.);
#4642=ORIENTED_EDGE('',*,*,#3568,.F.);
#4643=ORIENTED_EDGE('',*,*,#3565,.F.);
#4644=ORIENTED_EDGE('',*,*,#3549,.T.);
#4645=ORIENTED_EDGE('',*,*,#3607,.F.);
#4646=ORIENTED_EDGE('',*,*,#3589,.F.);
#4647=ORIENTED_EDGE('',*,*,#3608,.T.);
#4648=ORIENTED_EDGE('',*,*,#3609,.T.);
#4649=ORIENTED_EDGE('',*,*,#3610,.T.);
#4650=ORIENTED_EDGE('',*,*,#3611,.F.);
#4651=ORIENTED_EDGE('',*,*,#3612,.T.);
#4652=ORIENTED_EDGE('',*,*,#3613,.F.);
#4653=ORIENTED_EDGE('',*,*,#3614,.T.);
#4654=ORIENTED_EDGE('',*,*,#3615,.T.);
#4655=ORIENTED_EDGE('',*,*,#3616,.T.);
#4656=ORIENTED_EDGE('',*,*,#3617,.F.);
#4657=ORIENTED_EDGE('',*,*,#3618,.T.);
#4658=ORIENTED_EDGE('',*,*,#3619,.F.);
#4659=ORIENTED_EDGE('',*,*,#3620,.T.);
#4660=ORIENTED_EDGE('',*,*,#3621,.T.);
#4661=ORIENTED_EDGE('',*,*,#3580,.T.);
#4662=ORIENTED_EDGE('',*,*,#3577,.F.);
#4663=ORIENTED_EDGE('',*,*,#3622,.T.);
#4664=ORIENTED_EDGE('',*,*,#3583,.F.);
#4665=ORIENTED_EDGE('',*,*,#3586,.T.);
#4666=ORIENTED_EDGE('',*,*,#3623,.T.);
#4667=ORIENTED_EDGE('',*,*,#3624,.T.);
#4668=ORIENTED_EDGE('',*,*,#3625,.F.);
#4669=ORIENTED_EDGE('',*,*,#3626,.T.);
#4670=ORIENTED_EDGE('',*,*,#3627,.F.);
#4671=ORIENTED_EDGE('',*,*,#3628,.T.);
#4672=ORIENTED_EDGE('',*,*,#3629,.T.);
#4673=ORIENTED_EDGE('',*,*,#3630,.T.);
#4674=ORIENTED_EDGE('',*,*,#3631,.F.);
#4675=ORIENTED_EDGE('',*,*,#3632,.T.);
#4676=ORIENTED_EDGE('',*,*,#3633,.F.);
#4677=ORIENTED_EDGE('',*,*,#3634,.T.);
#4678=ORIENTED_EDGE('',*,*,#3635,.T.);
#4679=ORIENTED_EDGE('',*,*,#3599,.F.);
#4680=ORIENTED_EDGE('',*,*,#3636,.F.);
#4681=ORIENTED_EDGE('',*,*,#3637,.F.);
#4682=ORIENTED_EDGE('',*,*,#3638,.F.);
#4683=ORIENTED_EDGE('',*,*,#3639,.F.);
#4684=ORIENTED_EDGE('',*,*,#3587,.F.);
#4685=ORIENTED_EDGE('',*,*,#3596,.F.);
#4686=ORIENTED_EDGE('',*,*,#3597,.F.);
#4687=ORIENTED_EDGE('',*,*,#3591,.F.);
#4688=ORIENTED_EDGE('',*,*,#3640,.F.);
#4689=ORIENTED_EDGE('',*,*,#3641,.F.);
#4690=ORIENTED_EDGE('',*,*,#3642,.F.);
#4691=ORIENTED_EDGE('',*,*,#3643,.F.);
#4692=ORIENTED_EDGE('',*,*,#3644,.F.);
#4693=ORIENTED_EDGE('',*,*,#3645,.F.);
#4694=ORIENTED_EDGE('',*,*,#3646,.F.);
#4695=ORIENTED_EDGE('',*,*,#3647,.F.);
#4696=ORIENTED_EDGE('',*,*,#3648,.F.);
#4697=ORIENTED_EDGE('',*,*,#3649,.F.);
#4698=ORIENTED_EDGE('',*,*,#3650,.F.);
#4699=ORIENTED_EDGE('',*,*,#3651,.F.);
#4700=ORIENTED_EDGE('',*,*,#3650,.T.);
#4701=ORIENTED_EDGE('',*,*,#3636,.T.);
#4702=ORIENTED_EDGE('',*,*,#3647,.T.);
#4703=ORIENTED_EDGE('',*,*,#3652,.T.);
#4704=ORIENTED_EDGE('',*,*,#3653,.T.);
#4705=ORIENTED_EDGE('',*,*,#3654,.T.);
#4706=ORIENTED_EDGE('',*,*,#3651,.T.);
#4707=ORIENTED_EDGE('',*,*,#3655,.T.);
#4708=ORIENTED_EDGE('',*,*,#3644,.T.);
#4709=ORIENTED_EDGE('',*,*,#3637,.T.);
#4710=ORIENTED_EDGE('',*,*,#3649,.T.);
#4711=ORIENTED_EDGE('',*,*,#3656,.T.);
#4712=ORIENTED_EDGE('',*,*,#3648,.T.);
#4713=ORIENTED_EDGE('',*,*,#3639,.T.);
#4714=ORIENTED_EDGE('',*,*,#3640,.T.);
#4715=ORIENTED_EDGE('',*,*,#3657,.T.);
#4716=ORIENTED_EDGE('',*,*,#3658,.T.);
#4717=ORIENTED_EDGE('',*,*,#3659,.T.);
#4718=ORIENTED_EDGE('',*,*,#3646,.T.);
#4719=ORIENTED_EDGE('',*,*,#3660,.T.);
#4720=ORIENTED_EDGE('',*,*,#3661,.T.);
#4721=ORIENTED_EDGE('',*,*,#3662,.T.);
#4722=ORIENTED_EDGE('',*,*,#3645,.T.);
#4723=ORIENTED_EDGE('',*,*,#3663,.T.);
#4724=ORIENTED_EDGE('',*,*,#3641,.T.);
#4725=ORIENTED_EDGE('',*,*,#3638,.T.);
#4726=ORIENTED_EDGE('',*,*,#3643,.T.);
#4727=ORIENTED_EDGE('',*,*,#3664,.T.);
#4728=ORIENTED_EDGE('',*,*,#3665,.T.);
#4729=ORIENTED_EDGE('',*,*,#3666,.T.);
#4730=ORIENTED_EDGE('',*,*,#3642,.T.);
#4731=ORIENTED_EDGE('',*,*,#3667,.T.);
#4732=ORIENTED_EDGE('',*,*,#3655,.F.);
#4733=ORIENTED_EDGE('',*,*,#3652,.F.);
#4734=ORIENTED_EDGE('',*,*,#3659,.F.);
#4735=ORIENTED_EDGE('',*,*,#3668,.T.);
#4736=ORIENTED_EDGE('',*,*,#3669,.F.);
#4737=ORIENTED_EDGE('',*,*,#3670,.F.);
#4738=ORIENTED_EDGE('',*,*,#3671,.T.);
#4739=ORIENTED_EDGE('',*,*,#3672,.T.);
#4740=ORIENTED_EDGE('',*,*,#3673,.T.);
#4741=ORIENTED_EDGE('',*,*,#3674,.T.);
#4742=ORIENTED_EDGE('',*,*,#3675,.F.);
#4743=ORIENTED_EDGE('',*,*,#3676,.T.);
#4744=ORIENTED_EDGE('',*,*,#3660,.F.);
#4745=ORIENTED_EDGE('',*,*,#3657,.F.);
#4746=ORIENTED_EDGE('',*,*,#3666,.F.);
#4747=ORIENTED_EDGE('',*,*,#3677,.T.);
#4748=ORIENTED_EDGE('',*,*,#3678,.T.);
#4749=ORIENTED_EDGE('',*,*,#3679,.T.);
#4750=ORIENTED_EDGE('',*,*,#3680,.T.);
#4751=ORIENTED_EDGE('',*,*,#3681,.T.);
#4752=ORIENTED_EDGE('',*,*,#3682,.F.);
#4753=ORIENTED_EDGE('',*,*,#3679,.F.);
#4754=ORIENTED_EDGE('',*,*,#3683,.F.);
#4755=ORIENTED_EDGE('',*,*,#3684,.F.);
#4756=ORIENTED_EDGE('',*,*,#3685,.F.);
#4757=ORIENTED_EDGE('',*,*,#3686,.F.);
#4758=ORIENTED_EDGE('',*,*,#3687,.F.);
#4759=ORIENTED_EDGE('',*,*,#3688,.F.);
#4760=ORIENTED_EDGE('',*,*,#3689,.F.);
#4761=ORIENTED_EDGE('',*,*,#3690,.F.);
#4762=ORIENTED_EDGE('',*,*,#3691,.F.);
#4763=ORIENTED_EDGE('',*,*,#3692,.F.);
#4764=ORIENTED_EDGE('',*,*,#3693,.F.);
#4765=ORIENTED_EDGE('',*,*,#3694,.F.);
#4766=ORIENTED_EDGE('',*,*,#3695,.F.);
#4767=ORIENTED_EDGE('',*,*,#3696,.F.);
#4768=ORIENTED_EDGE('',*,*,#3697,.F.);
#4769=ORIENTED_EDGE('',*,*,#3698,.F.);
#4770=ORIENTED_EDGE('',*,*,#3699,.F.);
#4771=ORIENTED_EDGE('',*,*,#3700,.F.);
#4772=ORIENTED_EDGE('',*,*,#3701,.F.);
#4773=ORIENTED_EDGE('',*,*,#3702,.F.);
#4774=ORIENTED_EDGE('',*,*,#3703,.F.);
#4775=ORIENTED_EDGE('',*,*,#3704,.F.);
#4776=ORIENTED_EDGE('',*,*,#3705,.T.);
#4777=ORIENTED_EDGE('',*,*,#3686,.T.);
#4778=ORIENTED_EDGE('',*,*,#3706,.T.);
#4779=ORIENTED_EDGE('',*,*,#3707,.T.);
#4780=ORIENTED_EDGE('',*,*,#3708,.F.);
#4781=ORIENTED_EDGE('',*,*,#3709,.F.);
#4782=ORIENTED_EDGE('',*,*,#3710,.F.);
#4783=ORIENTED_EDGE('',*,*,#3711,.T.);
#4784=ORIENTED_EDGE('',*,*,#3712,.T.);
#4785=ORIENTED_EDGE('',*,*,#3709,.T.);
#4786=ORIENTED_EDGE('',*,*,#3713,.T.);
#4787=ORIENTED_EDGE('',*,*,#3714,.T.);
#4788=ORIENTED_EDGE('',*,*,#3715,.T.);
#4789=ORIENTED_EDGE('',*,*,#3716,.T.);
#4790=ORIENTED_EDGE('',*,*,#3717,.T.);
#4791=ORIENTED_EDGE('',*,*,#3718,.T.);
#4792=ORIENTED_EDGE('',*,*,#3710,.T.);
#4793=ORIENTED_EDGE('',*,*,#3719,.T.);
#4794=ORIENTED_EDGE('',*,*,#3717,.F.);
#4795=ORIENTED_EDGE('',*,*,#3720,.T.);
#4796=ORIENTED_EDGE('',*,*,#3721,.T.);
#4797=ORIENTED_EDGE('',*,*,#3708,.T.);
#4798=ORIENTED_EDGE('',*,*,#3722,.T.);
#4799=ORIENTED_EDGE('',*,*,#3719,.F.);
#4800=ORIENTED_EDGE('',*,*,#3712,.F.);
#4801=ORIENTED_EDGE('',*,*,#3723,.F.);
#4802=ORIENTED_EDGE('',*,*,#3724,.T.);
#4803=ORIENTED_EDGE('',*,*,#3713,.F.);
#4804=ORIENTED_EDGE('',*,*,#3721,.F.);
#4805=ORIENTED_EDGE('',*,*,#3725,.F.);
#4806=ORIENTED_EDGE('',*,*,#3726,.F.);
#4807=ORIENTED_EDGE('',*,*,#3727,.T.);
#4808=ORIENTED_EDGE('',*,*,#3728,.T.);
#4809=ORIENTED_EDGE('',*,*,#3729,.T.);
#4810=ORIENTED_EDGE('',*,*,#3730,.T.);
#4811=ORIENTED_EDGE('',*,*,#3731,.F.);
#4812=ORIENTED_EDGE('',*,*,#3732,.F.);
#4813=ORIENTED_EDGE('',*,*,#3733,.F.);
#4814=ORIENTED_EDGE('',*,*,#3734,.T.);
#4815=ORIENTED_EDGE('',*,*,#3735,.T.);
#4816=ORIENTED_EDGE('',*,*,#3732,.T.);
#4817=ORIENTED_EDGE('',*,*,#3736,.T.);
#4818=ORIENTED_EDGE('',*,*,#3737,.T.);
#4819=ORIENTED_EDGE('',*,*,#3733,.T.);
#4820=ORIENTED_EDGE('',*,*,#3738,.T.);
#4821=ORIENTED_EDGE('',*,*,#3730,.F.);
#4822=ORIENTED_EDGE('',*,*,#3739,.T.);
#4823=ORIENTED_EDGE('',*,*,#3740,.T.);
#4824=ORIENTED_EDGE('',*,*,#3731,.T.);
#4825=ORIENTED_EDGE('',*,*,#3741,.T.);
#4826=ORIENTED_EDGE('',*,*,#3738,.F.);
#4827=ORIENTED_EDGE('',*,*,#3735,.F.);
#4828=ORIENTED_EDGE('',*,*,#3742,.F.);
#4829=ORIENTED_EDGE('',*,*,#3743,.T.);
#4830=ORIENTED_EDGE('',*,*,#3736,.F.);
#4831=ORIENTED_EDGE('',*,*,#3740,.F.);
#4832=ORIENTED_EDGE('',*,*,#3744,.T.);
#4833=ORIENTED_EDGE('',*,*,#3745,.F.);
#4834=ORIENTED_EDGE('',*,*,#3746,.T.);
#4835=ORIENTED_EDGE('',*,*,#3747,.T.);
#4836=ORIENTED_EDGE('',*,*,#3748,.T.);
#4837=ORIENTED_EDGE('',*,*,#3749,.T.);
#4838=ORIENTED_EDGE('',*,*,#3750,.T.);
#4839=ORIENTED_EDGE('',*,*,#3751,.T.);
#4840=ORIENTED_EDGE('',*,*,#3752,.T.);
#4841=ORIENTED_EDGE('',*,*,#3749,.F.);
#4842=ORIENTED_EDGE('',*,*,#3746,.F.);
#4843=ORIENTED_EDGE('',*,*,#3753,.F.);
#4844=ORIENTED_EDGE('',*,*,#3754,.F.);
#4845=ORIENTED_EDGE('',*,*,#3755,.F.);
#4846=ORIENTED_EDGE('',*,*,#3752,.F.);
#4847=ORIENTED_EDGE('',*,*,#3756,.T.);
#4848=ORIENTED_EDGE('',*,*,#3757,.F.);
#4849=ORIENTED_EDGE('',*,*,#3753,.T.);
#4850=ORIENTED_EDGE('',*,*,#3751,.F.);
#4851=ORIENTED_EDGE('',*,*,#3758,.T.);
#4852=ORIENTED_EDGE('',*,*,#3759,.T.);
#4853=ORIENTED_EDGE('',*,*,#3760,.F.);
#4854=ORIENTED_EDGE('',*,*,#3761,.F.);
#4855=ORIENTED_EDGE('',*,*,#3756,.F.);
#4856=ORIENTED_EDGE('',*,*,#3757,.T.);
#4857=ORIENTED_EDGE('',*,*,#3762,.T.);
#4858=ORIENTED_EDGE('',*,*,#3763,.T.);
#4859=ORIENTED_EDGE('',*,*,#3764,.T.);
#4860=ORIENTED_EDGE('',*,*,#3765,.T.);
#4861=ORIENTED_EDGE('',*,*,#3766,.T.);
#4862=ORIENTED_EDGE('',*,*,#3754,.T.);
#4863=ORIENTED_EDGE('',*,*,#3764,.F.);
#4864=ORIENTED_EDGE('',*,*,#3767,.F.);
#4865=ORIENTED_EDGE('',*,*,#3768,.F.);
#4866=ORIENTED_EDGE('',*,*,#3769,.F.);
#4867=ORIENTED_EDGE('',*,*,#3770,.F.);
#4868=ORIENTED_EDGE('',*,*,#3771,.F.);
#4869=ORIENTED_EDGE('',*,*,#3772,.F.);
#4870=ORIENTED_EDGE('',*,*,#3773,.T.);
#4871=ORIENTED_EDGE('',*,*,#3771,.T.);
#4872=ORIENTED_EDGE('',*,*,#3774,.T.);
#4873=ORIENTED_EDGE('',*,*,#3775,.T.);
#4874=ORIENTED_EDGE('',*,*,#3776,.T.);
#4875=ORIENTED_EDGE('',*,*,#3777,.T.);
#4876=ORIENTED_EDGE('',*,*,#3693,.T.);
#4877=ORIENTED_EDGE('',*,*,#3778,.T.);
#4878=ORIENTED_EDGE('',*,*,#3779,.F.);
#4879=ORIENTED_EDGE('',*,*,#3780,.F.);
#4880=ORIENTED_EDGE('',*,*,#3781,.F.);
#4881=ORIENTED_EDGE('',*,*,#3782,.T.);
#4882=ORIENTED_EDGE('',*,*,#3780,.T.);
#4883=ORIENTED_EDGE('',*,*,#3783,.T.);
#4884=ORIENTED_EDGE('',*,*,#3784,.T.);
#4885=ORIENTED_EDGE('',*,*,#3785,.F.);
#4886=ORIENTED_EDGE('',*,*,#3786,.F.);
#4887=ORIENTED_EDGE('',*,*,#3787,.F.);
#4888=ORIENTED_EDGE('',*,*,#3788,.F.);
#4889=ORIENTED_EDGE('',*,*,#3789,.F.);
#4890=ORIENTED_EDGE('',*,*,#3790,.F.);
#4891=ORIENTED_EDGE('',*,*,#3791,.F.);
#4892=ORIENTED_EDGE('',*,*,#3792,.F.);
#4893=ORIENTED_EDGE('',*,*,#3793,.F.);
#4894=ORIENTED_EDGE('',*,*,#3792,.T.);
#4895=ORIENTED_EDGE('',*,*,#3695,.T.);
#4896=ORIENTED_EDGE('',*,*,#3786,.T.);
#4897=ORIENTED_EDGE('',*,*,#3794,.T.);
#4898=ORIENTED_EDGE('',*,*,#3779,.T.);
#4899=ORIENTED_EDGE('',*,*,#3795,.T.);
#4900=ORIENTED_EDGE('',*,*,#3793,.T.);
#4901=ORIENTED_EDGE('',*,*,#3796,.T.);
#4902=ORIENTED_EDGE('',*,*,#3797,.F.);
#4903=ORIENTED_EDGE('',*,*,#3798,.F.);
#4904=ORIENTED_EDGE('',*,*,#3799,.F.);
#4905=ORIENTED_EDGE('',*,*,#3798,.T.);
#4906=ORIENTED_EDGE('',*,*,#3696,.T.);
#4907=ORIENTED_EDGE('',*,*,#3791,.T.);
#4908=ORIENTED_EDGE('',*,*,#3800,.T.);
#4909=ORIENTED_EDGE('',*,*,#3790,.T.);
#4910=ORIENTED_EDGE('',*,*,#3801,.T.);
#4911=ORIENTED_EDGE('',*,*,#3799,.T.);
#4912=ORIENTED_EDGE('',*,*,#3802,.T.);
#4913=ORIENTED_EDGE('',*,*,#3803,.F.);
#4914=ORIENTED_EDGE('',*,*,#3804,.F.);
#4915=ORIENTED_EDGE('',*,*,#3805,.F.);
#4916=ORIENTED_EDGE('',*,*,#3806,.F.);
#4917=ORIENTED_EDGE('',*,*,#3807,.F.);
#4918=ORIENTED_EDGE('',*,*,#3808,.F.);
#4919=ORIENTED_EDGE('',*,*,#3809,.F.);
#4920=ORIENTED_EDGE('',*,*,#3810,.F.);
#4921=ORIENTED_EDGE('',*,*,#3811,.F.);
#4922=ORIENTED_EDGE('',*,*,#3812,.T.);
#4923=ORIENTED_EDGE('',*,*,#3702,.T.);
#4924=ORIENTED_EDGE('',*,*,#3810,.T.);
#4925=ORIENTED_EDGE('',*,*,#3813,.T.);
#4926=ORIENTED_EDGE('',*,*,#3811,.T.);
#4927=ORIENTED_EDGE('',*,*,#3701,.T.);
#4928=ORIENTED_EDGE('',*,*,#3807,.T.);
#4929=ORIENTED_EDGE('',*,*,#3814,.T.);
#4930=ORIENTED_EDGE('',*,*,#3815,.T.);
#4931=ORIENTED_EDGE('',*,*,#3809,.T.);
#4932=ORIENTED_EDGE('',*,*,#3816,.T.);
#4933=ORIENTED_EDGE('',*,*,#3817,.T.);
#4934=ORIENTED_EDGE('',*,*,#3818,.T.);
#4935=ORIENTED_EDGE('',*,*,#3819,.T.);
#4936=ORIENTED_EDGE('',*,*,#3820,.T.);
#4937=ORIENTED_EDGE('',*,*,#3821,.T.);
#4938=ORIENTED_EDGE('',*,*,#3822,.F.);
#4939=ORIENTED_EDGE('',*,*,#3823,.F.);
#4940=ORIENTED_EDGE('',*,*,#3824,.F.);
#4941=ORIENTED_EDGE('',*,*,#3825,.T.);
#4942=ORIENTED_EDGE('',*,*,#3823,.T.);
#4943=ORIENTED_EDGE('',*,*,#3826,.T.);
#4944=ORIENTED_EDGE('',*,*,#3819,.F.);
#4945=ORIENTED_EDGE('',*,*,#3827,.F.);
#4946=ORIENTED_EDGE('',*,*,#3828,.F.);
#4947=ORIENTED_EDGE('',*,*,#3829,.F.);
#4948=ORIENTED_EDGE('',*,*,#3824,.T.);
#4949=ORIENTED_EDGE('',*,*,#3830,.T.);
#4950=ORIENTED_EDGE('',*,*,#3828,.T.);
#4951=ORIENTED_EDGE('',*,*,#3831,.T.);
#4952=ORIENTED_EDGE('',*,*,#3832,.T.);
#4953=ORIENTED_EDGE('',*,*,#3833,.T.);
#4954=ORIENTED_EDGE('',*,*,#3829,.T.);
#4955=ORIENTED_EDGE('',*,*,#3834,.T.);
#4956=ORIENTED_EDGE('',*,*,#3835,.T.);
#4957=ORIENTED_EDGE('',*,*,#3836,.T.);
#4958=ORIENTED_EDGE('',*,*,#3827,.T.);
#4959=ORIENTED_EDGE('',*,*,#3837,.T.);
#4960=ORIENTED_EDGE('',*,*,#3838,.T.);
#4961=ORIENTED_EDGE('',*,*,#3822,.T.);
#4962=ORIENTED_EDGE('',*,*,#3839,.T.);
#4963=ORIENTED_EDGE('',*,*,#3840,.T.);
#4964=ORIENTED_EDGE('',*,*,#3841,.T.);
#4965=ORIENTED_EDGE('',*,*,#3840,.F.);
#4966=ORIENTED_EDGE('',*,*,#3842,.T.);
#4967=ORIENTED_EDGE('',*,*,#3817,.F.);
#4968=ORIENTED_EDGE('',*,*,#3843,.T.);
#4969=ORIENTED_EDGE('',*,*,#3821,.F.);
#4970=ORIENTED_EDGE('',*,*,#3844,.T.);
#4971=ORIENTED_EDGE('',*,*,#3845,.T.);
#4972=ORIENTED_EDGE('',*,*,#3846,.T.);
#4973=ORIENTED_EDGE('',*,*,#3806,.T.);
#4974=ORIENTED_EDGE('',*,*,#3847,.T.);
#4975=ORIENTED_EDGE('',*,*,#3845,.F.);
#4976=ORIENTED_EDGE('',*,*,#3848,.T.);
#4977=ORIENTED_EDGE('',*,*,#3808,.T.);
#4978=ORIENTED_EDGE('',*,*,#3700,.T.);
#4979=ORIENTED_EDGE('',*,*,#3849,.T.);
#4980=ORIENTED_EDGE('',*,*,#3850,.T.);
#4981=ORIENTED_EDGE('',*,*,#3849,.F.);
#4982=ORIENTED_EDGE('',*,*,#3699,.T.);
#4983=ORIENTED_EDGE('',*,*,#3851,.T.);
#4984=ORIENTED_EDGE('',*,*,#3698,.T.);
#4985=ORIENTED_EDGE('',*,*,#3804,.T.);
#4986=ORIENTED_EDGE('',*,*,#3852,.T.);
#4987=ORIENTED_EDGE('',*,*,#3851,.F.);
#4988=ORIENTED_EDGE('',*,*,#3805,.T.);
#4989=ORIENTED_EDGE('',*,*,#3697,.T.);
#4990=ORIENTED_EDGE('',*,*,#3797,.T.);
#4991=ORIENTED_EDGE('',*,*,#3853,.T.);
#4992=ORIENTED_EDGE('',*,*,#3854,.T.);
#4993=ORIENTED_EDGE('',*,*,#3803,.T.);
#4994=ORIENTED_EDGE('',*,*,#3855,.T.);
#4995=ORIENTED_EDGE('',*,*,#3856,.T.);
#4996=ORIENTED_EDGE('',*,*,#3857,.T.);
#4997=ORIENTED_EDGE('',*,*,#3789,.T.);
#4998=ORIENTED_EDGE('',*,*,#3858,.T.);
#4999=ORIENTED_EDGE('',*,*,#3856,.F.);
#5000=ORIENTED_EDGE('',*,*,#3788,.T.);
#5001=ORIENTED_EDGE('',*,*,#3859,.T.);
#5002=ORIENTED_EDGE('',*,*,#3781,.T.);
#5003=ORIENTED_EDGE('',*,*,#3860,.T.);
#5004=ORIENTED_EDGE('',*,*,#3861,.T.);
#5005=ORIENTED_EDGE('',*,*,#3787,.T.);
#5006=ORIENTED_EDGE('',*,*,#3694,.T.);
#5007=ORIENTED_EDGE('',*,*,#3777,.F.);
#5008=ORIENTED_EDGE('',*,*,#3862,.T.);
#5009=ORIENTED_EDGE('',*,*,#3785,.T.);
#5010=ORIENTED_EDGE('',*,*,#3863,.T.);
#5011=ORIENTED_EDGE('',*,*,#3784,.F.);
#5012=ORIENTED_EDGE('',*,*,#3692,.T.);
#5013=ORIENTED_EDGE('',*,*,#3772,.T.);
#5014=ORIENTED_EDGE('',*,*,#3864,.T.);
#5015=ORIENTED_EDGE('',*,*,#3778,.F.);
#5016=ORIENTED_EDGE('',*,*,#3770,.T.);
#5017=ORIENTED_EDGE('',*,*,#3691,.T.);
#5018=ORIENTED_EDGE('',*,*,#3768,.T.);
#5019=ORIENTED_EDGE('',*,*,#3865,.T.);
#5020=ORIENTED_EDGE('',*,*,#3866,.T.);
#5021=ORIENTED_EDGE('',*,*,#3867,.T.);
#5022=ORIENTED_EDGE('',*,*,#3769,.T.);
#5023=ORIENTED_EDGE('',*,*,#3690,.T.);
#5024=ORIENTED_EDGE('',*,*,#3868,.T.);
#5025=ORIENTED_EDGE('',*,*,#3767,.T.);
#5026=ORIENTED_EDGE('',*,*,#3869,.T.);
#5027=ORIENTED_EDGE('',*,*,#3870,.T.);
#5028=ORIENTED_EDGE('',*,*,#3871,.T.);
#5029=ORIENTED_EDGE('',*,*,#3775,.F.);
#5030=ORIENTED_EDGE('',*,*,#3872,.T.);
#5031=ORIENTED_EDGE('',*,*,#3873,.T.);
#5032=ORIENTED_EDGE('',*,*,#3874,.T.);
#5033=ORIENTED_EDGE('',*,*,#3870,.F.);
#5034=ORIENTED_EDGE('',*,*,#3875,.T.);
#5035=ORIENTED_EDGE('',*,*,#3766,.F.);
#5036=ORIENTED_EDGE('',*,*,#3761,.T.);
#5037=ORIENTED_EDGE('',*,*,#3873,.F.);
#5038=ORIENTED_EDGE('',*,*,#3876,.T.);
#5039=ORIENTED_EDGE('',*,*,#3762,.F.);
#5040=ORIENTED_EDGE('',*,*,#3834,.F.);
#5041=ORIENTED_EDGE('',*,*,#3830,.F.);
#5042=ORIENTED_EDGE('',*,*,#3825,.F.);
#5043=ORIENTED_EDGE('',*,*,#3877,.T.);
#5044=ORIENTED_EDGE('',*,*,#3843,.F.);
#5045=ORIENTED_EDGE('',*,*,#3878,.T.);
#5046=ORIENTED_EDGE('',*,*,#3672,.F.);
#5047=ORIENTED_EDGE('',*,*,#3879,.T.);
#5048=ORIENTED_EDGE('',*,*,#3847,.F.);
#5049=ORIENTED_EDGE('',*,*,#3848,.F.);
#5050=ORIENTED_EDGE('',*,*,#3880,.T.);
#5051=ORIENTED_EDGE('',*,*,#3881,.T.);
#5052=ORIENTED_EDGE('',*,*,#3673,.F.);
#5053=ORIENTED_EDGE('',*,*,#3878,.F.);
#5054=ORIENTED_EDGE('',*,*,#3850,.F.);
#5055=ORIENTED_EDGE('',*,*,#3882,.T.);
#5056=ORIENTED_EDGE('',*,*,#3883,.T.);
#5057=ORIENTED_EDGE('',*,*,#3880,.F.);
#5058=ORIENTED_EDGE('',*,*,#3852,.F.);
#5059=ORIENTED_EDGE('',*,*,#3854,.F.);
#5060=ORIENTED_EDGE('',*,*,#3884,.F.);
#5061=ORIENTED_EDGE('',*,*,#3675,.T.);
#5062=ORIENTED_EDGE('',*,*,#3885,.T.);
#5063=ORIENTED_EDGE('',*,*,#3882,.F.);
#5064=ORIENTED_EDGE('',*,*,#3858,.F.);
#5065=ORIENTED_EDGE('',*,*,#3860,.F.);
#5066=ORIENTED_EDGE('',*,*,#3782,.F.);
#5067=ORIENTED_EDGE('',*,*,#3886,.T.);
#5068=ORIENTED_EDGE('',*,*,#3887,.F.);
#5069=ORIENTED_EDGE('',*,*,#3661,.F.);
#5070=ORIENTED_EDGE('',*,*,#3888,.F.);
#5071=ORIENTED_EDGE('',*,*,#3653,.F.);
#5072=ORIENTED_EDGE('',*,*,#3676,.F.);
#5073=ORIENTED_EDGE('',*,*,#3884,.T.);
#5074=ORIENTED_EDGE('',*,*,#3863,.F.);
#5075=ORIENTED_EDGE('',*,*,#3861,.F.);
#5076=ORIENTED_EDGE('',*,*,#3889,.T.);
#5077=ORIENTED_EDGE('',*,*,#3890,.T.);
#5078=ORIENTED_EDGE('',*,*,#3891,.F.);
#5079=ORIENTED_EDGE('',*,*,#3886,.F.);
#5080=ORIENTED_EDGE('',*,*,#3776,.F.);
#5081=ORIENTED_EDGE('',*,*,#3892,.T.);
#5082=ORIENTED_EDGE('',*,*,#3893,.T.);
#5083=ORIENTED_EDGE('',*,*,#3889,.F.);
#5084=ORIENTED_EDGE('',*,*,#3864,.F.);
#5085=ORIENTED_EDGE('',*,*,#3773,.F.);
#5086=ORIENTED_EDGE('',*,*,#3894,.F.);
#5087=ORIENTED_EDGE('',*,*,#3895,.T.);
#5088=ORIENTED_EDGE('',*,*,#3896,.T.);
#5089=ORIENTED_EDGE('',*,*,#3892,.F.);
#5090=ORIENTED_EDGE('',*,*,#3871,.F.);
#5091=ORIENTED_EDGE('',*,*,#3760,.T.);
#5092=ORIENTED_EDGE('',*,*,#3897,.F.);
#5093=ORIENTED_EDGE('',*,*,#3894,.T.);
#5094=ORIENTED_EDGE('',*,*,#3869,.F.);
#5095=ORIENTED_EDGE('',*,*,#3867,.F.);
#5096=ORIENTED_EDGE('',*,*,#3898,.T.);
#5097=ORIENTED_EDGE('',*,*,#3899,.T.);
#5098=ORIENTED_EDGE('',*,*,#3774,.F.);
#5099=ORIENTED_EDGE('',*,*,#3865,.F.);
#5100=ORIENTED_EDGE('',*,*,#3868,.F.);
#5101=ORIENTED_EDGE('',*,*,#3874,.F.);
#5102=ORIENTED_EDGE('',*,*,#3765,.F.);
#5103=ORIENTED_EDGE('',*,*,#3763,.F.);
#5104=ORIENTED_EDGE('',*,*,#3876,.F.);
#5105=ORIENTED_EDGE('',*,*,#3872,.F.);
#5106=ORIENTED_EDGE('',*,*,#3794,.F.);
#5107=ORIENTED_EDGE('',*,*,#3862,.F.);
#5108=ORIENTED_EDGE('',*,*,#3783,.F.);
#5109=ORIENTED_EDGE('',*,*,#3796,.F.);
#5110=ORIENTED_EDGE('',*,*,#3795,.F.);
#5111=ORIENTED_EDGE('',*,*,#3859,.F.);
#5112=ORIENTED_EDGE('',*,*,#3802,.F.);
#5113=ORIENTED_EDGE('',*,*,#3800,.F.);
#5114=ORIENTED_EDGE('',*,*,#3801,.F.);
#5115=ORIENTED_EDGE('',*,*,#3857,.F.);
#5116=ORIENTED_EDGE('',*,*,#3855,.F.);
#5117=ORIENTED_EDGE('',*,*,#3853,.F.);
#5118=ORIENTED_EDGE('',*,*,#3820,.F.);
#5119=ORIENTED_EDGE('',*,*,#3826,.F.);
#5120=ORIENTED_EDGE('',*,*,#3838,.F.);
#5121=ORIENTED_EDGE('',*,*,#3841,.F.);
#5122=ORIENTED_EDGE('',*,*,#3816,.F.);
#5123=ORIENTED_EDGE('',*,*,#3814,.F.);
#5124=ORIENTED_EDGE('',*,*,#3846,.F.);
#5125=ORIENTED_EDGE('',*,*,#3844,.F.);
#5126=ORIENTED_EDGE('',*,*,#3900,.T.);
#5127=ORIENTED_EDGE('',*,*,#3901,.T.);
#5128=ORIENTED_EDGE('',*,*,#3902,.T.);
#5129=ORIENTED_EDGE('',*,*,#3903,.T.);
#5130=ORIENTED_EDGE('',*,*,#3904,.F.);
#5131=ORIENTED_EDGE('',*,*,#3905,.F.);
#5132=ORIENTED_EDGE('',*,*,#3906,.F.);
#5133=ORIENTED_EDGE('',*,*,#3907,.F.);
#5134=ORIENTED_EDGE('',*,*,#3908,.F.);
#5135=ORIENTED_EDGE('',*,*,#3909,.F.);
#5136=ORIENTED_EDGE('',*,*,#3905,.T.);
#5137=ORIENTED_EDGE('',*,*,#3910,.T.);
#5138=ORIENTED_EDGE('',*,*,#3908,.T.);
#5139=ORIENTED_EDGE('',*,*,#3911,.T.);
#5140=ORIENTED_EDGE('',*,*,#3912,.T.);
#5141=ORIENTED_EDGE('',*,*,#3907,.T.);
#5142=ORIENTED_EDGE('',*,*,#3913,.T.);
#5143=ORIENTED_EDGE('',*,*,#3914,.T.);
#5144=ORIENTED_EDGE('',*,*,#3915,.F.);
#5145=ORIENTED_EDGE('',*,*,#3916,.F.);
#5146=ORIENTED_EDGE('',*,*,#3917,.F.);
#5147=ORIENTED_EDGE('',*,*,#3918,.F.);
#5148=ORIENTED_EDGE('',*,*,#3919,.F.);
#5149=ORIENTED_EDGE('',*,*,#3920,.F.);
#5150=ORIENTED_EDGE('',*,*,#3545,.T.);
#5151=ORIENTED_EDGE('',*,*,#3918,.T.);
#5152=ORIENTED_EDGE('',*,*,#3921,.T.);
#5153=ORIENTED_EDGE('',*,*,#3922,.T.);
#5154=ORIENTED_EDGE('',*,*,#3923,.T.);
#5155=ORIENTED_EDGE('',*,*,#3919,.T.);
#5156=ORIENTED_EDGE('',*,*,#3544,.T.);
#5157=ORIENTED_EDGE('',*,*,#3924,.T.);
#5158=ORIENTED_EDGE('',*,*,#3925,.T.);
#5159=ORIENTED_EDGE('',*,*,#3926,.T.);
#5160=ORIENTED_EDGE('',*,*,#3501,.T.);
#5161=ORIENTED_EDGE('',*,*,#3927,.T.);
#5162=ORIENTED_EDGE('',*,*,#3928,.T.);
#5163=ORIENTED_EDGE('',*,*,#3926,.F.);
#5164=ORIENTED_EDGE('',*,*,#3929,.T.);
#5165=ORIENTED_EDGE('',*,*,#3924,.F.);
#5166=ORIENTED_EDGE('',*,*,#3930,.T.);
#5167=ORIENTED_EDGE('',*,*,#3927,.F.);
#5168=ORIENTED_EDGE('',*,*,#3500,.T.);
#5169=ORIENTED_EDGE('',*,*,#3931,.T.);
#5170=ORIENTED_EDGE('',*,*,#3932,.T.);
#5171=ORIENTED_EDGE('',*,*,#3931,.F.);
#5172=ORIENTED_EDGE('',*,*,#3933,.T.);
#5173=ORIENTED_EDGE('',*,*,#3922,.F.);
#5174=ORIENTED_EDGE('',*,*,#3920,.T.);
#5175=ORIENTED_EDGE('',*,*,#3934,.T.);
#5176=ORIENTED_EDGE('',*,*,#3916,.T.);
#5177=ORIENTED_EDGE('',*,*,#3935,.T.);
#5178=ORIENTED_EDGE('',*,*,#3936,.T.);
#5179=ORIENTED_EDGE('',*,*,#3917,.T.);
#5180=ORIENTED_EDGE('',*,*,#3937,.T.);
#5181=ORIENTED_EDGE('',*,*,#3938,.T.);
#5182=ORIENTED_EDGE('',*,*,#3909,.T.);
#5183=ORIENTED_EDGE('',*,*,#3939,.T.);
#5184=ORIENTED_EDGE('',*,*,#3915,.T.);
#5185=ORIENTED_EDGE('',*,*,#3940,.T.);
#5186=ORIENTED_EDGE('',*,*,#3941,.T.);
#5187=ORIENTED_EDGE('',*,*,#3938,.F.);
#5188=ORIENTED_EDGE('',*,*,#3942,.T.);
#5189=ORIENTED_EDGE('',*,*,#3914,.F.);
#5190=ORIENTED_EDGE('',*,*,#3943,.T.);
#5191=ORIENTED_EDGE('',*,*,#3906,.T.);
#5192=ORIENTED_EDGE('',*,*,#3944,.T.);
#5193=ORIENTED_EDGE('',*,*,#3901,.F.);
#5194=ORIENTED_EDGE('',*,*,#3945,.T.);
#5195=ORIENTED_EDGE('',*,*,#3904,.T.);
#5196=ORIENTED_EDGE('',*,*,#3946,.T.);
#5197=ORIENTED_EDGE('',*,*,#3947,.T.);
#5198=ORIENTED_EDGE('',*,*,#3948,.T.);
#5199=ORIENTED_EDGE('',*,*,#3947,.F.);
#5200=ORIENTED_EDGE('',*,*,#3949,.T.);
#5201=ORIENTED_EDGE('',*,*,#3903,.F.);
#5202=ORIENTED_EDGE('',*,*,#3933,.F.);
#5203=ORIENTED_EDGE('',*,*,#3499,.F.);
#5204=ORIENTED_EDGE('',*,*,#3518,.T.);
#5205=ORIENTED_EDGE('',*,*,#3546,.F.);
#5206=ORIENTED_EDGE('',*,*,#3944,.F.);
#5207=ORIENTED_EDGE('',*,*,#3911,.F.);
#5208=ORIENTED_EDGE('',*,*,#3912,.F.);
#5209=ORIENTED_EDGE('',*,*,#3950,.T.);
#5210=ORIENTED_EDGE('',*,*,#3668,.F.);
#5211=ORIENTED_EDGE('',*,*,#3658,.F.);
#5212=ORIENTED_EDGE('',*,*,#3677,.F.);
#5213=ORIENTED_EDGE('',*,*,#3665,.F.);
#5214=ORIENTED_EDGE('',*,*,#3951,.F.);
#5215=ORIENTED_EDGE('',*,*,#3952,.T.);
#5216=ORIENTED_EDGE('',*,*,#3942,.F.);
#5217=ORIENTED_EDGE('',*,*,#3953,.F.);
#5218=ORIENTED_EDGE('',*,*,#3954,.F.);
#5219=ORIENTED_EDGE('',*,*,#3955,.T.);
#5220=ORIENTED_EDGE('',*,*,#3669,.T.);
#5221=ORIENTED_EDGE('',*,*,#3950,.F.);
#5222=ORIENTED_EDGE('',*,*,#3900,.F.);
#5223=ORIENTED_EDGE('',*,*,#3949,.F.);
#5224=ORIENTED_EDGE('',*,*,#3946,.F.);
#5225=ORIENTED_EDGE('',*,*,#3943,.F.);
#5226=ORIENTED_EDGE('',*,*,#3936,.F.);
#5227=ORIENTED_EDGE('',*,*,#3941,.F.);
#5228=ORIENTED_EDGE('',*,*,#3913,.F.);
#5229=ORIENTED_EDGE('',*,*,#3940,.F.);
#5230=ORIENTED_EDGE('',*,*,#3956,.T.);
#5231=ORIENTED_EDGE('',*,*,#3957,.T.);
#5232=ORIENTED_EDGE('',*,*,#3958,.T.);
#5233=ORIENTED_EDGE('',*,*,#3959,.T.);
#5234=ORIENTED_EDGE('',*,*,#3540,.T.);
#5235=ORIENTED_EDGE('',*,*,#3957,.F.);
#5236=ORIENTED_EDGE('',*,*,#3960,.T.);
#5237=ORIENTED_EDGE('',*,*,#3961,.F.);
#5238=ORIENTED_EDGE('',*,*,#3962,.T.);
#5239=ORIENTED_EDGE('',*,*,#3959,.F.);
#5240=ORIENTED_EDGE('',*,*,#3505,.T.);
#5241=ORIENTED_EDGE('',*,*,#3963,.T.);
#5242=ORIENTED_EDGE('',*,*,#3964,.T.);
#5243=ORIENTED_EDGE('',*,*,#3963,.F.);
#5244=ORIENTED_EDGE('',*,*,#3965,.T.);
#5245=ORIENTED_EDGE('',*,*,#3961,.T.);
#5246=ORIENTED_EDGE('',*,*,#3958,.F.);
#5247=ORIENTED_EDGE('',*,*,#3539,.T.);
#5248=ORIENTED_EDGE('',*,*,#3966,.F.);
#5249=ORIENTED_EDGE('',*,*,#3506,.F.);
#5250=ORIENTED_EDGE('',*,*,#3948,.F.);
#5251=ORIENTED_EDGE('',*,*,#3967,.T.);
#5252=ORIENTED_EDGE('',*,*,#3968,.F.);
#5253=ORIENTED_EDGE('',*,*,#3969,.F.);
#5254=ORIENTED_EDGE('',*,*,#3970,.F.);
#5255=ORIENTED_EDGE('',*,*,#3971,.F.);
#5256=ORIENTED_EDGE('',*,*,#3972,.F.);
#5257=ORIENTED_EDGE('',*,*,#3973,.F.);
#5258=ORIENTED_EDGE('',*,*,#3974,.F.);
#5259=ORIENTED_EDGE('',*,*,#3953,.T.);
#5260=ORIENTED_EDGE('',*,*,#3937,.F.);
#5261=ORIENTED_EDGE('',*,*,#3934,.F.);
#5262=ORIENTED_EDGE('',*,*,#3923,.F.);
#5263=ORIENTED_EDGE('',*,*,#3929,.F.);
#5264=ORIENTED_EDGE('',*,*,#3925,.F.);
#5265=ORIENTED_EDGE('',*,*,#3975,.T.);
#5266=ORIENTED_EDGE('',*,*,#3956,.F.);
#5267=ORIENTED_EDGE('',*,*,#3962,.F.);
#5268=ORIENTED_EDGE('',*,*,#3964,.F.);
#5269=ORIENTED_EDGE('',*,*,#3960,.F.);
#5270=ORIENTED_EDGE('',*,*,#3968,.T.);
#5271=ORIENTED_EDGE('',*,*,#3976,.T.);
#5272=ORIENTED_EDGE('',*,*,#3977,.T.);
#5273=ORIENTED_EDGE('',*,*,#3978,.T.);
#5274=ORIENTED_EDGE('',*,*,#3979,.F.);
#5275=ORIENTED_EDGE('',*,*,#3980,.F.);
#5276=ORIENTED_EDGE('',*,*,#3981,.F.);
#5277=ORIENTED_EDGE('',*,*,#3982,.T.);
#5278=ORIENTED_EDGE('',*,*,#3980,.T.);
#5279=ORIENTED_EDGE('',*,*,#3970,.T.);
#5280=ORIENTED_EDGE('',*,*,#3983,.T.);
#5281=ORIENTED_EDGE('',*,*,#3984,.T.);
#5282=ORIENTED_EDGE('',*,*,#3985,.T.);
#5283=ORIENTED_EDGE('',*,*,#3981,.T.);
#5284=ORIENTED_EDGE('',*,*,#3986,.T.);
#5285=ORIENTED_EDGE('',*,*,#3987,.T.);
#5286=ORIENTED_EDGE('',*,*,#3954,.T.);
#5287=ORIENTED_EDGE('',*,*,#3974,.T.);
#5288=ORIENTED_EDGE('',*,*,#3988,.T.);
#5289=ORIENTED_EDGE('',*,*,#3989,.F.);
#5290=ORIENTED_EDGE('',*,*,#3990,.F.);
#5291=ORIENTED_EDGE('',*,*,#3991,.F.);
#5292=ORIENTED_EDGE('',*,*,#3973,.T.);
#5293=ORIENTED_EDGE('',*,*,#3992,.T.);
#5294=ORIENTED_EDGE('',*,*,#3993,.T.);
#5295=ORIENTED_EDGE('',*,*,#3988,.F.);
#5296=ORIENTED_EDGE('',*,*,#3972,.T.);
#5297=ORIENTED_EDGE('',*,*,#3990,.T.);
#5298=ORIENTED_EDGE('',*,*,#3994,.T.);
#5299=ORIENTED_EDGE('',*,*,#3992,.F.);
#5300=ORIENTED_EDGE('',*,*,#3991,.T.);
#5301=ORIENTED_EDGE('',*,*,#3971,.T.);
#5302=ORIENTED_EDGE('',*,*,#3979,.T.);
#5303=ORIENTED_EDGE('',*,*,#3995,.T.);
#5304=ORIENTED_EDGE('',*,*,#3996,.T.);
#5305=ORIENTED_EDGE('',*,*,#3997,.T.);
#5306=ORIENTED_EDGE('',*,*,#3989,.T.);
#5307=ORIENTED_EDGE('',*,*,#3998,.T.);
#5308=ORIENTED_EDGE('',*,*,#3999,.T.);
#5309=ORIENTED_EDGE('',*,*,#3983,.F.);
#5310=ORIENTED_EDGE('',*,*,#3969,.T.);
#5311=ORIENTED_EDGE('',*,*,#3978,.F.);
#5312=ORIENTED_EDGE('',*,*,#3987,.F.);
#5313=ORIENTED_EDGE('',*,*,#4000,.T.);
#5314=ORIENTED_EDGE('',*,*,#4001,.F.);
#5315=ORIENTED_EDGE('',*,*,#4002,.T.);
#5316=ORIENTED_EDGE('',*,*,#4003,.F.);
#5317=ORIENTED_EDGE('',*,*,#4004,.T.);
#5318=ORIENTED_EDGE('',*,*,#3955,.F.);
#5319=ORIENTED_EDGE('',*,*,#3993,.F.);
#5320=ORIENTED_EDGE('',*,*,#4005,.T.);
#5321=ORIENTED_EDGE('',*,*,#4006,.F.);
#5322=ORIENTED_EDGE('',*,*,#4000,.F.);
#5323=ORIENTED_EDGE('',*,*,#3994,.F.);
#5324=ORIENTED_EDGE('',*,*,#3997,.F.);
#5325=ORIENTED_EDGE('',*,*,#4007,.F.);
#5326=ORIENTED_EDGE('',*,*,#4008,.F.);
#5327=ORIENTED_EDGE('',*,*,#4009,.F.);
#5328=ORIENTED_EDGE('',*,*,#4010,.F.);
#5329=ORIENTED_EDGE('',*,*,#4011,.F.);
#5330=ORIENTED_EDGE('',*,*,#4012,.F.);
#5331=ORIENTED_EDGE('',*,*,#4013,.F.);
#5332=ORIENTED_EDGE('',*,*,#4005,.F.);
#5333=ORIENTED_EDGE('',*,*,#4014,.T.);
#5334=ORIENTED_EDGE('',*,*,#4011,.T.);
#5335=ORIENTED_EDGE('',*,*,#4015,.T.);
#5336=ORIENTED_EDGE('',*,*,#4016,.T.);
#5337=ORIENTED_EDGE('',*,*,#4017,.T.);
#5338=ORIENTED_EDGE('',*,*,#4018,.T.);
#5339=ORIENTED_EDGE('',*,*,#4019,.T.);
#5340=ORIENTED_EDGE('',*,*,#4016,.F.);
#5341=ORIENTED_EDGE('',*,*,#4020,.T.);
#5342=ORIENTED_EDGE('',*,*,#4021,.T.);
#5343=ORIENTED_EDGE('',*,*,#4022,.T.);
#5344=ORIENTED_EDGE('',*,*,#4018,.F.);
#5345=ORIENTED_EDGE('',*,*,#4014,.F.);
#5346=ORIENTED_EDGE('',*,*,#4023,.F.);
#5347=ORIENTED_EDGE('',*,*,#4024,.F.);
#5348=ORIENTED_EDGE('',*,*,#4012,.T.);
#5349=ORIENTED_EDGE('',*,*,#4019,.F.);
#5350=ORIENTED_EDGE('',*,*,#4025,.F.);
#5351=ORIENTED_EDGE('',*,*,#4026,.F.);
#5352=ORIENTED_EDGE('',*,*,#4023,.T.);
#5353=ORIENTED_EDGE('',*,*,#4022,.F.);
#5354=ORIENTED_EDGE('',*,*,#4027,.F.);
#5355=ORIENTED_EDGE('',*,*,#4028,.F.);
#5356=ORIENTED_EDGE('',*,*,#4025,.T.);
#5357=ORIENTED_EDGE('',*,*,#4029,.F.);
#5358=ORIENTED_EDGE('',*,*,#4030,.F.);
#5359=ORIENTED_EDGE('',*,*,#4031,.F.);
#5360=ORIENTED_EDGE('',*,*,#4032,.T.);
#5361=ORIENTED_EDGE('',*,*,#4033,.T.);
#5362=ORIENTED_EDGE('',*,*,#4030,.T.);
#5363=ORIENTED_EDGE('',*,*,#4034,.T.);
#5364=ORIENTED_EDGE('',*,*,#4035,.T.);
#5365=ORIENTED_EDGE('',*,*,#4036,.T.);
#5366=ORIENTED_EDGE('',*,*,#4031,.T.);
#5367=ORIENTED_EDGE('',*,*,#4037,.T.);
#5368=ORIENTED_EDGE('',*,*,#4038,.T.);
#5369=ORIENTED_EDGE('',*,*,#4029,.T.);
#5370=ORIENTED_EDGE('',*,*,#4039,.T.);
#5371=ORIENTED_EDGE('',*,*,#4040,.T.);
#5372=ORIENTED_EDGE('',*,*,#4041,.T.);
#5373=ORIENTED_EDGE('',*,*,#4009,.T.);
#5374=ORIENTED_EDGE('',*,*,#4042,.T.);
#5375=ORIENTED_EDGE('',*,*,#4040,.F.);
#5376=ORIENTED_EDGE('',*,*,#4034,.F.);
#5377=ORIENTED_EDGE('',*,*,#4038,.F.);
#5378=ORIENTED_EDGE('',*,*,#4043,.F.);
#5379=ORIENTED_EDGE('',*,*,#4044,.F.);
#5380=ORIENTED_EDGE('',*,*,#4042,.F.);
#5381=ORIENTED_EDGE('',*,*,#4008,.T.);
#5382=ORIENTED_EDGE('',*,*,#4045,.F.);
#5383=ORIENTED_EDGE('',*,*,#4043,.T.);
#5384=ORIENTED_EDGE('',*,*,#4046,.T.);
#5385=ORIENTED_EDGE('',*,*,#4047,.T.);
#5386=ORIENTED_EDGE('',*,*,#4048,.T.);
#5387=ORIENTED_EDGE('',*,*,#4049,.T.);
#5388=ORIENTED_EDGE('',*,*,#4050,.T.);
#5389=ORIENTED_EDGE('',*,*,#4051,.T.);
#5390=ORIENTED_EDGE('',*,*,#4046,.F.);
#5391=ORIENTED_EDGE('',*,*,#4052,.T.);
#5392=ORIENTED_EDGE('',*,*,#4003,.T.);
#5393=ORIENTED_EDGE('',*,*,#4053,.T.);
#5394=ORIENTED_EDGE('',*,*,#4050,.F.);
#5395=ORIENTED_EDGE('',*,*,#4054,.T.);
#5396=ORIENTED_EDGE('',*,*,#4054,.F.);
#5397=ORIENTED_EDGE('',*,*,#4052,.F.);
#5398=ORIENTED_EDGE('',*,*,#4049,.F.);
#5399=ORIENTED_EDGE('',*,*,#4055,.F.);
#5400=ORIENTED_EDGE('',*,*,#3670,.T.);
#5401=ORIENTED_EDGE('',*,*,#4004,.F.);
#5402=ORIENTED_EDGE('',*,*,#4056,.T.);
#5403=ORIENTED_EDGE('',*,*,#4057,.T.);
#5404=ORIENTED_EDGE('',*,*,#4058,.T.);
#5405=ORIENTED_EDGE('',*,*,#4059,.T.);
#5406=ORIENTED_EDGE('',*,*,#4060,.T.);
#5407=ORIENTED_EDGE('',*,*,#4061,.T.);
#5408=ORIENTED_EDGE('',*,*,#4056,.F.);
#5409=ORIENTED_EDGE('',*,*,#4062,.T.);
#5410=ORIENTED_EDGE('',*,*,#4063,.T.);
#5411=ORIENTED_EDGE('',*,*,#4064,.T.);
#5412=ORIENTED_EDGE('',*,*,#4060,.F.);
#5413=ORIENTED_EDGE('',*,*,#4065,.T.);
#5414=ORIENTED_EDGE('',*,*,#4065,.F.);
#5415=ORIENTED_EDGE('',*,*,#4062,.F.);
#5416=ORIENTED_EDGE('',*,*,#4059,.F.);
#5417=ORIENTED_EDGE('',*,*,#4066,.F.);
#5418=ORIENTED_EDGE('',*,*,#4067,.T.);
#5419=ORIENTED_EDGE('',*,*,#4068,.F.);
#5420=ORIENTED_EDGE('',*,*,#4069,.T.);
#5421=ORIENTED_EDGE('',*,*,#4070,.T.);
#5422=ORIENTED_EDGE('',*,*,#3536,.T.);
#5423=ORIENTED_EDGE('',*,*,#4071,.T.);
#5424=ORIENTED_EDGE('',*,*,#3509,.T.);
#5425=ORIENTED_EDGE('',*,*,#4072,.T.);
#5426=ORIENTED_EDGE('',*,*,#4073,.T.);
#5427=ORIENTED_EDGE('',*,*,#4074,.T.);
#5428=ORIENTED_EDGE('',*,*,#4075,.T.);
#5429=ORIENTED_EDGE('',*,*,#4074,.F.);
#5430=ORIENTED_EDGE('',*,*,#4076,.T.);
#5431=ORIENTED_EDGE('',*,*,#4071,.F.);
#5432=ORIENTED_EDGE('',*,*,#3842,.F.);
#5433=ORIENTED_EDGE('',*,*,#4077,.T.);
#5434=ORIENTED_EDGE('',*,*,#3835,.F.);
#5435=ORIENTED_EDGE('',*,*,#4078,.T.);
#5436=ORIENTED_EDGE('',*,*,#4079,.T.);
#5437=ORIENTED_EDGE('',*,*,#4032,.F.);
#5438=ORIENTED_EDGE('',*,*,#4044,.T.);
#5439=ORIENTED_EDGE('',*,*,#4045,.T.);
#5440=ORIENTED_EDGE('',*,*,#4007,.T.);
#5441=ORIENTED_EDGE('',*,*,#3996,.F.);
#5442=ORIENTED_EDGE('',*,*,#4080,.T.);
#5443=ORIENTED_EDGE('',*,*,#4069,.F.);
#5444=ORIENTED_EDGE('',*,*,#4076,.F.);
#5445=ORIENTED_EDGE('',*,*,#4073,.F.);
#5446=ORIENTED_EDGE('',*,*,#4081,.T.);
#5447=ORIENTED_EDGE('',*,*,#3984,.F.);
#5448=ORIENTED_EDGE('',*,*,#4082,.T.);
#5449=ORIENTED_EDGE('',*,*,#4083,.T.);
#5450=ORIENTED_EDGE('',*,*,#3723,.T.);
#5451=ORIENTED_EDGE('',*,*,#3711,.F.);
#5452=ORIENTED_EDGE('',*,*,#3726,.T.);
#5453=ORIENTED_EDGE('',*,*,#4084,.T.);
#5454=ORIENTED_EDGE('',*,*,#3747,.F.);
#5455=ORIENTED_EDGE('',*,*,#3755,.T.);
#5456=ORIENTED_EDGE('',*,*,#3875,.F.);
#5457=ORIENTED_EDGE('',*,*,#3899,.F.);
#5458=ORIENTED_EDGE('',*,*,#4085,.T.);
#5459=ORIENTED_EDGE('',*,*,#4086,.T.);
#5460=ORIENTED_EDGE('',*,*,#4087,.F.);
#5461=ORIENTED_EDGE('',*,*,#4088,.F.);
#5462=ORIENTED_EDGE('',*,*,#4089,.F.);
#5463=ORIENTED_EDGE('',*,*,#4090,.T.);
#5464=ORIENTED_EDGE('',*,*,#4091,.T.);
#5465=ORIENTED_EDGE('',*,*,#4092,.F.);
#5466=ORIENTED_EDGE('',*,*,#4093,.T.);
#5467=ORIENTED_EDGE('',*,*,#4094,.T.);
#5468=ORIENTED_EDGE('',*,*,#4095,.F.);
#5469=ORIENTED_EDGE('',*,*,#4096,.F.);
#5470=ORIENTED_EDGE('',*,*,#4097,.F.);
#5471=ORIENTED_EDGE('',*,*,#4098,.T.);
#5472=ORIENTED_EDGE('',*,*,#4099,.T.);
#5473=ORIENTED_EDGE('',*,*,#4100,.F.);
#5474=ORIENTED_EDGE('',*,*,#4101,.T.);
#5475=ORIENTED_EDGE('',*,*,#4102,.T.);
#5476=ORIENTED_EDGE('',*,*,#4103,.F.);
#5477=ORIENTED_EDGE('',*,*,#4104,.F.);
#5478=ORIENTED_EDGE('',*,*,#4105,.F.);
#5479=ORIENTED_EDGE('',*,*,#4106,.T.);
#5480=ORIENTED_EDGE('',*,*,#4107,.T.);
#5481=ORIENTED_EDGE('',*,*,#4108,.F.);
#5482=ORIENTED_EDGE('',*,*,#3485,.T.);
#5483=ORIENTED_EDGE('',*,*,#3480,.T.);
#5484=ORIENTED_EDGE('',*,*,#4109,.T.);
#5485=ORIENTED_EDGE('',*,*,#4110,.T.);
#5486=ORIENTED_EDGE('',*,*,#4111,.T.);
#5487=ORIENTED_EDGE('',*,*,#4112,.T.);
#5488=ORIENTED_EDGE('',*,*,#4113,.T.);
#5489=ORIENTED_EDGE('',*,*,#4114,.T.);
#5490=ORIENTED_EDGE('',*,*,#4115,.T.);
#5491=ORIENTED_EDGE('',*,*,#4116,.T.);
#5492=ORIENTED_EDGE('',*,*,#4117,.T.);
#5493=ORIENTED_EDGE('',*,*,#4118,.T.);
#5494=ORIENTED_EDGE('',*,*,#4119,.T.);
#5495=ORIENTED_EDGE('',*,*,#4120,.T.);
#5496=ORIENTED_EDGE('',*,*,#4121,.T.);
#5497=ORIENTED_EDGE('',*,*,#4122,.T.);
#5498=ORIENTED_EDGE('',*,*,#4119,.F.);
#5499=ORIENTED_EDGE('',*,*,#4123,.T.);
#5500=ORIENTED_EDGE('',*,*,#4124,.T.);
#5501=ORIENTED_EDGE('',*,*,#4125,.T.);
#5502=ORIENTED_EDGE('',*,*,#4121,.F.);
#5503=ORIENTED_EDGE('',*,*,#4126,.T.);
#5504=ORIENTED_EDGE('',*,*,#4117,.F.);
#5505=ORIENTED_EDGE('',*,*,#4127,.T.);
#5506=ORIENTED_EDGE('',*,*,#4124,.F.);
#5507=ORIENTED_EDGE('',*,*,#4128,.T.);
#5508=ORIENTED_EDGE('',*,*,#4123,.F.);
#5509=ORIENTED_EDGE('',*,*,#4129,.F.);
#5510=ORIENTED_EDGE('',*,*,#4112,.F.);
#5511=ORIENTED_EDGE('',*,*,#4130,.T.);
#5512=ORIENTED_EDGE('',*,*,#4118,.F.);
#5513=ORIENTED_EDGE('',*,*,#4131,.F.);
#5514=ORIENTED_EDGE('',*,*,#4109,.F.);
#5515=ORIENTED_EDGE('',*,*,#4129,.T.);
#5516=ORIENTED_EDGE('',*,*,#4120,.F.);
#5517=ORIENTED_EDGE('',*,*,#4122,.F.);
#5518=ORIENTED_EDGE('',*,*,#4125,.F.);
#5519=ORIENTED_EDGE('',*,*,#4127,.F.);
#5520=ORIENTED_EDGE('',*,*,#4132,.T.);
#5521=ORIENTED_EDGE('',*,*,#4133,.T.);
#5522=ORIENTED_EDGE('',*,*,#4134,.T.);
#5523=ORIENTED_EDGE('',*,*,#4135,.T.);
#5524=ORIENTED_EDGE('',*,*,#4136,.T.);
#5525=ORIENTED_EDGE('',*,*,#4137,.T.);
#5526=ORIENTED_EDGE('',*,*,#4134,.F.);
#5527=ORIENTED_EDGE('',*,*,#4138,.T.);
#5528=ORIENTED_EDGE('',*,*,#4139,.T.);
#5529=ORIENTED_EDGE('',*,*,#4140,.T.);
#5530=ORIENTED_EDGE('',*,*,#4136,.F.);
#5531=ORIENTED_EDGE('',*,*,#4141,.T.);
#5532=ORIENTED_EDGE('',*,*,#4132,.F.);
#5533=ORIENTED_EDGE('',*,*,#4142,.T.);
#5534=ORIENTED_EDGE('',*,*,#4139,.F.);
#5535=ORIENTED_EDGE('',*,*,#4143,.T.);
#5536=ORIENTED_EDGE('',*,*,#4138,.F.);
#5537=ORIENTED_EDGE('',*,*,#4144,.F.);
#5538=ORIENTED_EDGE('',*,*,#4116,.F.);
#5539=ORIENTED_EDGE('',*,*,#4145,.T.);
#5540=ORIENTED_EDGE('',*,*,#4133,.F.);
#5541=ORIENTED_EDGE('',*,*,#4146,.F.);
#5542=ORIENTED_EDGE('',*,*,#4113,.F.);
#5543=ORIENTED_EDGE('',*,*,#4144,.T.);
#5544=ORIENTED_EDGE('',*,*,#4135,.F.);
#5545=ORIENTED_EDGE('',*,*,#4137,.F.);
#5546=ORIENTED_EDGE('',*,*,#4140,.F.);
#5547=ORIENTED_EDGE('',*,*,#4142,.F.);
#5548=ORIENTED_EDGE('',*,*,#4143,.F.);
#5549=ORIENTED_EDGE('',*,*,#4147,.F.);
#5550=ORIENTED_EDGE('',*,*,#4114,.F.);
#5551=ORIENTED_EDGE('',*,*,#4146,.T.);
#5552=ORIENTED_EDGE('',*,*,#4141,.F.);
#5553=ORIENTED_EDGE('',*,*,#4145,.F.);
#5554=ORIENTED_EDGE('',*,*,#4115,.F.);
#5555=ORIENTED_EDGE('',*,*,#4147,.T.);
#5556=ORIENTED_EDGE('',*,*,#4128,.F.);
#5557=ORIENTED_EDGE('',*,*,#4148,.F.);
#5558=ORIENTED_EDGE('',*,*,#4110,.F.);
#5559=ORIENTED_EDGE('',*,*,#4131,.T.);
#5560=ORIENTED_EDGE('',*,*,#4126,.F.);
#5561=ORIENTED_EDGE('',*,*,#4130,.F.);
#5562=ORIENTED_EDGE('',*,*,#4111,.F.);
#5563=ORIENTED_EDGE('',*,*,#4148,.T.);
#5564=ORIENTED_EDGE('',*,*,#3555,.T.);
#5565=ORIENTED_EDGE('',*,*,#4149,.T.);
#5566=ORIENTED_EDGE('',*,*,#4150,.T.);
#5567=ORIENTED_EDGE('',*,*,#4151,.T.);
#5568=ORIENTED_EDGE('',*,*,#4152,.T.);
#5569=ORIENTED_EDGE('',*,*,#4153,.T.);
#5570=ORIENTED_EDGE('',*,*,#3553,.T.);
#5571=ORIENTED_EDGE('',*,*,#4154,.F.);
#5572=ORIENTED_EDGE('',*,*,#3554,.T.);
#5573=ORIENTED_EDGE('',*,*,#4153,.F.);
#5574=ORIENTED_EDGE('',*,*,#4155,.T.);
#5575=ORIENTED_EDGE('',*,*,#4149,.F.);
#5576=ORIENTED_EDGE('',*,*,#3556,.T.);
#5577=ORIENTED_EDGE('',*,*,#4151,.F.);
#5578=ORIENTED_EDGE('',*,*,#4156,.T.);
#5579=ORIENTED_EDGE('',*,*,#4154,.T.);
#5580=ORIENTED_EDGE('',*,*,#4155,.F.);
#5581=ORIENTED_EDGE('',*,*,#4157,.F.);
#5582=ORIENTED_EDGE('',*,*,#4158,.F.);
#5583=ORIENTED_EDGE('',*,*,#4159,.T.);
#5584=ORIENTED_EDGE('',*,*,#4152,.F.);
#5585=ORIENTED_EDGE('',*,*,#4160,.F.);
#5586=ORIENTED_EDGE('',*,*,#4161,.F.);
#5587=ORIENTED_EDGE('',*,*,#4157,.T.);
#5588=ORIENTED_EDGE('',*,*,#4162,.F.);
#5589=ORIENTED_EDGE('',*,*,#4163,.F.);
#5590=ORIENTED_EDGE('',*,*,#4164,.F.);
#5591=ORIENTED_EDGE('',*,*,#4165,.F.);
#5592=ORIENTED_EDGE('',*,*,#4166,.F.);
#5593=ORIENTED_EDGE('',*,*,#4167,.F.);
#5594=ORIENTED_EDGE('',*,*,#4168,.T.);
#5595=ORIENTED_EDGE('',*,*,#4169,.T.);
#5596=ORIENTED_EDGE('',*,*,#4166,.T.);
#5597=ORIENTED_EDGE('',*,*,#4170,.T.);
#5598=ORIENTED_EDGE('',*,*,#4163,.T.);
#5599=ORIENTED_EDGE('',*,*,#3688,.T.);
#5600=ORIENTED_EDGE('',*,*,#4167,.T.);
#5601=ORIENTED_EDGE('',*,*,#4171,.T.);
#5602=ORIENTED_EDGE('',*,*,#4172,.T.);
#5603=ORIENTED_EDGE('',*,*,#4165,.T.);
#5604=ORIENTED_EDGE('',*,*,#3687,.T.);
#5605=ORIENTED_EDGE('',*,*,#3705,.F.);
#5606=ORIENTED_EDGE('',*,*,#4173,.T.);
#5607=ORIENTED_EDGE('',*,*,#4174,.T.);
#5608=ORIENTED_EDGE('',*,*,#4164,.T.);
#5609=ORIENTED_EDGE('',*,*,#4175,.T.);
#5610=ORIENTED_EDGE('',*,*,#3689,.T.);
#5611=ORIENTED_EDGE('',*,*,#4162,.T.);
#5612=ORIENTED_EDGE('',*,*,#4176,.T.);
#5613=ORIENTED_EDGE('',*,*,#3866,.F.);
#5614=ORIENTED_EDGE('',*,*,#4170,.F.);
#5615=ORIENTED_EDGE('',*,*,#4172,.F.);
#5616=ORIENTED_EDGE('',*,*,#4177,.F.);
#5617=ORIENTED_EDGE('',*,*,#4091,.F.);
#5618=ORIENTED_EDGE('',*,*,#4178,.T.);
#5619=ORIENTED_EDGE('',*,*,#4179,.T.);
#5620=ORIENTED_EDGE('',*,*,#4180,.T.);
#5621=ORIENTED_EDGE('',*,*,#4181,.T.);
#5622=ORIENTED_EDGE('',*,*,#4089,.T.);
#5623=ORIENTED_EDGE('',*,*,#4182,.T.);
#5624=ORIENTED_EDGE('',*,*,#4088,.T.);
#5625=ORIENTED_EDGE('',*,*,#4183,.T.);
#5626=ORIENTED_EDGE('',*,*,#4161,.T.);
#5627=ORIENTED_EDGE('',*,*,#4182,.F.);
#5628=ORIENTED_EDGE('',*,*,#4087,.T.);
#5629=ORIENTED_EDGE('',*,*,#4184,.T.);
#5630=ORIENTED_EDGE('',*,*,#4158,.T.);
#5631=ORIENTED_EDGE('',*,*,#4183,.F.);
#5632=ORIENTED_EDGE('',*,*,#4156,.F.);
#5633=ORIENTED_EDGE('',*,*,#4185,.F.);
#5634=ORIENTED_EDGE('',*,*,#4180,.F.);
#5635=ORIENTED_EDGE('',*,*,#4160,.T.);
#5636=ORIENTED_EDGE('',*,*,#3563,.T.);
#5637=ORIENTED_EDGE('',*,*,#4186,.T.);
#5638=ORIENTED_EDGE('',*,*,#4187,.T.);
#5639=ORIENTED_EDGE('',*,*,#4188,.T.);
#5640=ORIENTED_EDGE('',*,*,#4189,.T.);
#5641=ORIENTED_EDGE('',*,*,#4190,.T.);
#5642=ORIENTED_EDGE('',*,*,#3561,.T.);
#5643=ORIENTED_EDGE('',*,*,#4191,.F.);
#5644=ORIENTED_EDGE('',*,*,#3562,.T.);
#5645=ORIENTED_EDGE('',*,*,#4190,.F.);
#5646=ORIENTED_EDGE('',*,*,#4192,.T.);
#5647=ORIENTED_EDGE('',*,*,#4186,.F.);
#5648=ORIENTED_EDGE('',*,*,#3564,.T.);
#5649=ORIENTED_EDGE('',*,*,#4188,.F.);
#5650=ORIENTED_EDGE('',*,*,#4193,.T.);
#5651=ORIENTED_EDGE('',*,*,#4191,.T.);
#5652=ORIENTED_EDGE('',*,*,#4192,.F.);
#5653=ORIENTED_EDGE('',*,*,#4194,.F.);
#5654=ORIENTED_EDGE('',*,*,#4195,.F.);
#5655=ORIENTED_EDGE('',*,*,#4196,.T.);
#5656=ORIENTED_EDGE('',*,*,#4189,.F.);
#5657=ORIENTED_EDGE('',*,*,#4197,.F.);
#5658=ORIENTED_EDGE('',*,*,#4198,.F.);
#5659=ORIENTED_EDGE('',*,*,#4194,.T.);
#5660=ORIENTED_EDGE('',*,*,#4199,.F.);
#5661=ORIENTED_EDGE('',*,*,#4200,.F.);
#5662=ORIENTED_EDGE('',*,*,#4201,.F.);
#5663=ORIENTED_EDGE('',*,*,#4202,.F.);
#5664=ORIENTED_EDGE('',*,*,#4203,.F.);
#5665=ORIENTED_EDGE('',*,*,#4204,.F.);
#5666=ORIENTED_EDGE('',*,*,#4205,.T.);
#5667=ORIENTED_EDGE('',*,*,#4206,.T.);
#5668=ORIENTED_EDGE('',*,*,#4203,.T.);
#5669=ORIENTED_EDGE('',*,*,#4207,.T.);
#5670=ORIENTED_EDGE('',*,*,#4200,.T.);
#5671=ORIENTED_EDGE('',*,*,#3684,.T.);
#5672=ORIENTED_EDGE('',*,*,#4204,.T.);
#5673=ORIENTED_EDGE('',*,*,#4208,.T.);
#5674=ORIENTED_EDGE('',*,*,#4209,.T.);
#5675=ORIENTED_EDGE('',*,*,#4202,.T.);
#5676=ORIENTED_EDGE('',*,*,#3683,.T.);
#5677=ORIENTED_EDGE('',*,*,#3678,.F.);
#5678=ORIENTED_EDGE('',*,*,#4210,.T.);
#5679=ORIENTED_EDGE('',*,*,#4211,.T.);
#5680=ORIENTED_EDGE('',*,*,#4201,.T.);
#5681=ORIENTED_EDGE('',*,*,#4212,.T.);
#5682=ORIENTED_EDGE('',*,*,#3685,.T.);
#5683=ORIENTED_EDGE('',*,*,#4199,.T.);
#5684=ORIENTED_EDGE('',*,*,#4213,.T.);
#5685=ORIENTED_EDGE('',*,*,#3706,.F.);
#5686=ORIENTED_EDGE('',*,*,#4207,.F.);
#5687=ORIENTED_EDGE('',*,*,#4209,.F.);
#5688=ORIENTED_EDGE('',*,*,#4214,.F.);
#5689=ORIENTED_EDGE('',*,*,#4099,.F.);
#5690=ORIENTED_EDGE('',*,*,#4215,.T.);
#5691=ORIENTED_EDGE('',*,*,#4216,.T.);
#5692=ORIENTED_EDGE('',*,*,#4217,.T.);
#5693=ORIENTED_EDGE('',*,*,#4218,.T.);
#5694=ORIENTED_EDGE('',*,*,#4097,.T.);
#5695=ORIENTED_EDGE('',*,*,#4219,.T.);
#5696=ORIENTED_EDGE('',*,*,#4096,.T.);
#5697=ORIENTED_EDGE('',*,*,#4220,.T.);
#5698=ORIENTED_EDGE('',*,*,#4198,.T.);
#5699=ORIENTED_EDGE('',*,*,#4219,.F.);
#5700=ORIENTED_EDGE('',*,*,#4095,.T.);
#5701=ORIENTED_EDGE('',*,*,#4221,.T.);
#5702=ORIENTED_EDGE('',*,*,#4195,.T.);
#5703=ORIENTED_EDGE('',*,*,#4220,.F.);
#5704=ORIENTED_EDGE('',*,*,#4193,.F.);
#5705=ORIENTED_EDGE('',*,*,#4222,.F.);
#5706=ORIENTED_EDGE('',*,*,#4217,.F.);
#5707=ORIENTED_EDGE('',*,*,#4197,.T.);
#5708=ORIENTED_EDGE('',*,*,#4223,.F.);
#5709=ORIENTED_EDGE('',*,*,#4224,.F.);
#5710=ORIENTED_EDGE('',*,*,#4225,.F.);
#5711=ORIENTED_EDGE('',*,*,#4226,.F.);
#5712=ORIENTED_EDGE('',*,*,#4227,.F.);
#5713=ORIENTED_EDGE('',*,*,#4228,.F.);
#5714=ORIENTED_EDGE('',*,*,#4223,.T.);
#5715=ORIENTED_EDGE('',*,*,#4229,.T.);
#5716=ORIENTED_EDGE('',*,*,#4230,.F.);
#5717=ORIENTED_EDGE('',*,*,#4231,.T.);
#5718=ORIENTED_EDGE('',*,*,#4225,.T.);
#5719=ORIENTED_EDGE('',*,*,#4232,.F.);
#5720=ORIENTED_EDGE('',*,*,#4150,.F.);
#5721=ORIENTED_EDGE('',*,*,#4159,.F.);
#5722=ORIENTED_EDGE('',*,*,#4184,.F.);
#5723=ORIENTED_EDGE('',*,*,#4086,.F.);
#5724=ORIENTED_EDGE('',*,*,#4233,.F.);
#5725=ORIENTED_EDGE('',*,*,#4234,.F.);
#5726=ORIENTED_EDGE('',*,*,#4232,.T.);
#5727=ORIENTED_EDGE('',*,*,#4224,.T.);
#5728=ORIENTED_EDGE('',*,*,#4228,.T.);
#5729=ORIENTED_EDGE('',*,*,#4235,.F.);
#5730=ORIENTED_EDGE('',*,*,#4178,.F.);
#5731=ORIENTED_EDGE('',*,*,#4090,.F.);
#5732=ORIENTED_EDGE('',*,*,#4181,.F.);
#5733=ORIENTED_EDGE('',*,*,#4185,.T.);
#5734=ORIENTED_EDGE('',*,*,#4168,.F.);
#5735=ORIENTED_EDGE('',*,*,#4179,.F.);
#5736=ORIENTED_EDGE('',*,*,#4235,.T.);
#5737=ORIENTED_EDGE('',*,*,#4227,.T.);
#5738=ORIENTED_EDGE('',*,*,#4236,.F.);
#5739=ORIENTED_EDGE('',*,*,#4173,.F.);
#5740=ORIENTED_EDGE('',*,*,#4237,.F.);
#5741=ORIENTED_EDGE('',*,*,#4230,.T.);
#5742=ORIENTED_EDGE('',*,*,#4234,.T.);
#5743=ORIENTED_EDGE('',*,*,#4238,.F.);
#5744=ORIENTED_EDGE('',*,*,#4169,.F.);
#5745=ORIENTED_EDGE('',*,*,#4236,.T.);
#5746=ORIENTED_EDGE('',*,*,#4229,.F.);
#5747=ORIENTED_EDGE('',*,*,#4226,.T.);
#5748=ORIENTED_EDGE('',*,*,#4231,.F.);
#5749=ORIENTED_EDGE('',*,*,#4237,.T.);
#5750=ORIENTED_EDGE('',*,*,#4175,.F.);
#5751=ORIENTED_EDGE('',*,*,#4171,.F.);
#5752=ORIENTED_EDGE('',*,*,#4174,.F.);
#5753=ORIENTED_EDGE('',*,*,#4238,.T.);
#5754=ORIENTED_EDGE('',*,*,#4233,.T.);
#5755=ORIENTED_EDGE('',*,*,#4085,.F.);
#5756=ORIENTED_EDGE('',*,*,#3898,.F.);
#5757=ORIENTED_EDGE('',*,*,#4176,.F.);
#5758=ORIENTED_EDGE('',*,*,#4239,.F.);
#5759=ORIENTED_EDGE('',*,*,#4240,.F.);
#5760=ORIENTED_EDGE('',*,*,#4241,.F.);
#5761=ORIENTED_EDGE('',*,*,#4242,.F.);
#5762=ORIENTED_EDGE('',*,*,#4243,.F.);
#5763=ORIENTED_EDGE('',*,*,#4244,.F.);
#5764=ORIENTED_EDGE('',*,*,#4239,.T.);
#5765=ORIENTED_EDGE('',*,*,#4245,.T.);
#5766=ORIENTED_EDGE('',*,*,#4246,.F.);
#5767=ORIENTED_EDGE('',*,*,#4247,.T.);
#5768=ORIENTED_EDGE('',*,*,#4241,.T.);
#5769=ORIENTED_EDGE('',*,*,#4248,.F.);
#5770=ORIENTED_EDGE('',*,*,#4187,.F.);
#5771=ORIENTED_EDGE('',*,*,#4196,.F.);
#5772=ORIENTED_EDGE('',*,*,#4221,.F.);
#5773=ORIENTED_EDGE('',*,*,#4094,.F.);
#5774=ORIENTED_EDGE('',*,*,#4249,.F.);
#5775=ORIENTED_EDGE('',*,*,#4250,.F.);
#5776=ORIENTED_EDGE('',*,*,#4248,.T.);
#5777=ORIENTED_EDGE('',*,*,#4240,.T.);
#5778=ORIENTED_EDGE('',*,*,#4244,.T.);
#5779=ORIENTED_EDGE('',*,*,#4251,.F.);
#5780=ORIENTED_EDGE('',*,*,#4215,.F.);
#5781=ORIENTED_EDGE('',*,*,#4098,.F.);
#5782=ORIENTED_EDGE('',*,*,#4218,.F.);
#5783=ORIENTED_EDGE('',*,*,#4222,.T.);
#5784=ORIENTED_EDGE('',*,*,#4205,.F.);
#5785=ORIENTED_EDGE('',*,*,#4216,.F.);
#5786=ORIENTED_EDGE('',*,*,#4251,.T.);
#5787=ORIENTED_EDGE('',*,*,#4243,.T.);
#5788=ORIENTED_EDGE('',*,*,#4252,.F.);
#5789=ORIENTED_EDGE('',*,*,#4210,.F.);
#5790=ORIENTED_EDGE('',*,*,#4253,.F.);
#5791=ORIENTED_EDGE('',*,*,#4246,.T.);
#5792=ORIENTED_EDGE('',*,*,#4250,.T.);
#5793=ORIENTED_EDGE('',*,*,#4254,.F.);
#5794=ORIENTED_EDGE('',*,*,#4206,.F.);
#5795=ORIENTED_EDGE('',*,*,#4252,.T.);
#5796=ORIENTED_EDGE('',*,*,#4245,.F.);
#5797=ORIENTED_EDGE('',*,*,#4242,.T.);
#5798=ORIENTED_EDGE('',*,*,#4247,.F.);
#5799=ORIENTED_EDGE('',*,*,#4253,.T.);
#5800=ORIENTED_EDGE('',*,*,#4212,.F.);
#5801=ORIENTED_EDGE('',*,*,#4208,.F.);
#5802=ORIENTED_EDGE('',*,*,#4211,.F.);
#5803=ORIENTED_EDGE('',*,*,#4254,.T.);
#5804=ORIENTED_EDGE('',*,*,#4249,.T.);
#5805=ORIENTED_EDGE('',*,*,#4093,.F.);
#5806=ORIENTED_EDGE('',*,*,#4255,.F.);
#5807=ORIENTED_EDGE('',*,*,#4213,.F.);
#5808=ORIENTED_EDGE('',*,*,#3681,.F.);
#5809=ORIENTED_EDGE('',*,*,#4256,.T.);
#5810=ORIENTED_EDGE('',*,*,#4100,.T.);
#5811=ORIENTED_EDGE('',*,*,#4214,.T.);
#5812=ORIENTED_EDGE('',*,*,#3707,.F.);
#5813=ORIENTED_EDGE('',*,*,#4255,.T.);
#5814=ORIENTED_EDGE('',*,*,#4092,.T.);
#5815=ORIENTED_EDGE('',*,*,#4177,.T.);
#5816=ORIENTED_EDGE('',*,*,#3559,.T.);
#5817=ORIENTED_EDGE('',*,*,#4257,.T.);
#5818=ORIENTED_EDGE('',*,*,#4258,.T.);
#5819=ORIENTED_EDGE('',*,*,#4259,.T.);
#5820=ORIENTED_EDGE('',*,*,#4260,.T.);
#5821=ORIENTED_EDGE('',*,*,#4261,.T.);
#5822=ORIENTED_EDGE('',*,*,#3557,.T.);
#5823=ORIENTED_EDGE('',*,*,#4262,.F.);
#5824=ORIENTED_EDGE('',*,*,#3558,.T.);
#5825=ORIENTED_EDGE('',*,*,#4261,.F.);
#5826=ORIENTED_EDGE('',*,*,#4263,.T.);
#5827=ORIENTED_EDGE('',*,*,#4257,.F.);
#5828=ORIENTED_EDGE('',*,*,#3560,.T.);
#5829=ORIENTED_EDGE('',*,*,#4259,.F.);
#5830=ORIENTED_EDGE('',*,*,#4264,.T.);
#5831=ORIENTED_EDGE('',*,*,#4262,.T.);
#5832=ORIENTED_EDGE('',*,*,#4263,.F.);
#5833=ORIENTED_EDGE('',*,*,#4265,.F.);
#5834=ORIENTED_EDGE('',*,*,#4266,.F.);
#5835=ORIENTED_EDGE('',*,*,#4267,.T.);
#5836=ORIENTED_EDGE('',*,*,#4260,.F.);
#5837=ORIENTED_EDGE('',*,*,#4268,.F.);
#5838=ORIENTED_EDGE('',*,*,#4269,.F.);
#5839=ORIENTED_EDGE('',*,*,#4265,.T.);
#5840=ORIENTED_EDGE('',*,*,#4270,.F.);
#5841=ORIENTED_EDGE('',*,*,#4271,.F.);
#5842=ORIENTED_EDGE('',*,*,#4272,.F.);
#5843=ORIENTED_EDGE('',*,*,#4273,.F.);
#5844=ORIENTED_EDGE('',*,*,#4274,.F.);
#5845=ORIENTED_EDGE('',*,*,#4275,.F.);
#5846=ORIENTED_EDGE('',*,*,#4276,.T.);
#5847=ORIENTED_EDGE('',*,*,#4277,.T.);
#5848=ORIENTED_EDGE('',*,*,#4274,.T.);
#5849=ORIENTED_EDGE('',*,*,#4278,.T.);
#5850=ORIENTED_EDGE('',*,*,#4271,.T.);
#5851=ORIENTED_EDGE('',*,*,#3704,.T.);
#5852=ORIENTED_EDGE('',*,*,#4275,.T.);
#5853=ORIENTED_EDGE('',*,*,#4279,.T.);
#5854=ORIENTED_EDGE('',*,*,#4280,.T.);
#5855=ORIENTED_EDGE('',*,*,#4273,.T.);
#5856=ORIENTED_EDGE('',*,*,#3703,.T.);
#5857=ORIENTED_EDGE('',*,*,#3812,.F.);
#5858=ORIENTED_EDGE('',*,*,#4281,.T.);
#5859=ORIENTED_EDGE('',*,*,#4282,.T.);
#5860=ORIENTED_EDGE('',*,*,#4272,.T.);
#5861=ORIENTED_EDGE('',*,*,#4283,.T.);
#5862=ORIENTED_EDGE('',*,*,#3682,.T.);
#5863=ORIENTED_EDGE('',*,*,#4270,.T.);
#5864=ORIENTED_EDGE('',*,*,#4284,.T.);
#5865=ORIENTED_EDGE('',*,*,#3680,.F.);
#5866=ORIENTED_EDGE('',*,*,#4278,.F.);
#5867=ORIENTED_EDGE('',*,*,#4280,.F.);
#5868=ORIENTED_EDGE('',*,*,#4285,.F.);
#5869=ORIENTED_EDGE('',*,*,#4107,.F.);
#5870=ORIENTED_EDGE('',*,*,#4286,.T.);
#5871=ORIENTED_EDGE('',*,*,#4287,.T.);
#5872=ORIENTED_EDGE('',*,*,#4288,.T.);
#5873=ORIENTED_EDGE('',*,*,#4289,.T.);
#5874=ORIENTED_EDGE('',*,*,#4105,.T.);
#5875=ORIENTED_EDGE('',*,*,#4290,.T.);
#5876=ORIENTED_EDGE('',*,*,#4104,.T.);
#5877=ORIENTED_EDGE('',*,*,#4291,.T.);
#5878=ORIENTED_EDGE('',*,*,#4269,.T.);
#5879=ORIENTED_EDGE('',*,*,#4290,.F.);
#5880=ORIENTED_EDGE('',*,*,#4103,.T.);
#5881=ORIENTED_EDGE('',*,*,#4292,.T.);
#5882=ORIENTED_EDGE('',*,*,#4266,.T.);
#5883=ORIENTED_EDGE('',*,*,#4291,.F.);
#5884=ORIENTED_EDGE('',*,*,#4264,.F.);
#5885=ORIENTED_EDGE('',*,*,#4293,.F.);
#5886=ORIENTED_EDGE('',*,*,#4288,.F.);
#5887=ORIENTED_EDGE('',*,*,#4268,.T.);
#5888=ORIENTED_EDGE('',*,*,#4294,.F.);
#5889=ORIENTED_EDGE('',*,*,#4295,.F.);
#5890=ORIENTED_EDGE('',*,*,#4296,.F.);
#5891=ORIENTED_EDGE('',*,*,#4297,.F.);
#5892=ORIENTED_EDGE('',*,*,#4298,.F.);
#5893=ORIENTED_EDGE('',*,*,#4299,.F.);
#5894=ORIENTED_EDGE('',*,*,#4294,.T.);
#5895=ORIENTED_EDGE('',*,*,#4300,.T.);
#5896=ORIENTED_EDGE('',*,*,#4301,.F.);
#5897=ORIENTED_EDGE('',*,*,#4302,.T.);
#5898=ORIENTED_EDGE('',*,*,#4296,.T.);
#5899=ORIENTED_EDGE('',*,*,#4303,.F.);
#5900=ORIENTED_EDGE('',*,*,#4258,.F.);
#5901=ORIENTED_EDGE('',*,*,#4267,.F.);
#5902=ORIENTED_EDGE('',*,*,#4292,.F.);
#5903=ORIENTED_EDGE('',*,*,#4102,.F.);
#5904=ORIENTED_EDGE('',*,*,#4304,.F.);
#5905=ORIENTED_EDGE('',*,*,#4305,.F.);
#5906=ORIENTED_EDGE('',*,*,#4303,.T.);
#5907=ORIENTED_EDGE('',*,*,#4295,.T.);
#5908=ORIENTED_EDGE('',*,*,#4299,.T.);
#5909=ORIENTED_EDGE('',*,*,#4306,.F.);
#5910=ORIENTED_EDGE('',*,*,#4286,.F.);
#5911=ORIENTED_EDGE('',*,*,#4106,.F.);
#5912=ORIENTED_EDGE('',*,*,#4289,.F.);
#5913=ORIENTED_EDGE('',*,*,#4293,.T.);
#5914=ORIENTED_EDGE('',*,*,#4276,.F.);
#5915=ORIENTED_EDGE('',*,*,#4287,.F.);
#5916=ORIENTED_EDGE('',*,*,#4306,.T.);
#5917=ORIENTED_EDGE('',*,*,#4298,.T.);
#5918=ORIENTED_EDGE('',*,*,#4307,.F.);
#5919=ORIENTED_EDGE('',*,*,#4281,.F.);
#5920=ORIENTED_EDGE('',*,*,#4308,.F.);
#5921=ORIENTED_EDGE('',*,*,#4301,.T.);
#5922=ORIENTED_EDGE('',*,*,#4305,.T.);
#5923=ORIENTED_EDGE('',*,*,#4309,.F.);
#5924=ORIENTED_EDGE('',*,*,#4277,.F.);
#5925=ORIENTED_EDGE('',*,*,#4307,.T.);
#5926=ORIENTED_EDGE('',*,*,#4300,.F.);
#5927=ORIENTED_EDGE('',*,*,#4297,.T.);
#5928=ORIENTED_EDGE('',*,*,#4302,.F.);
#5929=ORIENTED_EDGE('',*,*,#4308,.T.);
#5930=ORIENTED_EDGE('',*,*,#4283,.F.);
#5931=ORIENTED_EDGE('',*,*,#4279,.F.);
#5932=ORIENTED_EDGE('',*,*,#4282,.F.);
#5933=ORIENTED_EDGE('',*,*,#4309,.T.);
#5934=ORIENTED_EDGE('',*,*,#4304,.T.);
#5935=ORIENTED_EDGE('',*,*,#4101,.F.);
#5936=ORIENTED_EDGE('',*,*,#4256,.F.);
#5937=ORIENTED_EDGE('',*,*,#4284,.F.);
#5938=ORIENTED_EDGE('',*,*,#3815,.F.);
#5939=ORIENTED_EDGE('',*,*,#4108,.T.);
#5940=ORIENTED_EDGE('',*,*,#4285,.T.);
#5941=ORIENTED_EDGE('',*,*,#3813,.F.);
#5942=ORIENTED_EDGE('',*,*,#3488,.F.);
#5943=ORIENTED_EDGE('',*,*,#3516,.T.);
#5944=ORIENTED_EDGE('',*,*,#4310,.F.);
#5945=ORIENTED_EDGE('',*,*,#3530,.F.);
#5946=ORIENTED_EDGE('',*,*,#3527,.F.);
#5947=ORIENTED_EDGE('',*,*,#3532,.T.);
#5948=ORIENTED_EDGE('',*,*,#4311,.F.);
#5949=ORIENTED_EDGE('',*,*,#3514,.F.);
#5950=ORIENTED_EDGE('',*,*,#3547,.T.);
#5951=ORIENTED_EDGE('',*,*,#3511,.F.);
#5952=ORIENTED_EDGE('',*,*,#4312,.F.);
#5953=ORIENTED_EDGE('',*,*,#3534,.F.);
#5954=ORIENTED_EDGE('',*,*,#4310,.T.);
#5955=ORIENTED_EDGE('',*,*,#3515,.F.);
#5956=ORIENTED_EDGE('',*,*,#4311,.T.);
#5957=ORIENTED_EDGE('',*,*,#3531,.F.);
#5958=ORIENTED_EDGE('',*,*,#3928,.F.);
#5959=ORIENTED_EDGE('',*,*,#3543,.T.);
#5960=ORIENTED_EDGE('',*,*,#4313,.F.);
#5961=ORIENTED_EDGE('',*,*,#3502,.F.);
#5962=ORIENTED_EDGE('',*,*,#3965,.F.);
#5963=ORIENTED_EDGE('',*,*,#3504,.T.);
#5964=ORIENTED_EDGE('',*,*,#4314,.F.);
#5965=ORIENTED_EDGE('',*,*,#3541,.F.);
#5966=ORIENTED_EDGE('',*,*,#3966,.T.);
#5967=ORIENTED_EDGE('',*,*,#3538,.F.);
#5968=ORIENTED_EDGE('',*,*,#4315,.T.);
#5969=ORIENTED_EDGE('',*,*,#3507,.F.);
#5970=ORIENTED_EDGE('',*,*,#4313,.T.);
#5971=ORIENTED_EDGE('',*,*,#3542,.F.);
#5972=ORIENTED_EDGE('',*,*,#4314,.T.);
#5973=ORIENTED_EDGE('',*,*,#3503,.F.);
#5974=ORIENTED_EDGE('',*,*,#3982,.F.);
#5975=ORIENTED_EDGE('',*,*,#4316,.F.);
#5976=ORIENTED_EDGE('',*,*,#4317,.F.);
#5977=ORIENTED_EDGE('',*,*,#3744,.F.);
#5978=ORIENTED_EDGE('',*,*,#3739,.F.);
#5979=ORIENTED_EDGE('',*,*,#4318,.F.);
#5980=ORIENTED_EDGE('',*,*,#3715,.F.);
#5981=ORIENTED_EDGE('',*,*,#4319,.F.);
#5982=ORIENTED_EDGE('',*,*,#4082,.F.);
#5983=ORIENTED_EDGE('',*,*,#3986,.F.);
#5984=ORIENTED_EDGE('',*,*,#3985,.F.);
#5985=ORIENTED_EDGE('',*,*,#4081,.F.);
#5986=ORIENTED_EDGE('',*,*,#4072,.F.);
#5987=ORIENTED_EDGE('',*,*,#3508,.T.);
#5988=ORIENTED_EDGE('',*,*,#4315,.F.);
#5989=ORIENTED_EDGE('',*,*,#3537,.T.);
#5990=ORIENTED_EDGE('',*,*,#4070,.F.);
#5991=ORIENTED_EDGE('',*,*,#4080,.F.);
#5992=ORIENTED_EDGE('',*,*,#3998,.F.);
#5993=ORIENTED_EDGE('',*,*,#3995,.F.);
#5994=ORIENTED_EDGE('',*,*,#3714,.F.);
#5995=ORIENTED_EDGE('',*,*,#3724,.F.);
#5996=ORIENTED_EDGE('',*,*,#4083,.F.);
#5997=ORIENTED_EDGE('',*,*,#4319,.T.);
#5998=ORIENTED_EDGE('',*,*,#3716,.F.);
#5999=ORIENTED_EDGE('',*,*,#4318,.T.);
#6000=ORIENTED_EDGE('',*,*,#3741,.F.);
#6001=ORIENTED_EDGE('',*,*,#3737,.F.);
#6002=ORIENTED_EDGE('',*,*,#3729,.F.);
#6003=ORIENTED_EDGE('',*,*,#4320,.F.);
#6004=ORIENTED_EDGE('',*,*,#3722,.F.);
#6005=ORIENTED_EDGE('',*,*,#3718,.F.);
#6006=ORIENTED_EDGE('',*,*,#4013,.T.);
#6007=ORIENTED_EDGE('',*,*,#4024,.T.);
#6008=ORIENTED_EDGE('',*,*,#4026,.T.);
#6009=ORIENTED_EDGE('',*,*,#4028,.T.);
#6010=ORIENTED_EDGE('',*,*,#4321,.T.);
#6011=ORIENTED_EDGE('',*,*,#4322,.F.);
#6012=ORIENTED_EDGE('',*,*,#4323,.T.);
#6013=ORIENTED_EDGE('',*,*,#4324,.F.);
#6014=ORIENTED_EDGE('',*,*,#4001,.T.);
#6015=ORIENTED_EDGE('',*,*,#4006,.T.);
#6016=ORIENTED_EDGE('',*,*,#4015,.F.);
#6017=ORIENTED_EDGE('',*,*,#4010,.T.);
#6018=ORIENTED_EDGE('',*,*,#4041,.F.);
#6019=ORIENTED_EDGE('',*,*,#4039,.F.);
#6020=ORIENTED_EDGE('',*,*,#4036,.F.);
#6021=ORIENTED_EDGE('',*,*,#4325,.F.);
#6022=ORIENTED_EDGE('',*,*,#4020,.F.);
#6023=ORIENTED_EDGE('',*,*,#4017,.F.);
#6024=ORIENTED_EDGE('',*,*,#4033,.F.);
#6025=ORIENTED_EDGE('',*,*,#4079,.F.);
#6026=ORIENTED_EDGE('',*,*,#4326,.F.);
#6027=ORIENTED_EDGE('',*,*,#4037,.F.);
#6028=ORIENTED_EDGE('',*,*,#3727,.F.);
#6029=ORIENTED_EDGE('',*,*,#3743,.F.);
#6030=ORIENTED_EDGE('',*,*,#4327,.F.);
#6031=ORIENTED_EDGE('',*,*,#4328,.F.);
#6032=ORIENTED_EDGE('',*,*,#4317,.T.);
#6033=ORIENTED_EDGE('',*,*,#4329,.T.);
#6034=ORIENTED_EDGE('',*,*,#4330,.T.);
#6035=ORIENTED_EDGE('',*,*,#4331,.F.);
#6036=ORIENTED_EDGE('',*,*,#4332,.T.);
#6037=ORIENTED_EDGE('',*,*,#4333,.F.);
#6038=ORIENTED_EDGE('',*,*,#4334,.T.);
#6039=ORIENTED_EDGE('',*,*,#4327,.T.);
#6040=ORIENTED_EDGE('',*,*,#3742,.T.);
#6041=ORIENTED_EDGE('',*,*,#3734,.F.);
#6042=ORIENTED_EDGE('',*,*,#3745,.T.);
#6043=ORIENTED_EDGE('',*,*,#4075,.F.);
#6044=ORIENTED_EDGE('',*,*,#3535,.F.);
#6045=ORIENTED_EDGE('',*,*,#4312,.T.);
#6046=ORIENTED_EDGE('',*,*,#3510,.F.);
#6047=ORIENTED_EDGE('',*,*,#3999,.F.);
#6048=ORIENTED_EDGE('',*,*,#4335,.T.);
#6049=ORIENTED_EDGE('',*,*,#4329,.F.);
#6050=ORIENTED_EDGE('',*,*,#4316,.T.);
#6051=ORIENTED_EDGE('',*,*,#4053,.F.);
#6052=ORIENTED_EDGE('',*,*,#4002,.F.);
#6053=ORIENTED_EDGE('',*,*,#4324,.T.);
#6054=ORIENTED_EDGE('',*,*,#4336,.T.);
#6055=ORIENTED_EDGE('',*,*,#4051,.F.);
#6056=ORIENTED_EDGE('',*,*,#4336,.F.);
#6057=ORIENTED_EDGE('',*,*,#4323,.F.);
#6058=ORIENTED_EDGE('',*,*,#4337,.F.);
#6059=ORIENTED_EDGE('',*,*,#4047,.F.);
#6060=ORIENTED_EDGE('',*,*,#4337,.T.);
#6061=ORIENTED_EDGE('',*,*,#4322,.T.);
#6062=ORIENTED_EDGE('',*,*,#4338,.F.);
#6063=ORIENTED_EDGE('',*,*,#4057,.F.);
#6064=ORIENTED_EDGE('',*,*,#4339,.T.);
#6065=ORIENTED_EDGE('',*,*,#4331,.T.);
#6066=ORIENTED_EDGE('',*,*,#4340,.F.);
#6067=ORIENTED_EDGE('',*,*,#4061,.F.);
#6068=ORIENTED_EDGE('',*,*,#4341,.F.);
#6069=ORIENTED_EDGE('',*,*,#4332,.F.);
#6070=ORIENTED_EDGE('',*,*,#4339,.F.);
#6071=ORIENTED_EDGE('',*,*,#4064,.F.);
#6072=ORIENTED_EDGE('',*,*,#4342,.F.);
#6073=ORIENTED_EDGE('',*,*,#4333,.T.);
#6074=ORIENTED_EDGE('',*,*,#4341,.T.);
#6075=ORIENTED_EDGE('',*,*,#3748,.F.);
#6076=ORIENTED_EDGE('',*,*,#4084,.F.);
#6077=ORIENTED_EDGE('',*,*,#3725,.T.);
#6078=ORIENTED_EDGE('',*,*,#3720,.F.);
#6079=ORIENTED_EDGE('',*,*,#4320,.T.);
#6080=ORIENTED_EDGE('',*,*,#3728,.F.);
#6081=ORIENTED_EDGE('',*,*,#4328,.T.);
#6082=ORIENTED_EDGE('',*,*,#4334,.F.);
#6083=ORIENTED_EDGE('',*,*,#4342,.T.);
#6084=ORIENTED_EDGE('',*,*,#4063,.F.);
#6085=ORIENTED_EDGE('',*,*,#4068,.T.);
#6086=ORIENTED_EDGE('',*,*,#3758,.F.);
#6087=ORIENTED_EDGE('',*,*,#3750,.F.);
#6088=ORIENTED_EDGE('',*,*,#3977,.F.);
#6089=ORIENTED_EDGE('',*,*,#4343,.T.);
#6090=ORIENTED_EDGE('',*,*,#4066,.T.);
#6091=ORIENTED_EDGE('',*,*,#4058,.F.);
#6092=ORIENTED_EDGE('',*,*,#4340,.T.);
#6093=ORIENTED_EDGE('',*,*,#4330,.F.);
#6094=ORIENTED_EDGE('',*,*,#4335,.F.);
#6095=ORIENTED_EDGE('',*,*,#3833,.F.);
#6096=ORIENTED_EDGE('',*,*,#4344,.T.);
#6097=ORIENTED_EDGE('',*,*,#4055,.T.);
#6098=ORIENTED_EDGE('',*,*,#4048,.F.);
#6099=ORIENTED_EDGE('',*,*,#4338,.T.);
#6100=ORIENTED_EDGE('',*,*,#4321,.F.);
#6101=ORIENTED_EDGE('',*,*,#4027,.T.);
#6102=ORIENTED_EDGE('',*,*,#4021,.F.);
#6103=ORIENTED_EDGE('',*,*,#4325,.T.);
#6104=ORIENTED_EDGE('',*,*,#4035,.F.);
#6105=ORIENTED_EDGE('',*,*,#4326,.T.);
#6106=ORIENTED_EDGE('',*,*,#4078,.F.);
#6107=ORIENTED_EDGE('',*,*,#3837,.F.);
#6108=ORIENTED_EDGE('',*,*,#3836,.F.);
#6109=ORIENTED_EDGE('',*,*,#4077,.F.);
#6110=ORIENTED_EDGE('',*,*,#3839,.F.);
#6111=ORIENTED_EDGE('',*,*,#3831,.F.);
#6112=ORIENTED_EDGE('',*,*,#3902,.F.);
#6113=ORIENTED_EDGE('',*,*,#3952,.F.);
#6114=ORIENTED_EDGE('',*,*,#4345,.F.);
#6115=ORIENTED_EDGE('',*,*,#4343,.F.);
#6116=ORIENTED_EDGE('',*,*,#3976,.F.);
#6117=ORIENTED_EDGE('',*,*,#3967,.F.);
#6118=ORIENTED_EDGE('',*,*,#3832,.F.);
#6119=ORIENTED_EDGE('',*,*,#3877,.F.);
#6120=ORIENTED_EDGE('',*,*,#3818,.F.);
#6121=ORIENTED_EDGE('',*,*,#3879,.F.);
#6122=ORIENTED_EDGE('',*,*,#3671,.F.);
#6123=ORIENTED_EDGE('',*,*,#4344,.F.);
#6124=ORIENTED_EDGE('',*,*,#3890,.F.);
#6125=ORIENTED_EDGE('',*,*,#3893,.F.);
#6126=ORIENTED_EDGE('',*,*,#3896,.F.);
#6127=ORIENTED_EDGE('',*,*,#4346,.F.);
#6128=ORIENTED_EDGE('',*,*,#3885,.F.);
#6129=ORIENTED_EDGE('',*,*,#3674,.F.);
#6130=ORIENTED_EDGE('',*,*,#3881,.F.);
#6131=ORIENTED_EDGE('',*,*,#3883,.F.);
#6132=ORIENTED_EDGE('',*,*,#4347,.T.);
#6133=ORIENTED_EDGE('',*,*,#4348,.T.);
#6134=ORIENTED_EDGE('',*,*,#3604,.T.);
#6135=ORIENTED_EDGE('',*,*,#4349,.T.);
#6136=ORIENTED_EDGE('',*,*,#4350,.T.);
#6137=ORIENTED_EDGE('',*,*,#4351,.T.);
#6138=ORIENTED_EDGE('',*,*,#4347,.F.);
#6139=ORIENTED_EDGE('',*,*,#4352,.T.);
#6140=ORIENTED_EDGE('',*,*,#3602,.T.);
#6141=ORIENTED_EDGE('',*,*,#4353,.T.);
#6142=ORIENTED_EDGE('',*,*,#4350,.F.);
#6143=ORIENTED_EDGE('',*,*,#4354,.T.);
#6144=ORIENTED_EDGE('',*,*,#4354,.F.);
#6145=ORIENTED_EDGE('',*,*,#4352,.F.);
#6146=ORIENTED_EDGE('',*,*,#4349,.F.);
#6147=ORIENTED_EDGE('',*,*,#3603,.F.);
#6148=ORIENTED_EDGE('',*,*,#4355,.T.);
#6149=ORIENTED_EDGE('',*,*,#4356,.T.);
#6150=ORIENTED_EDGE('',*,*,#4357,.T.);
#6151=ORIENTED_EDGE('',*,*,#4358,.T.);
#6152=ORIENTED_EDGE('',*,*,#4359,.T.);
#6153=ORIENTED_EDGE('',*,*,#4360,.T.);
#6154=ORIENTED_EDGE('',*,*,#4355,.F.);
#6155=ORIENTED_EDGE('',*,*,#4361,.T.);
#6156=ORIENTED_EDGE('',*,*,#4362,.T.);
#6157=ORIENTED_EDGE('',*,*,#4363,.T.);
#6158=ORIENTED_EDGE('',*,*,#4359,.F.);
#6159=ORIENTED_EDGE('',*,*,#4364,.T.);
#6160=ORIENTED_EDGE('',*,*,#4364,.F.);
#6161=ORIENTED_EDGE('',*,*,#4361,.F.);
#6162=ORIENTED_EDGE('',*,*,#4358,.F.);
#6163=ORIENTED_EDGE('',*,*,#4365,.F.);
#6164=ORIENTED_EDGE('',*,*,#4366,.F.);
#6165=ORIENTED_EDGE('',*,*,#4367,.F.);
#6166=ORIENTED_EDGE('',*,*,#4368,.F.);
#6167=ORIENTED_EDGE('',*,*,#4369,.T.);
#6168=ORIENTED_EDGE('',*,*,#4370,.T.);
#6169=ORIENTED_EDGE('',*,*,#4367,.T.);
#6170=ORIENTED_EDGE('',*,*,#4371,.T.);
#6171=ORIENTED_EDGE('',*,*,#3633,.T.);
#6172=ORIENTED_EDGE('',*,*,#4372,.T.);
#6173=ORIENTED_EDGE('',*,*,#4368,.T.);
#6174=ORIENTED_EDGE('',*,*,#4373,.T.);
#6175=ORIENTED_EDGE('',*,*,#4374,.F.);
#6176=ORIENTED_EDGE('',*,*,#4375,.F.);
#6177=ORIENTED_EDGE('',*,*,#4376,.F.);
#6178=ORIENTED_EDGE('',*,*,#4377,.T.);
#6179=ORIENTED_EDGE('',*,*,#4378,.T.);
#6180=ORIENTED_EDGE('',*,*,#4375,.T.);
#6181=ORIENTED_EDGE('',*,*,#4379,.T.);
#6182=ORIENTED_EDGE('',*,*,#4366,.T.);
#6183=ORIENTED_EDGE('',*,*,#4380,.T.);
#6184=ORIENTED_EDGE('',*,*,#4376,.T.);
#6185=ORIENTED_EDGE('',*,*,#4381,.T.);
#6186=ORIENTED_EDGE('',*,*,#3631,.T.);
#6187=ORIENTED_EDGE('',*,*,#4382,.T.);
#6188=ORIENTED_EDGE('',*,*,#4374,.T.);
#6189=ORIENTED_EDGE('',*,*,#4383,.T.);
#6190=ORIENTED_EDGE('',*,*,#4371,.F.);
#6191=ORIENTED_EDGE('',*,*,#4381,.F.);
#6192=ORIENTED_EDGE('',*,*,#4378,.F.);
#6193=ORIENTED_EDGE('',*,*,#4384,.F.);
#6194=ORIENTED_EDGE('',*,*,#4379,.F.);
#6195=ORIENTED_EDGE('',*,*,#4382,.F.);
#6196=ORIENTED_EDGE('',*,*,#3630,.F.);
#6197=ORIENTED_EDGE('',*,*,#4385,.F.);
#6198=ORIENTED_EDGE('',*,*,#4386,.F.);
#6199=ORIENTED_EDGE('',*,*,#4387,.F.);
#6200=ORIENTED_EDGE('',*,*,#4388,.F.);
#6201=ORIENTED_EDGE('',*,*,#4389,.T.);
#6202=ORIENTED_EDGE('',*,*,#4390,.T.);
#6203=ORIENTED_EDGE('',*,*,#4387,.T.);
#6204=ORIENTED_EDGE('',*,*,#4391,.T.);
#6205=ORIENTED_EDGE('',*,*,#3627,.T.);
#6206=ORIENTED_EDGE('',*,*,#4392,.T.);
#6207=ORIENTED_EDGE('',*,*,#4388,.T.);
#6208=ORIENTED_EDGE('',*,*,#4393,.T.);
#6209=ORIENTED_EDGE('',*,*,#4394,.F.);
#6210=ORIENTED_EDGE('',*,*,#4395,.F.);
#6211=ORIENTED_EDGE('',*,*,#4396,.F.);
#6212=ORIENTED_EDGE('',*,*,#4397,.T.);
#6213=ORIENTED_EDGE('',*,*,#4398,.T.);
#6214=ORIENTED_EDGE('',*,*,#4395,.T.);
#6215=ORIENTED_EDGE('',*,*,#4399,.T.);
#6216=ORIENTED_EDGE('',*,*,#4386,.T.);
#6217=ORIENTED_EDGE('',*,*,#4400,.T.);
#6218=ORIENTED_EDGE('',*,*,#4396,.T.);
#6219=ORIENTED_EDGE('',*,*,#4401,.T.);
#6220=ORIENTED_EDGE('',*,*,#3625,.T.);
#6221=ORIENTED_EDGE('',*,*,#4402,.T.);
#6222=ORIENTED_EDGE('',*,*,#4394,.T.);
#6223=ORIENTED_EDGE('',*,*,#4403,.T.);
#6224=ORIENTED_EDGE('',*,*,#4391,.F.);
#6225=ORIENTED_EDGE('',*,*,#4401,.F.);
#6226=ORIENTED_EDGE('',*,*,#4398,.F.);
#6227=ORIENTED_EDGE('',*,*,#4404,.F.);
#6228=ORIENTED_EDGE('',*,*,#4399,.F.);
#6229=ORIENTED_EDGE('',*,*,#4402,.F.);
#6230=ORIENTED_EDGE('',*,*,#3624,.F.);
#6231=ORIENTED_EDGE('',*,*,#4405,.F.);
#6232=ORIENTED_EDGE('',*,*,#4406,.F.);
#6233=ORIENTED_EDGE('',*,*,#4407,.F.);
#6234=ORIENTED_EDGE('',*,*,#4408,.F.);
#6235=ORIENTED_EDGE('',*,*,#4409,.T.);
#6236=ORIENTED_EDGE('',*,*,#4410,.T.);
#6237=ORIENTED_EDGE('',*,*,#4407,.T.);
#6238=ORIENTED_EDGE('',*,*,#4411,.T.);
#6239=ORIENTED_EDGE('',*,*,#4412,.F.);
#6240=ORIENTED_EDGE('',*,*,#4413,.F.);
#6241=ORIENTED_EDGE('',*,*,#4414,.F.);
#6242=ORIENTED_EDGE('',*,*,#4415,.T.);
#6243=ORIENTED_EDGE('',*,*,#4416,.T.);
#6244=ORIENTED_EDGE('',*,*,#4413,.T.);
#6245=ORIENTED_EDGE('',*,*,#4417,.T.);
#6246=ORIENTED_EDGE('',*,*,#3613,.T.);
#6247=ORIENTED_EDGE('',*,*,#4418,.T.);
#6248=ORIENTED_EDGE('',*,*,#4414,.T.);
#6249=ORIENTED_EDGE('',*,*,#4419,.T.);
#6250=ORIENTED_EDGE('',*,*,#4412,.T.);
#6251=ORIENTED_EDGE('',*,*,#4420,.T.);
#6252=ORIENTED_EDGE('',*,*,#4408,.T.);
#6253=ORIENTED_EDGE('',*,*,#4421,.T.);
#6254=ORIENTED_EDGE('',*,*,#3611,.T.);
#6255=ORIENTED_EDGE('',*,*,#4422,.T.);
#6256=ORIENTED_EDGE('',*,*,#4406,.T.);
#6257=ORIENTED_EDGE('',*,*,#4423,.T.);
#6258=ORIENTED_EDGE('',*,*,#4417,.F.);
#6259=ORIENTED_EDGE('',*,*,#4421,.F.);
#6260=ORIENTED_EDGE('',*,*,#4410,.F.);
#6261=ORIENTED_EDGE('',*,*,#4424,.F.);
#6262=ORIENTED_EDGE('',*,*,#4411,.F.);
#6263=ORIENTED_EDGE('',*,*,#4422,.F.);
#6264=ORIENTED_EDGE('',*,*,#3610,.F.);
#6265=ORIENTED_EDGE('',*,*,#4425,.F.);
#6266=ORIENTED_EDGE('',*,*,#4426,.F.);
#6267=ORIENTED_EDGE('',*,*,#4427,.F.);
#6268=ORIENTED_EDGE('',*,*,#4428,.F.);
#6269=ORIENTED_EDGE('',*,*,#4429,.T.);
#6270=ORIENTED_EDGE('',*,*,#4430,.T.);
#6271=ORIENTED_EDGE('',*,*,#4427,.T.);
#6272=ORIENTED_EDGE('',*,*,#4431,.T.);
#6273=ORIENTED_EDGE('',*,*,#3619,.T.);
#6274=ORIENTED_EDGE('',*,*,#4432,.T.);
#6275=ORIENTED_EDGE('',*,*,#4428,.T.);
#6276=ORIENTED_EDGE('',*,*,#4433,.T.);
#6277=ORIENTED_EDGE('',*,*,#4434,.F.);
#6278=ORIENTED_EDGE('',*,*,#4435,.F.);
#6279=ORIENTED_EDGE('',*,*,#4436,.F.);
#6280=ORIENTED_EDGE('',*,*,#4437,.T.);
#6281=ORIENTED_EDGE('',*,*,#4438,.T.);
#6282=ORIENTED_EDGE('',*,*,#4435,.T.);
#6283=ORIENTED_EDGE('',*,*,#4439,.T.);
#6284=ORIENTED_EDGE('',*,*,#4426,.T.);
#6285=ORIENTED_EDGE('',*,*,#4440,.T.);
#6286=ORIENTED_EDGE('',*,*,#4436,.T.);
#6287=ORIENTED_EDGE('',*,*,#4441,.T.);
#6288=ORIENTED_EDGE('',*,*,#3617,.T.);
#6289=ORIENTED_EDGE('',*,*,#4442,.T.);
#6290=ORIENTED_EDGE('',*,*,#4434,.T.);
#6291=ORIENTED_EDGE('',*,*,#4443,.T.);
#6292=ORIENTED_EDGE('',*,*,#4431,.F.);
#6293=ORIENTED_EDGE('',*,*,#4441,.F.);
#6294=ORIENTED_EDGE('',*,*,#4438,.F.);
#6295=ORIENTED_EDGE('',*,*,#4444,.F.);
#6296=ORIENTED_EDGE('',*,*,#4439,.F.);
#6297=ORIENTED_EDGE('',*,*,#4442,.F.);
#6298=ORIENTED_EDGE('',*,*,#3616,.F.);
#6299=ORIENTED_EDGE('',*,*,#4445,.F.);
#6300=ORIENTED_EDGE('',*,*,#4363,.F.);
#6301=ORIENTED_EDGE('',*,*,#4446,.F.);
#6302=ORIENTED_EDGE('',*,*,#4447,.T.);
#6303=ORIENTED_EDGE('',*,*,#4448,.T.);
#6304=ORIENTED_EDGE('',*,*,#4360,.F.);
#6305=ORIENTED_EDGE('',*,*,#4448,.F.);
#6306=ORIENTED_EDGE('',*,*,#4449,.F.);
#6307=ORIENTED_EDGE('',*,*,#4450,.F.);
#6308=ORIENTED_EDGE('',*,*,#4356,.F.);
#6309=ORIENTED_EDGE('',*,*,#4450,.T.);
#6310=ORIENTED_EDGE('',*,*,#4451,.T.);
#6311=ORIENTED_EDGE('',*,*,#4452,.F.);
#6312=ORIENTED_EDGE('',*,*,#4348,.F.);
#6313=ORIENTED_EDGE('',*,*,#4453,.T.);
#6314=ORIENTED_EDGE('',*,*,#4454,.T.);
#6315=ORIENTED_EDGE('',*,*,#3605,.F.);
#6316=ORIENTED_EDGE('',*,*,#4351,.F.);
#6317=ORIENTED_EDGE('',*,*,#4455,.F.);
#6318=ORIENTED_EDGE('',*,*,#4456,.F.);
#6319=ORIENTED_EDGE('',*,*,#4453,.F.);
#6320=ORIENTED_EDGE('',*,*,#4353,.F.);
#6321=ORIENTED_EDGE('',*,*,#3601,.F.);
#6322=ORIENTED_EDGE('',*,*,#4457,.T.);
#6323=ORIENTED_EDGE('',*,*,#4455,.T.);
#6324=ORIENTED_EDGE('',*,*,#4456,.T.);
#6325=ORIENTED_EDGE('',*,*,#4457,.F.);
#6326=ORIENTED_EDGE('',*,*,#3600,.F.);
#6327=ORIENTED_EDGE('',*,*,#3635,.F.);
#6328=ORIENTED_EDGE('',*,*,#4458,.T.);
#6329=ORIENTED_EDGE('',*,*,#4369,.F.);
#6330=ORIENTED_EDGE('',*,*,#4384,.T.);
#6331=ORIENTED_EDGE('',*,*,#4377,.F.);
#6332=ORIENTED_EDGE('',*,*,#4385,.T.);
#6333=ORIENTED_EDGE('',*,*,#3629,.F.);
#6334=ORIENTED_EDGE('',*,*,#4459,.T.);
#6335=ORIENTED_EDGE('',*,*,#4389,.F.);
#6336=ORIENTED_EDGE('',*,*,#4404,.T.);
#6337=ORIENTED_EDGE('',*,*,#4397,.F.);
#6338=ORIENTED_EDGE('',*,*,#4405,.T.);
#6339=ORIENTED_EDGE('',*,*,#3623,.F.);
#6340=ORIENTED_EDGE('',*,*,#3585,.T.);
#6341=ORIENTED_EDGE('',*,*,#3569,.F.);
#6342=ORIENTED_EDGE('',*,*,#3606,.F.);
#6343=ORIENTED_EDGE('',*,*,#4454,.F.);
#6344=ORIENTED_EDGE('',*,*,#3593,.F.);
#6345=ORIENTED_EDGE('',*,*,#4460,.T.);
#6346=ORIENTED_EDGE('',*,*,#3551,.T.);
#6347=ORIENTED_EDGE('',*,*,#3567,.F.);
#6348=ORIENTED_EDGE('',*,*,#3576,.T.);
#6349=ORIENTED_EDGE('',*,*,#4461,.T.);
#6350=ORIENTED_EDGE('',*,*,#4446,.T.);
#6351=ORIENTED_EDGE('',*,*,#4362,.F.);
#6352=ORIENTED_EDGE('',*,*,#4365,.T.);
#6353=ORIENTED_EDGE('',*,*,#4357,.F.);
#6354=ORIENTED_EDGE('',*,*,#4452,.T.);
#6355=ORIENTED_EDGE('',*,*,#4462,.T.);
#6356=ORIENTED_EDGE('',*,*,#3608,.F.);
#6357=ORIENTED_EDGE('',*,*,#4370,.F.);
#6358=ORIENTED_EDGE('',*,*,#4458,.F.);
#6359=ORIENTED_EDGE('',*,*,#3634,.F.);
#6360=ORIENTED_EDGE('',*,*,#4373,.F.);
#6361=ORIENTED_EDGE('',*,*,#4372,.F.);
#6362=ORIENTED_EDGE('',*,*,#3632,.F.);
#6363=ORIENTED_EDGE('',*,*,#4383,.F.);
#6364=ORIENTED_EDGE('',*,*,#4380,.F.);
#6365=ORIENTED_EDGE('',*,*,#4416,.F.);
#6366=ORIENTED_EDGE('',*,*,#4463,.F.);
#6367=ORIENTED_EDGE('',*,*,#3614,.F.);
#6368=ORIENTED_EDGE('',*,*,#4419,.F.);
#6369=ORIENTED_EDGE('',*,*,#4418,.F.);
#6370=ORIENTED_EDGE('',*,*,#3612,.F.);
#6371=ORIENTED_EDGE('',*,*,#4423,.F.);
#6372=ORIENTED_EDGE('',*,*,#4420,.F.);
#6373=ORIENTED_EDGE('',*,*,#4430,.F.);
#6374=ORIENTED_EDGE('',*,*,#4464,.F.);
#6375=ORIENTED_EDGE('',*,*,#3620,.F.);
#6376=ORIENTED_EDGE('',*,*,#4433,.F.);
#6377=ORIENTED_EDGE('',*,*,#4432,.F.);
#6378=ORIENTED_EDGE('',*,*,#3618,.F.);
#6379=ORIENTED_EDGE('',*,*,#4443,.F.);
#6380=ORIENTED_EDGE('',*,*,#4440,.F.);
#6381=ORIENTED_EDGE('',*,*,#4390,.F.);
#6382=ORIENTED_EDGE('',*,*,#4459,.F.);
#6383=ORIENTED_EDGE('',*,*,#3628,.F.);
#6384=ORIENTED_EDGE('',*,*,#4393,.F.);
#6385=ORIENTED_EDGE('',*,*,#4392,.F.);
#6386=ORIENTED_EDGE('',*,*,#3626,.F.);
#6387=ORIENTED_EDGE('',*,*,#4403,.F.);
#6388=ORIENTED_EDGE('',*,*,#4400,.F.);
#6389=ORIENTED_EDGE('',*,*,#4461,.F.);
#6390=ORIENTED_EDGE('',*,*,#3575,.F.);
#6391=ORIENTED_EDGE('',*,*,#3581,.T.);
#6392=ORIENTED_EDGE('',*,*,#3621,.F.);
#6393=ORIENTED_EDGE('',*,*,#4464,.T.);
#6394=ORIENTED_EDGE('',*,*,#4429,.F.);
#6395=ORIENTED_EDGE('',*,*,#4444,.T.);
#6396=ORIENTED_EDGE('',*,*,#4437,.F.);
#6397=ORIENTED_EDGE('',*,*,#4445,.T.);
#6398=ORIENTED_EDGE('',*,*,#3615,.F.);
#6399=ORIENTED_EDGE('',*,*,#4463,.T.);
#6400=ORIENTED_EDGE('',*,*,#4415,.F.);
#6401=ORIENTED_EDGE('',*,*,#4424,.T.);
#6402=ORIENTED_EDGE('',*,*,#4409,.F.);
#6403=ORIENTED_EDGE('',*,*,#4425,.T.);
#6404=ORIENTED_EDGE('',*,*,#3609,.F.);
#6405=ORIENTED_EDGE('',*,*,#4462,.F.);
#6406=ORIENTED_EDGE('',*,*,#4451,.F.);
#6407=ORIENTED_EDGE('',*,*,#4449,.T.);
#6408=ORIENTED_EDGE('',*,*,#4447,.F.);
#6409=ORIENTED_EDGE('',*,*,#3579,.F.);
#6410=ORIENTED_EDGE('',*,*,#3572,.F.);
#6411=ORIENTED_EDGE('',*,*,#3584,.F.);
#6412=ORIENTED_EDGE('',*,*,#3622,.F.);
#6413=ORIENTED_EDGE('',*,*,#3654,.F.);
#6414=ORIENTED_EDGE('',*,*,#3888,.T.);
#6415=ORIENTED_EDGE('',*,*,#3663,.F.);
#6416=ORIENTED_EDGE('',*,*,#3656,.F.);
#6417=ORIENTED_EDGE('',*,*,#3662,.F.);
#6418=ORIENTED_EDGE('',*,*,#3887,.T.);
#6419=ORIENTED_EDGE('',*,*,#3891,.T.);
#6420=ORIENTED_EDGE('',*,*,#4346,.T.);
#6421=ORIENTED_EDGE('',*,*,#3895,.F.);
#6422=ORIENTED_EDGE('',*,*,#3897,.T.);
#6423=ORIENTED_EDGE('',*,*,#3759,.F.);
#6424=ORIENTED_EDGE('',*,*,#4067,.F.);
#6425=ORIENTED_EDGE('',*,*,#4345,.T.);
#6426=ORIENTED_EDGE('',*,*,#3951,.T.);
#6427=ORIENTED_EDGE('',*,*,#3667,.F.);
#6428=ORIENTED_EDGE('',*,*,#3664,.F.);
#6429=ORIENTED_EDGE('',*,*,#3598,.F.);
#6430=ORIENTED_EDGE('',*,*,#3607,.T.);
#6431=ORIENTED_EDGE('',*,*,#3548,.T.);
#6432=ORIENTED_EDGE('',*,*,#3490,.T.);
#6433=ORIENTED_EDGE('',*,*,#3552,.T.);
#6434=ORIENTED_EDGE('',*,*,#4460,.F.);
#6435=ORIENTED_EDGE('',*,*,#3945,.F.);
#6436=ORIENTED_EDGE('',*,*,#3975,.F.);
#6437=ORIENTED_EDGE('',*,*,#3930,.F.);
#6438=ORIENTED_EDGE('',*,*,#3932,.F.);
#6439=ORIENTED_EDGE('',*,*,#3921,.F.);
#6440=ORIENTED_EDGE('',*,*,#3935,.F.);
#6441=ORIENTED_EDGE('',*,*,#3939,.F.);
#6442=ORIENTED_EDGE('',*,*,#3910,.F.);
#6443=B_SPLINE_SURFACE_WITH_KNOTS('',3,3,((#10088,#10089,#10090,#10091,
#10092,#10093,#10094,#10095,#10096,#10097,#10098,#10099,#10100,#10101,#10102,
#10103,#10104,#10105,#10106),(#10107,#10108,#10109,#10110,#10111,#10112,
#10113,#10114,#10115,#10116,#10117,#10118,#10119,#10120,#10121,#10122,#10123,
#10124,#10125),(#10126,#10127,#10128,#10129,#10130,#10131,#10132,#10133,
#10134,#10135,#10136,#10137,#10138,#10139,#10140,#10141,#10142,#10143,#10144),
(#10145,#10146,#10147,#10148,#10149,#10150,#10151,#10152,#10153,#10154,
#10155,#10156,#10157,#10158,#10159,#10160,#10161,#10162,#10163),(#10164,
#10165,#10166,#10167,#10168,#10169,#10170,#10171,#10172,#10173,#10174,#10175,
#10176,#10177,#10178,#10179,#10180,#10181,#10182)),.UNSPECIFIED.,.F.,.T.,
 .F.,(4,1,4),(4,1,1,1,1,1,1,1,1,1,1,1,1,1,1,1,4),(0.,0.5,1.),(-3.14159265358979,
-2.91719317833338,-2.69279370307697,-2.24399475256414,-1.34639685153848,
-0.897597901025656,-0.448798950512828,-0.224399475256414,-4.44089209850063E-16,
0.224399475256413,0.448798950512827,0.897597901025655,1.34639685153848,
2.24399475256414,2.69279370307697,2.91719317833338,3.14159265358979),
 .UNSPECIFIED.);
#6444=B_SPLINE_SURFACE_WITH_KNOTS('',3,3,((#10246,#10247,#10248,#10249,
#10250,#10251,#10252,#10253,#10254,#10255,#10256,#10257,#10258,#10259,#10260,
#10261,#10262,#10263,#10264),(#10265,#10266,#10267,#10268,#10269,#10270,
#10271,#10272,#10273,#10274,#10275,#10276,#10277,#10278,#10279,#10280,#10281,
#10282,#10283),(#10284,#10285,#10286,#10287,#10288,#10289,#10290,#10291,
#10292,#10293,#10294,#10295,#10296,#10297,#10298,#10299,#10300,#10301,#10302),
(#10303,#10304,#10305,#10306,#10307,#10308,#10309,#10310,#10311,#10312,
#10313,#10314,#10315,#10316,#10317,#10318,#10319,#10320,#10321),(#10322,
#10323,#10324,#10325,#10326,#10327,#10328,#10329,#10330,#10331,#10332,#10333,
#10334,#10335,#10336,#10337,#10338,#10339,#10340)),.UNSPECIFIED.,.F.,.T.,
 .F.,(4,1,4),(4,1,1,1,1,1,1,1,1,1,1,1,1,1,1,1,4),(0.,0.5,1.),(-3.14159265358979,
-2.91719317833338,-2.69279370307697,-2.24399475256414,-1.34639685153848,
-0.897597901025655,-0.448798950512827,-0.224399475256413,4.44089209850063E-16,
0.224399475256414,0.448798950512828,0.897597901025656,1.34639685153848,
2.24399475256414,2.69279370307697,2.91719317833338,3.14159265358979),
 .UNSPECIFIED.);
#6445=STYLED_ITEM('',(#12379),#6847);
#6446=STYLED_ITEM('',(#12379),#6848);
#6447=STYLED_ITEM('',(#12379),#6849);
#6448=STYLED_ITEM('',(#12379),#6850);
#6449=STYLED_ITEM('',(#12379),#6851);
#6450=STYLED_ITEM('',(#12379),#6852);
#6451=STYLED_ITEM('',(#12379),#6853);
#6452=STYLED_ITEM('',(#12379),#6854);
#6453=STYLED_ITEM('',(#12379),#6855);
#6454=STYLED_ITEM('',(#12379),#6856);
#6455=STYLED_ITEM('',(#12379),#6857);
#6456=STYLED_ITEM('',(#12379),#6858);
#6457=STYLED_ITEM('',(#12379),#6859);
#6458=STYLED_ITEM('',(#12379),#6860);
#6459=STYLED_ITEM('',(#12379),#6861);
#6460=STYLED_ITEM('',(#12379),#6862);
#6461=STYLED_ITEM('',(#12379),#6863);
#6462=STYLED_ITEM('',(#12379),#6864);
#6463=STYLED_ITEM('',(#12379),#6865);
#6464=STYLED_ITEM('',(#12379),#6866);
#6465=STYLED_ITEM('',(#12379),#6867);
#6466=STYLED_ITEM('',(#12379),#6868);
#6467=STYLED_ITEM('',(#12379),#6869);
#6468=STYLED_ITEM('',(#12379),#6870);
#6469=STYLED_ITEM('',(#12379),#6871);
#6470=STYLED_ITEM('',(#12379),#6872);
#6471=STYLED_ITEM('',(#12379),#6873);
#6472=STYLED_ITEM('',(#12379),#6874);
#6473=STYLED_ITEM('',(#12379),#6875);
#6474=STYLED_ITEM('',(#12379),#6876);
#6475=STYLED_ITEM('',(#12379),#6877);
#6476=STYLED_ITEM('',(#12379),#6878);
#6477=STYLED_ITEM('',(#12379),#6879);
#6478=STYLED_ITEM('',(#12379),#6880);
#6479=STYLED_ITEM('',(#12379),#6881);
#6480=STYLED_ITEM('',(#12379),#6882);
#6481=STYLED_ITEM('',(#12379),#6883);
#6482=STYLED_ITEM('',(#12379),#6884);
#6483=STYLED_ITEM('',(#12379),#6885);
#6484=STYLED_ITEM('',(#12379),#6886);
#6485=STYLED_ITEM('',(#12379),#6887);
#6486=STYLED_ITEM('',(#12379),#6888);
#6487=STYLED_ITEM('',(#12379),#6889);
#6488=STYLED_ITEM('',(#12379),#6890);
#6489=STYLED_ITEM('',(#12379),#6891);
#6490=STYLED_ITEM('',(#12379),#6892);
#6491=STYLED_ITEM('',(#12379),#6893);
#6492=STYLED_ITEM('',(#12379),#6894);
#6493=STYLED_ITEM('',(#12379),#6895);
#6494=STYLED_ITEM('',(#12379),#6896);
#6495=STYLED_ITEM('',(#12379),#6897);
#6496=STYLED_ITEM('',(#12379),#6898);
#6497=STYLED_ITEM('',(#12379),#6899);
#6498=STYLED_ITEM('',(#12379),#6900);
#6499=STYLED_ITEM('',(#12379),#6901);
#6500=STYLED_ITEM('',(#12379),#6902);
#6501=STYLED_ITEM('',(#12379),#6903);
#6502=STYLED_ITEM('',(#12379),#6904);
#6503=STYLED_ITEM('',(#12379),#6905);
#6504=STYLED_ITEM('',(#12379),#6906);
#6505=STYLED_ITEM('',(#12379),#6907);
#6506=STYLED_ITEM('',(#12379),#6908);
#6507=STYLED_ITEM('',(#12379),#6909);
#6508=STYLED_ITEM('',(#12379),#6910);
#6509=STYLED_ITEM('',(#12379),#6911);
#6510=STYLED_ITEM('',(#12379),#6912);
#6511=STYLED_ITEM('',(#12379),#6913);
#6512=STYLED_ITEM('',(#12379),#6914);
#6513=STYLED_ITEM('',(#12379),#6915);
#6514=STYLED_ITEM('',(#12379),#6916);
#6515=STYLED_ITEM('',(#12379),#6917);
#6516=STYLED_ITEM('',(#12379),#6918);
#6517=STYLED_ITEM('',(#12379),#6919);
#6518=STYLED_ITEM('',(#12379),#6920);
#6519=STYLED_ITEM('',(#12379),#6921);
#6520=STYLED_ITEM('',(#12379),#6922);
#6521=STYLED_ITEM('',(#12379),#6923);
#6522=STYLED_ITEM('',(#12379),#6924);
#6523=STYLED_ITEM('',(#12379),#6925);
#6524=STYLED_ITEM('',(#12379),#6926);
#6525=STYLED_ITEM('',(#12379),#6927);
#6526=STYLED_ITEM('',(#12379),#6928);
#6527=STYLED_ITEM('',(#12379),#6929);
#6528=STYLED_ITEM('',(#12379),#6930);
#6529=STYLED_ITEM('',(#12379),#6931);
#6530=STYLED_ITEM('',(#12379),#6932);
#6531=STYLED_ITEM('',(#12379),#6933);
#6532=STYLED_ITEM('',(#12379),#6934);
#6533=STYLED_ITEM('',(#12379),#6935);
#6534=STYLED_ITEM('',(#12379),#6936);
#6535=STYLED_ITEM('',(#12379),#6937);
#6536=STYLED_ITEM('',(#12379),#6938);
#6537=STYLED_ITEM('',(#12379),#6939);
#6538=STYLED_ITEM('',(#12379),#6940);
#6539=STYLED_ITEM('',(#12379),#6941);
#6540=STYLED_ITEM('',(#12379),#6942);
#6541=STYLED_ITEM('',(#12379),#6943);
#6542=STYLED_ITEM('',(#12379),#6944);
#6543=STYLED_ITEM('',(#12379),#6945);
#6544=STYLED_ITEM('',(#12379),#6946);
#6545=STYLED_ITEM('',(#12379),#6947);
#6546=STYLED_ITEM('',(#12379),#6948);
#6547=STYLED_ITEM('',(#12379),#6949);
#6548=STYLED_ITEM('',(#12379),#6950);
#6549=STYLED_ITEM('',(#12379),#6951);
#6550=STYLED_ITEM('',(#12379),#6952);
#6551=STYLED_ITEM('',(#12379),#6953);
#6552=STYLED_ITEM('',(#12379),#6954);
#6553=STYLED_ITEM('',(#12379),#6955);
#6554=STYLED_ITEM('',(#12379),#6956);
#6555=STYLED_ITEM('',(#12379),#6957);
#6556=STYLED_ITEM('',(#12379),#6958);
#6557=STYLED_ITEM('',(#12379),#6959);
#6558=STYLED_ITEM('',(#12379),#6960);
#6559=STYLED_ITEM('',(#12379),#6961);
#6560=STYLED_ITEM('',(#12379),#6962);
#6561=STYLED_ITEM('',(#12379),#6963);
#6562=STYLED_ITEM('',(#12379),#6964);
#6563=STYLED_ITEM('',(#12379),#6965);
#6564=STYLED_ITEM('',(#12379),#6966);
#6565=STYLED_ITEM('',(#12379),#6967);
#6566=STYLED_ITEM('',(#12379),#6968);
#6567=STYLED_ITEM('',(#12379),#6969);
#6568=STYLED_ITEM('',(#12379),#6970);
#6569=STYLED_ITEM('',(#12379),#6971);
#6570=STYLED_ITEM('',(#12379),#6972);
#6571=STYLED_ITEM('',(#12379),#6973);
#6572=STYLED_ITEM('',(#12379),#6974);
#6573=STYLED_ITEM('',(#12379),#6975);
#6574=STYLED_ITEM('',(#12379),#6976);
#6575=STYLED_ITEM('',(#12379),#6977);
#6576=STYLED_ITEM('',(#12379),#6978);
#6577=STYLED_ITEM('',(#12379),#6979);
#6578=STYLED_ITEM('',(#12379),#6980);
#6579=STYLED_ITEM('',(#12379),#6981);
#6580=STYLED_ITEM('',(#12379),#6982);
#6581=STYLED_ITEM('',(#12379),#6983);
#6582=STYLED_ITEM('',(#12379),#6984);
#6583=STYLED_ITEM('',(#12379),#6985);
#6584=STYLED_ITEM('',(#12379),#6986);
#6585=STYLED_ITEM('',(#12379),#6987);
#6586=STYLED_ITEM('',(#12379),#6988);
#6587=STYLED_ITEM('',(#12379),#6989);
#6588=STYLED_ITEM('',(#12379),#6990);
#6589=STYLED_ITEM('',(#12379),#6991);
#6590=STYLED_ITEM('',(#12379),#6992);
#6591=STYLED_ITEM('',(#12379),#6993);
#6592=STYLED_ITEM('',(#12379),#6994);
#6593=STYLED_ITEM('',(#12379),#6995);
#6594=STYLED_ITEM('',(#12379),#6996);
#6595=STYLED_ITEM('',(#12379),#6997);
#6596=STYLED_ITEM('',(#12379),#6998);
#6597=STYLED_ITEM('',(#12379),#6999);
#6598=STYLED_ITEM('',(#12379),#7000);
#6599=STYLED_ITEM('',(#12379),#7001);
#6600=STYLED_ITEM('',(#12379),#7002);
#6601=STYLED_ITEM('',(#12379),#7003);
#6602=STYLED_ITEM('',(#12379),#7004);
#6603=STYLED_ITEM('',(#12379),#7005);
#6604=STYLED_ITEM('',(#12379),#7006);
#6605=STYLED_ITEM('',(#12379),#7007);
#6606=STYLED_ITEM('',(#12379),#7008);
#6607=STYLED_ITEM('',(#12379),#7009);
#6608=STYLED_ITEM('',(#12379),#7010);
#6609=STYLED_ITEM('',(#12379),#7011);
#6610=STYLED_ITEM('',(#12379),#7012);
#6611=STYLED_ITEM('',(#12379),#7013);
#6612=STYLED_ITEM('',(#12379),#7014);
#6613=STYLED_ITEM('',(#12379),#7015);
#6614=STYLED_ITEM('',(#12379),#7016);
#6615=STYLED_ITEM('',(#12379),#7017);
#6616=STYLED_ITEM('',(#12379),#7018);
#6617=STYLED_ITEM('',(#12379),#7019);
#6618=STYLED_ITEM('',(#12379),#7020);
#6619=STYLED_ITEM('',(#12379),#7021);
#6620=STYLED_ITEM('',(#12379),#7022);
#6621=STYLED_ITEM('',(#12379),#7023);
#6622=STYLED_ITEM('',(#12379),#7024);
#6623=STYLED_ITEM('',(#12379),#7025);
#6624=STYLED_ITEM('',(#12379),#7026);
#6625=STYLED_ITEM('',(#12379),#7027);
#6626=STYLED_ITEM('',(#12379),#7028);
#6627=STYLED_ITEM('',(#12379),#7029);
#6628=STYLED_ITEM('',(#12379),#7030);
#6629=STYLED_ITEM('',(#12379),#7031);
#6630=STYLED_ITEM('',(#12379),#7032);
#6631=STYLED_ITEM('',(#12379),#7033);
#6632=STYLED_ITEM('',(#12379),#7034);
#6633=STYLED_ITEM('',(#12379),#7035);
#6634=STYLED_ITEM('',(#12379),#7036);
#6635=STYLED_ITEM('',(#12379),#7037);
#6636=STYLED_ITEM('',(#12379),#7038);
#6637=STYLED_ITEM('',(#12379),#7039);
#6638=STYLED_ITEM('',(#12379),#7040);
#6639=STYLED_ITEM('',(#12379),#7041);
#6640=STYLED_ITEM('',(#12379),#7042);
#6641=STYLED_ITEM('',(#12379),#7043);
#6642=STYLED_ITEM('',(#12379),#7044);
#6643=STYLED_ITEM('',(#12379),#7045);
#6644=STYLED_ITEM('',(#12379),#7046);
#6645=STYLED_ITEM('',(#12379),#7047);
#6646=STYLED_ITEM('',(#12379),#7048);
#6647=STYLED_ITEM('',(#12379),#7049);
#6648=STYLED_ITEM('',(#12379),#7050);
#6649=STYLED_ITEM('',(#12379),#7051);
#6650=STYLED_ITEM('',(#12379),#7052);
#6651=STYLED_ITEM('',(#12379),#7053);
#6652=STYLED_ITEM('',(#12379),#7054);
#6653=STYLED_ITEM('',(#12379),#7055);
#6654=STYLED_ITEM('',(#12379),#7056);
#6655=STYLED_ITEM('',(#12379),#7057);
#6656=STYLED_ITEM('',(#12379),#7058);
#6657=STYLED_ITEM('',(#12379),#7059);
#6658=STYLED_ITEM('',(#12379),#7060);
#6659=STYLED_ITEM('',(#12379),#7061);
#6660=STYLED_ITEM('',(#12379),#7062);
#6661=STYLED_ITEM('',(#12379),#7063);
#6662=STYLED_ITEM('',(#12379),#7064);
#6663=STYLED_ITEM('',(#12379),#7065);
#6664=STYLED_ITEM('',(#12379),#7066);
#6665=STYLED_ITEM('',(#12379),#7067);
#6666=STYLED_ITEM('',(#12379),#7068);
#6667=STYLED_ITEM('',(#12379),#7069);
#6668=STYLED_ITEM('',(#12379),#7070);
#6669=STYLED_ITEM('',(#12379),#7071);
#6670=STYLED_ITEM('',(#12379),#7072);
#6671=STYLED_ITEM('',(#12379),#7073);
#6672=STYLED_ITEM('',(#12379),#7074);
#6673=STYLED_ITEM('',(#12379),#7075);
#6674=STYLED_ITEM('',(#12379),#7076);
#6675=STYLED_ITEM('',(#12379),#7077);
#6676=STYLED_ITEM('',(#12379),#7078);
#6677=STYLED_ITEM('',(#12379),#7079);
#6678=STYLED_ITEM('',(#12379),#7080);
#6679=STYLED_ITEM('',(#12379),#7081);
#6680=STYLED_ITEM('',(#12379),#7082);
#6681=STYLED_ITEM('',(#12379),#7083);
#6682=STYLED_ITEM('',(#12379),#7084);
#6683=STYLED_ITEM('',(#12379),#7085);
#6684=STYLED_ITEM('',(#12379),#7086);
#6685=STYLED_ITEM('',(#12379),#7087);
#6686=STYLED_ITEM('',(#12379),#7088);
#6687=STYLED_ITEM('',(#12379),#7089);
#6688=STYLED_ITEM('',(#12379),#7090);
#6689=STYLED_ITEM('',(#12379),#7091);
#6690=STYLED_ITEM('',(#12379),#7092);
#6691=STYLED_ITEM('',(#12379),#7093);
#6692=STYLED_ITEM('',(#12379),#7094);
#6693=STYLED_ITEM('',(#12379),#7095);
#6694=STYLED_ITEM('',(#12379),#7096);
#6695=STYLED_ITEM('',(#12379),#7097);
#6696=STYLED_ITEM('',(#12379),#7098);
#6697=STYLED_ITEM('',(#12379),#7099);
#6698=STYLED_ITEM('',(#12379),#7100);
#6699=STYLED_ITEM('',(#12379),#7101);
#6700=STYLED_ITEM('',(#12379),#7102);
#6701=STYLED_ITEM('',(#12379),#7103);
#6702=STYLED_ITEM('',(#12379),#7104);
#6703=STYLED_ITEM('',(#12379),#7105);
#6704=STYLED_ITEM('',(#12379),#7106);
#6705=STYLED_ITEM('',(#12379),#7107);
#6706=STYLED_ITEM('',(#12379),#7108);
#6707=STYLED_ITEM('',(#12379),#7109);
#6708=STYLED_ITEM('',(#12379),#7110);
#6709=STYLED_ITEM('',(#12379),#7111);
#6710=STYLED_ITEM('',(#12379),#7112);
#6711=STYLED_ITEM('',(#12379),#7113);
#6712=STYLED_ITEM('',(#12379),#7114);
#6713=STYLED_ITEM('',(#12379),#7115);
#6714=STYLED_ITEM('',(#12379),#7116);
#6715=STYLED_ITEM('',(#12379),#7117);
#6716=STYLED_ITEM('',(#12379),#7118);
#6717=STYLED_ITEM('',(#12379),#7119);
#6718=STYLED_ITEM('',(#12379),#7120);
#6719=STYLED_ITEM('',(#12379),#7121);
#6720=STYLED_ITEM('',(#12379),#7122);
#6721=STYLED_ITEM('',(#12379),#7123);
#6722=STYLED_ITEM('',(#12379),#7124);
#6723=STYLED_ITEM('',(#12379),#7125);
#6724=STYLED_ITEM('',(#12379),#7126);
#6725=STYLED_ITEM('',(#12379),#7127);
#6726=STYLED_ITEM('',(#12379),#7128);
#6727=STYLED_ITEM('',(#12379),#7129);
#6728=STYLED_ITEM('',(#12379),#7130);
#6729=STYLED_ITEM('',(#12379),#7131);
#6730=STYLED_ITEM('',(#12379),#7132);
#6731=STYLED_ITEM('',(#12379),#7133);
#6732=STYLED_ITEM('',(#12379),#7134);
#6733=STYLED_ITEM('',(#12379),#7135);
#6734=STYLED_ITEM('',(#12379),#7136);
#6735=STYLED_ITEM('',(#12379),#7137);
#6736=STYLED_ITEM('',(#12379),#7138);
#6737=STYLED_ITEM('',(#12379),#7139);
#6738=STYLED_ITEM('',(#12379),#7140);
#6739=STYLED_ITEM('',(#12379),#7141);
#6740=STYLED_ITEM('',(#12379),#7142);
#6741=STYLED_ITEM('',(#12379),#7143);
#6742=STYLED_ITEM('',(#12379),#7144);
#6743=STYLED_ITEM('',(#12379),#7145);
#6744=STYLED_ITEM('',(#12379),#7146);
#6745=STYLED_ITEM('',(#12379),#7147);
#6746=STYLED_ITEM('',(#12379),#7148);
#6747=STYLED_ITEM('',(#12379),#7149);
#6748=STYLED_ITEM('',(#12379),#7150);
#6749=STYLED_ITEM('',(#12379),#7151);
#6750=STYLED_ITEM('',(#12379),#7152);
#6751=STYLED_ITEM('',(#12379),#7153);
#6752=STYLED_ITEM('',(#12379),#7154);
#6753=STYLED_ITEM('',(#12379),#7155);
#6754=STYLED_ITEM('',(#12379),#7156);
#6755=STYLED_ITEM('',(#12379),#7157);
#6756=STYLED_ITEM('',(#12379),#7158);
#6757=STYLED_ITEM('',(#12379),#7159);
#6758=STYLED_ITEM('',(#12379),#7160);
#6759=STYLED_ITEM('',(#12379),#7161);
#6760=STYLED_ITEM('',(#12379),#7162);
#6761=STYLED_ITEM('',(#12379),#7163);
#6762=STYLED_ITEM('',(#12379),#7164);
#6763=STYLED_ITEM('',(#12379),#7165);
#6764=STYLED_ITEM('',(#12379),#7166);
#6765=STYLED_ITEM('',(#12379),#7167);
#6766=STYLED_ITEM('',(#12379),#7168);
#6767=STYLED_ITEM('',(#12379),#7169);
#6768=STYLED_ITEM('',(#12379),#7170);
#6769=STYLED_ITEM('',(#12379),#7171);
#6770=STYLED_ITEM('',(#12379),#7172);
#6771=STYLED_ITEM('',(#12379),#7173);
#6772=STYLED_ITEM('',(#12379),#7174);
#6773=STYLED_ITEM('',(#12379),#7175);
#6774=STYLED_ITEM('',(#12379),#7176);
#6775=STYLED_ITEM('',(#12379),#7177);
#6776=STYLED_ITEM('',(#12379),#7178);
#6777=STYLED_ITEM('',(#12379),#7179);
#6778=STYLED_ITEM('',(#12379),#7180);
#6779=STYLED_ITEM('',(#12379),#7181);
#6780=STYLED_ITEM('',(#12379),#7182);
#6781=STYLED_ITEM('',(#12379),#7183);
#6782=STYLED_ITEM('',(#12379),#7184);
#6783=STYLED_ITEM('',(#12379),#7185);
#6784=STYLED_ITEM('',(#12379),#7186);
#6785=STYLED_ITEM('',(#12379),#7187);
#6786=STYLED_ITEM('',(#12379),#7188);
#6787=STYLED_ITEM('',(#12379),#7189);
#6788=STYLED_ITEM('',(#12379),#7190);
#6789=STYLED_ITEM('',(#12379),#7191);
#6790=STYLED_ITEM('',(#12379),#7192);
#6791=STYLED_ITEM('',(#12379),#7193);
#6792=STYLED_ITEM('',(#12379),#7194);
#6793=STYLED_ITEM('',(#12379),#7195);
#6794=STYLED_ITEM('',(#12379),#7196);
#6795=STYLED_ITEM('',(#12379),#7197);
#6796=STYLED_ITEM('',(#12379),#7198);
#6797=STYLED_ITEM('',(#12379),#7199);
#6798=STYLED_ITEM('',(#12379),#7200);
#6799=STYLED_ITEM('',(#12379),#7201);
#6800=STYLED_ITEM('',(#12379),#7202);
#6801=STYLED_ITEM('',(#12379),#7203);
#6802=STYLED_ITEM('',(#12379),#7204);
#6803=STYLED_ITEM('',(#12379),#7205);
#6804=STYLED_ITEM('',(#12379),#7206);
#6805=STYLED_ITEM('',(#12379),#7207);
#6806=STYLED_ITEM('',(#12379),#7208);
#6807=STYLED_ITEM('',(#12379),#7209);
#6808=STYLED_ITEM('',(#12379),#7210);
#6809=STYLED_ITEM('',(#12379),#7211);
#6810=STYLED_ITEM('',(#12379),#7212);
#6811=STYLED_ITEM('',(#12379),#7213);
#6812=STYLED_ITEM('',(#12379),#7214);
#6813=STYLED_ITEM('',(#12379),#7215);
#6814=STYLED_ITEM('',(#12379),#7216);
#6815=STYLED_ITEM('',(#12379),#7217);
#6816=STYLED_ITEM('',(#12379),#7218);
#6817=STYLED_ITEM('',(#12379),#7219);
#6818=STYLED_ITEM('',(#12379),#7220);
#6819=STYLED_ITEM('',(#12379),#7221);
#6820=STYLED_ITEM('',(#12379),#7222);
#6821=STYLED_ITEM('',(#12379),#7223);
#6822=STYLED_ITEM('',(#12379),#7224);
#6823=STYLED_ITEM('',(#12379),#7225);
#6824=STYLED_ITEM('',(#12379),#7226);
#6825=STYLED_ITEM('',(#12379),#7227);
#6826=STYLED_ITEM('',(#12379),#7228);
#6827=STYLED_ITEM('',(#12379),#7229);
#6828=STYLED_ITEM('',(#12379),#7230);
#6829=STYLED_ITEM('',(#12379),#7231);
#6830=STYLED_ITEM('',(#12379),#7232);
#6831=STYLED_ITEM('',(#12379),#7233);
#6832=STYLED_ITEM('',(#12379),#7234);
#6833=STYLED_ITEM('',(#12379),#7235);
#6834=STYLED_ITEM('',(#12379),#7236);
#6835=STYLED_ITEM('',(#12379),#7237);
#6836=STYLED_ITEM('',(#12379),#7238);
#6837=STYLED_ITEM('',(#12379),#7239);
#6838=STYLED_ITEM('',(#12379),#7240);
#6839=STYLED_ITEM('',(#12379),#7241);
#6840=STYLED_ITEM('',(#12379),#7242);
#6841=STYLED_ITEM('',(#12379),#7243);
#6842=STYLED_ITEM('',(#12379),#7244);
#6843=STYLED_ITEM('',(#12379),#7245);
#6844=STYLED_ITEM('',(#12379),#7246);
#6845=STYLED_ITEM('',(#12379),#7247);
#6846=STYLED_ITEM('',(#12378),#13);
#6847=ADVANCED_FACE('',(#1844),#6443,.F.);
#6848=ADVANCED_FACE('',(#1845),#1842,.F.);
#6849=ADVANCED_FACE('',(#1846),#262,.F.);
#6850=ADVANCED_FACE('',(#1847),#6444,.F.);
#6851=ADVANCED_FACE('',(#1848),#1843,.F.);
#6852=ADVANCED_FACE('',(#1849),#263,.F.);
#6853=ADVANCED_FACE('',(#1850),#75,.T.);
#6854=ADVANCED_FACE('',(#1851),#76,.T.);
#6855=ADVANCED_FACE('',(#1852),#77,.T.);
#6856=ADVANCED_FACE('',(#1853),#78,.T.);
#6857=ADVANCED_FACE('',(#1854),#264,.F.);
#6858=ADVANCED_FACE('',(#1855),#265,.F.);
#6859=ADVANCED_FACE('',(#1856),#79,.T.);
#6860=ADVANCED_FACE('',(#1857),#80,.T.);
#6861=ADVANCED_FACE('',(#1858),#81,.T.);
#6862=ADVANCED_FACE('',(#1859),#82,.T.);
#6863=ADVANCED_FACE('',(#1860),#266,.F.);
#6864=ADVANCED_FACE('',(#1861),#267,.F.);
#6865=ADVANCED_FACE('',(#1862,#65,#66,#67,#68),#268,.F.);
#6866=ADVANCED_FACE('',(#1863),#83,.T.);
#6867=ADVANCED_FACE('',(#1864),#269,.F.);
#6868=ADVANCED_FACE('',(#1865),#84,.T.);
#6869=ADVANCED_FACE('',(#1866),#270,.T.);
#6870=ADVANCED_FACE('',(#1867),#85,.T.);
#6871=ADVANCED_FACE('',(#1868),#271,.T.);
#6872=ADVANCED_FACE('',(#1869),#86,.T.);
#6873=ADVANCED_FACE('',(#1870),#87,.T.);
#6874=ADVANCED_FACE('',(#1871),#88,.T.);
#6875=ADVANCED_FACE('',(#1872),#89,.T.);
#6876=ADVANCED_FACE('',(#1873),#272,.F.);
#6877=ADVANCED_FACE('',(#1874),#273,.F.);
#6878=ADVANCED_FACE('',(#1875,#69),#274,.T.);
#6879=ADVANCED_FACE('',(#1876),#26,.T.);
#6880=ADVANCED_FACE('',(#1877),#27,.T.);
#6881=ADVANCED_FACE('',(#1878),#28,.T.);
#6882=ADVANCED_FACE('',(#1879),#29,.T.);
#6883=ADVANCED_FACE('',(#1880),#90,.T.);
#6884=ADVANCED_FACE('',(#1881),#91,.T.);
#6885=ADVANCED_FACE('',(#1882),#92,.T.);
#6886=ADVANCED_FACE('',(#1883),#93,.T.);
#6887=ADVANCED_FACE('',(#1884),#94,.T.);
#6888=ADVANCED_FACE('',(#1885),#95,.T.);
#6889=ADVANCED_FACE('',(#1886),#96,.T.);
#6890=ADVANCED_FACE('',(#1887),#97,.T.);
#6891=ADVANCED_FACE('',(#1888),#275,.T.);
#6892=ADVANCED_FACE('',(#1889),#276,.T.);
#6893=ADVANCED_FACE('',(#1890),#98,.T.);
#6894=ADVANCED_FACE('',(#1891),#277,.F.);
#6895=ADVANCED_FACE('',(#1892),#99,.T.);
#6896=ADVANCED_FACE('',(#1893),#30,.T.);
#6897=ADVANCED_FACE('',(#1894),#100,.T.);
#6898=ADVANCED_FACE('',(#1895),#101,.T.);
#6899=ADVANCED_FACE('',(#1896),#102,.T.);
#6900=ADVANCED_FACE('',(#1897),#103,.T.);
#6901=ADVANCED_FACE('',(#1898),#278,.T.);
#6902=ADVANCED_FACE('',(#1899),#279,.T.);
#6903=ADVANCED_FACE('',(#1900),#104,.T.);
#6904=ADVANCED_FACE('',(#1901),#31,.T.);
#6905=ADVANCED_FACE('',(#1902),#105,.T.);
#6906=ADVANCED_FACE('',(#1903),#106,.T.);
#6907=ADVANCED_FACE('',(#1904),#107,.T.);
#6908=ADVANCED_FACE('',(#1905),#280,.T.);
#6909=ADVANCED_FACE('',(#1906),#281,.T.);
#6910=ADVANCED_FACE('',(#1907),#108,.T.);
#6911=ADVANCED_FACE('',(#1908),#109,.T.);
#6912=ADVANCED_FACE('',(#1909),#282,.F.);
#6913=ADVANCED_FACE('',(#1910),#283,.F.);
#6914=ADVANCED_FACE('',(#1911),#284,.F.);
#6915=ADVANCED_FACE('',(#1912),#110,.T.);
#6916=ADVANCED_FACE('',(#1913),#111,.T.);
#6917=ADVANCED_FACE('',(#1914),#32,.T.);
#6918=ADVANCED_FACE('',(#1915),#33,.T.);
#6919=ADVANCED_FACE('',(#1916),#112,.T.);
#6920=ADVANCED_FACE('',(#1917),#113,.T.);
#6921=ADVANCED_FACE('',(#1918),#34,.T.);
#6922=ADVANCED_FACE('',(#1919),#114,.T.);
#6923=ADVANCED_FACE('',(#1920),#35,.T.);
#6924=ADVANCED_FACE('',(#1921),#36,.T.);
#6925=ADVANCED_FACE('',(#1922),#37,.T.);
#6926=ADVANCED_FACE('',(#1923),#115,.T.);
#6927=ADVANCED_FACE('',(#1924),#116,.T.);
#6928=ADVANCED_FACE('',(#1925),#38,.T.);
#6929=ADVANCED_FACE('',(#1926),#117,.T.);
#6930=ADVANCED_FACE('',(#1927),#118,.T.);
#6931=ADVANCED_FACE('',(#1928),#39,.T.);
#6932=ADVANCED_FACE('',(#1929),#40,.T.);
#6933=ADVANCED_FACE('',(#1930),#41,.T.);
#6934=ADVANCED_FACE('',(#1931),#119,.T.);
#6935=ADVANCED_FACE('',(#1932),#120,.T.);
#6936=ADVANCED_FACE('',(#1933),#121,.T.);
#6937=ADVANCED_FACE('',(#1934),#122,.T.);
#6938=ADVANCED_FACE('',(#1935),#42,.T.);
#6939=ADVANCED_FACE('',(#1936),#123,.T.);
#6940=ADVANCED_FACE('',(#1937),#43,.T.);
#6941=ADVANCED_FACE('',(#1938),#124,.T.);
#6942=ADVANCED_FACE('',(#1939),#125,.T.);
#6943=ADVANCED_FACE('',(#1940),#126,.T.);
#6944=ADVANCED_FACE('',(#1941),#127,.T.);
#6945=ADVANCED_FACE('',(#1942),#128,.T.);
#6946=ADVANCED_FACE('',(#1943),#129,.T.);
#6947=ADVANCED_FACE('',(#1944),#130,.T.);
#6948=ADVANCED_FACE('',(#1945),#131,.T.);
#6949=ADVANCED_FACE('',(#1946),#132,.T.);
#6950=ADVANCED_FACE('',(#1947),#133,.T.);
#6951=ADVANCED_FACE('',(#1948),#134,.T.);
#6952=ADVANCED_FACE('',(#1949),#135,.T.);
#6953=ADVANCED_FACE('',(#1950),#136,.T.);
#6954=ADVANCED_FACE('',(#1951),#137,.T.);
#6955=ADVANCED_FACE('',(#1952),#138,.T.);
#6956=ADVANCED_FACE('',(#1953),#139,.T.);
#6957=ADVANCED_FACE('',(#1954),#140,.T.);
#6958=ADVANCED_FACE('',(#1955),#141,.T.);
#6959=ADVANCED_FACE('',(#1956),#142,.T.);
#6960=ADVANCED_FACE('',(#1957),#143,.T.);
#6961=ADVANCED_FACE('',(#1958),#144,.T.);
#6962=ADVANCED_FACE('',(#1959),#145,.T.);
#6963=ADVANCED_FACE('',(#1960),#146,.T.);
#6964=ADVANCED_FACE('',(#1961),#285,.F.);
#6965=ADVANCED_FACE('',(#1962),#286,.F.);
#6966=ADVANCED_FACE('',(#1963),#287,.F.);
#6967=ADVANCED_FACE('',(#1964),#288,.F.);
#6968=ADVANCED_FACE('',(#1965),#289,.F.);
#6969=ADVANCED_FACE('',(#1966),#290,.F.);
#6970=ADVANCED_FACE('',(#1967),#291,.F.);
#6971=ADVANCED_FACE('',(#1968),#292,.F.);
#6972=ADVANCED_FACE('',(#1969),#293,.F.);
#6973=ADVANCED_FACE('',(#1970),#294,.F.);
#6974=ADVANCED_FACE('',(#1971),#295,.F.);
#6975=ADVANCED_FACE('',(#1972),#296,.T.);
#6976=ADVANCED_FACE('',(#1973),#297,.T.);
#6977=ADVANCED_FACE('',(#1974),#298,.T.);
#6978=ADVANCED_FACE('',(#1975),#299,.T.);
#6979=ADVANCED_FACE('',(#1976),#300,.T.);
#6980=ADVANCED_FACE('',(#1977),#147,.T.);
#6981=ADVANCED_FACE('',(#1978),#44,.T.);
#6982=ADVANCED_FACE('',(#1979),#45,.T.);
#6983=ADVANCED_FACE('',(#1980),#148,.T.);
#6984=ADVANCED_FACE('',(#1981),#149,.T.);
#6985=ADVANCED_FACE('',(#1982),#46,.T.);
#6986=ADVANCED_FACE('',(#1983),#47,.T.);
#6987=ADVANCED_FACE('',(#1984),#150,.T.);
#6988=ADVANCED_FACE('',(#1985),#151,.T.);
#6989=ADVANCED_FACE('',(#1986),#152,.T.);
#6990=ADVANCED_FACE('',(#1987),#153,.T.);
#6991=ADVANCED_FACE('',(#1988),#154,.T.);
#6992=ADVANCED_FACE('',(#1989),#155,.T.);
#6993=ADVANCED_FACE('',(#1990),#156,.T.);
#6994=ADVANCED_FACE('',(#1991),#157,.T.);
#6995=ADVANCED_FACE('',(#1992),#158,.T.);
#6996=ADVANCED_FACE('',(#1993),#159,.T.);
#6997=ADVANCED_FACE('',(#1994),#160,.T.);
#6998=ADVANCED_FACE('',(#1995),#161,.T.);
#6999=ADVANCED_FACE('',(#1996),#162,.T.);
#7000=ADVANCED_FACE('',(#1997),#301,.F.);
#7001=ADVANCED_FACE('',(#1998),#302,.F.);
#7002=ADVANCED_FACE('',(#1999),#303,.F.);
#7003=ADVANCED_FACE('',(#2000),#304,.T.);
#7004=ADVANCED_FACE('',(#2001),#305,.T.);
#7005=ADVANCED_FACE('',(#2002),#163,.T.);
#7006=ADVANCED_FACE('',(#2003),#164,.T.);
#7007=ADVANCED_FACE('',(#2004),#165,.T.);
#7008=ADVANCED_FACE('',(#2005),#166,.T.);
#7009=ADVANCED_FACE('',(#2006),#306,.F.);
#7010=ADVANCED_FACE('',(#2007,#70),#307,.F.);
#7011=ADVANCED_FACE('',(#2008),#167,.T.);
#7012=ADVANCED_FACE('',(#2009),#48,.T.);
#7013=ADVANCED_FACE('',(#2010),#168,.T.);
#7014=ADVANCED_FACE('',(#2011),#169,.T.);
#7015=ADVANCED_FACE('',(#2012),#170,.T.);
#7016=ADVANCED_FACE('',(#2013),#49,.T.);
#7017=ADVANCED_FACE('',(#2014),#171,.T.);
#7018=ADVANCED_FACE('',(#2015),#172,.T.);
#7019=ADVANCED_FACE('',(#2016),#173,.T.);
#7020=ADVANCED_FACE('',(#2017),#174,.T.);
#7021=ADVANCED_FACE('',(#2018),#175,.T.);
#7022=ADVANCED_FACE('',(#2019),#308,.F.);
#7023=ADVANCED_FACE('',(#2020),#309,.F.);
#7024=ADVANCED_FACE('',(#2021),#310,.T.);
#7025=ADVANCED_FACE('',(#2022),#176,.T.);
#7026=ADVANCED_FACE('',(#2023),#177,.T.);
#7027=ADVANCED_FACE('',(#2024),#178,.T.);
#7028=ADVANCED_FACE('',(#2025),#311,.T.);
#7029=ADVANCED_FACE('',(#2026),#312,.T.);
#7030=ADVANCED_FACE('',(#2027),#313,.T.);
#7031=ADVANCED_FACE('',(#2028),#50,.T.);
#7032=ADVANCED_FACE('',(#2029),#179,.T.);
#7033=ADVANCED_FACE('',(#2030),#180,.T.);
#7034=ADVANCED_FACE('',(#2031),#181,.T.);
#7035=ADVANCED_FACE('',(#2032),#182,.T.);
#7036=ADVANCED_FACE('',(#2033),#314,.T.);
#7037=ADVANCED_FACE('',(#2034),#315,.T.);
#7038=ADVANCED_FACE('',(#2035),#14,.T.);
#7039=ADVANCED_FACE('',(#2036),#183,.T.);
#7040=ADVANCED_FACE('',(#2037),#15,.T.);
#7041=ADVANCED_FACE('',(#2038),#316,.T.);
#7042=ADVANCED_FACE('',(#2039),#16,.T.);
#7043=ADVANCED_FACE('',(#2040),#184,.T.);
#7044=ADVANCED_FACE('',(#2041),#17,.T.);
#7045=ADVANCED_FACE('',(#2042),#317,.T.);
#7046=ADVANCED_FACE('',(#2043),#185,.T.);
#7047=ADVANCED_FACE('',(#2044),#186,.T.);
#7048=ADVANCED_FACE('',(#2045),#187,.T.);
#7049=ADVANCED_FACE('',(#2046,#71,#72,#73,#74),#318,.F.);
#7050=ADVANCED_FACE('',(#2047),#18,.T.);
#7051=ADVANCED_FACE('',(#2048),#188,.T.);
#7052=ADVANCED_FACE('',(#2049),#19,.T.);
#7053=ADVANCED_FACE('',(#2050),#189,.T.);
#7054=ADVANCED_FACE('',(#2051),#319,.T.);
#7055=ADVANCED_FACE('',(#2052),#190,.T.);
#7056=ADVANCED_FACE('',(#2053),#320,.F.);
#7057=ADVANCED_FACE('',(#2054),#20,.T.);
#7058=ADVANCED_FACE('',(#2055),#191,.T.);
#7059=ADVANCED_FACE('',(#2056),#21,.T.);
#7060=ADVANCED_FACE('',(#2057),#192,.T.);
#7061=ADVANCED_FACE('',(#2058),#321,.T.);
#7062=ADVANCED_FACE('',(#2059),#193,.T.);
#7063=ADVANCED_FACE('',(#2060),#322,.F.);
#7064=ADVANCED_FACE('',(#2061),#323,.T.);
#7065=ADVANCED_FACE('',(#2062),#194,.T.);
#7066=ADVANCED_FACE('',(#2063),#324,.T.);
#7067=ADVANCED_FACE('',(#2064),#195,.T.);
#7068=ADVANCED_FACE('',(#2065),#196,.T.);
#7069=ADVANCED_FACE('',(#2066),#197,.T.);
#7070=ADVANCED_FACE('',(#2067),#198,.T.);
#7071=ADVANCED_FACE('',(#2068),#199,.T.);
#7072=ADVANCED_FACE('',(#2069),#325,.F.);
#7073=ADVANCED_FACE('',(#2070),#326,.F.);
#7074=ADVANCED_FACE('',(#2071),#51,.T.);
#7075=ADVANCED_FACE('',(#2072),#52,.T.);
#7076=ADVANCED_FACE('',(#2073),#200,.T.);
#7077=ADVANCED_FACE('',(#2074),#201,.T.);
#7078=ADVANCED_FACE('',(#2075),#202,.T.);
#7079=ADVANCED_FACE('',(#2076),#203,.T.);
#7080=ADVANCED_FACE('',(#2077),#204,.T.);
#7081=ADVANCED_FACE('',(#2078),#327,.F.);
#7082=ADVANCED_FACE('',(#2079),#205,.T.);
#7083=ADVANCED_FACE('',(#2080),#206,.T.);
#7084=ADVANCED_FACE('',(#2081),#207,.T.);
#7085=ADVANCED_FACE('',(#2082),#328,.F.);
#7086=ADVANCED_FACE('',(#2083),#208,.T.);
#7087=ADVANCED_FACE('',(#2084),#209,.T.);
#7088=ADVANCED_FACE('',(#2085),#210,.T.);
#7089=ADVANCED_FACE('',(#2086),#211,.T.);
#7090=ADVANCED_FACE('',(#2087),#329,.F.);
#7091=ADVANCED_FACE('',(#2088),#330,.F.);
#7092=ADVANCED_FACE('',(#2089),#53,.T.);
#7093=ADVANCED_FACE('',(#2090),#54,.T.);
#7094=ADVANCED_FACE('',(#2091),#212,.T.);
#7095=ADVANCED_FACE('',(#2092),#213,.T.);
#7096=ADVANCED_FACE('',(#2093),#214,.T.);
#7097=ADVANCED_FACE('',(#2094),#215,.T.);
#7098=ADVANCED_FACE('',(#2095),#216,.T.);
#7099=ADVANCED_FACE('',(#2096),#331,.F.);
#7100=ADVANCED_FACE('',(#2097),#217,.T.);
#7101=ADVANCED_FACE('',(#2098),#218,.T.);
#7102=ADVANCED_FACE('',(#2099),#219,.T.);
#7103=ADVANCED_FACE('',(#2100),#332,.F.);
#7104=ADVANCED_FACE('',(#2101),#333,.T.);
#7105=ADVANCED_FACE('',(#2102),#334,.F.);
#7106=ADVANCED_FACE('',(#2103),#335,.T.);
#7107=ADVANCED_FACE('',(#2104),#336,.T.);
#7108=ADVANCED_FACE('',(#2105),#337,.T.);
#7109=ADVANCED_FACE('',(#2106),#338,.T.);
#7110=ADVANCED_FACE('',(#2107),#339,.T.);
#7111=ADVANCED_FACE('',(#2108),#340,.T.);
#7112=ADVANCED_FACE('',(#2109),#341,.T.);
#7113=ADVANCED_FACE('',(#2110),#342,.F.);
#7114=ADVANCED_FACE('',(#2111),#343,.T.);
#7115=ADVANCED_FACE('',(#2112),#344,.T.);
#7116=ADVANCED_FACE('',(#2113),#345,.T.);
#7117=ADVANCED_FACE('',(#2114),#346,.T.);
#7118=ADVANCED_FACE('',(#2115),#347,.T.);
#7119=ADVANCED_FACE('',(#2116),#348,.T.);
#7120=ADVANCED_FACE('',(#2117),#349,.F.);
#7121=ADVANCED_FACE('',(#2118),#350,.F.);
#7122=ADVANCED_FACE('',(#2119),#220,.T.);
#7123=ADVANCED_FACE('',(#2120),#221,.T.);
#7124=ADVANCED_FACE('',(#2121),#222,.T.);
#7125=ADVANCED_FACE('',(#2122),#223,.T.);
#7126=ADVANCED_FACE('',(#2123),#351,.F.);
#7127=ADVANCED_FACE('',(#2124),#352,.F.);
#7128=ADVANCED_FACE('',(#2125),#55,.T.);
#7129=ADVANCED_FACE('',(#2126),#56,.T.);
#7130=ADVANCED_FACE('',(#2127),#224,.T.);
#7131=ADVANCED_FACE('',(#2128),#225,.T.);
#7132=ADVANCED_FACE('',(#2129),#226,.T.);
#7133=ADVANCED_FACE('',(#2130),#227,.T.);
#7134=ADVANCED_FACE('',(#2131),#228,.T.);
#7135=ADVANCED_FACE('',(#2132),#353,.F.);
#7136=ADVANCED_FACE('',(#2133),#229,.T.);
#7137=ADVANCED_FACE('',(#2134),#230,.T.);
#7138=ADVANCED_FACE('',(#2135),#231,.T.);
#7139=ADVANCED_FACE('',(#2136),#354,.F.);
#7140=ADVANCED_FACE('',(#2137),#355,.T.);
#7141=ADVANCED_FACE('',(#2138),#356,.F.);
#7142=ADVANCED_FACE('',(#2139),#357,.T.);
#7143=ADVANCED_FACE('',(#2140),#358,.T.);
#7144=ADVANCED_FACE('',(#2141),#359,.T.);
#7145=ADVANCED_FACE('',(#2142),#360,.T.);
#7146=ADVANCED_FACE('',(#2143),#361,.T.);
#7147=ADVANCED_FACE('',(#2144),#362,.T.);
#7148=ADVANCED_FACE('',(#2145),#363,.F.);
#7149=ADVANCED_FACE('',(#2146),#364,.F.);
#7150=ADVANCED_FACE('',(#2147),#365,.F.);
#7151=ADVANCED_FACE('',(#2148),#366,.F.);
#7152=ADVANCED_FACE('',(#2149),#367,.F.);
#7153=ADVANCED_FACE('',(#2150),#368,.F.);
#7154=ADVANCED_FACE('',(#2151),#369,.F.);
#7155=ADVANCED_FACE('',(#2152),#370,.T.);
#7156=ADVANCED_FACE('',(#2153),#371,.T.);
#7157=ADVANCED_FACE('',(#2154),#372,.T.);
#7158=ADVANCED_FACE('',(#2155),#373,.T.);
#7159=ADVANCED_FACE('',(#2156),#374,.T.);
#7160=ADVANCED_FACE('',(#2157),#375,.T.);
#7161=ADVANCED_FACE('',(#2158),#376,.F.);
#7162=ADVANCED_FACE('',(#2159),#377,.T.);
#7163=ADVANCED_FACE('',(#2160),#378,.T.);
#7164=ADVANCED_FACE('',(#2161),#379,.T.);
#7165=ADVANCED_FACE('',(#2162),#380,.F.);
#7166=ADVANCED_FACE('',(#2163),#381,.F.);
#7167=ADVANCED_FACE('',(#2164),#382,.F.);
#7168=ADVANCED_FACE('',(#2165),#232,.T.);
#7169=ADVANCED_FACE('',(#2166),#383,.T.);
#7170=ADVANCED_FACE('',(#2167),#233,.T.);
#7171=ADVANCED_FACE('',(#2168),#234,.T.);
#7172=ADVANCED_FACE('',(#2169),#384,.T.);
#7173=ADVANCED_FACE('',(#2170),#235,.T.);
#7174=ADVANCED_FACE('',(#2171),#385,.F.);
#7175=ADVANCED_FACE('',(#2172),#386,.F.);
#7176=ADVANCED_FACE('',(#2173),#387,.F.);
#7177=ADVANCED_FACE('',(#2174),#388,.F.);
#7178=ADVANCED_FACE('',(#2175),#389,.F.);
#7179=ADVANCED_FACE('',(#2176),#390,.F.);
#7180=ADVANCED_FACE('',(#2177),#391,.F.);
#7181=ADVANCED_FACE('',(#2178),#392,.F.);
#7182=ADVANCED_FACE('',(#2179),#22,.T.);
#7183=ADVANCED_FACE('',(#2180),#236,.T.);
#7184=ADVANCED_FACE('',(#2181),#23,.T.);
#7185=ADVANCED_FACE('',(#2182),#393,.T.);
#7186=ADVANCED_FACE('',(#2183),#24,.T.);
#7187=ADVANCED_FACE('',(#2184),#237,.T.);
#7188=ADVANCED_FACE('',(#2185),#25,.T.);
#7189=ADVANCED_FACE('',(#2186),#394,.T.);
#7190=ADVANCED_FACE('',(#2187),#57,.T.);
#7191=ADVANCED_FACE('',(#2188),#238,.T.);
#7192=ADVANCED_FACE('',(#2189),#239,.T.);
#7193=ADVANCED_FACE('',(#2190),#58,.T.);
#7194=ADVANCED_FACE('',(#2191),#240,.T.);
#7195=ADVANCED_FACE('',(#2192),#241,.T.);
#7196=ADVANCED_FACE('',(#2193),#242,.T.);
#7197=ADVANCED_FACE('',(#2194),#395,.T.);
#7198=ADVANCED_FACE('',(#2195),#396,.T.);
#7199=ADVANCED_FACE('',(#2196),#59,.T.);
#7200=ADVANCED_FACE('',(#2197),#243,.T.);
#7201=ADVANCED_FACE('',(#2198),#244,.T.);
#7202=ADVANCED_FACE('',(#2199),#60,.T.);
#7203=ADVANCED_FACE('',(#2200),#245,.T.);
#7204=ADVANCED_FACE('',(#2201),#246,.T.);
#7205=ADVANCED_FACE('',(#2202),#247,.T.);
#7206=ADVANCED_FACE('',(#2203),#397,.T.);
#7207=ADVANCED_FACE('',(#2204),#398,.T.);
#7208=ADVANCED_FACE('',(#2205),#61,.T.);
#7209=ADVANCED_FACE('',(#2206),#248,.T.);
#7210=ADVANCED_FACE('',(#2207),#62,.T.);
#7211=ADVANCED_FACE('',(#2208),#249,.T.);
#7212=ADVANCED_FACE('',(#2209),#250,.T.);
#7213=ADVANCED_FACE('',(#2210),#251,.T.);
#7214=ADVANCED_FACE('',(#2211),#252,.T.);
#7215=ADVANCED_FACE('',(#2212),#399,.T.);
#7216=ADVANCED_FACE('',(#2213),#400,.T.);
#7217=ADVANCED_FACE('',(#2214),#63,.T.);
#7218=ADVANCED_FACE('',(#2215),#253,.T.);
#7219=ADVANCED_FACE('',(#2216),#254,.T.);
#7220=ADVANCED_FACE('',(#2217),#64,.T.);
#7221=ADVANCED_FACE('',(#2218),#255,.T.);
#7222=ADVANCED_FACE('',(#2219),#256,.T.);
#7223=ADVANCED_FACE('',(#2220),#257,.T.);
#7224=ADVANCED_FACE('',(#2221),#401,.T.);
#7225=ADVANCED_FACE('',(#2222),#402,.T.);
#7226=ADVANCED_FACE('',(#2223),#258,.T.);
#7227=ADVANCED_FACE('',(#2224),#403,.T.);
#7228=ADVANCED_FACE('',(#2225),#259,.T.);
#7229=ADVANCED_FACE('',(#2226),#260,.T.);
#7230=ADVANCED_FACE('',(#2227),#404,.T.);
#7231=ADVANCED_FACE('',(#2228),#261,.T.);
#7232=ADVANCED_FACE('',(#2229),#405,.F.);
#7233=ADVANCED_FACE('',(#2230),#406,.F.);
#7234=ADVANCED_FACE('',(#2231),#407,.T.);
#7235=ADVANCED_FACE('',(#2232),#408,.T.);
#7236=ADVANCED_FACE('',(#2233),#409,.T.);
#7237=ADVANCED_FACE('',(#2234),#410,.T.);
#7238=ADVANCED_FACE('',(#2235),#411,.T.);
#7239=ADVANCED_FACE('',(#2236),#412,.T.);
#7240=ADVANCED_FACE('',(#2237),#413,.T.);
#7241=ADVANCED_FACE('',(#2238),#414,.T.);
#7242=ADVANCED_FACE('',(#2239),#415,.F.);
#7243=ADVANCED_FACE('',(#2240),#416,.T.);
#7244=ADVANCED_FACE('',(#2241),#417,.T.);
#7245=ADVANCED_FACE('',(#2242),#418,.T.);
#7246=ADVANCED_FACE('',(#2243),#419,.F.);
#7247=ADVANCED_FACE('',(#2244),#420,.T.);
#7248=CLOSED_SHELL('',(#6847,#6848,#6849,#6850,#6851,#6852,#6853,#6854,
#6855,#6856,#6857,#6858,#6859,#6860,#6861,#6862,#6863,#6864,#6865,#6866,
#6867,#6868,#6869,#6870,#6871,#6872,#6873,#6874,#6875,#6876,#6877,#6878,
#6879,#6880,#6881,#6882,#6883,#6884,#6885,#6886,#6887,#6888,#6889,#6890,
#6891,#6892,#6893,#6894,#6895,#6896,#6897,#6898,#6899,#6900,#6901,#6902,
#6903,#6904,#6905,#6906,#6907,#6908,#6909,#6910,#6911,#6912,#6913,#6914,
#6915,#6916,#6917,#6918,#6919,#6920,#6921,#6922,#6923,#6924,#6925,#6926,
#6927,#6928,#6929,#6930,#6931,#6932,#6933,#6934,#6935,#6936,#6937,#6938,
#6939,#6940,#6941,#6942,#6943,#6944,#6945,#6946,#6947,#6948,#6949,#6950,
#6951,#6952,#6953,#6954,#6955,#6956,#6957,#6958,#6959,#6960,#6961,#6962,
#6963,#6964,#6965,#6966,#6967,#6968,#6969,#6970,#6971,#6972,#6973,#6974,
#6975,#6976,#6977,#6978,#6979,#6980,#6981,#6982,#6983,#6984,#6985,#6986,
#6987,#6988,#6989,#6990,#6991,#6992,#6993,#6994,#6995,#6996,#6997,#6998,
#6999,#7000,#7001,#7002,#7003,#7004,#7005,#7006,#7007,#7008,#7009,#7010,
#7011,#7012,#7013,#7014,#7015,#7016,#7017,#7018,#7019,#7020,#7021,#7022,
#7023,#7024,#7025,#7026,#7027,#7028,#7029,#7030,#7031,#7032,#7033,#7034,
#7035,#7036,#7037,#7038,#7039,#7040,#7041,#7042,#7043,#7044,#7045,#7046,
#7047,#7048,#7049,#7050,#7051,#7052,#7053,#7054,#7055,#7056,#7057,#7058,
#7059,#7060,#7061,#7062,#7063,#7064,#7065,#7066,#7067,#7068,#7069,#7070,
#7071,#7072,#7073,#7074,#7075,#7076,#7077,#7078,#7079,#7080,#7081,#7082,
#7083,#7084,#7085,#7086,#7087,#7088,#7089,#7090,#7091,#7092,#7093,#7094,
#7095,#7096,#7097,#7098,#7099,#7100,#7101,#7102,#7103,#7104,#7105,#7106,
#7107,#7108,#7109,#7110,#7111,#7112,#7113,#7114,#7115,#7116,#7117,#7118,
#7119,#7120,#7121,#7122,#7123,#7124,#7125,#7126,#7127,#7128,#7129,#7130,
#7131,#7132,#7133,#7134,#7135,#7136,#7137,#7138,#7139,#7140,#7141,#7142,
#7143,#7144,#7145,#7146,#7147,#7148,#7149,#7150,#7151,#7152,#7153,#7154,
#7155,#7156,#7157,#7158,#7159,#7160,#7161,#7162,#7163,#7164,#7165,#7166,
#7167,#7168,#7169,#7170,#7171,#7172,#7173,#7174,#7175,#7176,#7177,#7178,
#7179,#7180,#7181,#7182,#7183,#7184,#7185,#7186,#7187,#7188,#7189,#7190,
#7191,#7192,#7193,#7194,#7195,#7196,#7197,#7198,#7199,#7200,#7201,#7202,
#7203,#7204,#7205,#7206,#7207,#7208,#7209,#7210,#7211,#7212,#7213,#7214,
#7215,#7216,#7217,#7218,#7219,#7220,#7221,#7222,#7223,#7224,#7225,#7226,
#7227,#7228,#7229,#7230,#7231,#7232,#7233,#7234,#7235,#7236,#7237,#7238,
#7239,#7240,#7241,#7242,#7243,#7244,#7245,#7246,#7247));
#7249=DERIVED_UNIT_ELEMENT(#7252,1.);
#7250=DERIVED_UNIT_ELEMENT(#12363,-3.);
#7251=DIMENSIONAL_EXPONENTS(0.,1.,0.,0.,0.,0.,0.);
#7252=(
CONVERSION_BASED_UNIT('gram',#7254)
MASS_UNIT()
NAMED_UNIT(#7251)
);
#7253=(
MASS_UNIT()
NAMED_UNIT(*)
SI_UNIT(.KILO.,.GRAM.)
);
#7254=MASS_MEASURE_WITH_UNIT(MASS_MEASURE(0.001),#7253);
#7255=DERIVED_UNIT((#7249,#7250));
#7256=MEASURE_REPRESENTATION_ITEM('density measure',
POSITIVE_RATIO_MEASURE(1.),#7255);
#7257=PROPERTY_DEFINITION_REPRESENTATION(#7262,#7259);
#7258=PROPERTY_DEFINITION_REPRESENTATION(#7263,#7260);
#7259=REPRESENTATION('material name',(#7261),#12360);
#7260=REPRESENTATION('density',(#7256),#12360);
#7261=DESCRIPTIVE_REPRESENTATION_ITEM('Generic','Generic');
#7262=PROPERTY_DEFINITION('material property','material name',#12370);
#7263=PROPERTY_DEFINITION('material property','density of part',#12370);
#7264=DATE_TIME_ROLE('creation_date');
#7265=APPLIED_DATE_AND_TIME_ASSIGNMENT(#7266,#7264,(#12370));
#7266=DATE_AND_TIME(#7267,#7268);
#7267=CALENDAR_DATE(2018,15,4);
#7268=LOCAL_TIME(0,0,0.,#7269);
#7269=COORDINATED_UNIVERSAL_TIME_OFFSET(0,0,.BEHIND.);
#7270=AXIS2_PLACEMENT_3D('',#10087,#7987,#7988);
#7271=AXIS2_PLACEMENT_3D('',#10185,#7989,#7990);
#7272=AXIS2_PLACEMENT_3D('',#10244,#7992,#7993);
#7273=AXIS2_PLACEMENT_3D('',#10245,#7994,#7995);
#7274=AXIS2_PLACEMENT_3D('',#10343,#7996,#7997);
#7275=AXIS2_PLACEMENT_3D('',#10402,#7999,#8000);
#7276=AXIS2_PLACEMENT_3D('',#10403,#8001,#8002);
#7277=AXIS2_PLACEMENT_3D('',#10404,#8003,#8004);
#7278=AXIS2_PLACEMENT_3D('',#10409,#8006,#8007);
#7279=AXIS2_PLACEMENT_3D('',#10412,#8009,#8010);
#7280=AXIS2_PLACEMENT_3D('',#10413,#8011,#8012);
#7281=AXIS2_PLACEMENT_3D('',#10418,#8014,#8015);
#7282=AXIS2_PLACEMENT_3D('',#10421,#8017,#8018);
#7283=AXIS2_PLACEMENT_3D('',#10422,#8019,#8020);
#7284=AXIS2_PLACEMENT_3D('',#10425,#8023,#8024);
#7285=AXIS2_PLACEMENT_3D('',#10428,#8027,#8028);
#7286=AXIS2_PLACEMENT_3D('',#10466,#8048,#8049);
#7287=AXIS2_PLACEMENT_3D('',#10470,#8052,#8053);
#7288=AXIS2_PLACEMENT_3D('',#10474,#8055,#8056);
#7289=AXIS2_PLACEMENT_3D('',#10477,#8058,#8059);
#7290=AXIS2_PLACEMENT_3D('',#10478,#8060,#8061);
#7291=AXIS2_PLACEMENT_3D('',#10483,#8064,#8065);
#7292=AXIS2_PLACEMENT_3D('',#10484,#8066,#8067);
#7293=AXIS2_PLACEMENT_3D('',#10488,#8070,#8071);
#7294=AXIS2_PLACEMENT_3D('',#10489,#8072,#8073);
#7295=AXIS2_PLACEMENT_3D('',#10491,#8075,#8076);
#7296=AXIS2_PLACEMENT_3D('',#10524,#8094,#8095);
#7297=AXIS2_PLACEMENT_3D('',#10526,#8097,#8098);
#7298=AXIS2_PLACEMENT_3D('',#10560,#8116,#8117);
#7299=AXIS2_PLACEMENT_3D('',#10562,#8118,#8119);
#7300=AXIS2_PLACEMENT_3D('',#10565,#8121,#8122);
#7301=AXIS2_PLACEMENT_3D('',#10566,#8123,#8124);
#7302=AXIS2_PLACEMENT_3D('',#10574,#8128,#8129);
#7303=AXIS2_PLACEMENT_3D('',#10578,#8131,#8132);
#7304=AXIS2_PLACEMENT_3D('',#10584,#8136,#8137);
#7305=AXIS2_PLACEMENT_3D('',#10587,#8138,#8139);
#7306=AXIS2_PLACEMENT_3D('',#10590,#8142,#8143);
#7307=AXIS2_PLACEMENT_3D('',#10594,#8146,#8147);
#7308=AXIS2_PLACEMENT_3D('',#10598,#8149,#8150);
#7309=AXIS2_PLACEMENT_3D('',#10600,#8152,#8153);
#7310=AXIS2_PLACEMENT_3D('',#10604,#8156,#8157);
#7311=AXIS2_PLACEMENT_3D('',#10609,#8159,#8160);
#7312=AXIS2_PLACEMENT_3D('',#10612,#8162,#8163);
#7313=AXIS2_PLACEMENT_3D('',#10613,#8164,#8165);
#7314=AXIS2_PLACEMENT_3D('',#10617,#8167,#8168);
#7315=AXIS2_PLACEMENT_3D('',#10619,#8170,#8171);
#7316=AXIS2_PLACEMENT_3D('',#10623,#8173,#8174);
#7317=AXIS2_PLACEMENT_3D('',#10625,#8176,#8177);
#7318=AXIS2_PLACEMENT_3D('',#10628,#8180,#8181);
#7319=AXIS2_PLACEMENT_3D('',#10636,#8185,#8186);
#7320=AXIS2_PLACEMENT_3D('',#10640,#8188,#8189);
#7321=AXIS2_PLACEMENT_3D('',#10645,#8193,#8194);
#7322=AXIS2_PLACEMENT_3D('',#10653,#8198,#8199);
#7323=AXIS2_PLACEMENT_3D('',#10657,#8201,#8202);
#7324=AXIS2_PLACEMENT_3D('',#10665,#8206,#8207);
#7325=AXIS2_PLACEMENT_3D('',#10669,#8209,#8210);
#7326=AXIS2_PLACEMENT_3D('',#10679,#8216,#8217);
#7327=AXIS2_PLACEMENT_3D('',#10683,#8219,#8220);
#7328=AXIS2_PLACEMENT_3D('',#10691,#8224,#8225);
#7329=AXIS2_PLACEMENT_3D('',#10695,#8227,#8228);
#7330=AXIS2_PLACEMENT_3D('',#10699,#8231,#8232);
#7331=AXIS2_PLACEMENT_3D('',#10708,#8237,#8238);
#7332=AXIS2_PLACEMENT_3D('',#10710,#8239,#8240);
#7333=AXIS2_PLACEMENT_3D('',#10712,#8241,#8242);
#7334=AXIS2_PLACEMENT_3D('',#10713,#8243,#8244);
#7335=AXIS2_PLACEMENT_3D('',#10714,#8245,#8246);
#7336=AXIS2_PLACEMENT_3D('',#10716,#8247,#8248);
#7337=AXIS2_PLACEMENT_3D('',#10718,#8249,#8250);
#7338=AXIS2_PLACEMENT_3D('',#10719,#8251,#8252);
#7339=AXIS2_PLACEMENT_3D('',#10720,#8253,#8254);
#7340=AXIS2_PLACEMENT_3D('',#10723,#8255,#8256);
#7341=AXIS2_PLACEMENT_3D('',#10724,#8257,#8258);
#7342=AXIS2_PLACEMENT_3D('',#10725,#8259,#8260);
#7343=AXIS2_PLACEMENT_3D('',#10726,#8261,#8262);
#7344=AXIS2_PLACEMENT_3D('',#10728,#8263,#8264);
#7345=AXIS2_PLACEMENT_3D('',#10730,#8265,#8266);
#7346=AXIS2_PLACEMENT_3D('',#10731,#8267,#8268);
#7347=AXIS2_PLACEMENT_3D('',#10732,#8269,#8270);
#7348=AXIS2_PLACEMENT_3D('',#10734,#8272,#8273);
#7349=AXIS2_PLACEMENT_3D('',#10737,#8274,#8275);
#7350=AXIS2_PLACEMENT_3D('',#10740,#8278,#8279);
#7351=AXIS2_PLACEMENT_3D('',#10742,#8281,#8282);
#7352=AXIS2_PLACEMENT_3D('',#10744,#8284,#8285);
#7353=AXIS2_PLACEMENT_3D('',#10747,#8286,#8287);
#7354=AXIS2_PLACEMENT_3D('',#10750,#8290,#8291);
#7355=AXIS2_PLACEMENT_3D('',#10753,#8292,#8293);
#7356=AXIS2_PLACEMENT_3D('',#10756,#8296,#8297);
#7357=AXIS2_PLACEMENT_3D('',#10758,#8299,#8300);
#7358=AXIS2_PLACEMENT_3D('',#10761,#8301,#8302);
#7359=AXIS2_PLACEMENT_3D('',#10764,#8305,#8306);
#7360=AXIS2_PLACEMENT_3D('',#10782,#8316,#8317);
#7361=AXIS2_PLACEMENT_3D('',#10784,#8319,#8320);
#7362=AXIS2_PLACEMENT_3D('',#10787,#8321,#8322);
#7363=AXIS2_PLACEMENT_3D('',#10791,#8324,#8325);
#7364=AXIS2_PLACEMENT_3D('',#10793,#8327,#8328);
#7365=AXIS2_PLACEMENT_3D('',#10839,#8352,#8353);
#7366=AXIS2_PLACEMENT_3D('',#10841,#8354,#8355);
#7367=AXIS2_PLACEMENT_3D('',#10843,#8356,#8357);
#7368=AXIS2_PLACEMENT_3D('',#10845,#8359,#8360);
#7369=AXIS2_PLACEMENT_3D('',#10848,#8361,#8362);
#7370=AXIS2_PLACEMENT_3D('',#10850,#8363,#8364);
#7371=AXIS2_PLACEMENT_3D('',#10851,#8365,#8366);
#7372=AXIS2_PLACEMENT_3D('',#10852,#8367,#8368);
#7373=AXIS2_PLACEMENT_3D('',#10855,#8369,#8370);
#7374=AXIS2_PLACEMENT_3D('',#10858,#8373,#8374);
#7375=AXIS2_PLACEMENT_3D('',#10863,#8376,#8377);
#7376=AXIS2_PLACEMENT_3D('',#10866,#8379,#8380);
#7377=AXIS2_PLACEMENT_3D('',#10867,#8381,#8382);
#7378=AXIS2_PLACEMENT_3D('',#10870,#8385,#8386);
#7379=AXIS2_PLACEMENT_3D('',#10873,#8387,#8388);
#7380=AXIS2_PLACEMENT_3D('',#10876,#8391,#8392);
#7381=AXIS2_PLACEMENT_3D('',#10880,#8395,#8396);
#7382=AXIS2_PLACEMENT_3D('',#10884,#8399,#8400);
#7383=AXIS2_PLACEMENT_3D('',#10889,#8402,#8403);
#7384=AXIS2_PLACEMENT_3D('',#10892,#8405,#8406);
#7385=AXIS2_PLACEMENT_3D('',#10893,#8407,#8408);
#7386=AXIS2_PLACEMENT_3D('',#10896,#8409,#8410);
#7387=AXIS2_PLACEMENT_3D('',#10898,#8411,#8412);
#7388=AXIS2_PLACEMENT_3D('',#10899,#8413,#8414);
#7389=AXIS2_PLACEMENT_3D('',#10900,#8415,#8416);
#7390=AXIS2_PLACEMENT_3D('',#10903,#8417,#8418);
#7391=AXIS2_PLACEMENT_3D('',#10906,#8421,#8422);
#7392=AXIS2_PLACEMENT_3D('',#10909,#8425,#8426);
#7393=AXIS2_PLACEMENT_3D('',#10912,#8427,#8428);
#7394=AXIS2_PLACEMENT_3D('',#10915,#8431,#8432);
#7395=AXIS2_PLACEMENT_3D('',#10919,#8435,#8436);
#7396=AXIS2_PLACEMENT_3D('',#10923,#8439,#8440);
#7397=AXIS2_PLACEMENT_3D('',#10928,#8442,#8443);
#7398=AXIS2_PLACEMENT_3D('',#10931,#8445,#8446);
#7399=AXIS2_PLACEMENT_3D('',#10932,#8447,#8448);
#7400=AXIS2_PLACEMENT_3D('',#10936,#8450,#8451);
#7401=AXIS2_PLACEMENT_3D('',#10938,#8453,#8454);
#7402=AXIS2_PLACEMENT_3D('',#10944,#8458,#8459);
#7403=AXIS2_PLACEMENT_3D('',#10948,#8462,#8463);
#7404=AXIS2_PLACEMENT_3D('',#10956,#8468,#8469);
#7405=AXIS2_PLACEMENT_3D('',#10958,#8470,#8471);
#7406=AXIS2_PLACEMENT_3D('',#10961,#8473,#8474);
#7407=AXIS2_PLACEMENT_3D('',#10962,#8475,#8476);
#7408=AXIS2_PLACEMENT_3D('',#10965,#8478,#8479);
#7409=AXIS2_PLACEMENT_3D('',#10966,#8480,#8481);
#7410=AXIS2_PLACEMENT_3D('',#10969,#8482,#8483);
#7411=AXIS2_PLACEMENT_3D('',#10970,#8484,#8485);
#7412=AXIS2_PLACEMENT_3D('',#10971,#8486,#8487);
#7413=AXIS2_PLACEMENT_3D('',#10972,#8488,#8489);
#7414=AXIS2_PLACEMENT_3D('',#10974,#8490,#8491);
#7415=AXIS2_PLACEMENT_3D('',#10976,#8492,#8493);
#7416=AXIS2_PLACEMENT_3D('',#10977,#8494,#8495);
#7417=AXIS2_PLACEMENT_3D('',#10978,#8496,#8497);
#7418=AXIS2_PLACEMENT_3D('',#10983,#8500,#8501);
#7419=AXIS2_PLACEMENT_3D('',#10984,#8502,#8503);
#7420=AXIS2_PLACEMENT_3D('',#10988,#8505,#8506);
#7421=AXIS2_PLACEMENT_3D('',#10989,#8507,#8508);
#7422=AXIS2_PLACEMENT_3D('',#10990,#8509,#8510);
#7423=AXIS2_PLACEMENT_3D('',#10993,#8511,#8512);
#7424=AXIS2_PLACEMENT_3D('',#10995,#8513,#8514);
#7425=AXIS2_PLACEMENT_3D('',#10996,#8515,#8516);
#7426=AXIS2_PLACEMENT_3D('',#10997,#8517,#8518);
#7427=AXIS2_PLACEMENT_3D('',#11002,#8521,#8522);
#7428=AXIS2_PLACEMENT_3D('',#11003,#8523,#8524);
#7429=AXIS2_PLACEMENT_3D('',#11006,#8525,#8526);
#7430=AXIS2_PLACEMENT_3D('',#11007,#8527,#8528);
#7431=AXIS2_PLACEMENT_3D('',#11008,#8529,#8530);
#7432=AXIS2_PLACEMENT_3D('',#11009,#8531,#8532);
#7433=AXIS2_PLACEMENT_3D('',#11012,#8533,#8534);
#7434=AXIS2_PLACEMENT_3D('',#11014,#8535,#8536);
#7435=AXIS2_PLACEMENT_3D('',#11015,#8537,#8538);
#7436=AXIS2_PLACEMENT_3D('',#11016,#8539,#8540);
#7437=AXIS2_PLACEMENT_3D('',#11018,#8541,#8542);
#7438=AXIS2_PLACEMENT_3D('',#11020,#8543,#8544);
#7439=AXIS2_PLACEMENT_3D('',#11021,#8545,#8546);
#7440=AXIS2_PLACEMENT_3D('',#11022,#8547,#8548);
#7441=AXIS2_PLACEMENT_3D('',#11024,#8550,#8551);
#7442=AXIS2_PLACEMENT_3D('',#11027,#8554,#8555);
#7443=AXIS2_PLACEMENT_3D('',#11029,#8556,#8557);
#7444=AXIS2_PLACEMENT_3D('',#11031,#8558,#8559);
#7445=AXIS2_PLACEMENT_3D('',#11032,#8560,#8561);
#7446=AXIS2_PLACEMENT_3D('',#11033,#8562,#8563);
#7447=AXIS2_PLACEMENT_3D('',#11035,#8565,#8566);
#7448=AXIS2_PLACEMENT_3D('',#11038,#8569,#8570);
#7449=AXIS2_PLACEMENT_3D('',#11041,#8571,#8572);
#7450=AXIS2_PLACEMENT_3D('',#11042,#8573,#8574);
#7451=AXIS2_PLACEMENT_3D('',#11043,#8575,#8576);
#7452=AXIS2_PLACEMENT_3D('',#11044,#8577,#8578);
#7453=AXIS2_PLACEMENT_3D('',#11047,#8579,#8580);
#7454=AXIS2_PLACEMENT_3D('',#11048,#8581,#8582);
#7455=AXIS2_PLACEMENT_3D('',#11049,#8583,#8584);
#7456=AXIS2_PLACEMENT_3D('',#11050,#8585,#8586);
#7457=AXIS2_PLACEMENT_3D('',#11053,#8587,#8588);
#7458=AXIS2_PLACEMENT_3D('',#11054,#8589,#8590);
#7459=AXIS2_PLACEMENT_3D('',#11055,#8591,#8592);
#7460=AXIS2_PLACEMENT_3D('',#11056,#8593,#8594);
#7461=AXIS2_PLACEMENT_3D('',#11058,#8595,#8596);
#7462=AXIS2_PLACEMENT_3D('',#11060,#8598,#8599);
#7463=AXIS2_PLACEMENT_3D('',#11062,#8601,#8602);
#7464=AXIS2_PLACEMENT_3D('',#11067,#8605,#8606);
#7465=AXIS2_PLACEMENT_3D('',#11068,#8607,#8608);
#7466=AXIS2_PLACEMENT_3D('',#11073,#8610,#8611);
#7467=AXIS2_PLACEMENT_3D('',#11076,#8613,#8614);
#7468=AXIS2_PLACEMENT_3D('',#11077,#8615,#8616);
#7469=AXIS2_PLACEMENT_3D('',#11080,#8617,#8618);
#7470=AXIS2_PLACEMENT_3D('',#11082,#8619,#8620);
#7471=AXIS2_PLACEMENT_3D('',#11083,#8621,#8622);
#7472=AXIS2_PLACEMENT_3D('',#11084,#8623,#8624);
#7473=AXIS2_PLACEMENT_3D('',#11087,#8627,#8628);
#7474=AXIS2_PLACEMENT_3D('',#11090,#8629,#8630);
#7475=AXIS2_PLACEMENT_3D('',#11092,#8631,#8632);
#7476=AXIS2_PLACEMENT_3D('',#11093,#8633,#8634);
#7477=AXIS2_PLACEMENT_3D('',#11094,#8635,#8636);
#7478=AXIS2_PLACEMENT_3D('',#11097,#8639,#8640);
#7479=AXIS2_PLACEMENT_3D('',#11100,#8641,#8642);
#7480=AXIS2_PLACEMENT_3D('',#11103,#8645,#8646);
#7481=AXIS2_PLACEMENT_3D('',#11106,#8647,#8648);
#7482=AXIS2_PLACEMENT_3D('',#11109,#8651,#8652);
#7483=AXIS2_PLACEMENT_3D('',#11114,#8655,#8656);
#7484=AXIS2_PLACEMENT_3D('',#11115,#8657,#8658);
#7485=AXIS2_PLACEMENT_3D('',#11118,#8661,#8662);
#7486=AXIS2_PLACEMENT_3D('',#11123,#8665,#8666);
#7487=AXIS2_PLACEMENT_3D('',#11124,#8667,#8668);
#7488=AXIS2_PLACEMENT_3D('',#11127,#8671,#8672);
#7489=AXIS2_PLACEMENT_3D('',#11130,#8674,#8675);
#7490=AXIS2_PLACEMENT_3D('',#11131,#8676,#8677);
#7491=AXIS2_PLACEMENT_3D('',#11134,#8679,#8680);
#7492=AXIS2_PLACEMENT_3D('',#11135,#8681,#8682);
#7493=AXIS2_PLACEMENT_3D('',#11137,#8684,#8685);
#7494=AXIS2_PLACEMENT_3D('',#11139,#8687,#8688);
#7495=AXIS2_PLACEMENT_3D('',#11144,#8691,#8692);
#7496=AXIS2_PLACEMENT_3D('',#11145,#8693,#8694);
#7497=AXIS2_PLACEMENT_3D('',#11148,#8697,#8698);
#7498=AXIS2_PLACEMENT_3D('',#11151,#8701,#8702);
#7499=AXIS2_PLACEMENT_3D('',#11153,#8704,#8705);
#7500=AXIS2_PLACEMENT_3D('',#11156,#8708,#8709);
#7501=AXIS2_PLACEMENT_3D('',#11158,#8711,#8712);
#7502=AXIS2_PLACEMENT_3D('',#11160,#8714,#8715);
#7503=AXIS2_PLACEMENT_3D('',#11162,#8716,#8717);
#7504=AXIS2_PLACEMENT_3D('',#11164,#8719,#8720);
#7505=AXIS2_PLACEMENT_3D('',#11169,#8723,#8724);
#7506=AXIS2_PLACEMENT_3D('',#11170,#8725,#8726);
#7507=AXIS2_PLACEMENT_3D('',#11174,#8729,#8730);
#7508=AXIS2_PLACEMENT_3D('',#11175,#8731,#8732);
#7509=AXIS2_PLACEMENT_3D('',#11178,#8735,#8736);
#7510=AXIS2_PLACEMENT_3D('',#11180,#8738,#8739);
#7511=AXIS2_PLACEMENT_3D('',#11182,#8741,#8742);
#7512=AXIS2_PLACEMENT_3D('',#11185,#8745,#8746);
#7513=AXIS2_PLACEMENT_3D('',#11189,#8749,#8750);
#7514=AXIS2_PLACEMENT_3D('',#11193,#8753,#8754);
#7515=AXIS2_PLACEMENT_3D('',#11196,#8757,#8758);
#7516=AXIS2_PLACEMENT_3D('',#11201,#8762,#8763);
#7517=AXIS2_PLACEMENT_3D('',#11207,#8767,#8768);
#7518=AXIS2_PLACEMENT_3D('',#11211,#8771,#8772);
#7519=AXIS2_PLACEMENT_3D('',#11217,#8776,#8777);
#7520=AXIS2_PLACEMENT_3D('',#11219,#8779,#8780);
#7521=AXIS2_PLACEMENT_3D('',#11223,#8783,#8784);
#7522=AXIS2_PLACEMENT_3D('',#11224,#8785,#8786);
#7523=AXIS2_PLACEMENT_3D('',#11225,#8787,#8788);
#7524=AXIS2_PLACEMENT_3D('',#11226,#8789,#8790);
#7525=AXIS2_PLACEMENT_3D('',#11227,#8791,#8792);
#7526=AXIS2_PLACEMENT_3D('',#11228,#8793,#8794);
#7527=AXIS2_PLACEMENT_3D('',#11233,#8796,#8797);
#7528=AXIS2_PLACEMENT_3D('',#11236,#8799,#8800);
#7529=AXIS2_PLACEMENT_3D('',#11237,#8801,#8802);
#7530=AXIS2_PLACEMENT_3D('',#11240,#8803,#8804);
#7531=AXIS2_PLACEMENT_3D('',#11242,#8805,#8806);
#7532=AXIS2_PLACEMENT_3D('',#11243,#8807,#8808);
#7533=AXIS2_PLACEMENT_3D('',#11244,#8809,#8810);
#7534=AXIS2_PLACEMENT_3D('',#11247,#8811,#8812);
#7535=AXIS2_PLACEMENT_3D('',#11249,#8813,#8814);
#7536=AXIS2_PLACEMENT_3D('',#11250,#8815,#8816);
#7537=AXIS2_PLACEMENT_3D('',#11251,#8817,#8818);
#7538=AXIS2_PLACEMENT_3D('',#11254,#8821,#8822);
#7539=AXIS2_PLACEMENT_3D('',#11259,#8825,#8826);
#7540=AXIS2_PLACEMENT_3D('',#11260,#8827,#8828);
#7541=AXIS2_PLACEMENT_3D('',#11263,#8829,#8830);
#7542=AXIS2_PLACEMENT_3D('',#11265,#8831,#8832);
#7543=AXIS2_PLACEMENT_3D('',#11266,#8833,#8834);
#7544=AXIS2_PLACEMENT_3D('',#11267,#8835,#8836);
#7545=AXIS2_PLACEMENT_3D('',#11269,#8837,#8838);
#7546=AXIS2_PLACEMENT_3D('',#11271,#8839,#8840);
#7547=AXIS2_PLACEMENT_3D('',#11272,#8841,#8842);
#7548=AXIS2_PLACEMENT_3D('',#11273,#8843,#8844);
#7549=AXIS2_PLACEMENT_3D('',#11276,#8846,#8847);
#7550=AXIS2_PLACEMENT_3D('',#11277,#8848,#8849);
#7551=AXIS2_PLACEMENT_3D('',#11280,#8851,#8852);
#7552=AXIS2_PLACEMENT_3D('',#11281,#8853,#8854);
#7553=AXIS2_PLACEMENT_3D('',#11285,#8856,#8857);
#7554=AXIS2_PLACEMENT_3D('',#11286,#8858,#8859);
#7555=AXIS2_PLACEMENT_3D('',#11287,#8860,#8861);
#7556=AXIS2_PLACEMENT_3D('',#11290,#8864,#8865);
#7557=AXIS2_PLACEMENT_3D('',#11293,#8867,#8868);
#7558=AXIS2_PLACEMENT_3D('',#11294,#8869,#8870);
#7559=AXIS2_PLACEMENT_3D('',#11297,#8873,#8874);
#7560=AXIS2_PLACEMENT_3D('',#11300,#8877,#8878);
#7561=AXIS2_PLACEMENT_3D('',#11305,#8881,#8882);
#7562=AXIS2_PLACEMENT_3D('',#11306,#8883,#8884);
#7563=AXIS2_PLACEMENT_3D('',#11309,#8887,#8888);
#7564=AXIS2_PLACEMENT_3D('',#11312,#8891,#8892);
#7565=AXIS2_PLACEMENT_3D('',#11315,#8895,#8896);
#7566=AXIS2_PLACEMENT_3D('',#11320,#8899,#8900);
#7567=AXIS2_PLACEMENT_3D('',#11321,#8901,#8902);
#7568=AXIS2_PLACEMENT_3D('',#11324,#8905,#8906);
#7569=AXIS2_PLACEMENT_3D('',#11325,#8907,#8908);
#7570=AXIS2_PLACEMENT_3D('',#11330,#8912,#8913);
#7571=AXIS2_PLACEMENT_3D('',#11334,#8915,#8916);
#7572=AXIS2_PLACEMENT_3D('',#11336,#8918,#8919);
#7573=AXIS2_PLACEMENT_3D('',#11337,#8920,#8921);
#7574=AXIS2_PLACEMENT_3D('',#11338,#8922,#8923);
#7575=AXIS2_PLACEMENT_3D('',#11342,#8925,#8926);
#7576=AXIS2_PLACEMENT_3D('',#11344,#8928,#8929);
#7577=AXIS2_PLACEMENT_3D('',#11345,#8930,#8931);
#7578=AXIS2_PLACEMENT_3D('',#11348,#8933,#8934);
#7579=AXIS2_PLACEMENT_3D('',#11349,#8935,#8936);
#7580=AXIS2_PLACEMENT_3D('',#11352,#8938,#8939);
#7581=AXIS2_PLACEMENT_3D('',#11353,#8940,#8941);
#7582=AXIS2_PLACEMENT_3D('',#11356,#8944,#8945);
#7583=AXIS2_PLACEMENT_3D('',#11358,#8947,#8948);
#7584=AXIS2_PLACEMENT_3D('',#11375,#8958,#8959);
#7585=AXIS2_PLACEMENT_3D('',#11377,#8960,#8961);
#7586=AXIS2_PLACEMENT_3D('',#11380,#8963,#8964);
#7587=AXIS2_PLACEMENT_3D('',#11381,#8965,#8966);
#7588=AXIS2_PLACEMENT_3D('',#11383,#8967,#8968);
#7589=AXIS2_PLACEMENT_3D('',#11385,#8969,#8970);
#7590=AXIS2_PLACEMENT_3D('',#11386,#8971,#8972);
#7591=AXIS2_PLACEMENT_3D('',#11387,#8973,#8974);
#7592=AXIS2_PLACEMENT_3D('',#11390,#8976,#8977);
#7593=AXIS2_PLACEMENT_3D('',#11391,#8978,#8979);
#7594=AXIS2_PLACEMENT_3D('',#11394,#8980,#8981);
#7595=AXIS2_PLACEMENT_3D('',#11397,#8984,#8985);
#7596=AXIS2_PLACEMENT_3D('',#11400,#8987,#8988);
#7597=AXIS2_PLACEMENT_3D('',#11401,#8989,#8990);
#7598=AXIS2_PLACEMENT_3D('',#11404,#8991,#8992);
#7599=AXIS2_PLACEMENT_3D('',#11405,#8993,#8994);
#7600=AXIS2_PLACEMENT_3D('',#11406,#8995,#8996);
#7601=AXIS2_PLACEMENT_3D('',#11407,#8997,#8998);
#7602=AXIS2_PLACEMENT_3D('',#11409,#8999,#9000);
#7603=AXIS2_PLACEMENT_3D('',#11411,#9002,#9003);
#7604=AXIS2_PLACEMENT_3D('',#11413,#9005,#9006);
#7605=AXIS2_PLACEMENT_3D('',#11415,#9008,#9009);
#7606=AXIS2_PLACEMENT_3D('',#11418,#9010,#9011);
#7607=AXIS2_PLACEMENT_3D('',#11421,#9014,#9015);
#7608=AXIS2_PLACEMENT_3D('',#11423,#9017,#9018);
#7609=AXIS2_PLACEMENT_3D('',#11431,#9022,#9023);
#7610=AXIS2_PLACEMENT_3D('',#11433,#9025,#9026);
#7611=AXIS2_PLACEMENT_3D('',#11437,#9029,#9030);
#7612=AXIS2_PLACEMENT_3D('',#11443,#9033,#9034);
#7613=AXIS2_PLACEMENT_3D('',#11447,#9036,#9037);
#7614=AXIS2_PLACEMENT_3D('',#11451,#9040,#9041);
#7615=AXIS2_PLACEMENT_3D('',#11456,#9044,#9045);
#7616=AXIS2_PLACEMENT_3D('',#11457,#9046,#9047);
#7617=AXIS2_PLACEMENT_3D('',#11461,#9049,#9050);
#7618=AXIS2_PLACEMENT_3D('',#11463,#9052,#9053);
#7619=AXIS2_PLACEMENT_3D('',#11467,#9055,#9056);
#7620=AXIS2_PLACEMENT_3D('',#11469,#9058,#9059);
#7621=AXIS2_PLACEMENT_3D('',#11473,#9062,#9063);
#7622=AXIS2_PLACEMENT_3D('',#11477,#9066,#9067);
#7623=AXIS2_PLACEMENT_3D('',#11481,#9070,#9071);
#7624=AXIS2_PLACEMENT_3D('',#11484,#9072,#9073);
#7625=AXIS2_PLACEMENT_3D('',#11486,#9074,#9075);
#7626=AXIS2_PLACEMENT_3D('',#11487,#9076,#9077);
#7627=AXIS2_PLACEMENT_3D('',#11488,#9078,#9079);
#7628=AXIS2_PLACEMENT_3D('',#11491,#9080,#9081);
#7629=AXIS2_PLACEMENT_3D('',#11494,#9084,#9085);
#7630=AXIS2_PLACEMENT_3D('',#11497,#9086,#9087);
#7631=AXIS2_PLACEMENT_3D('',#11500,#9090,#9091);
#7632=AXIS2_PLACEMENT_3D('',#11505,#9094,#9095);
#7633=AXIS2_PLACEMENT_3D('',#11506,#9096,#9097);
#7634=AXIS2_PLACEMENT_3D('',#11509,#9100,#9101);
#7635=AXIS2_PLACEMENT_3D('',#11513,#9104,#9105);
#7636=AXIS2_PLACEMENT_3D('',#11515,#9107,#9108);
#7637=AXIS2_PLACEMENT_3D('',#11518,#9109,#9110);
#7638=AXIS2_PLACEMENT_3D('',#11520,#9111,#9112);
#7639=AXIS2_PLACEMENT_3D('',#11522,#9113,#9114);
#7640=AXIS2_PLACEMENT_3D('',#11523,#9115,#9116);
#7641=AXIS2_PLACEMENT_3D('',#11524,#9117,#9118);
#7642=AXIS2_PLACEMENT_3D('',#11527,#9119,#9120);
#7643=AXIS2_PLACEMENT_3D('',#11530,#9123,#9124);
#7644=AXIS2_PLACEMENT_3D('',#11531,#9125,#9126);
#7645=AXIS2_PLACEMENT_3D('',#11532,#9127,#9128);
#7646=AXIS2_PLACEMENT_3D('',#11533,#9129,#9130);
#7647=AXIS2_PLACEMENT_3D('',#11535,#9132,#9133);
#7648=AXIS2_PLACEMENT_3D('',#11538,#9134,#9135);
#7649=AXIS2_PLACEMENT_3D('',#11540,#9136,#9137);
#7650=AXIS2_PLACEMENT_3D('',#11542,#9138,#9139);
#7651=AXIS2_PLACEMENT_3D('',#11543,#9140,#9141);
#7652=AXIS2_PLACEMENT_3D('',#11544,#9142,#9143);
#7653=AXIS2_PLACEMENT_3D('',#11547,#9144,#9145);
#7654=AXIS2_PLACEMENT_3D('',#11550,#9148,#9149);
#7655=AXIS2_PLACEMENT_3D('',#11553,#9150,#9151);
#7656=AXIS2_PLACEMENT_3D('',#11554,#9152,#9153);
#7657=AXIS2_PLACEMENT_3D('',#11555,#9154,#9155);
#7658=AXIS2_PLACEMENT_3D('',#11556,#9156,#9157);
#7659=AXIS2_PLACEMENT_3D('',#11561,#9161,#9162);
#7660=AXIS2_PLACEMENT_3D('',#11565,#9164,#9165);
#7661=AXIS2_PLACEMENT_3D('',#11566,#9166,#9167);
#7662=AXIS2_PLACEMENT_3D('',#11567,#9168,#9169);
#7663=AXIS2_PLACEMENT_3D('',#11569,#9170,#9171);
#7664=AXIS2_PLACEMENT_3D('',#11572,#9173,#9174);
#7665=AXIS2_PLACEMENT_3D('',#11573,#9175,#9176);
#7666=AXIS2_PLACEMENT_3D('',#11576,#9179,#9180);
#7667=AXIS2_PLACEMENT_3D('',#11636,#9213,#9214);
#7668=AXIS2_PLACEMENT_3D('',#11640,#9216,#9217);
#7669=AXIS2_PLACEMENT_3D('',#11644,#9219,#9220);
#7670=AXIS2_PLACEMENT_3D('',#11648,#9222,#9223);
#7671=AXIS2_PLACEMENT_3D('',#11650,#9225,#9226);
#7672=AXIS2_PLACEMENT_3D('',#11653,#9227,#9228);
#7673=AXIS2_PLACEMENT_3D('',#11655,#9229,#9230);
#7674=AXIS2_PLACEMENT_3D('',#11657,#9231,#9232);
#7675=AXIS2_PLACEMENT_3D('',#11658,#9233,#9234);
#7676=AXIS2_PLACEMENT_3D('',#11659,#9235,#9236);
#7677=AXIS2_PLACEMENT_3D('',#11662,#9237,#9238);
#7678=AXIS2_PLACEMENT_3D('',#11665,#9241,#9242);
#7679=AXIS2_PLACEMENT_3D('',#11668,#9243,#9244);
#7680=AXIS2_PLACEMENT_3D('',#11669,#9245,#9246);
#7681=AXIS2_PLACEMENT_3D('',#11670,#9247,#9248);
#7682=AXIS2_PLACEMENT_3D('',#11671,#9249,#9250);
#7683=AXIS2_PLACEMENT_3D('',#11674,#9253,#9254);
#7684=AXIS2_PLACEMENT_3D('',#11677,#9257,#9258);
#7685=AXIS2_PLACEMENT_3D('',#11679,#9260,#9261);
#7686=AXIS2_PLACEMENT_3D('',#11680,#9262,#9263);
#7687=AXIS2_PLACEMENT_3D('',#11683,#9264,#9265);
#7688=AXIS2_PLACEMENT_3D('',#11685,#9266,#9267);
#7689=AXIS2_PLACEMENT_3D('',#11687,#9268,#9269);
#7690=AXIS2_PLACEMENT_3D('',#11688,#9270,#9271);
#7691=AXIS2_PLACEMENT_3D('',#11689,#9272,#9273);
#7692=AXIS2_PLACEMENT_3D('',#11692,#9274,#9275);
#7693=AXIS2_PLACEMENT_3D('',#11695,#9278,#9279);
#7694=AXIS2_PLACEMENT_3D('',#11698,#9280,#9281);
#7695=AXIS2_PLACEMENT_3D('',#11699,#9282,#9283);
#7696=AXIS2_PLACEMENT_3D('',#11700,#9284,#9285);
#7697=AXIS2_PLACEMENT_3D('',#11701,#9286,#9287);
#7698=AXIS2_PLACEMENT_3D('',#11704,#9290,#9291);
#7699=AXIS2_PLACEMENT_3D('',#11707,#9294,#9295);
#7700=AXIS2_PLACEMENT_3D('',#11709,#9297,#9298);
#7701=AXIS2_PLACEMENT_3D('',#11710,#9299,#9300);
#7702=AXIS2_PLACEMENT_3D('',#11712,#9302,#9303);
#7703=AXIS2_PLACEMENT_3D('',#11713,#9304,#9305);
#7704=AXIS2_PLACEMENT_3D('',#11715,#9307,#9308);
#7705=AXIS2_PLACEMENT_3D('',#11716,#9309,#9310);
#7706=AXIS2_PLACEMENT_3D('',#11718,#9311,#9312);
#7707=AXIS2_PLACEMENT_3D('',#11721,#9314,#9315);
#7708=AXIS2_PLACEMENT_3D('',#11722,#9316,#9317);
#7709=AXIS2_PLACEMENT_3D('',#11726,#9319,#9320);
#7710=AXIS2_PLACEMENT_3D('',#11727,#9321,#9322);
#7711=AXIS2_PLACEMENT_3D('',#11728,#9323,#9324);
#7712=AXIS2_PLACEMENT_3D('',#11730,#9326,#9327);
#7713=AXIS2_PLACEMENT_3D('',#11732,#9329,#9330);
#7714=AXIS2_PLACEMENT_3D('',#11738,#9334,#9335);
#7715=AXIS2_PLACEMENT_3D('',#11742,#9338,#9339);
#7716=AXIS2_PLACEMENT_3D('',#11744,#9340,#9341);
#7717=AXIS2_PLACEMENT_3D('',#11746,#9342,#9343);
#7718=AXIS2_PLACEMENT_3D('',#11747,#9344,#9345);
#7719=AXIS2_PLACEMENT_3D('',#11748,#9346,#9347);
#7720=AXIS2_PLACEMENT_3D('',#11750,#9348,#9349);
#7721=AXIS2_PLACEMENT_3D('',#11752,#9350,#9351);
#7722=AXIS2_PLACEMENT_3D('',#11753,#9352,#9353);
#7723=AXIS2_PLACEMENT_3D('',#11754,#9354,#9355);
#7724=AXIS2_PLACEMENT_3D('',#11757,#9356,#9357);
#7725=AXIS2_PLACEMENT_3D('',#11760,#9360,#9361);
#7726=AXIS2_PLACEMENT_3D('',#11762,#9363,#9364);
#7727=AXIS2_PLACEMENT_3D('',#11764,#9366,#9367);
#7728=AXIS2_PLACEMENT_3D('',#11767,#9368,#9369);
#7729=AXIS2_PLACEMENT_3D('',#11770,#9372,#9373);
#7730=AXIS2_PLACEMENT_3D('',#11772,#9375,#9376);
#7731=AXIS2_PLACEMENT_3D('',#11777,#9380,#9381);
#7732=AXIS2_PLACEMENT_3D('',#11780,#9383,#9384);
#7733=AXIS2_PLACEMENT_3D('',#11781,#9385,#9386);
#7734=AXIS2_PLACEMENT_3D('',#11782,#9387,#9388);
#7735=AXIS2_PLACEMENT_3D('',#11783,#9389,#9390);
#7736=AXIS2_PLACEMENT_3D('',#11784,#9391,#9392);
#7737=AXIS2_PLACEMENT_3D('',#11785,#9393,#9394);
#7738=AXIS2_PLACEMENT_3D('',#11786,#9395,#9396);
#7739=AXIS2_PLACEMENT_3D('',#11788,#9398,#9399);
#7740=AXIS2_PLACEMENT_3D('',#11790,#9400,#9401);
#7741=AXIS2_PLACEMENT_3D('',#11793,#9403,#9404);
#7742=AXIS2_PLACEMENT_3D('',#11794,#9405,#9406);
#7743=AXIS2_PLACEMENT_3D('',#11798,#9408,#9409);
#7744=AXIS2_PLACEMENT_3D('',#11799,#9410,#9411);
#7745=AXIS2_PLACEMENT_3D('',#11800,#9412,#9413);
#7746=AXIS2_PLACEMENT_3D('',#11802,#9415,#9416);
#7747=AXIS2_PLACEMENT_3D('',#11804,#9418,#9419);
#7748=AXIS2_PLACEMENT_3D('',#11810,#9423,#9424);
#7749=AXIS2_PLACEMENT_3D('',#11814,#9427,#9428);
#7750=AXIS2_PLACEMENT_3D('',#11816,#9429,#9430);
#7751=AXIS2_PLACEMENT_3D('',#11818,#9431,#9432);
#7752=AXIS2_PLACEMENT_3D('',#11819,#9433,#9434);
#7753=AXIS2_PLACEMENT_3D('',#11820,#9435,#9436);
#7754=AXIS2_PLACEMENT_3D('',#11822,#9437,#9438);
#7755=AXIS2_PLACEMENT_3D('',#11824,#9439,#9440);
#7756=AXIS2_PLACEMENT_3D('',#11825,#9441,#9442);
#7757=AXIS2_PLACEMENT_3D('',#11826,#9443,#9444);
#7758=AXIS2_PLACEMENT_3D('',#11829,#9445,#9446);
#7759=AXIS2_PLACEMENT_3D('',#11832,#9449,#9450);
#7760=AXIS2_PLACEMENT_3D('',#11834,#9452,#9453);
#7761=AXIS2_PLACEMENT_3D('',#11836,#9455,#9456);
#7762=AXIS2_PLACEMENT_3D('',#11839,#9457,#9458);
#7763=AXIS2_PLACEMENT_3D('',#11842,#9461,#9462);
#7764=AXIS2_PLACEMENT_3D('',#11844,#9464,#9465);
#7765=AXIS2_PLACEMENT_3D('',#11849,#9469,#9470);
#7766=AXIS2_PLACEMENT_3D('',#11852,#9472,#9473);
#7767=AXIS2_PLACEMENT_3D('',#11853,#9474,#9475);
#7768=AXIS2_PLACEMENT_3D('',#11854,#9476,#9477);
#7769=AXIS2_PLACEMENT_3D('',#11855,#9478,#9479);
#7770=AXIS2_PLACEMENT_3D('',#11856,#9480,#9481);
#7771=AXIS2_PLACEMENT_3D('',#11857,#9482,#9483);
#7772=AXIS2_PLACEMENT_3D('',#11858,#9484,#9485);
#7773=AXIS2_PLACEMENT_3D('',#11860,#9487,#9488);
#7774=AXIS2_PLACEMENT_3D('',#11869,#9493,#9494);
#7775=AXIS2_PLACEMENT_3D('',#11875,#9498,#9499);
#7776=AXIS2_PLACEMENT_3D('',#11881,#9503,#9504);
#7777=AXIS2_PLACEMENT_3D('',#11886,#9508,#9509);
#7778=AXIS2_PLACEMENT_3D('',#11888,#9511,#9512);
#7779=AXIS2_PLACEMENT_3D('',#11891,#9515,#9516);
#7780=AXIS2_PLACEMENT_3D('',#11892,#9517,#9518);
#7781=AXIS2_PLACEMENT_3D('',#11893,#9519,#9520);
#7782=AXIS2_PLACEMENT_3D('',#11902,#9525,#9526);
#7783=AXIS2_PLACEMENT_3D('',#11908,#9530,#9531);
#7784=AXIS2_PLACEMENT_3D('',#11914,#9535,#9536);
#7785=AXIS2_PLACEMENT_3D('',#11919,#9540,#9541);
#7786=AXIS2_PLACEMENT_3D('',#11921,#9543,#9544);
#7787=AXIS2_PLACEMENT_3D('',#11924,#9547,#9548);
#7788=AXIS2_PLACEMENT_3D('',#11925,#9549,#9550);
#7789=AXIS2_PLACEMENT_3D('',#11927,#9552,#9553);
#7790=AXIS2_PLACEMENT_3D('',#11929,#9555,#9556);
#7791=AXIS2_PLACEMENT_3D('',#11930,#9557,#9558);
#7792=AXIS2_PLACEMENT_3D('',#11932,#9559,#9560);
#7793=AXIS2_PLACEMENT_3D('',#11935,#9562,#9563);
#7794=AXIS2_PLACEMENT_3D('',#11936,#9564,#9565);
#7795=AXIS2_PLACEMENT_3D('',#11940,#9567,#9568);
#7796=AXIS2_PLACEMENT_3D('',#11941,#9569,#9570);
#7797=AXIS2_PLACEMENT_3D('',#11942,#9571,#9572);
#7798=AXIS2_PLACEMENT_3D('',#11944,#9574,#9575);
#7799=AXIS2_PLACEMENT_3D('',#11946,#9577,#9578);
#7800=AXIS2_PLACEMENT_3D('',#11952,#9582,#9583);
#7801=AXIS2_PLACEMENT_3D('',#11956,#9586,#9587);
#7802=AXIS2_PLACEMENT_3D('',#11958,#9588,#9589);
#7803=AXIS2_PLACEMENT_3D('',#11960,#9590,#9591);
#7804=AXIS2_PLACEMENT_3D('',#11961,#9592,#9593);
#7805=AXIS2_PLACEMENT_3D('',#11962,#9594,#9595);
#7806=AXIS2_PLACEMENT_3D('',#11964,#9596,#9597);
#7807=AXIS2_PLACEMENT_3D('',#11966,#9598,#9599);
#7808=AXIS2_PLACEMENT_3D('',#11967,#9600,#9601);
#7809=AXIS2_PLACEMENT_3D('',#11968,#9602,#9603);
#7810=AXIS2_PLACEMENT_3D('',#11971,#9604,#9605);
#7811=AXIS2_PLACEMENT_3D('',#11974,#9608,#9609);
#7812=AXIS2_PLACEMENT_3D('',#11976,#9611,#9612);
#7813=AXIS2_PLACEMENT_3D('',#11978,#9614,#9615);
#7814=AXIS2_PLACEMENT_3D('',#11981,#9616,#9617);
#7815=AXIS2_PLACEMENT_3D('',#11984,#9620,#9621);
#7816=AXIS2_PLACEMENT_3D('',#11986,#9623,#9624);
#7817=AXIS2_PLACEMENT_3D('',#11991,#9628,#9629);
#7818=AXIS2_PLACEMENT_3D('',#11994,#9631,#9632);
#7819=AXIS2_PLACEMENT_3D('',#11995,#9633,#9634);
#7820=AXIS2_PLACEMENT_3D('',#11996,#9635,#9636);
#7821=AXIS2_PLACEMENT_3D('',#11997,#9637,#9638);
#7822=AXIS2_PLACEMENT_3D('',#11998,#9639,#9640);
#7823=AXIS2_PLACEMENT_3D('',#11999,#9641,#9642);
#7824=AXIS2_PLACEMENT_3D('',#12000,#9643,#9644);
#7825=AXIS2_PLACEMENT_3D('',#12002,#9646,#9647);
#7826=AXIS2_PLACEMENT_3D('',#12011,#9652,#9653);
#7827=AXIS2_PLACEMENT_3D('',#12017,#9657,#9658);
#7828=AXIS2_PLACEMENT_3D('',#12023,#9662,#9663);
#7829=AXIS2_PLACEMENT_3D('',#12028,#9667,#9668);
#7830=AXIS2_PLACEMENT_3D('',#12030,#9670,#9671);
#7831=AXIS2_PLACEMENT_3D('',#12033,#9674,#9675);
#7832=AXIS2_PLACEMENT_3D('',#12034,#9676,#9677);
#7833=AXIS2_PLACEMENT_3D('',#12035,#9678,#9679);
#7834=AXIS2_PLACEMENT_3D('',#12036,#9680,#9681);
#7835=AXIS2_PLACEMENT_3D('',#12038,#9683,#9684);
#7836=AXIS2_PLACEMENT_3D('',#12040,#9686,#9687);
#7837=AXIS2_PLACEMENT_3D('',#12042,#9689,#9690);
#7838=AXIS2_PLACEMENT_3D('',#12043,#9691,#9692);
#7839=AXIS2_PLACEMENT_3D('',#12045,#9694,#9695);
#7840=AXIS2_PLACEMENT_3D('',#12047,#9697,#9698);
#7841=AXIS2_PLACEMENT_3D('',#12049,#9700,#9701);
#7842=AXIS2_PLACEMENT_3D('',#12050,#9702,#9703);
#7843=AXIS2_PLACEMENT_3D('',#12056,#9708,#9709);
#7844=AXIS2_PLACEMENT_3D('',#12057,#9710,#9711);
#7845=AXIS2_PLACEMENT_3D('',#12058,#9712,#9713);
#7846=AXIS2_PLACEMENT_3D('',#12060,#9715,#9716);
#7847=AXIS2_PLACEMENT_3D('',#12064,#9718,#9719);
#7848=AXIS2_PLACEMENT_3D('',#12067,#9721,#9722);
#7849=AXIS2_PLACEMENT_3D('',#12068,#9723,#9724);
#7850=AXIS2_PLACEMENT_3D('',#12070,#9726,#9727);
#7851=AXIS2_PLACEMENT_3D('',#12072,#9729,#9730);
#7852=AXIS2_PLACEMENT_3D('',#12076,#9733,#9734);
#7853=AXIS2_PLACEMENT_3D('',#12082,#9737,#9738);
#7854=AXIS2_PLACEMENT_3D('',#12086,#9740,#9741);
#7855=AXIS2_PLACEMENT_3D('',#12088,#9743,#9744);
#7856=AXIS2_PLACEMENT_3D('',#12089,#9745,#9746);
#7857=AXIS2_PLACEMENT_3D('',#12091,#9748,#9749);
#7858=AXIS2_PLACEMENT_3D('',#12093,#9751,#9752);
#7859=AXIS2_PLACEMENT_3D('',#12095,#9754,#9755);
#7860=AXIS2_PLACEMENT_3D('',#12097,#9757,#9758);
#7861=AXIS2_PLACEMENT_3D('',#12100,#9761,#9762);
#7862=AXIS2_PLACEMENT_3D('',#12102,#9764,#9765);
#7863=AXIS2_PLACEMENT_3D('',#12104,#9767,#9768);
#7864=AXIS2_PLACEMENT_3D('',#12105,#9769,#9770);
#7865=AXIS2_PLACEMENT_3D('',#12107,#9772,#9773);
#7866=AXIS2_PLACEMENT_3D('',#12109,#9775,#9776);
#7867=AXIS2_PLACEMENT_3D('',#12110,#9777,#9778);
#7868=AXIS2_PLACEMENT_3D('',#12112,#9780,#9781);
#7869=AXIS2_PLACEMENT_3D('',#12113,#9782,#9783);
#7870=AXIS2_PLACEMENT_3D('',#12115,#9785,#9786);
#7871=AXIS2_PLACEMENT_3D('',#12116,#9787,#9788);
#7872=AXIS2_PLACEMENT_3D('',#12119,#9789,#9790);
#7873=AXIS2_PLACEMENT_3D('',#12120,#9791,#9792);
#7874=AXIS2_PLACEMENT_3D('',#12121,#9793,#9794);
#7875=AXIS2_PLACEMENT_3D('',#12122,#9795,#9796);
#7876=AXIS2_PLACEMENT_3D('',#12125,#9797,#9798);
#7877=AXIS2_PLACEMENT_3D('',#12128,#9801,#9802);
#7878=AXIS2_PLACEMENT_3D('',#12129,#9803,#9804);
#7879=AXIS2_PLACEMENT_3D('',#12130,#9805,#9806);
#7880=AXIS2_PLACEMENT_3D('',#12131,#9807,#9808);
#7881=AXIS2_PLACEMENT_3D('',#12132,#9809,#9810);
#7882=AXIS2_PLACEMENT_3D('',#12135,#9811,#9812);
#7883=AXIS2_PLACEMENT_3D('',#12137,#9813,#9814);
#7884=AXIS2_PLACEMENT_3D('',#12139,#9815,#9816);
#7885=AXIS2_PLACEMENT_3D('',#12140,#9817,#9818);
#7886=AXIS2_PLACEMENT_3D('',#12141,#9819,#9820);
#7887=AXIS2_PLACEMENT_3D('',#12144,#9821,#9822);
#7888=AXIS2_PLACEMENT_3D('',#12147,#9825,#9826);
#7889=AXIS2_PLACEMENT_3D('',#12150,#9827,#9828);
#7890=AXIS2_PLACEMENT_3D('',#12151,#9829,#9830);
#7891=AXIS2_PLACEMENT_3D('',#12152,#9831,#9832);
#7892=AXIS2_PLACEMENT_3D('',#12153,#9833,#9834);
#7893=AXIS2_PLACEMENT_3D('',#12155,#9836,#9837);
#7894=AXIS2_PLACEMENT_3D('',#12158,#9838,#9839);
#7895=AXIS2_PLACEMENT_3D('',#12160,#9840,#9841);
#7896=AXIS2_PLACEMENT_3D('',#12161,#9842,#9843);
#7897=AXIS2_PLACEMENT_3D('',#12162,#9844,#9845);
#7898=AXIS2_PLACEMENT_3D('',#12165,#9846,#9847);
#7899=AXIS2_PLACEMENT_3D('',#12168,#9850,#9851);
#7900=AXIS2_PLACEMENT_3D('',#12171,#9854,#9855);
#7901=AXIS2_PLACEMENT_3D('',#12174,#9856,#9857);
#7902=AXIS2_PLACEMENT_3D('',#12176,#9858,#9859);
#7903=AXIS2_PLACEMENT_3D('',#12177,#9860,#9861);
#7904=AXIS2_PLACEMENT_3D('',#12178,#9862,#9863);
#7905=AXIS2_PLACEMENT_3D('',#12181,#9864,#9865);
#7906=AXIS2_PLACEMENT_3D('',#12184,#9868,#9869);
#7907=AXIS2_PLACEMENT_3D('',#12187,#9872,#9873);
#7908=AXIS2_PLACEMENT_3D('',#12190,#9876,#9877);
#7909=AXIS2_PLACEMENT_3D('',#12192,#9879,#9880);
#7910=AXIS2_PLACEMENT_3D('',#12194,#9882,#9883);
#7911=AXIS2_PLACEMENT_3D('',#12197,#9884,#9885);
#7912=AXIS2_PLACEMENT_3D('',#12199,#9886,#9887);
#7913=AXIS2_PLACEMENT_3D('',#12200,#9888,#9889);
#7914=AXIS2_PLACEMENT_3D('',#12201,#9890,#9891);
#7915=AXIS2_PLACEMENT_3D('',#12204,#9892,#9893);
#7916=AXIS2_PLACEMENT_3D('',#12207,#9896,#9897);
#7917=AXIS2_PLACEMENT_3D('',#12210,#9900,#9901);
#7918=AXIS2_PLACEMENT_3D('',#12213,#9902,#9903);
#7919=AXIS2_PLACEMENT_3D('',#12215,#9904,#9905);
#7920=AXIS2_PLACEMENT_3D('',#12216,#9906,#9907);
#7921=AXIS2_PLACEMENT_3D('',#12217,#9908,#9909);
#7922=AXIS2_PLACEMENT_3D('',#12220,#9910,#9911);
#7923=AXIS2_PLACEMENT_3D('',#12223,#9914,#9915);
#7924=AXIS2_PLACEMENT_3D('',#12226,#9918,#9919);
#7925=AXIS2_PLACEMENT_3D('',#12229,#9922,#9923);
#7926=AXIS2_PLACEMENT_3D('',#12231,#9925,#9926);
#7927=AXIS2_PLACEMENT_3D('',#12233,#9928,#9929);
#7928=AXIS2_PLACEMENT_3D('',#12236,#9930,#9931);
#7929=AXIS2_PLACEMENT_3D('',#12238,#9932,#9933);
#7930=AXIS2_PLACEMENT_3D('',#12239,#9934,#9935);
#7931=AXIS2_PLACEMENT_3D('',#12240,#9936,#9937);
#7932=AXIS2_PLACEMENT_3D('',#12243,#9938,#9939);
#7933=AXIS2_PLACEMENT_3D('',#12246,#9942,#9943);
#7934=AXIS2_PLACEMENT_3D('',#12249,#9944,#9945);
#7935=AXIS2_PLACEMENT_3D('',#12251,#9946,#9947);
#7936=AXIS2_PLACEMENT_3D('',#12252,#9948,#9949);
#7937=AXIS2_PLACEMENT_3D('',#12253,#9950,#9951);
#7938=AXIS2_PLACEMENT_3D('',#12256,#9952,#9953);
#7939=AXIS2_PLACEMENT_3D('',#12259,#9956,#9957);
#7940=AXIS2_PLACEMENT_3D('',#12262,#9960,#9961);
#7941=AXIS2_PLACEMENT_3D('',#12265,#9964,#9965);
#7942=AXIS2_PLACEMENT_3D('',#12268,#9968,#9969);
#7943=AXIS2_PLACEMENT_3D('',#12270,#9971,#9972);
#7944=AXIS2_PLACEMENT_3D('',#12272,#9974,#9975);
#7945=AXIS2_PLACEMENT_3D('',#12275,#9976,#9977);
#7946=AXIS2_PLACEMENT_3D('',#12277,#9978,#9979);
#7947=AXIS2_PLACEMENT_3D('',#12278,#9980,#9981);
#7948=AXIS2_PLACEMENT_3D('',#12279,#9982,#9983);
#7949=AXIS2_PLACEMENT_3D('',#12282,#9984,#9985);
#7950=AXIS2_PLACEMENT_3D('',#12285,#9988,#9989);
#7951=AXIS2_PLACEMENT_3D('',#12288,#9992,#9993);
#7952=AXIS2_PLACEMENT_3D('',#12291,#9994,#9995);
#7953=AXIS2_PLACEMENT_3D('',#12293,#9996,#9997);
#7954=AXIS2_PLACEMENT_3D('',#12294,#9998,#9999);
#7955=AXIS2_PLACEMENT_3D('',#12295,#10000,#10001);
#7956=AXIS2_PLACEMENT_3D('',#12298,#10002,#10003);
#7957=AXIS2_PLACEMENT_3D('',#12301,#10006,#10007);
#7958=AXIS2_PLACEMENT_3D('',#12304,#10010,#10011);
#7959=AXIS2_PLACEMENT_3D('',#12307,#10014,#10015);
#7960=AXIS2_PLACEMENT_3D('',#12309,#10017,#10018);
#7961=AXIS2_PLACEMENT_3D('',#12311,#10020,#10021);
#7962=AXIS2_PLACEMENT_3D('',#12315,#10023,#10024);
#7963=AXIS2_PLACEMENT_3D('',#12317,#10026,#10027);
#7964=AXIS2_PLACEMENT_3D('',#12321,#10030,#10031);
#7965=AXIS2_PLACEMENT_3D('',#12323,#10032,#10033);
#7966=AXIS2_PLACEMENT_3D('',#12325,#10035,#10036);
#7967=AXIS2_PLACEMENT_3D('',#12328,#10038,#10039);
#7968=AXIS2_PLACEMENT_3D('',#12329,#10040,#10041);
#7969=AXIS2_PLACEMENT_3D('',#12333,#10044,#10045);
#7970=AXIS2_PLACEMENT_3D('',#12334,#10046,#10047);
#7971=AXIS2_PLACEMENT_3D('',#12335,#10048,#10049);
#7972=AXIS2_PLACEMENT_3D('',#12338,#10052,#10053);
#7973=AXIS2_PLACEMENT_3D('',#12342,#10057,#10058);
#7974=AXIS2_PLACEMENT_3D('',#12343,#10059,#10060);
#7975=AXIS2_PLACEMENT_3D('',#12344,#10061,#10062);
#7976=AXIS2_PLACEMENT_3D('',#12346,#10064,#10065);
#7977=AXIS2_PLACEMENT_3D('',#12347,#10066,#10067);
#7978=AXIS2_PLACEMENT_3D('',#12349,#10069,#10070);
#7979=AXIS2_PLACEMENT_3D('',#12350,#10071,#10072);
#7980=AXIS2_PLACEMENT_3D('',#12351,#10073,#10074);
#7981=AXIS2_PLACEMENT_3D('',#12352,#10075,#10076);
#7982=AXIS2_PLACEMENT_3D('',#12353,#10077,#10078);
#7983=AXIS2_PLACEMENT_3D('',#12354,#10079,#10080);
#7984=AXIS2_PLACEMENT_3D('',#12355,#10081,#10082);
#7985=AXIS2_PLACEMENT_3D('',#12356,#10083,#10084);
#7986=AXIS2_PLACEMENT_3D('',#12357,#10085,#10086);
#7987=DIRECTION('axis',(0.,0.,1.));
#7988=DIRECTION('refdir',(1.,0.,0.));
#7989=DIRECTION('center_axis',(1.,-1.11022302462518E-14,0.));
#7990=DIRECTION('ref_axis',(0.,0.,-1.));
#7991=DIRECTION('',(0.,0.,1.));
#7992=DIRECTION('center_axis',(0.,0.,1.));
#7993=DIRECTION('ref_axis',(-3.5699258332303E-16,-1.,0.));
#7994=DIRECTION('center_axis',(0.,0.,1.));
#7995=DIRECTION('ref_axis',(1.,0.,0.));
#7996=DIRECTION('center_axis',(1.,0.,0.));
#7997=DIRECTION('ref_axis',(0.,0.,-1.));
#7998=DIRECTION('',(0.,0.,1.));
#7999=DIRECTION('center_axis',(0.,0.,1.));
#8000=DIRECTION('ref_axis',(5.44894736012347E-16,-1.,0.));
#8001=DIRECTION('center_axis',(0.,0.,1.));
#8002=DIRECTION('ref_axis',(1.,0.,0.));
#8003=DIRECTION('center_axis',(-1.,0.,0.));
#8004=DIRECTION('ref_axis',(0.,0.707106781186555,0.70710678118654));
#8005=DIRECTION('',(1.,0.,0.));
#8006=DIRECTION('center_axis',(-0.707106781186544,-0.707106781186551,3.92523114670941E-15));
#8007=DIRECTION('ref_axis',(0.707106781186551,-0.707106781186544,3.92523114670937E-15));
#8008=DIRECTION('',(-1.,0.,0.));
#8009=DIRECTION('center_axis',(-0.707106781186546,0.707106781186549,0.));
#8010=DIRECTION('ref_axis',(-0.707106781186549,-0.707106781186546,0.));
#8011=DIRECTION('center_axis',(1.,0.,0.));
#8012=DIRECTION('ref_axis',(0.,-0.70710678118654,0.707106781186555));
#8013=DIRECTION('',(1.,0.,0.));
#8014=DIRECTION('center_axis',(0.707106781186536,0.707106781186559,0.));
#8015=DIRECTION('ref_axis',(-0.707106781186559,0.707106781186536,0.));
#8016=DIRECTION('',(1.,0.,0.));
#8017=DIRECTION('center_axis',(-0.707106781186536,0.707106781186559,0.));
#8018=DIRECTION('ref_axis',(-0.707106781186559,-0.707106781186536,0.));
#8019=DIRECTION('center_axis',(-1.46374861589167E-16,1.,0.));
#8020=DIRECTION('ref_axis',(0.707106781186548,0.,0.707106781186548));
#8021=DIRECTION('',(-1.46374861589167E-16,1.,0.));
#8022=DIRECTION('',(1.46374861589167E-16,-1.,0.));
#8023=DIRECTION('center_axis',(1.46374861589167E-16,-1.,0.));
#8024=DIRECTION('ref_axis',(-0.707106781186548,0.,0.707106781186548));
#8025=DIRECTION('',(-1.46374861589167E-16,1.,0.));
#8026=DIRECTION('',(1.46374861589167E-16,-1.,0.));
#8027=DIRECTION('center_axis',(1.,1.46374861589167E-16,0.));
#8028=DIRECTION('ref_axis',(-1.46374861589167E-16,1.,0.));
#8029=DIRECTION('',(0.,0.,-1.));
#8030=DIRECTION('',(-1.46374861589167E-16,1.,0.));
#8031=DIRECTION('',(0.,0.,1.));
#8032=DIRECTION('',(-1.46374861589167E-16,1.,0.));
#8033=DIRECTION('',(0.,0.,1.));
#8034=DIRECTION('',(1.46374861589167E-16,-1.,0.));
#8035=DIRECTION('',(0.,0.,1.));
#8036=DIRECTION('',(-1.46374861589167E-16,1.,0.));
#8037=DIRECTION('',(0.,0.,1.));
#8038=DIRECTION('',(1.46374861589167E-16,-1.,0.));
#8039=DIRECTION('',(0.,0.,-1.));
#8040=DIRECTION('',(-1.46374861589167E-16,1.,0.));
#8041=DIRECTION('',(0.,0.,1.));
#8042=DIRECTION('',(-1.46374861589167E-16,1.,0.));
#8043=DIRECTION('',(0.,0.,-1.));
#8044=DIRECTION('',(1.46374861589167E-16,-1.,0.));
#8045=DIRECTION('',(0.,0.,-1.));
#8046=DIRECTION('',(-1.46374861589167E-16,1.,0.));
#8047=DIRECTION('',(0.,0.,-1.));
#8048=DIRECTION('center_axis',(0.,1.,0.));
#8049=DIRECTION('ref_axis',(1.,0.,0.));
#8050=DIRECTION('',(0.,0.,-1.));
#8051=DIRECTION('',(-1.,0.,0.));
#8052=DIRECTION('center_axis',(-1.,0.,0.));
#8053=DIRECTION('ref_axis',(0.,0.707106781186555,0.70710678118654));
#8054=DIRECTION('',(-1.,0.,0.));
#8055=DIRECTION('center_axis',(0.707106781186551,-0.707106781186544,0.));
#8056=DIRECTION('ref_axis',(0.707106781186544,0.707106781186551,0.));
#8057=DIRECTION('',(1.,0.,0.));
#8058=DIRECTION('center_axis',(-0.70710678118654,-0.707106781186555,0.));
#8059=DIRECTION('ref_axis',(0.707106781186555,-0.70710678118654,0.));
#8060=DIRECTION('center_axis',(-1.46374861589167E-16,1.,0.));
#8061=DIRECTION('ref_axis',(0.707106781186548,0.,0.707106781186548));
#8062=DIRECTION('',(1.46374861589167E-16,-1.,0.));
#8063=DIRECTION('',(-1.46374861589167E-16,1.,0.));
#8064=DIRECTION('center_axis',(-0.70710678118655,-0.707106781186546,0.));
#8065=DIRECTION('ref_axis',(0.707106781186545,-0.707106781186549,0.));
#8066=DIRECTION('center_axis',(1.,0.,0.));
#8067=DIRECTION('ref_axis',(0.,-0.70710678118654,0.707106781186555));
#8068=DIRECTION('',(-1.,0.,0.));
#8069=DIRECTION('',(1.,0.,0.));
#8070=DIRECTION('center_axis',(-0.70710678118654,0.707106781186555,-3.92523114670939E-15));
#8071=DIRECTION('ref_axis',(-0.707106781186555,-0.70710678118654,3.9252311467093E-15));
#8072=DIRECTION('center_axis',(1.46374861589167E-16,-1.,0.));
#8073=DIRECTION('ref_axis',(-0.707106781186548,0.,0.707106781186548));
#8074=DIRECTION('',(-1.46374861589167E-16,1.,0.));
#8075=DIRECTION('center_axis',(-1.,-1.46374861589167E-16,0.));
#8076=DIRECTION('ref_axis',(1.46374861589167E-16,-1.,0.));
#8077=DIRECTION('',(0.,0.,-1.));
#8078=DIRECTION('',(1.46374861589167E-16,-1.,0.));
#8079=DIRECTION('',(0.,0.,-1.));
#8080=DIRECTION('',(0.,0.,-1.));
#8081=DIRECTION('',(1.46374861589167E-16,-1.,0.));
#8082=DIRECTION('',(0.,0.,-1.));
#8083=DIRECTION('',(1.46374861589167E-16,-1.,0.));
#8084=DIRECTION('',(0.,0.,1.));
#8085=DIRECTION('',(-1.46374861589167E-16,1.,0.));
#8086=DIRECTION('',(0.,0.,1.));
#8087=DIRECTION('',(1.46374861589167E-16,-1.,0.));
#8088=DIRECTION('',(0.,0.,1.));
#8089=DIRECTION('',(-1.46374861589167E-16,1.,0.));
#8090=DIRECTION('',(0.,0.,1.));
#8091=DIRECTION('',(1.46374861589167E-16,-1.,0.));
#8092=DIRECTION('',(0.,0.,-1.));
#8093=DIRECTION('',(1.46374861589167E-16,-1.,0.));
#8094=DIRECTION('center_axis',(0.,-1.,0.));
#8095=DIRECTION('ref_axis',(-1.,0.,0.));
#8096=DIRECTION('',(1.,0.,0.));
#8097=DIRECTION('center_axis',(0.,0.,-1.));
#8098=DIRECTION('ref_axis',(-1.,0.,0.));
#8099=DIRECTION('',(1.,0.,0.));
#8100=DIRECTION('',(0.,1.,0.));
#8101=DIRECTION('',(-1.,0.,0.));
#8102=DIRECTION('',(0.,-1.,0.));
#8103=DIRECTION('',(1.,0.,0.));
#8104=DIRECTION('',(-1.,-5.97695409147516E-16,0.));
#8105=DIRECTION('',(-4.86673106685E-16,1.,0.));
#8106=DIRECTION('',(1.,4.62592926927149E-16,0.));
#8107=DIRECTION('',(4.86673106685E-16,-1.,0.));
#8108=DIRECTION('',(-1.,-5.97695409147516E-16,0.));
#8109=DIRECTION('',(-4.86673106685E-16,1.,0.));
#8110=DIRECTION('',(1.,4.62592926927149E-16,0.));
#8111=DIRECTION('',(4.86673106685E-16,-1.,0.));
#8112=DIRECTION('',(-1.,-5.97695409147516E-16,0.));
#8113=DIRECTION('',(-4.86673106685E-16,1.,0.));
#8114=DIRECTION('',(1.,4.62592926927149E-16,0.));
#8115=DIRECTION('',(4.86673106685E-16,-1.,0.));
#8116=DIRECTION('center_axis',(1.,0.,0.));
#8117=DIRECTION('ref_axis',(0.,-0.707106781186548,0.707106781186548));
#8118=DIRECTION('center_axis',(-1.,0.,0.));
#8119=DIRECTION('ref_axis',(0.,-0.707106781186548,0.707106781186548));
#8120=DIRECTION('',(1.,0.,0.));
#8121=DIRECTION('center_axis',(1.,0.,0.));
#8122=DIRECTION('ref_axis',(0.,-0.707106781186548,0.707106781186548));
#8123=DIRECTION('center_axis',(0.,1.,0.));
#8124=DIRECTION('ref_axis',(1.,0.,0.));
#8125=DIRECTION('',(0.,0.,-1.));
#8126=DIRECTION('',(1.,0.,0.));
#8127=DIRECTION('',(0.,0.,1.));
#8128=DIRECTION('center_axis',(0.,1.,0.));
#8129=DIRECTION('ref_axis',(-0.707106781186547,0.,0.707106781186548));
#8130=DIRECTION('',(1.,0.,0.));
#8131=DIRECTION('center_axis',(0.,1.,0.));
#8132=DIRECTION('ref_axis',(0.707106781186547,0.,0.707106781186548));
#8133=DIRECTION('',(0.,0.,-1.));
#8134=DIRECTION('',(1.,0.,0.));
#8135=DIRECTION('',(0.,0.,-1.));
#8136=DIRECTION('center_axis',(-2.00040184617145E-16,1.,0.));
#8137=DIRECTION('ref_axis',(0.707106781186547,0.,0.707106781186548));
#8138=DIRECTION('center_axis',(0.,-1.,0.));
#8139=DIRECTION('ref_axis',(0.707106781186547,0.,0.707106781186548));
#8140=DIRECTION('',(-2.00040184617145E-16,1.,0.));
#8141=DIRECTION('',(2.00040184617145E-16,-1.,0.));
#8142=DIRECTION('center_axis',(1.,2.00040184617145E-16,0.));
#8143=DIRECTION('ref_axis',(-2.00040184617145E-16,1.,0.));
#8144=DIRECTION('',(0.,0.,1.));
#8145=DIRECTION('',(2.00040184617145E-16,-1.,0.));
#8146=DIRECTION('center_axis',(2.00040184617145E-16,-1.,0.));
#8147=DIRECTION('ref_axis',(-0.707106781186547,0.,0.707106781186548));
#8148=DIRECTION('',(2.00040184617145E-16,-1.,0.));
#8149=DIRECTION('center_axis',(0.,-1.,0.));
#8150=DIRECTION('ref_axis',(-0.707106781186547,0.,0.707106781186548));
#8151=DIRECTION('',(-2.00040184617145E-16,1.,0.));
#8152=DIRECTION('center_axis',(-1.,-2.00040184617145E-16,0.));
#8153=DIRECTION('ref_axis',(2.00040184617145E-16,-1.,0.));
#8154=DIRECTION('',(-2.00040184617145E-16,1.,0.));
#8155=DIRECTION('',(0.,0.,-1.));
#8156=DIRECTION('center_axis',(-1.,0.,0.));
#8157=DIRECTION('ref_axis',(0.,0.70710678118654,0.707106781186555));
#8158=DIRECTION('',(1.,0.,0.));
#8159=DIRECTION('center_axis',(-0.707106781186548,-0.707106781186548,0.));
#8160=DIRECTION('ref_axis',(0.707106781186547,-0.707106781186547,0.));
#8161=DIRECTION('',(-1.,0.,0.));
#8162=DIRECTION('center_axis',(-0.707106781186548,0.707106781186548,0.));
#8163=DIRECTION('ref_axis',(-0.707106781186547,-0.707106781186547,0.));
#8164=DIRECTION('center_axis',(0.,-1.,0.));
#8165=DIRECTION('ref_axis',(-0.70710678118654,0.,0.707106781186555));
#8166=DIRECTION('',(0.,1.,0.));
#8167=DIRECTION('center_axis',(0.707106781186548,-0.707106781186548,0.));
#8168=DIRECTION('ref_axis',(0.707106781186547,0.707106781186547,0.));
#8169=DIRECTION('',(0.,-1.,0.));
#8170=DIRECTION('center_axis',(0.,1.,0.));
#8171=DIRECTION('ref_axis',(0.70710678118654,0.,0.707106781186555));
#8172=DIRECTION('',(0.,1.,0.));
#8173=DIRECTION('center_axis',(-0.707106781186532,-0.707106781186563,3.14018491736762E-14));
#8174=DIRECTION('ref_axis',(0.707106781186563,-0.707106781186532,-3.14018491736776E-14));
#8175=DIRECTION('',(0.,-1.,0.));
#8176=DIRECTION('center_axis',(1.,0.,0.));
#8177=DIRECTION('ref_axis',(0.,-0.70710678118654,0.707106781186555));
#8178=DIRECTION('',(-1.,0.,0.));
#8179=DIRECTION('',(1.,0.,0.));
#8180=DIRECTION('center_axis',(-1.,0.,0.));
#8181=DIRECTION('ref_axis',(0.,1.,0.));
#8182=DIRECTION('',(0.,0.,-1.));
#8183=DIRECTION('',(0.,1.,0.));
#8184=DIRECTION('',(0.,0.,1.));
#8185=DIRECTION('center_axis',(-1.,0.,0.));
#8186=DIRECTION('ref_axis',(0.,-1.,0.));
#8187=DIRECTION('',(0.,1.,0.));
#8188=DIRECTION('center_axis',(-1.,0.,0.));
#8189=DIRECTION('ref_axis',(0.,1.,0.));
#8190=DIRECTION('',(0.,0.,-1.));
#8191=DIRECTION('',(0.,1.,0.));
#8192=DIRECTION('',(0.,0.,-1.));
#8193=DIRECTION('center_axis',(0.,-1.,0.));
#8194=DIRECTION('ref_axis',(-1.,0.,0.));
#8195=DIRECTION('',(0.,0.,-1.));
#8196=DIRECTION('',(-1.,0.,0.));
#8197=DIRECTION('',(0.,0.,1.));
#8198=DIRECTION('center_axis',(0.,-1.,0.));
#8199=DIRECTION('ref_axis',(0.70710678118654,0.,0.707106781186555));
#8200=DIRECTION('',(-1.,0.,0.));
#8201=DIRECTION('center_axis',(0.,-1.,0.));
#8202=DIRECTION('ref_axis',(-0.70710678118654,0.,0.707106781186555));
#8203=DIRECTION('',(0.,0.,-1.));
#8204=DIRECTION('',(-1.,0.,0.));
#8205=DIRECTION('',(0.,0.,1.));
#8206=DIRECTION('center_axis',(0.,-1.,0.));
#8207=DIRECTION('ref_axis',(0.70710678118654,0.,0.707106781186555));
#8208=DIRECTION('',(-1.,0.,0.));
#8209=DIRECTION('center_axis',(0.,-1.,0.));
#8210=DIRECTION('ref_axis',(-0.707106781186555,0.,0.70710678118654));
#8211=DIRECTION('',(0.,0.,-1.));
#8212=DIRECTION('',(-1.,0.,0.));
#8213=DIRECTION('',(-1.,0.,0.));
#8214=DIRECTION('',(-1.,0.,0.));
#8215=DIRECTION('',(0.,0.,1.));
#8216=DIRECTION('center_axis',(0.,-1.,0.));
#8217=DIRECTION('ref_axis',(0.707106781186555,0.,0.70710678118654));
#8218=DIRECTION('',(-1.,0.,0.));
#8219=DIRECTION('center_axis',(0.,-1.,0.));
#8220=DIRECTION('ref_axis',(-0.70710678118654,0.,0.707106781186555));
#8221=DIRECTION('',(0.,0.,-1.));
#8222=DIRECTION('',(-1.,0.,0.));
#8223=DIRECTION('',(0.,0.,1.));
#8224=DIRECTION('center_axis',(0.,-1.,0.));
#8225=DIRECTION('ref_axis',(0.70710678118654,0.,0.707106781186555));
#8226=DIRECTION('',(-1.,0.,0.));
#8227=DIRECTION('center_axis',(0.,-1.,0.));
#8228=DIRECTION('ref_axis',(-0.70710678118654,0.,0.707106781186555));
#8229=DIRECTION('',(0.,0.,-1.));
#8230=DIRECTION('',(-1.,0.,0.));
#8231=DIRECTION('center_axis',(0.,0.,1.));
#8232=DIRECTION('ref_axis',(1.,0.,0.));
#8233=DIRECTION('',(-2.05122036882205E-16,1.,0.));
#8234=DIRECTION('',(-1.,0.,0.));
#8235=DIRECTION('',(2.05122036882205E-16,-1.,0.));
#8236=DIRECTION('',(1.,0.,0.));
#8237=DIRECTION('center_axis',(0.408248290463863,-0.816496580927726,0.408248290463863));
#8238=DIRECTION('ref_axis',(0.577350269189626,0.577350269189626,0.577350269189626));
#8239=DIRECTION('center_axis',(1.,0.,0.));
#8240=DIRECTION('ref_axis',(0.,0.,1.));
#8241=DIRECTION('center_axis',(0.,1.,0.));
#8242=DIRECTION('ref_axis',(1.,0.,0.));
#8243=DIRECTION('center_axis',(0.,0.,1.));
#8244=DIRECTION('ref_axis',(0.,1.,0.));
#8245=DIRECTION('center_axis',(-0.408248290463841,-0.816496580927717,-0.408248290463903));
#8246=DIRECTION('ref_axis',(0.577350269189596,-0.577350269189632,0.577350269189649));
#8247=DIRECTION('center_axis',(0.,-1.,0.));
#8248=DIRECTION('ref_axis',(0.,0.,1.));
#8249=DIRECTION('center_axis',(1.,0.,4.44089209850062E-14));
#8250=DIRECTION('ref_axis',(0.,-1.,0.));
#8251=DIRECTION('center_axis',(0.,0.,1.));
#8252=DIRECTION('ref_axis',(1.,0.,0.));
#8253=DIRECTION('center_axis',(-0.40824829046386,0.40824829046386,-0.816496580927729));
#8254=DIRECTION('ref_axis',(-0.577350269189626,0.577350269189626,0.577350269189626));
#8255=DIRECTION('center_axis',(0.,0.,1.));
#8256=DIRECTION('ref_axis',(-1.,0.,0.));
#8257=DIRECTION('center_axis',(0.,1.,0.));
#8258=DIRECTION('ref_axis',(0.,0.,1.));
#8259=DIRECTION('center_axis',(-1.,0.,4.44089209850062E-14));
#8260=DIRECTION('ref_axis',(0.,1.,0.));
#8261=DIRECTION('center_axis',(0.408248290463863,-0.816496580927726,-0.408248290463863));
#8262=DIRECTION('ref_axis',(-0.577350269189626,-0.577350269189626,0.577350269189626));
#8263=DIRECTION('center_axis',(-1.,0.,0.));
#8264=DIRECTION('ref_axis',(0.,0.,1.));
#8265=DIRECTION('center_axis',(0.,-1.,0.));
#8266=DIRECTION('ref_axis',(-1.,0.,0.));
#8267=DIRECTION('center_axis',(0.,0.,1.));
#8268=DIRECTION('ref_axis',(0.,-1.,0.));
#8269=DIRECTION('center_axis',(2.05122036882205E-16,-1.,0.));
#8270=DIRECTION('ref_axis',(-0.70710678118654,0.,0.707106781186555));
#8271=DIRECTION('',(2.05122036882205E-16,-1.,0.));
#8272=DIRECTION('center_axis',(0.,0.,-1.));
#8273=DIRECTION('ref_axis',(-0.707106781186548,-0.707106781186548,0.));
#8274=DIRECTION('center_axis',(0.,0.,-1.));
#8275=DIRECTION('ref_axis',(-0.707106781186548,-0.707106781186548,0.));
#8276=DIRECTION('',(0.,0.,1.));
#8277=DIRECTION('',(0.,0.,-1.));
#8278=DIRECTION('center_axis',(1.,0.,0.));
#8279=DIRECTION('ref_axis',(0.,-0.70710678118654,0.707106781186555));
#8280=DIRECTION('',(1.,0.,0.));
#8281=DIRECTION('center_axis',(-1.,0.,0.));
#8282=DIRECTION('ref_axis',(0.,0.70710678118654,0.707106781186555));
#8283=DIRECTION('',(-1.,0.,0.));
#8284=DIRECTION('center_axis',(0.,0.,-1.));
#8285=DIRECTION('ref_axis',(-0.707106781186548,0.707106781186548,0.));
#8286=DIRECTION('center_axis',(0.,0.,-1.));
#8287=DIRECTION('ref_axis',(-0.707106781186548,0.707106781186548,0.));
#8288=DIRECTION('',(0.,0.,1.));
#8289=DIRECTION('',(0.,0.,-1.));
#8290=DIRECTION('center_axis',(0.,0.,-1.));
#8291=DIRECTION('ref_axis',(0.707106781186548,-0.707106781186548,0.));
#8292=DIRECTION('center_axis',(0.,0.,-1.));
#8293=DIRECTION('ref_axis',(0.707106781186548,-0.707106781186548,0.));
#8294=DIRECTION('',(0.,0.,1.));
#8295=DIRECTION('',(0.,0.,-1.));
#8296=DIRECTION('center_axis',(-2.05122036882205E-16,1.,0.));
#8297=DIRECTION('ref_axis',(0.70710678118654,0.,0.707106781186555));
#8298=DIRECTION('',(-2.05122036882205E-16,1.,0.));
#8299=DIRECTION('center_axis',(0.,0.,-1.));
#8300=DIRECTION('ref_axis',(0.707106781186548,0.707106781186548,0.));
#8301=DIRECTION('center_axis',(0.,0.,-1.));
#8302=DIRECTION('ref_axis',(0.707106781186548,0.707106781186548,0.));
#8303=DIRECTION('',(0.,0.,1.));
#8304=DIRECTION('',(0.,0.,-1.));
#8305=DIRECTION('center_axis',(-1.,-2.05122036882205E-16,0.));
#8306=DIRECTION('ref_axis',(-2.05122036882205E-16,1.,0.));
#8307=DIRECTION('',(2.05122036882205E-16,-1.,0.));
#8308=DIRECTION('',(0.,0.,1.));
#8309=DIRECTION('',(-3.11374734375765E-16,1.,0.));
#8310=DIRECTION('',(0.,0.,1.));
#8311=DIRECTION('',(2.05122036882205E-16,-1.,0.));
#8312=DIRECTION('',(0.,0.,-1.));
#8313=DIRECTION('',(2.05122036882205E-16,-1.,0.));
#8314=DIRECTION('',(0.,0.,-1.));
#8315=DIRECTION('',(2.05122036882205E-16,-1.,0.));
#8316=DIRECTION('center_axis',(0.,1.,0.));
#8317=DIRECTION('ref_axis',(1.,0.,0.));
#8318=DIRECTION('',(-1.,0.,0.));
#8319=DIRECTION('center_axis',(-1.,-3.91021945779929E-16,0.));
#8320=DIRECTION('ref_axis',(0.,0.707106781186555,-0.70710678118654));
#8321=DIRECTION('center_axis',(0.707106781186547,0.707106781186548,0.));
#8322=DIRECTION('ref_axis',(-0.707106781186548,0.707106781186547,0.));
#8323=DIRECTION('',(-1.,-3.91021945779929E-16,0.));
#8324=DIRECTION('center_axis',(-0.707106781186555,0.70710678118654,0.));
#8325=DIRECTION('ref_axis',(0.70710678118654,0.707106781186555,0.));
#8326=DIRECTION('',(1.,3.91021945779929E-16,0.));
#8327=DIRECTION('center_axis',(0.,0.,1.));
#8328=DIRECTION('ref_axis',(1.,0.,0.));
#8329=DIRECTION('',(-4.62592926927149E-16,1.,0.));
#8330=DIRECTION('',(3.93870696097617E-16,-1.,0.));
#8331=DIRECTION('',(-1.,-4.62592926927149E-16,0.));
#8332=DIRECTION('',(-4.62592926927149E-16,1.,0.));
#8333=DIRECTION('',(-1.,-3.91021945779929E-16,0.));
#8334=DIRECTION('',(3.93870696097617E-16,-1.,0.));
#8335=DIRECTION('',(-1.,-4.62592926927149E-16,0.));
#8336=DIRECTION('',(-4.62592926927149E-16,1.,0.));
#8337=DIRECTION('',(-1.,-3.91021945779929E-16,0.));
#8338=DIRECTION('',(-1.96935348048808E-16,1.,0.));
#8339=DIRECTION('',(1.,-2.4671622769448E-15,0.));
#8340=DIRECTION('',(0.,1.,0.));
#8341=DIRECTION('',(-1.,0.,0.));
#8342=DIRECTION('',(-1.96935348048808E-16,1.,0.));
#8343=DIRECTION('',(1.,0.,0.));
#8344=DIRECTION('',(3.93870696097617E-16,-1.,0.));
#8345=DIRECTION('',(-1.,0.,0.));
#8346=DIRECTION('',(0.,-1.,0.));
#8347=DIRECTION('',(1.,0.,0.));
#8348=DIRECTION('',(3.93870696097617E-16,-1.,0.));
#8349=DIRECTION('',(-1.,-3.91021945779929E-16,0.));
#8350=DIRECTION('',(3.93870696097617E-16,-1.,0.));
#8351=DIRECTION('',(-1.,-4.62592926927149E-16,0.));
#8352=DIRECTION('center_axis',(-1.,-3.91021945779929E-16,0.));
#8353=DIRECTION('ref_axis',(0.,0.707106781186555,-0.70710678118654));
#8354=DIRECTION('center_axis',(0.707106781186555,0.70710678118654,0.));
#8355=DIRECTION('ref_axis',(-0.70710678118654,0.707106781186555,0.));
#8356=DIRECTION('center_axis',(-0.707106781186547,0.707106781186548,0.));
#8357=DIRECTION('ref_axis',(0.707106781186549,0.707106781186547,-1.2266347333467E-16));
#8358=DIRECTION('',(1.,3.91021945779929E-16,0.));
#8359=DIRECTION('center_axis',(0.408248290463862,-0.816496580927725,0.408248290463866));
#8360=DIRECTION('ref_axis',(-0.577350269189625,-0.577350269189625,-0.577350269189628));
#8361=DIRECTION('center_axis',(-1.,0.,0.));
#8362=DIRECTION('ref_axis',(0.,-1.,0.));
#8363=DIRECTION('center_axis',(0.,0.,-1.));
#8364=DIRECTION('ref_axis',(-1.,0.,0.));
#8365=DIRECTION('center_axis',(0.,-1.,0.));
#8366=DIRECTION('ref_axis',(0.,0.,-1.));
#8367=DIRECTION('center_axis',(0.,0.,-1.));
#8368=DIRECTION('ref_axis',(-0.70710678118654,-0.707106781186555,0.));
#8369=DIRECTION('center_axis',(0.,0.,1.));
#8370=DIRECTION('ref_axis',(-0.70710678118654,-0.707106781186555,0.));
#8371=DIRECTION('',(0.,0.,-1.));
#8372=DIRECTION('',(0.,0.,1.));
#8373=DIRECTION('center_axis',(-1.,-4.86673106685E-16,0.));
#8374=DIRECTION('ref_axis',(0.,-0.707106781186555,-0.70710678118654));
#8375=DIRECTION('',(-1.,-4.86673106685E-16,0.));
#8376=DIRECTION('center_axis',(-1.,0.,0.));
#8377=DIRECTION('ref_axis',(0.,-0.707106781186555,-0.70710678118654));
#8378=DIRECTION('',(1.,4.86673106685E-16,0.));
#8379=DIRECTION('center_axis',(-0.707106781186532,0.707106781186563,0.));
#8380=DIRECTION('ref_axis',(0.707106781186563,0.707106781186532,0.));
#8381=DIRECTION('center_axis',(-4.86673106685E-16,1.,0.));
#8382=DIRECTION('ref_axis',(-0.707106781186548,0.,-0.707106781186548));
#8383=DIRECTION('',(4.86673106685E-16,-1.,0.));
#8384=DIRECTION('',(-4.86673106685E-16,1.,0.));
#8385=DIRECTION('center_axis',(-1.,-9.82862167969986E-16,0.));
#8386=DIRECTION('ref_axis',(0.,-0.70710678118654,-0.707106781186555));
#8387=DIRECTION('center_axis',(1.,0.,0.));
#8388=DIRECTION('ref_axis',(0.,-0.70710678118654,-0.707106781186555));
#8389=DIRECTION('',(-1.,-9.82862167969986E-16,0.));
#8390=DIRECTION('',(1.,9.82862167969986E-16,0.));
#8391=DIRECTION('center_axis',(-1.,-4.86673106685E-16,0.));
#8392=DIRECTION('ref_axis',(-4.86673106685E-16,1.,0.));
#8393=DIRECTION('',(4.86673106685E-16,-1.,0.));
#8394=DIRECTION('',(0.,0.,-1.));
#8395=DIRECTION('center_axis',(9.82862167969986E-16,-1.,0.));
#8396=DIRECTION('ref_axis',(-1.,-9.82862167969986E-16,0.));
#8397=DIRECTION('',(0.,0.,-1.));
#8398=DIRECTION('',(1.,9.82862167969986E-16,0.));
#8399=DIRECTION('center_axis',(1.,7.47902053655625E-16,0.));
#8400=DIRECTION('ref_axis',(0.,0.70710678118654,-0.707106781186555));
#8401=DIRECTION('',(1.,7.47902053655625E-16,0.));
#8402=DIRECTION('center_axis',(1.,0.,0.));
#8403=DIRECTION('ref_axis',(0.,0.70710678118654,-0.707106781186555));
#8404=DIRECTION('',(-1.,-7.47902053655625E-16,0.));
#8405=DIRECTION('center_axis',(0.70710678118654,-0.707106781186555,0.));
#8406=DIRECTION('ref_axis',(-0.707106781186555,-0.70710678118654,0.));
#8407=DIRECTION('center_axis',(0.408248290463852,-0.81649658092774,-0.408248290463845));
#8408=DIRECTION('ref_axis',(0.577350269189634,0.577350269189616,-0.577350269189628));
#8409=DIRECTION('center_axis',(1.,0.,0.));
#8410=DIRECTION('ref_axis',(0.,1.,0.));
#8411=DIRECTION('center_axis',(0.,0.,-1.));
#8412=DIRECTION('ref_axis',(1.,0.,0.));
#8413=DIRECTION('center_axis',(-2.22044604925031E-14,1.,0.));
#8414=DIRECTION('ref_axis',(0.,0.,-1.));
#8415=DIRECTION('center_axis',(0.,0.,-1.));
#8416=DIRECTION('ref_axis',(0.707106781186555,0.70710678118654,0.));
#8417=DIRECTION('center_axis',(0.,0.,1.));
#8418=DIRECTION('ref_axis',(0.707106781186555,0.70710678118654,0.));
#8419=DIRECTION('',(0.,0.,-1.));
#8420=DIRECTION('',(0.,0.,1.));
#8421=DIRECTION('center_axis',(4.86673106685E-16,-1.,0.));
#8422=DIRECTION('ref_axis',(0.707106781186548,0.,-0.707106781186548));
#8423=DIRECTION('',(-4.86673106685E-16,1.,0.));
#8424=DIRECTION('',(4.86673106685E-16,-1.,0.));
#8425=DIRECTION('center_axis',(1.,1.22991864618301E-15,0.));
#8426=DIRECTION('ref_axis',(0.,0.707106781186555,-0.70710678118654));
#8427=DIRECTION('center_axis',(-1.,0.,0.));
#8428=DIRECTION('ref_axis',(0.,0.707106781186555,-0.70710678118654));
#8429=DIRECTION('',(1.,1.22991864618301E-15,0.));
#8430=DIRECTION('',(-1.,-1.22991864618301E-15,0.));
#8431=DIRECTION('center_axis',(1.,4.86673106685E-16,0.));
#8432=DIRECTION('ref_axis',(4.86673106685E-16,-1.,0.));
#8433=DIRECTION('',(-4.86673106685E-16,1.,0.));
#8434=DIRECTION('',(0.,0.,-1.));
#8435=DIRECTION('center_axis',(-1.22991864618301E-15,1.,0.));
#8436=DIRECTION('ref_axis',(1.,1.22991864618301E-15,0.));
#8437=DIRECTION('',(0.,0.,1.));
#8438=DIRECTION('',(-1.,-1.22991864618301E-15,0.));
#8439=DIRECTION('center_axis',(0.,0.233372952475322,-0.972387301980518));
#8440=DIRECTION('ref_axis',(-0.707106781186529,-0.687581655170134,-0.165019597240827));
#8441=DIRECTION('',(0.,-0.233372952475322,0.972387301980518));
#8442=DIRECTION('center_axis',(0.,0.,1.));
#8443=DIRECTION('ref_axis',(-1.68682308048735E-16,-1.,0.));
#8444=DIRECTION('',(0.,0.233372952475322,-0.972387301980518));
#8445=DIRECTION('center_axis',(0.,-0.785293878899901,0.619123189488447));
#8446=DIRECTION('ref_axis',(0.,0.619123189488447,0.785293878899901));
#8447=DIRECTION('center_axis',(0.,1.,0.));
#8448=DIRECTION('ref_axis',(-0.70710678118654,0.,-0.707106781186555));
#8449=DIRECTION('',(0.,1.,0.));
#8450=DIRECTION('center_axis',(0.,-1.,0.));
#8451=DIRECTION('ref_axis',(-0.70710678118654,0.,-0.707106781186555));
#8452=DIRECTION('',(0.,-1.,0.));
#8453=DIRECTION('center_axis',(-3.80224774872118E-16,0.972387301980518,
0.233372952475322));
#8454=DIRECTION('ref_axis',(9.1918767241811E-17,-0.233372952475322,0.972387301980518));
#8455=DIRECTION('',(-1.,-3.91021945779929E-16,0.));
#8456=DIRECTION('',(-4.59593836209055E-17,0.233372952475322,-0.972387301980518));
#8457=DIRECTION('',(1.,3.91021945779929E-16,0.));
#8458=DIRECTION('center_axis',(0.,0.,1.));
#8459=DIRECTION('ref_axis',(1.,0.,0.));
#8460=DIRECTION('',(1.,0.,0.));
#8461=DIRECTION('',(-1.96935348048808E-16,1.,0.));
#8462=DIRECTION('center_axis',(0.,-1.,0.));
#8463=DIRECTION('ref_axis',(1.,0.,0.));
#8464=DIRECTION('',(0.,0.,1.));
#8465=DIRECTION('',(0.,0.,1.));
#8466=DIRECTION('',(-1.,0.,0.));
#8467=DIRECTION('',(0.,0.,1.));
#8468=DIRECTION('center_axis',(1.96935348048808E-16,-1.,0.));
#8469=DIRECTION('ref_axis',(0.70710678118654,0.,-0.707106781186555));
#8470=DIRECTION('center_axis',(0.,-0.707106781186539,-0.707106781186556));
#8471=DIRECTION('ref_axis',(-2.78508640121287E-16,0.707106781186556,-0.707106781186539));
#8472=DIRECTION('',(1.96935348048808E-16,-1.,0.));
#8473=DIRECTION('center_axis',(1.78666299215679E-14,0.785293878899901,-0.619123189488447));
#8474=DIRECTION('ref_axis',(-2.29800639090605E-14,0.619123189488447,0.785293878899901));
#8475=DIRECTION('center_axis',(-4.59593836209055E-17,0.233372952475322,
-0.972387301980518));
#8476=DIRECTION('ref_axis',(0.707106781186576,-0.687581655170087,-0.16501959724082));
#8477=DIRECTION('',(4.59593836209055E-17,-0.233372952475322,0.972387301980518));
#8478=DIRECTION('center_axis',(8.71851345451899E-15,0.785293878899911,-0.619123189488435));
#8479=DIRECTION('ref_axis',(1.1132767677877E-14,0.619123189488435,0.785293878899911));
#8480=DIRECTION('center_axis',(-0.816496580927719,0.408248290463878,-0.408248290463862));
#8481=DIRECTION('ref_axis',(0.577350269189628,0.577350269189628,-0.577350269189622));
#8482=DIRECTION('center_axis',(0.,0.,-1.));
#8483=DIRECTION('ref_axis',(1.,0.,0.));
#8484=DIRECTION('center_axis',(-1.11022302462518E-14,1.,0.));
#8485=DIRECTION('ref_axis',(0.,0.,-1.));
#8486=DIRECTION('center_axis',(1.,0.,-4.44089209850062E-14));
#8487=DIRECTION('ref_axis',(0.,1.,0.));
#8488=DIRECTION('center_axis',(-0.408248290463859,-0.816496580927717,0.408248290463885));
#8489=DIRECTION('ref_axis',(0.577350269189597,-0.577350269189632,-0.577350269189649));
#8490=DIRECTION('center_axis',(0.,-1.,0.));
#8491=DIRECTION('ref_axis',(1.,0.,0.));
#8492=DIRECTION('center_axis',(0.,0.,-1.));
#8493=DIRECTION('ref_axis',(0.,-1.,0.));
#8494=DIRECTION('center_axis',(1.,4.44089209850062E-14,0.));
#8495=DIRECTION('ref_axis',(0.,0.,-1.));
#8496=DIRECTION('center_axis',(0.,0.,-1.));
#8497=DIRECTION('ref_axis',(0.707106781186532,-0.707106781186563,0.));
#8498=DIRECTION('',(0.,0.,-1.));
#8499=DIRECTION('',(0.,0.,1.));
#8500=DIRECTION('center_axis',(0.,-0.707106781186548,-0.707106781186548));
#8501=DIRECTION('ref_axis',(0.,-0.707106781186547,0.707106781186547));
#8502=DIRECTION('center_axis',(0.,-1.,0.));
#8503=DIRECTION('ref_axis',(0.70710678118654,0.,-0.707106781186555));
#8504=DIRECTION('',(0.,-1.,0.));
#8505=DIRECTION('center_axis',(-0.707106781186555,0.70710678118654,0.));
#8506=DIRECTION('ref_axis',(0.70710678118654,0.707106781186555,0.));
#8507=DIRECTION('center_axis',(-0.707106781186548,-0.707106781186548,-1.57009245868377E-14));
#8508=DIRECTION('ref_axis',(-0.707106781186547,0.707106781186547,-1.57009245868377E-14));
#8509=DIRECTION('center_axis',(0.40824829046386,-0.40824829046386,-0.816496580927729));
#8510=DIRECTION('ref_axis',(0.577350269189624,-0.577350269189624,0.577350269189629));
#8511=DIRECTION('center_axis',(0.,0.,1.));
#8512=DIRECTION('ref_axis',(1.,0.,0.));
#8513=DIRECTION('center_axis',(0.,-1.,0.));
#8514=DIRECTION('ref_axis',(0.,0.,1.));
#8515=DIRECTION('center_axis',(1.,0.,0.));
#8516=DIRECTION('ref_axis',(0.,-1.,0.));
#8517=DIRECTION('center_axis',(1.96935348048808E-16,-1.,0.));
#8518=DIRECTION('ref_axis',(0.70710678118654,0.,0.707106781186555));
#8519=DIRECTION('',(1.96935348048808E-16,-1.,0.));
#8520=DIRECTION('',(-1.96935348048808E-16,1.,0.));
#8521=DIRECTION('center_axis',(0.,-0.707106781186548,0.707106781186548));
#8522=DIRECTION('ref_axis',(-2.7850864012129E-16,0.707106781186547,0.707106781186547));
#8523=DIRECTION('center_axis',(-0.40824829046386,-0.40824829046386,-0.81649658092773));
#8524=DIRECTION('ref_axis',(0.577350269189626,0.577350269189626,-0.577350269189625));
#8525=DIRECTION('center_axis',(0.,0.,-1.));
#8526=DIRECTION('ref_axis',(1.,0.,0.));
#8527=DIRECTION('center_axis',(0.,1.,0.));
#8528=DIRECTION('ref_axis',(0.,0.,-1.));
#8529=DIRECTION('center_axis',(1.,0.,-4.44089209850062E-14));
#8530=DIRECTION('ref_axis',(0.,1.,0.));
#8531=DIRECTION('center_axis',(0.408248290463864,-0.816496580927727,-0.408248290463859));
#8532=DIRECTION('ref_axis',(-0.577350269189626,-0.577350269189626,0.577350269189626));
#8533=DIRECTION('center_axis',(-1.,0.,0.));
#8534=DIRECTION('ref_axis',(0.,0.,1.));
#8535=DIRECTION('center_axis',(0.,-1.,0.));
#8536=DIRECTION('ref_axis',(-1.,0.,0.));
#8537=DIRECTION('center_axis',(0.,0.,1.));
#8538=DIRECTION('ref_axis',(0.,-1.,0.));
#8539=DIRECTION('center_axis',(-0.408248290463866,0.408248290463866,-0.816496580927723));
#8540=DIRECTION('ref_axis',(0.577350269189641,-0.577350269189605,-0.577350269189631));
#8541=DIRECTION('center_axis',(1.,0.,0.));
#8542=DIRECTION('ref_axis',(0.,0.,-1.));
#8543=DIRECTION('center_axis',(0.,-1.,0.));
#8544=DIRECTION('ref_axis',(1.,0.,0.));
#8545=DIRECTION('center_axis',(0.,0.,-1.));
#8546=DIRECTION('ref_axis',(0.,-1.,0.));
#8547=DIRECTION('center_axis',(1.96935348048808E-16,-1.,0.));
#8548=DIRECTION('ref_axis',(0.70710678118654,0.,-0.707106781186555));
#8549=DIRECTION('',(1.96935348048808E-16,-1.,0.));
#8550=DIRECTION('center_axis',(0.,0.,1.));
#8551=DIRECTION('ref_axis',(0.707106781186548,-0.707106781186548,0.));
#8552=DIRECTION('',(0.,0.,-1.));
#8553=DIRECTION('',(0.,0.,1.));
#8554=DIRECTION('center_axis',(0.408248290463864,-0.816496580927727,0.40824829046386));
#8555=DIRECTION('ref_axis',(-0.577350269189626,-0.577350269189626,-0.577350269189625));
#8556=DIRECTION('center_axis',(0.,-1.,0.));
#8557=DIRECTION('ref_axis',(0.,0.,-1.));
#8558=DIRECTION('center_axis',(-1.,0.,0.));
#8559=DIRECTION('ref_axis',(0.,-1.,0.));
#8560=DIRECTION('center_axis',(0.,0.,-1.));
#8561=DIRECTION('ref_axis',(-1.,0.,0.));
#8562=DIRECTION('center_axis',(-1.,0.,0.));
#8563=DIRECTION('ref_axis',(0.,-0.70710678118654,-0.707106781186555));
#8564=DIRECTION('',(-1.,0.,0.));
#8565=DIRECTION('center_axis',(0.,0.,1.));
#8566=DIRECTION('ref_axis',(-0.707106781186548,-0.707106781186548,0.));
#8567=DIRECTION('',(0.,0.,-1.));
#8568=DIRECTION('',(0.,0.,1.));
#8569=DIRECTION('center_axis',(-0.408248290463861,-0.816496580927722,-0.408248290463873));
#8570=DIRECTION('ref_axis',(-0.577350269189623,0.577350269189623,-0.577350269189631));
#8571=DIRECTION('center_axis',(0.,0.,-1.));
#8572=DIRECTION('ref_axis',(0.,1.,0.));
#8573=DIRECTION('center_axis',(-1.,0.,0.));
#8574=DIRECTION('ref_axis',(0.,0.,-1.));
#8575=DIRECTION('center_axis',(0.,1.,0.));
#8576=DIRECTION('ref_axis',(-1.,0.,0.));
#8577=DIRECTION('center_axis',(0.408248290463861,-0.816496580927721,0.408248290463875));
#8578=DIRECTION('ref_axis',(-0.577350269189618,-0.577350269189618,-0.577350269189642));
#8579=DIRECTION('center_axis',(0.,0.,-1.));
#8580=DIRECTION('ref_axis',(-1.,0.,0.));
#8581=DIRECTION('center_axis',(0.,-1.,0.));
#8582=DIRECTION('ref_axis',(0.,0.,-1.));
#8583=DIRECTION('center_axis',(-1.,0.,4.44089209850062E-14));
#8584=DIRECTION('ref_axis',(0.,-1.,0.));
#8585=DIRECTION('center_axis',(-0.408248290463861,-0.816496580927722,-0.408248290463873));
#8586=DIRECTION('ref_axis',(-0.577350269189623,0.577350269189623,-0.577350269189631));
#8587=DIRECTION('center_axis',(0.,0.,-1.));
#8588=DIRECTION('ref_axis',(0.,1.,0.));
#8589=DIRECTION('center_axis',(-1.,0.,0.));
#8590=DIRECTION('ref_axis',(0.,0.,-1.));
#8591=DIRECTION('center_axis',(0.,1.,0.));
#8592=DIRECTION('ref_axis',(-1.,0.,0.));
#8593=DIRECTION('center_axis',(-1.,-3.91021945779929E-16,0.));
#8594=DIRECTION('ref_axis',(0.,0.707106781186555,-0.70710678118654));
#8595=DIRECTION('center_axis',(0.707106781186555,0.70710678118654,0.));
#8596=DIRECTION('ref_axis',(-0.70710678118654,0.707106781186555,0.));
#8597=DIRECTION('',(1.,3.91021945779929E-16,0.));
#8598=DIRECTION('center_axis',(-3.93870696097617E-16,1.,0.));
#8599=DIRECTION('ref_axis',(-0.70710678118654,0.,-0.707106781186555));
#8600=DIRECTION('',(-3.93870696097617E-16,1.,0.));
#8601=DIRECTION('center_axis',(0.,0.,-1.));
#8602=DIRECTION('ref_axis',(-0.70710678118654,0.707106781186555,0.));
#8603=DIRECTION('',(0.,0.,-1.));
#8604=DIRECTION('',(0.,0.,1.));
#8605=DIRECTION('center_axis',(7.850462293419E-15,-0.707106781186544,-0.707106781186551));
#8606=DIRECTION('ref_axis',(7.85046229341909E-15,-0.707106781186551,0.707106781186544));
#8607=DIRECTION('center_axis',(0.,0.,-1.));
#8608=DIRECTION('ref_axis',(-0.707106781186532,0.707106781186563,0.));
#8609=DIRECTION('',(0.,0.,-1.));
#8610=DIRECTION('center_axis',(0.,0.707106781186547,0.707106781186548));
#8611=DIRECTION('ref_axis',(0.,-0.707106781186548,0.707106781186547));
#8612=DIRECTION('',(0.,0.,1.));
#8613=DIRECTION('center_axis',(0.,0.707106781186548,-0.707106781186548));
#8614=DIRECTION('ref_axis',(0.,0.707106781186547,0.707106781186547));
#8615=DIRECTION('center_axis',(0.328907565143337,-0.852792564299824,0.405665694712299));
#8616=DIRECTION('ref_axis',(-0.537080017492674,-0.522249789157382,-0.662419966890446));
#8617=DIRECTION('center_axis',(0.,0.233372952475328,-0.972387301980517));
#8618=DIRECTION('ref_axis',(-1.,0.,0.));
#8619=DIRECTION('center_axis',(2.22044604925036E-14,-1.,0.));
#8620=DIRECTION('ref_axis',(0.,0.,-1.));
#8621=DIRECTION('center_axis',(-1.,0.,0.));
#8622=DIRECTION('ref_axis',(0.,-0.972387301980518,-0.233372952475321));
#8623=DIRECTION('center_axis',(-3.93870696097617E-16,1.,0.));
#8624=DIRECTION('ref_axis',(-0.70710678118654,0.,-0.707106781186555));
#8625=DIRECTION('',(3.93870696097617E-16,-1.,0.));
#8626=DIRECTION('',(-3.93870696097617E-16,1.,0.));
#8627=DIRECTION('center_axis',(-0.328907565143306,-0.852792564299836,0.405665694712298));
#8628=DIRECTION('ref_axis',(0.537080017492677,-0.522249789157368,-0.662419966890454));
#8629=DIRECTION('center_axis',(0.,0.23337295247532,-0.972387301980518));
#8630=DIRECTION('ref_axis',(0.,-0.972387301980518,-0.23337295247532));
#8631=DIRECTION('center_axis',(1.,0.,0.));
#8632=DIRECTION('ref_axis',(0.,0.,-1.));
#8633=DIRECTION('center_axis',(0.,-1.,0.));
#8634=DIRECTION('ref_axis',(1.,0.,0.));
#8635=DIRECTION('center_axis',(-1.,-3.91021945779929E-16,0.));
#8636=DIRECTION('ref_axis',(0.,-0.619123189488452,-0.785293878899897));
#8637=DIRECTION('',(1.,3.91021945779929E-16,0.));
#8638=DIRECTION('',(-1.,-3.91021945779929E-16,0.));
#8639=DIRECTION('center_axis',(0.,-1.,0.));
#8640=DIRECTION('ref_axis',(0.70710678118654,0.,-0.707106781186555));
#8641=DIRECTION('center_axis',(0.,-1.,0.));
#8642=DIRECTION('ref_axis',(0.70710678118654,0.,-0.707106781186555));
#8643=DIRECTION('',(0.,-1.,0.));
#8644=DIRECTION('',(0.,1.,0.));
#8645=DIRECTION('center_axis',(0.,-0.233372952475322,0.972387301980518));
#8646=DIRECTION('ref_axis',(0.707106781186529,-0.687581655170134,-0.165019597240827));
#8647=DIRECTION('center_axis',(0.,0.,1.));
#8648=DIRECTION('ref_axis',(1.18077615634115E-15,-1.,0.));
#8649=DIRECTION('',(0.,0.233372952475322,-0.972387301980518));
#8650=DIRECTION('',(0.,-0.233372952475322,0.972387301980518));
#8651=DIRECTION('center_axis',(9.1918767241811E-17,-0.233372952475322,0.972387301980518));
#8652=DIRECTION('ref_axis',(-0.707106781186545,-0.687581655170118,-0.165019597240827));
#8653=DIRECTION('',(-9.1918767241811E-17,0.233372952475322,-0.972387301980518));
#8654=DIRECTION('',(9.1918767241811E-17,-0.233372952475322,0.972387301980518));
#8655=DIRECTION('center_axis',(0.,0.785293878899911,-0.619123189488435));
#8656=DIRECTION('ref_axis',(-1.48466038427279E-16,-0.619123189488435,-0.785293878899911));
#8657=DIRECTION('center_axis',(3.93870696097617E-16,-1.,0.));
#8658=DIRECTION('ref_axis',(-0.70710678118654,0.,-0.707106781186555));
#8659=DIRECTION('',(-3.93870696097617E-16,1.,0.));
#8660=DIRECTION('',(3.93870696097617E-16,-1.,0.));
#8661=DIRECTION('center_axis',(-3.93870696097617E-16,1.,0.));
#8662=DIRECTION('ref_axis',(-0.70710678118654,0.,0.707106781186555));
#8663=DIRECTION('',(-3.93870696097617E-16,1.,0.));
#8664=DIRECTION('',(3.93870696097617E-16,-1.,0.));
#8665=DIRECTION('center_axis',(0.,0.707106781186555,0.70710678118654));
#8666=DIRECTION('ref_axis',(5.57017280242587E-16,-0.70710678118654,0.707106781186555));
#8667=DIRECTION('center_axis',(0.,0.,1.));
#8668=DIRECTION('ref_axis',(-0.707106781186548,-0.707106781186548,0.));
#8669=DIRECTION('',(0.,0.,-1.));
#8670=DIRECTION('',(0.,0.,1.));
#8671=DIRECTION('center_axis',(-1.,0.,0.));
#8672=DIRECTION('ref_axis',(0.,-0.707106781186555,-0.70710678118654));
#8673=DIRECTION('',(-1.,0.,0.));
#8674=DIRECTION('center_axis',(-0.707106781186548,0.707106781186548,0.));
#8675=DIRECTION('ref_axis',(0.707106781186547,0.707106781186547,0.));
#8676=DIRECTION('center_axis',(0.,1.,0.));
#8677=DIRECTION('ref_axis',(-0.70710678118654,0.,-0.707106781186555));
#8678=DIRECTION('',(0.,1.,0.));
#8679=DIRECTION('center_axis',(0.707106781186548,0.707106781186548,0.));
#8680=DIRECTION('ref_axis',(0.707106781186547,-0.707106781186547,0.));
#8681=DIRECTION('center_axis',(1.,0.,0.));
#8682=DIRECTION('ref_axis',(0.,0.70710678118654,-0.707106781186555));
#8683=DIRECTION('',(1.,0.,0.));
#8684=DIRECTION('center_axis',(-3.93870696097617E-16,1.,0.));
#8685=DIRECTION('ref_axis',(-0.70710678118654,0.,-0.707106781186555));
#8686=DIRECTION('',(-3.93870696097617E-16,1.,0.));
#8687=DIRECTION('center_axis',(0.,0.,-1.));
#8688=DIRECTION('ref_axis',(-0.707106781186548,0.707106781186548,0.));
#8689=DIRECTION('',(0.,0.,-1.));
#8690=DIRECTION('',(0.,0.,1.));
#8691=DIRECTION('center_axis',(0.,0.707106781186548,-0.707106781186548));
#8692=DIRECTION('ref_axis',(0.,0.707106781186547,0.707106781186547));
#8693=DIRECTION('center_axis',(-3.93870696097617E-16,1.,0.));
#8694=DIRECTION('ref_axis',(-0.70710678118654,0.,0.707106781186555));
#8695=DIRECTION('',(3.93870696097617E-16,-1.,0.));
#8696=DIRECTION('',(-3.93870696097617E-16,1.,0.));
#8697=DIRECTION('center_axis',(-1.,0.,0.));
#8698=DIRECTION('ref_axis',(0.,-0.70710678118654,0.707106781186555));
#8699=DIRECTION('',(1.,0.,0.));
#8700=DIRECTION('',(-1.,0.,0.));
#8701=DIRECTION('center_axis',(1.,0.,0.));
#8702=DIRECTION('ref_axis',(0.,0.70710678118654,-0.707106781186555));
#8703=DIRECTION('',(1.,0.,0.));
#8704=DIRECTION('center_axis',(0.,0.,1.));
#8705=DIRECTION('ref_axis',(0.707106781186548,0.707106781186548,0.));
#8706=DIRECTION('',(0.,0.,-1.));
#8707=DIRECTION('',(0.,0.,1.));
#8708=DIRECTION('center_axis',(-1.,2.4671622769448E-15,0.));
#8709=DIRECTION('ref_axis',(0.,-0.70710678118654,-0.707106781186555));
#8710=DIRECTION('',(-1.,2.4671622769448E-15,0.));
#8711=DIRECTION('center_axis',(1.96935348048808E-16,-1.,0.));
#8712=DIRECTION('ref_axis',(0.70710678118654,0.,-0.707106781186555));
#8713=DIRECTION('',(1.96935348048808E-16,-1.,0.));
#8714=DIRECTION('center_axis',(1.,3.91021945779929E-16,0.));
#8715=DIRECTION('ref_axis',(0.,0.707106781186555,-0.70710678118654));
#8716=DIRECTION('center_axis',(-0.707106781186555,0.70710678118654,0.));
#8717=DIRECTION('ref_axis',(0.70710678118654,0.707106781186555,0.));
#8718=DIRECTION('',(1.,3.91021945779929E-16,0.));
#8719=DIRECTION('center_axis',(0.,0.,1.));
#8720=DIRECTION('ref_axis',(0.707106781186508,0.707106781186587,0.));
#8721=DIRECTION('',(0.,0.,-1.));
#8722=DIRECTION('',(0.,0.,1.));
#8723=DIRECTION('center_axis',(0.,-0.707106781186548,-0.707106781186548));
#8724=DIRECTION('ref_axis',(0.,0.707106781186547,-0.707106781186547));
#8725=DIRECTION('center_axis',(1.96935348048808E-16,-1.,0.));
#8726=DIRECTION('ref_axis',(0.70710678118654,0.,0.707106781186555));
#8727=DIRECTION('',(1.96935348048808E-16,-1.,0.));
#8728=DIRECTION('',(-1.96935348048808E-16,1.,0.));
#8729=DIRECTION('center_axis',(0.,-0.70710678118654,0.707106781186555));
#8730=DIRECTION('ref_axis',(-2.78508640121287E-16,0.707106781186555,0.70710678118654));
#8731=DIRECTION('center_axis',(-1.96935348048808E-16,1.,0.));
#8732=DIRECTION('ref_axis',(0.70710678118654,0.,-0.707106781186555));
#8733=DIRECTION('',(1.96935348048808E-16,-1.,0.));
#8734=DIRECTION('',(-1.96935348048808E-16,1.,0.));
#8735=DIRECTION('center_axis',(0.,0.,1.));
#8736=DIRECTION('ref_axis',(0.707106781186532,0.707106781186563,0.));
#8737=DIRECTION('',(0.,0.,-1.));
#8738=DIRECTION('center_axis',(0.,0.,1.));
#8739=DIRECTION('ref_axis',(1.,0.,0.));
#8740=DIRECTION('',(1.,0.,0.));
#8741=DIRECTION('center_axis',(0.,0.,-1.));
#8742=DIRECTION('ref_axis',(-1.,0.,0.));
#8743=DIRECTION('',(1.,0.,0.));
#8744=DIRECTION('',(-1.,0.,0.));
#8745=DIRECTION('center_axis',(0.,1.,0.));
#8746=DIRECTION('ref_axis',(1.,0.,0.));
#8747=DIRECTION('',(0.,0.,1.));
#8748=DIRECTION('',(-1.,0.,0.));
#8749=DIRECTION('center_axis',(1.,0.,0.));
#8750=DIRECTION('ref_axis',(0.,1.,0.));
#8751=DIRECTION('',(0.,0.,1.));
#8752=DIRECTION('',(0.,1.,0.));
#8753=DIRECTION('center_axis',(0.,-1.,0.));
#8754=DIRECTION('ref_axis',(-1.,0.,0.));
#8755=DIRECTION('',(-1.,0.,0.));
#8756=DIRECTION('',(1.,0.,0.));
#8757=DIRECTION('center_axis',(0.,0.,-1.));
#8758=DIRECTION('ref_axis',(-1.,0.,0.));
#8759=DIRECTION('',(-1.,0.,0.));
#8760=DIRECTION('',(-2.05122036882205E-16,1.,0.));
#8761=DIRECTION('',(1.,0.,0.));
#8762=DIRECTION('center_axis',(0.,-1.,0.));
#8763=DIRECTION('ref_axis',(-1.,0.,0.));
#8764=DIRECTION('',(0.,0.,1.));
#8765=DIRECTION('',(1.,0.,0.));
#8766=DIRECTION('',(0.,0.,-1.));
#8767=DIRECTION('center_axis',(-1.,0.,0.));
#8768=DIRECTION('ref_axis',(0.,-1.,0.));
#8769=DIRECTION('',(0.,0.,1.));
#8770=DIRECTION('',(0.,-1.,0.));
#8771=DIRECTION('center_axis',(2.4671622769448E-15,1.,0.));
#8772=DIRECTION('ref_axis',(1.,-2.4671622769448E-15,0.));
#8773=DIRECTION('',(1.,-2.4671622769448E-15,0.));
#8774=DIRECTION('',(0.,0.,-1.));
#8775=DIRECTION('',(-1.,2.96059473233374E-15,0.));
#8776=DIRECTION('center_axis',(0.,0.,-1.));
#8777=DIRECTION('ref_axis',(-1.,0.,0.));
#8778=DIRECTION('',(-2.05122036882205E-16,1.,0.));
#8779=DIRECTION('center_axis',(3.91021945779929E-16,-1.,0.));
#8780=DIRECTION('ref_axis',(0.,0.,-1.));
#8781=DIRECTION('',(0.,0.,1.));
#8782=DIRECTION('',(1.,3.91021945779929E-16,0.));
#8783=DIRECTION('center_axis',(1.,1.96935348048808E-16,0.));
#8784=DIRECTION('ref_axis',(-1.96935348048808E-16,1.,0.));
#8785=DIRECTION('center_axis',(1.,1.96935348048808E-16,0.));
#8786=DIRECTION('ref_axis',(-1.96935348048808E-16,1.,0.));
#8787=DIRECTION('center_axis',(0.,-1.,0.));
#8788=DIRECTION('ref_axis',(1.,0.,0.));
#8789=DIRECTION('center_axis',(-1.,-3.93870696097617E-16,0.));
#8790=DIRECTION('ref_axis',(3.93870696097617E-16,-1.,0.));
#8791=DIRECTION('center_axis',(-1.,-3.93870696097617E-16,0.));
#8792=DIRECTION('ref_axis',(3.93870696097617E-16,-1.,0.));
#8793=DIRECTION('center_axis',(0.,0.,-1.));
#8794=DIRECTION('ref_axis',(0.707106781186532,-0.707106781186563,0.));
#8795=DIRECTION('',(0.,0.,1.));
#8796=DIRECTION('center_axis',(0.,-0.70710678118654,-0.707106781186555));
#8797=DIRECTION('ref_axis',(0.,-0.707106781186555,0.70710678118654));
#8798=DIRECTION('',(0.,0.,-1.));
#8799=DIRECTION('center_axis',(0.,-0.707106781186539,0.707106781186556));
#8800=DIRECTION('ref_axis',(0.,0.707106781186556,0.707106781186539));
#8801=DIRECTION('center_axis',(0.40824829046389,0.408248290463819,-0.816496580927735));
#8802=DIRECTION('ref_axis',(0.577350269189692,0.577350269189586,0.577350269189599));
#8803=DIRECTION('center_axis',(0.,0.,1.));
#8804=DIRECTION('ref_axis',(0.,1.,0.));
#8805=DIRECTION('center_axis',(1.,-8.88178419700144E-14,0.));
#8806=DIRECTION('ref_axis',(0.,0.,1.));
#8807=DIRECTION('center_axis',(0.,1.,0.));
#8808=DIRECTION('ref_axis',(1.,0.,0.));
#8809=DIRECTION('center_axis',(-0.408248290463864,-0.816496580927727,0.408248290463859));
#8810=DIRECTION('ref_axis',(-0.577350269189626,0.577350269189626,0.577350269189626));
#8811=DIRECTION('center_axis',(0.,1.,0.));
#8812=DIRECTION('ref_axis',(0.,0.,1.));
#8813=DIRECTION('center_axis',(-1.,0.,0.));
#8814=DIRECTION('ref_axis',(0.,1.,0.));
#8815=DIRECTION('center_axis',(0.,0.,1.));
#8816=DIRECTION('ref_axis',(-1.,0.,0.));
#8817=DIRECTION('center_axis',(1.,8.3790416952842E-17,0.));
#8818=DIRECTION('ref_axis',(0.,0.70710678118654,0.707106781186555));
#8819=DIRECTION('',(-1.,-8.3790416952842E-17,0.));
#8820=DIRECTION('',(1.,8.3790416952842E-17,0.));
#8821=DIRECTION('center_axis',(-3.93870696097617E-16,1.,0.));
#8822=DIRECTION('ref_axis',(-0.70710678118654,0.,0.707106781186555));
#8823=DIRECTION('',(-3.93870696097617E-16,1.,0.));
#8824=DIRECTION('',(3.93870696097617E-16,-1.,0.));
#8825=DIRECTION('center_axis',(0.,0.707106781186548,0.707106781186548));
#8826=DIRECTION('ref_axis',(5.57017280242581E-16,-0.707106781186547,0.707106781186547));
#8827=DIRECTION('center_axis',(-0.408248290463862,-0.816496580927724,-0.408248290463867));
#8828=DIRECTION('ref_axis',(-0.577350269189622,0.577350269189622,-0.577350269189634));
#8829=DIRECTION('center_axis',(0.,0.,-1.));
#8830=DIRECTION('ref_axis',(0.,1.,0.));
#8831=DIRECTION('center_axis',(-1.,0.,0.));
#8832=DIRECTION('ref_axis',(0.,0.,-1.));
#8833=DIRECTION('center_axis',(0.,1.,0.));
#8834=DIRECTION('ref_axis',(-1.,0.,0.));
#8835=DIRECTION('center_axis',(-0.81649658092773,0.408248290463861,-0.408248290463857));
#8836=DIRECTION('ref_axis',(0.577350269189626,0.577350269189626,-0.577350269189625));
#8837=DIRECTION('center_axis',(0.,0.,-1.));
#8838=DIRECTION('ref_axis',(1.,0.,0.));
#8839=DIRECTION('center_axis',(0.,1.,0.));
#8840=DIRECTION('ref_axis',(0.,0.,-1.));
#8841=DIRECTION('center_axis',(1.,0.,0.));
#8842=DIRECTION('ref_axis',(0.,1.,0.));
#8843=DIRECTION('center_axis',(0.,0.,-1.));
#8844=DIRECTION('ref_axis',(0.707106781186555,0.70710678118654,0.));
#8845=DIRECTION('',(0.,0.,1.));
#8846=DIRECTION('center_axis',(-0.707106781186548,0.,-0.707106781186548));
#8847=DIRECTION('ref_axis',(-0.707106781186547,0.,0.707106781186547));
#8848=DIRECTION('center_axis',(1.46374861589167E-16,-1.,0.));
#8849=DIRECTION('ref_axis',(0.707106781186548,0.,-0.707106781186548));
#8850=DIRECTION('',(-1.46374861589167E-16,1.,0.));
#8851=DIRECTION('center_axis',(-0.707106781186542,0.707106781186553,0.));
#8852=DIRECTION('ref_axis',(0.707106781186553,0.707106781186542,0.));
#8853=DIRECTION('center_axis',(-1.46374861589167E-16,1.,0.));
#8854=DIRECTION('ref_axis',(-0.707106781186548,0.,-0.707106781186548));
#8855=DIRECTION('',(1.46374861589167E-16,-1.,0.));
#8856=DIRECTION('center_axis',(0.707106781186536,0.707106781186559,0.));
#8857=DIRECTION('ref_axis',(0.707106781186559,-0.707106781186536,0.));
#8858=DIRECTION('center_axis',(0.,-0.707106781186555,-0.70710678118654));
#8859=DIRECTION('ref_axis',(2.07005314449886E-16,-0.70710678118654,0.707106781186555));
#8860=DIRECTION('center_axis',(1.,0.,0.));
#8861=DIRECTION('ref_axis',(0.,0.70710678118654,-0.707106781186555));
#8862=DIRECTION('',(1.,0.,0.));
#8863=DIRECTION('',(-1.,0.,0.));
#8864=DIRECTION('center_axis',(0.,0.,1.));
#8865=DIRECTION('ref_axis',(-0.707106781186555,0.70710678118654,0.));
#8866=DIRECTION('',(0.,0.,-1.));
#8867=DIRECTION('center_axis',(0.70710678118655,0.,-0.707106781186546));
#8868=DIRECTION('ref_axis',(-0.707106781186546,0.,-0.707106781186549));
#8869=DIRECTION('center_axis',(-1.,-8.3790416952842E-17,0.));
#8870=DIRECTION('ref_axis',(0.,0.70710678118654,-0.707106781186555));
#8871=DIRECTION('',(1.,8.3790416952842E-17,0.));
#8872=DIRECTION('',(-1.,-8.3790416952842E-17,0.));
#8873=DIRECTION('center_axis',(1.,8.3790416952842E-17,0.));
#8874=DIRECTION('ref_axis',(0.,0.70710678118654,-0.707106781186555));
#8875=DIRECTION('',(-1.,-8.3790416952842E-17,0.));
#8876=DIRECTION('',(1.,8.3790416952842E-17,0.));
#8877=DIRECTION('center_axis',(-3.93870696097617E-16,1.,0.));
#8878=DIRECTION('ref_axis',(-0.70710678118654,0.,-0.707106781186555));
#8879=DIRECTION('',(-3.93870696097617E-16,1.,0.));
#8880=DIRECTION('',(3.93870696097617E-16,-1.,0.));
#8881=DIRECTION('center_axis',(0.,0.707106781186547,-0.707106781186548));
#8882=DIRECTION('ref_axis',(5.57017280242581E-16,-0.707106781186548,-0.707106781186547));
#8883=DIRECTION('center_axis',(0.,0.,1.));
#8884=DIRECTION('ref_axis',(-0.707106781186548,0.707106781186548,0.));
#8885=DIRECTION('',(0.,0.,-1.));
#8886=DIRECTION('',(0.,0.,1.));
#8887=DIRECTION('center_axis',(0.,0.,1.));
#8888=DIRECTION('ref_axis',(-0.707106781186548,-0.707106781186548,0.));
#8889=DIRECTION('',(0.,0.,-1.));
#8890=DIRECTION('',(0.,0.,1.));
#8891=DIRECTION('center_axis',(1.96935348048808E-16,-1.,0.));
#8892=DIRECTION('ref_axis',(0.70710678118654,0.,0.707106781186555));
#8893=DIRECTION('',(-1.96935348048808E-16,1.,0.));
#8894=DIRECTION('',(1.96935348048808E-16,-1.,0.));
#8895=DIRECTION('center_axis',(0.,0.,1.));
#8896=DIRECTION('ref_axis',(0.707106781186548,0.707106781186548,0.));
#8897=DIRECTION('',(0.,0.,1.));
#8898=DIRECTION('',(0.,0.,-1.));
#8899=DIRECTION('center_axis',(0.,0.707106781186555,0.70710678118654));
#8900=DIRECTION('ref_axis',(0.,0.70710678118654,-0.707106781186555));
#8901=DIRECTION('center_axis',(1.96935348048808E-16,-1.,0.));
#8902=DIRECTION('ref_axis',(0.70710678118654,0.,-0.707106781186555));
#8903=DIRECTION('',(-1.96935348048808E-16,1.,0.));
#8904=DIRECTION('',(1.96935348048808E-16,-1.,0.));
#8905=DIRECTION('center_axis',(0.,0.,1.));
#8906=DIRECTION('ref_axis',(1.,0.,0.));
#8907=DIRECTION('center_axis',(0.,0.,-1.));
#8908=DIRECTION('ref_axis',(-1.,0.,0.));
#8909=DIRECTION('',(1.,-2.4671622769448E-15,0.));
#8910=DIRECTION('',(-2.05122036882205E-16,1.,0.));
#8911=DIRECTION('',(1.,0.,0.));
#8912=DIRECTION('center_axis',(2.4671622769448E-15,1.,0.));
#8913=DIRECTION('ref_axis',(-1.,2.4671622769448E-15,0.));
#8914=DIRECTION('',(-1.,2.4671622769448E-15,0.));
#8915=DIRECTION('center_axis',(2.4671622769448E-15,1.,0.));
#8916=DIRECTION('ref_axis',(0.70710678118654,0.,-0.707106781186555));
#8917=DIRECTION('',(0.,0.,1.));
#8918=DIRECTION('center_axis',(1.,1.96935348048808E-16,0.));
#8919=DIRECTION('ref_axis',(-1.96935348048808E-16,1.,0.));
#8920=DIRECTION('center_axis',(-1.,-3.93870696097617E-16,0.));
#8921=DIRECTION('ref_axis',(3.93870696097617E-16,-1.,0.));
#8922=DIRECTION('center_axis',(1.,0.,0.));
#8923=DIRECTION('ref_axis',(0.,0.70710678118654,-0.707106781186555));
#8924=DIRECTION('',(-1.,0.,0.));
#8925=DIRECTION('center_axis',(0.70710678118655,-0.707106781186546,0.));
#8926=DIRECTION('ref_axis',(-0.707106781186546,-0.70710678118655,0.));
#8927=DIRECTION('',(1.,0.,0.));
#8928=DIRECTION('center_axis',(-0.707106781186555,-0.70710678118654,0.));
#8929=DIRECTION('ref_axis',(-0.70710678118654,0.707106781186555,0.));
#8930=DIRECTION('center_axis',(1.46374861589167E-16,-1.,0.));
#8931=DIRECTION('ref_axis',(0.707106781186548,0.,-0.707106781186548));
#8932=DIRECTION('',(-1.46374861589167E-16,1.,0.));
#8933=DIRECTION('center_axis',(0.707106781186546,0.707106781186549,0.));
#8934=DIRECTION('ref_axis',(0.707106781186549,-0.707106781186545,0.));
#8935=DIRECTION('center_axis',(-1.46374861589167E-16,1.,0.));
#8936=DIRECTION('ref_axis',(-0.707106781186548,0.,-0.707106781186548));
#8937=DIRECTION('',(1.46374861589167E-16,-1.,0.));
#8938=DIRECTION('center_axis',(0.707106781186561,-0.707106781186534,0.));
#8939=DIRECTION('ref_axis',(-0.707106781186534,-0.707106781186561,0.));
#8940=DIRECTION('center_axis',(-1.,0.,0.));
#8941=DIRECTION('ref_axis',(0.,-0.707106781186556,-0.707106781186539));
#8942=DIRECTION('',(1.,0.,0.));
#8943=DIRECTION('',(-1.,0.,0.));
#8944=DIRECTION('center_axis',(0.,-1.,0.));
#8945=DIRECTION('ref_axis',(1.,0.,0.));
#8946=DIRECTION('',(-1.,0.,0.));
#8947=DIRECTION('center_axis',(0.,0.,1.));
#8948=DIRECTION('ref_axis',(1.,0.,0.));
#8949=DIRECTION('',(-1.,0.,0.));
#8950=DIRECTION('',(0.,-1.,0.));
#8951=DIRECTION('',(1.,-1.73472347597681E-16,0.));
#8952=DIRECTION('',(0.,1.,0.));
#8953=DIRECTION('',(1.,0.,0.));
#8954=DIRECTION('',(0.,-1.,0.));
#8955=DIRECTION('',(1.,-1.73472347597681E-16,0.));
#8956=DIRECTION('',(0.,1.,0.));
#8957=DIRECTION('',(1.,8.3790416952842E-17,0.));
#8958=DIRECTION('center_axis',(0.,1.,0.));
#8959=DIRECTION('ref_axis',(-0.70710678118654,0.,-0.707106781186555));
#8960=DIRECTION('center_axis',(0.,1.,0.));
#8961=DIRECTION('ref_axis',(-0.70710678118654,0.,-0.707106781186555));
#8962=DIRECTION('',(0.,1.,0.));
#8963=DIRECTION('center_axis',(0.707106781186548,-0.707106781186548,3.14018491736755E-14));
#8964=DIRECTION('ref_axis',(-0.707106781186547,-0.707106781186547,-3.14018491736755E-14));
#8965=DIRECTION('center_axis',(-0.408248290463877,0.408248290463859,-0.816496580927721));
#8966=DIRECTION('ref_axis',(0.577350269189637,-0.577350269189606,-0.577350269189635));
#8967=DIRECTION('center_axis',(1.,0.,0.));
#8968=DIRECTION('ref_axis',(0.,0.,-1.));
#8969=DIRECTION('center_axis',(0.,-1.,-2.22044604925031E-14));
#8970=DIRECTION('ref_axis',(1.,0.,0.));
#8971=DIRECTION('center_axis',(0.,0.,-1.));
#8972=DIRECTION('ref_axis',(0.,-1.,0.));
#8973=DIRECTION('center_axis',(0.,-1.,0.));
#8974=DIRECTION('ref_axis',(0.707106781186548,0.,-0.707106781186547));
#8975=DIRECTION('',(0.,-1.,0.));
#8976=DIRECTION('center_axis',(-0.70710678118652,-0.707106781186575,0.));
#8977=DIRECTION('ref_axis',(-0.707106781186575,0.70710678118652,0.));
#8978=DIRECTION('center_axis',(0.,0.,1.));
#8979=DIRECTION('ref_axis',(0.707106781186555,-0.70710678118654,0.));
#8980=DIRECTION('center_axis',(0.,0.,1.));
#8981=DIRECTION('ref_axis',(0.707106781186555,-0.70710678118654,0.));
#8982=DIRECTION('',(0.,0.,-1.));
#8983=DIRECTION('',(0.,0.,1.));
#8984=DIRECTION('center_axis',(0.,-1.,0.));
#8985=DIRECTION('ref_axis',(0.70710678118654,0.,-0.707106781186555));
#8986=DIRECTION('',(0.,-1.,0.));
#8987=DIRECTION('center_axis',(-0.707106781186548,-0.707106781186548,0.));
#8988=DIRECTION('ref_axis',(-0.707106781186547,0.707106781186547,0.));
#8989=DIRECTION('center_axis',(-0.816496580927728,0.40824829046386,0.408248290463863));
#8990=DIRECTION('ref_axis',(-0.577350269189628,-0.577350269189623,-0.577350269189626));
#8991=DIRECTION('center_axis',(0.,0.,-1.));
#8992=DIRECTION('ref_axis',(-1.,0.,0.));
#8993=DIRECTION('center_axis',(0.,-1.,0.));
#8994=DIRECTION('ref_axis',(0.,0.,-1.));
#8995=DIRECTION('center_axis',(-1.,0.,0.));
#8996=DIRECTION('ref_axis',(0.,-1.,0.));
#8997=DIRECTION('center_axis',(-1.,1.73472347597681E-16,0.));
#8998=DIRECTION('ref_axis',(0.,-0.70710678118654,-0.707106781186555));
#8999=DIRECTION('center_axis',(-0.707106781186532,0.707106781186563,7.8504622934187E-15));
#9000=DIRECTION('ref_axis',(0.707106781186563,0.707106781186532,7.85046229341835E-15));
#9001=DIRECTION('',(-1.,1.73472347597681E-16,0.));
#9002=DIRECTION('center_axis',(0.,-1.,0.));
#9003=DIRECTION('ref_axis',(-0.707106781186548,0.,-0.707106781186547));
#9004=DIRECTION('',(0.,1.,0.));
#9005=DIRECTION('center_axis',(-1.,0.,0.));
#9006=DIRECTION('ref_axis',(0.,-0.707106781186556,-0.707106781186539));
#9007=DIRECTION('',(-1.,0.,0.));
#9008=DIRECTION('center_axis',(0.,0.,1.));
#9009=DIRECTION('ref_axis',(-0.70710678118654,-0.707106781186555,0.));
#9010=DIRECTION('center_axis',(0.,0.,1.));
#9011=DIRECTION('ref_axis',(-0.70710678118654,-0.707106781186555,0.));
#9012=DIRECTION('',(0.,0.,-1.));
#9013=DIRECTION('',(0.,0.,1.));
#9014=DIRECTION('center_axis',(-1.,1.73472347597681E-16,0.));
#9015=DIRECTION('ref_axis',(0.,-0.70710678118654,-0.707106781186555));
#9016=DIRECTION('',(-1.,1.73472347597681E-16,0.));
#9017=DIRECTION('center_axis',(-1.,0.,0.));
#9018=DIRECTION('ref_axis',(0.,-1.,0.));
#9019=DIRECTION('',(0.,0.,1.));
#9020=DIRECTION('',(0.,1.,0.));
#9021=DIRECTION('',(0.,0.,-1.));
#9022=DIRECTION('center_axis',(-1.,0.,0.));
#9023=DIRECTION('ref_axis',(0.,1.,0.));
#9024=DIRECTION('',(0.,-1.,0.));
#9025=DIRECTION('center_axis',(1.73472347597681E-16,1.,0.));
#9026=DIRECTION('ref_axis',(-1.,1.73472347597681E-16,0.));
#9027=DIRECTION('',(0.,0.,1.));
#9028=DIRECTION('',(1.,-1.73472347597681E-16,0.));
#9029=DIRECTION('center_axis',(-1.,0.,0.));
#9030=DIRECTION('ref_axis',(0.,-1.,0.));
#9031=DIRECTION('',(0.,-1.,0.));
#9032=DIRECTION('',(0.,0.,1.));
#9033=DIRECTION('center_axis',(1.,0.,0.));
#9034=DIRECTION('ref_axis',(0.,-0.70710678118654,-0.707106781186555));
#9035=DIRECTION('',(0.,-1.,0.));
#9036=DIRECTION('center_axis',(1.,0.,0.));
#9037=DIRECTION('ref_axis',(0.,0.707106781186555,-0.70710678118654));
#9038=DIRECTION('',(0.,0.,-1.));
#9039=DIRECTION('',(0.,-1.,0.));
#9040=DIRECTION('center_axis',(1.,-2.56572432813013E-16,0.));
#9041=DIRECTION('ref_axis',(0.,0.707106781186555,-0.70710678118654));
#9042=DIRECTION('',(1.,-2.56572432813013E-16,0.));
#9043=DIRECTION('',(-1.,2.56572432813013E-16,0.));
#9044=DIRECTION('center_axis',(0.707106781186548,0.707106781186548,0.));
#9045=DIRECTION('ref_axis',(-0.707106781186547,0.707106781186547,0.));
#9046=DIRECTION('center_axis',(-4.25838968349377E-17,1.,0.));
#9047=DIRECTION('ref_axis',(-0.707106781186548,0.,-0.707106781186548));
#9048=DIRECTION('',(4.25838968349377E-17,-1.,0.));
#9049=DIRECTION('center_axis',(0.707106781186548,0.707106781186548,0.));
#9050=DIRECTION('ref_axis',(0.707106781186547,-0.707106781186547,0.));
#9051=DIRECTION('',(-4.25838968349377E-17,1.,0.));
#9052=DIRECTION('center_axis',(1.,2.25444159714375E-16,0.));
#9053=DIRECTION('ref_axis',(0.,0.70710678118654,-0.707106781186555));
#9054=DIRECTION('',(-1.,-2.25444159714375E-16,0.));
#9055=DIRECTION('center_axis',(-1.,0.,0.));
#9056=DIRECTION('ref_axis',(0.,0.70710678118654,-0.707106781186555));
#9057=DIRECTION('',(1.,2.25444159714375E-16,0.));
#9058=DIRECTION('center_axis',(2.56572432813013E-16,1.,0.));
#9059=DIRECTION('ref_axis',(1.,-2.56572432813013E-16,0.));
#9060=DIRECTION('',(0.,0.,-1.));
#9061=DIRECTION('',(-1.,2.56572432813013E-16,0.));
#9062=DIRECTION('center_axis',(-1.,-4.25838968349377E-17,0.));
#9063=DIRECTION('ref_axis',(-4.25838968349377E-17,1.,0.));
#9064=DIRECTION('',(0.,0.,-1.));
#9065=DIRECTION('',(4.25838968349377E-17,-1.,0.));
#9066=DIRECTION('center_axis',(-2.25444159714375E-16,1.,0.));
#9067=DIRECTION('ref_axis',(1.,2.25444159714375E-16,0.));
#9068=DIRECTION('',(0.,0.,-1.));
#9069=DIRECTION('',(-1.,-2.25444159714375E-16,0.));
#9070=DIRECTION('center_axis',(-0.408248290463862,-0.816496580927723,0.40824829046387));
#9071=DIRECTION('ref_axis',(0.577350269189624,-0.577350269189624,-0.57735026918963));
#9072=DIRECTION('center_axis',(0.,-1.,0.));
#9073=DIRECTION('ref_axis',(1.,0.,0.));
#9074=DIRECTION('center_axis',(0.,0.,-1.));
#9075=DIRECTION('ref_axis',(0.,-1.,0.));
#9076=DIRECTION('center_axis',(1.,0.,0.));
#9077=DIRECTION('ref_axis',(0.,0.,-1.));
#9078=DIRECTION('center_axis',(0.,0.,-1.));
#9079=DIRECTION('ref_axis',(0.70710678118654,-0.707106781186555,0.));
#9080=DIRECTION('center_axis',(0.,0.,1.));
#9081=DIRECTION('ref_axis',(0.70710678118654,-0.707106781186555,0.));
#9082=DIRECTION('',(0.,0.,-1.));
#9083=DIRECTION('',(0.,0.,1.));
#9084=DIRECTION('center_axis',(-1.,9.51595459998605E-18,0.));
#9085=DIRECTION('ref_axis',(0.,-0.707106781186555,-0.70710678118654));
#9086=DIRECTION('center_axis',(-1.,0.,0.));
#9087=DIRECTION('ref_axis',(0.,-0.707106781186555,-0.70710678118654));
#9088=DIRECTION('',(1.,-9.51595459998605E-18,0.));
#9089=DIRECTION('',(-1.,9.51595459998605E-18,0.));
#9090=DIRECTION('center_axis',(4.86673106685E-16,-1.,0.));
#9091=DIRECTION('ref_axis',(0.707106781186555,0.,-0.70710678118654));
#9092=DIRECTION('',(4.86673106685E-16,-1.,0.));
#9093=DIRECTION('',(-4.86673106685E-16,1.,0.));
#9094=DIRECTION('center_axis',(-0.707106781186551,-0.707106781186544,0.));
#9095=DIRECTION('ref_axis',(-0.707106781186544,0.707106781186551,0.));
#9096=DIRECTION('center_axis',(-1.,-4.86673106685E-16,0.));
#9097=DIRECTION('ref_axis',(0.,-0.70710678118654,-0.707106781186555));
#9098=DIRECTION('',(1.,4.86673106685E-16,0.));
#9099=DIRECTION('',(-1.,-4.86673106685E-16,0.));
#9100=DIRECTION('center_axis',(1.,4.86673106685E-16,0.));
#9101=DIRECTION('ref_axis',(4.86673106685E-16,-1.,0.));
#9102=DIRECTION('',(0.,0.,-1.));
#9103=DIRECTION('',(-4.86673106685E-16,1.,0.));
#9104=DIRECTION('center_axis',(4.86673106685E-16,-1.,0.));
#9105=DIRECTION('ref_axis',(-1.,-4.86673106685E-16,0.));
#9106=DIRECTION('',(1.,4.86673106685E-16,0.));
#9107=DIRECTION('center_axis',(0.,0.,1.));
#9108=DIRECTION('ref_axis',(1.,0.,0.));
#9109=DIRECTION('center_axis',(0.,-1.,0.));
#9110=DIRECTION('ref_axis',(0.,0.,-1.));
#9111=DIRECTION('center_axis',(0.,0.,-1.));
#9112=DIRECTION('ref_axis',(0.707106781186549,-0.707106781186546,0.));
#9113=DIRECTION('center_axis',(-1.,0.,0.));
#9114=DIRECTION('ref_axis',(0.,-1.,0.));
#9115=DIRECTION('center_axis',(0.,0.,1.));
#9116=DIRECTION('ref_axis',(0.707106781186549,-0.707106781186546,0.));
#9117=DIRECTION('center_axis',(2.5294194360602E-16,-1.,0.));
#9118=DIRECTION('ref_axis',(0.70710678118654,0.,-0.707106781186555));
#9119=DIRECTION('center_axis',(0.,-1.,0.));
#9120=DIRECTION('ref_axis',(0.,0.,-1.));
#9121=DIRECTION('',(2.5294194360602E-16,-1.,0.));
#9122=DIRECTION('',(-2.5294194360602E-16,1.,0.));
#9123=DIRECTION('center_axis',(0.,0.,1.));
#9124=DIRECTION('ref_axis',(1.,0.,0.));
#9125=DIRECTION('center_axis',(0.,0.,-1.));
#9126=DIRECTION('ref_axis',(0.707106781186548,0.707106781186548,0.));
#9127=DIRECTION('center_axis',(0.,0.,1.));
#9128=DIRECTION('ref_axis',(0.707106781186548,0.707106781186548,0.));
#9129=DIRECTION('center_axis',(0.,0.,-1.));
#9130=DIRECTION('ref_axis',(-1.,0.,0.));
#9131=DIRECTION('',(0.,-1.,0.));
#9132=DIRECTION('center_axis',(0.,0.,1.));
#9133=DIRECTION('ref_axis',(1.,0.,0.));
#9134=DIRECTION('center_axis',(0.,1.,0.));
#9135=DIRECTION('ref_axis',(0.,0.,-1.));
#9136=DIRECTION('center_axis',(0.,0.,-1.));
#9137=DIRECTION('ref_axis',(-0.707106781186552,0.707106781186543,0.));
#9138=DIRECTION('center_axis',(1.,0.,0.));
#9139=DIRECTION('ref_axis',(0.,1.,0.));
#9140=DIRECTION('center_axis',(0.,0.,1.));
#9141=DIRECTION('ref_axis',(-0.707106781186552,0.707106781186543,0.));
#9142=DIRECTION('center_axis',(-4.86673106685E-16,1.,0.));
#9143=DIRECTION('ref_axis',(-0.70710678118654,0.,-0.707106781186555));
#9144=DIRECTION('center_axis',(0.,1.,0.));
#9145=DIRECTION('ref_axis',(0.,0.,-1.));
#9146=DIRECTION('',(-4.86673106685E-16,1.,0.));
#9147=DIRECTION('',(4.86673106685E-16,-1.,0.));
#9148=DIRECTION('center_axis',(0.,0.,1.));
#9149=DIRECTION('ref_axis',(1.,0.,0.));
#9150=DIRECTION('center_axis',(1.,0.,0.));
#9151=DIRECTION('ref_axis',(0.,-1.,0.));
#9152=DIRECTION('center_axis',(0.,0.,-1.));
#9153=DIRECTION('ref_axis',(-0.707106781186546,-0.707106781186549,0.));
#9154=DIRECTION('center_axis',(0.,0.,1.));
#9155=DIRECTION('ref_axis',(-0.707106781186546,-0.707106781186549,0.));
#9156=DIRECTION('center_axis',(0.,0.,-1.));
#9157=DIRECTION('ref_axis',(-1.,0.,0.));
#9158=DIRECTION('',(0.,1.,0.));
#9159=DIRECTION('',(4.86673106685E-16,-1.,0.));
#9160=DIRECTION('',(0.,1.,0.));
#9161=DIRECTION('center_axis',(1.46374861589167E-16,-1.,0.));
#9162=DIRECTION('ref_axis',(0.707106781186548,0.,-0.707106781186548));
#9163=DIRECTION('',(-1.46374861589167E-16,1.,0.));
#9164=DIRECTION('center_axis',(0.,1.,0.));
#9165=DIRECTION('ref_axis',(0.707106781186548,0.,-0.707106781186548));
#9166=DIRECTION('center_axis',(-0.707106781186567,0.707106781186528,4.33873497871556E-28));
#9167=DIRECTION('ref_axis',(0.707106781186528,0.707106781186567,-4.33873497871533E-28));
#9168=DIRECTION('center_axis',(-1.46374861589167E-16,1.,0.));
#9169=DIRECTION('ref_axis',(-0.707106781186563,0.,-0.707106781186532));
#9170=DIRECTION('center_axis',(0.,1.,0.));
#9171=DIRECTION('ref_axis',(-0.707106781186563,0.,-0.707106781186532));
#9172=DIRECTION('',(1.46374861589167E-16,-1.,0.));
#9173=DIRECTION('center_axis',(0.707106781186528,0.707106781186567,-2.35513868802564E-14));
#9174=DIRECTION('ref_axis',(0.707106781186567,-0.707106781186528,-2.35513868802577E-14));
#9175=DIRECTION('center_axis',(1.,4.86673106685E-16,0.));
#9176=DIRECTION('ref_axis',(0.,0.707106781186548,-0.707106781186548));
#9177=DIRECTION('',(1.,4.86673106685E-16,0.));
#9178=DIRECTION('',(-1.,-4.86673106685E-16,0.));
#9179=DIRECTION('center_axis',(0.,0.,1.));
#9180=DIRECTION('ref_axis',(3.93870696097617E-16,-1.,0.));
#9181=DIRECTION('',(1.,3.91021945779929E-16,0.));
#9182=DIRECTION('',(0.,1.,0.));
#9183=DIRECTION('',(1.,-9.51595459998605E-18,0.));
#9184=DIRECTION('',(1.,0.,0.));
#9185=DIRECTION('',(1.,0.,0.));
#9186=DIRECTION('',(0.,1.,0.));
#9187=DIRECTION('',(1.,4.86673106685E-16,0.));
#9188=DIRECTION('',(0.,-1.,0.));
#9189=DIRECTION('',(-4.62592926927149E-16,1.,0.));
#9190=DIRECTION('',(1.,3.47895228606855E-16,0.));
#9191=DIRECTION('',(4.86673106685E-16,-1.,0.));
#9192=DIRECTION('',(1.,5.97695409147516E-16,0.));
#9193=DIRECTION('',(-4.86673106685E-16,1.,0.));
#9194=DIRECTION('',(1.,3.47895228606855E-16,0.));
#9195=DIRECTION('',(3.93870696097617E-16,-1.,0.));
#9196=DIRECTION('',(1.,3.91021945779929E-16,0.));
#9197=DIRECTION('',(-4.62592926927149E-16,1.,0.));
#9198=DIRECTION('',(1.,3.47895228606855E-16,0.));
#9199=DIRECTION('',(4.86673106685E-16,-1.,0.));
#9200=DIRECTION('',(1.,5.97695409147516E-16,0.));
#9201=DIRECTION('',(-4.86673106685E-16,1.,0.));
#9202=DIRECTION('',(1.,3.47895228606855E-16,0.));
#9203=DIRECTION('',(3.93870696097617E-16,-1.,0.));
#9204=DIRECTION('',(1.,3.91021945779929E-16,0.));
#9205=DIRECTION('',(-4.62592926927149E-16,1.,0.));
#9206=DIRECTION('',(1.,3.47895228606855E-16,0.));
#9207=DIRECTION('',(4.86673106685E-16,-1.,0.));
#9208=DIRECTION('',(1.,5.97695409147516E-16,0.));
#9209=DIRECTION('',(-4.86673106685E-16,1.,0.));
#9210=DIRECTION('',(1.,3.47895228606855E-16,0.));
#9211=DIRECTION('',(3.93870696097617E-16,-1.,0.));
#9212=DIRECTION('',(1.,3.91021945779929E-16,0.));
#9213=DIRECTION('center_axis',(0.,0.,1.));
#9214=DIRECTION('ref_axis',(-4.86673106685E-16,1.,0.));
#9215=DIRECTION('',(1.,4.86673106685E-16,0.));
#9216=DIRECTION('center_axis',(0.,0.,1.));
#9217=DIRECTION('ref_axis',(4.86673106685E-16,-1.,0.));
#9218=DIRECTION('',(-1.,-4.86673106685E-16,0.));
#9219=DIRECTION('center_axis',(0.,0.,1.));
#9220=DIRECTION('ref_axis',(4.86673106685E-16,-1.,0.));
#9221=DIRECTION('',(1.,4.86673106685E-16,0.));
#9222=DIRECTION('center_axis',(0.,0.,1.));
#9223=DIRECTION('ref_axis',(-4.86673106685E-16,1.,0.));
#9224=DIRECTION('',(-1.,-4.86673106685E-16,0.));
#9225=DIRECTION('center_axis',(0.,0.,-1.));
#9226=DIRECTION('ref_axis',(-1.,0.,0.));
#9227=DIRECTION('center_axis',(-1.,0.,0.));
#9228=DIRECTION('ref_axis',(0.,0.,-1.));
#9229=DIRECTION('center_axis',(0.,0.,-1.));
#9230=DIRECTION('ref_axis',(-1.,0.,0.));
#9231=DIRECTION('center_axis',(-1.,0.,0.));
#9232=DIRECTION('ref_axis',(0.,1.,0.));
#9233=DIRECTION('center_axis',(0.,0.,1.));
#9234=DIRECTION('ref_axis',(-1.,0.,0.));
#9235=DIRECTION('center_axis',(1.,4.86673106685E-16,0.));
#9236=DIRECTION('ref_axis',(0.,0.70710678118654,-0.707106781186555));
#9237=DIRECTION('center_axis',(-1.,0.,0.));
#9238=DIRECTION('ref_axis',(0.,1.,0.));
#9239=DIRECTION('',(-1.,-4.86673106685E-16,0.));
#9240=DIRECTION('',(1.,4.86673106685E-16,0.));
#9241=DIRECTION('center_axis',(0.,0.,-1.));
#9242=DIRECTION('ref_axis',(1.,0.,0.));
#9243=DIRECTION('center_axis',(1.,0.,0.));
#9244=DIRECTION('ref_axis',(0.,-1.,0.));
#9245=DIRECTION('center_axis',(0.,0.,1.));
#9246=DIRECTION('ref_axis',(1.,0.,0.));
#9247=DIRECTION('center_axis',(0.,0.,-1.));
#9248=DIRECTION('ref_axis',(1.,0.,0.));
#9249=DIRECTION('center_axis',(-1.,-4.86673106685E-16,0.));
#9250=DIRECTION('ref_axis',(0.,-0.707106781186555,-0.70710678118654));
#9251=DIRECTION('',(1.,4.86673106685E-16,0.));
#9252=DIRECTION('',(-1.,-4.86673106685E-16,0.));
#9253=DIRECTION('center_axis',(-4.86673106685E-16,1.,0.));
#9254=DIRECTION('ref_axis',(1.,4.86673106685E-16,0.));
#9255=DIRECTION('',(0.,0.,-1.));
#9256=DIRECTION('',(0.,0.,-1.));
#9257=DIRECTION('center_axis',(0.,0.,-1.));
#9258=DIRECTION('ref_axis',(-4.86673106685E-16,1.,0.));
#9259=DIRECTION('',(0.,0.,-1.));
#9260=DIRECTION('center_axis',(0.,0.,1.));
#9261=DIRECTION('ref_axis',(1.,0.,0.));
#9262=DIRECTION('center_axis',(0.,0.,-1.));
#9263=DIRECTION('ref_axis',(-1.,0.,0.));
#9264=DIRECTION('center_axis',(-1.,0.,0.));
#9265=DIRECTION('ref_axis',(0.,0.,-1.));
#9266=DIRECTION('center_axis',(0.,0.,-1.));
#9267=DIRECTION('ref_axis',(-1.,-2.22044604925031E-15,0.));
#9268=DIRECTION('center_axis',(-1.,-4.44089209850072E-14,0.));
#9269=DIRECTION('ref_axis',(-4.44089209850072E-14,1.,0.));
#9270=DIRECTION('center_axis',(0.,0.,1.));
#9271=DIRECTION('ref_axis',(-1.,-2.22044604925031E-15,0.));
#9272=DIRECTION('center_axis',(1.,4.86673106685E-16,0.));
#9273=DIRECTION('ref_axis',(0.,0.70710678118654,-0.707106781186555));
#9274=DIRECTION('center_axis',(-1.,0.,0.));
#9275=DIRECTION('ref_axis',(0.,1.,0.));
#9276=DIRECTION('',(-1.,-4.86673106685E-16,0.));
#9277=DIRECTION('',(1.,4.86673106685E-16,0.));
#9278=DIRECTION('center_axis',(0.,0.,-1.));
#9279=DIRECTION('ref_axis',(1.,1.77635683940025E-15,0.));
#9280=DIRECTION('center_axis',(1.,0.,0.));
#9281=DIRECTION('ref_axis',(0.,-1.,0.));
#9282=DIRECTION('center_axis',(0.,0.,1.));
#9283=DIRECTION('ref_axis',(1.,0.,0.));
#9284=DIRECTION('center_axis',(0.,0.,-1.));
#9285=DIRECTION('ref_axis',(1.,0.,0.));
#9286=DIRECTION('center_axis',(-1.,-4.86673106685E-16,0.));
#9287=DIRECTION('ref_axis',(0.,-0.707106781186555,-0.70710678118654));
#9288=DIRECTION('',(1.,4.86673106685E-16,0.));
#9289=DIRECTION('',(-1.,-4.86673106685E-16,0.));
#9290=DIRECTION('center_axis',(-4.86673106685E-16,1.,0.));
#9291=DIRECTION('ref_axis',(1.,4.86673106685E-16,0.));
#9292=DIRECTION('',(0.,0.,-1.));
#9293=DIRECTION('',(0.,0.,-1.));
#9294=DIRECTION('center_axis',(0.,0.,-1.));
#9295=DIRECTION('ref_axis',(4.86673106685E-16,-1.,0.));
#9296=DIRECTION('',(0.,0.,-1.));
#9297=DIRECTION('center_axis',(0.,0.,1.));
#9298=DIRECTION('ref_axis',(1.,0.,0.));
#9299=DIRECTION('center_axis',(4.86673106685E-16,-1.,0.));
#9300=DIRECTION('ref_axis',(-1.,-4.86673106685E-16,0.));
#9301=DIRECTION('',(0.,0.,-1.));
#9302=DIRECTION('center_axis',(0.,0.,-1.));
#9303=DIRECTION('ref_axis',(-4.86673106685E-16,1.,0.));
#9304=DIRECTION('center_axis',(4.86673106685E-16,-1.,0.));
#9305=DIRECTION('ref_axis',(-1.,-4.86673106685E-16,0.));
#9306=DIRECTION('',(0.,0.,-1.));
#9307=DIRECTION('center_axis',(0.,0.,-1.));
#9308=DIRECTION('ref_axis',(4.86673106685E-16,-1.,0.));
#9309=DIRECTION('center_axis',(-1.,-4.62592926927149E-16,0.));
#9310=DIRECTION('ref_axis',(0.,0.707106781186548,0.707106781186548));
#9311=DIRECTION('center_axis',(-0.707106781186551,-0.707106781186544,0.));
#9312=DIRECTION('ref_axis',(0.707106781186544,-0.707106781186551,0.));
#9313=DIRECTION('',(-1.,-4.62592926927149E-16,0.));
#9314=DIRECTION('center_axis',(0.707106781186524,-0.707106781186571,-3.14018491736744E-14));
#9315=DIRECTION('ref_axis',(0.707106781186571,0.707106781186524,3.14018491736723E-14));
#9316=DIRECTION('center_axis',(1.,5.97695409147516E-16,0.));
#9317=DIRECTION('ref_axis',(0.,-0.707106781186548,0.707106781186548));
#9318=DIRECTION('',(1.,5.97695409147516E-16,0.));
#9319=DIRECTION('center_axis',(-0.707106781186544,0.707106781186551,0.));
#9320=DIRECTION('ref_axis',(-0.707106781186551,-0.707106781186544,0.));
#9321=DIRECTION('center_axis',(-0.707106781186544,-0.707106781186551,0.));
#9322=DIRECTION('ref_axis',(0.707106781186552,-0.707106781186544,0.));
#9323=DIRECTION('center_axis',(4.86673106685E-16,-1.,0.));
#9324=DIRECTION('ref_axis',(-0.70710678118654,0.,0.707106781186555));
#9325=DIRECTION('',(4.86673106685E-16,-1.,0.));
#9326=DIRECTION('center_axis',(-4.86673106685E-16,1.,0.));
#9327=DIRECTION('ref_axis',(0.70710678118654,0.,0.707106781186555));
#9328=DIRECTION('',(-4.86673106685E-16,1.,0.));
#9329=DIRECTION('center_axis',(1.,4.86673106685E-16,0.));
#9330=DIRECTION('ref_axis',(-4.86673106685E-16,1.,0.));
#9331=DIRECTION('',(0.,0.,1.));
#9332=DIRECTION('',(-4.86673106685E-16,1.,0.));
#9333=DIRECTION('',(0.,0.,1.));
#9334=DIRECTION('center_axis',(-5.97695409147516E-16,1.,0.));
#9335=DIRECTION('ref_axis',(-1.,-5.97695409147516E-16,0.));
#9336=DIRECTION('',(0.,0.,1.));
#9337=DIRECTION('',(-1.,-5.97695409147516E-16,0.));
#9338=DIRECTION('center_axis',(-0.408248290463859,-0.408248290463842,-0.816496580927739));
#9339=DIRECTION('ref_axis',(0.577350269189654,0.577350269189619,-0.577350269189605));
#9340=DIRECTION('center_axis',(0.,1.,0.));
#9341=DIRECTION('ref_axis',(0.,0.,-1.));
#9342=DIRECTION('center_axis',(1.,0.,4.44089209850062E-14));
#9343=DIRECTION('ref_axis',(0.,1.,0.));
#9344=DIRECTION('center_axis',(0.,0.,-1.));
#9345=DIRECTION('ref_axis',(1.,0.,0.));
#9346=DIRECTION('center_axis',(0.408248290463859,-0.408248290463859,-0.81649658092773));
#9347=DIRECTION('ref_axis',(-0.577350269189626,0.577350269189626,-0.577350269189625));
#9348=DIRECTION('center_axis',(0.,1.,0.));
#9349=DIRECTION('ref_axis',(-1.,0.,0.));
#9350=DIRECTION('center_axis',(0.,0.,-1.));
#9351=DIRECTION('ref_axis',(0.,1.,0.));
#9352=DIRECTION('center_axis',(-1.,4.44089209850062E-14,0.));
#9353=DIRECTION('ref_axis',(0.,0.,-1.));
#9354=DIRECTION('center_axis',(9.96036496491176E-33,4.60759438238116E-48,
-1.));
#9355=DIRECTION('ref_axis',(-0.70710678118654,0.707106781186555,0.));
#9356=DIRECTION('center_axis',(2.38002097394814E-16,-0.514495755427526,
-0.857492925712544));
#9357=DIRECTION('ref_axis',(-2.97502621743517E-16,0.857492925712544,-0.514495755427526));
#9358=DIRECTION('',(9.96036496491176E-33,4.60759438238116E-48,-1.));
#9359=DIRECTION('',(-9.96036496491176E-33,-4.60759438238116E-48,1.));
#9360=DIRECTION('center_axis',(1.,4.62592926927149E-16,0.));
#9361=DIRECTION('ref_axis',(0.,0.707106781186548,-0.707106781186547));
#9362=DIRECTION('',(1.,4.62592926927149E-16,0.));
#9363=DIRECTION('center_axis',(3.93870696097616E-16,-1.,0.));
#9364=DIRECTION('ref_axis',(-0.70710678118654,0.,-0.707106781186555));
#9365=DIRECTION('',(-3.93870696097617E-16,1.,0.));
#9366=DIRECTION('center_axis',(0.,0.,1.));
#9367=DIRECTION('ref_axis',(0.707106781186571,0.707106781186524,0.));
#9368=DIRECTION('center_axis',(2.38002097394814E-16,-0.514495755427526,
-0.857492925712544));
#9369=DIRECTION('ref_axis',(-2.97502621743517E-16,0.857492925712544,-0.514495755427526));
#9370=DIRECTION('',(0.,0.,-1.));
#9371=DIRECTION('',(0.,0.,1.));
#9372=DIRECTION('center_axis',(-4.62592926927149E-16,1.,0.));
#9373=DIRECTION('ref_axis',(0.70710678118654,0.,-0.707106781186555));
#9374=DIRECTION('',(4.62592926927149E-16,-1.,0.));
#9375=DIRECTION('center_axis',(1.,3.93870696097616E-16,9.96036496491176E-33));
#9376=DIRECTION('ref_axis',(9.96036496491176E-33,0.,-1.));
#9377=DIRECTION('',(9.96036496491176E-33,3.89472128925803E-48,-1.));
#9378=DIRECTION('',(0.,0.,-1.));
#9379=DIRECTION('',(-3.37741335549182E-16,0.857492925712544,-0.514495755427526));
#9380=DIRECTION('center_axis',(4.86673106685E-16,-1.,0.));
#9381=DIRECTION('ref_axis',(0.70710678118654,0.,-0.707106781186555));
#9382=DIRECTION('',(4.86673106685E-16,-1.,0.));
#9383=DIRECTION('center_axis',(4.62592926927149E-16,-1.,0.));
#9384=DIRECTION('ref_axis',(0.70710678118654,0.,-0.707106781186555));
#9385=DIRECTION('center_axis',(-0.707106781186555,-0.70710678118654,0.));
#9386=DIRECTION('ref_axis',(-0.70710678118654,0.707106781186555,0.));
#9387=DIRECTION('center_axis',(-1.,-5.97695409147516E-16,0.));
#9388=DIRECTION('ref_axis',(0.,-0.707106781186548,-0.707106781186548));
#9389=DIRECTION('center_axis',(-0.707106781186524,0.707106781186571,0.));
#9390=DIRECTION('ref_axis',(0.707106781186571,0.707106781186524,0.));
#9391=DIRECTION('center_axis',(-4.86673106685E-16,1.,0.));
#9392=DIRECTION('ref_axis',(-0.70710678118654,0.,-0.707106781186555));
#9393=DIRECTION('center_axis',(4.62592926927149E-16,-1.,0.));
#9394=DIRECTION('ref_axis',(-0.70710678118654,0.,-0.707106781186555));
#9395=DIRECTION('center_axis',(-1.,-4.86673106685E-16,0.));
#9396=DIRECTION('ref_axis',(4.86673106685E-16,-1.,0.));
#9397=DIRECTION('',(0.,0.,1.));
#9398=DIRECTION('center_axis',(-1.,-4.62592926927149E-16,0.));
#9399=DIRECTION('ref_axis',(0.,0.707106781186548,0.707106781186548));
#9400=DIRECTION('center_axis',(-0.707106781186548,-0.707106781186547,0.));
#9401=DIRECTION('ref_axis',(0.707106781186547,-0.707106781186548,0.));
#9402=DIRECTION('',(-1.,-4.62592926927149E-16,0.));
#9403=DIRECTION('center_axis',(0.707106781186535,-0.70710678118656,0.));
#9404=DIRECTION('ref_axis',(0.70710678118656,0.707106781186535,0.));
#9405=DIRECTION('center_axis',(1.,5.97695409147516E-16,0.));
#9406=DIRECTION('ref_axis',(0.,-0.707106781186548,0.707106781186548));
#9407=DIRECTION('',(1.,5.97695409147516E-16,0.));
#9408=DIRECTION('center_axis',(-0.707106781186536,0.707106781186559,0.));
#9409=DIRECTION('ref_axis',(-0.707106781186559,-0.707106781186536,0.));
#9410=DIRECTION('center_axis',(-0.70710678118655,-0.707106781186545,0.));
#9411=DIRECTION('ref_axis',(0.707106781186545,-0.707106781186551,0.));
#9412=DIRECTION('center_axis',(4.86673106685E-16,-1.,0.));
#9413=DIRECTION('ref_axis',(-0.707106781186548,0.,0.707106781186548));
#9414=DIRECTION('',(4.86673106685E-16,-1.,0.));
#9415=DIRECTION('center_axis',(-4.86673106685E-16,1.,0.));
#9416=DIRECTION('ref_axis',(0.707106781186548,0.,0.707106781186548));
#9417=DIRECTION('',(-4.86673106685E-16,1.,0.));
#9418=DIRECTION('center_axis',(1.,4.86673106685E-16,0.));
#9419=DIRECTION('ref_axis',(-4.86673106685E-16,1.,0.));
#9420=DIRECTION('',(0.,0.,1.));
#9421=DIRECTION('',(-4.86673106685E-16,1.,0.));
#9422=DIRECTION('',(0.,0.,1.));
#9423=DIRECTION('center_axis',(-5.97695409147516E-16,1.,0.));
#9424=DIRECTION('ref_axis',(-1.,-5.97695409147516E-16,0.));
#9425=DIRECTION('',(0.,0.,1.));
#9426=DIRECTION('',(-1.,-5.97695409147516E-16,0.));
#9427=DIRECTION('center_axis',(-0.816496580927728,0.40824829046386,-0.408248290463862));
#9428=DIRECTION('ref_axis',(0.577350269189621,0.57735026918963,-0.577350269189626));
#9429=DIRECTION('center_axis',(0.,1.,0.));
#9430=DIRECTION('ref_axis',(0.,0.,-1.));
#9431=DIRECTION('center_axis',(1.,1.38777878078144E-15,-2.77555756156289E-15));
#9432=DIRECTION('ref_axis',(-1.38777878078144E-15,1.,0.));
#9433=DIRECTION('center_axis',(0.,0.,-1.));
#9434=DIRECTION('ref_axis',(1.,0.,0.));
#9435=DIRECTION('center_axis',(0.408248290463864,-0.40824829046386,-0.816496580927727));
#9436=DIRECTION('ref_axis',(-0.577350269189628,0.577350269189623,-0.577350269189627));
#9437=DIRECTION('center_axis',(0.,1.,0.));
#9438=DIRECTION('ref_axis',(-1.,0.,0.));
#9439=DIRECTION('center_axis',(0.,0.,-1.));
#9440=DIRECTION('ref_axis',(0.,1.,0.));
#9441=DIRECTION('center_axis',(-1.,0.,0.));
#9442=DIRECTION('ref_axis',(0.,0.,-1.));
#9443=DIRECTION('center_axis',(9.96036496491176E-33,4.60759438238116E-48,
-1.));
#9444=DIRECTION('ref_axis',(-0.707106781186548,0.707106781186548,0.));
#9445=DIRECTION('center_axis',(2.38002097394814E-16,-0.514495755427526,
-0.857492925712544));
#9446=DIRECTION('ref_axis',(-4.46253932615276E-16,0.857492925712544,-0.514495755427527));
#9447=DIRECTION('',(9.96036496491176E-33,4.60759438238116E-48,-1.));
#9448=DIRECTION('',(-9.96036496491176E-33,-4.60759438238116E-48,1.));
#9449=DIRECTION('center_axis',(1.,4.62592926927149E-16,0.));
#9450=DIRECTION('ref_axis',(0.,0.707106781186548,-0.707106781186547));
#9451=DIRECTION('',(1.,4.62592926927149E-16,0.));
#9452=DIRECTION('center_axis',(3.93870696097616E-16,-1.,0.));
#9453=DIRECTION('ref_axis',(-0.707106781186548,0.,-0.707106781186547));
#9454=DIRECTION('',(-3.93870696097617E-16,1.,0.));
#9455=DIRECTION('center_axis',(0.,0.,1.));
#9456=DIRECTION('ref_axis',(0.707106781186548,0.707106781186548,0.));
#9457=DIRECTION('center_axis',(2.38002097394814E-16,-0.514495755427526,
-0.857492925712544));
#9458=DIRECTION('ref_axis',(-4.46253932615276E-16,0.857492925712544,-0.514495755427527));
#9459=DIRECTION('',(0.,0.,-1.));
#9460=DIRECTION('',(0.,0.,1.));
#9461=DIRECTION('center_axis',(-4.62592926927149E-16,1.,0.));
#9462=DIRECTION('ref_axis',(0.707106781186548,0.,-0.707106781186547));
#9463=DIRECTION('',(4.62592926927149E-16,-1.,0.));
#9464=DIRECTION('center_axis',(1.,3.93870696097616E-16,9.96036496491176E-33));
#9465=DIRECTION('ref_axis',(9.96036496491176E-33,0.,-1.));
#9466=DIRECTION('',(9.96036496491176E-33,3.89472128925803E-48,-1.));
#9467=DIRECTION('',(0.,0.,-1.));
#9468=DIRECTION('',(-3.37741335549182E-16,0.857492925712544,-0.514495755427526));
#9469=DIRECTION('center_axis',(4.86673106685E-16,-1.,0.));
#9470=DIRECTION('ref_axis',(0.707106781186549,0.,-0.707106781186546));
#9471=DIRECTION('',(4.86673106685E-16,-1.,0.));
#9472=DIRECTION('center_axis',(4.62592926927149E-16,-1.,0.));
#9473=DIRECTION('ref_axis',(0.707106781186549,0.,-0.707106781186546));
#9474=DIRECTION('center_axis',(-0.707106781186546,-0.707106781186549,-1.17756934401283E-14));
#9475=DIRECTION('ref_axis',(-0.707106781186549,0.707106781186546,-1.17756934401284E-14));
#9476=DIRECTION('center_axis',(-1.,-5.97695409147516E-16,0.));
#9477=DIRECTION('ref_axis',(0.,-0.707106781186548,-0.707106781186548));
#9478=DIRECTION('center_axis',(-0.707106781186536,0.707106781186559,7.85046229341874E-15));
#9479=DIRECTION('ref_axis',(0.707106781186559,0.707106781186536,7.85046229341847E-15));
#9480=DIRECTION('center_axis',(-4.86673106685E-16,1.,0.));
#9481=DIRECTION('ref_axis',(-0.707106781186548,0.,-0.707106781186548));
#9482=DIRECTION('center_axis',(4.62592926927149E-16,-1.,0.));
#9483=DIRECTION('ref_axis',(-0.707106781186548,0.,-0.707106781186548));
#9484=DIRECTION('center_axis',(-1.,-4.86673106685E-16,0.));
#9485=DIRECTION('ref_axis',(4.86673106685E-16,-1.,0.));
#9486=DIRECTION('',(0.,0.,1.));
#9487=DIRECTION('center_axis',(0.,0.281179013234745,0.959655335272167));
#9488=DIRECTION('ref_axis',(3.7798011491744E-16,-0.959655335272167,0.281179013234745));
#9489=DIRECTION('',(-3.7798011491744E-16,0.959655335272167,-0.281179013234745));
#9490=DIRECTION('',(-1.,-4.62592926927149E-16,1.35539727589655E-16));
#9491=DIRECTION('',(3.7798011491744E-16,-0.959655335272167,0.281179013234745));
#9492=DIRECTION('',(1.,0.,0.));
#9493=DIRECTION('center_axis',(1.,3.93870696097616E-16,0.));
#9494=DIRECTION('ref_axis',(0.,0.,-1.));
#9495=DIRECTION('',(-3.37741335549182E-16,0.857492925712544,-0.514495755427526));
#9496=DIRECTION('',(0.,0.,-1.));
#9497=DIRECTION('',(9.96036496491176E-33,3.92309588211611E-48,-1.));
#9498=DIRECTION('center_axis',(1.,0.,0.));
#9499=DIRECTION('ref_axis',(0.,0.,-1.));
#9500=DIRECTION('',(0.,-0.857492925712544,0.514495755427526));
#9501=DIRECTION('',(-9.96036496491176E-33,-3.92309588211611E-48,1.));
#9502=DIRECTION('',(0.,0.,1.));
#9503=DIRECTION('center_axis',(-4.62592926927149E-16,1.,0.));
#9504=DIRECTION('ref_axis',(0.,0.,1.));
#9505=DIRECTION('',(0.,0.,1.));
#9506=DIRECTION('',(1.,4.62592926927149E-16,0.));
#9507=DIRECTION('',(1.,4.62592926927149E-16,0.));
#9508=DIRECTION('center_axis',(-2.38002097394814E-16,0.514495755427526,
0.857492925712544));
#9509=DIRECTION('ref_axis',(3.37741335549182E-16,-0.857492925712544,0.514495755427526));
#9510=DIRECTION('',(1.,4.62592926927149E-16,0.));
#9511=DIRECTION('center_axis',(-2.38002097394814E-16,0.514495755427526,
0.857492925712544));
#9512=DIRECTION('ref_axis',(3.37741335549182E-16,-0.857492925712544,0.514495755427526));
#9513=DIRECTION('',(1.,4.62592926927149E-16,0.));
#9514=DIRECTION('',(3.37741335549182E-16,-0.857492925712544,0.514495755427526));
#9515=DIRECTION('center_axis',(-4.62592926927149E-16,1.,0.));
#9516=DIRECTION('ref_axis',(0.,0.,1.));
#9517=DIRECTION('center_axis',(1.,4.62592926927149E-16,0.));
#9518=DIRECTION('ref_axis',(0.,0.,-1.));
#9519=DIRECTION('center_axis',(0.,0.281179013234745,0.959655335272167));
#9520=DIRECTION('ref_axis',(3.7798011491744E-16,-0.959655335272167,0.281179013234745));
#9521=DIRECTION('',(-3.7798011491744E-16,0.959655335272167,-0.281179013234745));
#9522=DIRECTION('',(-1.,-4.62592926927149E-16,1.35539727589655E-16));
#9523=DIRECTION('',(3.7798011491744E-16,-0.959655335272167,0.281179013234745));
#9524=DIRECTION('',(1.,0.,0.));
#9525=DIRECTION('center_axis',(1.,3.93870696097616E-16,0.));
#9526=DIRECTION('ref_axis',(0.,0.,-1.));
#9527=DIRECTION('',(-3.37741335549182E-16,0.857492925712544,-0.514495755427526));
#9528=DIRECTION('',(0.,0.,-1.));
#9529=DIRECTION('',(9.96036496491176E-33,3.92309588211611E-48,-1.));
#9530=DIRECTION('center_axis',(1.,0.,0.));
#9531=DIRECTION('ref_axis',(0.,0.,-1.));
#9532=DIRECTION('',(0.,-0.857492925712544,0.514495755427526));
#9533=DIRECTION('',(-9.96036496491176E-33,-3.92309588211611E-48,1.));
#9534=DIRECTION('',(0.,0.,1.));
#9535=DIRECTION('center_axis',(-4.62592926927149E-16,1.,0.));
#9536=DIRECTION('ref_axis',(0.,0.,1.));
#9537=DIRECTION('',(0.,0.,1.));
#9538=DIRECTION('',(1.,4.62592926927149E-16,0.));
#9539=DIRECTION('',(1.,4.62592926927149E-16,0.));
#9540=DIRECTION('center_axis',(-2.38002097394814E-16,0.514495755427526,
0.857492925712544));
#9541=DIRECTION('ref_axis',(3.37741335549182E-16,-0.857492925712544,0.514495755427526));
#9542=DIRECTION('',(1.,4.62592926927149E-16,0.));
#9543=DIRECTION('center_axis',(-2.38002097394814E-16,0.514495755427526,
0.857492925712544));
#9544=DIRECTION('ref_axis',(3.37741335549182E-16,-0.857492925712544,0.514495755427526));
#9545=DIRECTION('',(1.,4.62592926927149E-16,0.));
#9546=DIRECTION('',(3.37741335549182E-16,-0.857492925712544,0.514495755427526));
#9547=DIRECTION('center_axis',(-4.62592926927149E-16,1.,0.));
#9548=DIRECTION('ref_axis',(0.,0.,1.));
#9549=DIRECTION('center_axis',(1.,4.62592926927149E-16,0.));
#9550=DIRECTION('ref_axis',(0.,0.,-1.));
#9551=DIRECTION('',(0.,0.,1.));
#9552=DIRECTION('center_axis',(3.91021945779929E-16,-1.,0.));
#9553=DIRECTION('ref_axis',(0.,0.,-1.));
#9554=DIRECTION('',(0.,0.,1.));
#9555=DIRECTION('center_axis',(3.91021945779929E-16,-1.,0.));
#9556=DIRECTION('ref_axis',(0.,0.,-1.));
#9557=DIRECTION('center_axis',(-1.,-4.62592926927149E-16,0.));
#9558=DIRECTION('ref_axis',(0.,0.707106781186548,0.707106781186548));
#9559=DIRECTION('center_axis',(-0.707106781186555,-0.70710678118654,0.));
#9560=DIRECTION('ref_axis',(0.70710678118654,-0.707106781186555,0.));
#9561=DIRECTION('',(-1.,-4.62592926927149E-16,0.));
#9562=DIRECTION('center_axis',(0.707106781186524,-0.707106781186571,-3.14018491736744E-14));
#9563=DIRECTION('ref_axis',(0.707106781186571,0.707106781186524,3.14018491736723E-14));
#9564=DIRECTION('center_axis',(1.,5.97695409147516E-16,0.));
#9565=DIRECTION('ref_axis',(0.,-0.707106781186548,0.707106781186548));
#9566=DIRECTION('',(1.,5.97695409147516E-16,0.));
#9567=DIRECTION('center_axis',(-0.70710678118654,0.707106781186555,0.));
#9568=DIRECTION('ref_axis',(-0.707106781186555,-0.70710678118654,0.));
#9569=DIRECTION('center_axis',(-0.707106781186544,-0.707106781186551,0.));
#9570=DIRECTION('ref_axis',(0.707106781186552,-0.707106781186544,0.));
#9571=DIRECTION('center_axis',(4.86673106685E-16,-1.,0.));
#9572=DIRECTION('ref_axis',(-0.70710678118654,0.,0.707106781186555));
#9573=DIRECTION('',(4.86673106685E-16,-1.,0.));
#9574=DIRECTION('center_axis',(-4.86673106685E-16,1.,0.));
#9575=DIRECTION('ref_axis',(0.70710678118654,0.,0.707106781186555));
#9576=DIRECTION('',(-4.86673106685E-16,1.,0.));
#9577=DIRECTION('center_axis',(1.,4.86673106685E-16,0.));
#9578=DIRECTION('ref_axis',(-4.86673106685E-16,1.,0.));
#9579=DIRECTION('',(0.,0.,1.));
#9580=DIRECTION('',(-4.86673106685E-16,1.,0.));
#9581=DIRECTION('',(0.,0.,1.));
#9582=DIRECTION('center_axis',(-5.97695409147516E-16,1.,0.));
#9583=DIRECTION('ref_axis',(-1.,-5.97695409147516E-16,0.));
#9584=DIRECTION('',(0.,0.,1.));
#9585=DIRECTION('',(-1.,-5.97695409147516E-16,0.));
#9586=DIRECTION('center_axis',(-0.40824829046386,-0.408248290463843,-0.816496580927738));
#9587=DIRECTION('ref_axis',(0.577350269189656,0.577350269189611,-0.577350269189611));
#9588=DIRECTION('center_axis',(0.,1.,0.));
#9589=DIRECTION('ref_axis',(0.,0.,-1.));
#9590=DIRECTION('center_axis',(1.,0.,4.44089209850062E-14));
#9591=DIRECTION('ref_axis',(0.,1.,0.));
#9592=DIRECTION('center_axis',(0.,0.,-1.));
#9593=DIRECTION('ref_axis',(1.,0.,0.));
#9594=DIRECTION('center_axis',(0.408248290463859,-0.408248290463859,-0.81649658092773));
#9595=DIRECTION('ref_axis',(-0.577350269189626,0.577350269189626,-0.577350269189625));
#9596=DIRECTION('center_axis',(0.,1.,0.));
#9597=DIRECTION('ref_axis',(-1.,0.,0.));
#9598=DIRECTION('center_axis',(0.,0.,-1.));
#9599=DIRECTION('ref_axis',(0.,1.,0.));
#9600=DIRECTION('center_axis',(-1.,4.44089209850062E-14,0.));
#9601=DIRECTION('ref_axis',(0.,0.,-1.));
#9602=DIRECTION('center_axis',(9.96036496491176E-33,4.60759438238116E-48,
-1.));
#9603=DIRECTION('ref_axis',(-0.70710678118654,0.707106781186555,0.));
#9604=DIRECTION('center_axis',(2.38002097394814E-16,-0.514495755427526,
-0.857492925712544));
#9605=DIRECTION('ref_axis',(-2.97502621743517E-16,0.857492925712544,-0.514495755427526));
#9606=DIRECTION('',(9.96036496491176E-33,4.60759438238116E-48,-1.));
#9607=DIRECTION('',(-9.96036496491176E-33,-4.60759438238116E-48,1.));
#9608=DIRECTION('center_axis',(1.,4.62592926927149E-16,0.));
#9609=DIRECTION('ref_axis',(0.,0.707106781186548,-0.707106781186547));
#9610=DIRECTION('',(1.,4.62592926927149E-16,0.));
#9611=DIRECTION('center_axis',(3.93870696097616E-16,-1.,0.));
#9612=DIRECTION('ref_axis',(-0.70710678118654,0.,-0.707106781186555));
#9613=DIRECTION('',(-3.93870696097617E-16,1.,0.));
#9614=DIRECTION('center_axis',(0.,0.,1.));
#9615=DIRECTION('ref_axis',(0.707106781186571,0.707106781186524,0.));
#9616=DIRECTION('center_axis',(2.38002097394814E-16,-0.514495755427526,
-0.857492925712544));
#9617=DIRECTION('ref_axis',(-2.97502621743517E-16,0.857492925712544,-0.514495755427526));
#9618=DIRECTION('',(0.,0.,-1.));
#9619=DIRECTION('',(0.,0.,1.));
#9620=DIRECTION('center_axis',(-4.62592926927149E-16,1.,0.));
#9621=DIRECTION('ref_axis',(0.70710678118654,0.,-0.707106781186555));
#9622=DIRECTION('',(4.62592926927149E-16,-1.,0.));
#9623=DIRECTION('center_axis',(1.,3.93870696097616E-16,9.96036496491176E-33));
#9624=DIRECTION('ref_axis',(9.96036496491176E-33,0.,-1.));
#9625=DIRECTION('',(9.96036496491176E-33,3.89472128925803E-48,-1.));
#9626=DIRECTION('',(0.,0.,-1.));
#9627=DIRECTION('',(-3.37741335549182E-16,0.857492925712544,-0.514495755427526));
#9628=DIRECTION('center_axis',(4.86673106685E-16,-1.,0.));
#9629=DIRECTION('ref_axis',(0.70710678118654,0.,-0.707106781186555));
#9630=DIRECTION('',(4.86673106685E-16,-1.,0.));
#9631=DIRECTION('center_axis',(4.62592926927149E-16,-1.,0.));
#9632=DIRECTION('ref_axis',(0.70710678118654,0.,-0.707106781186555));
#9633=DIRECTION('center_axis',(-0.707106781186563,-0.707106781186532,7.85046229341869E-15));
#9634=DIRECTION('ref_axis',(-0.707106781186532,0.707106781186563,7.85046229341834E-15));
#9635=DIRECTION('center_axis',(-1.,-5.97695409147516E-16,0.));
#9636=DIRECTION('ref_axis',(0.,-0.707106781186548,-0.707106781186548));
#9637=DIRECTION('center_axis',(-0.70710678118654,0.707106781186555,0.));
#9638=DIRECTION('ref_axis',(0.707106781186555,0.70710678118654,0.));
#9639=DIRECTION('center_axis',(-4.86673106685E-16,1.,0.));
#9640=DIRECTION('ref_axis',(-0.70710678118654,0.,-0.707106781186555));
#9641=DIRECTION('center_axis',(4.62592926927149E-16,-1.,0.));
#9642=DIRECTION('ref_axis',(-0.70710678118654,0.,-0.707106781186555));
#9643=DIRECTION('center_axis',(-1.,-4.86673106685E-16,0.));
#9644=DIRECTION('ref_axis',(4.86673106685E-16,-1.,0.));
#9645=DIRECTION('',(0.,0.,1.));
#9646=DIRECTION('center_axis',(0.,0.281179013234745,0.959655335272167));
#9647=DIRECTION('ref_axis',(3.7798011491744E-16,-0.959655335272167,0.281179013234745));
#9648=DIRECTION('',(-3.7798011491744E-16,0.959655335272167,-0.281179013234745));
#9649=DIRECTION('',(-1.,-4.62592926927149E-16,1.35539727589655E-16));
#9650=DIRECTION('',(3.7798011491744E-16,-0.959655335272167,0.281179013234745));
#9651=DIRECTION('',(1.,0.,0.));
#9652=DIRECTION('center_axis',(1.,3.93870696097616E-16,0.));
#9653=DIRECTION('ref_axis',(0.,0.,-1.));
#9654=DIRECTION('',(-3.37741335549182E-16,0.857492925712544,-0.514495755427526));
#9655=DIRECTION('',(0.,0.,-1.));
#9656=DIRECTION('',(9.96036496491176E-33,3.92309588211611E-48,-1.));
#9657=DIRECTION('center_axis',(1.,0.,0.));
#9658=DIRECTION('ref_axis',(0.,0.,-1.));
#9659=DIRECTION('',(0.,-0.857492925712544,0.514495755427526));
#9660=DIRECTION('',(-9.96036496491176E-33,-3.92309588211611E-48,1.));
#9661=DIRECTION('',(0.,0.,1.));
#9662=DIRECTION('center_axis',(-4.62592926927149E-16,1.,0.));
#9663=DIRECTION('ref_axis',(0.,0.,1.));
#9664=DIRECTION('',(0.,0.,1.));
#9665=DIRECTION('',(1.,4.62592926927149E-16,0.));
#9666=DIRECTION('',(1.,4.62592926927149E-16,0.));
#9667=DIRECTION('center_axis',(-2.38002097394814E-16,0.514495755427526,
0.857492925712544));
#9668=DIRECTION('ref_axis',(3.37741335549182E-16,-0.857492925712544,0.514495755427526));
#9669=DIRECTION('',(1.,4.62592926927149E-16,0.));
#9670=DIRECTION('center_axis',(-2.38002097394814E-16,0.514495755427526,
0.857492925712544));
#9671=DIRECTION('ref_axis',(3.37741335549182E-16,-0.857492925712544,0.514495755427526));
#9672=DIRECTION('',(1.,4.62592926927149E-16,0.));
#9673=DIRECTION('',(3.37741335549182E-16,-0.857492925712544,0.514495755427526));
#9674=DIRECTION('center_axis',(-4.62592926927149E-16,1.,0.));
#9675=DIRECTION('ref_axis',(0.,0.,1.));
#9676=DIRECTION('center_axis',(1.,4.62592926927149E-16,0.));
#9677=DIRECTION('ref_axis',(0.,0.,-1.));
#9678=DIRECTION('center_axis',(3.91021945779929E-16,-1.,0.));
#9679=DIRECTION('ref_axis',(0.,0.,-1.));
#9680=DIRECTION('center_axis',(0.,-1.,0.));
#9681=DIRECTION('ref_axis',(-1.,0.,0.));
#9682=DIRECTION('',(1.,0.,0.));
#9683=DIRECTION('center_axis',(0.,1.,0.));
#9684=DIRECTION('ref_axis',(1.,0.,0.));
#9685=DIRECTION('',(-1.,0.,0.));
#9686=DIRECTION('center_axis',(0.,0.,1.));
#9687=DIRECTION('ref_axis',(1.,0.,0.));
#9688=DIRECTION('',(1.,4.86673106685E-16,0.));
#9689=DIRECTION('center_axis',(0.,0.,1.));
#9690=DIRECTION('ref_axis',(1.,0.,0.));
#9691=DIRECTION('center_axis',(0.,-1.,0.));
#9692=DIRECTION('ref_axis',(1.,0.,0.));
#9693=DIRECTION('',(-1.,0.,0.));
#9694=DIRECTION('center_axis',(0.,1.,0.));
#9695=DIRECTION('ref_axis',(-1.,0.,0.));
#9696=DIRECTION('',(1.,0.,0.));
#9697=DIRECTION('center_axis',(0.,0.,1.));
#9698=DIRECTION('ref_axis',(-1.,-8.3790416952842E-17,0.));
#9699=DIRECTION('',(1.,0.,0.));
#9700=DIRECTION('center_axis',(0.,0.,1.));
#9701=DIRECTION('ref_axis',(-1.,-8.3790416952842E-17,0.));
#9702=DIRECTION('center_axis',(1.,0.,0.));
#9703=DIRECTION('ref_axis',(0.,1.,0.));
#9704=DIRECTION('',(0.,0.,-1.));
#9705=DIRECTION('',(0.,1.,0.));
#9706=DIRECTION('',(0.,1.,0.));
#9707=DIRECTION('',(0.,0.,-1.));
#9708=DIRECTION('center_axis',(0.,-1.,0.));
#9709=DIRECTION('ref_axis',(1.,0.,0.));
#9710=DIRECTION('center_axis',(4.86673106685E-16,-1.,0.));
#9711=DIRECTION('ref_axis',(-1.,-4.86673106685E-16,0.));
#9712=DIRECTION('center_axis',(0.,0.,-1.));
#9713=DIRECTION('ref_axis',(-1.,0.,0.));
#9714=DIRECTION('',(0.,1.,0.));
#9715=DIRECTION('center_axis',(0.,0.,1.));
#9716=DIRECTION('ref_axis',(3.93870696097617E-16,-1.,0.));
#9717=DIRECTION('',(0.,1.,0.));
#9718=DIRECTION('center_axis',(0.,0.,1.));
#9719=DIRECTION('ref_axis',(0.70710678118655,-0.707106781186545,0.));
#9720=DIRECTION('',(-2.5294194360602E-16,1.,0.));
#9721=DIRECTION('center_axis',(0.,0.,1.));
#9722=DIRECTION('ref_axis',(0.707106781186548,0.707106781186548,0.));
#9723=DIRECTION('center_axis',(0.,0.,-1.));
#9724=DIRECTION('ref_axis',(-1.,0.,0.));
#9725=DIRECTION('',(0.,-1.,0.));
#9726=DIRECTION('center_axis',(-9.51595459998605E-18,-1.,0.));
#9727=DIRECTION('ref_axis',(-1.,9.51595459998605E-18,0.));
#9728=DIRECTION('',(0.,0.,1.));
#9729=DIRECTION('center_axis',(-7.47902053655625E-16,1.,0.));
#9730=DIRECTION('ref_axis',(1.,7.47902053655625E-16,0.));
#9731=DIRECTION('',(-1.,-7.47902053655625E-16,0.));
#9732=DIRECTION('',(0.,0.,1.));
#9733=DIRECTION('center_axis',(0.,0.,1.));
#9734=DIRECTION('ref_axis',(3.93870696097617E-16,-1.,0.));
#9735=DIRECTION('',(1.,-1.73472347597681E-16,0.));
#9736=DIRECTION('',(0.,-1.,0.));
#9737=DIRECTION('center_axis',(0.,0.,1.));
#9738=DIRECTION('ref_axis',(-0.70710678118655,0.707106781186545,0.));
#9739=DIRECTION('',(4.86673106685E-16,-1.,0.));
#9740=DIRECTION('center_axis',(0.,0.,1.));
#9741=DIRECTION('ref_axis',(-0.707106781186548,-0.707106781186548,0.));
#9742=DIRECTION('',(0.,-1.,0.));
#9743=DIRECTION('center_axis',(4.86673106685E-16,-1.,0.));
#9744=DIRECTION('ref_axis',(1.,4.86673106685E-16,0.));
#9745=DIRECTION('center_axis',(1.73472347597681E-16,1.,0.));
#9746=DIRECTION('ref_axis',(-1.,1.73472347597681E-16,0.));
#9747=DIRECTION('',(0.,0.,1.));
#9748=DIRECTION('center_axis',(0.,0.,-1.));
#9749=DIRECTION('ref_axis',(0.707106781186548,0.707106781186548,0.));
#9750=DIRECTION('',(0.,0.,-1.));
#9751=DIRECTION('center_axis',(1.,2.5294194360602E-16,0.));
#9752=DIRECTION('ref_axis',(2.5294194360602E-16,-1.,0.));
#9753=DIRECTION('',(0.,0.,1.));
#9754=DIRECTION('center_axis',(0.,0.,-1.));
#9755=DIRECTION('ref_axis',(0.70710678118655,-0.707106781186545,0.));
#9756=DIRECTION('',(0.,0.,1.));
#9757=DIRECTION('center_axis',(0.,0.,-1.));
#9758=DIRECTION('ref_axis',(-0.70710678118655,0.707106781186545,0.));
#9759=DIRECTION('',(0.,0.,1.));
#9760=DIRECTION('',(0.,0.,1.));
#9761=DIRECTION('center_axis',(-1.,-4.86673106685E-16,0.));
#9762=DIRECTION('ref_axis',(-4.86673106685E-16,1.,0.));
#9763=DIRECTION('',(0.,0.,-1.));
#9764=DIRECTION('center_axis',(0.,0.,-1.));
#9765=DIRECTION('ref_axis',(-0.707106781186548,-0.707106781186548,0.));
#9766=DIRECTION('',(0.,0.,-1.));
#9767=DIRECTION('center_axis',(1.,0.,0.));
#9768=DIRECTION('ref_axis',(0.,1.,0.));
#9769=DIRECTION('center_axis',(1.,0.,0.));
#9770=DIRECTION('ref_axis',(0.,1.,0.));
#9771=DIRECTION('',(0.,0.,1.));
#9772=DIRECTION('center_axis',(-1.,0.,0.));
#9773=DIRECTION('ref_axis',(0.,-1.,0.));
#9774=DIRECTION('',(0.,0.,1.));
#9775=DIRECTION('center_axis',(-3.80224774872118E-16,0.972387301980518,
0.233372952475322));
#9776=DIRECTION('ref_axis',(9.1918767241811E-17,-0.233372952475322,0.972387301980518));
#9777=DIRECTION('center_axis',(0.,1.,0.));
#9778=DIRECTION('ref_axis',(-1.,0.,0.));
#9779=DIRECTION('',(0.,0.,1.));
#9780=DIRECTION('center_axis',(0.,-1.,0.));
#9781=DIRECTION('ref_axis',(1.,0.,0.));
#9782=DIRECTION('center_axis',(0.,0.,1.));
#9783=DIRECTION('ref_axis',(1.,0.,0.));
#9784=DIRECTION('',(-2.05122036882205E-16,1.,0.));
#9785=DIRECTION('center_axis',(0.,0.,1.));
#9786=DIRECTION('ref_axis',(1.,0.,0.));
#9787=DIRECTION('center_axis',(0.,0.,-1.));
#9788=DIRECTION('ref_axis',(-1.,0.,0.));
#9789=DIRECTION('center_axis',(0.,1.,0.));
#9790=DIRECTION('ref_axis',(0.,0.,1.));
#9791=DIRECTION('center_axis',(0.,0.,1.));
#9792=DIRECTION('ref_axis',(0.707106781186546,0.707106781186549,0.));
#9793=DIRECTION('center_axis',(0.,0.,-1.));
#9794=DIRECTION('ref_axis',(0.707106781186546,0.707106781186549,0.));
#9795=DIRECTION('center_axis',(0.,1.,0.));
#9796=DIRECTION('ref_axis',(0.70710678118654,0.,0.707106781186555));
#9797=DIRECTION('center_axis',(0.,1.,0.));
#9798=DIRECTION('ref_axis',(0.,0.,1.));
#9799=DIRECTION('',(0.,1.,0.));
#9800=DIRECTION('',(0.,-1.,0.));
#9801=DIRECTION('center_axis',(0.,0.,-1.));
#9802=DIRECTION('ref_axis',(-1.,0.,0.));
#9803=DIRECTION('center_axis',(0.,0.,1.));
#9804=DIRECTION('ref_axis',(0.707106781186548,-0.707106781186548,0.));
#9805=DIRECTION('center_axis',(0.,0.,-1.));
#9806=DIRECTION('ref_axis',(0.707106781186548,-0.707106781186548,0.));
#9807=DIRECTION('center_axis',(0.,0.,1.));
#9808=DIRECTION('ref_axis',(1.,0.,0.));
#9809=DIRECTION('center_axis',(0.,0.,-1.));
#9810=DIRECTION('ref_axis',(-1.,0.,0.));
#9811=DIRECTION('center_axis',(0.,-1.,0.));
#9812=DIRECTION('ref_axis',(0.,0.,1.));
#9813=DIRECTION('center_axis',(0.,0.,1.));
#9814=DIRECTION('ref_axis',(-0.707106781186552,-0.707106781186543,0.));
#9815=DIRECTION('center_axis',(1.,0.,0.));
#9816=DIRECTION('ref_axis',(0.,-1.,0.));
#9817=DIRECTION('center_axis',(0.,0.,-1.));
#9818=DIRECTION('ref_axis',(-0.707106781186552,-0.707106781186543,0.));
#9819=DIRECTION('center_axis',(0.,-1.,0.));
#9820=DIRECTION('ref_axis',(-0.70710678118654,0.,0.707106781186555));
#9821=DIRECTION('center_axis',(0.,-1.,0.));
#9822=DIRECTION('ref_axis',(0.,0.,1.));
#9823=DIRECTION('',(0.,-1.,0.));
#9824=DIRECTION('',(0.,1.,0.));
#9825=DIRECTION('center_axis',(0.,0.,-1.));
#9826=DIRECTION('ref_axis',(-1.,0.,0.));
#9827=DIRECTION('center_axis',(1.,0.,0.));
#9828=DIRECTION('ref_axis',(0.,1.,0.));
#9829=DIRECTION('center_axis',(0.,0.,1.));
#9830=DIRECTION('ref_axis',(-0.707106781186546,0.707106781186549,0.));
#9831=DIRECTION('center_axis',(0.,0.,-1.));
#9832=DIRECTION('ref_axis',(-0.707106781186546,0.707106781186549,0.));
#9833=DIRECTION('center_axis',(0.,0.,1.));
#9834=DIRECTION('ref_axis',(1.,0.,0.));
#9835=DIRECTION('',(0.,-1.,0.));
#9836=DIRECTION('center_axis',(-0.816496580927732,-0.408248290463866,-0.408248290463848));
#9837=DIRECTION('ref_axis',(-0.577350269189629,0.577350269189629,0.57735026918962));
#9838=DIRECTION('center_axis',(-1.,0.,0.));
#9839=DIRECTION('ref_axis',(0.,1.,0.));
#9840=DIRECTION('center_axis',(0.,0.,1.));
#9841=DIRECTION('ref_axis',(-1.,0.,0.));
#9842=DIRECTION('center_axis',(-4.44089209850072E-14,1.,0.));
#9843=DIRECTION('ref_axis',(0.,0.,1.));
#9844=DIRECTION('center_axis',(0.,0.,1.));
#9845=DIRECTION('ref_axis',(-0.707106781186548,0.707106781186548,0.));
#9846=DIRECTION('center_axis',(0.,0.,-1.));
#9847=DIRECTION('ref_axis',(-0.707106781186548,0.707106781186548,0.));
#9848=DIRECTION('',(0.,0.,1.));
#9849=DIRECTION('',(0.,0.,-1.));
#9850=DIRECTION('center_axis',(0.,-1.,0.));
#9851=DIRECTION('ref_axis',(-0.70710678118654,0.,0.707106781186555));
#9852=DIRECTION('',(0.,1.,0.));
#9853=DIRECTION('',(0.,-1.,0.));
#9854=DIRECTION('center_axis',(0.408248290463863,-0.816496580927726,0.408248290463863));
#9855=DIRECTION('ref_axis',(0.577350269189626,0.577350269189626,0.577350269189626));
#9856=DIRECTION('center_axis',(0.,1.,0.));
#9857=DIRECTION('ref_axis',(1.,0.,0.));
#9858=DIRECTION('center_axis',(0.,0.,1.));
#9859=DIRECTION('ref_axis',(0.,1.,0.));
#9860=DIRECTION('center_axis',(1.,0.,0.));
#9861=DIRECTION('ref_axis',(0.,0.,1.));
#9862=DIRECTION('center_axis',(0.,0.,1.));
#9863=DIRECTION('ref_axis',(0.707106781186548,0.707106781186548,0.));
#9864=DIRECTION('center_axis',(0.,0.,-1.));
#9865=DIRECTION('ref_axis',(0.707106781186548,0.707106781186548,0.));
#9866=DIRECTION('',(0.,0.,1.));
#9867=DIRECTION('',(0.,0.,-1.));
#9868=DIRECTION('center_axis',(-1.,-5.9211894646675E-15,0.));
#9869=DIRECTION('ref_axis',(0.,0.70710678118654,0.707106781186555));
#9870=DIRECTION('',(1.,5.9211894646675E-15,0.));
#9871=DIRECTION('',(-1.,-5.9211894646675E-15,0.));
#9872=DIRECTION('center_axis',(0.,1.,0.));
#9873=DIRECTION('ref_axis',(0.70710678118654,0.,0.707106781186555));
#9874=DIRECTION('',(0.,1.,0.));
#9875=DIRECTION('',(0.,-1.,0.));
#9876=DIRECTION('center_axis',(-5.9211894646675E-15,1.,0.));
#9877=DIRECTION('ref_axis',(-1.,-5.9211894646675E-15,0.));
#9878=DIRECTION('',(1.,5.9211894646675E-15,0.));
#9879=DIRECTION('center_axis',(1.,0.,0.));
#9880=DIRECTION('ref_axis',(0.,1.,0.));
#9881=DIRECTION('',(0.,-1.,0.));
#9882=DIRECTION('center_axis',(-0.408248290463838,-0.816496580927747,0.408248290463847));
#9883=DIRECTION('ref_axis',(-0.577350269189644,0.577350269189573,0.577350269189661));
#9884=DIRECTION('center_axis',(-1.,0.,0.));
#9885=DIRECTION('ref_axis',(0.,1.,0.));
#9886=DIRECTION('center_axis',(0.,0.,1.));
#9887=DIRECTION('ref_axis',(-1.,0.,0.));
#9888=DIRECTION('center_axis',(4.44089209850072E-14,1.,0.));
#9889=DIRECTION('ref_axis',(0.,0.,1.));
#9890=DIRECTION('center_axis',(0.,0.,1.));
#9891=DIRECTION('ref_axis',(-0.707106781186548,0.707106781186548,0.));
#9892=DIRECTION('center_axis',(0.,0.,-1.));
#9893=DIRECTION('ref_axis',(-0.707106781186548,0.707106781186548,0.));
#9894=DIRECTION('',(0.,0.,1.));
#9895=DIRECTION('',(0.,0.,-1.));
#9896=DIRECTION('center_axis',(0.,-1.,0.));
#9897=DIRECTION('ref_axis',(-0.70710678118654,0.,0.707106781186555));
#9898=DIRECTION('',(0.,1.,0.));
#9899=DIRECTION('',(0.,-1.,0.));
#9900=DIRECTION('center_axis',(0.408248290463866,0.408248290463866,-0.816496580927723));
#9901=DIRECTION('ref_axis',(0.577350269189632,0.577350269189632,0.577350269189614));
#9902=DIRECTION('center_axis',(0.,1.,0.));
#9903=DIRECTION('ref_axis',(1.,0.,0.));
#9904=DIRECTION('center_axis',(0.,0.,1.));
#9905=DIRECTION('ref_axis',(0.,1.,0.));
#9906=DIRECTION('center_axis',(1.,2.22044604925036E-14,0.));
#9907=DIRECTION('ref_axis',(0.,0.,1.));
#9908=DIRECTION('center_axis',(0.,0.,1.));
#9909=DIRECTION('ref_axis',(0.707106781186563,0.707106781186532,0.));
#9910=DIRECTION('center_axis',(0.,0.,-1.));
#9911=DIRECTION('ref_axis',(0.707106781186563,0.707106781186532,0.));
#9912=DIRECTION('',(0.,0.,1.));
#9913=DIRECTION('',(0.,0.,-1.));
#9914=DIRECTION('center_axis',(-1.,-2.96059473233376E-15,0.));
#9915=DIRECTION('ref_axis',(0.,0.70710678118654,0.707106781186555));
#9916=DIRECTION('',(1.,2.96059473233376E-15,0.));
#9917=DIRECTION('',(-1.,-2.96059473233376E-15,0.));
#9918=DIRECTION('center_axis',(8.88178419700122E-16,1.,0.));
#9919=DIRECTION('ref_axis',(0.707106781186555,0.,0.70710678118654));
#9920=DIRECTION('',(8.88178419700122E-16,1.,0.));
#9921=DIRECTION('',(-8.88178419700122E-16,-1.,0.));
#9922=DIRECTION('center_axis',(-2.96059473233376E-15,1.,0.));
#9923=DIRECTION('ref_axis',(-1.,-2.96059473233376E-15,0.));
#9924=DIRECTION('',(1.,2.96059473233376E-15,0.));
#9925=DIRECTION('center_axis',(1.,-8.88178419700122E-16,0.));
#9926=DIRECTION('ref_axis',(8.88178419700122E-16,1.,0.));
#9927=DIRECTION('',(-8.88178419700122E-16,-1.,0.));
#9928=DIRECTION('center_axis',(0.408248290463863,-0.816496580927726,0.408248290463863));
#9929=DIRECTION('ref_axis',(0.577350269189626,0.577350269189626,0.577350269189626));
#9930=DIRECTION('center_axis',(0.,1.,0.));
#9931=DIRECTION('ref_axis',(1.,0.,0.));
#9932=DIRECTION('center_axis',(0.,0.,1.));
#9933=DIRECTION('ref_axis',(0.,1.,0.));
#9934=DIRECTION('center_axis',(1.,0.,0.));
#9935=DIRECTION('ref_axis',(0.,0.,1.));
#9936=DIRECTION('center_axis',(0.,0.,1.));
#9937=DIRECTION('ref_axis',(0.707106781186548,0.707106781186548,0.));
#9938=DIRECTION('center_axis',(0.,0.,-1.));
#9939=DIRECTION('ref_axis',(0.707106781186548,0.707106781186548,0.));
#9940=DIRECTION('',(0.,0.,1.));
#9941=DIRECTION('',(0.,0.,-1.));
#9942=DIRECTION('center_axis',(-0.408248290463863,-0.816496580927726,0.408248290463863));
#9943=DIRECTION('ref_axis',(-0.577350269189626,0.577350269189626,0.577350269189626));
#9944=DIRECTION('center_axis',(-1.,0.,0.));
#9945=DIRECTION('ref_axis',(0.,1.,0.));
#9946=DIRECTION('center_axis',(0.,0.,1.));
#9947=DIRECTION('ref_axis',(-1.,0.,0.));
#9948=DIRECTION('center_axis',(0.,1.,0.));
#9949=DIRECTION('ref_axis',(0.,0.,1.));
#9950=DIRECTION('center_axis',(0.,0.,1.));
#9951=DIRECTION('ref_axis',(-0.707106781186548,0.707106781186548,0.));
#9952=DIRECTION('center_axis',(0.,0.,-1.));
#9953=DIRECTION('ref_axis',(-0.707106781186548,0.707106781186548,0.));
#9954=DIRECTION('',(0.,0.,1.));
#9955=DIRECTION('',(0.,0.,-1.));
#9956=DIRECTION('center_axis',(0.,-1.,0.));
#9957=DIRECTION('ref_axis',(-0.70710678118654,0.,0.707106781186555));
#9958=DIRECTION('',(0.,1.,0.));
#9959=DIRECTION('',(0.,-1.,0.));
#9960=DIRECTION('center_axis',(-1.,2.96059473233375E-15,0.));
#9961=DIRECTION('ref_axis',(0.,0.70710678118654,0.707106781186555));
#9962=DIRECTION('',(1.,-2.96059473233375E-15,0.));
#9963=DIRECTION('',(-1.,2.96059473233375E-15,0.));
#9964=DIRECTION('center_axis',(0.,1.,0.));
#9965=DIRECTION('ref_axis',(0.70710678118654,0.,0.707106781186555));
#9966=DIRECTION('',(0.,1.,0.));
#9967=DIRECTION('',(0.,-1.,0.));
#9968=DIRECTION('center_axis',(2.96059473233375E-15,1.,0.));
#9969=DIRECTION('ref_axis',(-1.,2.96059473233375E-15,0.));
#9970=DIRECTION('',(1.,-2.96059473233375E-15,0.));
#9971=DIRECTION('center_axis',(1.,0.,0.));
#9972=DIRECTION('ref_axis',(0.,1.,0.));
#9973=DIRECTION('',(0.,-1.,0.));
#9974=DIRECTION('center_axis',(-0.408248290463862,-0.816496580927723,0.40824829046387));
#9975=DIRECTION('ref_axis',(-0.577350269189623,0.577350269189623,0.577350269189632));
#9976=DIRECTION('center_axis',(-1.,0.,2.22044604925031E-14));
#9977=DIRECTION('ref_axis',(0.,1.,0.));
#9978=DIRECTION('center_axis',(0.,0.,1.));
#9979=DIRECTION('ref_axis',(-1.,0.,0.));
#9980=DIRECTION('center_axis',(0.,1.,0.));
#9981=DIRECTION('ref_axis',(0.,0.,1.));
#9982=DIRECTION('center_axis',(0.,0.,1.));
#9983=DIRECTION('ref_axis',(-0.707106781186563,0.707106781186532,0.));
#9984=DIRECTION('center_axis',(0.,0.,-1.));
#9985=DIRECTION('ref_axis',(-0.707106781186563,0.707106781186532,0.));
#9986=DIRECTION('',(0.,0.,1.));
#9987=DIRECTION('',(0.,0.,-1.));
#9988=DIRECTION('center_axis',(1.77635683940025E-15,-1.,0.));
#9989=DIRECTION('ref_axis',(-0.707106781186555,0.,0.70710678118654));
#9990=DIRECTION('',(-1.77635683940025E-15,1.,0.));
#9991=DIRECTION('',(1.77635683940025E-15,-1.,0.));
#9992=DIRECTION('center_axis',(0.408248290463863,-0.816496580927726,0.408248290463863));
#9993=DIRECTION('ref_axis',(0.577350269189626,0.577350269189626,0.577350269189626));
#9994=DIRECTION('center_axis',(0.,1.,0.));
#9995=DIRECTION('ref_axis',(1.,0.,0.));
#9996=DIRECTION('center_axis',(0.,0.,1.));
#9997=DIRECTION('ref_axis',(0.,1.,0.));
#9998=DIRECTION('center_axis',(1.,0.,0.));
#9999=DIRECTION('ref_axis',(0.,0.,1.));
#10000=DIRECTION('center_axis',(0.,0.,1.));
#10001=DIRECTION('ref_axis',(0.707106781186548,0.707106781186548,0.));
#10002=DIRECTION('center_axis',(0.,0.,-1.));
#10003=DIRECTION('ref_axis',(0.707106781186548,0.707106781186548,0.));
#10004=DIRECTION('',(0.,0.,1.));
#10005=DIRECTION('',(0.,0.,-1.));
#10006=DIRECTION('center_axis',(-1.,0.,0.));
#10007=DIRECTION('ref_axis',(0.,0.70710678118654,0.707106781186555));
#10008=DIRECTION('',(1.,0.,0.));
#10009=DIRECTION('',(-1.,0.,0.));
#10010=DIRECTION('center_axis',(0.,1.,0.));
#10011=DIRECTION('ref_axis',(0.70710678118654,0.,0.707106781186555));
#10012=DIRECTION('',(0.,1.,0.));
#10013=DIRECTION('',(0.,-1.,0.));
#10014=DIRECTION('center_axis',(0.,1.,0.));
#10015=DIRECTION('ref_axis',(-1.,0.,0.));
#10016=DIRECTION('',(1.,0.,0.));
#10017=DIRECTION('center_axis',(1.,0.,0.));
#10018=DIRECTION('ref_axis',(0.,1.,0.));
#10019=DIRECTION('',(0.,-1.,0.));
#10020=DIRECTION('center_axis',(0.,0.,1.));
#10021=DIRECTION('ref_axis',(-0.707106781186548,0.707106781186548,0.));
#10022=DIRECTION('',(0.,0.,1.));
#10023=DIRECTION('center_axis',(0.,0.,-1.));
#10024=DIRECTION('ref_axis',(-0.707106781186548,0.707106781186548,0.));
#10025=DIRECTION('',(0.,0.,1.));
#10026=DIRECTION('center_axis',(-1.,0.,0.));
#10027=DIRECTION('ref_axis',(0.,-1.,0.));
#10028=DIRECTION('',(0.,1.,0.));
#10029=DIRECTION('',(0.,0.,-1.));
#10030=DIRECTION('center_axis',(0.,0.,1.));
#10031=DIRECTION('ref_axis',(-0.70710678118655,-0.707106781186545,0.));
#10032=DIRECTION('center_axis',(0.,0.,-1.));
#10033=DIRECTION('ref_axis',(-0.70710678118655,-0.707106781186545,0.));
#10034=DIRECTION('',(0.,0.,-1.));
#10035=DIRECTION('center_axis',(0.,0.,1.));
#10036=DIRECTION('ref_axis',(0.707106781186548,0.707106781186548,0.));
#10037=DIRECTION('',(0.,0.,-1.));
#10038=DIRECTION('center_axis',(0.,0.,-1.));
#10039=DIRECTION('ref_axis',(0.707106781186548,0.707106781186548,0.));
#10040=DIRECTION('center_axis',(1.,0.,0.));
#10041=DIRECTION('ref_axis',(0.,1.,0.));
#10042=DIRECTION('',(0.,0.,1.));
#10043=DIRECTION('',(0.,-1.,0.));
#10044=DIRECTION('center_axis',(0.,0.,1.));
#10045=DIRECTION('ref_axis',(0.707106781186548,-0.707106781186548,0.));
#10046=DIRECTION('center_axis',(0.,0.,-1.));
#10047=DIRECTION('ref_axis',(0.707106781186548,-0.707106781186548,0.));
#10048=DIRECTION('center_axis',(0.,0.,-1.));
#10049=DIRECTION('ref_axis',(-1.,0.,0.));
#10050=DIRECTION('',(0.,1.,0.));
#10051=DIRECTION('',(0.,1.,0.));
#10052=DIRECTION('center_axis',(1.,0.,0.));
#10053=DIRECTION('ref_axis',(0.,-1.,0.));
#10054=DIRECTION('',(0.,0.,-1.));
#10055=DIRECTION('',(0.,-1.,0.));
#10056=DIRECTION('',(0.,-1.,0.));
#10057=DIRECTION('center_axis',(-1.,0.,0.));
#10058=DIRECTION('ref_axis',(0.,-1.,0.));
#10059=DIRECTION('center_axis',(0.,0.,1.));
#10060=DIRECTION('ref_axis',(1.,0.,0.));
#10061=DIRECTION('center_axis',(-1.,0.,0.));
#10062=DIRECTION('ref_axis',(0.,-1.,0.));
#10063=DIRECTION('',(0.,1.,0.));
#10064=DIRECTION('center_axis',(0.,0.,1.));
#10065=DIRECTION('ref_axis',(1.,0.,0.));
#10066=DIRECTION('center_axis',(-1.,-1.77635683940025E-15,0.));
#10067=DIRECTION('ref_axis',(1.77635683940025E-15,-1.,0.));
#10068=DIRECTION('',(-1.77635683940025E-15,1.,0.));
#10069=DIRECTION('center_axis',(0.,0.,1.));
#10070=DIRECTION('ref_axis',(1.,0.,0.));
#10071=DIRECTION('center_axis',(-1.,0.,0.));
#10072=DIRECTION('ref_axis',(0.,-1.,0.));
#10073=DIRECTION('center_axis',(0.,0.,1.));
#10074=DIRECTION('ref_axis',(1.,0.,0.));
#10075=DIRECTION('center_axis',(0.,0.,-1.));
#10076=DIRECTION('ref_axis',(-1.,0.,0.));
#10077=DIRECTION('center_axis',(0.,0.,1.));
#10078=DIRECTION('ref_axis',(1.,0.,0.));
#10079=DIRECTION('center_axis',(0.,-1.,0.));
#10080=DIRECTION('ref_axis',(-1.,0.,0.));
#10081=DIRECTION('center_axis',(1.,2.05122036882205E-16,0.));
#10082=DIRECTION('ref_axis',(2.05122036882205E-16,-1.,0.));
#10083=DIRECTION('center_axis',(0.,1.,0.));
#10084=DIRECTION('ref_axis',(1.,0.,0.));
#10085=DIRECTION('center_axis',(-8.3790416952842E-17,1.,0.));
#10086=DIRECTION('ref_axis',(-1.,-8.3790416952842E-17,0.));
#10087=CARTESIAN_POINT('',(0.,0.,0.));
#10088=CARTESIAN_POINT('Ctrl Pts',(-13.5,25.2,1.2));
#10089=CARTESIAN_POINT('Ctrl Pts',(-13.3839054041626,25.2,1.2));
#10090=CARTESIAN_POINT('Ctrl Pts',(-13.1529514472153,25.1532356193259,1.2));
#10091=CARTESIAN_POINT('Ctrl Pts',(-12.7696272008129,24.9177654657706,1.2));
#10092=CARTESIAN_POINT('Ctrl Pts',(-12.3415019477241,24.3113339881538,1.2));
#10093=CARTESIAN_POINT('Ctrl Pts',(-12.2391420995026,23.4926765991966,1.2));
#10094=CARTESIAN_POINT('Ctrl Pts',(-12.4606877596596,22.7150801701108,1.2));
#10095=CARTESIAN_POINT('Ctrl Pts',(-12.7706684698894,22.2824160311697,1.2));
#10096=CARTESIAN_POINT('Ctrl Pts',(-13.1525091851477,22.0467176848668,1.2));
#10097=CARTESIAN_POINT('Ctrl Pts',(-13.5000230957265,21.976487812988,1.2));
#10098=CARTESIAN_POINT('Ctrl Pts',(-13.8475197734302,22.0465935465529,1.2));
#10099=CARTESIAN_POINT('Ctrl Pts',(-14.2291693724764,22.2825875053321,1.2));
#10100=CARTESIAN_POINT('Ctrl Pts',(-14.5394915469264,22.714978686316,1.2));
#10101=CARTESIAN_POINT('Ctrl Pts',(-14.760124789719,23.4923485186681,1.2));
#10102=CARTESIAN_POINT('Ctrl Pts',(-14.6586442727376,24.3114373926294,1.2));
#10103=CARTESIAN_POINT('Ctrl Pts',(-14.2304500816223,24.9178344988954,1.2));
#10104=CARTESIAN_POINT('Ctrl Pts',(-13.8469664224102,25.1531236236317,1.2));
#10105=CARTESIAN_POINT('Ctrl Pts',(-13.6160945958374,25.2,1.2));
#10106=CARTESIAN_POINT('Ctrl Pts',(-13.5,25.2,1.2));
#10107=CARTESIAN_POINT('Ctrl Pts',(-13.5,25.2,1.14764012244017));
#10108=CARTESIAN_POINT('Ctrl Pts',(-13.3838515163677,25.2,1.14764012244017));
#10109=CARTESIAN_POINT('Ctrl Pts',(-13.1529122386071,25.1532516766849,1.14764012244017));
#10110=CARTESIAN_POINT('Ctrl Pts',(-12.7695239564806,24.9177354316884,1.14764012244017));
#10111=CARTESIAN_POINT('Ctrl Pts',(-12.3414958240125,24.3113144115586,1.14764012244017));
#10112=CARTESIAN_POINT('Ctrl Pts',(-12.239107841145,23.4927131052506,1.14764012244017));
#10113=CARTESIAN_POINT('Ctrl Pts',(-12.4606668527799,22.715094475425,1.14764012244017));
#10114=CARTESIAN_POINT('Ctrl Pts',(-12.770579298354,22.2824175540515,1.14764012244017));
#10115=CARTESIAN_POINT('Ctrl Pts',(-13.152467849571,22.0466914426625,1.14764012244017));
#10116=CARTESIAN_POINT('Ctrl Pts',(-13.4999908858378,21.9764256060269,1.14764012244017));
#10117=CARTESIAN_POINT('Ctrl Pts',(-13.847578524106,22.0465758489792,1.14764012244017));
#10118=CARTESIAN_POINT('Ctrl Pts',(-14.2292408294285,22.2825748319808,1.14764012244017));
#10119=CARTESIAN_POINT('Ctrl Pts',(-14.5395098419397,22.7150111844149,1.14764012244017));
#10120=CARTESIAN_POINT('Ctrl Pts',(-14.7601805120504,23.4923407499072,1.14764012244017));
#10121=CARTESIAN_POINT('Ctrl Pts',(-14.6586062092922,24.3114576485453,1.14764012244017));
#10122=CARTESIAN_POINT('Ctrl Pts',(-14.2305908780074,24.9177911652842,1.14764012244017));
#10123=CARTESIAN_POINT('Ctrl Pts',(-13.8470181482395,25.1531304442052,1.14764012244017));
#10124=CARTESIAN_POINT('Ctrl Pts',(-13.6161484836323,25.2,1.14764012244017));
#10125=CARTESIAN_POINT('Ctrl Pts',(-13.5,25.2,1.14764012244017));
#10126=CARTESIAN_POINT('Ctrl Pts',(-13.5,25.1565696815569,1.04343031844312));
#10127=CARTESIAN_POINT('Ctrl Pts',(-13.3895221685503,25.1565696815569,1.04343031844312));
#10128=CARTESIAN_POINT('Ctrl Pts',(-13.1696261730837,25.1121403175653,1.04343031844312));
#10129=CARTESIAN_POINT('Ctrl Pts',(-12.8015188769171,24.8864756529565,1.04343031844312));
#10130=CARTESIAN_POINT('Ctrl Pts',(-12.384552301599,24.2976485274781,1.04343031844312));
#10131=CARTESIAN_POINT('Ctrl Pts',(-12.2837238800919,23.4944372978701,1.04343031844312));
#10132=CARTESIAN_POINT('Ctrl Pts',(-12.5008152585482,22.7337480665617,1.04343031844312));
#10133=CARTESIAN_POINT('Ctrl Pts',(-12.8024583648704,22.3137196619836,1.04343031844312));
#10134=CARTESIAN_POINT('Ctrl Pts',(-13.1692276644109,22.0878155817078,1.04343031844312));
#10135=CARTESIAN_POINT('Ctrl Pts',(-13.5000283534262,22.0211221612293,1.04343031844312));
#10136=CARTESIAN_POINT('Ctrl Pts',(-13.8307916996715,22.0877016493712,1.04343031844312));
#10137=CARTESIAN_POINT('Ctrl Pts',(-14.197408821649,22.3138779916925,1.04343031844312));
#10138=CARTESIAN_POINT('Ctrl Pts',(-14.4993405745331,22.7336540464217,1.04343031844312));
#10139=CARTESIAN_POINT('Ctrl Pts',(-14.7156045933425,23.4941137653506,1.04343031844312));
#10140=CARTESIAN_POINT('Ctrl Pts',(-14.6155875703609,24.2977357922121,1.04343031844312));
#10141=CARTESIAN_POINT('Ctrl Pts',(-14.19853264457,24.8865488994113,1.04343031844312));
#10142=CARTESIAN_POINT('Ctrl Pts',(-13.8303031696036,25.1120382867197,1.04343031844312));
#10143=CARTESIAN_POINT('Ctrl Pts',(-13.6104778314497,25.1565696815569,1.04343031844312));
#10144=CARTESIAN_POINT('Ctrl Pts',(-13.5,25.1565696815569,1.04343031844312));
#10145=CARTESIAN_POINT('Ctrl Pts',(-13.5,25.0523598775598,1.));
#10146=CARTESIAN_POINT('Ctrl Pts',(-13.4029390649835,25.0523598775598,1.));
#10147=CARTESIAN_POINT('Ctrl Pts',(-13.2095927756686,25.0135513076754,1.));
#10148=CARTESIAN_POINT('Ctrl Pts',(-12.8779263782642,24.8113629979853,1.));
#10149=CARTESIAN_POINT('Ctrl Pts',(-12.4878435313193,24.2647887259338,1.));
#10150=CARTESIAN_POINT('Ctrl Pts',(-12.3906582060097,23.4987029403665,1.));
#10151=CARTESIAN_POINT('Ctrl Pts',(-12.5970766204374,22.7785571746676,1.));
#10152=CARTESIAN_POINT('Ctrl Pts',(-12.8786374106126,22.3888335327088,1.));
#10153=CARTESIAN_POINT('Ctrl Pts',(-13.2092968692403,22.1863994086785,1.));
#10154=CARTESIAN_POINT('Ctrl Pts',(-13.5000048854688,22.1281513118383,1.));
#10155=CARTESIAN_POINT('Ctrl Pts',(-13.7907189826761,22.1863195375547,1.));
#10156=CARTESIAN_POINT('Ctrl Pts',(-14.1212803413094,22.3889444191149,1.));
#10157=CARTESIAN_POINT('Ctrl Pts',(-14.4030199626561,22.7785014441195,1.));
#10158=CARTESIAN_POINT('Ctrl Pts',(-14.6088420823474,23.498340721075,0.999999999999999));
#10159=CARTESIAN_POINT('Ctrl Pts',(-14.5122316062041,24.2648818868457,1.));
#10160=CARTESIAN_POINT('Ctrl Pts',(-14.1221053988706,24.8114314551884,0.999999999999999));
#10161=CARTESIAN_POINT('Ctrl Pts',(-13.7903781189245,25.0134628395378,1.));
#10162=CARTESIAN_POINT('Ctrl Pts',(-13.5970609350165,25.0523598775598,1.));
#10163=CARTESIAN_POINT('Ctrl Pts',(-13.5,25.0523598775598,1.));
#10164=CARTESIAN_POINT('Ctrl Pts',(-13.5,25.,1.));
#10165=CARTESIAN_POINT('Ctrl Pts',(-13.4097042032376,25.,1.));
#10166=CARTESIAN_POINT('Ctrl Pts',(-13.2296912274139,24.9640084694516,1.));
#10167=CARTESIAN_POINT('Ctrl Pts',(-12.9163627970906,24.7736361879329,1.));
#10168=CARTESIAN_POINT('Ctrl Pts',(-12.5397445858764,24.2482870941432,1.));
#10169=CARTESIAN_POINT('Ctrl Pts',(-12.4444021808067,23.5008300332284,1.));
#10170=CARTESIAN_POINT('Ctrl Pts',(-12.6454520869142,22.8010650309224,1.));
#10171=CARTESIAN_POINT('Ctrl Pts',(-12.9169528110445,22.4265735787438,1.));
#10172=CARTESIAN_POINT('Ctrl Pts',(-13.2294478149996,22.2359441527437,1.));
#10173=CARTESIAN_POINT('Ctrl Pts',(-13.5000073570281,22.1819553069991,1.));
#10174=CARTESIAN_POINT('Ctrl Pts',(-13.7705585606077,22.2358776118918,1.));
#10175=CARTESIAN_POINT('Ctrl Pts',(-14.0829981915481,22.4266669136934,1.));
#10176=CARTESIAN_POINT('Ctrl Pts',(-14.3546158827838,22.8010204828534,1.));
#10177=CARTESIAN_POINT('Ctrl Pts',(-14.5551749308732,23.5004679813587,0.999999999999999));
#10178=CARTESIAN_POINT('Ctrl Pts',(-14.4603175926882,24.2483655792157,1.));
#10179=CARTESIAN_POINT('Ctrl Pts',(-14.0836424310206,24.7737081279967,0.999999999999999));
#10180=CARTESIAN_POINT('Ctrl Pts',(-13.7702950020108,24.9639309060214,1.));
#10181=CARTESIAN_POINT('Ctrl Pts',(-13.5902957967624,25.,1.));
#10182=CARTESIAN_POINT('Ctrl Pts',(-13.5,25.,1.));
#10183=CARTESIAN_POINT('',(-13.5,25.,1.));
#10184=CARTESIAN_POINT('',(-13.5,25.2,1.2));
#10185=CARTESIAN_POINT('Origin',(-13.5,25.,1.2));
#10186=CARTESIAN_POINT('Ctrl Pts',(-13.5,25.2,1.2));
#10187=CARTESIAN_POINT('Ctrl Pts',(-13.3839054041626,25.2,1.2));
#10188=CARTESIAN_POINT('Ctrl Pts',(-13.1529514472153,25.1532356193259,1.2));
#10189=CARTESIAN_POINT('Ctrl Pts',(-12.7696272008129,24.9177654657706,1.2));
#10190=CARTESIAN_POINT('Ctrl Pts',(-12.3415019477241,24.3113339881538,1.2));
#10191=CARTESIAN_POINT('Ctrl Pts',(-12.2391420995026,23.4926765991966,1.2));
#10192=CARTESIAN_POINT('Ctrl Pts',(-12.4606877596596,22.7150801701108,1.2));
#10193=CARTESIAN_POINT('Ctrl Pts',(-12.7706684698894,22.2824160311697,1.2));
#10194=CARTESIAN_POINT('Ctrl Pts',(-13.1525091851477,22.0467176848668,1.2));
#10195=CARTESIAN_POINT('Ctrl Pts',(-13.5000230957265,21.976487812988,1.2));
#10196=CARTESIAN_POINT('Ctrl Pts',(-13.8475197734302,22.0465935465529,1.2));
#10197=CARTESIAN_POINT('Ctrl Pts',(-14.2291693724764,22.2825875053321,1.2));
#10198=CARTESIAN_POINT('Ctrl Pts',(-14.5394915469264,22.714978686316,1.2));
#10199=CARTESIAN_POINT('Ctrl Pts',(-14.760124789719,23.4923485186681,1.2));
#10200=CARTESIAN_POINT('Ctrl Pts',(-14.6586442727376,24.3114373926294,1.2));
#10201=CARTESIAN_POINT('Ctrl Pts',(-14.2304500816223,24.9178344988954,1.2));
#10202=CARTESIAN_POINT('Ctrl Pts',(-13.8469664224102,25.1531236236317,1.2));
#10203=CARTESIAN_POINT('Ctrl Pts',(-13.6160945958374,25.2,1.2));
#10204=CARTESIAN_POINT('Ctrl Pts',(-13.5,25.2,1.2));
#10205=CARTESIAN_POINT('Ctrl Pts',(-13.5,25.,1.));
#10206=CARTESIAN_POINT('Ctrl Pts',(-13.5902957967624,25.,1.));
#10207=CARTESIAN_POINT('Ctrl Pts',(-13.7702950020108,24.9639309060214,1.));
#10208=CARTESIAN_POINT('Ctrl Pts',(-14.0836424310206,24.7737081279967,0.999999999999999));
#10209=CARTESIAN_POINT('Ctrl Pts',(-14.4603175926882,24.2483655792157,1.));
#10210=CARTESIAN_POINT('Ctrl Pts',(-14.5551749308732,23.5004679813587,0.999999999999999));
#10211=CARTESIAN_POINT('Ctrl Pts',(-14.3546158827838,22.8010204828534,1.));
#10212=CARTESIAN_POINT('Ctrl Pts',(-14.0829981915481,22.4266669136934,1.));
#10213=CARTESIAN_POINT('Ctrl Pts',(-13.7705585606077,22.2358776118918,1.));
#10214=CARTESIAN_POINT('Ctrl Pts',(-13.5000073570281,22.1819553069991,1.));
#10215=CARTESIAN_POINT('Ctrl Pts',(-13.2294478149996,22.2359441527437,1.));
#10216=CARTESIAN_POINT('Ctrl Pts',(-12.9169528110445,22.4265735787438,1.));
#10217=CARTESIAN_POINT('Ctrl Pts',(-12.6454520869142,22.8010650309224,1.));
#10218=CARTESIAN_POINT('Ctrl Pts',(-12.4444021808067,23.5008300332284,1.));
#10219=CARTESIAN_POINT('Ctrl Pts',(-12.5397445858764,24.2482870941432,1.));
#10220=CARTESIAN_POINT('Ctrl Pts',(-12.9163627970906,24.7736361879329,1.));
#10221=CARTESIAN_POINT('Ctrl Pts',(-13.2296912274139,24.9640084694516,1.));
#10222=CARTESIAN_POINT('Ctrl Pts',(-13.4097042032376,25.,1.));
#10223=CARTESIAN_POINT('Ctrl Pts',(-13.5,25.,1.));
#10224=CARTESIAN_POINT('Ctrl Pts',(-13.5,25.2,5.));
#10225=CARTESIAN_POINT('Ctrl Pts',(-12.3,25.2,5.));
#10226=CARTESIAN_POINT('Ctrl Pts',(-12.3,23.6,5.));
#10227=CARTESIAN_POINT('Ctrl Pts',(-12.3,22.,5.));
#10228=CARTESIAN_POINT('Ctrl Pts',(-13.5,22.,5.));
#10229=CARTESIAN_POINT('Ctrl Pts',(-14.7,22.,5.));
#10230=CARTESIAN_POINT('Ctrl Pts',(-14.7,23.6,5.));
#10231=CARTESIAN_POINT('Ctrl Pts',(-14.7,25.2,5.));
#10232=CARTESIAN_POINT('Ctrl Pts',(-13.5,25.2,5.));
#10233=CARTESIAN_POINT('Ctrl Pts',(-13.5,25.2,1.2));
#10234=CARTESIAN_POINT('Ctrl Pts',(-12.3,25.2,1.2));
#10235=CARTESIAN_POINT('Ctrl Pts',(-12.3,23.6,1.2));
#10236=CARTESIAN_POINT('Ctrl Pts',(-12.3,22.,1.2));
#10237=CARTESIAN_POINT('Ctrl Pts',(-13.5,22.,1.2));
#10238=CARTESIAN_POINT('Ctrl Pts',(-14.7,22.,1.2));
#10239=CARTESIAN_POINT('Ctrl Pts',(-14.7,23.6,1.2));
#10240=CARTESIAN_POINT('Ctrl Pts',(-14.7,25.2,1.2));
#10241=CARTESIAN_POINT('Ctrl Pts',(-13.5,25.2,1.2));
#10242=CARTESIAN_POINT('',(-13.5,25.2,5.));
#10243=CARTESIAN_POINT('',(-13.5,25.2,5.));
#10244=CARTESIAN_POINT('Origin',(-13.5,23.6,5.));
#10245=CARTESIAN_POINT('Origin',(-13.5,23.6,1.));
#10246=CARTESIAN_POINT('Ctrl Pts',(13.5,25.2,1.2));
#10247=CARTESIAN_POINT('Ctrl Pts',(13.6160945958374,25.2,1.2));
#10248=CARTESIAN_POINT('Ctrl Pts',(13.8470485527838,25.1532356193293,1.2));
#10249=CARTESIAN_POINT('Ctrl Pts',(14.2303727991971,24.9177654657725,1.2));
#10250=CARTESIAN_POINT('Ctrl Pts',(14.658498052284,24.3113339881539,1.2));
#10251=CARTESIAN_POINT('Ctrl Pts',(14.7608579004797,23.4926765991913,1.2));
#10252=CARTESIAN_POINT('Ctrl Pts',(14.5393122403472,22.7150801701111,1.2));
#10253=CARTESIAN_POINT('Ctrl Pts',(14.229331530108,22.2824160311704,1.2));
#10254=CARTESIAN_POINT('Ctrl Pts',(13.8474908148551,22.0467176848642,1.2));
#10255=CARTESIAN_POINT('Ctrl Pts',(13.4999769042728,21.9764878129884,1.2));
#10256=CARTESIAN_POINT('Ctrl Pts',(13.152480226568,22.046593546552,1.2));
#10257=CARTESIAN_POINT('Ctrl Pts',(12.7708306275236,22.2825875053316,1.2));
#10258=CARTESIAN_POINT('Ctrl Pts',(12.4605084530696,22.7149786863178,1.2));
#10259=CARTESIAN_POINT('Ctrl Pts',(12.2398752102795,23.4923485186719,1.2));
#10260=CARTESIAN_POINT('Ctrl Pts',(12.341355727271,24.3114373926252,1.2));
#10261=CARTESIAN_POINT('Ctrl Pts',(12.7695499183686,24.9178344988965,1.2));
#10262=CARTESIAN_POINT('Ctrl Pts',(13.1530335775899,25.1531236236359,1.2));
#10263=CARTESIAN_POINT('Ctrl Pts',(13.3839054041626,25.2,1.2));
#10264=CARTESIAN_POINT('Ctrl Pts',(13.5,25.2,1.2));
#10265=CARTESIAN_POINT('Ctrl Pts',(13.5,25.2,1.14764012244017));
#10266=CARTESIAN_POINT('Ctrl Pts',(13.6161484836323,25.2,1.14764012244017));
#10267=CARTESIAN_POINT('Ctrl Pts',(13.8470877613901,25.1532516766884,1.14764012244017));
#10268=CARTESIAN_POINT('Ctrl Pts',(14.2304760435268,24.917735431691,1.14764012244017));
#10269=CARTESIAN_POINT('Ctrl Pts',(14.6585041759933,24.3113144115594,1.14764012244017));
#10270=CARTESIAN_POINT('Ctrl Pts',(14.7608921588362,23.4927131052441,1.14764012244017));
#10271=CARTESIAN_POINT('Ctrl Pts',(14.5393331472248,22.7150944754248,1.14764012244017));
#10272=CARTESIAN_POINT('Ctrl Pts',(14.2294207016411,22.2824175540525,1.14764012244017));
#10273=CARTESIAN_POINT('Ctrl Pts',(13.8475321504302,22.0466914426612,1.14764012244017));
#10274=CARTESIAN_POINT('Ctrl Pts',(13.5000091141615,21.9764256060287,1.14764012244017));
#10275=CARTESIAN_POINT('Ctrl Pts',(13.1524214758934,22.0465758489796,1.14764012244017));
#10276=CARTESIAN_POINT('Ctrl Pts',(12.7707591705735,22.2825748319807,1.14764012244017));
#10277=CARTESIAN_POINT('Ctrl Pts',(12.4604901580583,22.7150111844161,1.14764012244017));
#10278=CARTESIAN_POINT('Ctrl Pts',(12.2398194879494,23.4923407499107,1.14764012244017));
#10279=CARTESIAN_POINT('Ctrl Pts',(12.3413937907176,24.3114576485412,1.14764012244017));
#10280=CARTESIAN_POINT('Ctrl Pts',(12.7694091219864,24.9177911652859,1.14764012244017));
#10281=CARTESIAN_POINT('Ctrl Pts',(13.1529818517627,25.1531304442095,1.14764012244017));
#10282=CARTESIAN_POINT('Ctrl Pts',(13.3838515163677,25.2,1.14764012244017));
#10283=CARTESIAN_POINT('Ctrl Pts',(13.5,25.2,1.14764012244017));
#10284=CARTESIAN_POINT('Ctrl Pts',(13.5,25.1565696815603,1.04343031843965));
#10285=CARTESIAN_POINT('Ctrl Pts',(13.6104778314497,25.1565696815603,1.04343031843965));
#10286=CARTESIAN_POINT('Ctrl Pts',(13.8303738269168,25.1121403175715,1.04343031843965));
#10287=CARTESIAN_POINT('Ctrl Pts',(14.1984811230946,24.8864756529613,1.04343031843965));
#10288=CARTESIAN_POINT('Ctrl Pts',(14.6154476984125,24.2976485274796,1.04343031843965));
#10289=CARTESIAN_POINT('Ctrl Pts',(14.7162761198955,23.4944372978642,1.04343031843965));
#10290=CARTESIAN_POINT('Ctrl Pts',(14.4991847414615,22.7337480665609,1.04343031843965));
#10291=CARTESIAN_POINT('Ctrl Pts',(14.1975416351298,22.3137196619816,1.04343031843965));
#10292=CARTESIAN_POINT('Ctrl Pts',(13.8307723355931,22.087815581702,1.04343031843965));
#10293=CARTESIAN_POINT('Ctrl Pts',(13.499971646573,22.0211221612262,1.04343031843965));
#10294=CARTESIAN_POINT('Ctrl Pts',(13.1692083003257,22.087701649367,1.04343031843965));
#10295=CARTESIAN_POINT('Ctrl Pts',(12.8025911783485,22.3138779916895,1.04343031843965));
#10296=CARTESIAN_POINT('Ctrl Pts',(12.5006594254596,22.7336540464221,1.04343031843965));
#10297=CARTESIAN_POINT('Ctrl Pts',(12.2843954066526,23.4941137653539,1.04343031843965));
#10298=CARTESIAN_POINT('Ctrl Pts',(12.3844124296428,24.2977357922089,1.04343031843965));
#10299=CARTESIAN_POINT('Ctrl Pts',(12.8014673554193,24.8865488994152,1.04343031843965));
#10300=CARTESIAN_POINT('Ctrl Pts',(13.1696968303952,25.1120382867266,1.04343031843965));
#10301=CARTESIAN_POINT('Ctrl Pts',(13.3895221685503,25.1565696815603,1.04343031843965));
#10302=CARTESIAN_POINT('Ctrl Pts',(13.5,25.1565696815603,1.04343031843965));
#10303=CARTESIAN_POINT('Ctrl Pts',(13.5,25.0523598775598,0.999999999999995));
#10304=CARTESIAN_POINT('Ctrl Pts',(13.5970609350165,25.0523598775598,0.999999999999995));
#10305=CARTESIAN_POINT('Ctrl Pts',(13.7904072243299,25.0135513076776,0.999999999999996));
#10306=CARTESIAN_POINT('Ctrl Pts',(14.1220736217424,24.8113629979881,0.999999999999999));
#10307=CARTESIAN_POINT('Ctrl Pts',(14.5121564686865,24.2647887259353,0.999999999999999));
#10308=CARTESIAN_POINT('Ctrl Pts',(14.6093417939781,23.4987029403592,1.));
#10309=CARTESIAN_POINT('Ctrl Pts',(14.4029233795667,22.778557174669,0.999999999999998));
#10310=CARTESIAN_POINT('Ctrl Pts',(14.1213625893855,22.3888335327092,1.));
#10311=CARTESIAN_POINT('Ctrl Pts',(13.790703130761,22.186399408677,0.999999999999999));
#10312=CARTESIAN_POINT('Ctrl Pts',(13.4999951145308,22.1281513118387,1.));
#10313=CARTESIAN_POINT('Ctrl Pts',(13.2092810173233,22.1863195375543,1.));
#10314=CARTESIAN_POINT('Ctrl Pts',(12.8787196586911,22.3889444191145,1.));
#10315=CARTESIAN_POINT('Ctrl Pts',(12.5969800373414,22.7785014441216,0.999999999999999));
#10316=CARTESIAN_POINT('Ctrl Pts',(12.3911579176513,23.4983407210775,1.));
#10317=CARTESIAN_POINT('Ctrl Pts',(12.487768393802,24.2648818868415,1.));
#10318=CARTESIAN_POINT('Ctrl Pts',(12.8778946011229,24.8114314551901,1.));
#10319=CARTESIAN_POINT('Ctrl Pts',(13.2096218810765,25.0134628395403,0.999999999999999));
#10320=CARTESIAN_POINT('Ctrl Pts',(13.4029390649835,25.0523598775598,1.));
#10321=CARTESIAN_POINT('Ctrl Pts',(13.5,25.0523598775598,1.));
#10322=CARTESIAN_POINT('Ctrl Pts',(13.5,25.,0.999999999999995));
#10323=CARTESIAN_POINT('Ctrl Pts',(13.5902957967624,25.,0.999999999999995));
#10324=CARTESIAN_POINT('Ctrl Pts',(13.7703087725849,24.9640084694532,0.999999999999997));
#10325=CARTESIAN_POINT('Ctrl Pts',(14.0836372029156,24.7736361879359,0.999999999999999));
#10326=CARTESIAN_POINT('Ctrl Pts',(14.4602554141292,24.248287094145,0.999999999999999));
#10327=CARTESIAN_POINT('Ctrl Pts',(14.5555978191834,23.5008300332207,1.));
#10328=CARTESIAN_POINT('Ctrl Pts',(14.3545479130895,22.8010650309243,0.999999999999998));
#10329=CARTESIAN_POINT('Ctrl Pts',(14.0830471889545,22.4265735787438,1.));
#10330=CARTESIAN_POINT('Ctrl Pts',(13.7705521850017,22.2359441527422,0.999999999999999));
#10331=CARTESIAN_POINT('Ctrl Pts',(13.4999926429717,22.1819553069991,1.));
#10332=CARTESIAN_POINT('Ctrl Pts',(13.2294414393917,22.2358776118912,1.));
#10333=CARTESIAN_POINT('Ctrl Pts',(12.9170018084521,22.4266669136929,1.));
#10334=CARTESIAN_POINT('Ctrl Pts',(12.6453841172136,22.8010204828557,0.999999999999999));
#10335=CARTESIAN_POINT('Ctrl Pts',(12.4448250691253,23.5004679813609,1.));
#10336=CARTESIAN_POINT('Ctrl Pts',(12.5396824073167,24.2483655792115,1.));
#10337=CARTESIAN_POINT('Ctrl Pts',(12.9163575689731,24.7737081279986,1.));
#10338=CARTESIAN_POINT('Ctrl Pts',(13.22970499799,24.9639309060233,0.999999999999999));
#10339=CARTESIAN_POINT('Ctrl Pts',(13.4097042032376,25.,1.));
#10340=CARTESIAN_POINT('Ctrl Pts',(13.5,25.,1.));
#10341=CARTESIAN_POINT('',(13.5,25.,1.));
#10342=CARTESIAN_POINT('',(13.5,25.2,1.2));
#10343=CARTESIAN_POINT('Origin',(13.5,25.,1.2));
#10344=CARTESIAN_POINT('Ctrl Pts',(13.5,25.2,1.2));
#10345=CARTESIAN_POINT('Ctrl Pts',(13.6160945958374,25.2,1.2));
#10346=CARTESIAN_POINT('Ctrl Pts',(13.8470485527838,25.1532356193293,1.2));
#10347=CARTESIAN_POINT('Ctrl Pts',(14.2303727991971,24.9177654657725,1.2));
#10348=CARTESIAN_POINT('Ctrl Pts',(14.658498052284,24.3113339881539,1.2));
#10349=CARTESIAN_POINT('Ctrl Pts',(14.7608579004797,23.4926765991913,1.2));
#10350=CARTESIAN_POINT('Ctrl Pts',(14.5393122403472,22.7150801701111,1.2));
#10351=CARTESIAN_POINT('Ctrl Pts',(14.229331530108,22.2824160311704,1.2));
#10352=CARTESIAN_POINT('Ctrl Pts',(13.8474908148551,22.0467176848642,1.2));
#10353=CARTESIAN_POINT('Ctrl Pts',(13.4999769042728,21.9764878129884,1.2));
#10354=CARTESIAN_POINT('Ctrl Pts',(13.152480226568,22.046593546552,1.2));
#10355=CARTESIAN_POINT('Ctrl Pts',(12.7708306275236,22.2825875053316,1.2));
#10356=CARTESIAN_POINT('Ctrl Pts',(12.4605084530696,22.7149786863178,1.2));
#10357=CARTESIAN_POINT('Ctrl Pts',(12.2398752102795,23.4923485186719,1.2));
#10358=CARTESIAN_POINT('Ctrl Pts',(12.341355727271,24.3114373926252,1.2));
#10359=CARTESIAN_POINT('Ctrl Pts',(12.7695499183686,24.9178344988965,1.2));
#10360=CARTESIAN_POINT('Ctrl Pts',(13.1530335775899,25.1531236236359,1.2));
#10361=CARTESIAN_POINT('Ctrl Pts',(13.3839054041626,25.2,1.2));
#10362=CARTESIAN_POINT('Ctrl Pts',(13.5,25.2,1.2));
#10363=CARTESIAN_POINT('Ctrl Pts',(13.5,25.,1.));
#10364=CARTESIAN_POINT('Ctrl Pts',(13.4097042032376,25.,1.));
#10365=CARTESIAN_POINT('Ctrl Pts',(13.22970499799,24.9639309060233,0.999999999999999));
#10366=CARTESIAN_POINT('Ctrl Pts',(12.9163575689731,24.7737081279986,1.));
#10367=CARTESIAN_POINT('Ctrl Pts',(12.5396824073167,24.2483655792115,1.));
#10368=CARTESIAN_POINT('Ctrl Pts',(12.4448250691253,23.5004679813609,1.));
#10369=CARTESIAN_POINT('Ctrl Pts',(12.6453841172136,22.8010204828557,0.999999999999999));
#10370=CARTESIAN_POINT('Ctrl Pts',(12.9170018084521,22.4266669136929,1.));
#10371=CARTESIAN_POINT('Ctrl Pts',(13.2294414393917,22.2358776118912,1.));
#10372=CARTESIAN_POINT('Ctrl Pts',(13.4999926429717,22.1819553069991,1.));
#10373=CARTESIAN_POINT('Ctrl Pts',(13.7705521850017,22.2359441527422,0.999999999999999));
#10374=CARTESIAN_POINT('Ctrl Pts',(14.0830471889545,22.4265735787438,1.));
#10375=CARTESIAN_POINT('Ctrl Pts',(14.3545479130895,22.8010650309243,0.999999999999998));
#10376=CARTESIAN_POINT('Ctrl Pts',(14.5555978191834,23.5008300332207,1.));
#10377=CARTESIAN_POINT('Ctrl Pts',(14.4602554141292,24.248287094145,0.999999999999999));
#10378=CARTESIAN_POINT('Ctrl Pts',(14.0836372029156,24.7736361879359,0.999999999999999));
#10379=CARTESIAN_POINT('Ctrl Pts',(13.7703087725849,24.9640084694532,0.999999999999997));
#10380=CARTESIAN_POINT('Ctrl Pts',(13.5902957967624,25.,0.999999999999995));
#10381=CARTESIAN_POINT('Ctrl Pts',(13.5,25.,0.999999999999995));
#10382=CARTESIAN_POINT('Ctrl Pts',(13.5,25.2,5.));
#10383=CARTESIAN_POINT('Ctrl Pts',(14.7,25.2,5.));
#10384=CARTESIAN_POINT('Ctrl Pts',(14.7,23.6,5.));
#10385=CARTESIAN_POINT('Ctrl Pts',(14.7,22.,5.));
#10386=CARTESIAN_POINT('Ctrl Pts',(13.5,22.,5.));
#10387=CARTESIAN_POINT('Ctrl Pts',(12.3,22.,5.));
#10388=CARTESIAN_POINT('Ctrl Pts',(12.3,23.6,5.));
#10389=CARTESIAN_POINT('Ctrl Pts',(12.3,25.2,5.));
#10390=CARTESIAN_POINT('Ctrl Pts',(13.5,25.2,5.));
#10391=CARTESIAN_POINT('Ctrl Pts',(13.5,25.2,1.2));
#10392=CARTESIAN_POINT('Ctrl Pts',(14.7,25.2,1.2));
#10393=CARTESIAN_POINT('Ctrl Pts',(14.7,23.6,1.2));
#10394=CARTESIAN_POINT('Ctrl Pts',(14.7,22.,1.2));
#10395=CARTESIAN_POINT('Ctrl Pts',(13.5,22.,1.2));
#10396=CARTESIAN_POINT('Ctrl Pts',(12.3,22.,1.2));
#10397=CARTESIAN_POINT('Ctrl Pts',(12.3,23.6,1.2));
#10398=CARTESIAN_POINT('Ctrl Pts',(12.3,25.2,1.2));
#10399=CARTESIAN_POINT('Ctrl Pts',(13.5,25.2,1.2));
#10400=CARTESIAN_POINT('',(13.5,25.2,5.));
#10401=CARTESIAN_POINT('',(13.5,25.2,5.));
#10402=CARTESIAN_POINT('Origin',(13.5,23.6,5.));
#10403=CARTESIAN_POINT('Origin',(13.5,23.6,1.));
#10404=CARTESIAN_POINT('Origin',(2.625,36.3,7.1));
#10405=CARTESIAN_POINT('',(-5.44999999999999,36.3,7.3));
#10406=CARTESIAN_POINT('',(5.45,36.3,7.3));
#10407=CARTESIAN_POINT('',(2.625,36.3,7.3));
#10408=CARTESIAN_POINT('',(5.24999999999999,36.5,7.1));
#10409=CARTESIAN_POINT('Origin',(5.45,36.3,7.1));
#10410=CARTESIAN_POINT('',(-5.24999999999999,36.5,7.1));
#10411=CARTESIAN_POINT('',(2.625,36.5,7.1));
#10412=CARTESIAN_POINT('Origin',(-5.44999999999999,36.3,7.1));
#10413=CARTESIAN_POINT('Origin',(-2.62499999999999,41.8,7.1));
#10414=CARTESIAN_POINT('',(-5.44999999999999,41.8000000000422,7.3));
#10415=CARTESIAN_POINT('',(5.45,41.8,7.3));
#10416=CARTESIAN_POINT('',(49.7000000000102,41.8000000000422,7.3));
#10417=CARTESIAN_POINT('',(-5.24999999999999,41.6,7.1));
#10418=CARTESIAN_POINT('Origin',(-5.44999999999999,41.8,7.1));
#10419=CARTESIAN_POINT('',(5.24999999999999,41.6,7.1));
#10420=CARTESIAN_POINT('',(-2.62499999999999,41.6,7.1));
#10421=CARTESIAN_POINT('Origin',(5.45,41.8,7.1));
#10422=CARTESIAN_POINT('Origin',(-5.44999999999999,22.55,7.1));
#10423=CARTESIAN_POINT('',(-5.24999999999999,22.55,7.1));
#10424=CARTESIAN_POINT('',(-5.44999999999999,22.55,7.3));
#10425=CARTESIAN_POINT('Origin',(5.45,-3.55000000000001,7.1));
#10426=CARTESIAN_POINT('',(5.45,-3.55000000000001,7.3));
#10427=CARTESIAN_POINT('',(5.25,-3.55000000000001,7.1));
#10428=CARTESIAN_POINT('Origin',(5.25,-7.10000000000002,5.));
#10429=CARTESIAN_POINT('',(5.24999999999999,41.6,6.));
#10430=CARTESIAN_POINT('',(5.24999999999999,41.6,7.3));
#10431=CARTESIAN_POINT('',(5.25,44.9,6.));
#10432=CARTESIAN_POINT('',(5.25,-7.10000000000002,6.));
#10433=CARTESIAN_POINT('',(5.25,44.9,0.2));
#10434=CARTESIAN_POINT('',(5.25,44.9,2.5));
#10435=CARTESIAN_POINT('',(5.24999999999999,41.6,0.2));
#10436=CARTESIAN_POINT('',(5.25,-3.55000000000002,0.2));
#10437=CARTESIAN_POINT('',(5.24999999999999,41.6,2.));
#10438=CARTESIAN_POINT('',(5.24999999999999,41.6,0.));
#10439=CARTESIAN_POINT('',(5.25000000000001,36.5,2.));
#10440=CARTESIAN_POINT('',(5.25,19.,2.));
#10441=CARTESIAN_POINT('',(5.25000000000001,36.5,0.2));
#10442=CARTESIAN_POINT('',(5.25000000000001,36.5,0.));
#10443=CARTESIAN_POINT('',(5.25,30.5,0.2));
#10444=CARTESIAN_POINT('',(5.25,-3.55000000000002,0.2));
#10445=CARTESIAN_POINT('',(5.25,30.5,2.));
#10446=CARTESIAN_POINT('',(5.25,30.5,0.));
#10447=CARTESIAN_POINT('',(5.25,25.3,2.));
#10448=CARTESIAN_POINT('',(5.25,19.,2.));
#10449=CARTESIAN_POINT('',(5.25,25.3,5.1));
#10450=CARTESIAN_POINT('',(5.25,25.3,2.5));
#10451=CARTESIAN_POINT('',(5.25,-7.10000000000002,5.1));
#10452=CARTESIAN_POINT('',(5.25,5.89999999999998,5.1));
#10453=CARTESIAN_POINT('',(5.25,-7.10000000000002,6.));
#10454=CARTESIAN_POINT('',(5.25,-7.10000000000002,5.));
#10455=CARTESIAN_POINT('',(5.24999999999999,25.3,6.));
#10456=CARTESIAN_POINT('',(5.25,-7.10000000000002,6.));
#10457=CARTESIAN_POINT('',(5.24999999999999,25.3,7.1));
#10458=CARTESIAN_POINT('',(5.24999999999999,25.3,7.3));
#10459=CARTESIAN_POINT('',(5.24999999999999,30.5,7.1));
#10460=CARTESIAN_POINT('',(5.25,-3.55000000000001,7.1));
#10461=CARTESIAN_POINT('',(5.24999999999999,30.5,6.));
#10462=CARTESIAN_POINT('',(5.24999999999999,30.5,7.3));
#10463=CARTESIAN_POINT('',(5.24999999999999,36.5,6.));
#10464=CARTESIAN_POINT('',(5.25,-7.10000000000002,6.));
#10465=CARTESIAN_POINT('',(5.24999999999999,36.5,7.3));
#10466=CARTESIAN_POINT('Origin',(-5.24999999999999,41.6,7.3));
#10467=CARTESIAN_POINT('',(-5.24999999999999,41.6,6.));
#10468=CARTESIAN_POINT('',(-5.24999999999999,41.6,7.3));
#10469=CARTESIAN_POINT('',(-2.62499999999999,41.6,6.));
#10470=CARTESIAN_POINT('Origin',(2.625,25.1,7.1));
#10471=CARTESIAN_POINT('',(-5.24999999999999,25.3,7.1));
#10472=CARTESIAN_POINT('',(2.625,25.3,7.1));
#10473=CARTESIAN_POINT('',(-5.44999999999999,25.1,7.3));
#10474=CARTESIAN_POINT('Origin',(-5.44999999999999,25.1,7.1));
#10475=CARTESIAN_POINT('',(5.45,25.1,7.3));
#10476=CARTESIAN_POINT('',(2.625,25.1,7.3));
#10477=CARTESIAN_POINT('Origin',(5.45,25.1,7.1));
#10478=CARTESIAN_POINT('Origin',(-5.44999999999999,22.55,7.1));
#10479=CARTESIAN_POINT('',(-5.44999999999999,30.7,7.3));
#10480=CARTESIAN_POINT('',(-5.44999999999999,22.55,7.3));
#10481=CARTESIAN_POINT('',(-5.24999999999999,30.5,7.1));
#10482=CARTESIAN_POINT('',(-5.24999999999999,22.55,7.1));
#10483=CARTESIAN_POINT('Origin',(-5.44999999999999,30.7,7.1));
#10484=CARTESIAN_POINT('Origin',(-2.62499999999999,30.7,7.1));
#10485=CARTESIAN_POINT('',(5.45,30.7,7.3));
#10486=CARTESIAN_POINT('',(-2.62499999999999,30.7,7.3));
#10487=CARTESIAN_POINT('',(-2.62499999999999,30.5,7.1));
#10488=CARTESIAN_POINT('Origin',(5.45,30.7,7.1));
#10489=CARTESIAN_POINT('Origin',(5.45,-3.55000000000001,7.1));
#10490=CARTESIAN_POINT('',(5.45,-3.55000000000001,7.3));
#10491=CARTESIAN_POINT('Origin',(-5.24999999999999,45.1,5.));
#10492=CARTESIAN_POINT('',(-5.24999999999999,36.5,6.));
#10493=CARTESIAN_POINT('',(-5.24999999999999,36.5,7.3));
#10494=CARTESIAN_POINT('',(-5.24999999999999,30.5,6.));
#10495=CARTESIAN_POINT('',(-5.24999999999999,45.1,6.));
#10496=CARTESIAN_POINT('',(-5.24999999999999,30.5,7.3));
#10497=CARTESIAN_POINT('',(-5.24999999999999,25.3,6.));
#10498=CARTESIAN_POINT('',(-5.24999999999999,25.3,7.3));
#10499=CARTESIAN_POINT('',(-5.24999999999999,-7.10000000000002,6.));
#10500=CARTESIAN_POINT('',(-5.24999999999999,45.1,6.));
#10501=CARTESIAN_POINT('',(-5.24999999999999,-7.10000000000002,5.1));
#10502=CARTESIAN_POINT('',(-5.24999999999999,-7.10000000000002,5.));
#10503=CARTESIAN_POINT('',(-5.24999999999999,25.3,5.1));
#10504=CARTESIAN_POINT('',(-5.24999999999999,32.,5.1));
#10505=CARTESIAN_POINT('',(-5.24999999999999,25.3,2.));
#10506=CARTESIAN_POINT('',(-5.24999999999999,25.3,2.5));
#10507=CARTESIAN_POINT('',(-5.24999999999999,30.5,2.));
#10508=CARTESIAN_POINT('',(-5.24999999999999,45.1,2.));
#10509=CARTESIAN_POINT('',(-5.24999999999999,30.5,0.2));
#10510=CARTESIAN_POINT('',(-5.24999999999999,30.5,0.));
#10511=CARTESIAN_POINT('',(-5.24999999999999,36.5,0.2));
#10512=CARTESIAN_POINT('',(-5.24999999999999,22.55,0.2));
#10513=CARTESIAN_POINT('',(-5.24999999999999,36.5,2.));
#10514=CARTESIAN_POINT('',(-5.24999999999999,36.5,0.));
#10515=CARTESIAN_POINT('',(-5.24999999999999,41.6,2.));
#10516=CARTESIAN_POINT('',(-5.24999999999999,45.1,2.));
#10517=CARTESIAN_POINT('',(-5.24999999999999,41.6,0.2));
#10518=CARTESIAN_POINT('',(-5.24999999999999,41.6,0.));
#10519=CARTESIAN_POINT('',(-5.24999999999999,44.9,0.2));
#10520=CARTESIAN_POINT('',(-5.24999999999999,22.55,0.2));
#10521=CARTESIAN_POINT('',(-5.24999999999999,44.9,6.));
#10522=CARTESIAN_POINT('',(-5.24999999999999,44.9,2.5));
#10523=CARTESIAN_POINT('',(-5.24999999999999,45.1,6.));
#10524=CARTESIAN_POINT('Origin',(5.24999999999999,25.3,7.3));
#10525=CARTESIAN_POINT('',(2.625,25.3,6.));
#10526=CARTESIAN_POINT('Origin',(8.88178419700125E-15,0.,7.3));
#10527=CARTESIAN_POINT('',(-49.7000000000102,41.8000000000422,7.3));
#10528=CARTESIAN_POINT('',(49.7000000000102,41.8000000000422,7.3));
#10529=CARTESIAN_POINT('',(-49.7000000000102,-19.4000000000422,7.3));
#10530=CARTESIAN_POINT('',(-49.7000000000102,41.8000000000422,7.3));
#10531=CARTESIAN_POINT('',(49.7000000000102,-19.4000000000422,7.3));
#10532=CARTESIAN_POINT('',(-24.8500000000051,-19.4000000000422,7.3));
#10533=CARTESIAN_POINT('',(49.7000000000102,41.8000000000422,7.3));
#10534=CARTESIAN_POINT('',(49.7000000000102,-41.8000000000422,7.3));
#10535=CARTESIAN_POINT('',(49.7000000000102,41.8000000000422,7.3));
#10536=CARTESIAN_POINT('',(48.3,-12.6,7.3));
#10537=CARTESIAN_POINT('',(42.9,-12.6,7.3));
#10538=CARTESIAN_POINT('',(24.05,-12.6,7.3));
#10539=CARTESIAN_POINT('',(48.3,-16.8,7.3));
#10540=CARTESIAN_POINT('',(48.3,-8.29999999999999,7.3));
#10541=CARTESIAN_POINT('',(42.9,-16.8,7.3));
#10542=CARTESIAN_POINT('',(21.6,-16.8,7.3));
#10543=CARTESIAN_POINT('',(42.9,-6.39999999999999,7.3));
#10544=CARTESIAN_POINT('',(-42.9,-12.6,7.3));
#10545=CARTESIAN_POINT('',(-48.3,-12.6,7.3));
#10546=CARTESIAN_POINT('',(-21.55,-12.6,7.3));
#10547=CARTESIAN_POINT('',(-42.9,-16.8,7.3));
#10548=CARTESIAN_POINT('',(-42.9,-8.30000000000003,7.3));
#10549=CARTESIAN_POINT('',(-48.3,-16.8,7.3));
#10550=CARTESIAN_POINT('',(-24.,-16.8,7.3));
#10551=CARTESIAN_POINT('',(-48.3,-6.40000000000003,7.3));
#10552=CARTESIAN_POINT('',(2.70000000000002,-12.6,7.3));
#10553=CARTESIAN_POINT('',(-2.69999999999999,-12.6,7.3));
#10554=CARTESIAN_POINT('',(1.25000000000001,-12.6,7.3));
#10555=CARTESIAN_POINT('',(2.70000000000002,-16.8,7.3));
#10556=CARTESIAN_POINT('',(2.70000000000001,-8.30000000000001,7.3));
#10557=CARTESIAN_POINT('',(-2.69999999999999,-16.8,7.3));
#10558=CARTESIAN_POINT('',(-1.19999999999998,-16.8,7.3));
#10559=CARTESIAN_POINT('',(-2.69999999999999,-6.40000000000001,7.3));
#10560=CARTESIAN_POINT('Origin',(-24.8500000000051,-19.4000000000422,7.1));
#10561=CARTESIAN_POINT('',(-49.7000000000102,-19.6000000000422,7.1));
#10562=CARTESIAN_POINT('Origin',(-49.7000000000102,-19.4000000000422,7.1));
#10563=CARTESIAN_POINT('',(49.7000000000102,-19.6000000000422,7.1));
#10564=CARTESIAN_POINT('',(-24.8500000000051,-19.6000000000422,7.1));
#10565=CARTESIAN_POINT('Origin',(49.7000000000102,-19.4000000000422,7.1));
#10566=CARTESIAN_POINT('Origin',(-49.7000000000102,-19.6000000000422,7.3));
#10567=CARTESIAN_POINT('',(-49.7000000000102,-19.6000000000422,1.8));
#10568=CARTESIAN_POINT('',(-49.7000000000102,-19.6000000000422,7.3));
#10569=CARTESIAN_POINT('',(-0.599999999989803,-19.6000000000422,1.8));
#10570=CARTESIAN_POINT('',(49.7000000000102,-19.6000000000422,1.8));
#10571=CARTESIAN_POINT('',(-0.5999999999898,-19.6000000000422,6.6));
#10572=CARTESIAN_POINT('',(-0.5999999999898,-19.6000000000422,4.55));
#10573=CARTESIAN_POINT('',(-0.399999999989804,-19.6000000000422,6.8));
#10574=CARTESIAN_POINT('Origin',(-0.399999999989803,-19.6000000000422,6.6));
#10575=CARTESIAN_POINT('',(0.400000000010197,-19.6000000000422,6.8));
#10576=CARTESIAN_POINT('',(-24.85,-19.6000000000422,6.8));
#10577=CARTESIAN_POINT('',(0.600000000010195,-19.6000000000422,6.6));
#10578=CARTESIAN_POINT('Origin',(0.400000000010197,-19.6000000000422,6.6));
#10579=CARTESIAN_POINT('',(0.600000000010197,-19.6000000000422,1.8));
#10580=CARTESIAN_POINT('',(0.600000000010195,-19.6000000000422,4.55));
#10581=CARTESIAN_POINT('',(49.7000000000102,-19.6000000000422,1.8));
#10582=CARTESIAN_POINT('',(49.7000000000102,-19.6000000000422,1.8));
#10583=CARTESIAN_POINT('',(49.7000000000102,-19.6000000000422,7.3));
#10584=CARTESIAN_POINT('Origin',(0.4000000000102,-36.2500000000422,6.6));
#10585=CARTESIAN_POINT('',(0.400000000010201,-41.8000000000422,6.8));
#10586=CARTESIAN_POINT('',(0.600000000010201,-41.8000000000422,6.6));
#10587=CARTESIAN_POINT('Origin',(0.400000000010201,-41.8000000000422,6.6));
#10588=CARTESIAN_POINT('',(0.6000000000102,-36.2500000000422,6.6));
#10589=CARTESIAN_POINT('',(0.4000000000102,-36.2500000000422,6.8));
#10590=CARTESIAN_POINT('Origin',(0.600000000010201,-41.8000000000422,1.8));
#10591=CARTESIAN_POINT('',(0.600000000010201,-41.8000000000422,1.8));
#10592=CARTESIAN_POINT('',(0.600000000010201,-41.8000000000422,5.8));
#10593=CARTESIAN_POINT('',(0.6000000000102,-36.2500000000422,1.8));
#10594=CARTESIAN_POINT('Origin',(-0.399999999989802,-25.1500000000422,6.6));
#10595=CARTESIAN_POINT('',(-0.599999999989793,-41.8000000000422,6.6));
#10596=CARTESIAN_POINT('',(-0.599999999989802,-25.1500000000422,6.6));
#10597=CARTESIAN_POINT('',(-0.3999999999898,-41.8000000000422,6.8));
#10598=CARTESIAN_POINT('Origin',(-0.399999999989799,-41.8000000000422,6.6));
#10599=CARTESIAN_POINT('',(-0.399999999989802,-25.1500000000422,6.8));
#10600=CARTESIAN_POINT('Origin',(-0.599999999989803,-19.6000000000422,1.8));
#10601=CARTESIAN_POINT('',(-0.599999999989799,-41.8000000000422,1.8));
#10602=CARTESIAN_POINT('',(-0.599999999989802,-25.1500000000422,1.8));
#10603=CARTESIAN_POINT('',(-0.599999999989793,-41.8000000000422,5.8));
#10604=CARTESIAN_POINT('Origin',(24.8500000000051,-42.0000000000422,9.6));
#10605=CARTESIAN_POINT('',(-49.9000000000102,-42.0000000000422,9.8));
#10606=CARTESIAN_POINT('',(49.9000000000102,-42.0000000000422,9.8));
#10607=CARTESIAN_POINT('',(24.8500000000051,-42.0000000000422,9.8));
#10608=CARTESIAN_POINT('',(49.7000000000102,-41.8000000000422,9.6));
#10609=CARTESIAN_POINT('Origin',(49.9000000000102,-42.0000000000422,9.6));
#10610=CARTESIAN_POINT('',(-49.7000000000102,-41.8000000000422,9.6));
#10611=CARTESIAN_POINT('',(24.8500000000051,-41.8000000000422,9.6));
#10612=CARTESIAN_POINT('Origin',(-49.9000000000102,-42.0000000000422,9.6));
#10613=CARTESIAN_POINT('Origin',(49.9000000000102,20.9000000000211,9.6));
#10614=CARTESIAN_POINT('',(49.9000000000102,42.0000000000422,9.8));
#10615=CARTESIAN_POINT('',(49.9000000000102,20.9000000000211,9.8));
#10616=CARTESIAN_POINT('',(49.7000000000102,41.8000000000422,9.6));
#10617=CARTESIAN_POINT('Origin',(49.9000000000102,42.0000000000422,9.6));
#10618=CARTESIAN_POINT('',(49.7000000000102,20.9000000000211,9.6));
#10619=CARTESIAN_POINT('Origin',(-49.9000000000102,-20.9000000000211,9.6));
#10620=CARTESIAN_POINT('',(-49.7000000000102,41.8000000000422,9.6));
#10621=CARTESIAN_POINT('',(-49.7000000000102,-20.9000000000211,9.6));
#10622=CARTESIAN_POINT('',(-49.9000000000102,42.0000000000422,9.8));
#10623=CARTESIAN_POINT('Origin',(-49.9000000000102,42.0000000000422,9.6));
#10624=CARTESIAN_POINT('',(-49.9000000000102,-20.9000000000211,9.8));
#10625=CARTESIAN_POINT('Origin',(-24.8500000000051,42.0000000000422,9.6));
#10626=CARTESIAN_POINT('',(-24.8500000000051,42.0000000000422,9.8));
#10627=CARTESIAN_POINT('',(-24.8500000000051,41.8000000000422,9.6));
#10628=CARTESIAN_POINT('Origin',(-49.7000000000102,-41.8000000000422,9.8));
#10629=CARTESIAN_POINT('',(-49.7000000000102,-41.8000000000422,1.8));
#10630=CARTESIAN_POINT('',(-49.7000000000102,-41.8000000000422,9.8));
#10631=CARTESIAN_POINT('',(-49.7000000000102,-40.6,1.8));
#10632=CARTESIAN_POINT('',(-49.7000000000102,-19.6000000000422,1.8));
#10633=CARTESIAN_POINT('',(-49.7000000000102,-40.6,4.7));
#10634=CARTESIAN_POINT('',(-49.7000000000102,-40.6,5.8));
#10635=CARTESIAN_POINT('',(-49.7000000000102,-40.5,4.8));
#10636=CARTESIAN_POINT('Origin',(-49.7000000000102,-40.5,4.7));
#10637=CARTESIAN_POINT('',(-49.7000000000102,-31.2,4.8));
#10638=CARTESIAN_POINT('',(-49.7000000000102,-38.8250000000211,4.8));
#10639=CARTESIAN_POINT('',(-49.7000000000102,-31.1,4.7));
#10640=CARTESIAN_POINT('Origin',(-49.7000000000102,-31.2,4.7));
#10641=CARTESIAN_POINT('',(-49.7000000000102,-31.1,1.8));
#10642=CARTESIAN_POINT('',(-49.7000000000102,-31.1,5.8));
#10643=CARTESIAN_POINT('',(-49.7000000000102,-19.6000000000422,1.8));
#10644=CARTESIAN_POINT('',(-49.7000000000102,41.8000000000422,9.8));
#10645=CARTESIAN_POINT('Origin',(49.7000000000102,-41.8000000000422,9.8));
#10646=CARTESIAN_POINT('',(49.7000000000102,-41.8000000000422,1.8));
#10647=CARTESIAN_POINT('',(49.7000000000102,-41.8000000000422,9.8));
#10648=CARTESIAN_POINT('',(39.2000000000102,-41.8000000000422,1.8));
#10649=CARTESIAN_POINT('',(-49.7000000000102,-41.8000000000422,1.8));
#10650=CARTESIAN_POINT('',(39.2000000000102,-41.8000000000422,6.2));
#10651=CARTESIAN_POINT('',(39.2000000000102,-41.8000000000422,5.8));
#10652=CARTESIAN_POINT('',(39.1000000000102,-41.8000000000422,6.3));
#10653=CARTESIAN_POINT('Origin',(39.1000000000102,-41.8000000000422,6.2));
#10654=CARTESIAN_POINT('',(37.8000000000102,-41.8000000000422,6.3));
#10655=CARTESIAN_POINT('',(44.0750000000102,-41.8000000000422,6.3));
#10656=CARTESIAN_POINT('',(37.7000000000102,-41.8000000000422,6.2));
#10657=CARTESIAN_POINT('Origin',(37.8000000000102,-41.8000000000422,6.2));
#10658=CARTESIAN_POINT('',(37.7000000000102,-41.8000000000422,1.8));
#10659=CARTESIAN_POINT('',(37.7000000000102,-41.8000000000422,5.8));
#10660=CARTESIAN_POINT('',(20.7000000000102,-41.8000000000422,1.8));
#10661=CARTESIAN_POINT('',(-49.7000000000102,-41.8000000000422,1.8));
#10662=CARTESIAN_POINT('',(20.7000000000102,-41.8000000000422,6.2));
#10663=CARTESIAN_POINT('',(20.7000000000102,-41.8000000000422,5.8));
#10664=CARTESIAN_POINT('',(20.6000000000102,-41.8000000000422,6.3));
#10665=CARTESIAN_POINT('Origin',(20.6000000000102,-41.8000000000422,6.2));
#10666=CARTESIAN_POINT('',(19.3000000000102,-41.8000000000422,6.3));
#10667=CARTESIAN_POINT('',(34.8250000000102,-41.8000000000422,6.3));
#10668=CARTESIAN_POINT('',(19.2000000000102,-41.8000000000422,6.2));
#10669=CARTESIAN_POINT('Origin',(19.3000000000102,-41.8000000000423,6.2));
#10670=CARTESIAN_POINT('',(19.2000000000102,-41.8000000000422,1.8));
#10671=CARTESIAN_POINT('',(19.2000000000102,-41.8000000000422,5.8));
#10672=CARTESIAN_POINT('',(-49.7000000000102,-41.8000000000422,1.8));
#10673=CARTESIAN_POINT('',(24.8500000000102,-41.8000000000422,6.8));
#10674=CARTESIAN_POINT('',(-19.2000000000102,-41.8000000000422,1.8));
#10675=CARTESIAN_POINT('',(-49.7000000000102,-41.8000000000422,1.8));
#10676=CARTESIAN_POINT('',(-19.2000000000102,-41.8000000000422,6.2));
#10677=CARTESIAN_POINT('',(-19.2000000000102,-41.8000000000422,5.8));
#10678=CARTESIAN_POINT('',(-19.3000000000102,-41.8000000000422,6.3));
#10679=CARTESIAN_POINT('Origin',(-19.3000000000102,-41.8000000000421,6.2));
#10680=CARTESIAN_POINT('',(-20.6000000000102,-41.8000000000422,6.3));
#10681=CARTESIAN_POINT('',(14.875,-41.8000000000422,6.3));
#10682=CARTESIAN_POINT('',(-20.7000000000102,-41.8000000000422,6.2));
#10683=CARTESIAN_POINT('Origin',(-20.6000000000102,-41.8000000000422,6.2));
#10684=CARTESIAN_POINT('',(-20.7000000000102,-41.8000000000422,1.8));
#10685=CARTESIAN_POINT('',(-20.7000000000102,-41.8000000000422,5.8));
#10686=CARTESIAN_POINT('',(-37.7000000000101,-41.8000000000422,1.8));
#10687=CARTESIAN_POINT('',(-49.7000000000102,-41.8000000000422,1.8));
#10688=CARTESIAN_POINT('',(-37.7000000000102,-41.8000000000422,6.2));
#10689=CARTESIAN_POINT('',(-37.7000000000102,-41.8000000000422,5.8));
#10690=CARTESIAN_POINT('',(-37.8000000000102,-41.8000000000422,6.3));
#10691=CARTESIAN_POINT('Origin',(-37.8000000000102,-41.8000000000422,6.2));
#10692=CARTESIAN_POINT('',(-39.1000000000102,-41.8000000000422,6.3));
#10693=CARTESIAN_POINT('',(5.62500000000003,-41.8000000000422,6.3));
#10694=CARTESIAN_POINT('',(-39.2000000000102,-41.8000000000422,6.2));
#10695=CARTESIAN_POINT('Origin',(-39.1000000000102,-41.8000000000422,6.2));
#10696=CARTESIAN_POINT('',(-39.2000000000101,-41.8000000000422,1.8));
#10697=CARTESIAN_POINT('',(-39.2000000000102,-41.8000000000422,5.8));
#10698=CARTESIAN_POINT('',(-49.7000000000102,-41.8000000000422,1.8));
#10699=CARTESIAN_POINT('Origin',(1.77635683940025E-14,-1.77635683940025E-14,
9.8));
#10700=CARTESIAN_POINT('',(-51.0000000000495,-43.1000000000087,9.8));
#10701=CARTESIAN_POINT('',(-51.0000000000495,43.1000000000087,9.8));
#10702=CARTESIAN_POINT('',(-51.0000000000495,-21.6500000000044,9.8));
#10703=CARTESIAN_POINT('',(51.0000000000495,-43.1000000000087,9.8));
#10704=CARTESIAN_POINT('',(25.6000000000248,-43.1000000000087,9.8));
#10705=CARTESIAN_POINT('',(51.0000000000495,43.1000000000087,9.8));
#10706=CARTESIAN_POINT('',(51.0000000000495,21.6500000000044,9.8));
#10707=CARTESIAN_POINT('',(-25.6000000000247,43.1000000000087,9.8));
#10708=CARTESIAN_POINT('Origin',(51.0000000000495,43.1000000000087,9.6));
#10709=CARTESIAN_POINT('',(51.0000000000495,43.3000000000087,9.6));
#10710=CARTESIAN_POINT('Origin',(51.0000000000495,43.1000000000087,9.6));
#10711=CARTESIAN_POINT('',(51.2000000000495,43.1000000000087,9.6));
#10712=CARTESIAN_POINT('Origin',(51.0000000000495,43.1000000000087,9.6));
#10713=CARTESIAN_POINT('Origin',(51.0000000000495,43.1000000000087,9.6));
#10714=CARTESIAN_POINT('Origin',(51.0000000000495,-43.1000000000087,9.6));
#10715=CARTESIAN_POINT('',(51.2000000000495,-43.1000000000087,9.6));
#10716=CARTESIAN_POINT('Origin',(51.0000000000495,-43.1000000000087,9.6));
#10717=CARTESIAN_POINT('',(51.0000000000495,-43.3000000000087,9.6));
#10718=CARTESIAN_POINT('Origin',(51.0000000000495,-43.1000000000087,9.6));
#10719=CARTESIAN_POINT('Origin',(51.0000000000495,-43.1000000000087,9.6));
#10720=CARTESIAN_POINT('Origin',(-51.0000000000495,43.1000000000087,9.6));
#10721=CARTESIAN_POINT('',(-51.2000000000495,43.1000000000087,9.6));
#10722=CARTESIAN_POINT('',(-51.0000000000495,43.3000000000087,9.6));
#10723=CARTESIAN_POINT('Origin',(-51.0000000000495,43.1000000000087,9.6));
#10724=CARTESIAN_POINT('Origin',(-51.0000000000495,43.1000000000087,9.6));
#10725=CARTESIAN_POINT('Origin',(-51.0000000000495,43.1000000000087,9.6));
#10726=CARTESIAN_POINT('Origin',(-51.0000000000495,-43.1000000000087,9.6));
#10727=CARTESIAN_POINT('',(-51.0000000000495,-43.3000000000087,9.6));
#10728=CARTESIAN_POINT('Origin',(-51.0000000000495,-43.1000000000087,9.6));
#10729=CARTESIAN_POINT('',(-51.2000000000495,-43.1000000000087,9.6));
#10730=CARTESIAN_POINT('Origin',(-51.0000000000495,-43.1000000000087,9.6));
#10731=CARTESIAN_POINT('Origin',(-51.0000000000495,-43.1000000000087,9.6));
#10732=CARTESIAN_POINT('Origin',(-51.0000000000495,-21.6500000000044,9.6));
#10733=CARTESIAN_POINT('',(-51.2000000000495,-21.6500000000044,9.6));
#10734=CARTESIAN_POINT('Origin',(-51.0000000000495,-43.1000000000087,9.8));
#10735=CARTESIAN_POINT('',(-51.2000000000495,-43.1000000000087,7.3));
#10736=CARTESIAN_POINT('',(-51.0000000000495,-43.3000000000087,7.3));
#10737=CARTESIAN_POINT('Origin',(-51.0000000000495,-43.1000000000087,7.3));
#10738=CARTESIAN_POINT('',(-51.0000000000495,-43.3000000000087,9.8));
#10739=CARTESIAN_POINT('',(-51.2000000000495,-43.1000000000087,9.8));
#10740=CARTESIAN_POINT('Origin',(25.6000000000248,-43.1000000000087,9.6));
#10741=CARTESIAN_POINT('',(25.6000000000248,-43.3000000000087,9.6));
#10742=CARTESIAN_POINT('Origin',(-25.6000000000247,43.1000000000087,9.6));
#10743=CARTESIAN_POINT('',(-25.6000000000247,43.3000000000087,9.6));
#10744=CARTESIAN_POINT('Origin',(-51.0000000000495,43.1000000000087,9.8));
#10745=CARTESIAN_POINT('',(-51.0000000000495,43.3000000000087,7.3));
#10746=CARTESIAN_POINT('',(-51.2000000000495,43.1000000000087,7.3));
#10747=CARTESIAN_POINT('Origin',(-51.0000000000495,43.1000000000087,7.3));
#10748=CARTESIAN_POINT('',(-51.2000000000495,43.1000000000087,9.8));
#10749=CARTESIAN_POINT('',(-51.0000000000495,43.3000000000087,9.8));
#10750=CARTESIAN_POINT('Origin',(51.0000000000495,-43.1000000000087,9.8));
#10751=CARTESIAN_POINT('',(51.0000000000495,-43.3000000000087,7.3));
#10752=CARTESIAN_POINT('',(51.2000000000495,-43.1000000000087,7.3));
#10753=CARTESIAN_POINT('Origin',(51.0000000000495,-43.1000000000087,7.3));
#10754=CARTESIAN_POINT('',(51.2000000000495,-43.1000000000087,9.8));
#10755=CARTESIAN_POINT('',(51.0000000000495,-43.3000000000087,9.8));
#10756=CARTESIAN_POINT('Origin',(51.0000000000495,21.6500000000044,9.6));
#10757=CARTESIAN_POINT('',(51.2000000000495,21.6500000000044,9.6));
#10758=CARTESIAN_POINT('Origin',(51.0000000000495,43.1000000000087,9.8));
#10759=CARTESIAN_POINT('',(51.2000000000495,43.1000000000087,7.3));
#10760=CARTESIAN_POINT('',(51.0000000000495,43.3000000000087,7.3));
#10761=CARTESIAN_POINT('Origin',(51.0000000000495,43.1000000000087,7.3));
#10762=CARTESIAN_POINT('',(51.0000000000495,43.3000000000087,9.8));
#10763=CARTESIAN_POINT('',(51.2000000000495,43.1000000000087,9.8));
#10764=CARTESIAN_POINT('Origin',(-51.2000000000495,-43.3000000000087,9.8));
#10765=CARTESIAN_POINT('',(-51.2,39.1,7.3));
#10766=CARTESIAN_POINT('',(-51.2000000000495,-21.6500000000044,7.3));
#10767=CARTESIAN_POINT('',(-51.2,39.1,3.));
#10768=CARTESIAN_POINT('',(-51.2,39.1,0.));
#10769=CARTESIAN_POINT('',(-51.2,32.6,3.));
#10770=CARTESIAN_POINT('',(-51.2,40.6,3.));
#10771=CARTESIAN_POINT('',(-51.2,32.6,7.3));
#10772=CARTESIAN_POINT('',(-51.2,32.6,0.));
#10773=CARTESIAN_POINT('',(-51.2,-32.6,7.3));
#10774=CARTESIAN_POINT('',(-51.2000000000495,-21.6500000000044,7.3));
#10775=CARTESIAN_POINT('',(-51.2000000000495,-32.6,3.));
#10776=CARTESIAN_POINT('',(-51.2,-32.6,7.3));
#10777=CARTESIAN_POINT('',(-51.2000000000495,-39.1,3.));
#10778=CARTESIAN_POINT('',(-51.2000000000495,-39.5750000000044,3.));
#10779=CARTESIAN_POINT('',(-51.2,-39.1,7.3));
#10780=CARTESIAN_POINT('',(-51.2,-39.1,7.3));
#10781=CARTESIAN_POINT('',(-51.2000000000495,-21.6500000000044,7.3));
#10782=CARTESIAN_POINT('Origin',(-51.2000000000495,43.3000000000087,9.8));
#10783=CARTESIAN_POINT('',(-25.6000000000247,43.3000000000087,7.3));
#10784=CARTESIAN_POINT('Origin',(-26.5,-17.8,0.2));
#10785=CARTESIAN_POINT('',(-2.39999999999998,-17.6,0.2));
#10786=CARTESIAN_POINT('',(-2.19999999999998,-17.8,0.));
#10787=CARTESIAN_POINT('Origin',(-2.19999999999997,-17.8,0.2));
#10788=CARTESIAN_POINT('',(-43.4,-17.8,0.));
#10789=CARTESIAN_POINT('',(-26.5,-17.8,0.));
#10790=CARTESIAN_POINT('',(-43.2,-17.6,0.2));
#10791=CARTESIAN_POINT('Origin',(-43.4,-17.8,0.2));
#10792=CARTESIAN_POINT('',(-26.5,-17.6,0.2));
#10793=CARTESIAN_POINT('Origin',(1.35807097813475E-14,-1.76639765222726E-14,
0.));
#10794=CARTESIAN_POINT('',(-43.4,-14.8,0.));
#10795=CARTESIAN_POINT('',(-43.4,-8.24275914723371,0.));
#10796=CARTESIAN_POINT('',(-2.19999999999998,-14.8,0.));
#10797=CARTESIAN_POINT('',(-2.19999999999998,-8.24275914723369,0.));
#10798=CARTESIAN_POINT('',(2.20000000000002,-14.8,0.));
#10799=CARTESIAN_POINT('',(-1.19999999999998,-14.8,0.));
#10800=CARTESIAN_POINT('',(2.20000000000002,-17.8,0.));
#10801=CARTESIAN_POINT('',(2.20000000000002,-8.24275914723369,0.));
#10802=CARTESIAN_POINT('',(43.4,-17.8,0.));
#10803=CARTESIAN_POINT('',(-26.5,-17.8,0.));
#10804=CARTESIAN_POINT('',(43.4,-14.8,0.));
#10805=CARTESIAN_POINT('',(43.4,-8.24275914723368,0.));
#10806=CARTESIAN_POINT('',(47.8,-14.8,0.));
#10807=CARTESIAN_POINT('',(21.6,-14.8,0.));
#10808=CARTESIAN_POINT('',(47.8,-17.8,0.));
#10809=CARTESIAN_POINT('',(47.8,-8.24275914723368,0.));
#10810=CARTESIAN_POINT('',(52.8,-17.8,0.));
#10811=CARTESIAN_POINT('',(-26.5,-17.8,0.));
#10812=CARTESIAN_POINT('',(52.8,-32.4,0.));
#10813=CARTESIAN_POINT('',(52.8,-22.55,0.));
#10814=CARTESIAN_POINT('',(49.5,-32.4,0.));
#10815=CARTESIAN_POINT('',(25.6,-32.3999999999999,0.));
#10816=CARTESIAN_POINT('',(49.5,-39.3,0.));
#10817=CARTESIAN_POINT('',(49.5,-16.3,0.));
#10818=CARTESIAN_POINT('',(52.8,-39.3,0.));
#10819=CARTESIAN_POINT('',(26.5,-39.3,0.));
#10820=CARTESIAN_POINT('',(52.8,-44.9,0.));
#10821=CARTESIAN_POINT('',(52.8,-22.55,0.));
#10822=CARTESIAN_POINT('',(-52.8,-44.9,0.));
#10823=CARTESIAN_POINT('',(-26.5,-44.9,0.));
#10824=CARTESIAN_POINT('',(-52.8,-39.3,0.));
#10825=CARTESIAN_POINT('',(-52.8,22.55,0.));
#10826=CARTESIAN_POINT('',(-49.5000000000495,-39.3,0.));
#10827=CARTESIAN_POINT('',(-25.6,-39.3,0.));
#10828=CARTESIAN_POINT('',(-49.5000000000495,-32.4,0.));
#10829=CARTESIAN_POINT('',(-49.5000000000495,-19.55,0.));
#10830=CARTESIAN_POINT('',(-52.8,-32.4,0.));
#10831=CARTESIAN_POINT('',(-26.5,-32.4,0.));
#10832=CARTESIAN_POINT('',(-52.8,-17.8,0.));
#10833=CARTESIAN_POINT('',(-52.8,22.55,0.));
#10834=CARTESIAN_POINT('',(-47.8,-17.8,0.));
#10835=CARTESIAN_POINT('',(-26.5,-17.8,0.));
#10836=CARTESIAN_POINT('',(-47.8,-14.8,0.));
#10837=CARTESIAN_POINT('',(-47.8,-8.24275914723371,0.));
#10838=CARTESIAN_POINT('',(-24.,-14.8,0.));
#10839=CARTESIAN_POINT('Origin',(-26.5,-17.8,0.2));
#10840=CARTESIAN_POINT('',(43.2,-17.6,0.2));
#10841=CARTESIAN_POINT('Origin',(43.4,-17.8,0.2));
#10842=CARTESIAN_POINT('',(2.40000000000002,-17.6,0.2));
#10843=CARTESIAN_POINT('Origin',(2.20000000000002,-17.8,0.2));
#10844=CARTESIAN_POINT('',(-26.5,-17.6,0.2));
#10845=CARTESIAN_POINT('Origin',(15.6,26.,1.2));
#10846=CARTESIAN_POINT('',(15.6,25.8,1.2));
#10847=CARTESIAN_POINT('',(15.6,26.,1.));
#10848=CARTESIAN_POINT('Origin',(15.6,26.,1.2));
#10849=CARTESIAN_POINT('',(15.4,26.,1.2));
#10850=CARTESIAN_POINT('Origin',(15.6,26.,1.2));
#10851=CARTESIAN_POINT('Origin',(15.6,26.,1.2));
#10852=CARTESIAN_POINT('Origin',(15.6,26.,5.));
#10853=CARTESIAN_POINT('',(15.6,25.8,5.));
#10854=CARTESIAN_POINT('',(15.4,26.,5.));
#10855=CARTESIAN_POINT('Origin',(15.6,26.,5.));
#10856=CARTESIAN_POINT('',(15.4,26.,5.));
#10857=CARTESIAN_POINT('',(15.6,25.8,5.));
#10858=CARTESIAN_POINT('Origin',(20.7613903394255,35.7,1.2));
#10859=CARTESIAN_POINT('',(15.4,35.5,1.2));
#10860=CARTESIAN_POINT('',(7.25,35.5,1.2));
#10861=CARTESIAN_POINT('',(20.7613903394255,35.5,1.2));
#10862=CARTESIAN_POINT('',(7.25,35.7,1.));
#10863=CARTESIAN_POINT('Origin',(7.25,35.7,1.2));
#10864=CARTESIAN_POINT('',(15.6,35.7,1.));
#10865=CARTESIAN_POINT('',(20.7613903394255,35.7,1.));
#10866=CARTESIAN_POINT('Origin',(15.6,35.7,1.2));
#10867=CARTESIAN_POINT('Origin',(15.6,27.6238903394256,1.2));
#10868=CARTESIAN_POINT('',(15.6,27.6238903394256,1.));
#10869=CARTESIAN_POINT('',(15.4,27.6238903394256,1.2));
#10870=CARTESIAN_POINT('Origin',(38.6613903394256,26.,1.2));
#10871=CARTESIAN_POINT('',(51.2,26.,1.));
#10872=CARTESIAN_POINT('',(51.2,25.8,1.2));
#10873=CARTESIAN_POINT('Origin',(51.2,26.,1.2));
#10874=CARTESIAN_POINT('',(38.6613903394256,25.8,1.2));
#10875=CARTESIAN_POINT('',(38.6613903394256,26.,1.));
#10876=CARTESIAN_POINT('Origin',(15.4,25.8,5.));
#10877=CARTESIAN_POINT('',(15.4,35.5,5.));
#10878=CARTESIAN_POINT('',(15.4,22.35,5.));
#10879=CARTESIAN_POINT('',(15.4,35.5,5.));
#10880=CARTESIAN_POINT('Origin',(51.2,25.8,5.));
#10881=CARTESIAN_POINT('',(51.2,25.8,5.));
#10882=CARTESIAN_POINT('',(51.2,25.8,2.5));
#10883=CARTESIAN_POINT('',(-0.900000000000011,25.8,5.));
#10884=CARTESIAN_POINT('Origin',(21.6613903394256,27.1,1.2));
#10885=CARTESIAN_POINT('',(17.2,27.3,1.2));
#10886=CARTESIAN_POINT('',(51.2,27.3,1.2));
#10887=CARTESIAN_POINT('',(21.6613903394256,27.3,1.2));
#10888=CARTESIAN_POINT('',(51.2,27.1,1.));
#10889=CARTESIAN_POINT('Origin',(51.2,27.1,1.2));
#10890=CARTESIAN_POINT('',(17.,27.1,1.));
#10891=CARTESIAN_POINT('',(21.6613903394256,27.1,1.));
#10892=CARTESIAN_POINT('Origin',(17.,27.1,1.2));
#10893=CARTESIAN_POINT('Origin',(17.,37.1,1.2));
#10894=CARTESIAN_POINT('',(17.,37.3,1.2));
#10895=CARTESIAN_POINT('',(17.,37.1,1.));
#10896=CARTESIAN_POINT('Origin',(17.,37.1,1.2));
#10897=CARTESIAN_POINT('',(17.2,37.1,1.2));
#10898=CARTESIAN_POINT('Origin',(17.,37.1,1.2));
#10899=CARTESIAN_POINT('Origin',(17.,37.1,1.2));
#10900=CARTESIAN_POINT('Origin',(17.,37.1,5.));
#10901=CARTESIAN_POINT('',(17.,37.3,5.));
#10902=CARTESIAN_POINT('',(17.2,37.1,5.));
#10903=CARTESIAN_POINT('Origin',(17.,37.1,5.));
#10904=CARTESIAN_POINT('',(17.2,37.1,5.));
#10905=CARTESIAN_POINT('',(17.,37.3,5.));
#10906=CARTESIAN_POINT('Origin',(17.,33.3738903394256,1.2));
#10907=CARTESIAN_POINT('',(17.,33.3738903394256,1.));
#10908=CARTESIAN_POINT('',(17.2,33.3738903394256,1.2));
#10909=CARTESIAN_POINT('Origin',(15.6863903394255,37.1,1.2));
#10910=CARTESIAN_POINT('',(7.25,37.1,1.));
#10911=CARTESIAN_POINT('',(7.25,37.3,1.2));
#10912=CARTESIAN_POINT('Origin',(7.24999999999999,37.1,1.2));
#10913=CARTESIAN_POINT('',(15.6863903394255,37.3,1.2));
#10914=CARTESIAN_POINT('',(15.6863903394255,37.1,1.));
#10915=CARTESIAN_POINT('Origin',(17.2,37.3,5.));
#10916=CARTESIAN_POINT('',(17.2,27.3,5.));
#10917=CARTESIAN_POINT('',(17.2,28.1,5.));
#10918=CARTESIAN_POINT('',(17.2,27.3,5.));
#10919=CARTESIAN_POINT('Origin',(5.24999999999996,37.3,5.));
#10920=CARTESIAN_POINT('',(7.25,37.3,5.));
#10921=CARTESIAN_POINT('',(7.25,37.3,2.5));
#10922=CARTESIAN_POINT('',(-23.875,37.3,5.));
#10923=CARTESIAN_POINT('Origin',(51.4,20.2504347980842,0.230185683461116));
#10924=CARTESIAN_POINT('',(51.4,20.1,2.77555756156289E-16));
#10925=CARTESIAN_POINT('',(51.4,18.9,5.));
#10926=CARTESIAN_POINT('',(51.4,20.0559573376881,0.183511092966052));
#10927=CARTESIAN_POINT('',(51.2,19.1056793621149,5.));
#10928=CARTESIAN_POINT('Origin',(51.4,19.1056793621149,5.));
#10929=CARTESIAN_POINT('',(51.2,20.2576793621149,0.2));
#10930=CARTESIAN_POINT('',(51.2,20.2504347980842,0.230185683461116));
#10931=CARTESIAN_POINT('Origin',(51.4,20.2576793621149,0.2));
#10932=CARTESIAN_POINT('Origin',(51.4,9.24132778366293,0.2));
#10933=CARTESIAN_POINT('',(51.2,32.6,0.2));
#10934=CARTESIAN_POINT('',(51.2,9.24132778366293,0.2));
#10935=CARTESIAN_POINT('',(51.4,32.6,0.));
#10936=CARTESIAN_POINT('Origin',(51.4,32.6,0.2));
#10937=CARTESIAN_POINT('',(51.4,9.24132778366293,0.));
#10938=CARTESIAN_POINT('Origin',(-53.,20.1,0.));
#10939=CARTESIAN_POINT('',(52.8,20.1,2.77555756156289E-16));
#10940=CARTESIAN_POINT('',(-26.5,20.1,2.77555756156289E-16));
#10941=CARTESIAN_POINT('',(52.8,18.9,5.));
#10942=CARTESIAN_POINT('',(52.8,18.3245083207262,7.39788199697422));
#10943=CARTESIAN_POINT('',(-53.,18.9,5.));
#10944=CARTESIAN_POINT('Origin',(1.35807097813475E-14,-1.76639765222726E-14,
0.));
#10945=CARTESIAN_POINT('',(52.8,32.6,0.));
#10946=CARTESIAN_POINT('',(25.6,32.6,0.));
#10947=CARTESIAN_POINT('',(52.8,-22.55,0.));
#10948=CARTESIAN_POINT('Origin',(51.2,32.6,0.));
#10949=CARTESIAN_POINT('',(51.2,32.6,3.));
#10950=CARTESIAN_POINT('',(51.2,32.6,0.));
#10951=CARTESIAN_POINT('',(51.2,32.6,7.3));
#10952=CARTESIAN_POINT('',(51.2,32.6,0.));
#10953=CARTESIAN_POINT('',(52.8,32.6,7.3));
#10954=CARTESIAN_POINT('',(25.6,32.6,7.3));
#10955=CARTESIAN_POINT('',(52.8,32.6,0.));
#10956=CARTESIAN_POINT('Origin',(52.8,-22.55,0.2));
#10957=CARTESIAN_POINT('',(53.,32.4,0.2));
#10958=CARTESIAN_POINT('Origin',(52.8,32.4,0.2));
#10959=CARTESIAN_POINT('',(53.,20.2576793621149,0.2));
#10960=CARTESIAN_POINT('',(53.,-22.55,0.2));
#10961=CARTESIAN_POINT('Origin',(52.8,20.2576793621149,0.2));
#10962=CARTESIAN_POINT('Origin',(52.8,18.5189857811223,7.44455658746928));
#10963=CARTESIAN_POINT('',(53.,19.0576793621149,5.2));
#10964=CARTESIAN_POINT('',(53.,18.5189857811223,7.44455658746928));
#10965=CARTESIAN_POINT('Origin',(52.8,19.0576793621149,5.2));
#10966=CARTESIAN_POINT('Origin',(52.8,-17.8,0.2));
#10967=CARTESIAN_POINT('',(53.,-17.8,0.2));
#10968=CARTESIAN_POINT('',(52.8,-17.6,0.2));
#10969=CARTESIAN_POINT('Origin',(52.8,-17.8,0.2));
#10970=CARTESIAN_POINT('Origin',(52.8,-17.8,0.2));
#10971=CARTESIAN_POINT('Origin',(52.8,-17.8,0.2));
#10972=CARTESIAN_POINT('Origin',(52.8,-32.4,0.2));
#10973=CARTESIAN_POINT('',(53.,-32.4,0.2));
#10974=CARTESIAN_POINT('Origin',(52.8,-32.4,0.2));
#10975=CARTESIAN_POINT('',(52.8,-32.6,0.2));
#10976=CARTESIAN_POINT('Origin',(52.8,-32.4,0.2));
#10977=CARTESIAN_POINT('Origin',(52.8,-32.4,0.2));
#10978=CARTESIAN_POINT('Origin',(52.8,-32.4,3.65));
#10979=CARTESIAN_POINT('',(52.8,-32.6,7.3));
#10980=CARTESIAN_POINT('',(52.8,-32.6,3.65));
#10981=CARTESIAN_POINT('',(53.,-32.4,7.1));
#10982=CARTESIAN_POINT('',(53.,-32.4,3.65));
#10983=CARTESIAN_POINT('Origin',(52.8,-32.4,7.1));
#10984=CARTESIAN_POINT('Origin',(49.5,-16.3,0.2));
#10985=CARTESIAN_POINT('',(49.7,-32.6,0.2));
#10986=CARTESIAN_POINT('',(49.7,-39.1,0.2));
#10987=CARTESIAN_POINT('',(49.7,-16.3,0.2));
#10988=CARTESIAN_POINT('Origin',(49.5,-39.3,0.2));
#10989=CARTESIAN_POINT('Origin',(49.5,-32.4,0.2));
#10990=CARTESIAN_POINT('Origin',(52.8,-44.9,7.1));
#10991=CARTESIAN_POINT('',(53.,-44.9,7.1));
#10992=CARTESIAN_POINT('',(52.8,-45.1,7.1));
#10993=CARTESIAN_POINT('Origin',(52.8,-44.9,7.1));
#10994=CARTESIAN_POINT('',(52.8,-44.9,7.3));
#10995=CARTESIAN_POINT('Origin',(52.8,-44.9,7.1));
#10996=CARTESIAN_POINT('Origin',(52.8,-44.9,7.1));
#10997=CARTESIAN_POINT('Origin',(52.8,-22.55,7.1));
#10998=CARTESIAN_POINT('',(52.8,-39.1,7.3));
#10999=CARTESIAN_POINT('',(52.8,-22.55,7.3));
#11000=CARTESIAN_POINT('',(53.,-39.3,7.1));
#11001=CARTESIAN_POINT('',(53.,-22.55,7.1));
#11002=CARTESIAN_POINT('Origin',(52.8,-39.3,7.1));
#11003=CARTESIAN_POINT('Origin',(52.8,-39.3,0.2));
#11004=CARTESIAN_POINT('',(53.,-39.3,0.2));
#11005=CARTESIAN_POINT('',(52.8,-39.1,0.2));
#11006=CARTESIAN_POINT('Origin',(52.8,-39.3,0.2));
#11007=CARTESIAN_POINT('Origin',(52.8,-39.3,0.2));
#11008=CARTESIAN_POINT('Origin',(52.8,-39.3,0.2));
#11009=CARTESIAN_POINT('Origin',(-52.8,-44.9,7.1));
#11010=CARTESIAN_POINT('',(-52.8,-44.9,7.3));
#11011=CARTESIAN_POINT('',(-52.8,-45.1,7.1));
#11012=CARTESIAN_POINT('Origin',(-52.8,-44.9,7.1));
#11013=CARTESIAN_POINT('',(-53.,-44.9,7.1));
#11014=CARTESIAN_POINT('Origin',(-52.8,-44.9,7.1));
#11015=CARTESIAN_POINT('Origin',(-52.8,-44.9,7.1));
#11016=CARTESIAN_POINT('Origin',(52.8,-44.9,0.2));
#11017=CARTESIAN_POINT('',(52.8,-45.1,0.2));
#11018=CARTESIAN_POINT('Origin',(52.8,-44.9,0.2));
#11019=CARTESIAN_POINT('',(53.,-44.9,0.2));
#11020=CARTESIAN_POINT('Origin',(52.8,-44.9,0.2));
#11021=CARTESIAN_POINT('Origin',(52.8,-44.9,0.2));
#11022=CARTESIAN_POINT('Origin',(52.8,-22.55,0.2));
#11023=CARTESIAN_POINT('',(53.,-22.55,0.2));
#11024=CARTESIAN_POINT('Origin',(52.8,-44.9,0.));
#11025=CARTESIAN_POINT('',(52.8,-45.1,0.));
#11026=CARTESIAN_POINT('',(53.,-44.9,0.));
#11027=CARTESIAN_POINT('Origin',(-52.8,-44.9,0.2));
#11028=CARTESIAN_POINT('',(-53.,-44.9,0.2));
#11029=CARTESIAN_POINT('Origin',(-52.8,-44.9,0.2));
#11030=CARTESIAN_POINT('',(-52.8,-45.1,0.2));
#11031=CARTESIAN_POINT('Origin',(-52.8,-44.9,0.2));
#11032=CARTESIAN_POINT('Origin',(-52.8,-44.9,0.2));
#11033=CARTESIAN_POINT('Origin',(-26.5,-44.9,0.2));
#11034=CARTESIAN_POINT('',(-26.5,-45.1,0.2));
#11035=CARTESIAN_POINT('Origin',(-52.8,-44.9,0.));
#11036=CARTESIAN_POINT('',(-53.,-44.9,0.));
#11037=CARTESIAN_POINT('',(-52.8,-45.1,0.));
#11038=CARTESIAN_POINT('Origin',(-52.8,-39.3,0.2));
#11039=CARTESIAN_POINT('',(-52.8,-39.1,0.2));
#11040=CARTESIAN_POINT('',(-53.,-39.3,0.2));
#11041=CARTESIAN_POINT('Origin',(-52.8,-39.3,0.2));
#11042=CARTESIAN_POINT('Origin',(-52.8,-39.3,0.2));
#11043=CARTESIAN_POINT('Origin',(-52.8,-39.3,0.2));
#11044=CARTESIAN_POINT('Origin',(-52.8,-32.4,0.2));
#11045=CARTESIAN_POINT('',(-53.,-32.4,0.2));
#11046=CARTESIAN_POINT('',(-52.8,-32.6,0.2));
#11047=CARTESIAN_POINT('Origin',(-52.8,-32.4,0.2));
#11048=CARTESIAN_POINT('Origin',(-52.8,-32.4,0.2));
#11049=CARTESIAN_POINT('Origin',(-52.8,-32.4,0.2));
#11050=CARTESIAN_POINT('Origin',(-52.8,-17.8,0.2));
#11051=CARTESIAN_POINT('',(-52.8,-17.6,0.2));
#11052=CARTESIAN_POINT('',(-53.,-17.8,0.2));
#11053=CARTESIAN_POINT('Origin',(-52.8,-17.8,0.2));
#11054=CARTESIAN_POINT('Origin',(-52.8,-17.8,0.2));
#11055=CARTESIAN_POINT('Origin',(-52.8,-17.8,0.2));
#11056=CARTESIAN_POINT('Origin',(-26.5,-17.8,0.2));
#11057=CARTESIAN_POINT('',(-48.,-17.6,0.2));
#11058=CARTESIAN_POINT('Origin',(-47.8,-17.8,0.2));
#11059=CARTESIAN_POINT('',(-26.5,-17.6,0.2));
#11060=CARTESIAN_POINT('Origin',(-52.8,22.55,0.2));
#11061=CARTESIAN_POINT('',(-53.,22.55,0.2));
#11062=CARTESIAN_POINT('Origin',(-52.8,-17.8,2.5));
#11063=CARTESIAN_POINT('',(-52.8,-17.6,5.));
#11064=CARTESIAN_POINT('',(-52.8,-17.6,2.5));
#11065=CARTESIAN_POINT('',(-53.,-17.8,5.2));
#11066=CARTESIAN_POINT('',(-53.,-17.8,2.5));
#11067=CARTESIAN_POINT('Origin',(-52.8,-17.8,5.2));
#11068=CARTESIAN_POINT('Origin',(-52.8,32.4,0.));
#11069=CARTESIAN_POINT('',(-52.8,32.6,7.3));
#11070=CARTESIAN_POINT('',(-52.8,32.6,0.));
#11071=CARTESIAN_POINT('',(-52.8,32.6,0.));
#11072=CARTESIAN_POINT('',(-53.,32.4,0.2));
#11073=CARTESIAN_POINT('Origin',(-52.8,32.4,0.2));
#11074=CARTESIAN_POINT('',(-53.,32.4,7.1));
#11075=CARTESIAN_POINT('',(-53.,32.4,0.));
#11076=CARTESIAN_POINT('Origin',(-52.8,32.4,7.1));
#11077=CARTESIAN_POINT('Origin',(-52.8,20.2576793621149,0.2));
#11078=CARTESIAN_POINT('',(-53.,20.2576793621149,0.2));
#11079=CARTESIAN_POINT('',(-52.8,20.0632019017188,0.153325409504935));
#11080=CARTESIAN_POINT('Origin',(-52.8,20.2576793621149,0.2));
#11081=CARTESIAN_POINT('',(-52.8,20.2576793621149,0.));
#11082=CARTESIAN_POINT('Origin',(-52.8,20.2576793621149,0.2));
#11083=CARTESIAN_POINT('Origin',(-52.8,20.2576793621149,0.2));
#11084=CARTESIAN_POINT('Origin',(-52.8,22.55,0.2));
#11085=CARTESIAN_POINT('',(-52.8,22.55,0.));
#11086=CARTESIAN_POINT('',(-53.,22.55,0.2));
#11087=CARTESIAN_POINT('Origin',(-51.4,20.2576793621149,0.2));
#11088=CARTESIAN_POINT('',(-51.4,20.0632019017188,0.153325409504935));
#11089=CARTESIAN_POINT('',(-51.2,20.2576793621149,0.200000000000001));
#11090=CARTESIAN_POINT('Origin',(-51.4,20.2576793621149,0.200000000000001));
#11091=CARTESIAN_POINT('',(-51.4,20.2576793621149,0.));
#11092=CARTESIAN_POINT('Origin',(-51.4,20.2576793621149,0.2));
#11093=CARTESIAN_POINT('Origin',(-51.4,20.2576793621149,0.2));
#11094=CARTESIAN_POINT('Origin',(-26.5,20.2576793621149,0.2));
#11095=CARTESIAN_POINT('',(-26.5,20.2576793621149,0.));
#11096=CARTESIAN_POINT('',(-26.5,20.0632019017188,0.153325409504935));
#11097=CARTESIAN_POINT('Origin',(-51.4,21.55,0.2));
#11098=CARTESIAN_POINT('',(-51.4,32.6,0.));
#11099=CARTESIAN_POINT('',(-51.2,32.6,0.2));
#11100=CARTESIAN_POINT('Origin',(-51.4,32.6,0.2));
#11101=CARTESIAN_POINT('',(-51.2,21.55,0.2));
#11102=CARTESIAN_POINT('',(-51.4,21.55,0.));
#11103=CARTESIAN_POINT('Origin',(-51.4,20.9208012122871,-2.56300770905106));
#11104=CARTESIAN_POINT('',(-51.2,19.1056793621149,5.));
#11105=CARTESIAN_POINT('',(-51.4,18.9,5.));
#11106=CARTESIAN_POINT('Origin',(-51.4,19.1056793621149,5.));
#11107=CARTESIAN_POINT('',(-51.4,20.726323751891,-2.60968229954612));
#11108=CARTESIAN_POINT('',(-51.2,20.9208012122871,-2.56300770905106));
#11109=CARTESIAN_POINT('Origin',(-52.8,20.9752641472342,-2.78993660466376));
#11110=CARTESIAN_POINT('',(-53.,19.0576793621149,5.2));
#11111=CARTESIAN_POINT('',(-53.,20.9752641472342,-2.78993660466376));
#11112=CARTESIAN_POINT('',(-52.8,18.9,5.));
#11113=CARTESIAN_POINT('',(-52.8,20.7807866868381,-2.83661119515883));
#11114=CARTESIAN_POINT('Origin',(-52.8,19.0576793621149,5.2));
#11115=CARTESIAN_POINT('Origin',(-52.8,32.,5.2));
#11116=CARTESIAN_POINT('',(-53.,32.,5.2));
#11117=CARTESIAN_POINT('',(-52.8,32.,5.));
#11118=CARTESIAN_POINT('Origin',(-52.8,22.55,7.1));
#11119=CARTESIAN_POINT('',(-52.8,-32.6,7.3));
#11120=CARTESIAN_POINT('',(-52.8,22.55,7.3));
#11121=CARTESIAN_POINT('',(-53.,-32.4,7.1));
#11122=CARTESIAN_POINT('',(-53.,22.55,7.1));
#11123=CARTESIAN_POINT('Origin',(-52.8,-32.4,7.1));
#11124=CARTESIAN_POINT('Origin',(-52.8,-32.4,3.65));
#11125=CARTESIAN_POINT('',(-53.,-32.4,3.65));
#11126=CARTESIAN_POINT('',(-52.8,-32.6,3.65));
#11127=CARTESIAN_POINT('Origin',(-26.5,-32.4,0.2));
#11128=CARTESIAN_POINT('',(-49.7000000000495,-32.6,0.2));
#11129=CARTESIAN_POINT('',(-26.5,-32.6,0.2));
#11130=CARTESIAN_POINT('Origin',(-49.5000000000495,-32.4,0.2));
#11131=CARTESIAN_POINT('Origin',(-49.5000000000495,-19.55,0.2));
#11132=CARTESIAN_POINT('',(-49.7000000000495,-39.1,0.2));
#11133=CARTESIAN_POINT('',(-49.7000000000495,-19.55,0.2));
#11134=CARTESIAN_POINT('Origin',(-49.5000000000495,-39.3,0.2));
#11135=CARTESIAN_POINT('Origin',(-25.6,-39.3,0.2));
#11136=CARTESIAN_POINT('',(-25.6,-39.1,0.2));
#11137=CARTESIAN_POINT('Origin',(-52.8,22.55,0.2));
#11138=CARTESIAN_POINT('',(-53.,22.55,0.2));
#11139=CARTESIAN_POINT('Origin',(-52.8,-39.3,3.65));
#11140=CARTESIAN_POINT('',(-52.8,-39.1,7.3));
#11141=CARTESIAN_POINT('',(-52.8,-39.1,3.65));
#11142=CARTESIAN_POINT('',(-53.,-39.3,7.1));
#11143=CARTESIAN_POINT('',(-53.,-39.3,3.65));
#11144=CARTESIAN_POINT('Origin',(-52.8,-39.3,7.1));
#11145=CARTESIAN_POINT('Origin',(-52.8,22.55,7.1));
#11146=CARTESIAN_POINT('',(-53.,22.55,7.1));
#11147=CARTESIAN_POINT('',(-52.8,22.55,7.3));
#11148=CARTESIAN_POINT('Origin',(-26.5,-44.9,7.1));
#11149=CARTESIAN_POINT('',(-26.5,-45.1,7.1));
#11150=CARTESIAN_POINT('',(-26.5,-44.9,7.3));
#11151=CARTESIAN_POINT('Origin',(26.5,-39.3,0.2));
#11152=CARTESIAN_POINT('',(26.5,-39.1,0.2));
#11153=CARTESIAN_POINT('Origin',(52.8,-39.3,3.65));
#11154=CARTESIAN_POINT('',(53.,-39.3,3.65));
#11155=CARTESIAN_POINT('',(52.8,-39.1,3.65));
#11156=CARTESIAN_POINT('Origin',(25.6,-32.3999999999999,0.2));
#11157=CARTESIAN_POINT('',(25.6,-32.6,0.2));
#11158=CARTESIAN_POINT('Origin',(52.8,-22.55,0.2));
#11159=CARTESIAN_POINT('',(53.,-22.55,0.2));
#11160=CARTESIAN_POINT('Origin',(-26.5,-17.8,0.2));
#11161=CARTESIAN_POINT('',(48.,-17.6,0.2));
#11162=CARTESIAN_POINT('Origin',(47.8,-17.8,0.2));
#11163=CARTESIAN_POINT('',(-26.5,-17.6,0.2));
#11164=CARTESIAN_POINT('Origin',(52.8,-17.8,2.5));
#11165=CARTESIAN_POINT('',(53.,-17.8,5.2));
#11166=CARTESIAN_POINT('',(53.,-17.8,2.5));
#11167=CARTESIAN_POINT('',(52.8,-17.6,5.));
#11168=CARTESIAN_POINT('',(52.8,-17.6,2.5));
#11169=CARTESIAN_POINT('Origin',(52.8,-17.8,5.2));
#11170=CARTESIAN_POINT('Origin',(52.8,-22.55,7.1));
#11171=CARTESIAN_POINT('',(52.8,-22.55,7.3));
#11172=CARTESIAN_POINT('',(53.,32.4,7.1));
#11173=CARTESIAN_POINT('',(53.,-22.55,7.1));
#11174=CARTESIAN_POINT('Origin',(52.8,32.4,7.1));
#11175=CARTESIAN_POINT('Origin',(52.8,-13.1,5.2));
#11176=CARTESIAN_POINT('',(53.,-13.1,5.2));
#11177=CARTESIAN_POINT('',(52.8,-13.1,5.));
#11178=CARTESIAN_POINT('Origin',(52.8,32.4,0.));
#11179=CARTESIAN_POINT('',(53.,32.4,0.));
#11180=CARTESIAN_POINT('Origin',(1.35807097813475E-14,-1.76639765222726E-14,
0.));
#11181=CARTESIAN_POINT('',(-26.5,32.6,0.));
#11182=CARTESIAN_POINT('Origin',(1.77635683940025E-14,-1.77635683940025E-14,
7.3));
#11183=CARTESIAN_POINT('',(-26.5,-32.6,7.3));
#11184=CARTESIAN_POINT('',(-26.5,32.6,7.3));
#11185=CARTESIAN_POINT('Origin',(-53.,-32.6,7.3));
#11186=CARTESIAN_POINT('',(-49.7000000000495,-32.6,3.));
#11187=CARTESIAN_POINT('',(-49.7000000000495,-32.6,0.));
#11188=CARTESIAN_POINT('',(-49.7000000000495,-32.6,3.));
#11189=CARTESIAN_POINT('Origin',(-49.7000000000495,-39.1,0.));
#11190=CARTESIAN_POINT('',(-49.7000000000495,-39.1,3.));
#11191=CARTESIAN_POINT('',(-49.7000000000495,-39.1,0.));
#11192=CARTESIAN_POINT('',(-49.7000000000495,-39.1,3.));
#11193=CARTESIAN_POINT('Origin',(-51.2,-39.1,7.3));
#11194=CARTESIAN_POINT('',(-25.6,-39.1,7.3));
#11195=CARTESIAN_POINT('',(-51.2000000000495,-39.1,3.));
#11196=CARTESIAN_POINT('Origin',(1.77635683940025E-14,-1.77635683940025E-14,
7.3));
#11197=CARTESIAN_POINT('',(51.2,-39.1,7.3));
#11198=CARTESIAN_POINT('',(26.5,-39.1,7.3));
#11199=CARTESIAN_POINT('',(51.2000000000495,21.6500000000044,7.3));
#11200=CARTESIAN_POINT('',(25.6000000000248,-43.3000000000087,7.3));
#11201=CARTESIAN_POINT('Origin',(53.,-39.1,7.3));
#11202=CARTESIAN_POINT('',(49.7,-39.1,3.));
#11203=CARTESIAN_POINT('',(49.7,-39.1,0.));
#11204=CARTESIAN_POINT('',(51.2,-39.1,3.));
#11205=CARTESIAN_POINT('',(51.2,-39.1,3.));
#11206=CARTESIAN_POINT('',(51.2,-39.1,7.3));
#11207=CARTESIAN_POINT('Origin',(49.7,-32.6,0.));
#11208=CARTESIAN_POINT('',(49.7,-32.6,3.));
#11209=CARTESIAN_POINT('',(49.7,-32.6,0.));
#11210=CARTESIAN_POINT('',(49.7,-39.1,3.));
#11211=CARTESIAN_POINT('Origin',(51.2,-32.6,7.3));
#11212=CARTESIAN_POINT('',(51.2,-32.6,7.3));
#11213=CARTESIAN_POINT('',(25.6,-32.6,7.3));
#11214=CARTESIAN_POINT('',(51.2,-32.6,3.));
#11215=CARTESIAN_POINT('',(51.2,-32.6,7.3));
#11216=CARTESIAN_POINT('',(49.7,-32.6,3.));
#11217=CARTESIAN_POINT('Origin',(1.77635683940025E-14,-1.77635683940025E-14,
7.3));
#11218=CARTESIAN_POINT('',(51.2000000000495,21.6500000000044,7.3));
#11219=CARTESIAN_POINT('Origin',(-53.,-17.6,5.));
#11220=CARTESIAN_POINT('',(48.,-17.6,5.));
#11221=CARTESIAN_POINT('',(48.,-17.6,3.5773081997079));
#11222=CARTESIAN_POINT('',(-53.,-17.6,5.));
#11223=CARTESIAN_POINT('Origin',(53.,-45.1,0.));
#11224=CARTESIAN_POINT('Origin',(53.,-45.1,0.));
#11225=CARTESIAN_POINT('Origin',(-53.,-45.1,0.));
#11226=CARTESIAN_POINT('Origin',(-53.,45.1,0.));
#11227=CARTESIAN_POINT('Origin',(-53.,45.1,0.));
#11228=CARTESIAN_POINT('Origin',(52.8,39.3,0.));
#11229=CARTESIAN_POINT('',(53.,39.3,0.2));
#11230=CARTESIAN_POINT('',(53.,39.3,7.1));
#11231=CARTESIAN_POINT('',(53.,39.3,0.));
#11232=CARTESIAN_POINT('',(52.8,39.1,7.3));
#11233=CARTESIAN_POINT('Origin',(52.8,39.3,7.1));
#11234=CARTESIAN_POINT('',(52.8,39.1,0.));
#11235=CARTESIAN_POINT('',(52.8,39.1,0.));
#11236=CARTESIAN_POINT('Origin',(52.8,39.3,0.2));
#11237=CARTESIAN_POINT('Origin',(52.8,44.9,7.1));
#11238=CARTESIAN_POINT('',(52.8,45.1,7.1));
#11239=CARTESIAN_POINT('',(53.,44.9,7.1));
#11240=CARTESIAN_POINT('Origin',(52.8,44.9,7.1));
#11241=CARTESIAN_POINT('',(52.8,44.9,7.3));
#11242=CARTESIAN_POINT('Origin',(52.8,44.9,7.1));
#11243=CARTESIAN_POINT('Origin',(52.8,44.9,7.1));
#11244=CARTESIAN_POINT('Origin',(-52.8,44.9,7.1));
#11245=CARTESIAN_POINT('',(-52.8,44.9,7.3));
#11246=CARTESIAN_POINT('',(-53.,44.9,7.1));
#11247=CARTESIAN_POINT('Origin',(-52.8,44.9,7.1));
#11248=CARTESIAN_POINT('',(-52.8,45.1,7.1));
#11249=CARTESIAN_POINT('Origin',(-52.8,44.9,7.1));
#11250=CARTESIAN_POINT('Origin',(-52.8,44.9,7.1));
#11251=CARTESIAN_POINT('Origin',(26.5,44.9,7.1));
#11252=CARTESIAN_POINT('',(26.5,45.1,7.1));
#11253=CARTESIAN_POINT('',(26.5,44.9,7.3));
#11254=CARTESIAN_POINT('Origin',(-52.8,22.55,7.1));
#11255=CARTESIAN_POINT('',(-52.8,39.1,7.3));
#11256=CARTESIAN_POINT('',(-52.8,22.55,7.3));
#11257=CARTESIAN_POINT('',(-53.,39.3,7.1));
#11258=CARTESIAN_POINT('',(-53.,22.55,7.1));
#11259=CARTESIAN_POINT('Origin',(-52.8,39.3,7.1));
#11260=CARTESIAN_POINT('Origin',(-52.8,44.9,0.2));
#11261=CARTESIAN_POINT('',(-52.8,45.1,0.2));
#11262=CARTESIAN_POINT('',(-53.,44.9,0.2));
#11263=CARTESIAN_POINT('Origin',(-52.8,44.9,0.2));
#11264=CARTESIAN_POINT('',(-52.8,44.9,0.));
#11265=CARTESIAN_POINT('Origin',(-52.8,44.9,0.2));
#11266=CARTESIAN_POINT('Origin',(-52.8,44.9,0.2));
#11267=CARTESIAN_POINT('Origin',(-5.44999999999999,44.9,0.2));
#11268=CARTESIAN_POINT('',(-5.44999999999999,45.1,0.2));
#11269=CARTESIAN_POINT('Origin',(-5.44999999999999,44.9,0.2));
#11270=CARTESIAN_POINT('',(-5.44999999999999,44.9,0.));
#11271=CARTESIAN_POINT('Origin',(-5.44999999999999,44.9,0.2));
#11272=CARTESIAN_POINT('Origin',(-5.44999999999999,44.9,0.2));
#11273=CARTESIAN_POINT('Origin',(-5.44999999999999,44.9,2.5));
#11274=CARTESIAN_POINT('',(-5.44999999999999,45.1,6.2));
#11275=CARTESIAN_POINT('',(-5.44999999999999,45.1,2.5));
#11276=CARTESIAN_POINT('Origin',(-5.44999999999999,44.9,6.2));
#11277=CARTESIAN_POINT('Origin',(-5.44999999999999,22.55,0.2));
#11278=CARTESIAN_POINT('',(-5.44999999999999,41.4,0.));
#11279=CARTESIAN_POINT('',(-5.44999999999999,22.55,0.));
#11280=CARTESIAN_POINT('Origin',(-5.44999999999999,41.4,0.2));
#11281=CARTESIAN_POINT('Origin',(5.45,-3.55000000000002,0.2));
#11282=CARTESIAN_POINT('',(5.44999999999999,45.1,0.));
#11283=CARTESIAN_POINT('',(5.45,41.4,0.));
#11284=CARTESIAN_POINT('',(5.45,-3.55000000000002,0.));
#11285=CARTESIAN_POINT('Origin',(5.45,41.4,0.2));
#11286=CARTESIAN_POINT('Origin',(5.45,44.9,0.2));
#11287=CARTESIAN_POINT('Origin',(-2.62499999999999,41.4,0.2));
#11288=CARTESIAN_POINT('',(-2.62499999999999,41.6,0.2));
#11289=CARTESIAN_POINT('',(-2.62499999999999,41.4,0.));
#11290=CARTESIAN_POINT('Origin',(5.44999999999999,44.9,2.5));
#11291=CARTESIAN_POINT('',(5.44999999999999,45.1,6.2));
#11292=CARTESIAN_POINT('',(5.44999999999999,45.1,2.5));
#11293=CARTESIAN_POINT('Origin',(5.44999999999999,44.9,6.2));
#11294=CARTESIAN_POINT('Origin',(26.5,44.9,6.2));
#11295=CARTESIAN_POINT('',(26.5,45.1,6.2));
#11296=CARTESIAN_POINT('',(26.5,44.9,6.));
#11297=CARTESIAN_POINT('Origin',(26.5,44.9,0.2));
#11298=CARTESIAN_POINT('',(26.5,44.9,0.));
#11299=CARTESIAN_POINT('',(26.5,45.1,0.2));
#11300=CARTESIAN_POINT('Origin',(-52.8,22.55,0.2));
#11301=CARTESIAN_POINT('',(-53.,39.3,0.2));
#11302=CARTESIAN_POINT('',(-53.,22.55,0.2));
#11303=CARTESIAN_POINT('',(-52.8,39.1,0.));
#11304=CARTESIAN_POINT('',(-52.8,22.55,0.));
#11305=CARTESIAN_POINT('Origin',(-52.8,39.3,0.2));
#11306=CARTESIAN_POINT('Origin',(-52.8,44.9,0.));
#11307=CARTESIAN_POINT('',(-52.8,45.1,0.));
#11308=CARTESIAN_POINT('',(-53.,44.9,0.));
#11309=CARTESIAN_POINT('Origin',(-52.8,39.3,0.));
#11310=CARTESIAN_POINT('',(-53.,39.3,0.));
#11311=CARTESIAN_POINT('',(-52.8,39.1,0.));
#11312=CARTESIAN_POINT('Origin',(52.8,-22.55,7.1));
#11313=CARTESIAN_POINT('',(53.,-22.55,7.1));
#11314=CARTESIAN_POINT('',(52.8,-22.55,7.3));
#11315=CARTESIAN_POINT('Origin',(52.8,44.9,0.));
#11316=CARTESIAN_POINT('',(52.8,45.1,0.));
#11317=CARTESIAN_POINT('',(52.8,45.1,0.));
#11318=CARTESIAN_POINT('',(53.,44.9,0.2));
#11319=CARTESIAN_POINT('',(53.,44.9,0.));
#11320=CARTESIAN_POINT('Origin',(52.8,44.9,0.2));
#11321=CARTESIAN_POINT('Origin',(52.8,-22.55,0.2));
#11322=CARTESIAN_POINT('',(52.8,-22.55,0.));
#11323=CARTESIAN_POINT('',(53.,-22.55,0.2));
#11324=CARTESIAN_POINT('Origin',(4.44089209850063E-15,19.,6.));
#11325=CARTESIAN_POINT('Origin',(1.77635683940025E-14,-1.77635683940025E-14,
7.3));
#11326=CARTESIAN_POINT('',(-25.5999999999999,39.0999999999999,7.3));
#11327=CARTESIAN_POINT('',(51.2,39.1,7.3));
#11328=CARTESIAN_POINT('',(51.2000000000495,21.6500000000044,7.3));
#11329=CARTESIAN_POINT('',(26.5,39.1,7.3));
#11330=CARTESIAN_POINT('Origin',(-51.2,39.1,0.));
#11331=CARTESIAN_POINT('',(-51.4,39.1,0.));
#11332=CARTESIAN_POINT('',(-25.5999999999999,39.0999999999999,0.));
#11333=CARTESIAN_POINT('',(-51.2,39.1,0.2));
#11334=CARTESIAN_POINT('Origin',(-51.4,39.1,0.2));
#11335=CARTESIAN_POINT('',(-51.2,39.1,0.));
#11336=CARTESIAN_POINT('Origin',(53.,-45.1,0.));
#11337=CARTESIAN_POINT('Origin',(-53.,45.1,0.));
#11338=CARTESIAN_POINT('Origin',(-2.62499999999999,30.3,0.2));
#11339=CARTESIAN_POINT('',(5.45,30.3,0.));
#11340=CARTESIAN_POINT('',(-5.44999999999999,30.3,0.));
#11341=CARTESIAN_POINT('',(-2.62499999999999,30.3,0.));
#11342=CARTESIAN_POINT('Origin',(-5.44999999999999,30.3,0.2));
#11343=CARTESIAN_POINT('',(-2.62499999999999,30.5,0.2));
#11344=CARTESIAN_POINT('Origin',(5.45,30.3,0.2));
#11345=CARTESIAN_POINT('Origin',(-5.44999999999999,22.55,0.2));
#11346=CARTESIAN_POINT('',(-5.44999999999999,36.7,0.));
#11347=CARTESIAN_POINT('',(-5.44999999999999,22.55,0.));
#11348=CARTESIAN_POINT('Origin',(-5.44999999999999,36.7,0.2));
#11349=CARTESIAN_POINT('Origin',(5.45,-3.55000000000002,0.2));
#11350=CARTESIAN_POINT('',(5.45,36.7,0.));
#11351=CARTESIAN_POINT('',(5.45,-3.55000000000002,0.));
#11352=CARTESIAN_POINT('Origin',(5.45,36.7,0.2));
#11353=CARTESIAN_POINT('Origin',(2.62500000000001,36.7,0.2));
#11354=CARTESIAN_POINT('',(2.62500000000001,36.7,0.));
#11355=CARTESIAN_POINT('',(2.62500000000001,36.5,0.2));
#11356=CARTESIAN_POINT('Origin',(-5.24999999999999,30.5,0.));
#11357=CARTESIAN_POINT('',(0.,30.5,2.));
#11358=CARTESIAN_POINT('Origin',(1.35807097813475E-14,-1.76639765222726E-14,
0.));
#11359=CARTESIAN_POINT('',(51.4,39.1,0.));
#11360=CARTESIAN_POINT('',(26.5,39.1,0.));
#11361=CARTESIAN_POINT('',(51.4,43.3,0.));
#11362=CARTESIAN_POINT('',(51.4,9.24132778366293,0.));
#11363=CARTESIAN_POINT('',(7.05,43.3,0.));
#11364=CARTESIAN_POINT('',(25.6,43.3,0.));
#11365=CARTESIAN_POINT('',(7.05,25.5,0.));
#11366=CARTESIAN_POINT('',(7.05,12.65,0.));
#11367=CARTESIAN_POINT('',(-7.04999999999999,25.5,0.));
#11368=CARTESIAN_POINT('',(2.62500000000001,25.5,0.));
#11369=CARTESIAN_POINT('',(-7.04999999999999,43.3,0.));
#11370=CARTESIAN_POINT('',(-7.04999999999999,22.55,0.));
#11371=CARTESIAN_POINT('',(-51.4,43.3,0.));
#11372=CARTESIAN_POINT('',(25.6,43.3,0.));
#11373=CARTESIAN_POINT('',(-51.4,21.55,0.));
#11374=CARTESIAN_POINT('',(-53.,45.1,0.));
#11375=CARTESIAN_POINT('Origin',(51.4,9.24132778366293,0.2));
#11376=CARTESIAN_POINT('',(51.2,39.1,0.2));
#11377=CARTESIAN_POINT('Origin',(51.4,39.1,0.2));
#11378=CARTESIAN_POINT('',(51.2,43.1,0.2));
#11379=CARTESIAN_POINT('',(51.2,9.24132778366293,0.2));
#11380=CARTESIAN_POINT('Origin',(51.4,43.3,0.2));
#11381=CARTESIAN_POINT('Origin',(7.05,25.5,0.2));
#11382=CARTESIAN_POINT('',(7.05,25.3,0.2));
#11383=CARTESIAN_POINT('Origin',(7.05,25.5,0.2));
#11384=CARTESIAN_POINT('',(7.25,25.5,0.2));
#11385=CARTESIAN_POINT('Origin',(7.05,25.5,0.2));
#11386=CARTESIAN_POINT('Origin',(7.05,25.5,0.2));
#11387=CARTESIAN_POINT('Origin',(7.05,12.65,0.2));
#11388=CARTESIAN_POINT('',(7.25000000000001,43.1,0.2));
#11389=CARTESIAN_POINT('',(7.25,12.65,0.2));
#11390=CARTESIAN_POINT('Origin',(7.05,43.3,0.2));
#11391=CARTESIAN_POINT('Origin',(7.05,25.5,0.));
#11392=CARTESIAN_POINT('',(7.25000000000001,25.5,5.));
#11393=CARTESIAN_POINT('',(7.05000000000001,25.3,5.));
#11394=CARTESIAN_POINT('Origin',(7.05,25.5,5.));
#11395=CARTESIAN_POINT('',(7.05,25.3,0.));
#11396=CARTESIAN_POINT('',(7.25,25.5,0.));
#11397=CARTESIAN_POINT('Origin',(-51.4,21.55,0.2));
#11398=CARTESIAN_POINT('',(-51.2,43.1,0.2));
#11399=CARTESIAN_POINT('',(-51.2,21.55,0.2));
#11400=CARTESIAN_POINT('Origin',(-51.4,43.3,0.2));
#11401=CARTESIAN_POINT('Origin',(-7.04999999999999,25.5,0.2));
#11402=CARTESIAN_POINT('',(-7.24999999999999,25.5,0.2));
#11403=CARTESIAN_POINT('',(-7.04999999999999,25.3,0.2));
#11404=CARTESIAN_POINT('Origin',(-7.04999999999999,25.5,0.2));
#11405=CARTESIAN_POINT('Origin',(-7.04999999999999,25.5,0.2));
#11406=CARTESIAN_POINT('Origin',(-7.04999999999999,25.5,0.2));
#11407=CARTESIAN_POINT('Origin',(25.6,43.3,0.2));
#11408=CARTESIAN_POINT('',(-7.25,43.1,0.2));
#11409=CARTESIAN_POINT('Origin',(-7.04999999999999,43.3,0.2));
#11410=CARTESIAN_POINT('',(25.6,43.1,0.2));
#11411=CARTESIAN_POINT('Origin',(-7.04999999999999,22.55,0.2));
#11412=CARTESIAN_POINT('',(-7.24999999999999,22.55,0.2));
#11413=CARTESIAN_POINT('Origin',(2.62500000000001,25.5,0.2));
#11414=CARTESIAN_POINT('',(2.62500000000001,25.3,0.2));
#11415=CARTESIAN_POINT('Origin',(-7.04999999999999,25.5,0.));
#11416=CARTESIAN_POINT('',(-7.05,25.3,5.));
#11417=CARTESIAN_POINT('',(-7.25,25.5,5.));
#11418=CARTESIAN_POINT('Origin',(-7.04999999999999,25.5,5.));
#11419=CARTESIAN_POINT('',(-7.24999999999999,25.5,0.));
#11420=CARTESIAN_POINT('',(-7.04999999999999,25.3,0.));
#11421=CARTESIAN_POINT('Origin',(25.6,43.3,0.2));
#11422=CARTESIAN_POINT('',(25.6,43.1,0.2));
#11423=CARTESIAN_POINT('Origin',(-51.2,43.1,0.));
#11424=CARTESIAN_POINT('',(-51.2,43.1,5.));
#11425=CARTESIAN_POINT('',(-51.2,43.1,0.));
#11426=CARTESIAN_POINT('',(-51.2,40.6,5.));
#11427=CARTESIAN_POINT('',(-51.2,36.9456638918315,5.));
#11428=CARTESIAN_POINT('',(-51.2,40.6,3.1));
#11429=CARTESIAN_POINT('',(-51.2,40.6,2.5));
#11430=CARTESIAN_POINT('',(-51.2,40.5,3.));
#11431=CARTESIAN_POINT('Origin',(-51.2,40.5,3.1));
#11432=CARTESIAN_POINT('',(-51.2,39.475,3.));
#11433=CARTESIAN_POINT('Origin',(51.2,43.1,0.));
#11434=CARTESIAN_POINT('',(-7.25,43.1,5.));
#11435=CARTESIAN_POINT('',(-7.25,43.1,0.));
#11436=CARTESIAN_POINT('',(25.6,43.1,5.));
#11437=CARTESIAN_POINT('Origin',(-7.24999999999999,45.1,0.));
#11438=CARTESIAN_POINT('',(-7.24999999999999,35.5,5.));
#11439=CARTESIAN_POINT('',(-7.25,32.,5.));
#11440=CARTESIAN_POINT('',(-7.24999999999999,35.5,1.2));
#11441=CARTESIAN_POINT('',(-7.24999999999999,35.5,2.5));
#11442=CARTESIAN_POINT('',(-7.24999999999999,35.7,1.));
#11443=CARTESIAN_POINT('Origin',(-7.24999999999999,35.7,1.2));
#11444=CARTESIAN_POINT('',(-7.24999999999999,37.1,1.));
#11445=CARTESIAN_POINT('',(-7.24999999999999,37.2738903394256,1.));
#11446=CARTESIAN_POINT('',(-7.25,37.3,1.2));
#11447=CARTESIAN_POINT('Origin',(-7.25,37.1,1.2));
#11448=CARTESIAN_POINT('',(-7.25,37.3,5.));
#11449=CARTESIAN_POINT('',(-7.25,37.3,2.5));
#11450=CARTESIAN_POINT('',(-7.25,32.,5.));
#11451=CARTESIAN_POINT('Origin',(-21.6613903394256,37.1,1.2));
#11452=CARTESIAN_POINT('',(-17.2,37.3,1.2));
#11453=CARTESIAN_POINT('',(-21.6613903394256,37.3,1.2));
#11454=CARTESIAN_POINT('',(-17.,37.1,1.));
#11455=CARTESIAN_POINT('',(-21.6613903394256,37.1,1.));
#11456=CARTESIAN_POINT('Origin',(-17.,37.1,1.2));
#11457=CARTESIAN_POINT('Origin',(-17.,28.3738903394256,1.2));
#11458=CARTESIAN_POINT('',(-17.,27.1,1.));
#11459=CARTESIAN_POINT('',(-17.,28.3738903394256,1.));
#11460=CARTESIAN_POINT('',(-17.2,27.3,1.2));
#11461=CARTESIAN_POINT('Origin',(-17.,27.1,1.2));
#11462=CARTESIAN_POINT('',(-17.2,28.3738903394256,1.2));
#11463=CARTESIAN_POINT('Origin',(-38.6613903394256,27.1,1.2));
#11464=CARTESIAN_POINT('',(-51.2,27.1,1.));
#11465=CARTESIAN_POINT('',(-38.6613903394256,27.1,1.));
#11466=CARTESIAN_POINT('',(-51.2,27.3,1.2));
#11467=CARTESIAN_POINT('Origin',(-51.2,27.1,1.2));
#11468=CARTESIAN_POINT('',(-38.6613903394256,27.3,1.2));
#11469=CARTESIAN_POINT('Origin',(-17.2,37.3,5.));
#11470=CARTESIAN_POINT('',(-17.2,37.3,5.));
#11471=CARTESIAN_POINT('',(-17.2,37.3,5.));
#11472=CARTESIAN_POINT('',(-35.1,37.3,5.));
#11473=CARTESIAN_POINT('Origin',(-17.2,27.3,5.));
#11474=CARTESIAN_POINT('',(-17.2,27.3,5.));
#11475=CARTESIAN_POINT('',(-17.2,27.3,5.));
#11476=CARTESIAN_POINT('',(-17.2,23.1,5.));
#11477=CARTESIAN_POINT('Origin',(-51.2,27.3,5.));
#11478=CARTESIAN_POINT('',(-51.2,27.3,5.));
#11479=CARTESIAN_POINT('',(-51.2,27.3,2.5));
#11480=CARTESIAN_POINT('',(-52.1,27.3,5.));
#11481=CARTESIAN_POINT('Origin',(-15.6,26.,1.2));
#11482=CARTESIAN_POINT('',(-15.4,26.,1.2));
#11483=CARTESIAN_POINT('',(-15.6,26.,1.));
#11484=CARTESIAN_POINT('Origin',(-15.6,26.,1.2));
#11485=CARTESIAN_POINT('',(-15.6,25.8,1.2));
#11486=CARTESIAN_POINT('Origin',(-15.6,26.,1.2));
#11487=CARTESIAN_POINT('Origin',(-15.6,26.,1.2));
#11488=CARTESIAN_POINT('Origin',(-15.6,26.,5.));
#11489=CARTESIAN_POINT('',(-15.4,26.,5.));
#11490=CARTESIAN_POINT('',(-15.6,25.8,5.));
#11491=CARTESIAN_POINT('Origin',(-15.6,26.,5.));
#11492=CARTESIAN_POINT('',(-15.6,25.8,5.));
#11493=CARTESIAN_POINT('',(-15.4,26.,5.));
#11494=CARTESIAN_POINT('Origin',(-20.7613903394256,26.,1.2));
#11495=CARTESIAN_POINT('',(-51.2,25.8,1.2));
#11496=CARTESIAN_POINT('',(-51.2,26.,1.));
#11497=CARTESIAN_POINT('Origin',(-51.2,26.,1.2));
#11498=CARTESIAN_POINT('',(-20.7613903394256,26.,1.));
#11499=CARTESIAN_POINT('',(-20.7613903394256,25.8,1.2));
#11500=CARTESIAN_POINT('Origin',(-15.6,32.4738903394256,1.2));
#11501=CARTESIAN_POINT('',(-15.4,35.5,1.2));
#11502=CARTESIAN_POINT('',(-15.4,32.4738903394256,1.2));
#11503=CARTESIAN_POINT('',(-15.6,35.7,1.));
#11504=CARTESIAN_POINT('',(-15.6,32.4738903394256,1.));
#11505=CARTESIAN_POINT('Origin',(-15.6,35.7,1.2));
#11506=CARTESIAN_POINT('Origin',(-15.6863903394256,35.7,1.2));
#11507=CARTESIAN_POINT('',(-15.6863903394256,35.7,1.));
#11508=CARTESIAN_POINT('',(-15.6863903394256,35.5,1.2));
#11509=CARTESIAN_POINT('Origin',(-15.4,35.5,5.));
#11510=CARTESIAN_POINT('',(-15.4,35.5,5.));
#11511=CARTESIAN_POINT('',(-15.4,35.5,5.));
#11512=CARTESIAN_POINT('',(-15.4,27.2,5.));
#11513=CARTESIAN_POINT('Origin',(-5.24999999999999,35.5,5.));
#11514=CARTESIAN_POINT('',(-29.125,35.5,5.));
#11515=CARTESIAN_POINT('Origin',(-51.2,32.6,3.1));
#11516=CARTESIAN_POINT('',(-49.8,32.6,3.));
#11517=CARTESIAN_POINT('',(-49.7,32.6,3.1));
#11518=CARTESIAN_POINT('Origin',(-49.8,32.6,3.1));
#11519=CARTESIAN_POINT('',(-51.2,31.1,3.1));
#11520=CARTESIAN_POINT('Origin',(-51.2,32.6,3.1));
#11521=CARTESIAN_POINT('',(-51.2,31.2,3.));
#11522=CARTESIAN_POINT('Origin',(-51.2,31.2,3.1));
#11523=CARTESIAN_POINT('Origin',(-51.2,32.6,3.));
#11524=CARTESIAN_POINT('Origin',(-49.8,38.225,3.1));
#11525=CARTESIAN_POINT('',(-49.8,39.1,3.));
#11526=CARTESIAN_POINT('',(-49.7,39.1,3.1));
#11527=CARTESIAN_POINT('Origin',(-49.8,39.1,3.1));
#11528=CARTESIAN_POINT('',(-49.7,38.225,3.1));
#11529=CARTESIAN_POINT('',(-49.8,38.225,3.));
#11530=CARTESIAN_POINT('Origin',(-51.2,39.1,3.1));
#11531=CARTESIAN_POINT('Origin',(-51.2,39.1,3.1));
#11532=CARTESIAN_POINT('Origin',(-51.2,39.1,3.));
#11533=CARTESIAN_POINT('Origin',(-50.45,35.85,3.));
#11534=CARTESIAN_POINT('',(-51.2,39.475,3.));
#11535=CARTESIAN_POINT('Origin',(51.2,39.1,3.1));
#11536=CARTESIAN_POINT('',(49.8,39.1,3.));
#11537=CARTESIAN_POINT('',(49.7,39.1,3.1));
#11538=CARTESIAN_POINT('Origin',(49.8,39.1,3.1));
#11539=CARTESIAN_POINT('',(51.2,40.6,3.1));
#11540=CARTESIAN_POINT('Origin',(51.2,39.1,3.1));
#11541=CARTESIAN_POINT('',(51.2,40.5,3.));
#11542=CARTESIAN_POINT('Origin',(51.2,40.5,3.1));
#11543=CARTESIAN_POINT('Origin',(51.2,39.1,3.));
#11544=CARTESIAN_POINT('Origin',(49.8,33.475,3.1));
#11545=CARTESIAN_POINT('',(49.8,32.6,3.));
#11546=CARTESIAN_POINT('',(49.7,32.6,3.1));
#11547=CARTESIAN_POINT('Origin',(49.8,32.6,3.1));
#11548=CARTESIAN_POINT('',(49.7,33.475,3.1));
#11549=CARTESIAN_POINT('',(49.8,33.475,3.));
#11550=CARTESIAN_POINT('Origin',(51.2,32.6,3.1));
#11551=CARTESIAN_POINT('',(51.2,31.2,3.));
#11552=CARTESIAN_POINT('',(51.2,31.1,3.1));
#11553=CARTESIAN_POINT('Origin',(51.2,31.2,3.1));
#11554=CARTESIAN_POINT('Origin',(51.2,32.6,3.1));
#11555=CARTESIAN_POINT('Origin',(51.2,32.6,3.));
#11556=CARTESIAN_POINT('Origin',(50.45,35.85,3.));
#11557=CARTESIAN_POINT('',(51.2,39.1,3.));
#11558=CARTESIAN_POINT('',(51.2,27.166327783663,3.));
#11559=CARTESIAN_POINT('',(51.2,40.6,3.));
#11560=CARTESIAN_POINT('',(51.2,27.166327783663,3.));
#11561=CARTESIAN_POINT('Origin',(-5.34999999999999,32.,5.1));
#11562=CARTESIAN_POINT('',(-5.34999999999999,-7.20000000000002,5.));
#11563=CARTESIAN_POINT('',(-5.34999999999999,25.3,5.));
#11564=CARTESIAN_POINT('',(-5.34999999999999,32.,5.));
#11565=CARTESIAN_POINT('Origin',(-5.34999999999999,25.3,5.1));
#11566=CARTESIAN_POINT('Origin',(-5.34999999999999,-7.20000000000002,5.1));
#11567=CARTESIAN_POINT('Origin',(5.35000000000001,5.89999999999998,5.1));
#11568=CARTESIAN_POINT('',(5.35,25.3,5.));
#11569=CARTESIAN_POINT('Origin',(5.35,25.3,5.1));
#11570=CARTESIAN_POINT('',(5.35000000000001,-7.20000000000002,5.));
#11571=CARTESIAN_POINT('',(5.35000000000001,5.89999999999998,5.));
#11572=CARTESIAN_POINT('Origin',(5.35000000000001,-7.20000000000001,5.1));
#11573=CARTESIAN_POINT('Origin',(-29.125,-7.20000000000003,5.1));
#11574=CARTESIAN_POINT('',(-29.125,-7.10000000000003,5.1));
#11575=CARTESIAN_POINT('',(-29.125,-7.20000000000003,5.));
#11576=CARTESIAN_POINT('Origin',(-53.,18.9,5.));
#11577=CARTESIAN_POINT('',(-53.,18.9,5.));
#11578=CARTESIAN_POINT('',(-51.2,25.8,5.));
#11579=CARTESIAN_POINT('',(-51.2,36.9456638918315,5.));
#11580=CARTESIAN_POINT('',(-34.2,25.8,5.));
#11581=CARTESIAN_POINT('',(-30.125,25.3,5.));
#11582=CARTESIAN_POINT('',(-23.875,25.3,5.));
#11583=CARTESIAN_POINT('',(7.25000000000001,35.5,5.));
#11584=CARTESIAN_POINT('',(7.25000000000001,22.1,5.));
#11585=CARTESIAN_POINT('',(-18.8,35.5,5.));
#11586=CARTESIAN_POINT('',(51.2,24.6369916754944,5.));
#11587=CARTESIAN_POINT('',(48.,-16.6,5.));
#11588=CARTESIAN_POINT('',(48.,1.20724085276633,5.));
#11589=CARTESIAN_POINT('',(48.3,-16.6,5.));
#11590=CARTESIAN_POINT('',(-4.94999999999998,-16.6,5.));
#11591=CARTESIAN_POINT('',(48.3,-12.6,5.));
#11592=CARTESIAN_POINT('',(48.3,1.15000000000001,5.));
#11593=CARTESIAN_POINT('',(42.9,-12.6,5.));
#11594=CARTESIAN_POINT('',(-2.44999999999998,-12.6,5.));
#11595=CARTESIAN_POINT('',(42.9,-16.6,5.));
#11596=CARTESIAN_POINT('',(42.9,3.05000000000001,5.));
#11597=CARTESIAN_POINT('',(43.2,-16.6,5.));
#11598=CARTESIAN_POINT('',(-4.94999999999998,-16.6,5.));
#11599=CARTESIAN_POINT('',(43.2,-17.6,5.));
#11600=CARTESIAN_POINT('',(43.2,1.20724085276632,5.));
#11601=CARTESIAN_POINT('',(2.40000000000002,-17.6,5.));
#11602=CARTESIAN_POINT('',(-53.,-17.6,5.));
#11603=CARTESIAN_POINT('',(2.40000000000002,-16.6,5.));
#11604=CARTESIAN_POINT('',(2.40000000000001,1.20724085276631,5.));
#11605=CARTESIAN_POINT('',(2.70000000000002,-16.6,5.));
#11606=CARTESIAN_POINT('',(-27.75,-16.6,5.));
#11607=CARTESIAN_POINT('',(2.70000000000002,-12.6,5.));
#11608=CARTESIAN_POINT('',(2.70000000000001,1.14999999999999,5.));
#11609=CARTESIAN_POINT('',(-2.69999999999999,-12.6,5.));
#11610=CARTESIAN_POINT('',(-25.25,-12.6,5.));
#11611=CARTESIAN_POINT('',(-2.69999999999999,-16.6,5.));
#11612=CARTESIAN_POINT('',(-2.7,3.04999999999998,5.));
#11613=CARTESIAN_POINT('',(-2.39999999999998,-16.6,5.));
#11614=CARTESIAN_POINT('',(-27.75,-16.6,5.));
#11615=CARTESIAN_POINT('',(-2.39999999999998,-17.6,5.));
#11616=CARTESIAN_POINT('',(-2.39999999999998,1.20724085276631,5.));
#11617=CARTESIAN_POINT('',(-43.2,-17.6,5.));
#11618=CARTESIAN_POINT('',(-53.,-17.6,5.));
#11619=CARTESIAN_POINT('',(-43.2,-16.6,5.));
#11620=CARTESIAN_POINT('',(-43.2,1.20724085276629,5.));
#11621=CARTESIAN_POINT('',(-42.9,-16.6,5.));
#11622=CARTESIAN_POINT('',(-50.55,-16.6,5.));
#11623=CARTESIAN_POINT('',(-42.9,-12.6,5.));
#11624=CARTESIAN_POINT('',(-42.9,1.14999999999997,5.));
#11625=CARTESIAN_POINT('',(-48.3,-12.6,5.));
#11626=CARTESIAN_POINT('',(-48.05,-12.6,5.));
#11627=CARTESIAN_POINT('',(-48.3,-16.6,5.));
#11628=CARTESIAN_POINT('',(-48.3,3.04999999999997,5.));
#11629=CARTESIAN_POINT('',(-48.,-16.6,5.));
#11630=CARTESIAN_POINT('',(-50.55,-16.6,5.));
#11631=CARTESIAN_POINT('',(-48.,-17.6,5.));
#11632=CARTESIAN_POINT('',(-48.,1.20724085276629,5.));
#11633=CARTESIAN_POINT('',(-53.,-17.6,5.));
#11634=CARTESIAN_POINT('',(13.3,-12.6,5.));
#11635=CARTESIAN_POINT('',(13.3,-14.6,5.));
#11636=CARTESIAN_POINT('Origin',(13.3,-13.6,5.));
#11637=CARTESIAN_POINT('',(32.3,-14.6,5.));
#11638=CARTESIAN_POINT('',(-10.35,-14.6,5.));
#11639=CARTESIAN_POINT('',(32.3,-12.6,5.));
#11640=CARTESIAN_POINT('Origin',(32.3,-13.6,5.));
#11641=CARTESIAN_POINT('',(-19.85,-12.6,5.));
#11642=CARTESIAN_POINT('',(-32.3,-12.6,5.));
#11643=CARTESIAN_POINT('',(-32.3,-14.6,5.));
#11644=CARTESIAN_POINT('Origin',(-32.3,-13.6,5.));
#11645=CARTESIAN_POINT('',(-13.3,-14.6,5.));
#11646=CARTESIAN_POINT('',(-33.15,-14.6,5.));
#11647=CARTESIAN_POINT('',(-13.3,-12.6,5.));
#11648=CARTESIAN_POINT('Origin',(-13.3,-13.6,5.));
#11649=CARTESIAN_POINT('',(-42.65,-12.6,5.));
#11650=CARTESIAN_POINT('Origin',(13.3,-13.6,4.1));
#11651=CARTESIAN_POINT('',(13.3,-14.5,4.));
#11652=CARTESIAN_POINT('',(13.3,-14.6,4.1));
#11653=CARTESIAN_POINT('Origin',(13.3,-14.5,4.1));
#11654=CARTESIAN_POINT('',(13.3,-12.6,4.1));
#11655=CARTESIAN_POINT('Origin',(13.3,-13.6,4.1));
#11656=CARTESIAN_POINT('',(13.3,-12.7,4.));
#11657=CARTESIAN_POINT('Origin',(13.3,-12.7,4.1));
#11658=CARTESIAN_POINT('Origin',(13.3,-13.6,4.));
#11659=CARTESIAN_POINT('Origin',(18.05,-12.7,4.1));
#11660=CARTESIAN_POINT('',(32.3,-12.6,4.1));
#11661=CARTESIAN_POINT('',(32.3,-12.7,4.));
#11662=CARTESIAN_POINT('Origin',(32.3,-12.7,4.1));
#11663=CARTESIAN_POINT('',(18.05,-12.7,4.));
#11664=CARTESIAN_POINT('',(18.05,-12.6,4.1));
#11665=CARTESIAN_POINT('Origin',(32.3,-13.6,4.1));
#11666=CARTESIAN_POINT('',(32.3,-14.6,4.1));
#11667=CARTESIAN_POINT('',(32.3,-14.5,4.));
#11668=CARTESIAN_POINT('Origin',(32.3,-14.5,4.1));
#11669=CARTESIAN_POINT('Origin',(32.3,-13.6,4.));
#11670=CARTESIAN_POINT('Origin',(32.3,-13.6,4.1));
#11671=CARTESIAN_POINT('Origin',(27.55,-14.5,4.1));
#11672=CARTESIAN_POINT('',(27.55,-14.5,4.));
#11673=CARTESIAN_POINT('',(27.55,-14.6,4.1));
#11674=CARTESIAN_POINT('Origin',(13.3,-12.6,5.));
#11675=CARTESIAN_POINT('',(13.3,-12.6,5.));
#11676=CARTESIAN_POINT('',(32.3,-12.6,5.));
#11677=CARTESIAN_POINT('Origin',(13.3,-13.6,5.));
#11678=CARTESIAN_POINT('',(13.3,-14.6,5.));
#11679=CARTESIAN_POINT('Origin',(22.8,-13.6,4.));
#11680=CARTESIAN_POINT('Origin',(-32.3,-13.6,4.1));
#11681=CARTESIAN_POINT('',(-32.3,-14.5,4.));
#11682=CARTESIAN_POINT('',(-32.3,-14.6,4.1));
#11683=CARTESIAN_POINT('Origin',(-32.3,-14.5,4.1));
#11684=CARTESIAN_POINT('',(-32.3,-12.6,4.1));
#11685=CARTESIAN_POINT('Origin',(-32.3,-13.6,4.1));
#11686=CARTESIAN_POINT('',(-32.3,-12.7,4.));
#11687=CARTESIAN_POINT('Origin',(-32.3,-12.7,4.1));
#11688=CARTESIAN_POINT('Origin',(-32.3,-13.6,4.));
#11689=CARTESIAN_POINT('Origin',(-27.55,-12.7,4.1));
#11690=CARTESIAN_POINT('',(-13.3,-12.6,4.1));
#11691=CARTESIAN_POINT('',(-13.3,-12.7,4.));
#11692=CARTESIAN_POINT('Origin',(-13.3,-12.7,4.1));
#11693=CARTESIAN_POINT('',(-27.55,-12.7,4.));
#11694=CARTESIAN_POINT('',(-27.55,-12.6,4.1));
#11695=CARTESIAN_POINT('Origin',(-13.3,-13.6,4.1));
#11696=CARTESIAN_POINT('',(-13.3,-14.6,4.1));
#11697=CARTESIAN_POINT('',(-13.3,-14.5,4.));
#11698=CARTESIAN_POINT('Origin',(-13.3,-14.5,4.1));
#11699=CARTESIAN_POINT('Origin',(-13.3,-13.6,4.));
#11700=CARTESIAN_POINT('Origin',(-13.3,-13.6,4.1));
#11701=CARTESIAN_POINT('Origin',(-18.05,-14.5,4.1));
#11702=CARTESIAN_POINT('',(-18.05,-14.5,4.));
#11703=CARTESIAN_POINT('',(-18.05,-14.6,4.1));
#11704=CARTESIAN_POINT('Origin',(-32.3,-12.6,5.));
#11705=CARTESIAN_POINT('',(-32.3,-12.6,5.));
#11706=CARTESIAN_POINT('',(-13.3,-12.6,5.));
#11707=CARTESIAN_POINT('Origin',(-32.3,-13.6,5.));
#11708=CARTESIAN_POINT('',(-32.3,-14.6,5.));
#11709=CARTESIAN_POINT('Origin',(-22.8,-13.6,4.));
#11710=CARTESIAN_POINT('Origin',(-13.3,-14.6,5.));
#11711=CARTESIAN_POINT('',(-13.3,-14.6,5.));
#11712=CARTESIAN_POINT('Origin',(-13.3,-13.6,5.));
#11713=CARTESIAN_POINT('Origin',(32.3,-14.6,5.));
#11714=CARTESIAN_POINT('',(32.3,-14.6,5.));
#11715=CARTESIAN_POINT('Origin',(32.3,-13.6,5.));
#11716=CARTESIAN_POINT('Origin',(21.6,-16.8,7.1));
#11717=CARTESIAN_POINT('',(48.1,-16.6,7.1));
#11718=CARTESIAN_POINT('Origin',(48.3,-16.8,7.1));
#11719=CARTESIAN_POINT('',(43.1,-16.6,7.1));
#11720=CARTESIAN_POINT('',(21.6,-16.6,7.1));
#11721=CARTESIAN_POINT('Origin',(42.9,-16.8,7.1));
#11722=CARTESIAN_POINT('Origin',(24.05,-12.6,7.1));
#11723=CARTESIAN_POINT('',(43.1,-12.8,7.1));
#11724=CARTESIAN_POINT('',(48.1,-12.8,7.1));
#11725=CARTESIAN_POINT('',(24.05,-12.8,7.1));
#11726=CARTESIAN_POINT('Origin',(48.3,-12.6,7.1));
#11727=CARTESIAN_POINT('Origin',(42.9,-12.6,7.1));
#11728=CARTESIAN_POINT('Origin',(48.3,-8.29999999999999,7.1));
#11729=CARTESIAN_POINT('',(48.1,-8.29999999999999,7.1));
#11730=CARTESIAN_POINT('Origin',(42.9,-6.39999999999999,7.1));
#11731=CARTESIAN_POINT('',(43.1,-6.39999999999999,7.1));
#11732=CARTESIAN_POINT('Origin',(48.1,-16.6,5.));
#11733=CARTESIAN_POINT('',(48.1,-12.8,5.2));
#11734=CARTESIAN_POINT('',(48.1,-12.8,5.));
#11735=CARTESIAN_POINT('',(48.1,-16.6,5.2));
#11736=CARTESIAN_POINT('',(48.1,1.15000000000001,5.2));
#11737=CARTESIAN_POINT('',(48.1,-16.6,5.));
#11738=CARTESIAN_POINT('Origin',(48.1,-12.8,5.));
#11739=CARTESIAN_POINT('',(43.1,-12.8,5.2));
#11740=CARTESIAN_POINT('',(43.1,-12.8,5.));
#11741=CARTESIAN_POINT('',(-2.44999999999998,-12.8,5.2));
#11742=CARTESIAN_POINT('Origin',(47.8,-14.8,0.2));
#11743=CARTESIAN_POINT('',(48.,-14.8,0.2));
#11744=CARTESIAN_POINT('Origin',(47.8,-14.8,0.2));
#11745=CARTESIAN_POINT('',(47.8,-14.6,0.2));
#11746=CARTESIAN_POINT('Origin',(47.8,-14.8,0.2));
#11747=CARTESIAN_POINT('Origin',(47.8,-14.8,0.2));
#11748=CARTESIAN_POINT('Origin',(43.4,-14.8,0.2));
#11749=CARTESIAN_POINT('',(43.2,-14.8,0.2));
#11750=CARTESIAN_POINT('Origin',(43.4,-14.8,0.2));
#11751=CARTESIAN_POINT('',(43.4,-14.6,0.2));
#11752=CARTESIAN_POINT('Origin',(43.4,-14.8,0.2));
#11753=CARTESIAN_POINT('Origin',(43.4,-14.8,0.2));
#11754=CARTESIAN_POINT('Origin',(43.4,-14.8,1.0773081997079));
#11755=CARTESIAN_POINT('',(43.2,-14.8,1.82));
#11756=CARTESIAN_POINT('',(43.4,-14.6,1.7));
#11757=CARTESIAN_POINT('Origin',(43.4,-14.8,1.82));
#11758=CARTESIAN_POINT('',(43.4,-14.6,1.0773081997079));
#11759=CARTESIAN_POINT('',(43.2,-14.8,1.0773081997079));
#11760=CARTESIAN_POINT('Origin',(21.6,-14.8,0.2));
#11761=CARTESIAN_POINT('',(21.6,-14.6,0.2));
#11762=CARTESIAN_POINT('Origin',(43.4,-8.24275914723368,0.2));
#11763=CARTESIAN_POINT('',(43.2,-8.24275914723368,0.2));
#11764=CARTESIAN_POINT('Origin',(47.8,-14.8,1.0773081997079));
#11765=CARTESIAN_POINT('',(47.8,-14.6,1.7));
#11766=CARTESIAN_POINT('',(48.,-14.8,1.82));
#11767=CARTESIAN_POINT('Origin',(47.8,-14.8,1.82));
#11768=CARTESIAN_POINT('',(48.,-14.8,1.0773081997079));
#11769=CARTESIAN_POINT('',(47.8,-14.6,1.0773081997079));
#11770=CARTESIAN_POINT('Origin',(47.8,-8.24275914723368,0.2));
#11771=CARTESIAN_POINT('',(48.,-8.24275914723368,0.2));
#11772=CARTESIAN_POINT('Origin',(43.2,-16.4855182944674,2.15461639941581));
#11773=CARTESIAN_POINT('',(43.2,-17.6,3.5773081997079));
#11774=CARTESIAN_POINT('',(43.2,-16.6,2.9));
#11775=CARTESIAN_POINT('',(43.2,-16.6,5.));
#11776=CARTESIAN_POINT('',(43.2,-16.6,2.9));
#11777=CARTESIAN_POINT('Origin',(42.9,3.05000000000001,5.2));
#11778=CARTESIAN_POINT('',(43.1,-16.6,5.2));
#11779=CARTESIAN_POINT('',(43.1,3.05000000000001,5.2));
#11780=CARTESIAN_POINT('Origin',(42.9,-16.6,5.2));
#11781=CARTESIAN_POINT('Origin',(42.9,-12.6,5.2));
#11782=CARTESIAN_POINT('Origin',(-2.44999999999998,-12.6,5.2));
#11783=CARTESIAN_POINT('Origin',(48.3,-12.6,5.2));
#11784=CARTESIAN_POINT('Origin',(48.3,1.15000000000001,5.2));
#11785=CARTESIAN_POINT('Origin',(48.3,-16.6,5.2));
#11786=CARTESIAN_POINT('Origin',(43.1,-12.8,5.));
#11787=CARTESIAN_POINT('',(43.1,-16.6,5.));
#11788=CARTESIAN_POINT('Origin',(-1.19999999999998,-16.8,7.1));
#11789=CARTESIAN_POINT('',(2.50000000000002,-16.6,7.1));
#11790=CARTESIAN_POINT('Origin',(2.70000000000002,-16.8,7.1));
#11791=CARTESIAN_POINT('',(-2.49999999999998,-16.6,7.1));
#11792=CARTESIAN_POINT('',(-1.19999999999998,-16.6,7.1));
#11793=CARTESIAN_POINT('Origin',(-2.69999999999999,-16.8,7.1));
#11794=CARTESIAN_POINT('Origin',(1.25000000000001,-12.6,7.1));
#11795=CARTESIAN_POINT('',(-2.49999999999999,-12.8,7.1));
#11796=CARTESIAN_POINT('',(2.50000000000001,-12.8,7.1));
#11797=CARTESIAN_POINT('',(1.25000000000001,-12.8,7.1));
#11798=CARTESIAN_POINT('Origin',(2.70000000000002,-12.6,7.1));
#11799=CARTESIAN_POINT('Origin',(-2.69999999999999,-12.6,7.1));
#11800=CARTESIAN_POINT('Origin',(2.70000000000001,-8.30000000000001,7.1));
#11801=CARTESIAN_POINT('',(2.50000000000001,-8.30000000000001,7.1));
#11802=CARTESIAN_POINT('Origin',(-2.69999999999999,-6.40000000000001,7.1));
#11803=CARTESIAN_POINT('',(-2.49999999999999,-6.40000000000001,7.1));
#11804=CARTESIAN_POINT('Origin',(2.50000000000002,-16.6,5.));
#11805=CARTESIAN_POINT('',(2.50000000000001,-12.8,5.2));
#11806=CARTESIAN_POINT('',(2.50000000000001,-12.8,5.));
#11807=CARTESIAN_POINT('',(2.50000000000002,-16.6,5.2));
#11808=CARTESIAN_POINT('',(2.50000000000001,1.14999999999999,5.2));
#11809=CARTESIAN_POINT('',(2.50000000000002,-16.6,5.));
#11810=CARTESIAN_POINT('Origin',(2.50000000000001,-12.8,5.));
#11811=CARTESIAN_POINT('',(-2.49999999999999,-12.8,5.2));
#11812=CARTESIAN_POINT('',(-2.49999999999999,-12.8,5.));
#11813=CARTESIAN_POINT('',(-25.25,-12.8,5.2));
#11814=CARTESIAN_POINT('Origin',(2.20000000000002,-14.8,0.2));
#11815=CARTESIAN_POINT('',(2.40000000000002,-14.8,0.2));
#11816=CARTESIAN_POINT('Origin',(2.20000000000002,-14.8,0.2));
#11817=CARTESIAN_POINT('',(2.20000000000002,-14.6,0.2));
#11818=CARTESIAN_POINT('Origin',(2.20000000000002,-14.8,0.2));
#11819=CARTESIAN_POINT('Origin',(2.20000000000002,-14.8,0.2));
#11820=CARTESIAN_POINT('Origin',(-2.19999999999998,-14.8,0.2));
#11821=CARTESIAN_POINT('',(-2.39999999999998,-14.8,0.2));
#11822=CARTESIAN_POINT('Origin',(-2.19999999999998,-14.8,0.2));
#11823=CARTESIAN_POINT('',(-2.19999999999998,-14.6,0.2));
#11824=CARTESIAN_POINT('Origin',(-2.19999999999998,-14.8,0.2));
#11825=CARTESIAN_POINT('Origin',(-2.19999999999998,-14.8,0.2));
#11826=CARTESIAN_POINT('Origin',(-2.19999999999998,-14.8,1.0773081997079));
#11827=CARTESIAN_POINT('',(-2.39999999999998,-14.8,1.82));
#11828=CARTESIAN_POINT('',(-2.19999999999998,-14.6,1.7));
#11829=CARTESIAN_POINT('Origin',(-2.19999999999998,-14.8,1.82));
#11830=CARTESIAN_POINT('',(-2.19999999999998,-14.6,1.0773081997079));
#11831=CARTESIAN_POINT('',(-2.39999999999998,-14.8,1.0773081997079));
#11832=CARTESIAN_POINT('Origin',(-1.19999999999998,-14.8,0.2));
#11833=CARTESIAN_POINT('',(-1.19999999999998,-14.6,0.2));
#11834=CARTESIAN_POINT('Origin',(-2.19999999999998,-8.24275914723369,0.2));
#11835=CARTESIAN_POINT('',(-2.39999999999998,-8.24275914723369,0.2));
#11836=CARTESIAN_POINT('Origin',(2.20000000000002,-14.8,1.0773081997079));
#11837=CARTESIAN_POINT('',(2.20000000000002,-14.6,1.7));
#11838=CARTESIAN_POINT('',(2.40000000000002,-14.8,1.82));
#11839=CARTESIAN_POINT('Origin',(2.20000000000002,-14.8,1.82));
#11840=CARTESIAN_POINT('',(2.40000000000002,-14.8,1.0773081997079));
#11841=CARTESIAN_POINT('',(2.20000000000002,-14.6,1.0773081997079));
#11842=CARTESIAN_POINT('Origin',(2.20000000000002,-8.24275914723369,0.2));
#11843=CARTESIAN_POINT('',(2.40000000000002,-8.24275914723369,0.2));
#11844=CARTESIAN_POINT('Origin',(-2.39999999999998,-16.4855182944674,2.15461639941581));
#11845=CARTESIAN_POINT('',(-2.39999999999998,-17.6,3.5773081997079));
#11846=CARTESIAN_POINT('',(-2.39999999999998,-16.6,2.9));
#11847=CARTESIAN_POINT('',(-2.39999999999998,-16.6,5.));
#11848=CARTESIAN_POINT('',(-2.39999999999998,-16.6,2.9));
#11849=CARTESIAN_POINT('Origin',(-2.7,3.04999999999998,5.2));
#11850=CARTESIAN_POINT('',(-2.49999999999998,-16.6,5.2));
#11851=CARTESIAN_POINT('',(-2.5,3.04999999999998,5.2));
#11852=CARTESIAN_POINT('Origin',(-2.69999999999999,-16.6,5.2));
#11853=CARTESIAN_POINT('Origin',(-2.69999999999999,-12.6,5.2));
#11854=CARTESIAN_POINT('Origin',(-25.25,-12.6,5.2));
#11855=CARTESIAN_POINT('Origin',(2.70000000000002,-12.6,5.2));
#11856=CARTESIAN_POINT('Origin',(2.70000000000001,1.14999999999999,5.2));
#11857=CARTESIAN_POINT('Origin',(2.70000000000002,-16.6,5.2));
#11858=CARTESIAN_POINT('Origin',(-2.49999999999999,-12.8,5.));
#11859=CARTESIAN_POINT('',(-2.49999999999998,-16.6,5.));
#11860=CARTESIAN_POINT('Origin',(44.4,-14.6,2.667));
#11861=CARTESIAN_POINT('',(44.4,-16.6,3.253));
#11862=CARTESIAN_POINT('',(44.4,-14.6,2.667));
#11863=CARTESIAN_POINT('',(44.4,-16.6,3.253));
#11864=CARTESIAN_POINT('',(47.,-16.6,3.253));
#11865=CARTESIAN_POINT('',(43.8,-16.6,3.253));
#11866=CARTESIAN_POINT('',(47.,-14.6,2.667));
#11867=CARTESIAN_POINT('',(47.,-16.6,3.253));
#11868=CARTESIAN_POINT('',(44.4,-14.6,2.667));
#11869=CARTESIAN_POINT('Origin',(44.4,-15.4929653914463,2.56792520359044));
#11870=CARTESIAN_POINT('',(44.4,-16.6,2.9));
#11871=CARTESIAN_POINT('',(44.4,-14.6,1.7));
#11872=CARTESIAN_POINT('',(44.4,-15.1197501888237,2.01185011329425));
#11873=CARTESIAN_POINT('',(44.4,-16.6,2.73396260179522));
#11874=CARTESIAN_POINT('',(44.4,-14.6,2.667));
#11875=CARTESIAN_POINT('Origin',(47.,-15.4929653914463,2.56792520359044));
#11876=CARTESIAN_POINT('',(47.,-14.6,1.7));
#11877=CARTESIAN_POINT('',(47.,-16.6,2.9));
#11878=CARTESIAN_POINT('',(47.,-15.1197501888237,2.01185011329425));
#11879=CARTESIAN_POINT('',(47.,-14.6,2.667));
#11880=CARTESIAN_POINT('',(47.,-16.6,2.73396260179522));
#11881=CARTESIAN_POINT('Origin',(43.2,-16.6,2.9));
#11882=CARTESIAN_POINT('',(48.,-16.6,2.9));
#11883=CARTESIAN_POINT('',(48.,-16.6,5.));
#11884=CARTESIAN_POINT('',(43.2,-16.6,2.9));
#11885=CARTESIAN_POINT('',(43.2,-16.6,2.9));
#11886=CARTESIAN_POINT('Origin',(43.2,-14.6,1.7));
#11887=CARTESIAN_POINT('',(43.2,-14.6,1.7));
#11888=CARTESIAN_POINT('Origin',(43.2,-14.6,1.7));
#11889=CARTESIAN_POINT('',(43.2,-14.6,1.7));
#11890=CARTESIAN_POINT('',(48.,-16.6,2.9));
#11891=CARTESIAN_POINT('Origin',(43.2,-14.6,0.));
#11892=CARTESIAN_POINT('Origin',(48.,-16.4855182944674,2.15461639941581));
#11893=CARTESIAN_POINT('Origin',(-1.19999999999997,-14.6,2.667));
#11894=CARTESIAN_POINT('',(-1.19999999999997,-16.6,3.253));
#11895=CARTESIAN_POINT('',(-1.19999999999997,-14.6,2.667));
#11896=CARTESIAN_POINT('',(-1.19999999999997,-16.6,3.253));
#11897=CARTESIAN_POINT('',(1.40000000000002,-16.6,3.253));
#11898=CARTESIAN_POINT('',(-1.79999999999998,-16.6,3.253));
#11899=CARTESIAN_POINT('',(1.40000000000002,-14.6,2.667));
#11900=CARTESIAN_POINT('',(1.40000000000002,-16.6,3.253));
#11901=CARTESIAN_POINT('',(-1.19999999999997,-14.6,2.667));
#11902=CARTESIAN_POINT('Origin',(-1.19999999999997,-15.4929653914463,2.56792520359044));
#11903=CARTESIAN_POINT('',(-1.19999999999997,-16.6,2.9));
#11904=CARTESIAN_POINT('',(-1.19999999999997,-14.6,1.7));
#11905=CARTESIAN_POINT('',(-1.19999999999998,-15.1197501888238,2.01185011329425));
#11906=CARTESIAN_POINT('',(-1.19999999999997,-16.6,2.73396260179522));
#11907=CARTESIAN_POINT('',(-1.19999999999997,-14.6,2.667));
#11908=CARTESIAN_POINT('Origin',(1.40000000000002,-15.4929653914463,2.56792520359044));
#11909=CARTESIAN_POINT('',(1.40000000000002,-14.6,1.7));
#11910=CARTESIAN_POINT('',(1.40000000000002,-16.6,2.9));
#11911=CARTESIAN_POINT('',(1.40000000000002,-15.1197501888238,2.01185011329425));
#11912=CARTESIAN_POINT('',(1.40000000000002,-14.6,2.667));
#11913=CARTESIAN_POINT('',(1.40000000000002,-16.6,2.73396260179522));
#11914=CARTESIAN_POINT('Origin',(-2.39999999999998,-16.6,2.9));
#11915=CARTESIAN_POINT('',(2.40000000000002,-16.6,2.9));
#11916=CARTESIAN_POINT('',(2.40000000000002,-16.6,5.));
#11917=CARTESIAN_POINT('',(-2.39999999999998,-16.6,2.9));
#11918=CARTESIAN_POINT('',(-2.39999999999998,-16.6,2.9));
#11919=CARTESIAN_POINT('Origin',(-2.39999999999998,-14.6,1.7));
#11920=CARTESIAN_POINT('',(-2.39999999999998,-14.6,1.7));
#11921=CARTESIAN_POINT('Origin',(-2.39999999999998,-14.6,1.7));
#11922=CARTESIAN_POINT('',(-2.39999999999998,-14.6,1.7));
#11923=CARTESIAN_POINT('',(2.40000000000002,-16.6,2.9));
#11924=CARTESIAN_POINT('Origin',(-2.39999999999998,-14.6,0.));
#11925=CARTESIAN_POINT('Origin',(2.40000000000002,-16.4855182944674,2.15461639941581));
#11926=CARTESIAN_POINT('',(2.40000000000002,-17.6,3.5773081997079));
#11927=CARTESIAN_POINT('Origin',(-53.,-17.6,5.));
#11928=CARTESIAN_POINT('',(-43.2,-17.6,3.5773081997079));
#11929=CARTESIAN_POINT('Origin',(-53.,-17.6,5.));
#11930=CARTESIAN_POINT('Origin',(-24.,-16.8,7.1));
#11931=CARTESIAN_POINT('',(-43.1,-16.6,7.1));
#11932=CARTESIAN_POINT('Origin',(-42.9,-16.8,7.1));
#11933=CARTESIAN_POINT('',(-48.1,-16.6,7.1));
#11934=CARTESIAN_POINT('',(-24.,-16.6,7.1));
#11935=CARTESIAN_POINT('Origin',(-48.3,-16.8,7.1));
#11936=CARTESIAN_POINT('Origin',(-21.55,-12.6,7.1));
#11937=CARTESIAN_POINT('',(-48.1,-12.8,7.1));
#11938=CARTESIAN_POINT('',(-43.1,-12.8,7.1));
#11939=CARTESIAN_POINT('',(-21.55,-12.8,7.1));
#11940=CARTESIAN_POINT('Origin',(-42.9,-12.6,7.1));
#11941=CARTESIAN_POINT('Origin',(-48.3,-12.6,7.1));
#11942=CARTESIAN_POINT('Origin',(-42.9,-8.30000000000003,7.1));
#11943=CARTESIAN_POINT('',(-43.1,-8.30000000000003,7.1));
#11944=CARTESIAN_POINT('Origin',(-48.3,-6.40000000000003,7.1));
#11945=CARTESIAN_POINT('',(-48.1,-6.40000000000003,7.1));
#11946=CARTESIAN_POINT('Origin',(-43.1,-16.6,5.));
#11947=CARTESIAN_POINT('',(-43.1,-12.8,5.2));
#11948=CARTESIAN_POINT('',(-43.1,-12.8,5.));
#11949=CARTESIAN_POINT('',(-43.1,-16.6,5.2));
#11950=CARTESIAN_POINT('',(-43.1,1.14999999999997,5.2));
#11951=CARTESIAN_POINT('',(-43.1,-16.6,5.));
#11952=CARTESIAN_POINT('Origin',(-43.1,-12.8,5.));
#11953=CARTESIAN_POINT('',(-48.1,-12.8,5.2));
#11954=CARTESIAN_POINT('',(-48.1,-12.8,5.));
#11955=CARTESIAN_POINT('',(-48.05,-12.8,5.2));
#11956=CARTESIAN_POINT('Origin',(-43.4,-14.8,0.2));
#11957=CARTESIAN_POINT('',(-43.2,-14.8,0.2));
#11958=CARTESIAN_POINT('Origin',(-43.4,-14.8,0.2));
#11959=CARTESIAN_POINT('',(-43.4,-14.6,0.2));
#11960=CARTESIAN_POINT('Origin',(-43.4,-14.8,0.2));
#11961=CARTESIAN_POINT('Origin',(-43.4,-14.8,0.2));
#11962=CARTESIAN_POINT('Origin',(-47.8,-14.8,0.2));
#11963=CARTESIAN_POINT('',(-48.,-14.8,0.2));
#11964=CARTESIAN_POINT('Origin',(-47.8,-14.8,0.2));
#11965=CARTESIAN_POINT('',(-47.8,-14.6,0.2));
#11966=CARTESIAN_POINT('Origin',(-47.8,-14.8,0.2));
#11967=CARTESIAN_POINT('Origin',(-47.8,-14.8,0.2));
#11968=CARTESIAN_POINT('Origin',(-47.8,-14.8,1.0773081997079));
#11969=CARTESIAN_POINT('',(-48.,-14.8,1.82));
#11970=CARTESIAN_POINT('',(-47.8,-14.6,1.7));
#11971=CARTESIAN_POINT('Origin',(-47.8,-14.8,1.82));
#11972=CARTESIAN_POINT('',(-47.8,-14.6,1.0773081997079));
#11973=CARTESIAN_POINT('',(-48.,-14.8,1.0773081997079));
#11974=CARTESIAN_POINT('Origin',(-24.,-14.8,0.2));
#11975=CARTESIAN_POINT('',(-24.,-14.6,0.2));
#11976=CARTESIAN_POINT('Origin',(-47.8,-8.24275914723371,0.2));
#11977=CARTESIAN_POINT('',(-48.,-8.24275914723371,0.2));
#11978=CARTESIAN_POINT('Origin',(-43.4,-14.8,1.0773081997079));
#11979=CARTESIAN_POINT('',(-43.4,-14.6,1.7));
#11980=CARTESIAN_POINT('',(-43.2,-14.8,1.82));
#11981=CARTESIAN_POINT('Origin',(-43.4,-14.8,1.82));
#11982=CARTESIAN_POINT('',(-43.2,-14.8,1.0773081997079));
#11983=CARTESIAN_POINT('',(-43.4,-14.6,1.0773081997079));
#11984=CARTESIAN_POINT('Origin',(-43.4,-8.24275914723371,0.2));
#11985=CARTESIAN_POINT('',(-43.2,-8.24275914723371,0.2));
#11986=CARTESIAN_POINT('Origin',(-48.,-16.4855182944674,2.15461639941581));
#11987=CARTESIAN_POINT('',(-48.,-17.6,3.5773081997079));
#11988=CARTESIAN_POINT('',(-48.,-16.6,2.9));
#11989=CARTESIAN_POINT('',(-48.,-16.6,5.));
#11990=CARTESIAN_POINT('',(-48.,-16.6,2.9));
#11991=CARTESIAN_POINT('Origin',(-48.3,3.04999999999997,5.2));
#11992=CARTESIAN_POINT('',(-48.1,-16.6,5.2));
#11993=CARTESIAN_POINT('',(-48.1,3.04999999999997,5.2));
#11994=CARTESIAN_POINT('Origin',(-48.3,-16.6,5.2));
#11995=CARTESIAN_POINT('Origin',(-48.3,-12.6,5.2));
#11996=CARTESIAN_POINT('Origin',(-48.05,-12.6,5.2));
#11997=CARTESIAN_POINT('Origin',(-42.9,-12.6,5.2));
#11998=CARTESIAN_POINT('Origin',(-42.9,1.14999999999997,5.2));
#11999=CARTESIAN_POINT('Origin',(-42.9,-16.6,5.2));
#12000=CARTESIAN_POINT('Origin',(-48.1,-12.8,5.));
#12001=CARTESIAN_POINT('',(-48.1,-16.6,5.));
#12002=CARTESIAN_POINT('Origin',(-46.8,-14.6,2.667));
#12003=CARTESIAN_POINT('',(-46.8,-16.6,3.253));
#12004=CARTESIAN_POINT('',(-46.8,-14.6,2.667));
#12005=CARTESIAN_POINT('',(-46.8,-16.6,3.253));
#12006=CARTESIAN_POINT('',(-44.2,-16.6,3.253));
#12007=CARTESIAN_POINT('',(-47.4,-16.6,3.253));
#12008=CARTESIAN_POINT('',(-44.2,-14.6,2.667));
#12009=CARTESIAN_POINT('',(-44.2,-16.6,3.253));
#12010=CARTESIAN_POINT('',(-46.8,-14.6,2.667));
#12011=CARTESIAN_POINT('Origin',(-46.8,-15.4929653914463,2.56792520359044));
#12012=CARTESIAN_POINT('',(-46.8,-16.6,2.9));
#12013=CARTESIAN_POINT('',(-46.8,-14.6,1.7));
#12014=CARTESIAN_POINT('',(-46.8,-15.1197501888238,2.01185011329425));
#12015=CARTESIAN_POINT('',(-46.8,-16.6,2.73396260179522));
#12016=CARTESIAN_POINT('',(-46.8,-14.6,2.667));
#12017=CARTESIAN_POINT('Origin',(-44.2,-15.4929653914463,2.56792520359044));
#12018=CARTESIAN_POINT('',(-44.2,-14.6,1.7));
#12019=CARTESIAN_POINT('',(-44.2,-16.6,2.9));
#12020=CARTESIAN_POINT('',(-44.2,-15.1197501888238,2.01185011329425));
#12021=CARTESIAN_POINT('',(-44.2,-14.6,2.667));
#12022=CARTESIAN_POINT('',(-44.2,-16.6,2.73396260179522));
#12023=CARTESIAN_POINT('Origin',(-48.,-16.6,2.9));
#12024=CARTESIAN_POINT('',(-43.2,-16.6,2.9));
#12025=CARTESIAN_POINT('',(-43.2,-16.6,5.));
#12026=CARTESIAN_POINT('',(-48.,-16.6,2.9));
#12027=CARTESIAN_POINT('',(-48.,-16.6,2.9));
#12028=CARTESIAN_POINT('Origin',(-48.,-14.6,1.7));
#12029=CARTESIAN_POINT('',(-48.,-14.6,1.7));
#12030=CARTESIAN_POINT('Origin',(-48.,-14.6,1.7));
#12031=CARTESIAN_POINT('',(-48.,-14.6,1.7));
#12032=CARTESIAN_POINT('',(-43.2,-16.6,2.9));
#12033=CARTESIAN_POINT('Origin',(-48.,-14.6,0.));
#12034=CARTESIAN_POINT('Origin',(-43.2,-16.4855182944674,2.15461639941581));
#12035=CARTESIAN_POINT('Origin',(-53.,-17.6,5.));
#12036=CARTESIAN_POINT('Origin',(5.24999999999999,36.5,7.3));
#12037=CARTESIAN_POINT('',(2.625,36.5,6.));
#12038=CARTESIAN_POINT('Origin',(-5.24999999999999,30.5,7.3));
#12039=CARTESIAN_POINT('',(-2.62499999999999,30.5,6.));
#12040=CARTESIAN_POINT('Origin',(4.44089209850063E-15,19.,6.));
#12041=CARTESIAN_POINT('',(-5.24999999999999,-7.10000000000002,6.));
#12042=CARTESIAN_POINT('Origin',(4.44089209850063E-15,19.,6.));
#12043=CARTESIAN_POINT('Origin',(-5.24999999999999,41.6,0.));
#12044=CARTESIAN_POINT('',(0.,41.6,2.));
#12045=CARTESIAN_POINT('Origin',(5.25000000000001,36.5,0.));
#12046=CARTESIAN_POINT('',(5.25,36.5,2.));
#12047=CARTESIAN_POINT('Origin',(5.24999999999999,45.1,2.));
#12048=CARTESIAN_POINT('',(2.625,25.3,2.));
#12049=CARTESIAN_POINT('Origin',(5.24999999999999,45.1,2.));
#12050=CARTESIAN_POINT('Origin',(7.25,25.3,0.));
#12051=CARTESIAN_POINT('',(7.25,43.1,5.));
#12052=CARTESIAN_POINT('',(7.25000000000001,43.1,0.));
#12053=CARTESIAN_POINT('',(7.25000000000001,22.1,5.));
#12054=CARTESIAN_POINT('',(7.25,27.3738903394256,1.));
#12055=CARTESIAN_POINT('',(7.25,35.5,2.5));
#12056=CARTESIAN_POINT('Origin',(5.25,25.3,0.));
#12057=CARTESIAN_POINT('Origin',(15.4,35.5,5.));
#12058=CARTESIAN_POINT('Origin',(26.1227806788511,29.4477806788512,1.));
#12059=CARTESIAN_POINT('',(51.2,23.9652181230885,1.));
#12060=CARTESIAN_POINT('Origin',(-53.,18.9,5.));
#12061=CARTESIAN_POINT('',(-51.2,31.1,5.));
#12062=CARTESIAN_POINT('',(-51.2,36.9456638918315,5.));
#12063=CARTESIAN_POINT('',(-49.7,32.6,5.));
#12064=CARTESIAN_POINT('Origin',(-51.2,32.6,5.));
#12065=CARTESIAN_POINT('',(-49.7,39.1,5.));
#12066=CARTESIAN_POINT('',(-49.7,29.75,5.));
#12067=CARTESIAN_POINT('Origin',(-51.2,39.1,5.));
#12068=CARTESIAN_POINT('Origin',(-26.1227806788512,29.4477806788512,1.));
#12069=CARTESIAN_POINT('',(-51.2,36.2738903394256,1.));
#12070=CARTESIAN_POINT('Origin',(-15.4,25.8,5.));
#12071=CARTESIAN_POINT('',(-51.2,25.8,2.5));
#12072=CARTESIAN_POINT('Origin',(17.2,27.3,5.));
#12073=CARTESIAN_POINT('',(51.2,27.3,5.));
#12074=CARTESIAN_POINT('',(-17.9,27.3,5.));
#12075=CARTESIAN_POINT('',(51.2,27.3,2.5));
#12076=CARTESIAN_POINT('Origin',(-53.,18.9,5.));
#12077=CARTESIAN_POINT('',(51.2,43.1,5.));
#12078=CARTESIAN_POINT('',(25.6,43.1,5.));
#12079=CARTESIAN_POINT('',(51.2,40.6,5.));
#12080=CARTESIAN_POINT('',(51.2,24.6369916754944,5.));
#12081=CARTESIAN_POINT('',(49.7,39.1,5.));
#12082=CARTESIAN_POINT('Origin',(51.2,39.1,5.));
#12083=CARTESIAN_POINT('',(49.7,32.6,5.));
#12084=CARTESIAN_POINT('',(49.7,25.,5.));
#12085=CARTESIAN_POINT('',(51.2,31.1,5.));
#12086=CARTESIAN_POINT('Origin',(51.2,32.6,5.));
#12087=CARTESIAN_POINT('',(51.2,24.6369916754944,5.));
#12088=CARTESIAN_POINT('Origin',(-5.24999999999999,-7.10000000000002,5.));
#12089=CARTESIAN_POINT('Origin',(51.2,43.1,0.));
#12090=CARTESIAN_POINT('',(51.2,43.1,0.));
#12091=CARTESIAN_POINT('Origin',(-51.2,39.1,5.));
#12092=CARTESIAN_POINT('',(-49.7,39.1,5.));
#12093=CARTESIAN_POINT('Origin',(-49.7,40.6,5.));
#12094=CARTESIAN_POINT('',(-49.7,32.6,5.));
#12095=CARTESIAN_POINT('Origin',(-51.2,32.6,5.));
#12096=CARTESIAN_POINT('',(-51.2,31.1,2.5));
#12097=CARTESIAN_POINT('Origin',(51.2,39.1,5.));
#12098=CARTESIAN_POINT('',(49.7,39.1,5.));
#12099=CARTESIAN_POINT('',(51.2,40.6,2.5));
#12100=CARTESIAN_POINT('Origin',(49.7,31.1,5.));
#12101=CARTESIAN_POINT('',(49.7,32.6,5.));
#12102=CARTESIAN_POINT('Origin',(51.2,32.6,5.));
#12103=CARTESIAN_POINT('',(51.2,31.1,2.5));
#12104=CARTESIAN_POINT('Origin',(51.2,18.4826555673259,0.));
#12105=CARTESIAN_POINT('Origin',(51.2,18.4826555673259,0.));
#12106=CARTESIAN_POINT('',(51.2,39.1,0.));
#12107=CARTESIAN_POINT('Origin',(-51.2,43.1,0.));
#12108=CARTESIAN_POINT('',(-51.2,32.6,0.));
#12109=CARTESIAN_POINT('Origin',(-53.,20.1,0.));
#12110=CARTESIAN_POINT('Origin',(53.,39.1,0.));
#12111=CARTESIAN_POINT('',(51.2,39.1,0.));
#12112=CARTESIAN_POINT('Origin',(-53.,32.6,0.));
#12113=CARTESIAN_POINT('Origin',(50.45,-35.85,3.));
#12114=CARTESIAN_POINT('',(51.2000000000495,3.72500000000435,3.));
#12115=CARTESIAN_POINT('Origin',(-50.4500000000495,-35.85,3.));
#12116=CARTESIAN_POINT('Origin',(-49.7000000000102,-32.6,4.7));
#12117=CARTESIAN_POINT('',(-48.3000000000102,-32.6,4.8));
#12118=CARTESIAN_POINT('',(-48.2000000000102,-32.6,4.7));
#12119=CARTESIAN_POINT('Origin',(-48.3000000000102,-32.6,4.7));
#12120=CARTESIAN_POINT('Origin',(-49.7000000000102,-32.6,4.7));
#12121=CARTESIAN_POINT('Origin',(-49.7000000000102,-32.6,4.8));
#12122=CARTESIAN_POINT('Origin',(-48.3000000000102,-38.225,4.7));
#12123=CARTESIAN_POINT('',(-48.3000000000102,-39.1,4.8));
#12124=CARTESIAN_POINT('',(-48.2000000000102,-39.1,4.7));
#12125=CARTESIAN_POINT('Origin',(-48.3000000000102,-39.1,4.7));
#12126=CARTESIAN_POINT('',(-48.2000000000102,-38.225,4.7));
#12127=CARTESIAN_POINT('',(-48.3000000000102,-38.225,4.8));
#12128=CARTESIAN_POINT('Origin',(-49.7000000000102,-39.1,4.7));
#12129=CARTESIAN_POINT('Origin',(-49.7000000000102,-39.1,4.7));
#12130=CARTESIAN_POINT('Origin',(-49.7000000000102,-39.1,4.8));
#12131=CARTESIAN_POINT('Origin',(-48.9500000000102,-35.85,4.8));
#12132=CARTESIAN_POINT('Origin',(49.7000000000102,-39.1,4.7));
#12133=CARTESIAN_POINT('',(48.3000000000102,-39.1,4.8));
#12134=CARTESIAN_POINT('',(48.2000000000102,-39.1,4.7));
#12135=CARTESIAN_POINT('Origin',(48.3000000000102,-39.1,4.7));
#12136=CARTESIAN_POINT('',(49.7000000000102,-40.6,4.7));
#12137=CARTESIAN_POINT('Origin',(49.7000000000102,-39.1,4.7));
#12138=CARTESIAN_POINT('',(49.7000000000102,-40.5,4.8));
#12139=CARTESIAN_POINT('Origin',(49.7000000000102,-40.5,4.7));
#12140=CARTESIAN_POINT('Origin',(49.7000000000102,-39.1,4.8));
#12141=CARTESIAN_POINT('Origin',(48.3000000000102,-33.475,4.7));
#12142=CARTESIAN_POINT('',(48.3000000000102,-32.6,4.8));
#12143=CARTESIAN_POINT('',(48.2000000000102,-32.6,4.7));
#12144=CARTESIAN_POINT('Origin',(48.3000000000102,-32.6,4.7));
#12145=CARTESIAN_POINT('',(48.2000000000102,-33.475,4.7));
#12146=CARTESIAN_POINT('',(48.3000000000102,-33.475,4.8));
#12147=CARTESIAN_POINT('Origin',(49.7000000000102,-32.6,4.7));
#12148=CARTESIAN_POINT('',(49.7000000000102,-31.2,4.8));
#12149=CARTESIAN_POINT('',(49.7000000000102,-31.1,4.7));
#12150=CARTESIAN_POINT('Origin',(49.7000000000102,-31.2,4.7));
#12151=CARTESIAN_POINT('Origin',(49.7000000000102,-32.6,4.7));
#12152=CARTESIAN_POINT('Origin',(49.7000000000102,-32.6,4.8));
#12153=CARTESIAN_POINT('Origin',(48.9500000000102,-35.85,4.8));
#12154=CARTESIAN_POINT('',(49.7000000000102,2.97500000002109,4.8));
#12155=CARTESIAN_POINT('Origin',(-39.1000000000102,-39.4000000000423,6.2));
#12156=CARTESIAN_POINT('',(-39.1000000000102,-39.3000000000423,6.2));
#12157=CARTESIAN_POINT('',(-39.1000000000102,-39.4000000000422,6.3));
#12158=CARTESIAN_POINT('Origin',(-39.1000000000102,-39.4000000000422,6.2));
#12159=CARTESIAN_POINT('',(-39.2000000000101,-39.4000000000423,6.2));
#12160=CARTESIAN_POINT('Origin',(-39.1000000000102,-39.4000000000423,6.2));
#12161=CARTESIAN_POINT('Origin',(-39.1000000000102,-39.4000000000422,6.2));
#12162=CARTESIAN_POINT('Origin',(-39.1000000000102,-39.4000000000423,1.8));
#12163=CARTESIAN_POINT('',(-39.1000000000102,-39.3000000000423,1.8));
#12164=CARTESIAN_POINT('',(-39.2000000000101,-39.4000000000423,1.8));
#12165=CARTESIAN_POINT('Origin',(-39.1000000000102,-39.4000000000423,1.8));
#12166=CARTESIAN_POINT('',(-39.2000000000101,-39.4000000000423,1.8));
#12167=CARTESIAN_POINT('',(-39.1000000000102,-39.3000000000423,1.8));
#12168=CARTESIAN_POINT('Origin',(-39.1000000000102,-39.9250000000423,6.2));
#12169=CARTESIAN_POINT('',(-39.1000000000102,-39.9250000000423,6.3));
#12170=CARTESIAN_POINT('',(-39.2000000000101,-39.9250000000423,6.2));
#12171=CARTESIAN_POINT('Origin',(-37.8000000000102,-39.4000000000422,6.2));
#12172=CARTESIAN_POINT('',(-37.7000000000101,-39.4000000000422,6.2));
#12173=CARTESIAN_POINT('',(-37.8000000000102,-39.4000000000422,6.3));
#12174=CARTESIAN_POINT('Origin',(-37.8000000000102,-39.4000000000422,6.2));
#12175=CARTESIAN_POINT('',(-37.8000000000102,-39.3000000000422,6.2));
#12176=CARTESIAN_POINT('Origin',(-37.8000000000102,-39.4000000000422,6.2));
#12177=CARTESIAN_POINT('Origin',(-37.8000000000102,-39.4000000000422,6.2));
#12178=CARTESIAN_POINT('Origin',(-37.8000000000102,-39.4000000000422,1.8));
#12179=CARTESIAN_POINT('',(-37.7000000000101,-39.4000000000422,1.8));
#12180=CARTESIAN_POINT('',(-37.8000000000102,-39.3000000000422,1.8));
#12181=CARTESIAN_POINT('Origin',(-37.8000000000102,-39.4000000000422,1.8));
#12182=CARTESIAN_POINT('',(-37.8000000000102,-39.3000000000422,1.8));
#12183=CARTESIAN_POINT('',(-37.7000000000101,-39.4000000000422,1.8));
#12184=CARTESIAN_POINT('Origin',(-38.0750000000101,-39.4000000000422,6.2));
#12185=CARTESIAN_POINT('',(-38.0750000000101,-39.4000000000422,6.3));
#12186=CARTESIAN_POINT('',(-38.0750000000101,-39.3000000000422,6.2));
#12187=CARTESIAN_POINT('Origin',(-37.8000000000102,-41.1750000000422,6.2));
#12188=CARTESIAN_POINT('',(-37.7000000000101,-41.1750000000422,6.2));
#12189=CARTESIAN_POINT('',(-37.8000000000102,-41.1750000000422,6.3));
#12190=CARTESIAN_POINT('Origin',(-37.7000000000101,-39.3000000000422,1.8));
#12191=CARTESIAN_POINT('',(-18.850000000005,-39.3000000000421,1.8));
#12192=CARTESIAN_POINT('Origin',(-37.7000000000101,-41.8000000000422,1.8));
#12193=CARTESIAN_POINT('',(-37.7000000000101,-36.2500000000422,1.8));
#12194=CARTESIAN_POINT('Origin',(-20.6000000000102,-39.4000000000422,6.2));
#12195=CARTESIAN_POINT('',(-20.6000000000102,-39.3000000000422,6.2));
#12196=CARTESIAN_POINT('',(-20.6000000000102,-39.4000000000422,6.3));
#12197=CARTESIAN_POINT('Origin',(-20.6000000000102,-39.4000000000422,6.2));
#12198=CARTESIAN_POINT('',(-20.7000000000102,-39.4000000000422,6.2));
#12199=CARTESIAN_POINT('Origin',(-20.6000000000102,-39.4000000000422,6.2));
#12200=CARTESIAN_POINT('Origin',(-20.6000000000102,-39.4000000000422,6.2));
#12201=CARTESIAN_POINT('Origin',(-20.6000000000102,-39.4000000000422,1.8));
#12202=CARTESIAN_POINT('',(-20.6000000000102,-39.3000000000422,1.8));
#12203=CARTESIAN_POINT('',(-20.7000000000102,-39.4000000000422,1.8));
#12204=CARTESIAN_POINT('Origin',(-20.6000000000102,-39.4000000000422,1.8));
#12205=CARTESIAN_POINT('',(-20.7000000000102,-39.4000000000422,1.8));
#12206=CARTESIAN_POINT('',(-20.6000000000102,-39.3000000000422,1.8));
#12207=CARTESIAN_POINT('Origin',(-20.6000000000102,-39.9250000000422,6.2));
#12208=CARTESIAN_POINT('',(-20.6000000000102,-39.9250000000422,6.3));
#12209=CARTESIAN_POINT('',(-20.7000000000102,-39.9250000000422,6.2));
#12210=CARTESIAN_POINT('Origin',(-19.3000000000102,-39.4000000000422,6.2));
#12211=CARTESIAN_POINT('',(-19.2000000000102,-39.4000000000422,6.2));
#12212=CARTESIAN_POINT('',(-19.3000000000102,-39.4000000000422,6.3));
#12213=CARTESIAN_POINT('Origin',(-19.3000000000102,-39.4000000000422,6.2));
#12214=CARTESIAN_POINT('',(-19.3000000000102,-39.3000000000422,6.2));
#12215=CARTESIAN_POINT('Origin',(-19.3000000000102,-39.4000000000422,6.2));
#12216=CARTESIAN_POINT('Origin',(-19.3000000000102,-39.4000000000422,6.2));
#12217=CARTESIAN_POINT('Origin',(-19.3000000000102,-39.4000000000422,1.8));
#12218=CARTESIAN_POINT('',(-19.2000000000102,-39.4000000000422,1.8));
#12219=CARTESIAN_POINT('',(-19.3000000000102,-39.3000000000422,1.8));
#12220=CARTESIAN_POINT('Origin',(-19.3000000000102,-39.4000000000422,1.8));
#12221=CARTESIAN_POINT('',(-19.3000000000102,-39.3000000000422,1.8));
#12222=CARTESIAN_POINT('',(-19.2000000000102,-39.4000000000422,1.8));
#12223=CARTESIAN_POINT('Origin',(-19.5750000000102,-39.4000000000422,6.2));
#12224=CARTESIAN_POINT('',(-19.5750000000102,-39.4000000000422,6.3));
#12225=CARTESIAN_POINT('',(-19.5750000000102,-39.3000000000422,6.2));
#12226=CARTESIAN_POINT('Origin',(-19.3000000000102,-41.1750000000422,6.2));
#12227=CARTESIAN_POINT('',(-19.2000000000102,-41.1750000000422,6.2));
#12228=CARTESIAN_POINT('',(-19.3000000000102,-41.1750000000422,6.3));
#12229=CARTESIAN_POINT('Origin',(-19.2000000000102,-39.3000000000422,1.8));
#12230=CARTESIAN_POINT('',(-9.60000000000506,-39.3000000000422,1.8));
#12231=CARTESIAN_POINT('Origin',(-19.2000000000102,-41.8000000000422,1.8));
#12232=CARTESIAN_POINT('',(-19.2000000000102,-36.2500000000422,1.8));
#12233=CARTESIAN_POINT('Origin',(39.1000000000102,-39.4000000000422,6.2));
#12234=CARTESIAN_POINT('',(39.2000000000102,-39.4000000000422,6.2));
#12235=CARTESIAN_POINT('',(39.1000000000102,-39.4000000000422,6.3));
#12236=CARTESIAN_POINT('Origin',(39.1000000000102,-39.4000000000422,6.2));
#12237=CARTESIAN_POINT('',(39.1000000000102,-39.3000000000422,6.2));
#12238=CARTESIAN_POINT('Origin',(39.1000000000102,-39.4000000000422,6.2));
#12239=CARTESIAN_POINT('Origin',(39.1000000000102,-39.4000000000422,6.2));
#12240=CARTESIAN_POINT('Origin',(39.1000000000102,-39.4000000000422,1.8));
#12241=CARTESIAN_POINT('',(39.2000000000102,-39.4000000000422,1.8));
#12242=CARTESIAN_POINT('',(39.1000000000102,-39.3000000000422,1.8));
#12243=CARTESIAN_POINT('Origin',(39.1000000000102,-39.4000000000422,1.8));
#12244=CARTESIAN_POINT('',(39.1000000000102,-39.3000000000422,1.8));
#12245=CARTESIAN_POINT('',(39.2000000000102,-39.4000000000422,1.8));
#12246=CARTESIAN_POINT('Origin',(37.8000000000102,-39.4000000000422,6.2));
#12247=CARTESIAN_POINT('',(37.8000000000102,-39.3000000000422,6.2));
#12248=CARTESIAN_POINT('',(37.8000000000102,-39.4000000000422,6.3));
#12249=CARTESIAN_POINT('Origin',(37.8000000000102,-39.4000000000422,6.2));
#12250=CARTESIAN_POINT('',(37.7000000000102,-39.4000000000422,6.2));
#12251=CARTESIAN_POINT('Origin',(37.8000000000102,-39.4000000000422,6.2));
#12252=CARTESIAN_POINT('Origin',(37.8000000000102,-39.4000000000422,6.2));
#12253=CARTESIAN_POINT('Origin',(37.8000000000102,-39.4000000000422,1.8));
#12254=CARTESIAN_POINT('',(37.8000000000102,-39.3000000000422,1.8));
#12255=CARTESIAN_POINT('',(37.7000000000102,-39.4000000000422,1.8));
#12256=CARTESIAN_POINT('Origin',(37.8000000000102,-39.4000000000422,1.8));
#12257=CARTESIAN_POINT('',(37.7000000000102,-39.4000000000422,1.8));
#12258=CARTESIAN_POINT('',(37.8000000000102,-39.3000000000422,1.8));
#12259=CARTESIAN_POINT('Origin',(37.8000000000102,-39.9250000000422,6.2));
#12260=CARTESIAN_POINT('',(37.8000000000102,-39.9250000000422,6.3));
#12261=CARTESIAN_POINT('',(37.7000000000102,-39.9250000000422,6.2));
#12262=CARTESIAN_POINT('Origin',(38.8250000000102,-39.4000000000422,6.2));
#12263=CARTESIAN_POINT('',(38.8250000000102,-39.4000000000422,6.3));
#12264=CARTESIAN_POINT('',(38.8250000000102,-39.3000000000422,6.2));
#12265=CARTESIAN_POINT('Origin',(39.1000000000102,-41.1750000000422,6.2));
#12266=CARTESIAN_POINT('',(39.2000000000102,-41.1750000000422,6.2));
#12267=CARTESIAN_POINT('',(39.1000000000102,-41.1750000000422,6.3));
#12268=CARTESIAN_POINT('Origin',(39.2000000000102,-39.3000000000422,1.8));
#12269=CARTESIAN_POINT('',(19.6000000000051,-39.3000000000421,1.8));
#12270=CARTESIAN_POINT('Origin',(39.2000000000102,-41.8000000000422,1.8));
#12271=CARTESIAN_POINT('',(39.2000000000102,-36.2500000000422,1.8));
#12272=CARTESIAN_POINT('Origin',(19.3000000000102,-39.4000000000422,6.2));
#12273=CARTESIAN_POINT('',(19.3000000000102,-39.3000000000422,6.2));
#12274=CARTESIAN_POINT('',(19.3000000000102,-39.4000000000422,6.3));
#12275=CARTESIAN_POINT('Origin',(19.3000000000102,-39.4000000000422,6.2));
#12276=CARTESIAN_POINT('',(19.2000000000102,-39.4000000000422,6.2));
#12277=CARTESIAN_POINT('Origin',(19.3000000000102,-39.4000000000422,6.2));
#12278=CARTESIAN_POINT('Origin',(19.3000000000102,-39.4000000000422,6.2));
#12279=CARTESIAN_POINT('Origin',(19.3000000000102,-39.4000000000422,1.8));
#12280=CARTESIAN_POINT('',(19.3000000000102,-39.3000000000422,1.8));
#12281=CARTESIAN_POINT('',(19.2000000000102,-39.4000000000422,1.8));
#12282=CARTESIAN_POINT('Origin',(19.3000000000102,-39.4000000000422,1.8));
#12283=CARTESIAN_POINT('',(19.2000000000102,-39.4000000000422,1.8));
#12284=CARTESIAN_POINT('',(19.3000000000102,-39.3000000000422,1.8));
#12285=CARTESIAN_POINT('Origin',(19.3000000000102,-39.9250000000422,6.2));
#12286=CARTESIAN_POINT('',(19.3000000000102,-39.9250000000422,6.3));
#12287=CARTESIAN_POINT('',(19.2000000000102,-39.9250000000422,6.2));
#12288=CARTESIAN_POINT('Origin',(20.6000000000102,-39.4000000000422,6.2));
#12289=CARTESIAN_POINT('',(20.7000000000102,-39.4000000000422,6.2));
#12290=CARTESIAN_POINT('',(20.6000000000102,-39.4000000000422,6.3));
#12291=CARTESIAN_POINT('Origin',(20.6000000000102,-39.4000000000422,6.2));
#12292=CARTESIAN_POINT('',(20.6000000000102,-39.3000000000422,6.2));
#12293=CARTESIAN_POINT('Origin',(20.6000000000102,-39.4000000000422,6.2));
#12294=CARTESIAN_POINT('Origin',(20.6000000000102,-39.4000000000422,6.2));
#12295=CARTESIAN_POINT('Origin',(20.6000000000102,-39.4000000000422,1.8));
#12296=CARTESIAN_POINT('',(20.7000000000102,-39.4000000000422,1.8));
#12297=CARTESIAN_POINT('',(20.6000000000102,-39.3000000000422,1.8));
#12298=CARTESIAN_POINT('Origin',(20.6000000000102,-39.4000000000422,1.8));
#12299=CARTESIAN_POINT('',(20.6000000000102,-39.3000000000422,1.8));
#12300=CARTESIAN_POINT('',(20.7000000000102,-39.4000000000422,1.8));
#12301=CARTESIAN_POINT('Origin',(20.3250000000102,-39.4000000000422,6.2));
#12302=CARTESIAN_POINT('',(20.3250000000102,-39.4000000000422,6.3));
#12303=CARTESIAN_POINT('',(20.3250000000102,-39.3000000000422,6.2));
#12304=CARTESIAN_POINT('Origin',(20.6000000000102,-41.1750000000422,6.2));
#12305=CARTESIAN_POINT('',(20.7000000000102,-41.1750000000422,6.2));
#12306=CARTESIAN_POINT('',(20.6000000000102,-41.1750000000422,6.3));
#12307=CARTESIAN_POINT('Origin',(20.7000000000102,-39.3000000000422,1.8));
#12308=CARTESIAN_POINT('',(10.3500000000051,-39.3000000000422,1.8));
#12309=CARTESIAN_POINT('Origin',(20.7000000000102,-41.8000000000422,1.8));
#12310=CARTESIAN_POINT('',(20.7000000000102,-36.2500000000422,1.8));
#12311=CARTESIAN_POINT('Origin',(49.7000000000102,-32.6,1.8));
#12312=CARTESIAN_POINT('',(49.7000000000102,-31.1,1.8));
#12313=CARTESIAN_POINT('',(49.7000000000102,-31.1,5.8));
#12314=CARTESIAN_POINT('',(48.2000000000102,-32.6,1.8));
#12315=CARTESIAN_POINT('Origin',(49.7000000000102,-32.6,1.8));
#12316=CARTESIAN_POINT('',(48.2000000000102,-32.6,1.8));
#12317=CARTESIAN_POINT('Origin',(48.2000000000102,-31.1,1.8));
#12318=CARTESIAN_POINT('',(48.2000000000102,-39.1,1.8));
#12319=CARTESIAN_POINT('',(48.2000000000102,-30.9000000000211,1.8));
#12320=CARTESIAN_POINT('',(48.2000000000102,-39.1,1.8));
#12321=CARTESIAN_POINT('Origin',(49.7000000000102,-39.1,1.8));
#12322=CARTESIAN_POINT('',(49.7000000000102,-40.6,1.8));
#12323=CARTESIAN_POINT('Origin',(49.7000000000102,-39.1,1.8));
#12324=CARTESIAN_POINT('',(49.7000000000102,-40.6,5.8));
#12325=CARTESIAN_POINT('Origin',(-49.7000000000102,-32.6,1.8));
#12326=CARTESIAN_POINT('',(-48.2000000000102,-32.6,1.8));
#12327=CARTESIAN_POINT('',(-48.2000000000102,-32.6,1.8));
#12328=CARTESIAN_POINT('Origin',(-49.7000000000102,-32.6,1.8));
#12329=CARTESIAN_POINT('Origin',(-48.2000000000102,-40.6,1.8));
#12330=CARTESIAN_POINT('',(-48.2000000000102,-39.1,1.8));
#12331=CARTESIAN_POINT('',(-48.2000000000102,-39.1,1.8));
#12332=CARTESIAN_POINT('',(-48.2000000000102,-35.6500000000211,1.8));
#12333=CARTESIAN_POINT('Origin',(-49.7000000000102,-39.1,1.8));
#12334=CARTESIAN_POINT('Origin',(-49.7000000000102,-39.1,1.8));
#12335=CARTESIAN_POINT('Origin',(8.88178419700125E-15,-30.7000000000422,
1.8));
#12336=CARTESIAN_POINT('',(-39.2000000000101,-35.0000000000422,1.8));
#12337=CARTESIAN_POINT('',(-20.7000000000102,-35.0000000000422,1.8));
#12338=CARTESIAN_POINT('Origin',(49.7000000000102,41.8000000000422,9.8));
#12339=CARTESIAN_POINT('',(49.7000000000102,41.8000000000422,9.8));
#12340=CARTESIAN_POINT('',(49.7000000000102,-41.8000000000422,1.8));
#12341=CARTESIAN_POINT('',(49.7000000000102,-41.8000000000422,1.8));
#12342=CARTESIAN_POINT('Origin',(-39.2000000000101,-39.3000000000423,1.8));
#12343=CARTESIAN_POINT('Origin',(-38.4500000000101,-40.5500000000422,6.3));
#12344=CARTESIAN_POINT('Origin',(37.7000000000102,-39.3000000000422,1.8));
#12345=CARTESIAN_POINT('',(37.7000000000102,-35.0000000000422,1.8));
#12346=CARTESIAN_POINT('Origin',(38.4500000000102,-40.5500000000422,6.3));
#12347=CARTESIAN_POINT('Origin',(19.2000000000102,-39.3000000000422,1.8));
#12348=CARTESIAN_POINT('',(19.2000000000102,-35.0000000000422,1.8));
#12349=CARTESIAN_POINT('Origin',(19.9500000000102,-40.5500000000422,6.3));
#12350=CARTESIAN_POINT('Origin',(-20.7000000000102,-39.3000000000422,1.8));
#12351=CARTESIAN_POINT('Origin',(-19.9500000000102,-40.5500000000422,6.3));
#12352=CARTESIAN_POINT('Origin',(8.88178419700125E-15,-30.7000000000422,
1.8));
#12353=CARTESIAN_POINT('Origin',(1.01989250378409E-11,-30.7000000000422,
6.8));
#12354=CARTESIAN_POINT('Origin',(51.2000000000495,-43.3000000000087,9.8));
#12355=CARTESIAN_POINT('Origin',(51.2000000000495,43.3000000000087,9.8));
#12356=CARTESIAN_POINT('Origin',(-49.7000000000102,41.8000000000422,9.8));
#12357=CARTESIAN_POINT('Origin',(53.,45.1,0.));
#12358=UNCERTAINTY_MEASURE_WITH_UNIT(LENGTH_MEASURE(0.01),#12362,
'DISTANCE_ACCURACY_VALUE',
'Maximum model space distance between geometric entities at asserted c
onnectivities');
#12359=UNCERTAINTY_MEASURE_WITH_UNIT(LENGTH_MEASURE(0.01),#12362,
'DISTANCE_ACCURACY_VALUE',
'Maximum model space distance between geometric entities at asserted c
onnectivities');
#12360=(
GEOMETRIC_REPRESENTATION_CONTEXT(3)
GLOBAL_UNCERTAINTY_ASSIGNED_CONTEXT((#12358))
GLOBAL_UNIT_ASSIGNED_CONTEXT((#12362,#12364,#12365))
REPRESENTATION_CONTEXT('','3D')
);
#12361=(
GEOMETRIC_REPRESENTATION_CONTEXT(3)
GLOBAL_UNCERTAINTY_ASSIGNED_CONTEXT((#12359))
GLOBAL_UNIT_ASSIGNED_CONTEXT((#12362,#12364,#12365))
REPRESENTATION_CONTEXT('','3D')
);
#12362=(
LENGTH_UNIT()
NAMED_UNIT(*)
SI_UNIT(.MILLI.,.METRE.)
);
#12363=(
LENGTH_UNIT()
NAMED_UNIT(*)
SI_UNIT(.CENTI.,.METRE.)
);
#12364=(
NAMED_UNIT(*)
PLANE_ANGLE_UNIT()
SI_UNIT($,.RADIAN.)
);
#12365=(
NAMED_UNIT(*)
SI_UNIT($,.STERADIAN.)
SOLID_ANGLE_UNIT()
);
#12366=SHAPE_DEFINITION_REPRESENTATION(#12367,#12368);
#12367=PRODUCT_DEFINITION_SHAPE('',$,#12370);
#12368=SHAPE_REPRESENTATION('',(#7270),#12360);
#12369=PRODUCT_DEFINITION_CONTEXT('part definition',#12374,'design');
#12370=PRODUCT_DEFINITION('D6MG \X2\043E0441043D043E04320430043D04380435\X0\',
'D6MG-base',#12371,#12369);
#12371=PRODUCT_DEFINITION_FORMATION('',$,#12376);
#12372=PRODUCT_RELATED_PRODUCT_CATEGORY('D6MG-base','D6MG-base',(#12376));
#12373=APPLICATION_PROTOCOL_DEFINITION('international standard',
'automotive_design',2009,#12374);
#12374=APPLICATION_CONTEXT(
'Core Data for Automotive Mechanical Design Process');
#12375=PRODUCT_CONTEXT('part definition',#12374,'mechanical');
#12376=PRODUCT('D6MG \X2\043E0441043D043E04320430043D04380435\X0\',
'D6MG-base',$,(#12375));
#12377=PRESENTATION_STYLE_ASSIGNMENT((#12380));
#12378=PRESENTATION_STYLE_ASSIGNMENT((#12381));
#12379=PRESENTATION_STYLE_ASSIGNMENT((#12382));
#12380=SURFACE_STYLE_USAGE(.BOTH.,#12389);
#12381=SURFACE_STYLE_USAGE(.BOTH.,#12390);
#12382=SURFACE_STYLE_USAGE(.BOTH.,#12391);
#12383=SURFACE_STYLE_RENDERING_WITH_PROPERTIES($,#12401,(#12386));
#12384=SURFACE_STYLE_RENDERING_WITH_PROPERTIES($,#12402,(#12387));
#12385=SURFACE_STYLE_RENDERING_WITH_PROPERTIES($,#12403,(#12388));
#12386=SURFACE_STYLE_TRANSPARENT(0.);
#12387=SURFACE_STYLE_TRANSPARENT(0.);
#12388=SURFACE_STYLE_TRANSPARENT(0.);
#12389=SURFACE_SIDE_STYLE('',(#12392,#12383));
#12390=SURFACE_SIDE_STYLE('',(#12393,#12384));
#12391=SURFACE_SIDE_STYLE('',(#12394,#12385));
#12392=SURFACE_STYLE_FILL_AREA(#12395);
#12393=SURFACE_STYLE_FILL_AREA(#12396);
#12394=SURFACE_STYLE_FILL_AREA(#12397);
#12395=FILL_AREA_STYLE('',(#12398));
#12396=FILL_AREA_STYLE('',(#12399));
#12397=FILL_AREA_STYLE('',(#12400));
#12398=FILL_AREA_STYLE_COLOUR('',#12401);
#12399=FILL_AREA_STYLE_COLOUR('',#12402);
#12400=FILL_AREA_STYLE_COLOUR('',#12403);
#12401=COLOUR_RGB('',0.749019607843137,0.749019607843137,0.749019607843137);
#12402=COLOUR_RGB('',1.,1.,1.);
#12403=COLOUR_RGB('',0.96078431372549,0.96078431372549,0.96078431372549);
ENDSEC;
END-ISO-10303-21;
