ISO-10303-21;
HEADER;
/* Generated by software containing ST-Developer
 * from STEP Tools, Inc. (www.steptools.com) 
 */

FILE_DESCRIPTION(
/* description */ (''),
/* implementation_level */ '2;1');

FILE_NAME(
/* name */ '15EDGVC-3.81-BEGIN.stp',
/* time_stamp */ '2026-08-09T02:32:24+03:00',
/* author */ ('murashkindv'),
/* organization */ (''),
/* preprocessor_version */ 'ST-DEVELOPER v19.2',
/* originating_system */ 'Autodesk Inventor 2024',
/* authorisation */ '');

FILE_SCHEMA (('AUTOMOTIVE_DESIGN { 1 0 10303 214 3 1 1 }'));
ENDSEC;

DATA;
#10=MECHANICAL_DESIGN_GEOMETRIC_PRESENTATION_REPRESENTATION('',(#6839,#6840,
#6841,#6842,#6843,#6844,#6845,#6846,#6847,#6848,#6849,#6850,#6851,#6852,
#6853,#6854,#6855,#6856,#6857,#6858,#6859,#6860,#6861,#6862,#6863,#6864,
#6865,#6866,#6867,#6868,#6869,#6870,#6871,#6872,#6873,#6874,#6875,#6876,
#6877,#6878,#6879,#6880,#6881,#6882,#6883,#6884,#6885,#6886,#6887,#6888,
#6889,#6890,#6891,#6892,#6893,#6894,#6895,#6896,#6897,#6898,#6899,#6900,
#6901,#6902,#6903,#6904,#6905,#6906,#6907,#6908,#6909,#6910,#6911,#6912,
#6913,#6914,#6915,#6916,#6917,#6918,#6919,#6920,#6921,#6922,#6923,#6924,
#6925,#6926,#6927,#6928,#6929,#6930,#6931,#6932,#6933,#6934,#6935,#6936,
#6937,#6938,#6939,#6940,#6941,#6942,#6943,#6944,#6945,#6946,#6947,#6948,
#6949,#6950,#6951,#6952,#6953,#6954,#6955,#6956,#6957,#6958,#6959,#6960,
#6961,#6962,#6963,#6964,#6965,#6966,#6967,#6968,#6969,#6970,#6971,#6972,
#6973,#6974,#6975,#6976,#6977,#6978,#6979,#6980,#6981,#6982,#6983,#6984,
#6985,#6986,#6987,#6988,#6989,#6990,#6991,#6992,#6993,#6994,#6995,#6996,
#6997,#6998,#6999,#7000,#7001,#7002,#7003,#7004,#7005,#7006,#7007,#7008,
#7009,#7010,#7011,#7012,#7013,#7014,#7015,#7016,#7017,#7018,#7019,#7020,
#7021,#7022,#7023,#7024,#7025,#7026,#7027,#7028,#7029,#7030,#7031,#7032,
#7033,#7034,#7035,#7036,#7037,#7038,#7039,#7040,#7041,#7042,#7043,#7044,
#7045,#7046,#7047,#7048,#7049,#7050,#7051,#7052,#7053,#7054,#7055,#7056,
#7057,#7058,#7059,#7060,#7061,#7062,#7063,#7064,#7065,#7066,#7067,#7068,
#7069,#7070,#7071,#7072,#7073,#7074,#7075,#7076,#7077,#7078,#7079,#7080,
#7081,#7082,#7083,#7084,#7085,#7086,#7087,#7088,#7089,#7090,#7091,#7092,
#7093,#7094,#7095,#7096,#7097,#7098,#7099,#7100,#7101,#7102,#7103,#7104,
#7105,#7106,#7107,#7108,#7109,#7110,#7111,#7112,#7113,#7114,#7115,#7116,
#7117,#7118,#7119,#7120,#7121,#7122,#7123,#7124,#7125,#7126,#7127,#7128,
#7129,#7130,#7131,#7132,#7133,#7134,#7135,#7136,#7137,#7138,#7139,#7140,
#7141,#7142,#7143,#7144,#7145,#7146,#7147,#7148,#7149,#7150,#7151,#7152,
#7153,#7154,#7155,#7156,#7157,#7158,#7159,#7160,#7161,#7162,#7163,#7164,
#7165,#7166,#7167,#7168,#7169,#7170,#7171,#7172,#7173,#7174,#7175,#7176,
#7177,#7178,#7179,#7180,#7181,#7182,#7183,#7184,#7185,#7186,#7187,#7188,
#7189,#7190,#7191,#7192,#7193,#7194,#7195,#7196),#11736);
#11=SHAPE_REPRESENTATION_RELATIONSHIP('SRR','None',#11743,#12);
#12=ADVANCED_BREP_SHAPE_REPRESENTATION('',(#13),#11735);
#13=MANIFOLD_SOLID_BREP('Begin',#7554);
#14=B_SPLINE_CURVE_WITH_KNOTS('',3,(#10339,#10340,#10341,#10342,#10343,
#10344,#10345,#10346,#10347,#10348,#10349),.UNSPECIFIED.,.F.,.F.,(4,2,3,
2,4),(-0.0772629499115613,-0.0602691995261138,0.,0.0602695256581784,0.0773077832395223),
 .UNSPECIFIED.);
#15=CONICAL_SURFACE('',#7609,1.49998414579,0.244980597274797);
#16=(
BOUNDED_CURVE()
B_SPLINE_CURVE(2,(#10331,#10332,#10333),.UNSPECIFIED.,.F.,.F.)
B_SPLINE_CURVE_WITH_KNOTS((3,3),(-0.177360817324742,-0.0953214567367249),
 .UNSPECIFIED.)
CURVE()
GEOMETRIC_REPRESENTATION_ITEM()
RATIONAL_B_SPLINE_CURVE((1.00000086693339,1.00000098387409,1.00000080714387))
REPRESENTATION_ITEM('')
);
#17=(
BOUNDED_CURVE()
B_SPLINE_CURVE(2,(#10336,#10337,#10338),.UNSPECIFIED.,.F.,.F.)
B_SPLINE_CURVE_WITH_KNOTS((3,3),(0.112023123268978,0.194060438833779),
 .UNSPECIFIED.)
CURVE()
GEOMETRIC_REPRESENTATION_ITEM()
RATIONAL_B_SPLINE_CURVE((1.00000086782776,1.0000009848894,1.0000008079896))
REPRESENTATION_ITEM('')
);
#18=CYLINDRICAL_SURFACE('',#7584,0.50000000076);
#19=CYLINDRICAL_SURFACE('',#7588,0.19999999878);
#20=CYLINDRICAL_SURFACE('',#7859,1.6000000004);
#21=CYLINDRICAL_SURFACE('',#7872,0.94999999992);
#22=FACE_BOUND('',#395,.T.);
#23=FACE_BOUND('',#397,.T.);
#24=FACE_BOUND('',#398,.T.);
#25=FACE_BOUND('',#399,.T.);
#26=FACE_BOUND('',#400,.T.);
#27=FACE_BOUND('',#401,.T.);
#28=FACE_BOUND('',#402,.T.);
#29=FACE_BOUND('',#403,.T.);
#30=FACE_BOUND('',#405,.T.);
#31=FACE_BOUND('',#672,.T.);
#32=FACE_BOUND('',#680,.T.);
#33=FACE_BOUND('',#685,.T.);
#34=FACE_BOUND('',#688,.T.);
#35=FACE_BOUND('',#751,.T.);
#36=FACE_OUTER_BOUND('',#393,.T.);
#37=FACE_OUTER_BOUND('',#394,.T.);
#38=FACE_OUTER_BOUND('',#396,.T.);
#39=FACE_OUTER_BOUND('',#404,.T.);
#40=FACE_OUTER_BOUND('',#406,.T.);
#41=FACE_OUTER_BOUND('',#407,.T.);
#42=FACE_OUTER_BOUND('',#408,.T.);
#43=FACE_OUTER_BOUND('',#409,.T.);
#44=FACE_OUTER_BOUND('',#410,.T.);
#45=FACE_OUTER_BOUND('',#411,.T.);
#46=FACE_OUTER_BOUND('',#412,.T.);
#47=FACE_OUTER_BOUND('',#413,.T.);
#48=FACE_OUTER_BOUND('',#414,.T.);
#49=FACE_OUTER_BOUND('',#415,.T.);
#50=FACE_OUTER_BOUND('',#416,.T.);
#51=FACE_OUTER_BOUND('',#417,.T.);
#52=FACE_OUTER_BOUND('',#418,.T.);
#53=FACE_OUTER_BOUND('',#419,.T.);
#54=FACE_OUTER_BOUND('',#420,.T.);
#55=FACE_OUTER_BOUND('',#421,.T.);
#56=FACE_OUTER_BOUND('',#422,.T.);
#57=FACE_OUTER_BOUND('',#423,.T.);
#58=FACE_OUTER_BOUND('',#424,.T.);
#59=FACE_OUTER_BOUND('',#425,.T.);
#60=FACE_OUTER_BOUND('',#426,.T.);
#61=FACE_OUTER_BOUND('',#427,.T.);
#62=FACE_OUTER_BOUND('',#428,.T.);
#63=FACE_OUTER_BOUND('',#429,.T.);
#64=FACE_OUTER_BOUND('',#430,.T.);
#65=FACE_OUTER_BOUND('',#431,.T.);
#66=FACE_OUTER_BOUND('',#432,.T.);
#67=FACE_OUTER_BOUND('',#433,.T.);
#68=FACE_OUTER_BOUND('',#434,.T.);
#69=FACE_OUTER_BOUND('',#435,.T.);
#70=FACE_OUTER_BOUND('',#436,.T.);
#71=FACE_OUTER_BOUND('',#437,.T.);
#72=FACE_OUTER_BOUND('',#438,.T.);
#73=FACE_OUTER_BOUND('',#439,.T.);
#74=FACE_OUTER_BOUND('',#440,.T.);
#75=FACE_OUTER_BOUND('',#441,.T.);
#76=FACE_OUTER_BOUND('',#442,.T.);
#77=FACE_OUTER_BOUND('',#443,.T.);
#78=FACE_OUTER_BOUND('',#444,.T.);
#79=FACE_OUTER_BOUND('',#445,.T.);
#80=FACE_OUTER_BOUND('',#446,.T.);
#81=FACE_OUTER_BOUND('',#447,.T.);
#82=FACE_OUTER_BOUND('',#448,.T.);
#83=FACE_OUTER_BOUND('',#449,.T.);
#84=FACE_OUTER_BOUND('',#450,.T.);
#85=FACE_OUTER_BOUND('',#451,.T.);
#86=FACE_OUTER_BOUND('',#452,.T.);
#87=FACE_OUTER_BOUND('',#453,.T.);
#88=FACE_OUTER_BOUND('',#454,.T.);
#89=FACE_OUTER_BOUND('',#455,.T.);
#90=FACE_OUTER_BOUND('',#456,.T.);
#91=FACE_OUTER_BOUND('',#457,.T.);
#92=FACE_OUTER_BOUND('',#458,.T.);
#93=FACE_OUTER_BOUND('',#459,.T.);
#94=FACE_OUTER_BOUND('',#460,.T.);
#95=FACE_OUTER_BOUND('',#461,.T.);
#96=FACE_OUTER_BOUND('',#462,.T.);
#97=FACE_OUTER_BOUND('',#463,.T.);
#98=FACE_OUTER_BOUND('',#464,.T.);
#99=FACE_OUTER_BOUND('',#465,.T.);
#100=FACE_OUTER_BOUND('',#466,.T.);
#101=FACE_OUTER_BOUND('',#467,.T.);
#102=FACE_OUTER_BOUND('',#468,.T.);
#103=FACE_OUTER_BOUND('',#469,.T.);
#104=FACE_OUTER_BOUND('',#470,.T.);
#105=FACE_OUTER_BOUND('',#471,.T.);
#106=FACE_OUTER_BOUND('',#472,.T.);
#107=FACE_OUTER_BOUND('',#473,.T.);
#108=FACE_OUTER_BOUND('',#474,.T.);
#109=FACE_OUTER_BOUND('',#475,.T.);
#110=FACE_OUTER_BOUND('',#476,.T.);
#111=FACE_OUTER_BOUND('',#477,.T.);
#112=FACE_OUTER_BOUND('',#478,.T.);
#113=FACE_OUTER_BOUND('',#479,.T.);
#114=FACE_OUTER_BOUND('',#480,.T.);
#115=FACE_OUTER_BOUND('',#481,.T.);
#116=FACE_OUTER_BOUND('',#482,.T.);
#117=FACE_OUTER_BOUND('',#483,.T.);
#118=FACE_OUTER_BOUND('',#484,.T.);
#119=FACE_OUTER_BOUND('',#485,.T.);
#120=FACE_OUTER_BOUND('',#486,.T.);
#121=FACE_OUTER_BOUND('',#487,.T.);
#122=FACE_OUTER_BOUND('',#488,.T.);
#123=FACE_OUTER_BOUND('',#489,.T.);
#124=FACE_OUTER_BOUND('',#490,.T.);
#125=FACE_OUTER_BOUND('',#491,.T.);
#126=FACE_OUTER_BOUND('',#492,.T.);
#127=FACE_OUTER_BOUND('',#493,.T.);
#128=FACE_OUTER_BOUND('',#494,.T.);
#129=FACE_OUTER_BOUND('',#495,.T.);
#130=FACE_OUTER_BOUND('',#496,.T.);
#131=FACE_OUTER_BOUND('',#497,.T.);
#132=FACE_OUTER_BOUND('',#498,.T.);
#133=FACE_OUTER_BOUND('',#499,.T.);
#134=FACE_OUTER_BOUND('',#500,.T.);
#135=FACE_OUTER_BOUND('',#501,.T.);
#136=FACE_OUTER_BOUND('',#502,.T.);
#137=FACE_OUTER_BOUND('',#503,.T.);
#138=FACE_OUTER_BOUND('',#504,.T.);
#139=FACE_OUTER_BOUND('',#505,.T.);
#140=FACE_OUTER_BOUND('',#506,.T.);
#141=FACE_OUTER_BOUND('',#507,.T.);
#142=FACE_OUTER_BOUND('',#508,.T.);
#143=FACE_OUTER_BOUND('',#509,.T.);
#144=FACE_OUTER_BOUND('',#510,.T.);
#145=FACE_OUTER_BOUND('',#511,.T.);
#146=FACE_OUTER_BOUND('',#512,.T.);
#147=FACE_OUTER_BOUND('',#513,.T.);
#148=FACE_OUTER_BOUND('',#514,.T.);
#149=FACE_OUTER_BOUND('',#515,.T.);
#150=FACE_OUTER_BOUND('',#516,.T.);
#151=FACE_OUTER_BOUND('',#517,.T.);
#152=FACE_OUTER_BOUND('',#518,.T.);
#153=FACE_OUTER_BOUND('',#519,.T.);
#154=FACE_OUTER_BOUND('',#520,.T.);
#155=FACE_OUTER_BOUND('',#521,.T.);
#156=FACE_OUTER_BOUND('',#522,.T.);
#157=FACE_OUTER_BOUND('',#523,.T.);
#158=FACE_OUTER_BOUND('',#524,.T.);
#159=FACE_OUTER_BOUND('',#525,.T.);
#160=FACE_OUTER_BOUND('',#526,.T.);
#161=FACE_OUTER_BOUND('',#527,.T.);
#162=FACE_OUTER_BOUND('',#528,.T.);
#163=FACE_OUTER_BOUND('',#529,.T.);
#164=FACE_OUTER_BOUND('',#530,.T.);
#165=FACE_OUTER_BOUND('',#531,.T.);
#166=FACE_OUTER_BOUND('',#532,.T.);
#167=FACE_OUTER_BOUND('',#533,.T.);
#168=FACE_OUTER_BOUND('',#534,.T.);
#169=FACE_OUTER_BOUND('',#535,.T.);
#170=FACE_OUTER_BOUND('',#536,.T.);
#171=FACE_OUTER_BOUND('',#537,.T.);
#172=FACE_OUTER_BOUND('',#538,.T.);
#173=FACE_OUTER_BOUND('',#539,.T.);
#174=FACE_OUTER_BOUND('',#540,.T.);
#175=FACE_OUTER_BOUND('',#541,.T.);
#176=FACE_OUTER_BOUND('',#542,.T.);
#177=FACE_OUTER_BOUND('',#543,.T.);
#178=FACE_OUTER_BOUND('',#544,.T.);
#179=FACE_OUTER_BOUND('',#545,.T.);
#180=FACE_OUTER_BOUND('',#546,.T.);
#181=FACE_OUTER_BOUND('',#547,.T.);
#182=FACE_OUTER_BOUND('',#548,.T.);
#183=FACE_OUTER_BOUND('',#549,.T.);
#184=FACE_OUTER_BOUND('',#550,.T.);
#185=FACE_OUTER_BOUND('',#551,.T.);
#186=FACE_OUTER_BOUND('',#552,.T.);
#187=FACE_OUTER_BOUND('',#553,.T.);
#188=FACE_OUTER_BOUND('',#554,.T.);
#189=FACE_OUTER_BOUND('',#555,.T.);
#190=FACE_OUTER_BOUND('',#556,.T.);
#191=FACE_OUTER_BOUND('',#557,.T.);
#192=FACE_OUTER_BOUND('',#558,.T.);
#193=FACE_OUTER_BOUND('',#559,.T.);
#194=FACE_OUTER_BOUND('',#560,.T.);
#195=FACE_OUTER_BOUND('',#561,.T.);
#196=FACE_OUTER_BOUND('',#562,.T.);
#197=FACE_OUTER_BOUND('',#563,.T.);
#198=FACE_OUTER_BOUND('',#564,.T.);
#199=FACE_OUTER_BOUND('',#565,.T.);
#200=FACE_OUTER_BOUND('',#566,.T.);
#201=FACE_OUTER_BOUND('',#567,.T.);
#202=FACE_OUTER_BOUND('',#568,.T.);
#203=FACE_OUTER_BOUND('',#569,.T.);
#204=FACE_OUTER_BOUND('',#570,.T.);
#205=FACE_OUTER_BOUND('',#571,.T.);
#206=FACE_OUTER_BOUND('',#572,.T.);
#207=FACE_OUTER_BOUND('',#573,.T.);
#208=FACE_OUTER_BOUND('',#574,.T.);
#209=FACE_OUTER_BOUND('',#575,.T.);
#210=FACE_OUTER_BOUND('',#576,.T.);
#211=FACE_OUTER_BOUND('',#577,.T.);
#212=FACE_OUTER_BOUND('',#578,.T.);
#213=FACE_OUTER_BOUND('',#579,.T.);
#214=FACE_OUTER_BOUND('',#580,.T.);
#215=FACE_OUTER_BOUND('',#581,.T.);
#216=FACE_OUTER_BOUND('',#582,.T.);
#217=FACE_OUTER_BOUND('',#583,.T.);
#218=FACE_OUTER_BOUND('',#584,.T.);
#219=FACE_OUTER_BOUND('',#585,.T.);
#220=FACE_OUTER_BOUND('',#586,.T.);
#221=FACE_OUTER_BOUND('',#587,.T.);
#222=FACE_OUTER_BOUND('',#588,.T.);
#223=FACE_OUTER_BOUND('',#589,.T.);
#224=FACE_OUTER_BOUND('',#590,.T.);
#225=FACE_OUTER_BOUND('',#591,.T.);
#226=FACE_OUTER_BOUND('',#592,.T.);
#227=FACE_OUTER_BOUND('',#593,.T.);
#228=FACE_OUTER_BOUND('',#594,.T.);
#229=FACE_OUTER_BOUND('',#595,.T.);
#230=FACE_OUTER_BOUND('',#596,.T.);
#231=FACE_OUTER_BOUND('',#597,.T.);
#232=FACE_OUTER_BOUND('',#598,.T.);
#233=FACE_OUTER_BOUND('',#599,.T.);
#234=FACE_OUTER_BOUND('',#600,.T.);
#235=FACE_OUTER_BOUND('',#601,.T.);
#236=FACE_OUTER_BOUND('',#602,.T.);
#237=FACE_OUTER_BOUND('',#603,.T.);
#238=FACE_OUTER_BOUND('',#604,.T.);
#239=FACE_OUTER_BOUND('',#605,.T.);
#240=FACE_OUTER_BOUND('',#606,.T.);
#241=FACE_OUTER_BOUND('',#607,.T.);
#242=FACE_OUTER_BOUND('',#608,.T.);
#243=FACE_OUTER_BOUND('',#609,.T.);
#244=FACE_OUTER_BOUND('',#610,.T.);
#245=FACE_OUTER_BOUND('',#611,.T.);
#246=FACE_OUTER_BOUND('',#612,.T.);
#247=FACE_OUTER_BOUND('',#613,.T.);
#248=FACE_OUTER_BOUND('',#614,.T.);
#249=FACE_OUTER_BOUND('',#615,.T.);
#250=FACE_OUTER_BOUND('',#616,.T.);
#251=FACE_OUTER_BOUND('',#617,.T.);
#252=FACE_OUTER_BOUND('',#618,.T.);
#253=FACE_OUTER_BOUND('',#619,.T.);
#254=FACE_OUTER_BOUND('',#620,.T.);
#255=FACE_OUTER_BOUND('',#621,.T.);
#256=FACE_OUTER_BOUND('',#622,.T.);
#257=FACE_OUTER_BOUND('',#623,.T.);
#258=FACE_OUTER_BOUND('',#624,.T.);
#259=FACE_OUTER_BOUND('',#625,.T.);
#260=FACE_OUTER_BOUND('',#626,.T.);
#261=FACE_OUTER_BOUND('',#627,.T.);
#262=FACE_OUTER_BOUND('',#628,.T.);
#263=FACE_OUTER_BOUND('',#629,.T.);
#264=FACE_OUTER_BOUND('',#630,.T.);
#265=FACE_OUTER_BOUND('',#631,.T.);
#266=FACE_OUTER_BOUND('',#632,.T.);
#267=FACE_OUTER_BOUND('',#633,.T.);
#268=FACE_OUTER_BOUND('',#634,.T.);
#269=FACE_OUTER_BOUND('',#635,.T.);
#270=FACE_OUTER_BOUND('',#636,.T.);
#271=FACE_OUTER_BOUND('',#637,.T.);
#272=FACE_OUTER_BOUND('',#638,.T.);
#273=FACE_OUTER_BOUND('',#639,.T.);
#274=FACE_OUTER_BOUND('',#640,.T.);
#275=FACE_OUTER_BOUND('',#641,.T.);
#276=FACE_OUTER_BOUND('',#642,.T.);
#277=FACE_OUTER_BOUND('',#643,.T.);
#278=FACE_OUTER_BOUND('',#644,.T.);
#279=FACE_OUTER_BOUND('',#645,.T.);
#280=FACE_OUTER_BOUND('',#646,.T.);
#281=FACE_OUTER_BOUND('',#647,.T.);
#282=FACE_OUTER_BOUND('',#648,.T.);
#283=FACE_OUTER_BOUND('',#649,.T.);
#284=FACE_OUTER_BOUND('',#650,.T.);
#285=FACE_OUTER_BOUND('',#651,.T.);
#286=FACE_OUTER_BOUND('',#652,.T.);
#287=FACE_OUTER_BOUND('',#653,.T.);
#288=FACE_OUTER_BOUND('',#654,.T.);
#289=FACE_OUTER_BOUND('',#655,.T.);
#290=FACE_OUTER_BOUND('',#656,.T.);
#291=FACE_OUTER_BOUND('',#657,.T.);
#292=FACE_OUTER_BOUND('',#658,.T.);
#293=FACE_OUTER_BOUND('',#659,.T.);
#294=FACE_OUTER_BOUND('',#660,.T.);
#295=FACE_OUTER_BOUND('',#661,.T.);
#296=FACE_OUTER_BOUND('',#662,.T.);
#297=FACE_OUTER_BOUND('',#663,.T.);
#298=FACE_OUTER_BOUND('',#664,.T.);
#299=FACE_OUTER_BOUND('',#665,.T.);
#300=FACE_OUTER_BOUND('',#666,.T.);
#301=FACE_OUTER_BOUND('',#667,.T.);
#302=FACE_OUTER_BOUND('',#668,.T.);
#303=FACE_OUTER_BOUND('',#669,.T.);
#304=FACE_OUTER_BOUND('',#670,.T.);
#305=FACE_OUTER_BOUND('',#671,.T.);
#306=FACE_OUTER_BOUND('',#673,.T.);
#307=FACE_OUTER_BOUND('',#674,.T.);
#308=FACE_OUTER_BOUND('',#675,.T.);
#309=FACE_OUTER_BOUND('',#676,.T.);
#310=FACE_OUTER_BOUND('',#677,.T.);
#311=FACE_OUTER_BOUND('',#678,.T.);
#312=FACE_OUTER_BOUND('',#679,.T.);
#313=FACE_OUTER_BOUND('',#681,.T.);
#314=FACE_OUTER_BOUND('',#682,.T.);
#315=FACE_OUTER_BOUND('',#683,.T.);
#316=FACE_OUTER_BOUND('',#684,.T.);
#317=FACE_OUTER_BOUND('',#686,.T.);
#318=FACE_OUTER_BOUND('',#687,.T.);
#319=FACE_OUTER_BOUND('',#689,.T.);
#320=FACE_OUTER_BOUND('',#690,.T.);
#321=FACE_OUTER_BOUND('',#691,.T.);
#322=FACE_OUTER_BOUND('',#692,.T.);
#323=FACE_OUTER_BOUND('',#693,.T.);
#324=FACE_OUTER_BOUND('',#694,.T.);
#325=FACE_OUTER_BOUND('',#695,.T.);
#326=FACE_OUTER_BOUND('',#696,.T.);
#327=FACE_OUTER_BOUND('',#697,.T.);
#328=FACE_OUTER_BOUND('',#698,.T.);
#329=FACE_OUTER_BOUND('',#699,.T.);
#330=FACE_OUTER_BOUND('',#700,.T.);
#331=FACE_OUTER_BOUND('',#701,.T.);
#332=FACE_OUTER_BOUND('',#702,.T.);
#333=FACE_OUTER_BOUND('',#703,.T.);
#334=FACE_OUTER_BOUND('',#704,.T.);
#335=FACE_OUTER_BOUND('',#705,.T.);
#336=FACE_OUTER_BOUND('',#706,.T.);
#337=FACE_OUTER_BOUND('',#707,.T.);
#338=FACE_OUTER_BOUND('',#708,.T.);
#339=FACE_OUTER_BOUND('',#709,.T.);
#340=FACE_OUTER_BOUND('',#710,.T.);
#341=FACE_OUTER_BOUND('',#711,.T.);
#342=FACE_OUTER_BOUND('',#712,.T.);
#343=FACE_OUTER_BOUND('',#713,.T.);
#344=FACE_OUTER_BOUND('',#714,.T.);
#345=FACE_OUTER_BOUND('',#715,.T.);
#346=FACE_OUTER_BOUND('',#716,.T.);
#347=FACE_OUTER_BOUND('',#717,.T.);
#348=FACE_OUTER_BOUND('',#718,.T.);
#349=FACE_OUTER_BOUND('',#719,.T.);
#350=FACE_OUTER_BOUND('',#720,.T.);
#351=FACE_OUTER_BOUND('',#721,.T.);
#352=FACE_OUTER_BOUND('',#722,.T.);
#353=FACE_OUTER_BOUND('',#723,.T.);
#354=FACE_OUTER_BOUND('',#724,.T.);
#355=FACE_OUTER_BOUND('',#725,.T.);
#356=FACE_OUTER_BOUND('',#726,.T.);
#357=FACE_OUTER_BOUND('',#727,.T.);
#358=FACE_OUTER_BOUND('',#728,.T.);
#359=FACE_OUTER_BOUND('',#729,.T.);
#360=FACE_OUTER_BOUND('',#730,.T.);
#361=FACE_OUTER_BOUND('',#731,.T.);
#362=FACE_OUTER_BOUND('',#732,.T.);
#363=FACE_OUTER_BOUND('',#733,.T.);
#364=FACE_OUTER_BOUND('',#734,.T.);
#365=FACE_OUTER_BOUND('',#735,.T.);
#366=FACE_OUTER_BOUND('',#736,.T.);
#367=FACE_OUTER_BOUND('',#737,.T.);
#368=FACE_OUTER_BOUND('',#738,.T.);
#369=FACE_OUTER_BOUND('',#739,.T.);
#370=FACE_OUTER_BOUND('',#740,.T.);
#371=FACE_OUTER_BOUND('',#741,.T.);
#372=FACE_OUTER_BOUND('',#742,.T.);
#373=FACE_OUTER_BOUND('',#743,.T.);
#374=FACE_OUTER_BOUND('',#744,.T.);
#375=FACE_OUTER_BOUND('',#745,.T.);
#376=FACE_OUTER_BOUND('',#746,.T.);
#377=FACE_OUTER_BOUND('',#747,.T.);
#378=FACE_OUTER_BOUND('',#748,.T.);
#379=FACE_OUTER_BOUND('',#749,.T.);
#380=FACE_OUTER_BOUND('',#750,.T.);
#381=FACE_OUTER_BOUND('',#752,.T.);
#382=FACE_OUTER_BOUND('',#753,.T.);
#383=FACE_OUTER_BOUND('',#754,.T.);
#384=FACE_OUTER_BOUND('',#755,.T.);
#385=FACE_OUTER_BOUND('',#756,.T.);
#386=FACE_OUTER_BOUND('',#757,.T.);
#387=FACE_OUTER_BOUND('',#758,.T.);
#388=FACE_OUTER_BOUND('',#759,.T.);
#389=FACE_OUTER_BOUND('',#760,.T.);
#390=FACE_OUTER_BOUND('',#761,.T.);
#391=FACE_OUTER_BOUND('',#762,.T.);
#392=FACE_OUTER_BOUND('',#763,.T.);
#393=EDGE_LOOP('',(#4461,#4462,#4463,#4464,#4465,#4466,#4467,#4468,#4469,
#4470));
#394=EDGE_LOOP('',(#4471,#4472,#4473,#4474));
#395=EDGE_LOOP('',(#4475,#4476,#4477,#4478,#4479,#4480,#4481,#4482,#4483,
#4484,#4485,#4486,#4487,#4488,#4489,#4490,#4491,#4492));
#396=EDGE_LOOP('',(#4493,#4494,#4495,#4496));
#397=EDGE_LOOP('',(#4497,#4498,#4499,#4500,#4501,#4502,#4503,#4504,#4505,
#4506,#4507,#4508,#4509,#4510,#4511,#4512,#4513,#4514,#4515,#4516,#4517,
#4518,#4519,#4520,#4521,#4522,#4523,#4524,#4525,#4526,#4527,#4528,#4529));
#398=EDGE_LOOP('',(#4530,#4531,#4532,#4533,#4534,#4535,#4536,#4537,#4538,
#4539));
#399=EDGE_LOOP('',(#4540,#4541,#4542,#4543,#4544,#4545,#4546,#4547,#4548,
#4549,#4550,#4551));
#400=EDGE_LOOP('',(#4552,#4553,#4554,#4555,#4556,#4557,#4558,#4559,#4560,
#4561,#4562,#4563,#4564,#4565,#4566,#4567,#4568,#4569,#4570,#4571,#4572,
#4573,#4574,#4575,#4576,#4577,#4578,#4579,#4580,#4581,#4582,#4583,#4584,
#4585,#4586,#4587,#4588,#4589,#4590,#4591,#4592,#4593,#4594,#4595,#4596,
#4597,#4598,#4599,#4600,#4601,#4602,#4603,#4604,#4605,#4606,#4607,#4608,
#4609,#4610,#4611,#4612,#4613,#4614,#4615,#4616,#4617,#4618,#4619,#4620,
#4621,#4622,#4623,#4624,#4625,#4626,#4627,#4628,#4629));
#401=EDGE_LOOP('',(#4630,#4631,#4632,#4633,#4634,#4635,#4636,#4637,#4638,
#4639,#4640,#4641,#4642,#4643,#4644,#4645,#4646,#4647,#4648,#4649,#4650,
#4651,#4652,#4653,#4654,#4655,#4656,#4657,#4658,#4659,#4660,#4661,#4662,
#4663,#4664,#4665));
#402=EDGE_LOOP('',(#4666,#4667,#4668,#4669,#4670,#4671,#4672,#4673,#4674,
#4675,#4676,#4677,#4678,#4679,#4680,#4681,#4682,#4683,#4684,#4685,#4686,
#4687,#4688,#4689,#4690,#4691,#4692,#4693,#4694,#4695,#4696,#4697,#4698,
#4699,#4700,#4701,#4702,#4703,#4704,#4705,#4706,#4707,#4708,#4709,#4710,
#4711,#4712,#4713,#4714,#4715,#4716,#4717,#4718,#4719,#4720,#4721,#4722,
#4723,#4724,#4725));
#403=EDGE_LOOP('',(#4726,#4727,#4728,#4729,#4730));
#404=EDGE_LOOP('',(#4731,#4732,#4733,#4734));
#405=EDGE_LOOP('',(#4735,#4736,#4737,#4738));
#406=EDGE_LOOP('',(#4739,#4740,#4741,#4742));
#407=EDGE_LOOP('',(#4743,#4744,#4745,#4746));
#408=EDGE_LOOP('',(#4747,#4748,#4749,#4750));
#409=EDGE_LOOP('',(#4751,#4752,#4753,#4754));
#410=EDGE_LOOP('',(#4755,#4756,#4757,#4758));
#411=EDGE_LOOP('',(#4759,#4760,#4761,#4762));
#412=EDGE_LOOP('',(#4763,#4764,#4765,#4766));
#413=EDGE_LOOP('',(#4767,#4768,#4769,#4770,#4771,#4772,#4773,#4774,#4775,
#4776));
#414=EDGE_LOOP('',(#4777,#4778,#4779,#4780,#4781));
#415=EDGE_LOOP('',(#4782,#4783,#4784,#4785));
#416=EDGE_LOOP('',(#4786,#4787,#4788,#4789,#4790));
#417=EDGE_LOOP('',(#4791,#4792,#4793,#4794,#4795,#4796,#4797,#4798,#4799));
#418=EDGE_LOOP('',(#4800,#4801,#4802,#4803));
#419=EDGE_LOOP('',(#4804,#4805,#4806,#4807));
#420=EDGE_LOOP('',(#4808,#4809,#4810,#4811));
#421=EDGE_LOOP('',(#4812,#4813,#4814,#4815));
#422=EDGE_LOOP('',(#4816,#4817,#4818,#4819,#4820,#4821,#4822,#4823));
#423=EDGE_LOOP('',(#4824,#4825,#4826,#4827));
#424=EDGE_LOOP('',(#4828,#4829,#4830,#4831));
#425=EDGE_LOOP('',(#4832,#4833,#4834,#4835));
#426=EDGE_LOOP('',(#4836,#4837,#4838,#4839));
#427=EDGE_LOOP('',(#4840,#4841,#4842,#4843,#4844));
#428=EDGE_LOOP('',(#4845,#4846,#4847,#4848));
#429=EDGE_LOOP('',(#4849,#4850,#4851,#4852));
#430=EDGE_LOOP('',(#4853,#4854,#4855,#4856));
#431=EDGE_LOOP('',(#4857,#4858,#4859,#4860));
#432=EDGE_LOOP('',(#4861,#4862,#4863,#4864));
#433=EDGE_LOOP('',(#4865,#4866,#4867,#4868));
#434=EDGE_LOOP('',(#4869,#4870,#4871,#4872));
#435=EDGE_LOOP('',(#4873,#4874,#4875,#4876));
#436=EDGE_LOOP('',(#4877,#4878,#4879,#4880));
#437=EDGE_LOOP('',(#4881,#4882,#4883,#4884));
#438=EDGE_LOOP('',(#4885,#4886,#4887,#4888));
#439=EDGE_LOOP('',(#4889,#4890,#4891,#4892));
#440=EDGE_LOOP('',(#4893,#4894,#4895,#4896));
#441=EDGE_LOOP('',(#4897,#4898,#4899,#4900));
#442=EDGE_LOOP('',(#4901,#4902,#4903,#4904));
#443=EDGE_LOOP('',(#4905,#4906,#4907,#4908));
#444=EDGE_LOOP('',(#4909,#4910,#4911,#4912));
#445=EDGE_LOOP('',(#4913,#4914,#4915,#4916));
#446=EDGE_LOOP('',(#4917,#4918,#4919,#4920));
#447=EDGE_LOOP('',(#4921,#4922,#4923,#4924));
#448=EDGE_LOOP('',(#4925,#4926,#4927,#4928));
#449=EDGE_LOOP('',(#4929,#4930,#4931,#4932));
#450=EDGE_LOOP('',(#4933,#4934,#4935,#4936));
#451=EDGE_LOOP('',(#4937,#4938,#4939,#4940));
#452=EDGE_LOOP('',(#4941,#4942,#4943,#4944));
#453=EDGE_LOOP('',(#4945,#4946,#4947,#4948));
#454=EDGE_LOOP('',(#4949,#4950,#4951,#4952));
#455=EDGE_LOOP('',(#4953,#4954,#4955,#4956));
#456=EDGE_LOOP('',(#4957,#4958,#4959,#4960));
#457=EDGE_LOOP('',(#4961,#4962,#4963,#4964));
#458=EDGE_LOOP('',(#4965,#4966,#4967,#4968));
#459=EDGE_LOOP('',(#4969,#4970,#4971,#4972));
#460=EDGE_LOOP('',(#4973,#4974,#4975,#4976));
#461=EDGE_LOOP('',(#4977,#4978,#4979,#4980));
#462=EDGE_LOOP('',(#4981,#4982,#4983,#4984));
#463=EDGE_LOOP('',(#4985,#4986,#4987,#4988));
#464=EDGE_LOOP('',(#4989,#4990,#4991,#4992));
#465=EDGE_LOOP('',(#4993,#4994,#4995,#4996));
#466=EDGE_LOOP('',(#4997,#4998,#4999,#5000));
#467=EDGE_LOOP('',(#5001,#5002,#5003,#5004));
#468=EDGE_LOOP('',(#5005,#5006,#5007,#5008));
#469=EDGE_LOOP('',(#5009,#5010,#5011,#5012));
#470=EDGE_LOOP('',(#5013,#5014,#5015,#5016));
#471=EDGE_LOOP('',(#5017,#5018,#5019,#5020));
#472=EDGE_LOOP('',(#5021,#5022,#5023,#5024));
#473=EDGE_LOOP('',(#5025,#5026,#5027,#5028));
#474=EDGE_LOOP('',(#5029,#5030,#5031,#5032));
#475=EDGE_LOOP('',(#5033,#5034,#5035,#5036));
#476=EDGE_LOOP('',(#5037,#5038,#5039,#5040));
#477=EDGE_LOOP('',(#5041,#5042,#5043,#5044));
#478=EDGE_LOOP('',(#5045,#5046,#5047,#5048));
#479=EDGE_LOOP('',(#5049,#5050,#5051,#5052));
#480=EDGE_LOOP('',(#5053,#5054,#5055,#5056));
#481=EDGE_LOOP('',(#5057,#5058,#5059,#5060));
#482=EDGE_LOOP('',(#5061,#5062,#5063,#5064));
#483=EDGE_LOOP('',(#5065,#5066,#5067,#5068));
#484=EDGE_LOOP('',(#5069,#5070,#5071,#5072));
#485=EDGE_LOOP('',(#5073,#5074,#5075,#5076));
#486=EDGE_LOOP('',(#5077,#5078,#5079,#5080));
#487=EDGE_LOOP('',(#5081,#5082,#5083,#5084));
#488=EDGE_LOOP('',(#5085,#5086,#5087,#5088));
#489=EDGE_LOOP('',(#5089,#5090,#5091,#5092));
#490=EDGE_LOOP('',(#5093,#5094,#5095,#5096));
#491=EDGE_LOOP('',(#5097,#5098,#5099,#5100));
#492=EDGE_LOOP('',(#5101,#5102,#5103,#5104));
#493=EDGE_LOOP('',(#5105,#5106,#5107,#5108));
#494=EDGE_LOOP('',(#5109,#5110,#5111,#5112));
#495=EDGE_LOOP('',(#5113,#5114,#5115,#5116));
#496=EDGE_LOOP('',(#5117,#5118,#5119,#5120));
#497=EDGE_LOOP('',(#5121,#5122,#5123,#5124));
#498=EDGE_LOOP('',(#5125,#5126,#5127,#5128));
#499=EDGE_LOOP('',(#5129,#5130,#5131,#5132));
#500=EDGE_LOOP('',(#5133,#5134,#5135,#5136));
#501=EDGE_LOOP('',(#5137,#5138,#5139,#5140));
#502=EDGE_LOOP('',(#5141,#5142,#5143,#5144));
#503=EDGE_LOOP('',(#5145,#5146,#5147,#5148));
#504=EDGE_LOOP('',(#5149,#5150,#5151,#5152));
#505=EDGE_LOOP('',(#5153,#5154,#5155,#5156));
#506=EDGE_LOOP('',(#5157,#5158,#5159,#5160));
#507=EDGE_LOOP('',(#5161,#5162,#5163,#5164));
#508=EDGE_LOOP('',(#5165,#5166,#5167,#5168));
#509=EDGE_LOOP('',(#5169,#5170,#5171,#5172));
#510=EDGE_LOOP('',(#5173,#5174,#5175,#5176));
#511=EDGE_LOOP('',(#5177,#5178,#5179,#5180));
#512=EDGE_LOOP('',(#5181,#5182,#5183,#5184));
#513=EDGE_LOOP('',(#5185,#5186,#5187,#5188));
#514=EDGE_LOOP('',(#5189,#5190,#5191,#5192));
#515=EDGE_LOOP('',(#5193,#5194,#5195,#5196));
#516=EDGE_LOOP('',(#5197,#5198,#5199,#5200));
#517=EDGE_LOOP('',(#5201,#5202,#5203,#5204));
#518=EDGE_LOOP('',(#5205,#5206,#5207,#5208));
#519=EDGE_LOOP('',(#5209,#5210,#5211,#5212));
#520=EDGE_LOOP('',(#5213,#5214,#5215,#5216));
#521=EDGE_LOOP('',(#5217,#5218,#5219,#5220));
#522=EDGE_LOOP('',(#5221,#5222,#5223,#5224));
#523=EDGE_LOOP('',(#5225,#5226,#5227,#5228));
#524=EDGE_LOOP('',(#5229,#5230,#5231,#5232));
#525=EDGE_LOOP('',(#5233,#5234,#5235,#5236));
#526=EDGE_LOOP('',(#5237,#5238,#5239,#5240));
#527=EDGE_LOOP('',(#5241,#5242,#5243,#5244));
#528=EDGE_LOOP('',(#5245,#5246,#5247,#5248));
#529=EDGE_LOOP('',(#5249,#5250,#5251,#5252));
#530=EDGE_LOOP('',(#5253,#5254,#5255,#5256));
#531=EDGE_LOOP('',(#5257,#5258,#5259,#5260));
#532=EDGE_LOOP('',(#5261,#5262,#5263,#5264));
#533=EDGE_LOOP('',(#5265,#5266,#5267,#5268));
#534=EDGE_LOOP('',(#5269,#5270,#5271,#5272));
#535=EDGE_LOOP('',(#5273,#5274,#5275,#5276));
#536=EDGE_LOOP('',(#5277,#5278,#5279,#5280));
#537=EDGE_LOOP('',(#5281,#5282,#5283,#5284));
#538=EDGE_LOOP('',(#5285,#5286,#5287,#5288));
#539=EDGE_LOOP('',(#5289,#5290,#5291,#5292));
#540=EDGE_LOOP('',(#5293,#5294,#5295,#5296));
#541=EDGE_LOOP('',(#5297,#5298,#5299,#5300));
#542=EDGE_LOOP('',(#5301,#5302,#5303,#5304));
#543=EDGE_LOOP('',(#5305,#5306,#5307,#5308));
#544=EDGE_LOOP('',(#5309,#5310,#5311,#5312));
#545=EDGE_LOOP('',(#5313,#5314,#5315,#5316));
#546=EDGE_LOOP('',(#5317,#5318,#5319,#5320));
#547=EDGE_LOOP('',(#5321,#5322,#5323,#5324));
#548=EDGE_LOOP('',(#5325,#5326,#5327,#5328));
#549=EDGE_LOOP('',(#5329,#5330,#5331,#5332));
#550=EDGE_LOOP('',(#5333,#5334,#5335,#5336));
#551=EDGE_LOOP('',(#5337,#5338,#5339,#5340));
#552=EDGE_LOOP('',(#5341,#5342,#5343,#5344));
#553=EDGE_LOOP('',(#5345,#5346,#5347,#5348));
#554=EDGE_LOOP('',(#5349,#5350,#5351,#5352));
#555=EDGE_LOOP('',(#5353,#5354,#5355,#5356));
#556=EDGE_LOOP('',(#5357,#5358,#5359,#5360));
#557=EDGE_LOOP('',(#5361,#5362,#5363,#5364));
#558=EDGE_LOOP('',(#5365,#5366,#5367,#5368));
#559=EDGE_LOOP('',(#5369,#5370,#5371,#5372));
#560=EDGE_LOOP('',(#5373,#5374,#5375,#5376));
#561=EDGE_LOOP('',(#5377,#5378,#5379,#5380));
#562=EDGE_LOOP('',(#5381,#5382,#5383,#5384));
#563=EDGE_LOOP('',(#5385,#5386,#5387,#5388));
#564=EDGE_LOOP('',(#5389,#5390,#5391,#5392));
#565=EDGE_LOOP('',(#5393,#5394,#5395,#5396));
#566=EDGE_LOOP('',(#5397,#5398,#5399,#5400));
#567=EDGE_LOOP('',(#5401,#5402,#5403,#5404));
#568=EDGE_LOOP('',(#5405,#5406,#5407,#5408));
#569=EDGE_LOOP('',(#5409,#5410,#5411,#5412));
#570=EDGE_LOOP('',(#5413,#5414,#5415,#5416));
#571=EDGE_LOOP('',(#5417,#5418,#5419,#5420));
#572=EDGE_LOOP('',(#5421,#5422,#5423,#5424));
#573=EDGE_LOOP('',(#5425,#5426,#5427,#5428));
#574=EDGE_LOOP('',(#5429,#5430,#5431,#5432));
#575=EDGE_LOOP('',(#5433,#5434,#5435,#5436));
#576=EDGE_LOOP('',(#5437,#5438,#5439,#5440));
#577=EDGE_LOOP('',(#5441,#5442,#5443,#5444));
#578=EDGE_LOOP('',(#5445,#5446,#5447,#5448));
#579=EDGE_LOOP('',(#5449,#5450,#5451,#5452));
#580=EDGE_LOOP('',(#5453,#5454,#5455,#5456));
#581=EDGE_LOOP('',(#5457,#5458,#5459,#5460));
#582=EDGE_LOOP('',(#5461,#5462,#5463,#5464));
#583=EDGE_LOOP('',(#5465,#5466,#5467,#5468));
#584=EDGE_LOOP('',(#5469,#5470,#5471,#5472));
#585=EDGE_LOOP('',(#5473,#5474,#5475,#5476));
#586=EDGE_LOOP('',(#5477,#5478,#5479,#5480));
#587=EDGE_LOOP('',(#5481,#5482,#5483,#5484));
#588=EDGE_LOOP('',(#5485,#5486,#5487,#5488));
#589=EDGE_LOOP('',(#5489,#5490,#5491,#5492));
#590=EDGE_LOOP('',(#5493,#5494,#5495,#5496));
#591=EDGE_LOOP('',(#5497,#5498,#5499,#5500));
#592=EDGE_LOOP('',(#5501,#5502,#5503,#5504));
#593=EDGE_LOOP('',(#5505,#5506,#5507,#5508));
#594=EDGE_LOOP('',(#5509,#5510,#5511,#5512));
#595=EDGE_LOOP('',(#5513,#5514,#5515,#5516));
#596=EDGE_LOOP('',(#5517,#5518,#5519,#5520));
#597=EDGE_LOOP('',(#5521,#5522,#5523,#5524));
#598=EDGE_LOOP('',(#5525,#5526,#5527,#5528));
#599=EDGE_LOOP('',(#5529,#5530,#5531,#5532));
#600=EDGE_LOOP('',(#5533,#5534,#5535,#5536));
#601=EDGE_LOOP('',(#5537,#5538,#5539,#5540));
#602=EDGE_LOOP('',(#5541,#5542,#5543,#5544));
#603=EDGE_LOOP('',(#5545,#5546,#5547,#5548));
#604=EDGE_LOOP('',(#5549,#5550,#5551,#5552));
#605=EDGE_LOOP('',(#5553,#5554,#5555,#5556));
#606=EDGE_LOOP('',(#5557,#5558,#5559,#5560));
#607=EDGE_LOOP('',(#5561,#5562,#5563,#5564));
#608=EDGE_LOOP('',(#5565,#5566,#5567,#5568));
#609=EDGE_LOOP('',(#5569,#5570,#5571,#5572));
#610=EDGE_LOOP('',(#5573,#5574,#5575,#5576));
#611=EDGE_LOOP('',(#5577,#5578,#5579,#5580));
#612=EDGE_LOOP('',(#5581,#5582,#5583,#5584));
#613=EDGE_LOOP('',(#5585,#5586,#5587,#5588));
#614=EDGE_LOOP('',(#5589,#5590,#5591,#5592));
#615=EDGE_LOOP('',(#5593,#5594,#5595,#5596));
#616=EDGE_LOOP('',(#5597,#5598,#5599,#5600));
#617=EDGE_LOOP('',(#5601,#5602,#5603,#5604));
#618=EDGE_LOOP('',(#5605,#5606,#5607,#5608));
#619=EDGE_LOOP('',(#5609,#5610,#5611,#5612));
#620=EDGE_LOOP('',(#5613,#5614,#5615,#5616));
#621=EDGE_LOOP('',(#5617,#5618,#5619,#5620));
#622=EDGE_LOOP('',(#5621,#5622,#5623,#5624));
#623=EDGE_LOOP('',(#5625,#5626,#5627,#5628));
#624=EDGE_LOOP('',(#5629,#5630,#5631,#5632));
#625=EDGE_LOOP('',(#5633,#5634,#5635,#5636));
#626=EDGE_LOOP('',(#5637,#5638,#5639,#5640));
#627=EDGE_LOOP('',(#5641,#5642,#5643,#5644));
#628=EDGE_LOOP('',(#5645,#5646,#5647,#5648));
#629=EDGE_LOOP('',(#5649,#5650,#5651,#5652));
#630=EDGE_LOOP('',(#5653,#5654,#5655,#5656));
#631=EDGE_LOOP('',(#5657,#5658,#5659,#5660));
#632=EDGE_LOOP('',(#5661,#5662,#5663,#5664));
#633=EDGE_LOOP('',(#5665,#5666,#5667,#5668));
#634=EDGE_LOOP('',(#5669,#5670,#5671,#5672));
#635=EDGE_LOOP('',(#5673,#5674,#5675,#5676));
#636=EDGE_LOOP('',(#5677,#5678,#5679,#5680));
#637=EDGE_LOOP('',(#5681,#5682,#5683,#5684));
#638=EDGE_LOOP('',(#5685,#5686,#5687,#5688));
#639=EDGE_LOOP('',(#5689,#5690,#5691,#5692));
#640=EDGE_LOOP('',(#5693,#5694,#5695,#5696));
#641=EDGE_LOOP('',(#5697,#5698,#5699,#5700));
#642=EDGE_LOOP('',(#5701,#5702,#5703,#5704));
#643=EDGE_LOOP('',(#5705,#5706,#5707,#5708));
#644=EDGE_LOOP('',(#5709,#5710,#5711,#5712));
#645=EDGE_LOOP('',(#5713,#5714,#5715,#5716));
#646=EDGE_LOOP('',(#5717,#5718,#5719,#5720));
#647=EDGE_LOOP('',(#5721,#5722,#5723,#5724));
#648=EDGE_LOOP('',(#5725,#5726,#5727,#5728));
#649=EDGE_LOOP('',(#5729,#5730,#5731,#5732));
#650=EDGE_LOOP('',(#5733,#5734,#5735,#5736));
#651=EDGE_LOOP('',(#5737,#5738,#5739,#5740));
#652=EDGE_LOOP('',(#5741,#5742,#5743,#5744));
#653=EDGE_LOOP('',(#5745,#5746,#5747,#5748));
#654=EDGE_LOOP('',(#5749,#5750,#5751,#5752));
#655=EDGE_LOOP('',(#5753,#5754,#5755,#5756));
#656=EDGE_LOOP('',(#5757,#5758,#5759,#5760));
#657=EDGE_LOOP('',(#5761,#5762,#5763,#5764));
#658=EDGE_LOOP('',(#5765,#5766,#5767,#5768));
#659=EDGE_LOOP('',(#5769,#5770,#5771,#5772));
#660=EDGE_LOOP('',(#5773,#5774,#5775,#5776));
#661=EDGE_LOOP('',(#5777,#5778,#5779,#5780));
#662=EDGE_LOOP('',(#5781,#5782,#5783,#5784));
#663=EDGE_LOOP('',(#5785,#5786,#5787,#5788));
#664=EDGE_LOOP('',(#5789,#5790,#5791,#5792));
#665=EDGE_LOOP('',(#5793,#5794,#5795,#5796));
#666=EDGE_LOOP('',(#5797,#5798,#5799,#5800));
#667=EDGE_LOOP('',(#5801,#5802,#5803,#5804));
#668=EDGE_LOOP('',(#5805,#5806,#5807,#5808));
#669=EDGE_LOOP('',(#5809,#5810,#5811,#5812));
#670=EDGE_LOOP('',(#5813,#5814,#5815,#5816));
#671=EDGE_LOOP('',(#5817,#5818,#5819,#5820,#5821,#5822,#5823,#5824,#5825,
#5826,#5827,#5828,#5829,#5830,#5831,#5832,#5833,#5834));
#672=EDGE_LOOP('',(#5835));
#673=EDGE_LOOP('',(#5836,#5837,#5838,#5839));
#674=EDGE_LOOP('',(#5840,#5841,#5842,#5843));
#675=EDGE_LOOP('',(#5844,#5845,#5846,#5847));
#676=EDGE_LOOP('',(#5848,#5849,#5850,#5851));
#677=EDGE_LOOP('',(#5852,#5853,#5854,#5855));
#678=EDGE_LOOP('',(#5856,#5857,#5858,#5859));
#679=EDGE_LOOP('',(#5860,#5861,#5862,#5863,#5864,#5865,#5866,#5867,#5868,
#5869,#5870,#5871,#5872,#5873,#5874,#5875,#5876,#5877,#5878,#5879,#5880,
#5881,#5882,#5883,#5884,#5885,#5886,#5887,#5888,#5889,#5890,#5891,#5892));
#680=EDGE_LOOP('',(#5893,#5894,#5895,#5896,#5897,#5898,#5899,#5900,#5901,
#5902,#5903,#5904,#5905,#5906,#5907,#5908,#5909,#5910,#5911,#5912,#5913,
#5914,#5915,#5916));
#681=EDGE_LOOP('',(#5917,#5918,#5919,#5920,#5921,#5922,#5923,#5924,#5925,
#5926));
#682=EDGE_LOOP('',(#5927,#5928,#5929,#5930,#5931,#5932,#5933,#5934,#5935,
#5936,#5937,#5938));
#683=EDGE_LOOP('',(#5939,#5940,#5941,#5942,#5943,#5944,#5945,#5946,#5947,
#5948,#5949,#5950,#5951,#5952,#5953,#5954,#5955,#5956,#5957,#5958,#5959,
#5960,#5961,#5962,#5963,#5964,#5965,#5966,#5967,#5968,#5969,#5970,#5971,
#5972,#5973,#5974,#5975,#5976,#5977,#5978,#5979,#5980,#5981,#5982,#5983,
#5984,#5985,#5986,#5987,#5988,#5989,#5990,#5991,#5992,#5993,#5994,#5995,
#5996,#5997,#5998,#5999,#6000,#6001,#6002,#6003,#6004,#6005,#6006,#6007,
#6008,#6009,#6010,#6011,#6012,#6013,#6014,#6015,#6016));
#684=EDGE_LOOP('',(#6017,#6018,#6019,#6020,#6021,#6022,#6023,#6024,#6025,
#6026,#6027,#6028,#6029,#6030,#6031,#6032,#6033,#6034,#6035,#6036,#6037,
#6038,#6039,#6040,#6041,#6042,#6043,#6044,#6045,#6046,#6047,#6048,#6049,
#6050,#6051,#6052));
#685=EDGE_LOOP('',(#6053,#6054,#6055,#6056,#6057,#6058,#6059,#6060,#6061,
#6062,#6063,#6064,#6065,#6066,#6067,#6068,#6069,#6070,#6071,#6072,#6073,
#6074,#6075,#6076,#6077,#6078,#6079));
#686=EDGE_LOOP('',(#6080,#6081,#6082,#6083,#6084,#6085,#6086,#6087,#6088,
#6089,#6090,#6091,#6092,#6093,#6094,#6095,#6096,#6097,#6098,#6099,#6100,
#6101,#6102,#6103,#6104,#6105,#6106,#6107,#6108,#6109,#6110,#6111,#6112,
#6113,#6114,#6115,#6116,#6117,#6118,#6119,#6120,#6121,#6122,#6123,#6124,
#6125,#6126,#6127,#6128,#6129,#6130,#6131,#6132,#6133,#6134,#6135,#6136,
#6137,#6138,#6139));
#687=EDGE_LOOP('',(#6140,#6141,#6142,#6143,#6144));
#688=EDGE_LOOP('',(#6145,#6146,#6147));
#689=EDGE_LOOP('',(#6148,#6149,#6150,#6151));
#690=EDGE_LOOP('',(#6152,#6153,#6154,#6155));
#691=EDGE_LOOP('',(#6156,#6157,#6158,#6159));
#692=EDGE_LOOP('',(#6160,#6161,#6162,#6163));
#693=EDGE_LOOP('',(#6164,#6165,#6166,#6167));
#694=EDGE_LOOP('',(#6168,#6169,#6170,#6171));
#695=EDGE_LOOP('',(#6172,#6173,#6174,#6175));
#696=EDGE_LOOP('',(#6176,#6177,#6178,#6179));
#697=EDGE_LOOP('',(#6180,#6181,#6182,#6183));
#698=EDGE_LOOP('',(#6184,#6185,#6186,#6187));
#699=EDGE_LOOP('',(#6188,#6189,#6190,#6191));
#700=EDGE_LOOP('',(#6192,#6193,#6194,#6195));
#701=EDGE_LOOP('',(#6196,#6197,#6198,#6199));
#702=EDGE_LOOP('',(#6200,#6201,#6202,#6203));
#703=EDGE_LOOP('',(#6204,#6205,#6206,#6207));
#704=EDGE_LOOP('',(#6208,#6209,#6210,#6211));
#705=EDGE_LOOP('',(#6212,#6213,#6214,#6215));
#706=EDGE_LOOP('',(#6216,#6217,#6218,#6219));
#707=EDGE_LOOP('',(#6220,#6221,#6222,#6223));
#708=EDGE_LOOP('',(#6224,#6225,#6226,#6227));
#709=EDGE_LOOP('',(#6228,#6229,#6230,#6231));
#710=EDGE_LOOP('',(#6232,#6233,#6234,#6235));
#711=EDGE_LOOP('',(#6236,#6237,#6238,#6239));
#712=EDGE_LOOP('',(#6240,#6241,#6242,#6243));
#713=EDGE_LOOP('',(#6244,#6245,#6246,#6247));
#714=EDGE_LOOP('',(#6248,#6249,#6250,#6251));
#715=EDGE_LOOP('',(#6252,#6253,#6254,#6255));
#716=EDGE_LOOP('',(#6256,#6257,#6258,#6259));
#717=EDGE_LOOP('',(#6260,#6261,#6262,#6263));
#718=EDGE_LOOP('',(#6264,#6265,#6266,#6267));
#719=EDGE_LOOP('',(#6268,#6269,#6270,#6271));
#720=EDGE_LOOP('',(#6272,#6273,#6274,#6275));
#721=EDGE_LOOP('',(#6276,#6277,#6278,#6279));
#722=EDGE_LOOP('',(#6280,#6281,#6282,#6283));
#723=EDGE_LOOP('',(#6284,#6285,#6286,#6287));
#724=EDGE_LOOP('',(#6288,#6289,#6290,#6291));
#725=EDGE_LOOP('',(#6292,#6293,#6294,#6295));
#726=EDGE_LOOP('',(#6296,#6297,#6298,#6299));
#727=EDGE_LOOP('',(#6300,#6301,#6302,#6303));
#728=EDGE_LOOP('',(#6304,#6305,#6306,#6307));
#729=EDGE_LOOP('',(#6308,#6309,#6310,#6311));
#730=EDGE_LOOP('',(#6312,#6313,#6314,#6315));
#731=EDGE_LOOP('',(#6316,#6317,#6318,#6319));
#732=EDGE_LOOP('',(#6320,#6321,#6322,#6323));
#733=EDGE_LOOP('',(#6324,#6325,#6326,#6327));
#734=EDGE_LOOP('',(#6328,#6329,#6330,#6331));
#735=EDGE_LOOP('',(#6332,#6333,#6334,#6335));
#736=EDGE_LOOP('',(#6336,#6337,#6338,#6339));
#737=EDGE_LOOP('',(#6340,#6341,#6342,#6343));
#738=EDGE_LOOP('',(#6344,#6345,#6346,#6347));
#739=EDGE_LOOP('',(#6348,#6349,#6350,#6351));
#740=EDGE_LOOP('',(#6352,#6353,#6354,#6355));
#741=EDGE_LOOP('',(#6356,#6357,#6358,#6359));
#742=EDGE_LOOP('',(#6360,#6361,#6362,#6363));
#743=EDGE_LOOP('',(#6364,#6365,#6366,#6367));
#744=EDGE_LOOP('',(#6368,#6369,#6370,#6371));
#745=EDGE_LOOP('',(#6372,#6373,#6374,#6375));
#746=EDGE_LOOP('',(#6376,#6377,#6378,#6379));
#747=EDGE_LOOP('',(#6380,#6381,#6382,#6383));
#748=EDGE_LOOP('',(#6384,#6385,#6386,#6387));
#749=EDGE_LOOP('',(#6388,#6389,#6390,#6391));
#750=EDGE_LOOP('',(#6392));
#751=EDGE_LOOP('',(#6393,#6394,#6395,#6396));
#752=EDGE_LOOP('',(#6397,#6398,#6399,#6400,#6401,#6402,#6403,#6404,#6405,
#6406,#6407,#6408,#6409,#6410,#6411,#6412,#6413,#6414,#6415,#6416,#6417,
#6418,#6419,#6420));
#753=EDGE_LOOP('',(#6421,#6422,#6423,#6424,#6425,#6426,#6427,#6428,#6429,
#6430,#6431,#6432,#6433,#6434,#6435,#6436,#6437,#6438,#6439,#6440,#6441,
#6442,#6443,#6444,#6445,#6446,#6447));
#754=EDGE_LOOP('',(#6448,#6449,#6450));
#755=EDGE_LOOP('',(#6451,#6452,#6453,#6454));
#756=EDGE_LOOP('',(#6455,#6456,#6457,#6458));
#757=EDGE_LOOP('',(#6459,#6460,#6461,#6462));
#758=EDGE_LOOP('',(#6463,#6464,#6465,#6466));
#759=EDGE_LOOP('',(#6467,#6468,#6469,#6470));
#760=EDGE_LOOP('',(#6471,#6472,#6473,#6474));
#761=EDGE_LOOP('',(#6475,#6476,#6477,#6478));
#762=EDGE_LOOP('',(#6479,#6480,#6481,#6482));
#763=EDGE_LOOP('',(#6483,#6484,#6485,#6486));
#764=CIRCLE('',#7578,0.50000000076);
#765=CIRCLE('',#7579,0.19999999878);
#766=CIRCLE('',#7581,1.399982226518);
#767=CIRCLE('',#7585,0.50000000076);
#768=CIRCLE('',#7589,0.19999999878);
#769=CIRCLE('',#7852,1.6000000004);
#770=CIRCLE('',#7853,0.94999999992);
#771=CIRCLE('',#7873,0.94999999992);
#772=LINE('',#9680,#1774);
#773=LINE('',#9682,#1775);
#774=LINE('',#9684,#1776);
#775=LINE('',#9688,#1777);
#776=LINE('',#9690,#1778);
#777=LINE('',#9694,#1779);
#778=LINE('',#9696,#1780);
#779=LINE('',#9697,#1781);
#780=LINE('',#9700,#1782);
#781=LINE('',#9702,#1783);
#782=LINE('',#9703,#1784);
#783=LINE('',#9706,#1785);
#784=LINE('',#9708,#1786);
#785=LINE('',#9710,#1787);
#786=LINE('',#9712,#1788);
#787=LINE('',#9714,#1789);
#788=LINE('',#9716,#1790);
#789=LINE('',#9718,#1791);
#790=LINE('',#9720,#1792);
#791=LINE('',#9722,#1793);
#792=LINE('',#9724,#1794);
#793=LINE('',#9726,#1795);
#794=LINE('',#9728,#1796);
#795=LINE('',#9730,#1797);
#796=LINE('',#9732,#1798);
#797=LINE('',#9734,#1799);
#798=LINE('',#9738,#1800);
#799=LINE('',#9739,#1801);
#800=LINE('',#9742,#1802);
#801=LINE('',#9743,#1803);
#802=LINE('',#9746,#1804);
#803=LINE('',#9748,#1805);
#804=LINE('',#9750,#1806);
#805=LINE('',#9752,#1807);
#806=LINE('',#9754,#1808);
#807=LINE('',#9756,#1809);
#808=LINE('',#9758,#1810);
#809=LINE('',#9760,#1811);
#810=LINE('',#9762,#1812);
#811=LINE('',#9764,#1813);
#812=LINE('',#9766,#1814);
#813=LINE('',#9768,#1815);
#814=LINE('',#9770,#1816);
#815=LINE('',#9772,#1817);
#816=LINE('',#9774,#1818);
#817=LINE('',#9776,#1819);
#818=LINE('',#9778,#1820);
#819=LINE('',#9780,#1821);
#820=LINE('',#9782,#1822);
#821=LINE('',#9784,#1823);
#822=LINE('',#9786,#1824);
#823=LINE('',#9788,#1825);
#824=LINE('',#9790,#1826);
#825=LINE('',#9792,#1827);
#826=LINE('',#9794,#1828);
#827=LINE('',#9796,#1829);
#828=LINE('',#9798,#1830);
#829=LINE('',#9800,#1831);
#830=LINE('',#9802,#1832);
#831=LINE('',#9804,#1833);
#832=LINE('',#9806,#1834);
#833=LINE('',#9808,#1835);
#834=LINE('',#9809,#1836);
#835=LINE('',#9812,#1837);
#836=LINE('',#9814,#1838);
#837=LINE('',#9816,#1839);
#838=LINE('',#9818,#1840);
#839=LINE('',#9820,#1841);
#840=LINE('',#9822,#1842);
#841=LINE('',#9824,#1843);
#842=LINE('',#9826,#1844);
#843=LINE('',#9828,#1845);
#844=LINE('',#9829,#1846);
#845=LINE('',#9832,#1847);
#846=LINE('',#9834,#1848);
#847=LINE('',#9836,#1849);
#848=LINE('',#9838,#1850);
#849=LINE('',#9840,#1851);
#850=LINE('',#9842,#1852);
#851=LINE('',#9844,#1853);
#852=LINE('',#9846,#1854);
#853=LINE('',#9848,#1855);
#854=LINE('',#9850,#1856);
#855=LINE('',#9852,#1857);
#856=LINE('',#9853,#1858);
#857=LINE('',#9856,#1859);
#858=LINE('',#9858,#1860);
#859=LINE('',#9860,#1861);
#860=LINE('',#9862,#1862);
#861=LINE('',#9864,#1863);
#862=LINE('',#9866,#1864);
#863=LINE('',#9868,#1865);
#864=LINE('',#9870,#1866);
#865=LINE('',#9872,#1867);
#866=LINE('',#9874,#1868);
#867=LINE('',#9876,#1869);
#868=LINE('',#9878,#1870);
#869=LINE('',#9880,#1871);
#870=LINE('',#9882,#1872);
#871=LINE('',#9884,#1873);
#872=LINE('',#9886,#1874);
#873=LINE('',#9888,#1875);
#874=LINE('',#9890,#1876);
#875=LINE('',#9892,#1877);
#876=LINE('',#9894,#1878);
#877=LINE('',#9896,#1879);
#878=LINE('',#9898,#1880);
#879=LINE('',#9900,#1881);
#880=LINE('',#9902,#1882);
#881=LINE('',#9904,#1883);
#882=LINE('',#9906,#1884);
#883=LINE('',#9908,#1885);
#884=LINE('',#9910,#1886);
#885=LINE('',#9912,#1887);
#886=LINE('',#9914,#1888);
#887=LINE('',#9916,#1889);
#888=LINE('',#9918,#1890);
#889=LINE('',#9920,#1891);
#890=LINE('',#9922,#1892);
#891=LINE('',#9924,#1893);
#892=LINE('',#9926,#1894);
#893=LINE('',#9928,#1895);
#894=LINE('',#9930,#1896);
#895=LINE('',#9932,#1897);
#896=LINE('',#9934,#1898);
#897=LINE('',#9936,#1899);
#898=LINE('',#9938,#1900);
#899=LINE('',#9940,#1901);
#900=LINE('',#9942,#1902);
#901=LINE('',#9944,#1903);
#902=LINE('',#9946,#1904);
#903=LINE('',#9948,#1905);
#904=LINE('',#9950,#1906);
#905=LINE('',#9952,#1907);
#906=LINE('',#9954,#1908);
#907=LINE('',#9956,#1909);
#908=LINE('',#9958,#1910);
#909=LINE('',#9960,#1911);
#910=LINE('',#9962,#1912);
#911=LINE('',#9964,#1913);
#912=LINE('',#9966,#1914);
#913=LINE('',#9968,#1915);
#914=LINE('',#9970,#1916);
#915=LINE('',#9972,#1917);
#916=LINE('',#9974,#1918);
#917=LINE('',#9976,#1919);
#918=LINE('',#9978,#1920);
#919=LINE('',#9980,#1921);
#920=LINE('',#9982,#1922);
#921=LINE('',#9984,#1923);
#922=LINE('',#9986,#1924);
#923=LINE('',#9988,#1925);
#924=LINE('',#9990,#1926);
#925=LINE('',#9992,#1927);
#926=LINE('',#9994,#1928);
#927=LINE('',#9996,#1929);
#928=LINE('',#9998,#1930);
#929=LINE('',#10000,#1931);
#930=LINE('',#10002,#1932);
#931=LINE('',#10004,#1933);
#932=LINE('',#10006,#1934);
#933=LINE('',#10008,#1935);
#934=LINE('',#10009,#1936);
#935=LINE('',#10012,#1937);
#936=LINE('',#10014,#1938);
#937=LINE('',#10016,#1939);
#938=LINE('',#10018,#1940);
#939=LINE('',#10020,#1941);
#940=LINE('',#10022,#1942);
#941=LINE('',#10024,#1943);
#942=LINE('',#10026,#1944);
#943=LINE('',#10028,#1945);
#944=LINE('',#10030,#1946);
#945=LINE('',#10032,#1947);
#946=LINE('',#10034,#1948);
#947=LINE('',#10036,#1949);
#948=LINE('',#10038,#1950);
#949=LINE('',#10040,#1951);
#950=LINE('',#10042,#1952);
#951=LINE('',#10044,#1953);
#952=LINE('',#10046,#1954);
#953=LINE('',#10048,#1955);
#954=LINE('',#10050,#1956);
#955=LINE('',#10052,#1957);
#956=LINE('',#10054,#1958);
#957=LINE('',#10056,#1959);
#958=LINE('',#10058,#1960);
#959=LINE('',#10060,#1961);
#960=LINE('',#10062,#1962);
#961=LINE('',#10064,#1963);
#962=LINE('',#10066,#1964);
#963=LINE('',#10068,#1965);
#964=LINE('',#10070,#1966);
#965=LINE('',#10072,#1967);
#966=LINE('',#10074,#1968);
#967=LINE('',#10076,#1969);
#968=LINE('',#10078,#1970);
#969=LINE('',#10080,#1971);
#970=LINE('',#10081,#1972);
#971=LINE('',#10084,#1973);
#972=LINE('',#10086,#1974);
#973=LINE('',#10088,#1975);
#974=LINE('',#10090,#1976);
#975=LINE('',#10092,#1977);
#976=LINE('',#10094,#1978);
#977=LINE('',#10096,#1979);
#978=LINE('',#10098,#1980);
#979=LINE('',#10100,#1981);
#980=LINE('',#10102,#1982);
#981=LINE('',#10104,#1983);
#982=LINE('',#10106,#1984);
#983=LINE('',#10108,#1985);
#984=LINE('',#10110,#1986);
#985=LINE('',#10112,#1987);
#986=LINE('',#10114,#1988);
#987=LINE('',#10116,#1989);
#988=LINE('',#10118,#1990);
#989=LINE('',#10120,#1991);
#990=LINE('',#10122,#1992);
#991=LINE('',#10124,#1993);
#992=LINE('',#10126,#1994);
#993=LINE('',#10128,#1995);
#994=LINE('',#10130,#1996);
#995=LINE('',#10132,#1997);
#996=LINE('',#10134,#1998);
#997=LINE('',#10136,#1999);
#998=LINE('',#10138,#2000);
#999=LINE('',#10140,#2001);
#1000=LINE('',#10142,#2002);
#1001=LINE('',#10144,#2003);
#1002=LINE('',#10146,#2004);
#1003=LINE('',#10148,#2005);
#1004=LINE('',#10150,#2006);
#1005=LINE('',#10152,#2007);
#1006=LINE('',#10154,#2008);
#1007=LINE('',#10156,#2009);
#1008=LINE('',#10158,#2010);
#1009=LINE('',#10160,#2011);
#1010=LINE('',#10162,#2012);
#1011=LINE('',#10164,#2013);
#1012=LINE('',#10166,#2014);
#1013=LINE('',#10168,#2015);
#1014=LINE('',#10170,#2016);
#1015=LINE('',#10172,#2017);
#1016=LINE('',#10174,#2018);
#1017=LINE('',#10176,#2019);
#1018=LINE('',#10178,#2020);
#1019=LINE('',#10180,#2021);
#1020=LINE('',#10182,#2022);
#1021=LINE('',#10184,#2023);
#1022=LINE('',#10186,#2024);
#1023=LINE('',#10188,#2025);
#1024=LINE('',#10190,#2026);
#1025=LINE('',#10192,#2027);
#1026=LINE('',#10194,#2028);
#1027=LINE('',#10196,#2029);
#1028=LINE('',#10198,#2030);
#1029=LINE('',#10200,#2031);
#1030=LINE('',#10201,#2032);
#1031=LINE('',#10204,#2033);
#1032=LINE('',#10206,#2034);
#1033=LINE('',#10208,#2035);
#1034=LINE('',#10210,#2036);
#1035=LINE('',#10211,#2037);
#1036=LINE('',#10214,#2038);
#1037=LINE('',#10215,#2039);
#1038=LINE('',#10218,#2040);
#1039=LINE('',#10220,#2041);
#1040=LINE('',#10222,#2042);
#1041=LINE('',#10223,#2043);
#1042=LINE('',#10227,#2044);
#1043=LINE('',#10230,#2045);
#1044=LINE('',#10231,#2046);
#1045=LINE('',#10234,#2047);
#1046=LINE('',#10235,#2048);
#1047=LINE('',#10239,#2049);
#1048=LINE('',#10242,#2050);
#1049=LINE('',#10243,#2051);
#1050=LINE('',#10246,#2052);
#1051=LINE('',#10247,#2053);
#1052=LINE('',#10249,#2054);
#1053=LINE('',#10254,#2055);
#1054=LINE('',#10255,#2056);
#1055=LINE('',#10257,#2057);
#1056=LINE('',#10258,#2058);
#1057=LINE('',#10261,#2059);
#1058=LINE('',#10262,#2060);
#1059=LINE('',#10265,#2061);
#1060=LINE('',#10267,#2062);
#1061=LINE('',#10268,#2063);
#1062=LINE('',#10272,#2064);
#1063=LINE('',#10273,#2065);
#1064=LINE('',#10274,#2066);
#1065=LINE('',#10276,#2067);
#1066=LINE('',#10277,#2068);
#1067=LINE('',#10280,#2069);
#1068=LINE('',#10281,#2070);
#1069=LINE('',#10284,#2071);
#1070=LINE('',#10285,#2072);
#1071=LINE('',#10288,#2073);
#1072=LINE('',#10289,#2074);
#1073=LINE('',#10292,#2075);
#1074=LINE('',#10293,#2076);
#1075=LINE('',#10296,#2077);
#1076=LINE('',#10298,#2078);
#1077=LINE('',#10300,#2079);
#1078=LINE('',#10302,#2080);
#1079=LINE('',#10304,#2081);
#1080=LINE('',#10305,#2082);
#1081=LINE('',#10308,#2083);
#1082=LINE('',#10309,#2084);
#1083=LINE('',#10312,#2085);
#1084=LINE('',#10313,#2086);
#1085=LINE('',#10316,#2087);
#1086=LINE('',#10317,#2088);
#1087=LINE('',#10320,#2089);
#1088=LINE('',#10321,#2090);
#1089=LINE('',#10324,#2091);
#1090=LINE('',#10326,#2092);
#1091=LINE('',#10327,#2093);
#1092=LINE('',#10330,#2094);
#1093=LINE('',#10351,#2095);
#1094=LINE('',#10354,#2096);
#1095=LINE('',#10356,#2097);
#1096=LINE('',#10357,#2098);
#1097=LINE('',#10360,#2099);
#1098=LINE('',#10361,#2100);
#1099=LINE('',#10364,#2101);
#1100=LINE('',#10365,#2102);
#1101=LINE('',#10368,#2103);
#1102=LINE('',#10369,#2104);
#1103=LINE('',#10372,#2105);
#1104=LINE('',#10373,#2106);
#1105=LINE('',#10376,#2107);
#1106=LINE('',#10377,#2108);
#1107=LINE('',#10380,#2109);
#1108=LINE('',#10381,#2110);
#1109=LINE('',#10384,#2111);
#1110=LINE('',#10385,#2112);
#1111=LINE('',#10388,#2113);
#1112=LINE('',#10389,#2114);
#1113=LINE('',#10392,#2115);
#1114=LINE('',#10393,#2116);
#1115=LINE('',#10396,#2117);
#1116=LINE('',#10397,#2118);
#1117=LINE('',#10400,#2119);
#1118=LINE('',#10401,#2120);
#1119=LINE('',#10404,#2121);
#1120=LINE('',#10405,#2122);
#1121=LINE('',#10408,#2123);
#1122=LINE('',#10409,#2124);
#1123=LINE('',#10412,#2125);
#1124=LINE('',#10413,#2126);
#1125=LINE('',#10416,#2127);
#1126=LINE('',#10417,#2128);
#1127=LINE('',#10420,#2129);
#1128=LINE('',#10421,#2130);
#1129=LINE('',#10424,#2131);
#1130=LINE('',#10425,#2132);
#1131=LINE('',#10428,#2133);
#1132=LINE('',#10429,#2134);
#1133=LINE('',#10432,#2135);
#1134=LINE('',#10433,#2136);
#1135=LINE('',#10436,#2137);
#1136=LINE('',#10437,#2138);
#1137=LINE('',#10440,#2139);
#1138=LINE('',#10441,#2140);
#1139=LINE('',#10444,#2141);
#1140=LINE('',#10445,#2142);
#1141=LINE('',#10448,#2143);
#1142=LINE('',#10449,#2144);
#1143=LINE('',#10452,#2145);
#1144=LINE('',#10453,#2146);
#1145=LINE('',#10456,#2147);
#1146=LINE('',#10457,#2148);
#1147=LINE('',#10460,#2149);
#1148=LINE('',#10461,#2150);
#1149=LINE('',#10464,#2151);
#1150=LINE('',#10465,#2152);
#1151=LINE('',#10468,#2153);
#1152=LINE('',#10469,#2154);
#1153=LINE('',#10472,#2155);
#1154=LINE('',#10473,#2156);
#1155=LINE('',#10476,#2157);
#1156=LINE('',#10477,#2158);
#1157=LINE('',#10480,#2159);
#1158=LINE('',#10481,#2160);
#1159=LINE('',#10483,#2161);
#1160=LINE('',#10486,#2162);
#1161=LINE('',#10488,#2163);
#1162=LINE('',#10489,#2164);
#1163=LINE('',#10492,#2165);
#1164=LINE('',#10493,#2166);
#1165=LINE('',#10496,#2167);
#1166=LINE('',#10497,#2168);
#1167=LINE('',#10500,#2169);
#1168=LINE('',#10501,#2170);
#1169=LINE('',#10504,#2171);
#1170=LINE('',#10505,#2172);
#1171=LINE('',#10508,#2173);
#1172=LINE('',#10509,#2174);
#1173=LINE('',#10512,#2175);
#1174=LINE('',#10513,#2176);
#1175=LINE('',#10516,#2177);
#1176=LINE('',#10517,#2178);
#1177=LINE('',#10520,#2179);
#1178=LINE('',#10521,#2180);
#1179=LINE('',#10523,#2181);
#1180=LINE('',#10526,#2182);
#1181=LINE('',#10528,#2183);
#1182=LINE('',#10529,#2184);
#1183=LINE('',#10532,#2185);
#1184=LINE('',#10533,#2186);
#1185=LINE('',#10536,#2187);
#1186=LINE('',#10537,#2188);
#1187=LINE('',#10540,#2189);
#1188=LINE('',#10541,#2190);
#1189=LINE('',#10544,#2191);
#1190=LINE('',#10545,#2192);
#1191=LINE('',#10548,#2193);
#1192=LINE('',#10549,#2194);
#1193=LINE('',#10552,#2195);
#1194=LINE('',#10553,#2196);
#1195=LINE('',#10556,#2197);
#1196=LINE('',#10557,#2198);
#1197=LINE('',#10560,#2199);
#1198=LINE('',#10561,#2200);
#1199=LINE('',#10564,#2201);
#1200=LINE('',#10565,#2202);
#1201=LINE('',#10568,#2203);
#1202=LINE('',#10569,#2204);
#1203=LINE('',#10571,#2205);
#1204=LINE('',#10574,#2206);
#1205=LINE('',#10576,#2207);
#1206=LINE('',#10577,#2208);
#1207=LINE('',#10580,#2209);
#1208=LINE('',#10581,#2210);
#1209=LINE('',#10584,#2211);
#1210=LINE('',#10585,#2212);
#1211=LINE('',#10588,#2213);
#1212=LINE('',#10589,#2214);
#1213=LINE('',#10592,#2215);
#1214=LINE('',#10593,#2216);
#1215=LINE('',#10596,#2217);
#1216=LINE('',#10597,#2218);
#1217=LINE('',#10600,#2219);
#1218=LINE('',#10601,#2220);
#1219=LINE('',#10604,#2221);
#1220=LINE('',#10605,#2222);
#1221=LINE('',#10608,#2223);
#1222=LINE('',#10609,#2224);
#1223=LINE('',#10612,#2225);
#1224=LINE('',#10613,#2226);
#1225=LINE('',#10616,#2227);
#1226=LINE('',#10617,#2228);
#1227=LINE('',#10620,#2229);
#1228=LINE('',#10621,#2230);
#1229=LINE('',#10624,#2231);
#1230=LINE('',#10625,#2232);
#1231=LINE('',#10628,#2233);
#1232=LINE('',#10629,#2234);
#1233=LINE('',#10632,#2235);
#1234=LINE('',#10633,#2236);
#1235=LINE('',#10636,#2237);
#1236=LINE('',#10637,#2238);
#1237=LINE('',#10640,#2239);
#1238=LINE('',#10641,#2240);
#1239=LINE('',#10644,#2241);
#1240=LINE('',#10645,#2242);
#1241=LINE('',#10648,#2243);
#1242=LINE('',#10649,#2244);
#1243=LINE('',#10652,#2245);
#1244=LINE('',#10653,#2246);
#1245=LINE('',#10656,#2247);
#1246=LINE('',#10657,#2248);
#1247=LINE('',#10660,#2249);
#1248=LINE('',#10661,#2250);
#1249=LINE('',#10664,#2251);
#1250=LINE('',#10665,#2252);
#1251=LINE('',#10668,#2253);
#1252=LINE('',#10669,#2254);
#1253=LINE('',#10672,#2255);
#1254=LINE('',#10673,#2256);
#1255=LINE('',#10676,#2257);
#1256=LINE('',#10677,#2258);
#1257=LINE('',#10680,#2259);
#1258=LINE('',#10681,#2260);
#1259=LINE('',#10684,#2261);
#1260=LINE('',#10685,#2262);
#1261=LINE('',#10688,#2263);
#1262=LINE('',#10689,#2264);
#1263=LINE('',#10692,#2265);
#1264=LINE('',#10693,#2266);
#1265=LINE('',#10696,#2267);
#1266=LINE('',#10697,#2268);
#1267=LINE('',#10700,#2269);
#1268=LINE('',#10701,#2270);
#1269=LINE('',#10704,#2271);
#1270=LINE('',#10705,#2272);
#1271=LINE('',#10708,#2273);
#1272=LINE('',#10709,#2274);
#1273=LINE('',#10712,#2275);
#1274=LINE('',#10713,#2276);
#1275=LINE('',#10716,#2277);
#1276=LINE('',#10717,#2278);
#1277=LINE('',#10720,#2279);
#1278=LINE('',#10721,#2280);
#1279=LINE('',#10724,#2281);
#1280=LINE('',#10725,#2282);
#1281=LINE('',#10728,#2283);
#1282=LINE('',#10729,#2284);
#1283=LINE('',#10732,#2285);
#1284=LINE('',#10733,#2286);
#1285=LINE('',#10736,#2287);
#1286=LINE('',#10737,#2288);
#1287=LINE('',#10740,#2289);
#1288=LINE('',#10741,#2290);
#1289=LINE('',#10744,#2291);
#1290=LINE('',#10745,#2292);
#1291=LINE('',#10748,#2293);
#1292=LINE('',#10749,#2294);
#1293=LINE('',#10752,#2295);
#1294=LINE('',#10753,#2296);
#1295=LINE('',#10756,#2297);
#1296=LINE('',#10757,#2298);
#1297=LINE('',#10760,#2299);
#1298=LINE('',#10761,#2300);
#1299=LINE('',#10764,#2301);
#1300=LINE('',#10765,#2302);
#1301=LINE('',#10768,#2303);
#1302=LINE('',#10769,#2304);
#1303=LINE('',#10772,#2305);
#1304=LINE('',#10773,#2306);
#1305=LINE('',#10776,#2307);
#1306=LINE('',#10777,#2308);
#1307=LINE('',#10780,#2309);
#1308=LINE('',#10781,#2310);
#1309=LINE('',#10784,#2311);
#1310=LINE('',#10785,#2312);
#1311=LINE('',#10788,#2313);
#1312=LINE('',#10789,#2314);
#1313=LINE('',#10792,#2315);
#1314=LINE('',#10793,#2316);
#1315=LINE('',#10796,#2317);
#1316=LINE('',#10797,#2318);
#1317=LINE('',#10800,#2319);
#1318=LINE('',#10801,#2320);
#1319=LINE('',#10804,#2321);
#1320=LINE('',#10805,#2322);
#1321=LINE('',#10808,#2323);
#1322=LINE('',#10809,#2324);
#1323=LINE('',#10812,#2325);
#1324=LINE('',#10813,#2326);
#1325=LINE('',#10816,#2327);
#1326=LINE('',#10817,#2328);
#1327=LINE('',#10820,#2329);
#1328=LINE('',#10821,#2330);
#1329=LINE('',#10824,#2331);
#1330=LINE('',#10825,#2332);
#1331=LINE('',#10828,#2333);
#1332=LINE('',#10829,#2334);
#1333=LINE('',#10832,#2335);
#1334=LINE('',#10833,#2336);
#1335=LINE('',#10836,#2337);
#1336=LINE('',#10837,#2338);
#1337=LINE('',#10840,#2339);
#1338=LINE('',#10841,#2340);
#1339=LINE('',#10844,#2341);
#1340=LINE('',#10845,#2342);
#1341=LINE('',#10848,#2343);
#1342=LINE('',#10849,#2344);
#1343=LINE('',#10852,#2345);
#1344=LINE('',#10853,#2346);
#1345=LINE('',#10856,#2347);
#1346=LINE('',#10857,#2348);
#1347=LINE('',#10860,#2349);
#1348=LINE('',#10861,#2350);
#1349=LINE('',#10864,#2351);
#1350=LINE('',#10865,#2352);
#1351=LINE('',#10868,#2353);
#1352=LINE('',#10869,#2354);
#1353=LINE('',#10872,#2355);
#1354=LINE('',#10873,#2356);
#1355=LINE('',#10876,#2357);
#1356=LINE('',#10877,#2358);
#1357=LINE('',#10880,#2359);
#1358=LINE('',#10881,#2360);
#1359=LINE('',#10883,#2361);
#1360=LINE('',#10886,#2362);
#1361=LINE('',#10888,#2363);
#1362=LINE('',#10889,#2364);
#1363=LINE('',#10892,#2365);
#1364=LINE('',#10893,#2366);
#1365=LINE('',#10896,#2367);
#1366=LINE('',#10897,#2368);
#1367=LINE('',#10900,#2369);
#1368=LINE('',#10901,#2370);
#1369=LINE('',#10904,#2371);
#1370=LINE('',#10905,#2372);
#1371=LINE('',#10908,#2373);
#1372=LINE('',#10909,#2374);
#1373=LINE('',#10912,#2375);
#1374=LINE('',#10913,#2376);
#1375=LINE('',#10916,#2377);
#1376=LINE('',#10917,#2378);
#1377=LINE('',#10920,#2379);
#1378=LINE('',#10921,#2380);
#1379=LINE('',#10924,#2381);
#1380=LINE('',#10925,#2382);
#1381=LINE('',#10928,#2383);
#1382=LINE('',#10929,#2384);
#1383=LINE('',#10932,#2385);
#1384=LINE('',#10933,#2386);
#1385=LINE('',#10936,#2387);
#1386=LINE('',#10937,#2388);
#1387=LINE('',#10940,#2389);
#1388=LINE('',#10941,#2390);
#1389=LINE('',#10944,#2391);
#1390=LINE('',#10945,#2392);
#1391=LINE('',#10948,#2393);
#1392=LINE('',#10949,#2394);
#1393=LINE('',#10952,#2395);
#1394=LINE('',#10953,#2396);
#1395=LINE('',#10956,#2397);
#1396=LINE('',#10957,#2398);
#1397=LINE('',#10960,#2399);
#1398=LINE('',#10961,#2400);
#1399=LINE('',#10964,#2401);
#1400=LINE('',#10965,#2402);
#1401=LINE('',#10968,#2403);
#1402=LINE('',#10969,#2404);
#1403=LINE('',#10972,#2405);
#1404=LINE('',#10973,#2406);
#1405=LINE('',#10976,#2407);
#1406=LINE('',#10977,#2408);
#1407=LINE('',#10980,#2409);
#1408=LINE('',#10981,#2410);
#1409=LINE('',#10984,#2411);
#1410=LINE('',#10985,#2412);
#1411=LINE('',#10988,#2413);
#1412=LINE('',#10989,#2414);
#1413=LINE('',#10992,#2415);
#1414=LINE('',#10993,#2416);
#1415=LINE('',#10996,#2417);
#1416=LINE('',#10997,#2418);
#1417=LINE('',#11000,#2419);
#1418=LINE('',#11001,#2420);
#1419=LINE('',#11004,#2421);
#1420=LINE('',#11005,#2422);
#1421=LINE('',#11008,#2423);
#1422=LINE('',#11009,#2424);
#1423=LINE('',#11012,#2425);
#1424=LINE('',#11013,#2426);
#1425=LINE('',#11016,#2427);
#1426=LINE('',#11017,#2428);
#1427=LINE('',#11020,#2429);
#1428=LINE('',#11021,#2430);
#1429=LINE('',#11024,#2431);
#1430=LINE('',#11025,#2432);
#1431=LINE('',#11027,#2433);
#1432=LINE('',#11030,#2434);
#1433=LINE('',#11032,#2435);
#1434=LINE('',#11033,#2436);
#1435=LINE('',#11036,#2437);
#1436=LINE('',#11037,#2438);
#1437=LINE('',#11040,#2439);
#1438=LINE('',#11041,#2440);
#1439=LINE('',#11044,#2441);
#1440=LINE('',#11045,#2442);
#1441=LINE('',#11048,#2443);
#1442=LINE('',#11049,#2444);
#1443=LINE('',#11052,#2445);
#1444=LINE('',#11053,#2446);
#1445=LINE('',#11056,#2447);
#1446=LINE('',#11057,#2448);
#1447=LINE('',#11060,#2449);
#1448=LINE('',#11061,#2450);
#1449=LINE('',#11064,#2451);
#1450=LINE('',#11065,#2452);
#1451=LINE('',#11068,#2453);
#1452=LINE('',#11069,#2454);
#1453=LINE('',#11072,#2455);
#1454=LINE('',#11073,#2456);
#1455=LINE('',#11076,#2457);
#1456=LINE('',#11077,#2458);
#1457=LINE('',#11080,#2459);
#1458=LINE('',#11081,#2460);
#1459=LINE('',#11084,#2461);
#1460=LINE('',#11085,#2462);
#1461=LINE('',#11088,#2463);
#1462=LINE('',#11089,#2464);
#1463=LINE('',#11092,#2465);
#1464=LINE('',#11093,#2466);
#1465=LINE('',#11096,#2467);
#1466=LINE('',#11097,#2468);
#1467=LINE('',#11100,#2469);
#1468=LINE('',#11101,#2470);
#1469=LINE('',#11104,#2471);
#1470=LINE('',#11105,#2472);
#1471=LINE('',#11108,#2473);
#1472=LINE('',#11109,#2474);
#1473=LINE('',#11112,#2475);
#1474=LINE('',#11113,#2476);
#1475=LINE('',#11116,#2477);
#1476=LINE('',#11117,#2478);
#1477=LINE('',#11120,#2479);
#1478=LINE('',#11121,#2480);
#1479=LINE('',#11124,#2481);
#1480=LINE('',#11125,#2482);
#1481=LINE('',#11128,#2483);
#1482=LINE('',#11129,#2484);
#1483=LINE('',#11132,#2485);
#1484=LINE('',#11133,#2486);
#1485=LINE('',#11136,#2487);
#1486=LINE('',#11137,#2488);
#1487=LINE('',#11140,#2489);
#1488=LINE('',#11141,#2490);
#1489=LINE('',#11144,#2491);
#1490=LINE('',#11145,#2492);
#1491=LINE('',#11148,#2493);
#1492=LINE('',#11149,#2494);
#1493=LINE('',#11152,#2495);
#1494=LINE('',#11153,#2496);
#1495=LINE('',#11156,#2497);
#1496=LINE('',#11157,#2498);
#1497=LINE('',#11160,#2499);
#1498=LINE('',#11161,#2500);
#1499=LINE('',#11164,#2501);
#1500=LINE('',#11165,#2502);
#1501=LINE('',#11168,#2503);
#1502=LINE('',#11169,#2504);
#1503=LINE('',#11172,#2505);
#1504=LINE('',#11173,#2506);
#1505=LINE('',#11176,#2507);
#1506=LINE('',#11177,#2508);
#1507=LINE('',#11180,#2509);
#1508=LINE('',#11181,#2510);
#1509=LINE('',#11184,#2511);
#1510=LINE('',#11185,#2512);
#1511=LINE('',#11188,#2513);
#1512=LINE('',#11189,#2514);
#1513=LINE('',#11192,#2515);
#1514=LINE('',#11193,#2516);
#1515=LINE('',#11196,#2517);
#1516=LINE('',#11197,#2518);
#1517=LINE('',#11200,#2519);
#1518=LINE('',#11201,#2520);
#1519=LINE('',#11204,#2521);
#1520=LINE('',#11205,#2522);
#1521=LINE('',#11208,#2523);
#1522=LINE('',#11209,#2524);
#1523=LINE('',#11212,#2525);
#1524=LINE('',#11213,#2526);
#1525=LINE('',#11216,#2527);
#1526=LINE('',#11217,#2528);
#1527=LINE('',#11220,#2529);
#1528=LINE('',#11221,#2530);
#1529=LINE('',#11224,#2531);
#1530=LINE('',#11225,#2532);
#1531=LINE('',#11228,#2533);
#1532=LINE('',#11229,#2534);
#1533=LINE('',#11232,#2535);
#1534=LINE('',#11233,#2536);
#1535=LINE('',#11236,#2537);
#1536=LINE('',#11237,#2538);
#1537=LINE('',#11240,#2539);
#1538=LINE('',#11241,#2540);
#1539=LINE('',#11244,#2541);
#1540=LINE('',#11245,#2542);
#1541=LINE('',#11248,#2543);
#1542=LINE('',#11249,#2544);
#1543=LINE('',#11252,#2545);
#1544=LINE('',#11253,#2546);
#1545=LINE('',#11256,#2547);
#1546=LINE('',#11257,#2548);
#1547=LINE('',#11260,#2549);
#1548=LINE('',#11261,#2550);
#1549=LINE('',#11264,#2551);
#1550=LINE('',#11265,#2552);
#1551=LINE('',#11267,#2553);
#1552=LINE('',#11270,#2554);
#1553=LINE('',#11272,#2555);
#1554=LINE('',#11273,#2556);
#1555=LINE('',#11276,#2557);
#1556=LINE('',#11277,#2558);
#1557=LINE('',#11280,#2559);
#1558=LINE('',#11281,#2560);
#1559=LINE('',#11284,#2561);
#1560=LINE('',#11285,#2562);
#1561=LINE('',#11287,#2563);
#1562=LINE('',#11291,#2564);
#1563=LINE('',#11292,#2565);
#1564=LINE('',#11293,#2566);
#1565=LINE('',#11296,#2567);
#1566=LINE('',#11297,#2568);
#1567=LINE('',#11300,#2569);
#1568=LINE('',#11301,#2570);
#1569=LINE('',#11303,#2571);
#1570=LINE('',#11305,#2572);
#1571=LINE('',#11309,#2573);
#1572=LINE('',#11311,#2574);
#1573=LINE('',#11312,#2575);
#1574=LINE('',#11314,#2576);
#1575=LINE('',#11317,#2577);
#1576=LINE('',#11321,#2578);
#1577=LINE('',#11324,#2579);
#1578=LINE('',#11325,#2580);
#1579=LINE('',#11328,#2581);
#1580=LINE('',#11329,#2582);
#1581=LINE('',#11331,#2583);
#1582=LINE('',#11333,#2584);
#1583=LINE('',#11338,#2585);
#1584=LINE('',#11340,#2586);
#1585=LINE('',#11342,#2587);
#1586=LINE('',#11344,#2588);
#1587=LINE('',#11346,#2589);
#1588=LINE('',#11348,#2590);
#1589=LINE('',#11350,#2591);
#1590=LINE('',#11352,#2592);
#1591=LINE('',#11354,#2593);
#1592=LINE('',#11356,#2594);
#1593=LINE('',#11358,#2595);
#1594=LINE('',#11360,#2596);
#1595=LINE('',#11362,#2597);
#1596=LINE('',#11364,#2598);
#1597=LINE('',#11366,#2599);
#1598=LINE('',#11368,#2600);
#1599=LINE('',#11370,#2601);
#1600=LINE('',#11372,#2602);
#1601=LINE('',#11374,#2603);
#1602=LINE('',#11376,#2604);
#1603=LINE('',#11378,#2605);
#1604=LINE('',#11380,#2606);
#1605=LINE('',#11382,#2607);
#1606=LINE('',#11383,#2608);
#1607=LINE('',#11390,#2609);
#1608=LINE('',#11392,#2610);
#1609=LINE('',#11394,#2611);
#1610=LINE('',#11396,#2612);
#1611=LINE('',#11398,#2613);
#1612=LINE('',#11400,#2614);
#1613=LINE('',#11402,#2615);
#1614=LINE('',#11404,#2616);
#1615=LINE('',#11406,#2617);
#1616=LINE('',#11408,#2618);
#1617=LINE('',#11410,#2619);
#1618=LINE('',#11412,#2620);
#1619=LINE('',#11414,#2621);
#1620=LINE('',#11416,#2622);
#1621=LINE('',#11418,#2623);
#1622=LINE('',#11420,#2624);
#1623=LINE('',#11422,#2625);
#1624=LINE('',#11424,#2626);
#1625=LINE('',#11426,#2627);
#1626=LINE('',#11428,#2628);
#1627=LINE('',#11430,#2629);
#1628=LINE('',#11432,#2630);
#1629=LINE('',#11434,#2631);
#1630=LINE('',#11436,#2632);
#1631=LINE('',#11438,#2633);
#1632=LINE('',#11440,#2634);
#1633=LINE('',#11441,#2635);
#1634=LINE('',#11446,#2636);
#1635=LINE('',#11448,#2637);
#1636=LINE('',#11449,#2638);
#1637=LINE('',#11452,#2639);
#1638=LINE('',#11454,#2640);
#1639=LINE('',#11455,#2641);
#1640=LINE('',#11458,#2642);
#1641=LINE('',#11459,#2643);
#1642=LINE('',#11462,#2644);
#1643=LINE('',#11463,#2645);
#1644=LINE('',#11465,#2646);
#1645=LINE('',#11469,#2647);
#1646=LINE('',#11474,#2648);
#1647=LINE('',#11475,#2649);
#1648=LINE('',#11476,#2650);
#1649=LINE('',#11479,#2651);
#1650=LINE('',#11480,#2652);
#1651=LINE('',#11483,#2653);
#1652=LINE('',#11484,#2654);
#1653=LINE('',#11487,#2655);
#1654=LINE('',#11488,#2656);
#1655=LINE('',#11491,#2657);
#1656=LINE('',#11492,#2658);
#1657=LINE('',#11495,#2659);
#1658=LINE('',#11496,#2660);
#1659=LINE('',#11499,#2661);
#1660=LINE('',#11500,#2662);
#1661=LINE('',#11503,#2663);
#1662=LINE('',#11504,#2664);
#1663=LINE('',#11507,#2665);
#1664=LINE('',#11508,#2666);
#1665=LINE('',#11511,#2667);
#1666=LINE('',#11512,#2668);
#1667=LINE('',#11515,#2669);
#1668=LINE('',#11516,#2670);
#1669=LINE('',#11519,#2671);
#1670=LINE('',#11520,#2672);
#1671=LINE('',#11523,#2673);
#1672=LINE('',#11524,#2674);
#1673=LINE('',#11527,#2675);
#1674=LINE('',#11528,#2676);
#1675=LINE('',#11531,#2677);
#1676=LINE('',#11532,#2678);
#1677=LINE('',#11535,#2679);
#1678=LINE('',#11536,#2680);
#1679=LINE('',#11539,#2681);
#1680=LINE('',#11540,#2682);
#1681=LINE('',#11543,#2683);
#1682=LINE('',#11544,#2684);
#1683=LINE('',#11547,#2685);
#1684=LINE('',#11548,#2686);
#1685=LINE('',#11551,#2687);
#1686=LINE('',#11552,#2688);
#1687=LINE('',#11555,#2689);
#1688=LINE('',#11556,#2690);
#1689=LINE('',#11559,#2691);
#1690=LINE('',#11560,#2692);
#1691=LINE('',#11563,#2693);
#1692=LINE('',#11564,#2694);
#1693=LINE('',#11566,#2695);
#1694=LINE('',#11570,#2696);
#1695=LINE('',#11571,#2697);
#1696=LINE('',#11572,#2698);
#1697=LINE('',#11575,#2699);
#1698=LINE('',#11576,#2700);
#1699=LINE('',#11579,#2701);
#1700=LINE('',#11580,#2702);
#1701=LINE('',#11583,#2703);
#1702=LINE('',#11584,#2704);
#1703=LINE('',#11587,#2705);
#1704=LINE('',#11588,#2706);
#1705=LINE('',#11591,#2707);
#1706=LINE('',#11592,#2708);
#1707=LINE('',#11595,#2709);
#1708=LINE('',#11596,#2710);
#1709=LINE('',#11599,#2711);
#1710=LINE('',#11600,#2712);
#1711=LINE('',#11603,#2713);
#1712=LINE('',#11604,#2714);
#1713=LINE('',#11607,#2715);
#1714=LINE('',#11608,#2716);
#1715=LINE('',#11611,#2717);
#1716=LINE('',#11612,#2718);
#1717=LINE('',#11615,#2719);
#1718=LINE('',#11616,#2720);
#1719=LINE('',#11619,#2721);
#1720=LINE('',#11620,#2722);
#1721=LINE('',#11623,#2723);
#1722=LINE('',#11624,#2724);
#1723=LINE('',#11627,#2725);
#1724=LINE('',#11628,#2726);
#1725=LINE('',#11631,#2727);
#1726=LINE('',#11632,#2728);
#1727=LINE('',#11635,#2729);
#1728=LINE('',#11636,#2730);
#1729=LINE('',#11639,#2731);
#1730=LINE('',#11640,#2732);
#1731=LINE('',#11643,#2733);
#1732=LINE('',#11644,#2734);
#1733=LINE('',#11647,#2735);
#1734=LINE('',#11648,#2736);
#1735=LINE('',#11651,#2737);
#1736=LINE('',#11652,#2738);
#1737=LINE('',#11655,#2739);
#1738=LINE('',#11656,#2740);
#1739=LINE('',#11659,#2741);
#1740=LINE('',#11660,#2742);
#1741=LINE('',#11663,#2743);
#1742=LINE('',#11664,#2744);
#1743=LINE('',#11667,#2745);
#1744=LINE('',#11668,#2746);
#1745=LINE('',#11671,#2747);
#1746=LINE('',#11672,#2748);
#1747=LINE('',#11674,#2749);
#1748=LINE('',#11678,#2750);
#1749=LINE('',#11679,#2751);
#1750=LINE('',#11680,#2752);
#1751=LINE('',#11683,#2753);
#1752=LINE('',#11684,#2754);
#1753=LINE('',#11686,#2755);
#1754=LINE('',#11691,#2756);
#1755=LINE('',#11693,#2757);
#1756=LINE('',#11695,#2758);
#1757=LINE('',#11696,#2759);
#1758=LINE('',#11703,#2760);
#1759=LINE('',#11704,#2761);
#1760=LINE('',#11705,#2762);
#1761=LINE('',#11708,#2763);
#1762=LINE('',#11709,#2764);
#1763=LINE('',#11712,#2765);
#1764=LINE('',#11713,#2766);
#1765=LINE('',#11715,#2767);
#1766=LINE('',#11718,#2768);
#1767=LINE('',#11720,#2769);
#1768=LINE('',#11721,#2770);
#1769=LINE('',#11724,#2771);
#1770=LINE('',#11725,#2772);
#1771=LINE('',#11728,#2773);
#1772=LINE('',#11729,#2774);
#1773=LINE('',#11731,#2775);
#1774=VECTOR('',#7946,10.);
#1775=VECTOR('',#7947,10.);
#1776=VECTOR('',#7948,10.);
#1777=VECTOR('',#7951,10.);
#1778=VECTOR('',#7952,10.);
#1779=VECTOR('',#7955,10.);
#1780=VECTOR('',#7956,10.);
#1781=VECTOR('',#7957,10.);
#1782=VECTOR('',#7960,12.21999999988);
#1783=VECTOR('',#7961,6.999999998093);
#1784=VECTOR('',#7962,12.21999999988);
#1785=VECTOR('',#7963,0.4249999992316);
#1786=VECTOR('',#7964,1.80000000172);
#1787=VECTOR('',#7965,0.4249999992308);
#1788=VECTOR('',#7966,0.549776766839);
#1789=VECTOR('',#7967,0.8250000021096);
#1790=VECTOR('',#7968,0.44999999916);
#1791=VECTOR('',#7969,0.30000000198);
#1792=VECTOR('',#7970,0.965660396049317);
#1793=VECTOR('',#7971,2.8000000007);
#1794=VECTOR('',#7972,0.965660396969777);
#1795=VECTOR('',#7973,0.29999999944);
#1796=VECTOR('',#7974,0.44999999916);
#1797=VECTOR('',#7975,0.824999989687);
#1798=VECTOR('',#7976,4.75000015017);
#1799=VECTOR('',#7977,0.853538182449091);
#1800=VECTOR('',#7980,0.853887955964475);
#1801=VECTOR('',#7981,2.400000087191);
#1802=VECTOR('',#7984,9.19999999976);
#1803=VECTOR('',#7985,12.21999999988);
#1804=VECTOR('',#7986,10.);
#1805=VECTOR('',#7987,10.);
#1806=VECTOR('',#7988,10.);
#1807=VECTOR('',#7989,10.);
#1808=VECTOR('',#7990,0.0277275785638693);
#1809=VECTOR('',#7991,0.0260047485674012);
#1810=VECTOR('',#7992,0.0248310528280515);
#1811=VECTOR('',#7993,0.0245742675057105);
#1812=VECTOR('',#7994,0.0246997128977102);
#1813=VECTOR('',#7995,0.0250807059190386);
#1814=VECTOR('',#7996,0.0254864482527799);
#1815=VECTOR('',#7997,0.0263653272479698);
#1816=VECTOR('',#7998,0.0275238337642109);
#1817=VECTOR('',#7999,0.0289832884085685);
#1818=VECTOR('',#8000,10.);
#1819=VECTOR('',#8001,10.);
#1820=VECTOR('',#8002,10.);
#1821=VECTOR('',#8003,10.);
#1822=VECTOR('',#8004,10.);
#1823=VECTOR('',#8005,0.0754034806998906);
#1824=VECTOR('',#8006,0.0733474146565315);
#1825=VECTOR('',#8007,0.0707011664554475);
#1826=VECTOR('',#8008,0.0665532487782209);
#1827=VECTOR('',#8009,0.0636886073445495);
#1828=VECTOR('',#8010,0.0495988385653593);
#1829=VECTOR('',#8011,0.0529644820272101);
#1830=VECTOR('',#8012,0.05725479398593);
#1831=VECTOR('',#8013,0.0390058343196615);
#1832=VECTOR('',#8014,10.);
#1833=VECTOR('',#8015,10.);
#1834=VECTOR('',#8016,10.);
#1835=VECTOR('',#8017,0.787051371986704);
#1836=VECTOR('',#8018,10.);
#1837=VECTOR('',#8019,0.526627382779801);
#1838=VECTOR('',#8020,0.143094639275);
#1839=VECTOR('',#8021,0.786885549572367);
#1840=VECTOR('',#8022,0.143791931382);
#1841=VECTOR('',#8023,0.524441948583101);
#1842=VECTOR('',#8024,0.528795007484592);
#1843=VECTOR('',#8025,0.1436067747909);
#1844=VECTOR('',#8026,0.786881948498406);
#1845=VECTOR('',#8027,0.1441464868923);
#1846=VECTOR('',#8028,0.522642611808992);
#1847=VECTOR('',#8029,0.786943188245196);
#1848=VECTOR('',#8030,0.5555923261358);
#1849=VECTOR('',#8031,0.131504604524906);
#1850=VECTOR('',#8032,0.4013331298784);
#1851=VECTOR('',#8033,0.178708721515195);
#1852=VECTOR('',#8034,0.3878994180008);
#1853=VECTOR('',#8035,0.131504604534799);
#1854=VECTOR('',#8036,0.3880845747531);
#1855=VECTOR('',#8037,0.215039438690708);
#1856=VECTOR('',#8038,0.4360598663558);
#1857=VECTOR('',#8039,0.1316598978005);
#1858=VECTOR('',#8040,0.5854380157231);
#1859=VECTOR('',#8041,0.0641897756619312);
#1860=VECTOR('',#8042,0.148686582635304);
#1861=VECTOR('',#8043,0.0331747542592608);
#1862=VECTOR('',#8044,0.0292121061383596);
#1863=VECTOR('',#8045,0.0274741252003584);
#1864=VECTOR('',#8046,0.0286780836134412);
#1865=VECTOR('',#8047,0.0330215012031402);
#1866=VECTOR('',#8048,10.);
#1867=VECTOR('',#8049,10.);
#1868=VECTOR('',#8050,10.);
#1869=VECTOR('',#8051,0.0267526746461705);
#1870=VECTOR('',#8052,0.0235922309372694);
#1871=VECTOR('',#8053,0.0219706900393892);
#1872=VECTOR('',#8054,0.0218341441718389);
#1873=VECTOR('',#8055,10.);
#1874=VECTOR('',#8056,0.0191306638558403);
#1875=VECTOR('',#8057,0.0195538888982912);
#1876=VECTOR('',#8058,0.0269101595687798);
#1877=VECTOR('',#8059,0.0399062652353719);
#1878=VECTOR('',#8060,10.);
#1879=VECTOR('',#8061,0.0596768404705983);
#1880=VECTOR('',#8062,0.0402477475888098);
#1881=VECTOR('',#8063,0.0450402650087598);
#1882=VECTOR('',#8064,0.0457711482808579);
#1883=VECTOR('',#8065,10.);
#1884=VECTOR('',#8066,0.0646736918376708);
#1885=VECTOR('',#8067,0.0651533863670725);
#1886=VECTOR('',#8068,0.0701478857321711);
#1887=VECTOR('',#8069,0.0745898222137323);
#1888=VECTOR('',#8070,0.0790207711018117);
#1889=VECTOR('',#8071,0.0878355605168496);
#1890=VECTOR('',#8072,0.0612394177913593);
#1891=VECTOR('',#8073,0.0556505065856893);
#1892=VECTOR('',#8074,0.0512887045996384);
#1893=VECTOR('',#8075,0.0467946380723208);
#1894=VECTOR('',#8076,0.0424617062999889);
#1895=VECTOR('',#8077,0.0409591515365702);
#1896=VECTOR('',#8078,0.0420245588954302);
#1897=VECTOR('',#8079,0.0444734625703819);
#1898=VECTOR('',#8080,0.0483507298108908);
#1899=VECTOR('',#8081,0.147693149691804);
#1900=VECTOR('',#8082,10.);
#1901=VECTOR('',#8083,10.);
#1902=VECTOR('',#8084,0.0234023905434793);
#1903=VECTOR('',#8085,0.034525154948491);
#1904=VECTOR('',#8086,0.0422831078545618);
#1905=VECTOR('',#8087,10.);
#1906=VECTOR('',#8088,10.);
#1907=VECTOR('',#8089,10.);
#1908=VECTOR('',#8090,0.0325058731896698);
#1909=VECTOR('',#8091,0.0285156583121602);
#1910=VECTOR('',#8092,0.0257643682848092);
#1911=VECTOR('',#8093,0.0246318137565604);
#1912=VECTOR('',#8094,10.);
#1913=VECTOR('',#8095,0.020458550924609);
#1914=VECTOR('',#8096,0.0213805441957202);
#1915=VECTOR('',#8097,0.0232935835897502);
#1916=VECTOR('',#8098,10.);
#1917=VECTOR('',#8099,10.);
#1918=VECTOR('',#8100,0.0452431427986002);
#1919=VECTOR('',#8101,0.0350448416520309);
#1920=VECTOR('',#8102,0.029368916743552);
#1921=VECTOR('',#8103,0.0287265631552898);
#1922=VECTOR('',#8104,0.029047490668101);
#1923=VECTOR('',#8105,0.0300932820283407);
#1924=VECTOR('',#8106,10.);
#1925=VECTOR('',#8107,10.);
#1926=VECTOR('',#8108,10.);
#1927=VECTOR('',#8109,0.0596622862160022);
#1928=VECTOR('',#8110,0.0624883144655428);
#1929=VECTOR('',#8111,0.06615536449457);
#1930=VECTOR('',#8112,0.0715266855909808);
#1931=VECTOR('',#8113,0.0808086502086867);
#1932=VECTOR('',#8114,0.0808392723078132);
#1933=VECTOR('',#8115,0.0689144491735095);
#1934=VECTOR('',#8116,0.0614616779019036);
#1935=VECTOR('',#8117,0.0581980929241692);
#1936=VECTOR('',#8118,0.0585523843142182);
#1937=VECTOR('',#8119,0.0647939587499214);
#1938=VECTOR('',#8120,0.0674052622356185);
#1939=VECTOR('',#8121,0.0861890885098704);
#1940=VECTOR('',#8122,0.0772259362628365);
#1941=VECTOR('',#8123,0.0750176939616383);
#1942=VECTOR('',#8124,0.0756314707024762);
#1943=VECTOR('',#8125,0.0786734100491996);
#1944=VECTOR('',#8126,10.);
#1945=VECTOR('',#8127,0.0800413879774275);
#1946=VECTOR('',#8128,0.0811634787116461);
#1947=VECTOR('',#8129,0.0845071925423023);
#1948=VECTOR('',#8130,0.0841532219318388);
#1949=VECTOR('',#8131,0.0803632831214624);
#1950=VECTOR('',#8132,0.0787880328774703);
#1951=VECTOR('',#8133,0.0777911809000379);
#1952=VECTOR('',#8134,0.0769543157653603);
#1953=VECTOR('',#8135,0.0786730877823299);
#1954=VECTOR('',#8136,0.0657076215043316);
#1955=VECTOR('',#8137,0.0590335127210722);
#1956=VECTOR('',#8138,0.0549790482187885);
#1957=VECTOR('',#8139,0.0518268949397495);
#1958=VECTOR('',#8140,0.0489505502368123);
#1959=VECTOR('',#8141,0.0484868029116312);
#1960=VECTOR('',#8142,0.048260398550418);
#1961=VECTOR('',#8143,10.);
#1962=VECTOR('',#8144,10.);
#1963=VECTOR('',#8145,10.);
#1964=VECTOR('',#8146,0.0481658084733325);
#1965=VECTOR('',#8147,0.051003547801249);
#1966=VECTOR('',#8148,0.0685698844037628);
#1967=VECTOR('',#8149,0.0658707437001172);
#1968=VECTOR('',#8150,0.0640676798030126);
#1969=VECTOR('',#8151,0.0627305559675614);
#1970=VECTOR('',#8152,0.0622840167852702);
#1971=VECTOR('',#8153,0.0629860687767411);
#1972=VECTOR('',#8154,0.0638351769632679);
#1973=VECTOR('',#8155,0.0399081192858983);
#1974=VECTOR('',#8156,0.049144877695289);
#1975=VECTOR('',#8157,0.04885689007285);
#1976=VECTOR('',#8158,0.0502293660327484);
#1977=VECTOR('',#8159,0.0519563536774302);
#1978=VECTOR('',#8160,0.0545030210413111);
#1979=VECTOR('',#8161,0.0589743124248171);
#1980=VECTOR('',#8162,0.0614585084620261);
#1981=VECTOR('',#8163,0.0618844979979419);
#1982=VECTOR('',#8164,10.);
#1983=VECTOR('',#8165,10.);
#1984=VECTOR('',#8166,10.);
#1985=VECTOR('',#8167,0.0408214513503796);
#1986=VECTOR('',#8168,0.0393297661053374);
#1987=VECTOR('',#8169,0.0429762917282987);
#1988=VECTOR('',#8170,10.);
#1989=VECTOR('',#8171,10.);
#1990=VECTOR('',#8172,10.);
#1991=VECTOR('',#8173,0.0362790005795811);
#1992=VECTOR('',#8174,0.0356515638039897);
#1993=VECTOR('',#8175,0.0331618114005214);
#1994=VECTOR('',#8176,0.0307705473745989);
#1995=VECTOR('',#8177,0.116830313274304);
#1996=VECTOR('',#8178,0.1912511479657);
#1997=VECTOR('',#8179,0.131551365960098);
#1998=VECTOR('',#8180,0.3354015746075);
#1999=VECTOR('',#8181,0.337793376920013);
#2000=VECTOR('',#8182,0.0513243540081715);
#2001=VECTOR('',#8183,0.0553256699205796);
#2002=VECTOR('',#8184,0.0597044015208001);
#2003=VECTOR('',#8185,0.0611951485607595);
#2004=VECTOR('',#8186,10.);
#2005=VECTOR('',#8187,10.);
#2006=VECTOR('',#8188,10.);
#2007=VECTOR('',#8189,0.0718586470690711);
#2008=VECTOR('',#8190,0.0633300867306422);
#2009=VECTOR('',#8191,0.081973568742061);
#2010=VECTOR('',#8192,0.0866415152669795);
#2011=VECTOR('',#8193,10.);
#2012=VECTOR('',#8194,0.072917673691496);
#2013=VECTOR('',#8195,0.0733032364320422);
#2014=VECTOR('',#8196,0.0748591749749271);
#2015=VECTOR('',#8197,0.0885579215375841);
#2016=VECTOR('',#8198,0.0840486787818035);
#2017=VECTOR('',#8199,0.0820151381380826);
#2018=VECTOR('',#8200,0.080855513659833);
#2019=VECTOR('',#8201,0.0808966459367617);
#2020=VECTOR('',#8202,0.0839612424100966);
#2021=VECTOR('',#8203,0.0803932120262878);
#2022=VECTOR('',#8204,0.0701611437713432);
#2023=VECTOR('',#8205,0.06385022624239);
#2024=VECTOR('',#8206,0.061974219157969);
#2025=VECTOR('',#8207,0.0649989968502789);
#2026=VECTOR('',#8208,0.0724314038461106);
#2027=VECTOR('',#8209,0.146356036769104);
#2028=VECTOR('',#8210,0.0402956960930809);
#2029=VECTOR('',#8211,0.0360349424939889);
#2030=VECTOR('',#8212,0.0337432292390797);
#2031=VECTOR('',#8213,0.0337322381989005);
#2032=VECTOR('',#8214,0.0357773989338581);
#2033=VECTOR('',#8215,0.74801802946);
#2034=VECTOR('',#8216,1.494372623174);
#2035=VECTOR('',#8217,0.7480180294585);
#2036=VECTOR('',#8218,1.05668101552098);
#2037=VECTOR('',#8219,1.056691757244);
#2038=VECTOR('',#8222,6.500000001743);
#2039=VECTOR('',#8223,12.21999999988);
#2040=VECTOR('',#8224,0.8);
#2041=VECTOR('',#8225,0.8);
#2042=VECTOR('',#8226,0.8);
#2043=VECTOR('',#8227,0.8);
#2044=VECTOR('',#8232,12.21999999988);
#2045=VECTOR('',#8235,5.300000013349);
#2046=VECTOR('',#8236,12.21999999988);
#2047=VECTOR('',#8239,0.03999999896866);
#2048=VECTOR('',#8240,12.21999999988);
#2049=VECTOR('',#8245,12.21999999988);
#2050=VECTOR('',#8248,0.20000000132);
#2051=VECTOR('',#8249,12.21999999988);
#2052=VECTOR('',#8252,0.1899999980002);
#2053=VECTOR('',#8253,12.21999999988);
#2054=VECTOR('',#8256,3.00041663724511);
#2055=VECTOR('',#8261,0.4999999999999);
#2056=VECTOR('',#8262,1.11544834035504);
#2057=VECTOR('',#8263,1.60006092541706);
#2058=VECTOR('',#8264,0.253962987699);
#2059=VECTOR('',#8267,1.80000000172);
#2060=VECTOR('',#8268,1.11544834035504);
#2061=VECTOR('',#8271,0.4999999999999);
#2062=VECTOR('',#8272,0.2539629876979);
#2063=VECTOR('',#8273,1.60006092541706);
#2064=VECTOR('',#8276,4.549776715124);
#2065=VECTOR('',#8277,6.8002589321832);
#2066=VECTOR('',#8278,1.80000000172);
#2067=VECTOR('',#8279,0.824653367760287);
#2068=VECTOR('',#8280,6.0002258176293);
#2069=VECTOR('',#8283,0.7656573011392);
#2070=VECTOR('',#8284,6.79999999916);
#2071=VECTOR('',#8287,0.44999999916);
#2072=VECTOR('',#8288,6.79999999916);
#2073=VECTOR('',#8291,0.30000000198);
#2074=VECTOR('',#8292,6.79999999916);
#2075=VECTOR('',#8295,0.965660396049317);
#2076=VECTOR('',#8296,6.79999999916);
#2077=VECTOR('',#8299,0.9999999989801);
#2078=VECTOR('',#8300,1.2000000003);
#2079=VECTOR('',#8301,0.8000000002);
#2080=VECTOR('',#8302,1.2000000003);
#2081=VECTOR('',#8303,1.00000000152);
#2082=VECTOR('',#8304,6.79999999916);
#2083=VECTOR('',#8307,0.965660396969777);
#2084=VECTOR('',#8308,6.79999999916);
#2085=VECTOR('',#8311,0.2999999994401);
#2086=VECTOR('',#8312,6.79999999916);
#2087=VECTOR('',#8315,0.44999999916);
#2088=VECTOR('',#8316,6.79999999916);
#2089=VECTOR('',#8319,0.7656572887172);
#2090=VECTOR('',#8320,6.8002589321832);
#2091=VECTOR('',#8323,4.549999854284);
#2092=VECTOR('',#8324,6.00022357288894);
#2093=VECTOR('',#8325,0.824655630670198);
#2094=VECTOR('',#8328,0.793022462622127);
#2095=VECTOR('',#8333,0.793421980069587);
#2096=VECTOR('',#8336,0.0500000059018076);
#2097=VECTOR('',#8337,0.0495322538000917);
#2098=VECTOR('',#8338,10.);
#2099=VECTOR('',#8341,0.0359072305033014);
#2100=VECTOR('',#8342,10.);
#2101=VECTOR('',#8345,0.0223328842199407);
#2102=VECTOR('',#8346,10.);
#2103=VECTOR('',#8349,0.029674109328269);
#2104=VECTOR('',#8350,0.05000000000002);
#2105=VECTOR('',#8353,0.0277275785638693);
#2106=VECTOR('',#8354,0.05000000000002);
#2107=VECTOR('',#8357,0.0260047485674012);
#2108=VECTOR('',#8358,0.05000000000002);
#2109=VECTOR('',#8361,0.0248310528280504);
#2110=VECTOR('',#8362,0.05000000000002);
#2111=VECTOR('',#8365,0.0245742675057105);
#2112=VECTOR('',#8366,0.05000000000002);
#2113=VECTOR('',#8369,0.0246997128977102);
#2114=VECTOR('',#8370,0.05000000000002);
#2115=VECTOR('',#8373,0.0250807059190386);
#2116=VECTOR('',#8374,0.05000000000002);
#2117=VECTOR('',#8377,0.0254864482527899);
#2118=VECTOR('',#8378,0.05000000000002);
#2119=VECTOR('',#8381,0.0263653272479686);
#2120=VECTOR('',#8382,0.05000000000002);
#2121=VECTOR('',#8385,0.0275238337642109);
#2122=VECTOR('',#8386,0.05000000000002);
#2123=VECTOR('',#8389,0.0289832884079513);
#2124=VECTOR('',#8390,0.05000000000002);
#2125=VECTOR('',#8393,0.0308326438946208);
#2126=VECTOR('',#8394,10.);
#2127=VECTOR('',#8397,0.0329051499546191);
#2128=VECTOR('',#8398,10.);
#2129=VECTOR('',#8401,10.);
#2130=VECTOR('',#8402,10.);
#2131=VECTOR('',#8405,10.);
#2132=VECTOR('',#8406,10.);
#2133=VECTOR('',#8409,0.0789874315947117);
#2134=VECTOR('',#8410,0.05000000000002);
#2135=VECTOR('',#8413,0.0754034806999006);
#2136=VECTOR('',#8414,0.05000000000002);
#2137=VECTOR('',#8417,0.0733474146565182);
#2138=VECTOR('',#8418,0.05000000000002);
#2139=VECTOR('',#8421,0.0707011664554575);
#2140=VECTOR('',#8422,0.05000000000002);
#2141=VECTOR('',#8425,0.0665532487782209);
#2142=VECTOR('',#8426,0.05000000000002);
#2143=VECTOR('',#8429,0.0636886073445495);
#2144=VECTOR('',#8430,0.05000000000002);
#2145=VECTOR('',#8433,0.0495988385653593);
#2146=VECTOR('',#8434,0.05000000000002);
#2147=VECTOR('',#8437,0.0529644820272101);
#2148=VECTOR('',#8438,0.05000000000002);
#2149=VECTOR('',#8441,0.05725479398593);
#2150=VECTOR('',#8442,0.05000000000002);
#2151=VECTOR('',#8445,0.0390058343189715);
#2152=VECTOR('',#8446,0.05000000000002);
#2153=VECTOR('',#8449,0.0498074256247791);
#2154=VECTOR('',#8450,10.);
#2155=VECTOR('',#8453,0.0608855590315319);
#2156=VECTOR('',#8454,10.);
#2157=VECTOR('',#8457,0.2641950223495);
#2158=VECTOR('',#8458,0.05000000000002);
#2159=VECTOR('',#8461,0.787051371986704);
#2160=VECTOR('',#8462,0.05000000000002);
#2161=VECTOR('',#8465,0.2018917512351);
#2162=VECTOR('',#8468,0.05000000000002);
#2163=VECTOR('',#8469,0.526627382779801);
#2164=VECTOR('',#8470,0.05000000000002);
#2165=VECTOR('',#8473,0.143094639275);
#2166=VECTOR('',#8474,0.05000000000002);
#2167=VECTOR('',#8477,0.786885549572367);
#2168=VECTOR('',#8478,0.05000000000002);
#2169=VECTOR('',#8481,0.143791931382);
#2170=VECTOR('',#8482,0.05000000000002);
#2171=VECTOR('',#8485,0.524441948583101);
#2172=VECTOR('',#8486,0.05000000000002);
#2173=VECTOR('',#8489,0.528795007484592);
#2174=VECTOR('',#8490,0.05000000000002);
#2175=VECTOR('',#8493,0.1436067747909);
#2176=VECTOR('',#8494,0.05000000000002);
#2177=VECTOR('',#8497,0.786881948498406);
#2178=VECTOR('',#8498,0.05000000000002);
#2179=VECTOR('',#8501,0.1441464868923);
#2180=VECTOR('',#8502,0.05000000000002);
#2181=VECTOR('',#8505,0.522642611808992);
#2182=VECTOR('',#8508,0.05000000000002);
#2183=VECTOR('',#8509,0.786943188245196);
#2184=VECTOR('',#8510,0.05000000000002);
#2185=VECTOR('',#8513,0.5555923261358);
#2186=VECTOR('',#8514,0.05000000000002);
#2187=VECTOR('',#8517,0.131504604524906);
#2188=VECTOR('',#8518,0.05000000000002);
#2189=VECTOR('',#8521,0.4013331298784);
#2190=VECTOR('',#8522,0.05000000000002);
#2191=VECTOR('',#8525,0.178708721515195);
#2192=VECTOR('',#8526,0.05000000000002);
#2193=VECTOR('',#8529,0.3878994180008);
#2194=VECTOR('',#8530,0.05000000000002);
#2195=VECTOR('',#8533,0.131504604534799);
#2196=VECTOR('',#8534,0.05000000000002);
#2197=VECTOR('',#8537,0.3880845747531);
#2198=VECTOR('',#8538,0.05000000000002);
#2199=VECTOR('',#8541,0.215039438690708);
#2200=VECTOR('',#8542,0.05000000000002);
#2201=VECTOR('',#8545,0.4360598663558);
#2202=VECTOR('',#8546,0.05000000000002);
#2203=VECTOR('',#8549,0.1316598978005);
#2204=VECTOR('',#8550,0.05000000000002);
#2205=VECTOR('',#8553,0.5854380157231);
#2206=VECTOR('',#8556,0.05000000000002);
#2207=VECTOR('',#8557,0.0641897756619312);
#2208=VECTOR('',#8558,0.05000000000002);
#2209=VECTOR('',#8561,0.148686582635304);
#2210=VECTOR('',#8562,0.05000000000002);
#2211=VECTOR('',#8565,0.0331747542592609);
#2212=VECTOR('',#8566,0.05000000000002);
#2213=VECTOR('',#8569,0.0292121061383596);
#2214=VECTOR('',#8570,0.05000000000002);
#2215=VECTOR('',#8573,0.0274741252003606);
#2216=VECTOR('',#8574,0.05000000000002);
#2217=VECTOR('',#8577,0.0286780836134396);
#2218=VECTOR('',#8578,0.05000000000002);
#2219=VECTOR('',#8581,0.0330215012027492);
#2220=VECTOR('',#8582,0.05000000000002);
#2221=VECTOR('',#8585,0.0395086858182795);
#2222=VECTOR('',#8586,10.);
#2223=VECTOR('',#8589,0.0389161262830887);
#2224=VECTOR('',#8590,10.);
#2225=VECTOR('',#8593,0.0321711915568197);
#2226=VECTOR('',#8594,0.05000000000002);
#2227=VECTOR('',#8597,0.0267526746461705);
#2228=VECTOR('',#8598,0.05000000000002);
#2229=VECTOR('',#8601,0.0235922309372694);
#2230=VECTOR('',#8602,0.05000000000002);
#2231=VECTOR('',#8605,0.0219706900393903);
#2232=VECTOR('',#8606,0.05000000000002);
#2233=VECTOR('',#8609,0.0222023013826595);
#2234=VECTOR('',#8610,10.);
#2235=VECTOR('',#8613,0.02024443256295);
#2236=VECTOR('',#8614,10.);
#2237=VECTOR('',#8617,0.0188654173723508);
#2238=VECTOR('',#8618,0.05000000000002);
#2239=VECTOR('',#8621,0.0195538888982912);
#2240=VECTOR('',#8622,0.05000000000002);
#2241=VECTOR('',#8625,0.0269101595687798);
#2242=VECTOR('',#8626,0.05000000000002);
#2243=VECTOR('',#8629,0.0399062652301019);
#2244=VECTOR('',#8630,0.05000000000002);
#2245=VECTOR('',#8633,10.);
#2246=VECTOR('',#8634,0.05000000000002);
#2247=VECTOR('',#8637,0.0596768404748183);
#2248=VECTOR('',#8638,0.05000000000002);
#2249=VECTOR('',#8641,0.0402477475888098);
#2250=VECTOR('',#8642,0.05000000000002);
#2251=VECTOR('',#8645,0.0450402650087598);
#2252=VECTOR('',#8646,0.05000000000002);
#2253=VECTOR('',#8649,0.0456037648965079);
#2254=VECTOR('',#8650,10.);
#2255=VECTOR('',#8653,0.0501979518473224);
#2256=VECTOR('',#8654,10.);
#2257=VECTOR('',#8657,0.0648659230868408);
#2258=VECTOR('',#8658,0.05000000000002);
#2259=VECTOR('',#8661,0.0651533863670725);
#2260=VECTOR('',#8662,0.05000000000002);
#2261=VECTOR('',#8665,0.0701478857321811);
#2262=VECTOR('',#8666,0.05000000000002);
#2263=VECTOR('',#8669,0.0745898222137259);
#2264=VECTOR('',#8670,0.05000000000002);
#2265=VECTOR('',#8673,0.0790207711018018);
#2266=VECTOR('',#8674,0.05000000000002);
#2267=VECTOR('',#8677,0.0878355605168499);
#2268=VECTOR('',#8678,0.05000000000002);
#2269=VECTOR('',#8681,0.0612394177913493);
#2270=VECTOR('',#8682,0.05000000000002);
#2271=VECTOR('',#8685,0.0556505065856793);
#2272=VECTOR('',#8686,0.05000000000002);
#2273=VECTOR('',#8689,0.0512887045996514);
#2274=VECTOR('',#8690,0.05000000000002);
#2275=VECTOR('',#8693,0.0467946380723208);
#2276=VECTOR('',#8694,0.05000000000002);
#2277=VECTOR('',#8697,0.0424617062999919);
#2278=VECTOR('',#8698,0.05000000000002);
#2279=VECTOR('',#8701,0.0409591515365702);
#2280=VECTOR('',#8702,0.05000000000002);
#2281=VECTOR('',#8705,0.0420245588954302);
#2282=VECTOR('',#8706,0.05000000000002);
#2283=VECTOR('',#8709,0.0444734625703819);
#2284=VECTOR('',#8710,0.05000000000002);
#2285=VECTOR('',#8713,0.0483507298109008);
#2286=VECTOR('',#8714,0.05000000000002);
#2287=VECTOR('',#8717,0.147808870193604);
#2288=VECTOR('',#8718,10.);
#2289=VECTOR('',#8721,0.041701485275301);
#2290=VECTOR('',#8722,0.0500040565871605);
#2291=VECTOR('',#8725,0.0318544951016393);
#2292=VECTOR('',#8726,0.05000000000002);
#2293=VECTOR('',#8729,0.0234023905434893);
#2294=VECTOR('',#8730,0.05000000000002);
#2295=VECTOR('',#8733,0.0345251549484906);
#2296=VECTOR('',#8734,0.05000000000002);
#2297=VECTOR('',#8737,0.0422831078540605);
#2298=VECTOR('',#8738,0.05000000000002);
#2299=VECTOR('',#8741,0.0539483929111709);
#2300=VECTOR('',#8742,10.);
#2301=VECTOR('',#8745,0.0462144722617916);
#2302=VECTOR('',#8746,10.);
#2303=VECTOR('',#8749,0.0385489032868596);
#2304=VECTOR('',#8750,0.05000000000002);
#2305=VECTOR('',#8753,0.0325058731896698);
#2306=VECTOR('',#8754,0.05000000000002);
#2307=VECTOR('',#8757,0.0285156583121602);
#2308=VECTOR('',#8758,0.05000000000002);
#2309=VECTOR('',#8761,0.0257643682848191);
#2310=VECTOR('',#8762,0.05000000000002);
#2311=VECTOR('',#8765,0.0251080985484011);
#2312=VECTOR('',#8766,10.);
#2313=VECTOR('',#8769,0.0210616625856991);
#2314=VECTOR('',#8770,10.);
#2315=VECTOR('',#8773,0.0201131731185995);
#2316=VECTOR('',#8774,0.05000000000002);
#2317=VECTOR('',#8777,0.0213805441957288);
#2318=VECTOR('',#8778,0.05000000000002);
#2319=VECTOR('',#8781,0.0232935835897502);
#2320=VECTOR('',#8782,0.05000000000002);
#2321=VECTOR('',#8785,10.);
#2322=VECTOR('',#8786,0.05000000000002);
#2323=VECTOR('',#8789,10.);
#2324=VECTOR('',#8790,0.05000000000002);
#2325=VECTOR('',#8793,0.0452431427838302);
#2326=VECTOR('',#8794,0.05000000000002);
#2327=VECTOR('',#8797,0.0350448416520309);
#2328=VECTOR('',#8798,0.05000000000002);
#2329=VECTOR('',#8801,0.0293689167435501);
#2330=VECTOR('',#8802,0.05000000000002);
#2331=VECTOR('',#8805,0.0287265631552901);
#2332=VECTOR('',#8806,0.05000000000002);
#2333=VECTOR('',#8809,0.0290474906680999);
#2334=VECTOR('',#8810,0.05000000000002);
#2335=VECTOR('',#8813,0.0300932820282998);
#2336=VECTOR('',#8814,0.05000000000002);
#2337=VECTOR('',#8817,0.0317748320537289);
#2338=VECTOR('',#8818,0.050004091503919);
#2339=VECTOR('',#8821,0.0345892139123085);
#2340=VECTOR('',#8822,0.0500041641825487);
#2341=VECTOR('',#8825,0.0612058011375726);
#2342=VECTOR('',#8826,0.05000000000002);
#2343=VECTOR('',#8829,0.0596622862159993);
#2344=VECTOR('',#8830,0.05000000000002);
#2345=VECTOR('',#8833,0.0624883144655428);
#2346=VECTOR('',#8834,0.05000000000002);
#2347=VECTOR('',#8837,0.06615536449456);
#2348=VECTOR('',#8838,0.05000000000002);
#2349=VECTOR('',#8841,0.0715266855909808);
#2350=VECTOR('',#8842,0.05000000000002);
#2351=VECTOR('',#8845,0.0808086502086869);
#2352=VECTOR('',#8846,0.05000000000002);
#2353=VECTOR('',#8849,0.0808392723078134);
#2354=VECTOR('',#8850,0.05000000000002);
#2355=VECTOR('',#8853,0.0689144491735195);
#2356=VECTOR('',#8854,0.05000000000002);
#2357=VECTOR('',#8857,0.0614616779019001);
#2358=VECTOR('',#8858,0.05000000000002);
#2359=VECTOR('',#8861,0.0581980929241593);
#2360=VECTOR('',#8862,0.05000000000002);
#2361=VECTOR('',#8865,0.0585523843142182);
#2362=VECTOR('',#8868,0.05000000000002);
#2363=VECTOR('',#8869,0.0647939587499314);
#2364=VECTOR('',#8870,0.05000000000002);
#2365=VECTOR('',#8873,0.0674052622356185);
#2366=VECTOR('',#8874,0.05000000000002);
#2367=VECTOR('',#8877,0.0861890885098704);
#2368=VECTOR('',#8878,0.05000000000002);
#2369=VECTOR('',#8881,0.0772259362628365);
#2370=VECTOR('',#8882,0.05000000000002);
#2371=VECTOR('',#8885,0.0750176939616383);
#2372=VECTOR('',#8886,0.05000000000002);
#2373=VECTOR('',#8889,0.0756314707024762);
#2374=VECTOR('',#8890,0.05000000000002);
#2375=VECTOR('',#8893,0.0789243328902716);
#2376=VECTOR('',#8894,10.);
#2377=VECTOR('',#8897,0.0887539302183294);
#2378=VECTOR('',#8898,0.0500011625267004);
#2379=VECTOR('',#8901,0.079700427540749);
#2380=VECTOR('',#8902,0.05000000000002);
#2381=VECTOR('',#8905,0.0811634787116461);
#2382=VECTOR('',#8906,0.05000000000002);
#2383=VECTOR('',#8909,0.0845071925422984);
#2384=VECTOR('',#8910,0.05000000000002);
#2385=VECTOR('',#8913,0.0841532219318388);
#2386=VECTOR('',#8914,0.05000000000002);
#2387=VECTOR('',#8917,0.0803632831214624);
#2388=VECTOR('',#8918,0.05000000000002);
#2389=VECTOR('',#8921,0.0787880328774703);
#2390=VECTOR('',#8922,0.05000000000002);
#2391=VECTOR('',#8925,0.0777911809000379);
#2392=VECTOR('',#8926,0.05000000000002);
#2393=VECTOR('',#8929,0.0769543157653703);
#2394=VECTOR('',#8930,0.05000000000002);
#2395=VECTOR('',#8933,0.0786730877823299);
#2396=VECTOR('',#8934,0.05000000000002);
#2397=VECTOR('',#8937,0.0657076215043317);
#2398=VECTOR('',#8938,0.05000000000002);
#2399=VECTOR('',#8941,0.0590335127210722);
#2400=VECTOR('',#8942,0.05000000000002);
#2401=VECTOR('',#8945,0.0549790482187885);
#2402=VECTOR('',#8946,0.05000000000002);
#2403=VECTOR('',#8949,0.0518268949397495);
#2404=VECTOR('',#8950,0.05000000000002);
#2405=VECTOR('',#8953,0.0489505502368123);
#2406=VECTOR('',#8954,0.05000000000002);
#2407=VECTOR('',#8957,0.0484868029116293);
#2408=VECTOR('',#8958,0.05000000000002);
#2409=VECTOR('',#8961,0.048260398550408);
#2410=VECTOR('',#8962,0.05000000000002);
#2411=VECTOR('',#8965,0.0475169793439183);
#2412=VECTOR('',#8966,0.0500040966764006);
#2413=VECTOR('',#8969,0.0476819547442582);
#2414=VECTOR('',#8970,0.050004168132402);
#2415=VECTOR('',#8973,0.0455880566895898);
#2416=VECTOR('',#8974,0.05000000000002);
#2417=VECTOR('',#8977,0.0481658084733425);
#2418=VECTOR('',#8978,0.05000000000002);
#2419=VECTOR('',#8981,0.051003547801249);
#2420=VECTOR('',#8982,0.05000000000002);
#2421=VECTOR('',#8985,0.0685698844037628);
#2422=VECTOR('',#8986,0.05000000000002);
#2423=VECTOR('',#8989,0.0658707437001005);
#2424=VECTOR('',#8990,0.05000000000002);
#2425=VECTOR('',#8993,0.0640676798030188);
#2426=VECTOR('',#8994,0.05000000000002);
#2427=VECTOR('',#8997,0.0627305559675714);
#2428=VECTOR('',#8998,0.05000000000002);
#2429=VECTOR('',#9001,0.0622840167852702);
#2430=VECTOR('',#9002,0.05000000000002);
#2431=VECTOR('',#9005,0.0629860687767411);
#2432=VECTOR('',#9006,0.05000000000002);
#2433=VECTOR('',#9009,0.0638351769632679);
#2434=VECTOR('',#9012,0.05000000000002);
#2435=VECTOR('',#9013,0.0399081192858983);
#2436=VECTOR('',#9014,0.05000000000002);
#2437=VECTOR('',#9017,0.049144877695289);
#2438=VECTOR('',#9018,0.05000000000002);
#2439=VECTOR('',#9021,0.04885689007285);
#2440=VECTOR('',#9022,0.05000000000002);
#2441=VECTOR('',#9025,0.0502293660327484);
#2442=VECTOR('',#9026,0.05000000000002);
#2443=VECTOR('',#9029,0.0519563536774302);
#2444=VECTOR('',#9030,0.05000000000002);
#2445=VECTOR('',#9033,0.0545030210413111);
#2446=VECTOR('',#9034,0.05000000000002);
#2447=VECTOR('',#9037,0.0589743124248203);
#2448=VECTOR('',#9038,0.05000000000002);
#2449=VECTOR('',#9041,0.0614585084620317);
#2450=VECTOR('',#9042,0.05000000000002);
#2451=VECTOR('',#9045,0.0618844979981219);
#2452=VECTOR('',#9046,0.05000000000002);
#2453=VECTOR('',#9049,0.063342450796997);
#2454=VECTOR('',#9050,0.0500041552813382);
#2455=VECTOR('',#9053,0.0576742290218827);
#2456=VECTOR('',#9054,10.);
#2457=VECTOR('',#9057,0.0475184718917498);
#2458=VECTOR('',#9058,0.05000000000002);
#2459=VECTOR('',#9061,0.0408214513503816);
#2460=VECTOR('',#9062,0.05000000000002);
#2461=VECTOR('',#9065,0.0393297661053404);
#2462=VECTOR('',#9066,0.05000000000002);
#2463=VECTOR('',#9069,0.0429762917281686);
#2464=VECTOR('',#9070,0.05000000000002);
#2465=VECTOR('',#9073,0.0505364428907301);
#2466=VECTOR('',#9074,0.0500040857690176);
#2467=VECTOR('',#9077,0.0334951186167711);
#2468=VECTOR('',#9078,10.);
#2469=VECTOR('',#9081,0.0347365415629688);
#2470=VECTOR('',#9082,0.05000000000002);
#2471=VECTOR('',#9085,0.0362790005795711);
#2472=VECTOR('',#9086,0.05000000000002);
#2473=VECTOR('',#9089,0.0356515638040097);
#2474=VECTOR('',#9090,0.05000000000002);
#2475=VECTOR('',#9093,0.0331618114005414);
#2476=VECTOR('',#9094,0.05000000000002);
#2477=VECTOR('',#9097,0.0307705473745902);
#2478=VECTOR('',#9098,0.05000000000002);
#2479=VECTOR('',#9101,0.116830313274304);
#2480=VECTOR('',#9102,0.05000000000002);
#2481=VECTOR('',#9105,0.1912511479657);
#2482=VECTOR('',#9106,0.05000000000002);
#2483=VECTOR('',#9109,0.131551365960098);
#2484=VECTOR('',#9110,0.05000000000002);
#2485=VECTOR('',#9113,0.3354015746075);
#2486=VECTOR('',#9114,0.05000000000002);
#2487=VECTOR('',#9117,0.337793376920013);
#2488=VECTOR('',#9118,0.05000000000002);
#2489=VECTOR('',#9121,0.0513243540081691);
#2490=VECTOR('',#9122,0.05000000000002);
#2491=VECTOR('',#9125,0.0553256699205796);
#2492=VECTOR('',#9126,0.05000000000002);
#2493=VECTOR('',#9129,0.0597044015207901);
#2494=VECTOR('',#9130,0.05000000000002);
#2495=VECTOR('',#9133,0.0611951485619194);
#2496=VECTOR('',#9134,0.05000000000002);
#2497=VECTOR('',#9137,0.0601376512263523);
#2498=VECTOR('',#9138,10.);
#2499=VECTOR('',#9141,0.0596780914747481);
#2500=VECTOR('',#9142,10.);
#2501=VECTOR('',#9145,0.0849629868596509);
#2502=VECTOR('',#9146,0.05000000000002);
#2503=VECTOR('',#9149,0.0718586470690711);
#2504=VECTOR('',#9150,0.05000000000002);
#2505=VECTOR('',#9153,0.0633300867306422);
#2506=VECTOR('',#9154,0.05000000000002);
#2507=VECTOR('',#9157,0.081973568742061);
#2508=VECTOR('',#9158,0.05000000000002);
#2509=VECTOR('',#9161,0.0866415152669795);
#2510=VECTOR('',#9162,10.);
#2511=VECTOR('',#9165,10.);
#2512=VECTOR('',#9166,0.05000000000002);
#2513=VECTOR('',#9169,0.072917673691496);
#2514=VECTOR('',#9170,0.05000000000002);
#2515=VECTOR('',#9173,0.0733032364320422);
#2516=VECTOR('',#9174,0.05000000000002);
#2517=VECTOR('',#9177,0.0748591749749403);
#2518=VECTOR('',#9178,0.05000000000002);
#2519=VECTOR('',#9181,0.0885579215375667);
#2520=VECTOR('',#9182,0.05000000000002);
#2521=VECTOR('',#9185,0.0840486787818035);
#2522=VECTOR('',#9186,0.05000000000002);
#2523=VECTOR('',#9189,0.0820151381380826);
#2524=VECTOR('',#9190,0.05000000000002);
#2525=VECTOR('',#9193,0.080855513659823);
#2526=VECTOR('',#9194,0.05000000000002);
#2527=VECTOR('',#9197,0.0808966459367717);
#2528=VECTOR('',#9198,0.05000000000002);
#2529=VECTOR('',#9201,0.0839612424100966);
#2530=VECTOR('',#9202,0.05000000000002);
#2531=VECTOR('',#9205,0.0803932120262876);
#2532=VECTOR('',#9206,0.05000000000002);
#2533=VECTOR('',#9209,0.0701611437713412);
#2534=VECTOR('',#9210,0.05000000000002);
#2535=VECTOR('',#9213,0.06385022624239);
#2536=VECTOR('',#9214,0.05000000000002);
#2537=VECTOR('',#9217,0.061974219157969);
#2538=VECTOR('',#9218,0.05000000000002);
#2539=VECTOR('',#9221,0.0649989968502789);
#2540=VECTOR('',#9222,0.05000000000002);
#2541=VECTOR('',#9225,0.0724314038461106);
#2542=VECTOR('',#9226,0.05000000000002);
#2543=VECTOR('',#9229,0.146356036769104);
#2544=VECTOR('',#9230,0.05000000000002);
#2545=VECTOR('',#9233,0.0402956960930809);
#2546=VECTOR('',#9234,0.05000000000002);
#2547=VECTOR('',#9237,0.0360349424939889);
#2548=VECTOR('',#9238,0.05000000000002);
#2549=VECTOR('',#9241,0.0337432292390797);
#2550=VECTOR('',#9242,0.05000000000002);
#2551=VECTOR('',#9245,0.0337322381989005);
#2552=VECTOR('',#9246,0.05000000000002);
#2553=VECTOR('',#9249,0.0357773989338581);
#2554=VECTOR('',#9252,0.05000000000002);
#2555=VECTOR('',#9253,0.74801802946);
#2556=VECTOR('',#9254,0.05000000000002);
#2557=VECTOR('',#9257,1.494372623174);
#2558=VECTOR('',#9258,0.05000000000002);
#2559=VECTOR('',#9261,0.7480180294585);
#2560=VECTOR('',#9262,0.05000000000002);
#2561=VECTOR('',#9265,1.05668101552098);
#2562=VECTOR('',#9266,0.05000000000002);
#2563=VECTOR('',#9269,1.056691757244);
#2564=VECTOR('',#9272,0.8);
#2565=VECTOR('',#9273,2.800000000241);
#2566=VECTOR('',#9274,2.800000000241);
#2567=VECTOR('',#9277,0.8);
#2568=VECTOR('',#9278,2.800000000241);
#2569=VECTOR('',#9281,0.8);
#2570=VECTOR('',#9282,2.800000000241);
#2571=VECTOR('',#9285,0.8);
#2572=VECTOR('',#9288,1.80000000172);
#2573=VECTOR('',#9293,0.19999999878);
#2574=VECTOR('',#9294,0.8000000002);
#2575=VECTOR('',#9295,0.19999999878);
#2576=VECTOR('',#9296,0.741060982837504);
#2577=VECTOR('',#9299,0.740658863685671);
#2578=VECTOR('',#9304,5.99999389088912);
#2579=VECTOR('',#9307,1.2000000003);
#2580=VECTOR('',#9308,0.19999999878);
#2581=VECTOR('',#9311,0.8000000002);
#2582=VECTOR('',#9312,0.19999999878);
#2583=VECTOR('',#9315,1.2000000003);
#2584=VECTOR('',#9318,5.99999274019395);
#2585=VECTOR('',#9323,0.0313502322213106);
#2586=VECTOR('',#9324,0.0222999328643404);
#2587=VECTOR('',#9325,0.0255299339003386);
#2588=VECTOR('',#9326,0.0261931783552009);
#2589=VECTOR('',#9327,0.0285820217820889);
#2590=VECTOR('',#9328,0.0329736438627788);
#2591=VECTOR('',#9329,0.0401731503355889);
#2592=VECTOR('',#9330,0.0488746910804311);
#2593=VECTOR('',#9331,0.0604578185488824);
#2594=VECTOR('',#9332,0.0566701465189566);
#2595=VECTOR('',#9333,0.0538466667508785);
#2596=VECTOR('',#9334,0.050720855617583);
#2597=VECTOR('',#9335,0.0472130968725384);
#2598=VECTOR('',#9336,0.0444161547006704);
#2599=VECTOR('',#9337,0.0292844125251594);
#2600=VECTOR('',#9338,0.0279733442295207);
#2601=VECTOR('',#9339,0.0272203100148612);
#2602=VECTOR('',#9340,0.0318155397253317);
#2603=VECTOR('',#9341,0.0415078772234189);
#2604=VECTOR('',#9342,0.0515772752028382);
#2605=VECTOR('',#9343,0.07818341568376);
#2606=VECTOR('',#9344,0.530401185635888);
#2607=VECTOR('',#9345,0.08933615426162);
#2608=VECTOR('',#9346,0.0406649533150804);
#2609=VECTOR('',#9355,0.0459768174177785);
#2610=VECTOR('',#9356,0.0420326212314711);
#2611=VECTOR('',#9357,0.0421791903458192);
#2612=VECTOR('',#9358,0.0437614663107881);
#2613=VECTOR('',#9359,0.0474600960295204);
#2614=VECTOR('',#9360,0.0547335036334404);
#2615=VECTOR('',#9361,0.0542871803414288);
#2616=VECTOR('',#9362,0.0573562292592507);
#2617=VECTOR('',#9363,0.0614331007374916);
#2618=VECTOR('',#9364,0.0608022157123788);
#2619=VECTOR('',#9365,0.0551982952043994);
#2620=VECTOR('',#9366,0.0510767068783888);
#2621=VECTOR('',#9367,0.0473284329705214);
#2622=VECTOR('',#9368,0.043699578465982);
#2623=VECTOR('',#9369,0.0417752551802888);
#2624=VECTOR('',#9370,0.0475320909146493);
#2625=VECTOR('',#9371,0.0429748172941306);
#2626=VECTOR('',#9372,0.0427569994773404);
#2627=VECTOR('',#9373,0.043489812730662);
#2628=VECTOR('',#9374,0.0443396540931819);
#2629=VECTOR('',#9375,10.);
#2630=VECTOR('',#9376,0.0835095872852762);
#2631=VECTOR('',#9377,0.0834660816861223);
#2632=VECTOR('',#9378,0.0865325425720422);
#2633=VECTOR('',#9379,0.0827645067907706);
#2634=VECTOR('',#9380,0.0740270342936829);
#2635=VECTOR('',#9381,0.0728029152551972);
#2636=VECTOR('',#9386,0.996941246963551);
#2637=VECTOR('',#9387,0.996941246960648);
#2638=VECTOR('',#9388,1.411698451426);
#2639=VECTOR('',#9391,0.6633249580699);
#2640=VECTOR('',#9392,0.4000000000011);
#2641=VECTOR('',#9393,0.6633249580699);
#2642=VECTOR('',#9396,0.3999999999996);
#2643=VECTOR('',#9397,0.6633249580699);
#2644=VECTOR('',#9400,0.4000000000004);
#2645=VECTOR('',#9401,0.66332495807012);
#2646=VECTOR('',#9404,0.3999999999997);
#2647=VECTOR('',#9409,0.94999999992);
#2648=VECTOR('',#9414,0.0313502322213106);
#2649=VECTOR('',#9415,0.05000000000002);
#2650=VECTOR('',#9416,0.05000000000002);
#2651=VECTOR('',#9419,0.0222999328643409);
#2652=VECTOR('',#9420,0.05000000000002);
#2653=VECTOR('',#9423,0.0255299339003409);
#2654=VECTOR('',#9424,0.05000000000002);
#2655=VECTOR('',#9427,0.0261931783552009);
#2656=VECTOR('',#9428,0.05000000000002);
#2657=VECTOR('',#9431,0.0285820217820889);
#2658=VECTOR('',#9432,0.05000000000002);
#2659=VECTOR('',#9435,0.0329736438627799);
#2660=VECTOR('',#9436,0.05000000000002);
#2661=VECTOR('',#9439,0.0401731503355889);
#2662=VECTOR('',#9440,0.05000000000002);
#2663=VECTOR('',#9443,0.048874691080431);
#2664=VECTOR('',#9444,0.05000000000002);
#2665=VECTOR('',#9447,0.0604578185488824);
#2666=VECTOR('',#9448,0.05000000000002);
#2667=VECTOR('',#9451,0.0566701465189721);
#2668=VECTOR('',#9452,0.05000000000002);
#2669=VECTOR('',#9455,0.0538466667508708);
#2670=VECTOR('',#9456,0.05000000000002);
#2671=VECTOR('',#9459,0.0507208556175788);
#2672=VECTOR('',#9460,0.05000000000002);
#2673=VECTOR('',#9463,0.0472130968725421);
#2674=VECTOR('',#9464,0.05000000000002);
#2675=VECTOR('',#9467,0.0444161547006604);
#2676=VECTOR('',#9468,0.05000000000002);
#2677=VECTOR('',#9471,0.0292844125251594);
#2678=VECTOR('',#9472,0.05000000000002);
#2679=VECTOR('',#9475,0.0279733442295194);
#2680=VECTOR('',#9476,0.05000000000002);
#2681=VECTOR('',#9479,0.0272203100148612);
#2682=VECTOR('',#9480,0.05000000000002);
#2683=VECTOR('',#9483,0.0318155397253317);
#2684=VECTOR('',#9484,0.05000000000002);
#2685=VECTOR('',#9487,0.0415078772234192);
#2686=VECTOR('',#9488,0.05000000000002);
#2687=VECTOR('',#9491,0.0515772752028281);
#2688=VECTOR('',#9492,0.05000000000002);
#2689=VECTOR('',#9495,0.07818341568377);
#2690=VECTOR('',#9496,0.05000000000002);
#2691=VECTOR('',#9499,0.530401185635888);
#2692=VECTOR('',#9500,0.05000000000002);
#2693=VECTOR('',#9503,0.08933615426162);
#2694=VECTOR('',#9504,0.05000000000002);
#2695=VECTOR('',#9507,0.0406649533150804);
#2696=VECTOR('',#9510,0.0459768174177885);
#2697=VECTOR('',#9511,0.05000000000002);
#2698=VECTOR('',#9512,0.05000000000002);
#2699=VECTOR('',#9515,0.0420326212314711);
#2700=VECTOR('',#9516,0.05000000000002);
#2701=VECTOR('',#9519,0.0421791903458192);
#2702=VECTOR('',#9520,0.05000000000002);
#2703=VECTOR('',#9523,0.0437614663107881);
#2704=VECTOR('',#9524,0.05000000000002);
#2705=VECTOR('',#9527,0.0474600960295204);
#2706=VECTOR('',#9528,0.05000000000002);
#2707=VECTOR('',#9531,0.0547335036334404);
#2708=VECTOR('',#9532,0.05000000000002);
#2709=VECTOR('',#9535,0.0542871803414288);
#2710=VECTOR('',#9536,0.05000000000002);
#2711=VECTOR('',#9539,0.0573562292592307);
#2712=VECTOR('',#9540,0.05000000000002);
#2713=VECTOR('',#9543,0.0614331007375116);
#2714=VECTOR('',#9544,0.05000000000002);
#2715=VECTOR('',#9547,0.0608022157123688);
#2716=VECTOR('',#9548,0.05000000000002);
#2717=VECTOR('',#9551,0.0551982952043994);
#2718=VECTOR('',#9552,0.05000000000002);
#2719=VECTOR('',#9555,0.0510767068783988);
#2720=VECTOR('',#9556,0.05000000000002);
#2721=VECTOR('',#9559,0.0473284329705214);
#2722=VECTOR('',#9560,0.05000000000002);
#2723=VECTOR('',#9563,0.043699578465982);
#2724=VECTOR('',#9564,0.05000000000002);
#2725=VECTOR('',#9567,0.0417752551802888);
#2726=VECTOR('',#9568,0.05000000000002);
#2727=VECTOR('',#9571,0.0475320909146488);
#2728=VECTOR('',#9572,0.05000000000002);
#2729=VECTOR('',#9575,0.0429748172941206);
#2730=VECTOR('',#9576,0.05000000000002);
#2731=VECTOR('',#9579,0.0427569994773504);
#2732=VECTOR('',#9580,0.05000000000002);
#2733=VECTOR('',#9583,0.0434898127306598);
#2734=VECTOR('',#9584,0.05000000000002);
#2735=VECTOR('',#9587,0.0444601202545808);
#2736=VECTOR('',#9588,10.);
#2737=VECTOR('',#9591,0.0486847249677524);
#2738=VECTOR('',#9592,0.0500002101477794);
#2739=VECTOR('',#9595,0.0833646223915062);
#2740=VECTOR('',#9596,0.05000000000002);
#2741=VECTOR('',#9599,0.0834660816861223);
#2742=VECTOR('',#9600,0.05000000000002);
#2743=VECTOR('',#9603,0.0865325425720422);
#2744=VECTOR('',#9604,0.05000000000002);
#2745=VECTOR('',#9607,0.0827645067907606);
#2746=VECTOR('',#9608,0.05000000000002);
#2747=VECTOR('',#9611,0.0740270342936829);
#2748=VECTOR('',#9612,0.05000000000002);
#2749=VECTOR('',#9615,0.0728029152551884);
#2750=VECTOR('',#9618,0.996941246963551);
#2751=VECTOR('',#9619,0.05000000000002);
#2752=VECTOR('',#9620,0.05000000000002);
#2753=VECTOR('',#9623,0.996941246960648);
#2754=VECTOR('',#9624,0.05000000000002);
#2755=VECTOR('',#9627,1.411698451426);
#2756=VECTOR('',#9632,0.8);
#2757=VECTOR('',#9633,0.8);
#2758=VECTOR('',#9634,0.8);
#2759=VECTOR('',#9635,0.8);
#2760=VECTOR('',#9644,0.7999999999995);
#2761=VECTOR('',#9645,3.499999999523);
#2762=VECTOR('',#9646,3.499999999523);
#2763=VECTOR('',#9649,0.8);
#2764=VECTOR('',#9650,3.49999999952);
#2765=VECTOR('',#9653,0.8000000000005);
#2766=VECTOR('',#9654,3.49999999952);
#2767=VECTOR('',#9657,0.8);
#2768=VECTOR('',#9660,0.66332495806772);
#2769=VECTOR('',#9661,0.3999999999996);
#2770=VECTOR('',#9662,0.66332495806772);
#2771=VECTOR('',#9665,0.3999999999996);
#2772=VECTOR('',#9666,0.6633249580711);
#2773=VECTOR('',#9669,0.4000000000003);
#2774=VECTOR('',#9670,0.663324958071);
#2775=VECTOR('',#9673,0.3999999999994);
#2776=VERTEX_POINT('',#9678);
#2777=VERTEX_POINT('',#9679);
#2778=VERTEX_POINT('',#9681);
#2779=VERTEX_POINT('',#9683);
#2780=VERTEX_POINT('',#9685);
#2781=VERTEX_POINT('',#9687);
#2782=VERTEX_POINT('',#9689);
#2783=VERTEX_POINT('',#9691);
#2784=VERTEX_POINT('',#9693);
#2785=VERTEX_POINT('',#9695);
#2786=VERTEX_POINT('',#9699);
#2787=VERTEX_POINT('',#9701);
#2788=VERTEX_POINT('',#9704);
#2789=VERTEX_POINT('',#9705);
#2790=VERTEX_POINT('',#9707);
#2791=VERTEX_POINT('',#9709);
#2792=VERTEX_POINT('',#9711);
#2793=VERTEX_POINT('',#9713);
#2794=VERTEX_POINT('',#9715);
#2795=VERTEX_POINT('',#9717);
#2796=VERTEX_POINT('',#9719);
#2797=VERTEX_POINT('',#9721);
#2798=VERTEX_POINT('',#9723);
#2799=VERTEX_POINT('',#9725);
#2800=VERTEX_POINT('',#9727);
#2801=VERTEX_POINT('',#9729);
#2802=VERTEX_POINT('',#9731);
#2803=VERTEX_POINT('',#9733);
#2804=VERTEX_POINT('',#9735);
#2805=VERTEX_POINT('',#9737);
#2806=VERTEX_POINT('',#9741);
#2807=VERTEX_POINT('',#9744);
#2808=VERTEX_POINT('',#9745);
#2809=VERTEX_POINT('',#9747);
#2810=VERTEX_POINT('',#9749);
#2811=VERTEX_POINT('',#9751);
#2812=VERTEX_POINT('',#9753);
#2813=VERTEX_POINT('',#9755);
#2814=VERTEX_POINT('',#9757);
#2815=VERTEX_POINT('',#9759);
#2816=VERTEX_POINT('',#9761);
#2817=VERTEX_POINT('',#9763);
#2818=VERTEX_POINT('',#9765);
#2819=VERTEX_POINT('',#9767);
#2820=VERTEX_POINT('',#9769);
#2821=VERTEX_POINT('',#9771);
#2822=VERTEX_POINT('',#9773);
#2823=VERTEX_POINT('',#9775);
#2824=VERTEX_POINT('',#9777);
#2825=VERTEX_POINT('',#9779);
#2826=VERTEX_POINT('',#9781);
#2827=VERTEX_POINT('',#9783);
#2828=VERTEX_POINT('',#9785);
#2829=VERTEX_POINT('',#9787);
#2830=VERTEX_POINT('',#9789);
#2831=VERTEX_POINT('',#9791);
#2832=VERTEX_POINT('',#9793);
#2833=VERTEX_POINT('',#9795);
#2834=VERTEX_POINT('',#9797);
#2835=VERTEX_POINT('',#9799);
#2836=VERTEX_POINT('',#9801);
#2837=VERTEX_POINT('',#9803);
#2838=VERTEX_POINT('',#9805);
#2839=VERTEX_POINT('',#9807);
#2840=VERTEX_POINT('',#9810);
#2841=VERTEX_POINT('',#9811);
#2842=VERTEX_POINT('',#9813);
#2843=VERTEX_POINT('',#9815);
#2844=VERTEX_POINT('',#9817);
#2845=VERTEX_POINT('',#9819);
#2846=VERTEX_POINT('',#9821);
#2847=VERTEX_POINT('',#9823);
#2848=VERTEX_POINT('',#9825);
#2849=VERTEX_POINT('',#9827);
#2850=VERTEX_POINT('',#9830);
#2851=VERTEX_POINT('',#9831);
#2852=VERTEX_POINT('',#9833);
#2853=VERTEX_POINT('',#9835);
#2854=VERTEX_POINT('',#9837);
#2855=VERTEX_POINT('',#9839);
#2856=VERTEX_POINT('',#9841);
#2857=VERTEX_POINT('',#9843);
#2858=VERTEX_POINT('',#9845);
#2859=VERTEX_POINT('',#9847);
#2860=VERTEX_POINT('',#9849);
#2861=VERTEX_POINT('',#9851);
#2862=VERTEX_POINT('',#9854);
#2863=VERTEX_POINT('',#9855);
#2864=VERTEX_POINT('',#9857);
#2865=VERTEX_POINT('',#9859);
#2866=VERTEX_POINT('',#9861);
#2867=VERTEX_POINT('',#9863);
#2868=VERTEX_POINT('',#9865);
#2869=VERTEX_POINT('',#9867);
#2870=VERTEX_POINT('',#9869);
#2871=VERTEX_POINT('',#9871);
#2872=VERTEX_POINT('',#9873);
#2873=VERTEX_POINT('',#9875);
#2874=VERTEX_POINT('',#9877);
#2875=VERTEX_POINT('',#9879);
#2876=VERTEX_POINT('',#9881);
#2877=VERTEX_POINT('',#9883);
#2878=VERTEX_POINT('',#9885);
#2879=VERTEX_POINT('',#9887);
#2880=VERTEX_POINT('',#9889);
#2881=VERTEX_POINT('',#9891);
#2882=VERTEX_POINT('',#9893);
#2883=VERTEX_POINT('',#9895);
#2884=VERTEX_POINT('',#9897);
#2885=VERTEX_POINT('',#9899);
#2886=VERTEX_POINT('',#9901);
#2887=VERTEX_POINT('',#9903);
#2888=VERTEX_POINT('',#9905);
#2889=VERTEX_POINT('',#9907);
#2890=VERTEX_POINT('',#9909);
#2891=VERTEX_POINT('',#9911);
#2892=VERTEX_POINT('',#9913);
#2893=VERTEX_POINT('',#9915);
#2894=VERTEX_POINT('',#9917);
#2895=VERTEX_POINT('',#9919);
#2896=VERTEX_POINT('',#9921);
#2897=VERTEX_POINT('',#9923);
#2898=VERTEX_POINT('',#9925);
#2899=VERTEX_POINT('',#9927);
#2900=VERTEX_POINT('',#9929);
#2901=VERTEX_POINT('',#9931);
#2902=VERTEX_POINT('',#9933);
#2903=VERTEX_POINT('',#9935);
#2904=VERTEX_POINT('',#9937);
#2905=VERTEX_POINT('',#9939);
#2906=VERTEX_POINT('',#9941);
#2907=VERTEX_POINT('',#9943);
#2908=VERTEX_POINT('',#9945);
#2909=VERTEX_POINT('',#9947);
#2910=VERTEX_POINT('',#9949);
#2911=VERTEX_POINT('',#9951);
#2912=VERTEX_POINT('',#9953);
#2913=VERTEX_POINT('',#9955);
#2914=VERTEX_POINT('',#9957);
#2915=VERTEX_POINT('',#9959);
#2916=VERTEX_POINT('',#9961);
#2917=VERTEX_POINT('',#9963);
#2918=VERTEX_POINT('',#9965);
#2919=VERTEX_POINT('',#9967);
#2920=VERTEX_POINT('',#9969);
#2921=VERTEX_POINT('',#9971);
#2922=VERTEX_POINT('',#9973);
#2923=VERTEX_POINT('',#9975);
#2924=VERTEX_POINT('',#9977);
#2925=VERTEX_POINT('',#9979);
#2926=VERTEX_POINT('',#9981);
#2927=VERTEX_POINT('',#9983);
#2928=VERTEX_POINT('',#9985);
#2929=VERTEX_POINT('',#9987);
#2930=VERTEX_POINT('',#9989);
#2931=VERTEX_POINT('',#9991);
#2932=VERTEX_POINT('',#9993);
#2933=VERTEX_POINT('',#9995);
#2934=VERTEX_POINT('',#9997);
#2935=VERTEX_POINT('',#9999);
#2936=VERTEX_POINT('',#10001);
#2937=VERTEX_POINT('',#10003);
#2938=VERTEX_POINT('',#10005);
#2939=VERTEX_POINT('',#10007);
#2940=VERTEX_POINT('',#10010);
#2941=VERTEX_POINT('',#10011);
#2942=VERTEX_POINT('',#10013);
#2943=VERTEX_POINT('',#10015);
#2944=VERTEX_POINT('',#10017);
#2945=VERTEX_POINT('',#10019);
#2946=VERTEX_POINT('',#10021);
#2947=VERTEX_POINT('',#10023);
#2948=VERTEX_POINT('',#10025);
#2949=VERTEX_POINT('',#10027);
#2950=VERTEX_POINT('',#10029);
#2951=VERTEX_POINT('',#10031);
#2952=VERTEX_POINT('',#10033);
#2953=VERTEX_POINT('',#10035);
#2954=VERTEX_POINT('',#10037);
#2955=VERTEX_POINT('',#10039);
#2956=VERTEX_POINT('',#10041);
#2957=VERTEX_POINT('',#10043);
#2958=VERTEX_POINT('',#10045);
#2959=VERTEX_POINT('',#10047);
#2960=VERTEX_POINT('',#10049);
#2961=VERTEX_POINT('',#10051);
#2962=VERTEX_POINT('',#10053);
#2963=VERTEX_POINT('',#10055);
#2964=VERTEX_POINT('',#10057);
#2965=VERTEX_POINT('',#10059);
#2966=VERTEX_POINT('',#10061);
#2967=VERTEX_POINT('',#10063);
#2968=VERTEX_POINT('',#10065);
#2969=VERTEX_POINT('',#10067);
#2970=VERTEX_POINT('',#10069);
#2971=VERTEX_POINT('',#10071);
#2972=VERTEX_POINT('',#10073);
#2973=VERTEX_POINT('',#10075);
#2974=VERTEX_POINT('',#10077);
#2975=VERTEX_POINT('',#10079);
#2976=VERTEX_POINT('',#10082);
#2977=VERTEX_POINT('',#10083);
#2978=VERTEX_POINT('',#10085);
#2979=VERTEX_POINT('',#10087);
#2980=VERTEX_POINT('',#10089);
#2981=VERTEX_POINT('',#10091);
#2982=VERTEX_POINT('',#10093);
#2983=VERTEX_POINT('',#10095);
#2984=VERTEX_POINT('',#10097);
#2985=VERTEX_POINT('',#10099);
#2986=VERTEX_POINT('',#10101);
#2987=VERTEX_POINT('',#10103);
#2988=VERTEX_POINT('',#10105);
#2989=VERTEX_POINT('',#10107);
#2990=VERTEX_POINT('',#10109);
#2991=VERTEX_POINT('',#10111);
#2992=VERTEX_POINT('',#10113);
#2993=VERTEX_POINT('',#10115);
#2994=VERTEX_POINT('',#10117);
#2995=VERTEX_POINT('',#10119);
#2996=VERTEX_POINT('',#10121);
#2997=VERTEX_POINT('',#10123);
#2998=VERTEX_POINT('',#10125);
#2999=VERTEX_POINT('',#10127);
#3000=VERTEX_POINT('',#10129);
#3001=VERTEX_POINT('',#10131);
#3002=VERTEX_POINT('',#10133);
#3003=VERTEX_POINT('',#10135);
#3004=VERTEX_POINT('',#10137);
#3005=VERTEX_POINT('',#10139);
#3006=VERTEX_POINT('',#10141);
#3007=VERTEX_POINT('',#10143);
#3008=VERTEX_POINT('',#10145);
#3009=VERTEX_POINT('',#10147);
#3010=VERTEX_POINT('',#10149);
#3011=VERTEX_POINT('',#10151);
#3012=VERTEX_POINT('',#10153);
#3013=VERTEX_POINT('',#10155);
#3014=VERTEX_POINT('',#10157);
#3015=VERTEX_POINT('',#10159);
#3016=VERTEX_POINT('',#10161);
#3017=VERTEX_POINT('',#10163);
#3018=VERTEX_POINT('',#10165);
#3019=VERTEX_POINT('',#10167);
#3020=VERTEX_POINT('',#10169);
#3021=VERTEX_POINT('',#10171);
#3022=VERTEX_POINT('',#10173);
#3023=VERTEX_POINT('',#10175);
#3024=VERTEX_POINT('',#10177);
#3025=VERTEX_POINT('',#10179);
#3026=VERTEX_POINT('',#10181);
#3027=VERTEX_POINT('',#10183);
#3028=VERTEX_POINT('',#10185);
#3029=VERTEX_POINT('',#10187);
#3030=VERTEX_POINT('',#10189);
#3031=VERTEX_POINT('',#10191);
#3032=VERTEX_POINT('',#10193);
#3033=VERTEX_POINT('',#10195);
#3034=VERTEX_POINT('',#10197);
#3035=VERTEX_POINT('',#10199);
#3036=VERTEX_POINT('',#10202);
#3037=VERTEX_POINT('',#10203);
#3038=VERTEX_POINT('',#10205);
#3039=VERTEX_POINT('',#10207);
#3040=VERTEX_POINT('',#10209);
#3041=VERTEX_POINT('',#10213);
#3042=VERTEX_POINT('',#10216);
#3043=VERTEX_POINT('',#10217);
#3044=VERTEX_POINT('',#10219);
#3045=VERTEX_POINT('',#10221);
#3046=VERTEX_POINT('',#10225);
#3047=VERTEX_POINT('',#10229);
#3048=VERTEX_POINT('',#10233);
#3049=VERTEX_POINT('',#10237);
#3050=VERTEX_POINT('',#10241);
#3051=VERTEX_POINT('',#10245);
#3052=VERTEX_POINT('',#10252);
#3053=VERTEX_POINT('',#10253);
#3054=VERTEX_POINT('',#10256);
#3055=VERTEX_POINT('',#10260);
#3056=VERTEX_POINT('',#10264);
#3057=VERTEX_POINT('',#10266);
#3058=VERTEX_POINT('',#10270);
#3059=VERTEX_POINT('',#10271);
#3060=VERTEX_POINT('',#10275);
#3061=VERTEX_POINT('',#10279);
#3062=VERTEX_POINT('',#10283);
#3063=VERTEX_POINT('',#10287);
#3064=VERTEX_POINT('',#10291);
#3065=VERTEX_POINT('',#10295);
#3066=VERTEX_POINT('',#10297);
#3067=VERTEX_POINT('',#10299);
#3068=VERTEX_POINT('',#10301);
#3069=VERTEX_POINT('',#10303);
#3070=VERTEX_POINT('',#10307);
#3071=VERTEX_POINT('',#10311);
#3072=VERTEX_POINT('',#10315);
#3073=VERTEX_POINT('',#10319);
#3074=VERTEX_POINT('',#10323);
#3075=VERTEX_POINT('',#10325);
#3076=VERTEX_POINT('',#10329);
#3077=VERTEX_POINT('',#10335);
#3078=VERTEX_POINT('',#10353);
#3079=VERTEX_POINT('',#10355);
#3080=VERTEX_POINT('',#10359);
#3081=VERTEX_POINT('',#10363);
#3082=VERTEX_POINT('',#10367);
#3083=VERTEX_POINT('',#10371);
#3084=VERTEX_POINT('',#10375);
#3085=VERTEX_POINT('',#10379);
#3086=VERTEX_POINT('',#10383);
#3087=VERTEX_POINT('',#10387);
#3088=VERTEX_POINT('',#10391);
#3089=VERTEX_POINT('',#10395);
#3090=VERTEX_POINT('',#10399);
#3091=VERTEX_POINT('',#10403);
#3092=VERTEX_POINT('',#10407);
#3093=VERTEX_POINT('',#10411);
#3094=VERTEX_POINT('',#10415);
#3095=VERTEX_POINT('',#10419);
#3096=VERTEX_POINT('',#10423);
#3097=VERTEX_POINT('',#10427);
#3098=VERTEX_POINT('',#10431);
#3099=VERTEX_POINT('',#10435);
#3100=VERTEX_POINT('',#10439);
#3101=VERTEX_POINT('',#10443);
#3102=VERTEX_POINT('',#10447);
#3103=VERTEX_POINT('',#10451);
#3104=VERTEX_POINT('',#10455);
#3105=VERTEX_POINT('',#10459);
#3106=VERTEX_POINT('',#10463);
#3107=VERTEX_POINT('',#10467);
#3108=VERTEX_POINT('',#10471);
#3109=VERTEX_POINT('',#10475);
#3110=VERTEX_POINT('',#10479);
#3111=VERTEX_POINT('',#10485);
#3112=VERTEX_POINT('',#10487);
#3113=VERTEX_POINT('',#10491);
#3114=VERTEX_POINT('',#10495);
#3115=VERTEX_POINT('',#10499);
#3116=VERTEX_POINT('',#10503);
#3117=VERTEX_POINT('',#10507);
#3118=VERTEX_POINT('',#10511);
#3119=VERTEX_POINT('',#10515);
#3120=VERTEX_POINT('',#10519);
#3121=VERTEX_POINT('',#10525);
#3122=VERTEX_POINT('',#10527);
#3123=VERTEX_POINT('',#10531);
#3124=VERTEX_POINT('',#10535);
#3125=VERTEX_POINT('',#10539);
#3126=VERTEX_POINT('',#10543);
#3127=VERTEX_POINT('',#10547);
#3128=VERTEX_POINT('',#10551);
#3129=VERTEX_POINT('',#10555);
#3130=VERTEX_POINT('',#10559);
#3131=VERTEX_POINT('',#10563);
#3132=VERTEX_POINT('',#10567);
#3133=VERTEX_POINT('',#10573);
#3134=VERTEX_POINT('',#10575);
#3135=VERTEX_POINT('',#10579);
#3136=VERTEX_POINT('',#10583);
#3137=VERTEX_POINT('',#10587);
#3138=VERTEX_POINT('',#10591);
#3139=VERTEX_POINT('',#10595);
#3140=VERTEX_POINT('',#10599);
#3141=VERTEX_POINT('',#10603);
#3142=VERTEX_POINT('',#10607);
#3143=VERTEX_POINT('',#10611);
#3144=VERTEX_POINT('',#10615);
#3145=VERTEX_POINT('',#10619);
#3146=VERTEX_POINT('',#10623);
#3147=VERTEX_POINT('',#10627);
#3148=VERTEX_POINT('',#10631);
#3149=VERTEX_POINT('',#10635);
#3150=VERTEX_POINT('',#10639);
#3151=VERTEX_POINT('',#10643);
#3152=VERTEX_POINT('',#10647);
#3153=VERTEX_POINT('',#10651);
#3154=VERTEX_POINT('',#10655);
#3155=VERTEX_POINT('',#10659);
#3156=VERTEX_POINT('',#10663);
#3157=VERTEX_POINT('',#10667);
#3158=VERTEX_POINT('',#10671);
#3159=VERTEX_POINT('',#10675);
#3160=VERTEX_POINT('',#10679);
#3161=VERTEX_POINT('',#10683);
#3162=VERTEX_POINT('',#10687);
#3163=VERTEX_POINT('',#10691);
#3164=VERTEX_POINT('',#10695);
#3165=VERTEX_POINT('',#10699);
#3166=VERTEX_POINT('',#10703);
#3167=VERTEX_POINT('',#10707);
#3168=VERTEX_POINT('',#10711);
#3169=VERTEX_POINT('',#10715);
#3170=VERTEX_POINT('',#10719);
#3171=VERTEX_POINT('',#10723);
#3172=VERTEX_POINT('',#10727);
#3173=VERTEX_POINT('',#10731);
#3174=VERTEX_POINT('',#10735);
#3175=VERTEX_POINT('',#10739);
#3176=VERTEX_POINT('',#10743);
#3177=VERTEX_POINT('',#10747);
#3178=VERTEX_POINT('',#10751);
#3179=VERTEX_POINT('',#10755);
#3180=VERTEX_POINT('',#10759);
#3181=VERTEX_POINT('',#10763);
#3182=VERTEX_POINT('',#10767);
#3183=VERTEX_POINT('',#10771);
#3184=VERTEX_POINT('',#10775);
#3185=VERTEX_POINT('',#10779);
#3186=VERTEX_POINT('',#10783);
#3187=VERTEX_POINT('',#10787);
#3188=VERTEX_POINT('',#10791);
#3189=VERTEX_POINT('',#10795);
#3190=VERTEX_POINT('',#10799);
#3191=VERTEX_POINT('',#10803);
#3192=VERTEX_POINT('',#10807);
#3193=VERTEX_POINT('',#10811);
#3194=VERTEX_POINT('',#10815);
#3195=VERTEX_POINT('',#10819);
#3196=VERTEX_POINT('',#10823);
#3197=VERTEX_POINT('',#10827);
#3198=VERTEX_POINT('',#10831);
#3199=VERTEX_POINT('',#10835);
#3200=VERTEX_POINT('',#10839);
#3201=VERTEX_POINT('',#10843);
#3202=VERTEX_POINT('',#10847);
#3203=VERTEX_POINT('',#10851);
#3204=VERTEX_POINT('',#10855);
#3205=VERTEX_POINT('',#10859);
#3206=VERTEX_POINT('',#10863);
#3207=VERTEX_POINT('',#10867);
#3208=VERTEX_POINT('',#10871);
#3209=VERTEX_POINT('',#10875);
#3210=VERTEX_POINT('',#10879);
#3211=VERTEX_POINT('',#10885);
#3212=VERTEX_POINT('',#10887);
#3213=VERTEX_POINT('',#10891);
#3214=VERTEX_POINT('',#10895);
#3215=VERTEX_POINT('',#10899);
#3216=VERTEX_POINT('',#10903);
#3217=VERTEX_POINT('',#10907);
#3218=VERTEX_POINT('',#10911);
#3219=VERTEX_POINT('',#10915);
#3220=VERTEX_POINT('',#10919);
#3221=VERTEX_POINT('',#10923);
#3222=VERTEX_POINT('',#10927);
#3223=VERTEX_POINT('',#10931);
#3224=VERTEX_POINT('',#10935);
#3225=VERTEX_POINT('',#10939);
#3226=VERTEX_POINT('',#10943);
#3227=VERTEX_POINT('',#10947);
#3228=VERTEX_POINT('',#10951);
#3229=VERTEX_POINT('',#10955);
#3230=VERTEX_POINT('',#10959);
#3231=VERTEX_POINT('',#10963);
#3232=VERTEX_POINT('',#10967);
#3233=VERTEX_POINT('',#10971);
#3234=VERTEX_POINT('',#10975);
#3235=VERTEX_POINT('',#10979);
#3236=VERTEX_POINT('',#10983);
#3237=VERTEX_POINT('',#10987);
#3238=VERTEX_POINT('',#10991);
#3239=VERTEX_POINT('',#10995);
#3240=VERTEX_POINT('',#10999);
#3241=VERTEX_POINT('',#11003);
#3242=VERTEX_POINT('',#11007);
#3243=VERTEX_POINT('',#11011);
#3244=VERTEX_POINT('',#11015);
#3245=VERTEX_POINT('',#11019);
#3246=VERTEX_POINT('',#11023);
#3247=VERTEX_POINT('',#11029);
#3248=VERTEX_POINT('',#11031);
#3249=VERTEX_POINT('',#11035);
#3250=VERTEX_POINT('',#11039);
#3251=VERTEX_POINT('',#11043);
#3252=VERTEX_POINT('',#11047);
#3253=VERTEX_POINT('',#11051);
#3254=VERTEX_POINT('',#11055);
#3255=VERTEX_POINT('',#11059);
#3256=VERTEX_POINT('',#11063);
#3257=VERTEX_POINT('',#11067);
#3258=VERTEX_POINT('',#11071);
#3259=VERTEX_POINT('',#11075);
#3260=VERTEX_POINT('',#11079);
#3261=VERTEX_POINT('',#11083);
#3262=VERTEX_POINT('',#11087);
#3263=VERTEX_POINT('',#11091);
#3264=VERTEX_POINT('',#11095);
#3265=VERTEX_POINT('',#11099);
#3266=VERTEX_POINT('',#11103);
#3267=VERTEX_POINT('',#11107);
#3268=VERTEX_POINT('',#11111);
#3269=VERTEX_POINT('',#11115);
#3270=VERTEX_POINT('',#11119);
#3271=VERTEX_POINT('',#11123);
#3272=VERTEX_POINT('',#11127);
#3273=VERTEX_POINT('',#11131);
#3274=VERTEX_POINT('',#11135);
#3275=VERTEX_POINT('',#11139);
#3276=VERTEX_POINT('',#11143);
#3277=VERTEX_POINT('',#11147);
#3278=VERTEX_POINT('',#11151);
#3279=VERTEX_POINT('',#11155);
#3280=VERTEX_POINT('',#11159);
#3281=VERTEX_POINT('',#11163);
#3282=VERTEX_POINT('',#11167);
#3283=VERTEX_POINT('',#11171);
#3284=VERTEX_POINT('',#11175);
#3285=VERTEX_POINT('',#11179);
#3286=VERTEX_POINT('',#11183);
#3287=VERTEX_POINT('',#11187);
#3288=VERTEX_POINT('',#11191);
#3289=VERTEX_POINT('',#11195);
#3290=VERTEX_POINT('',#11199);
#3291=VERTEX_POINT('',#11203);
#3292=VERTEX_POINT('',#11207);
#3293=VERTEX_POINT('',#11211);
#3294=VERTEX_POINT('',#11215);
#3295=VERTEX_POINT('',#11219);
#3296=VERTEX_POINT('',#11223);
#3297=VERTEX_POINT('',#11227);
#3298=VERTEX_POINT('',#11231);
#3299=VERTEX_POINT('',#11235);
#3300=VERTEX_POINT('',#11239);
#3301=VERTEX_POINT('',#11243);
#3302=VERTEX_POINT('',#11247);
#3303=VERTEX_POINT('',#11251);
#3304=VERTEX_POINT('',#11255);
#3305=VERTEX_POINT('',#11259);
#3306=VERTEX_POINT('',#11263);
#3307=VERTEX_POINT('',#11269);
#3308=VERTEX_POINT('',#11271);
#3309=VERTEX_POINT('',#11275);
#3310=VERTEX_POINT('',#11279);
#3311=VERTEX_POINT('',#11283);
#3312=VERTEX_POINT('',#11289);
#3313=VERTEX_POINT('',#11290);
#3314=VERTEX_POINT('',#11295);
#3315=VERTEX_POINT('',#11299);
#3316=VERTEX_POINT('',#11308);
#3317=VERTEX_POINT('',#11310);
#3318=VERTEX_POINT('',#11313);
#3319=VERTEX_POINT('',#11315);
#3320=VERTEX_POINT('',#11318);
#3321=VERTEX_POINT('',#11323);
#3322=VERTEX_POINT('',#11327);
#3323=VERTEX_POINT('',#11336);
#3324=VERTEX_POINT('',#11337);
#3325=VERTEX_POINT('',#11339);
#3326=VERTEX_POINT('',#11341);
#3327=VERTEX_POINT('',#11343);
#3328=VERTEX_POINT('',#11345);
#3329=VERTEX_POINT('',#11347);
#3330=VERTEX_POINT('',#11349);
#3331=VERTEX_POINT('',#11351);
#3332=VERTEX_POINT('',#11353);
#3333=VERTEX_POINT('',#11355);
#3334=VERTEX_POINT('',#11357);
#3335=VERTEX_POINT('',#11359);
#3336=VERTEX_POINT('',#11361);
#3337=VERTEX_POINT('',#11363);
#3338=VERTEX_POINT('',#11365);
#3339=VERTEX_POINT('',#11367);
#3340=VERTEX_POINT('',#11369);
#3341=VERTEX_POINT('',#11371);
#3342=VERTEX_POINT('',#11373);
#3343=VERTEX_POINT('',#11375);
#3344=VERTEX_POINT('',#11377);
#3345=VERTEX_POINT('',#11379);
#3346=VERTEX_POINT('',#11381);
#3347=VERTEX_POINT('',#11388);
#3348=VERTEX_POINT('',#11389);
#3349=VERTEX_POINT('',#11391);
#3350=VERTEX_POINT('',#11393);
#3351=VERTEX_POINT('',#11395);
#3352=VERTEX_POINT('',#11397);
#3353=VERTEX_POINT('',#11399);
#3354=VERTEX_POINT('',#11401);
#3355=VERTEX_POINT('',#11403);
#3356=VERTEX_POINT('',#11405);
#3357=VERTEX_POINT('',#11407);
#3358=VERTEX_POINT('',#11409);
#3359=VERTEX_POINT('',#11411);
#3360=VERTEX_POINT('',#11413);
#3361=VERTEX_POINT('',#11415);
#3362=VERTEX_POINT('',#11417);
#3363=VERTEX_POINT('',#11419);
#3364=VERTEX_POINT('',#11421);
#3365=VERTEX_POINT('',#11423);
#3366=VERTEX_POINT('',#11425);
#3367=VERTEX_POINT('',#11427);
#3368=VERTEX_POINT('',#11429);
#3369=VERTEX_POINT('',#11431);
#3370=VERTEX_POINT('',#11433);
#3371=VERTEX_POINT('',#11435);
#3372=VERTEX_POINT('',#11437);
#3373=VERTEX_POINT('',#11439);
#3374=VERTEX_POINT('',#11444);
#3375=VERTEX_POINT('',#11445);
#3376=VERTEX_POINT('',#11447);
#3377=VERTEX_POINT('',#11451);
#3378=VERTEX_POINT('',#11453);
#3379=VERTEX_POINT('',#11457);
#3380=VERTEX_POINT('',#11461);
#3381=VERTEX_POINT('',#11468);
#3382=VERTEX_POINT('',#11472);
#3383=VERTEX_POINT('',#11473);
#3384=VERTEX_POINT('',#11478);
#3385=VERTEX_POINT('',#11482);
#3386=VERTEX_POINT('',#11486);
#3387=VERTEX_POINT('',#11490);
#3388=VERTEX_POINT('',#11494);
#3389=VERTEX_POINT('',#11498);
#3390=VERTEX_POINT('',#11502);
#3391=VERTEX_POINT('',#11506);
#3392=VERTEX_POINT('',#11510);
#3393=VERTEX_POINT('',#11514);
#3394=VERTEX_POINT('',#11518);
#3395=VERTEX_POINT('',#11522);
#3396=VERTEX_POINT('',#11526);
#3397=VERTEX_POINT('',#11530);
#3398=VERTEX_POINT('',#11534);
#3399=VERTEX_POINT('',#11538);
#3400=VERTEX_POINT('',#11542);
#3401=VERTEX_POINT('',#11546);
#3402=VERTEX_POINT('',#11550);
#3403=VERTEX_POINT('',#11554);
#3404=VERTEX_POINT('',#11558);
#3405=VERTEX_POINT('',#11562);
#3406=VERTEX_POINT('',#11568);
#3407=VERTEX_POINT('',#11569);
#3408=VERTEX_POINT('',#11574);
#3409=VERTEX_POINT('',#11578);
#3410=VERTEX_POINT('',#11582);
#3411=VERTEX_POINT('',#11586);
#3412=VERTEX_POINT('',#11590);
#3413=VERTEX_POINT('',#11594);
#3414=VERTEX_POINT('',#11598);
#3415=VERTEX_POINT('',#11602);
#3416=VERTEX_POINT('',#11606);
#3417=VERTEX_POINT('',#11610);
#3418=VERTEX_POINT('',#11614);
#3419=VERTEX_POINT('',#11618);
#3420=VERTEX_POINT('',#11622);
#3421=VERTEX_POINT('',#11626);
#3422=VERTEX_POINT('',#11630);
#3423=VERTEX_POINT('',#11634);
#3424=VERTEX_POINT('',#11638);
#3425=VERTEX_POINT('',#11642);
#3426=VERTEX_POINT('',#11646);
#3427=VERTEX_POINT('',#11650);
#3428=VERTEX_POINT('',#11654);
#3429=VERTEX_POINT('',#11658);
#3430=VERTEX_POINT('',#11662);
#3431=VERTEX_POINT('',#11666);
#3432=VERTEX_POINT('',#11670);
#3433=VERTEX_POINT('',#11676);
#3434=VERTEX_POINT('',#11677);
#3435=VERTEX_POINT('',#11682);
#3436=VERTEX_POINT('',#11689);
#3437=VERTEX_POINT('',#11690);
#3438=VERTEX_POINT('',#11692);
#3439=VERTEX_POINT('',#11694);
#3440=VERTEX_POINT('',#11701);
#3441=VERTEX_POINT('',#11702);
#3442=VERTEX_POINT('',#11707);
#3443=VERTEX_POINT('',#11711);
#3444=VERTEX_POINT('',#11717);
#3445=VERTEX_POINT('',#11719);
#3446=VERTEX_POINT('',#11723);
#3447=VERTEX_POINT('',#11727);
#3448=EDGE_CURVE('',#2776,#2777,#772,.T.);
#3449=EDGE_CURVE('',#2777,#2778,#773,.T.);
#3450=EDGE_CURVE('',#2778,#2779,#774,.T.);
#3451=EDGE_CURVE('',#2779,#2780,#764,.T.);
#3452=EDGE_CURVE('',#2780,#2781,#775,.T.);
#3453=EDGE_CURVE('',#2781,#2782,#776,.T.);
#3454=EDGE_CURVE('',#2782,#2783,#765,.T.);
#3455=EDGE_CURVE('',#2783,#2784,#777,.T.);
#3456=EDGE_CURVE('',#2784,#2785,#778,.T.);
#3457=EDGE_CURVE('',#2785,#2776,#779,.T.);
#3458=EDGE_CURVE('',#2776,#2786,#780,.T.);
#3459=EDGE_CURVE('',#2786,#2787,#781,.T.);
#3460=EDGE_CURVE('',#2777,#2787,#782,.T.);
#3461=EDGE_CURVE('',#2788,#2789,#783,.T.);
#3462=EDGE_CURVE('',#2790,#2789,#784,.T.);
#3463=EDGE_CURVE('',#2790,#2791,#785,.T.);
#3464=EDGE_CURVE('',#2791,#2792,#786,.T.);
#3465=EDGE_CURVE('',#2793,#2792,#787,.T.);
#3466=EDGE_CURVE('',#2794,#2793,#788,.T.);
#3467=EDGE_CURVE('',#2795,#2794,#789,.T.);
#3468=EDGE_CURVE('',#2796,#2795,#790,.T.);
#3469=EDGE_CURVE('',#2797,#2796,#791,.T.);
#3470=EDGE_CURVE('',#2798,#2797,#792,.T.);
#3471=EDGE_CURVE('',#2799,#2798,#793,.T.);
#3472=EDGE_CURVE('',#2800,#2799,#794,.T.);
#3473=EDGE_CURVE('',#2801,#2800,#795,.T.);
#3474=EDGE_CURVE('',#2801,#2802,#796,.T.);
#3475=EDGE_CURVE('',#2802,#2803,#797,.T.);
#3476=EDGE_CURVE('',#2804,#2803,#766,.T.);
#3477=EDGE_CURVE('',#2804,#2805,#798,.T.);
#3478=EDGE_CURVE('',#2805,#2788,#799,.T.);
#3479=EDGE_CURVE('',#2787,#2806,#800,.T.);
#3480=EDGE_CURVE('',#2778,#2806,#801,.T.);
#3481=EDGE_CURVE('',#2807,#2808,#802,.T.);
#3482=EDGE_CURVE('',#2808,#2809,#803,.T.);
#3483=EDGE_CURVE('',#2809,#2810,#804,.T.);
#3484=EDGE_CURVE('',#2811,#2810,#805,.T.);
#3485=EDGE_CURVE('',#2812,#2811,#806,.T.);
#3486=EDGE_CURVE('',#2813,#2812,#807,.T.);
#3487=EDGE_CURVE('',#2814,#2813,#808,.T.);
#3488=EDGE_CURVE('',#2815,#2814,#809,.T.);
#3489=EDGE_CURVE('',#2816,#2815,#810,.T.);
#3490=EDGE_CURVE('',#2817,#2816,#811,.T.);
#3491=EDGE_CURVE('',#2818,#2817,#812,.T.);
#3492=EDGE_CURVE('',#2819,#2818,#813,.T.);
#3493=EDGE_CURVE('',#2820,#2819,#814,.T.);
#3494=EDGE_CURVE('',#2821,#2820,#815,.T.);
#3495=EDGE_CURVE('',#2822,#2821,#816,.T.);
#3496=EDGE_CURVE('',#2822,#2823,#817,.T.);
#3497=EDGE_CURVE('',#2823,#2824,#818,.T.);
#3498=EDGE_CURVE('',#2824,#2825,#819,.T.);
#3499=EDGE_CURVE('',#2826,#2825,#820,.T.);
#3500=EDGE_CURVE('',#2827,#2826,#821,.T.);
#3501=EDGE_CURVE('',#2828,#2827,#822,.T.);
#3502=EDGE_CURVE('',#2829,#2828,#823,.T.);
#3503=EDGE_CURVE('',#2830,#2829,#824,.T.);
#3504=EDGE_CURVE('',#2831,#2830,#825,.T.);
#3505=EDGE_CURVE('',#2832,#2831,#826,.T.);
#3506=EDGE_CURVE('',#2833,#2832,#827,.T.);
#3507=EDGE_CURVE('',#2834,#2833,#828,.T.);
#3508=EDGE_CURVE('',#2835,#2834,#829,.T.);
#3509=EDGE_CURVE('',#2835,#2836,#830,.T.);
#3510=EDGE_CURVE('',#2836,#2837,#831,.T.);
#3511=EDGE_CURVE('',#2837,#2838,#832,.T.);
#3512=EDGE_CURVE('',#2839,#2838,#833,.T.);
#3513=EDGE_CURVE('',#2839,#2807,#834,.T.);
#3514=EDGE_CURVE('',#2840,#2841,#835,.T.);
#3515=EDGE_CURVE('',#2840,#2842,#836,.T.);
#3516=EDGE_CURVE('',#2843,#2842,#837,.T.);
#3517=EDGE_CURVE('',#2843,#2844,#838,.T.);
#3518=EDGE_CURVE('',#2845,#2844,#839,.T.);
#3519=EDGE_CURVE('',#2846,#2845,#840,.T.);
#3520=EDGE_CURVE('',#2846,#2847,#841,.T.);
#3521=EDGE_CURVE('',#2848,#2847,#842,.T.);
#3522=EDGE_CURVE('',#2848,#2849,#843,.T.);
#3523=EDGE_CURVE('',#2841,#2849,#844,.T.);
#3524=EDGE_CURVE('',#2850,#2851,#845,.T.);
#3525=EDGE_CURVE('',#2850,#2852,#846,.T.);
#3526=EDGE_CURVE('',#2853,#2852,#847,.T.);
#3527=EDGE_CURVE('',#2853,#2854,#848,.T.);
#3528=EDGE_CURVE('',#2855,#2854,#849,.T.);
#3529=EDGE_CURVE('',#2855,#2856,#850,.T.);
#3530=EDGE_CURVE('',#2857,#2856,#851,.T.);
#3531=EDGE_CURVE('',#2857,#2858,#852,.T.);
#3532=EDGE_CURVE('',#2859,#2858,#853,.T.);
#3533=EDGE_CURVE('',#2859,#2860,#854,.T.);
#3534=EDGE_CURVE('',#2861,#2860,#855,.T.);
#3535=EDGE_CURVE('',#2861,#2851,#856,.T.);
#3536=EDGE_CURVE('',#2862,#2863,#857,.T.);
#3537=EDGE_CURVE('',#2864,#2862,#858,.T.);
#3538=EDGE_CURVE('',#2864,#2865,#859,.T.);
#3539=EDGE_CURVE('',#2866,#2865,#860,.T.);
#3540=EDGE_CURVE('',#2867,#2866,#861,.T.);
#3541=EDGE_CURVE('',#2868,#2867,#862,.T.);
#3542=EDGE_CURVE('',#2869,#2868,#863,.T.);
#3543=EDGE_CURVE('',#2869,#2870,#864,.T.);
#3544=EDGE_CURVE('',#2870,#2871,#865,.T.);
#3545=EDGE_CURVE('',#2872,#2871,#866,.T.);
#3546=EDGE_CURVE('',#2873,#2872,#867,.T.);
#3547=EDGE_CURVE('',#2874,#2873,#868,.T.);
#3548=EDGE_CURVE('',#2875,#2874,#869,.T.);
#3549=EDGE_CURVE('',#2876,#2875,#870,.T.);
#3550=EDGE_CURVE('',#2876,#2877,#871,.T.);
#3551=EDGE_CURVE('',#2878,#2877,#872,.T.);
#3552=EDGE_CURVE('',#2879,#2878,#873,.T.);
#3553=EDGE_CURVE('',#2880,#2879,#874,.T.);
#3554=EDGE_CURVE('',#2881,#2880,#875,.T.);
#3555=EDGE_CURVE('',#2882,#2881,#876,.T.);
#3556=EDGE_CURVE('',#2883,#2882,#877,.T.);
#3557=EDGE_CURVE('',#2884,#2883,#878,.T.);
#3558=EDGE_CURVE('',#2885,#2884,#879,.T.);
#3559=EDGE_CURVE('',#2886,#2885,#880,.T.);
#3560=EDGE_CURVE('',#2886,#2887,#881,.T.);
#3561=EDGE_CURVE('',#2888,#2887,#882,.T.);
#3562=EDGE_CURVE('',#2889,#2888,#883,.T.);
#3563=EDGE_CURVE('',#2890,#2889,#884,.T.);
#3564=EDGE_CURVE('',#2891,#2890,#885,.T.);
#3565=EDGE_CURVE('',#2892,#2891,#886,.T.);
#3566=EDGE_CURVE('',#2893,#2892,#887,.T.);
#3567=EDGE_CURVE('',#2893,#2894,#888,.T.);
#3568=EDGE_CURVE('',#2895,#2894,#889,.T.);
#3569=EDGE_CURVE('',#2896,#2895,#890,.T.);
#3570=EDGE_CURVE('',#2897,#2896,#891,.T.);
#3571=EDGE_CURVE('',#2898,#2897,#892,.T.);
#3572=EDGE_CURVE('',#2899,#2898,#893,.T.);
#3573=EDGE_CURVE('',#2900,#2899,#894,.T.);
#3574=EDGE_CURVE('',#2901,#2900,#895,.T.);
#3575=EDGE_CURVE('',#2901,#2902,#896,.T.);
#3576=EDGE_CURVE('',#2903,#2902,#897,.T.);
#3577=EDGE_CURVE('',#2903,#2904,#898,.T.);
#3578=EDGE_CURVE('',#2905,#2904,#899,.T.);
#3579=EDGE_CURVE('',#2906,#2905,#900,.T.);
#3580=EDGE_CURVE('',#2907,#2906,#901,.T.);
#3581=EDGE_CURVE('',#2908,#2907,#902,.T.);
#3582=EDGE_CURVE('',#2909,#2908,#903,.T.);
#3583=EDGE_CURVE('',#2909,#2910,#904,.T.);
#3584=EDGE_CURVE('',#2911,#2910,#905,.T.);
#3585=EDGE_CURVE('',#2912,#2911,#906,.T.);
#3586=EDGE_CURVE('',#2913,#2912,#907,.T.);
#3587=EDGE_CURVE('',#2914,#2913,#908,.T.);
#3588=EDGE_CURVE('',#2915,#2914,#909,.T.);
#3589=EDGE_CURVE('',#2915,#2916,#910,.T.);
#3590=EDGE_CURVE('',#2917,#2916,#911,.T.);
#3591=EDGE_CURVE('',#2918,#2917,#912,.T.);
#3592=EDGE_CURVE('',#2919,#2918,#913,.T.);
#3593=EDGE_CURVE('',#2920,#2919,#914,.T.);
#3594=EDGE_CURVE('',#2921,#2920,#915,.T.);
#3595=EDGE_CURVE('',#2922,#2921,#916,.T.);
#3596=EDGE_CURVE('',#2923,#2922,#917,.T.);
#3597=EDGE_CURVE('',#2924,#2923,#918,.T.);
#3598=EDGE_CURVE('',#2925,#2924,#919,.T.);
#3599=EDGE_CURVE('',#2926,#2925,#920,.T.);
#3600=EDGE_CURVE('',#2927,#2926,#921,.T.);
#3601=EDGE_CURVE('',#2928,#2927,#922,.T.);
#3602=EDGE_CURVE('',#2928,#2929,#923,.T.);
#3603=EDGE_CURVE('',#2930,#2929,#924,.T.);
#3604=EDGE_CURVE('',#2931,#2930,#925,.T.);
#3605=EDGE_CURVE('',#2932,#2931,#926,.T.);
#3606=EDGE_CURVE('',#2933,#2932,#927,.T.);
#3607=EDGE_CURVE('',#2934,#2933,#928,.T.);
#3608=EDGE_CURVE('',#2935,#2934,#929,.T.);
#3609=EDGE_CURVE('',#2936,#2935,#930,.T.);
#3610=EDGE_CURVE('',#2937,#2936,#931,.T.);
#3611=EDGE_CURVE('',#2938,#2937,#932,.T.);
#3612=EDGE_CURVE('',#2939,#2938,#933,.T.);
#3613=EDGE_CURVE('',#2863,#2939,#934,.T.);
#3614=EDGE_CURVE('',#2940,#2941,#935,.T.);
#3615=EDGE_CURVE('',#2942,#2940,#936,.T.);
#3616=EDGE_CURVE('',#2943,#2942,#937,.T.);
#3617=EDGE_CURVE('',#2944,#2943,#938,.T.);
#3618=EDGE_CURVE('',#2945,#2944,#939,.T.);
#3619=EDGE_CURVE('',#2946,#2945,#940,.T.);
#3620=EDGE_CURVE('',#2947,#2946,#941,.T.);
#3621=EDGE_CURVE('',#2947,#2948,#942,.T.);
#3622=EDGE_CURVE('',#2949,#2948,#943,.T.);
#3623=EDGE_CURVE('',#2950,#2949,#944,.T.);
#3624=EDGE_CURVE('',#2951,#2950,#945,.T.);
#3625=EDGE_CURVE('',#2952,#2951,#946,.T.);
#3626=EDGE_CURVE('',#2953,#2952,#947,.T.);
#3627=EDGE_CURVE('',#2954,#2953,#948,.T.);
#3628=EDGE_CURVE('',#2955,#2954,#949,.T.);
#3629=EDGE_CURVE('',#2956,#2955,#950,.T.);
#3630=EDGE_CURVE('',#2957,#2956,#951,.T.);
#3631=EDGE_CURVE('',#2958,#2957,#952,.T.);
#3632=EDGE_CURVE('',#2959,#2958,#953,.T.);
#3633=EDGE_CURVE('',#2960,#2959,#954,.T.);
#3634=EDGE_CURVE('',#2961,#2960,#955,.T.);
#3635=EDGE_CURVE('',#2962,#2961,#956,.T.);
#3636=EDGE_CURVE('',#2963,#2962,#957,.T.);
#3637=EDGE_CURVE('',#2964,#2963,#958,.T.);
#3638=EDGE_CURVE('',#2965,#2964,#959,.T.);
#3639=EDGE_CURVE('',#2965,#2966,#960,.T.);
#3640=EDGE_CURVE('',#2967,#2966,#961,.T.);
#3641=EDGE_CURVE('',#2968,#2967,#962,.T.);
#3642=EDGE_CURVE('',#2969,#2968,#963,.T.);
#3643=EDGE_CURVE('',#2970,#2969,#964,.T.);
#3644=EDGE_CURVE('',#2971,#2970,#965,.T.);
#3645=EDGE_CURVE('',#2972,#2971,#966,.T.);
#3646=EDGE_CURVE('',#2973,#2972,#967,.T.);
#3647=EDGE_CURVE('',#2974,#2973,#968,.T.);
#3648=EDGE_CURVE('',#2975,#2974,#969,.T.);
#3649=EDGE_CURVE('',#2941,#2975,#970,.T.);
#3650=EDGE_CURVE('',#2976,#2977,#971,.T.);
#3651=EDGE_CURVE('',#2978,#2977,#972,.T.);
#3652=EDGE_CURVE('',#2979,#2978,#973,.T.);
#3653=EDGE_CURVE('',#2980,#2979,#974,.T.);
#3654=EDGE_CURVE('',#2981,#2980,#975,.T.);
#3655=EDGE_CURVE('',#2982,#2981,#976,.T.);
#3656=EDGE_CURVE('',#2983,#2982,#977,.T.);
#3657=EDGE_CURVE('',#2984,#2983,#978,.T.);
#3658=EDGE_CURVE('',#2985,#2984,#979,.T.);
#3659=EDGE_CURVE('',#2986,#2985,#980,.T.);
#3660=EDGE_CURVE('',#2986,#2987,#981,.T.);
#3661=EDGE_CURVE('',#2988,#2987,#982,.T.);
#3662=EDGE_CURVE('',#2989,#2988,#983,.T.);
#3663=EDGE_CURVE('',#2990,#2989,#984,.T.);
#3664=EDGE_CURVE('',#2991,#2990,#985,.T.);
#3665=EDGE_CURVE('',#2992,#2991,#986,.T.);
#3666=EDGE_CURVE('',#2992,#2993,#987,.T.);
#3667=EDGE_CURVE('',#2994,#2993,#988,.T.);
#3668=EDGE_CURVE('',#2995,#2994,#989,.T.);
#3669=EDGE_CURVE('',#2996,#2995,#990,.T.);
#3670=EDGE_CURVE('',#2997,#2996,#991,.T.);
#3671=EDGE_CURVE('',#2998,#2997,#992,.T.);
#3672=EDGE_CURVE('',#2999,#2998,#993,.T.);
#3673=EDGE_CURVE('',#2999,#3000,#994,.T.);
#3674=EDGE_CURVE('',#3001,#3000,#995,.T.);
#3675=EDGE_CURVE('',#3001,#3002,#996,.T.);
#3676=EDGE_CURVE('',#3003,#3002,#997,.T.);
#3677=EDGE_CURVE('',#3004,#3003,#998,.T.);
#3678=EDGE_CURVE('',#3005,#3004,#999,.T.);
#3679=EDGE_CURVE('',#3006,#3005,#1000,.T.);
#3680=EDGE_CURVE('',#3007,#3006,#1001,.T.);
#3681=EDGE_CURVE('',#3008,#3007,#1002,.T.);
#3682=EDGE_CURVE('',#3008,#3009,#1003,.T.);
#3683=EDGE_CURVE('',#3010,#3009,#1004,.T.);
#3684=EDGE_CURVE('',#3011,#3010,#1005,.T.);
#3685=EDGE_CURVE('',#3012,#3011,#1006,.T.);
#3686=EDGE_CURVE('',#3013,#3012,#1007,.T.);
#3687=EDGE_CURVE('',#3014,#3013,#1008,.T.);
#3688=EDGE_CURVE('',#3014,#3015,#1009,.T.);
#3689=EDGE_CURVE('',#3016,#3015,#1010,.T.);
#3690=EDGE_CURVE('',#3017,#3016,#1011,.T.);
#3691=EDGE_CURVE('',#3018,#3017,#1012,.T.);
#3692=EDGE_CURVE('',#3019,#3018,#1013,.T.);
#3693=EDGE_CURVE('',#3020,#3019,#1014,.T.);
#3694=EDGE_CURVE('',#3021,#3020,#1015,.T.);
#3695=EDGE_CURVE('',#3022,#3021,#1016,.T.);
#3696=EDGE_CURVE('',#3023,#3022,#1017,.T.);
#3697=EDGE_CURVE('',#3024,#3023,#1018,.T.);
#3698=EDGE_CURVE('',#3025,#3024,#1019,.T.);
#3699=EDGE_CURVE('',#3026,#3025,#1020,.T.);
#3700=EDGE_CURVE('',#3027,#3026,#1021,.T.);
#3701=EDGE_CURVE('',#3028,#3027,#1022,.T.);
#3702=EDGE_CURVE('',#3029,#3028,#1023,.T.);
#3703=EDGE_CURVE('',#3030,#3029,#1024,.T.);
#3704=EDGE_CURVE('',#3031,#3030,#1025,.T.);
#3705=EDGE_CURVE('',#3032,#3031,#1026,.T.);
#3706=EDGE_CURVE('',#3033,#3032,#1027,.T.);
#3707=EDGE_CURVE('',#3034,#3033,#1028,.T.);
#3708=EDGE_CURVE('',#3035,#3034,#1029,.T.);
#3709=EDGE_CURVE('',#2976,#3035,#1030,.T.);
#3710=EDGE_CURVE('',#3036,#3037,#1031,.T.);
#3711=EDGE_CURVE('',#3037,#3038,#1032,.T.);
#3712=EDGE_CURVE('',#3038,#3039,#1033,.T.);
#3713=EDGE_CURVE('',#3040,#3039,#1034,.T.);
#3714=EDGE_CURVE('',#3036,#3040,#1035,.T.);
#3715=EDGE_CURVE('',#2806,#3041,#1036,.T.);
#3716=EDGE_CURVE('',#3041,#2779,#1037,.T.);
#3717=EDGE_CURVE('',#3042,#3043,#1038,.T.);
#3718=EDGE_CURVE('',#3043,#3044,#1039,.T.);
#3719=EDGE_CURVE('',#3044,#3045,#1040,.T.);
#3720=EDGE_CURVE('',#3045,#3042,#1041,.T.);
#3721=EDGE_CURVE('',#3041,#3046,#767,.T.);
#3722=EDGE_CURVE('',#2780,#3046,#1042,.T.);
#3723=EDGE_CURVE('',#3046,#3047,#1043,.T.);
#3724=EDGE_CURVE('',#2781,#3047,#1044,.T.);
#3725=EDGE_CURVE('',#3048,#3047,#1045,.T.);
#3726=EDGE_CURVE('',#3048,#2782,#1046,.T.);
#3727=EDGE_CURVE('',#3048,#3049,#768,.T.);
#3728=EDGE_CURVE('',#2783,#3049,#1047,.T.);
#3729=EDGE_CURVE('',#3050,#3049,#1048,.T.);
#3730=EDGE_CURVE('',#2784,#3050,#1049,.T.);
#3731=EDGE_CURVE('',#3051,#3050,#1050,.T.);
#3732=EDGE_CURVE('',#2785,#3051,#1051,.T.);
#3733=EDGE_CURVE('',#3051,#2786,#1052,.T.);
#3734=EDGE_CURVE('',#3052,#3053,#1053,.T.);
#3735=EDGE_CURVE('',#2789,#3052,#1054,.T.);
#3736=EDGE_CURVE('',#3054,#2788,#1055,.T.);
#3737=EDGE_CURVE('',#3054,#3053,#1056,.T.);
#3738=EDGE_CURVE('',#3055,#3052,#1057,.T.);
#3739=EDGE_CURVE('',#3055,#2790,#1058,.T.);
#3740=EDGE_CURVE('',#3055,#3056,#1059,.T.);
#3741=EDGE_CURVE('',#3056,#3057,#1060,.T.);
#3742=EDGE_CURVE('',#2791,#3057,#1061,.T.);
#3743=EDGE_CURVE('',#3058,#3059,#1062,.T.);
#3744=EDGE_CURVE('',#3058,#2792,#1063,.T.);
#3745=EDGE_CURVE('',#3057,#3054,#1064,.T.);
#3746=EDGE_CURVE('',#2805,#3060,#1065,.T.);
#3747=EDGE_CURVE('',#3060,#3059,#1066,.T.);
#3748=EDGE_CURVE('',#3061,#3058,#1067,.T.);
#3749=EDGE_CURVE('',#3061,#2793,#1068,.T.);
#3750=EDGE_CURVE('',#3062,#3061,#1069,.T.);
#3751=EDGE_CURVE('',#3062,#2794,#1070,.T.);
#3752=EDGE_CURVE('',#3063,#3062,#1071,.T.);
#3753=EDGE_CURVE('',#3063,#2795,#1072,.T.);
#3754=EDGE_CURVE('',#3063,#3064,#1073,.T.);
#3755=EDGE_CURVE('',#3064,#2796,#1074,.T.);
#3756=EDGE_CURVE('',#3065,#3064,#1075,.T.);
#3757=EDGE_CURVE('',#3066,#3065,#1076,.T.);
#3758=EDGE_CURVE('',#3067,#3066,#1077,.T.);
#3759=EDGE_CURVE('',#3067,#3068,#1078,.T.);
#3760=EDGE_CURVE('',#3069,#3068,#1079,.T.);
#3761=EDGE_CURVE('',#3069,#2797,#1080,.T.);
#3762=EDGE_CURVE('',#3069,#3070,#1081,.T.);
#3763=EDGE_CURVE('',#3070,#2798,#1082,.T.);
#3764=EDGE_CURVE('',#3071,#3070,#1083,.T.);
#3765=EDGE_CURVE('',#3071,#2799,#1084,.T.);
#3766=EDGE_CURVE('',#3072,#3071,#1085,.T.);
#3767=EDGE_CURVE('',#3072,#2800,#1086,.T.);
#3768=EDGE_CURVE('',#3073,#3072,#1087,.T.);
#3769=EDGE_CURVE('',#2801,#3073,#1088,.T.);
#3770=EDGE_CURVE('',#3074,#3073,#1089,.T.);
#3771=EDGE_CURVE('',#3074,#3075,#1090,.T.);
#3772=EDGE_CURVE('',#3075,#2802,#1091,.T.);
#3773=EDGE_CURVE('',#3075,#3076,#1092,.T.);
#3774=EDGE_CURVE('',#2803,#3076,#16,.T.);
#3775=EDGE_CURVE('',#2804,#3077,#17,.T.);
#3776=EDGE_CURVE('',#3077,#3076,#14,.T.);
#3777=EDGE_CURVE('',#3077,#3060,#1093,.T.);
#3778=EDGE_CURVE('',#3078,#2807,#1094,.T.);
#3779=EDGE_CURVE('',#3078,#3079,#1095,.T.);
#3780=EDGE_CURVE('',#3079,#2808,#1096,.T.);
#3781=EDGE_CURVE('',#3079,#3080,#1097,.T.);
#3782=EDGE_CURVE('',#3080,#2809,#1098,.T.);
#3783=EDGE_CURVE('',#3080,#3081,#1099,.T.);
#3784=EDGE_CURVE('',#3081,#2810,#1100,.T.);
#3785=EDGE_CURVE('',#3081,#3082,#1101,.T.);
#3786=EDGE_CURVE('',#3082,#2811,#1102,.T.);
#3787=EDGE_CURVE('',#3082,#3083,#1103,.T.);
#3788=EDGE_CURVE('',#3083,#2812,#1104,.T.);
#3789=EDGE_CURVE('',#3083,#3084,#1105,.T.);
#3790=EDGE_CURVE('',#3084,#2813,#1106,.T.);
#3791=EDGE_CURVE('',#3084,#3085,#1107,.T.);
#3792=EDGE_CURVE('',#3085,#2814,#1108,.T.);
#3793=EDGE_CURVE('',#3085,#3086,#1109,.T.);
#3794=EDGE_CURVE('',#3086,#2815,#1110,.T.);
#3795=EDGE_CURVE('',#3086,#3087,#1111,.T.);
#3796=EDGE_CURVE('',#3087,#2816,#1112,.T.);
#3797=EDGE_CURVE('',#3087,#3088,#1113,.T.);
#3798=EDGE_CURVE('',#3088,#2817,#1114,.T.);
#3799=EDGE_CURVE('',#3088,#3089,#1115,.T.);
#3800=EDGE_CURVE('',#3089,#2818,#1116,.T.);
#3801=EDGE_CURVE('',#3089,#3090,#1117,.T.);
#3802=EDGE_CURVE('',#3090,#2819,#1118,.T.);
#3803=EDGE_CURVE('',#3090,#3091,#1119,.T.);
#3804=EDGE_CURVE('',#3091,#2820,#1120,.T.);
#3805=EDGE_CURVE('',#3091,#3092,#1121,.T.);
#3806=EDGE_CURVE('',#3092,#2821,#1122,.T.);
#3807=EDGE_CURVE('',#3092,#3093,#1123,.T.);
#3808=EDGE_CURVE('',#3093,#2822,#1124,.T.);
#3809=EDGE_CURVE('',#3093,#3094,#1125,.T.);
#3810=EDGE_CURVE('',#3094,#2823,#1126,.T.);
#3811=EDGE_CURVE('',#3094,#3095,#1127,.T.);
#3812=EDGE_CURVE('',#3095,#2824,#1128,.T.);
#3813=EDGE_CURVE('',#3095,#3096,#1129,.T.);
#3814=EDGE_CURVE('',#3096,#2825,#1130,.T.);
#3815=EDGE_CURVE('',#3096,#3097,#1131,.T.);
#3816=EDGE_CURVE('',#3097,#2826,#1132,.T.);
#3817=EDGE_CURVE('',#3097,#3098,#1133,.T.);
#3818=EDGE_CURVE('',#3098,#2827,#1134,.T.);
#3819=EDGE_CURVE('',#3098,#3099,#1135,.T.);
#3820=EDGE_CURVE('',#3099,#2828,#1136,.T.);
#3821=EDGE_CURVE('',#3099,#3100,#1137,.T.);
#3822=EDGE_CURVE('',#3100,#2829,#1138,.T.);
#3823=EDGE_CURVE('',#3100,#3101,#1139,.T.);
#3824=EDGE_CURVE('',#3101,#2830,#1140,.T.);
#3825=EDGE_CURVE('',#3101,#3102,#1141,.T.);
#3826=EDGE_CURVE('',#3102,#2831,#1142,.T.);
#3827=EDGE_CURVE('',#3102,#3103,#1143,.T.);
#3828=EDGE_CURVE('',#3103,#2832,#1144,.T.);
#3829=EDGE_CURVE('',#3103,#3104,#1145,.T.);
#3830=EDGE_CURVE('',#3104,#2833,#1146,.T.);
#3831=EDGE_CURVE('',#3104,#3105,#1147,.T.);
#3832=EDGE_CURVE('',#3105,#2834,#1148,.T.);
#3833=EDGE_CURVE('',#3105,#3106,#1149,.T.);
#3834=EDGE_CURVE('',#3106,#2835,#1150,.T.);
#3835=EDGE_CURVE('',#3106,#3107,#1151,.T.);
#3836=EDGE_CURVE('',#3107,#2836,#1152,.T.);
#3837=EDGE_CURVE('',#3107,#3108,#1153,.T.);
#3838=EDGE_CURVE('',#3108,#2837,#1154,.T.);
#3839=EDGE_CURVE('',#3108,#3109,#1155,.T.);
#3840=EDGE_CURVE('',#3109,#2838,#1156,.T.);
#3841=EDGE_CURVE('',#3109,#3110,#1157,.T.);
#3842=EDGE_CURVE('',#3110,#2839,#1158,.T.);
#3843=EDGE_CURVE('',#3110,#3078,#1159,.T.);
#3844=EDGE_CURVE('',#3111,#2841,#1160,.T.);
#3845=EDGE_CURVE('',#3111,#3112,#1161,.T.);
#3846=EDGE_CURVE('',#3112,#2840,#1162,.T.);
#3847=EDGE_CURVE('',#3112,#3113,#1163,.T.);
#3848=EDGE_CURVE('',#3113,#2842,#1164,.T.);
#3849=EDGE_CURVE('',#3113,#3114,#1165,.T.);
#3850=EDGE_CURVE('',#3114,#2843,#1166,.T.);
#3851=EDGE_CURVE('',#3114,#3115,#1167,.T.);
#3852=EDGE_CURVE('',#3115,#2844,#1168,.T.);
#3853=EDGE_CURVE('',#3115,#3116,#1169,.T.);
#3854=EDGE_CURVE('',#3116,#2845,#1170,.T.);
#3855=EDGE_CURVE('',#3116,#3117,#1171,.T.);
#3856=EDGE_CURVE('',#3117,#2846,#1172,.T.);
#3857=EDGE_CURVE('',#3117,#3118,#1173,.T.);
#3858=EDGE_CURVE('',#3118,#2847,#1174,.T.);
#3859=EDGE_CURVE('',#3118,#3119,#1175,.T.);
#3860=EDGE_CURVE('',#3119,#2848,#1176,.T.);
#3861=EDGE_CURVE('',#3119,#3120,#1177,.T.);
#3862=EDGE_CURVE('',#3120,#2849,#1178,.T.);
#3863=EDGE_CURVE('',#3120,#3111,#1179,.T.);
#3864=EDGE_CURVE('',#3121,#2851,#1180,.T.);
#3865=EDGE_CURVE('',#3121,#3122,#1181,.T.);
#3866=EDGE_CURVE('',#3122,#2850,#1182,.T.);
#3867=EDGE_CURVE('',#3122,#3123,#1183,.T.);
#3868=EDGE_CURVE('',#3123,#2852,#1184,.T.);
#3869=EDGE_CURVE('',#3123,#3124,#1185,.T.);
#3870=EDGE_CURVE('',#3124,#2853,#1186,.T.);
#3871=EDGE_CURVE('',#3124,#3125,#1187,.T.);
#3872=EDGE_CURVE('',#3125,#2854,#1188,.T.);
#3873=EDGE_CURVE('',#3125,#3126,#1189,.T.);
#3874=EDGE_CURVE('',#3126,#2855,#1190,.T.);
#3875=EDGE_CURVE('',#3126,#3127,#1191,.T.);
#3876=EDGE_CURVE('',#3127,#2856,#1192,.T.);
#3877=EDGE_CURVE('',#3127,#3128,#1193,.T.);
#3878=EDGE_CURVE('',#3128,#2857,#1194,.T.);
#3879=EDGE_CURVE('',#3128,#3129,#1195,.T.);
#3880=EDGE_CURVE('',#3129,#2858,#1196,.T.);
#3881=EDGE_CURVE('',#3129,#3130,#1197,.T.);
#3882=EDGE_CURVE('',#3130,#2859,#1198,.T.);
#3883=EDGE_CURVE('',#3130,#3131,#1199,.T.);
#3884=EDGE_CURVE('',#3131,#2860,#1200,.T.);
#3885=EDGE_CURVE('',#3131,#3132,#1201,.T.);
#3886=EDGE_CURVE('',#3132,#2861,#1202,.T.);
#3887=EDGE_CURVE('',#3132,#3121,#1203,.T.);
#3888=EDGE_CURVE('',#3133,#2863,#1204,.T.);
#3889=EDGE_CURVE('',#3133,#3134,#1205,.T.);
#3890=EDGE_CURVE('',#3134,#2862,#1206,.T.);
#3891=EDGE_CURVE('',#3134,#3135,#1207,.T.);
#3892=EDGE_CURVE('',#3135,#2864,#1208,.T.);
#3893=EDGE_CURVE('',#3135,#3136,#1209,.T.);
#3894=EDGE_CURVE('',#3136,#2865,#1210,.T.);
#3895=EDGE_CURVE('',#3136,#3137,#1211,.T.);
#3896=EDGE_CURVE('',#3137,#2866,#1212,.T.);
#3897=EDGE_CURVE('',#3137,#3138,#1213,.T.);
#3898=EDGE_CURVE('',#3138,#2867,#1214,.T.);
#3899=EDGE_CURVE('',#3138,#3139,#1215,.T.);
#3900=EDGE_CURVE('',#3139,#2868,#1216,.T.);
#3901=EDGE_CURVE('',#3139,#3140,#1217,.T.);
#3902=EDGE_CURVE('',#3140,#2869,#1218,.T.);
#3903=EDGE_CURVE('',#3140,#3141,#1219,.T.);
#3904=EDGE_CURVE('',#3141,#2870,#1220,.T.);
#3905=EDGE_CURVE('',#3141,#3142,#1221,.T.);
#3906=EDGE_CURVE('',#3142,#2871,#1222,.T.);
#3907=EDGE_CURVE('',#3142,#3143,#1223,.T.);
#3908=EDGE_CURVE('',#3143,#2872,#1224,.T.);
#3909=EDGE_CURVE('',#3143,#3144,#1225,.T.);
#3910=EDGE_CURVE('',#3144,#2873,#1226,.T.);
#3911=EDGE_CURVE('',#3144,#3145,#1227,.T.);
#3912=EDGE_CURVE('',#3145,#2874,#1228,.T.);
#3913=EDGE_CURVE('',#3145,#3146,#1229,.T.);
#3914=EDGE_CURVE('',#3146,#2875,#1230,.T.);
#3915=EDGE_CURVE('',#3146,#3147,#1231,.T.);
#3916=EDGE_CURVE('',#3147,#2876,#1232,.T.);
#3917=EDGE_CURVE('',#3147,#3148,#1233,.T.);
#3918=EDGE_CURVE('',#3148,#2877,#1234,.T.);
#3919=EDGE_CURVE('',#3148,#3149,#1235,.T.);
#3920=EDGE_CURVE('',#3149,#2878,#1236,.T.);
#3921=EDGE_CURVE('',#3149,#3150,#1237,.T.);
#3922=EDGE_CURVE('',#3150,#2879,#1238,.T.);
#3923=EDGE_CURVE('',#3150,#3151,#1239,.T.);
#3924=EDGE_CURVE('',#3151,#2880,#1240,.T.);
#3925=EDGE_CURVE('',#3151,#3152,#1241,.T.);
#3926=EDGE_CURVE('',#3152,#2881,#1242,.T.);
#3927=EDGE_CURVE('',#3152,#3153,#1243,.T.);
#3928=EDGE_CURVE('',#3153,#2882,#1244,.T.);
#3929=EDGE_CURVE('',#3153,#3154,#1245,.T.);
#3930=EDGE_CURVE('',#3154,#2883,#1246,.T.);
#3931=EDGE_CURVE('',#3154,#3155,#1247,.T.);
#3932=EDGE_CURVE('',#3155,#2884,#1248,.T.);
#3933=EDGE_CURVE('',#3155,#3156,#1249,.T.);
#3934=EDGE_CURVE('',#3156,#2885,#1250,.T.);
#3935=EDGE_CURVE('',#3156,#3157,#1251,.T.);
#3936=EDGE_CURVE('',#3157,#2886,#1252,.T.);
#3937=EDGE_CURVE('',#3157,#3158,#1253,.T.);
#3938=EDGE_CURVE('',#3158,#2887,#1254,.T.);
#3939=EDGE_CURVE('',#3158,#3159,#1255,.T.);
#3940=EDGE_CURVE('',#3159,#2888,#1256,.T.);
#3941=EDGE_CURVE('',#3159,#3160,#1257,.T.);
#3942=EDGE_CURVE('',#3160,#2889,#1258,.T.);
#3943=EDGE_CURVE('',#3160,#3161,#1259,.T.);
#3944=EDGE_CURVE('',#3161,#2890,#1260,.T.);
#3945=EDGE_CURVE('',#3161,#3162,#1261,.T.);
#3946=EDGE_CURVE('',#3162,#2891,#1262,.T.);
#3947=EDGE_CURVE('',#3162,#3163,#1263,.T.);
#3948=EDGE_CURVE('',#3163,#2892,#1264,.T.);
#3949=EDGE_CURVE('',#3163,#3164,#1265,.T.);
#3950=EDGE_CURVE('',#3164,#2893,#1266,.T.);
#3951=EDGE_CURVE('',#3164,#3165,#1267,.T.);
#3952=EDGE_CURVE('',#3165,#2894,#1268,.T.);
#3953=EDGE_CURVE('',#3165,#3166,#1269,.T.);
#3954=EDGE_CURVE('',#3166,#2895,#1270,.T.);
#3955=EDGE_CURVE('',#3166,#3167,#1271,.T.);
#3956=EDGE_CURVE('',#3167,#2896,#1272,.T.);
#3957=EDGE_CURVE('',#3167,#3168,#1273,.T.);
#3958=EDGE_CURVE('',#3168,#2897,#1274,.T.);
#3959=EDGE_CURVE('',#3168,#3169,#1275,.T.);
#3960=EDGE_CURVE('',#3169,#2898,#1276,.T.);
#3961=EDGE_CURVE('',#3169,#3170,#1277,.T.);
#3962=EDGE_CURVE('',#3170,#2899,#1278,.T.);
#3963=EDGE_CURVE('',#3170,#3171,#1279,.T.);
#3964=EDGE_CURVE('',#3171,#2900,#1280,.T.);
#3965=EDGE_CURVE('',#3171,#3172,#1281,.T.);
#3966=EDGE_CURVE('',#3172,#2901,#1282,.T.);
#3967=EDGE_CURVE('',#3172,#3173,#1283,.T.);
#3968=EDGE_CURVE('',#3173,#2902,#1284,.T.);
#3969=EDGE_CURVE('',#3173,#3174,#1285,.T.);
#3970=EDGE_CURVE('',#3174,#2903,#1286,.T.);
#3971=EDGE_CURVE('',#3174,#3175,#1287,.T.);
#3972=EDGE_CURVE('',#3175,#2904,#1288,.T.);
#3973=EDGE_CURVE('',#3175,#3176,#1289,.T.);
#3974=EDGE_CURVE('',#3176,#2905,#1290,.T.);
#3975=EDGE_CURVE('',#3176,#3177,#1291,.T.);
#3976=EDGE_CURVE('',#3177,#2906,#1292,.T.);
#3977=EDGE_CURVE('',#3177,#3178,#1293,.T.);
#3978=EDGE_CURVE('',#3178,#2907,#1294,.T.);
#3979=EDGE_CURVE('',#3178,#3179,#1295,.T.);
#3980=EDGE_CURVE('',#3179,#2908,#1296,.T.);
#3981=EDGE_CURVE('',#3179,#3180,#1297,.T.);
#3982=EDGE_CURVE('',#3180,#2909,#1298,.T.);
#3983=EDGE_CURVE('',#3180,#3181,#1299,.T.);
#3984=EDGE_CURVE('',#3181,#2910,#1300,.T.);
#3985=EDGE_CURVE('',#3181,#3182,#1301,.T.);
#3986=EDGE_CURVE('',#3182,#2911,#1302,.T.);
#3987=EDGE_CURVE('',#3182,#3183,#1303,.T.);
#3988=EDGE_CURVE('',#3183,#2912,#1304,.T.);
#3989=EDGE_CURVE('',#3183,#3184,#1305,.T.);
#3990=EDGE_CURVE('',#3184,#2913,#1306,.T.);
#3991=EDGE_CURVE('',#3184,#3185,#1307,.T.);
#3992=EDGE_CURVE('',#3185,#2914,#1308,.T.);
#3993=EDGE_CURVE('',#3185,#3186,#1309,.T.);
#3994=EDGE_CURVE('',#3186,#2915,#1310,.T.);
#3995=EDGE_CURVE('',#3186,#3187,#1311,.T.);
#3996=EDGE_CURVE('',#3187,#2916,#1312,.T.);
#3997=EDGE_CURVE('',#3187,#3188,#1313,.T.);
#3998=EDGE_CURVE('',#3188,#2917,#1314,.T.);
#3999=EDGE_CURVE('',#3188,#3189,#1315,.T.);
#4000=EDGE_CURVE('',#3189,#2918,#1316,.T.);
#4001=EDGE_CURVE('',#3189,#3190,#1317,.T.);
#4002=EDGE_CURVE('',#3190,#2919,#1318,.T.);
#4003=EDGE_CURVE('',#3190,#3191,#1319,.T.);
#4004=EDGE_CURVE('',#3191,#2920,#1320,.T.);
#4005=EDGE_CURVE('',#3191,#3192,#1321,.T.);
#4006=EDGE_CURVE('',#3192,#2921,#1322,.T.);
#4007=EDGE_CURVE('',#3192,#3193,#1323,.T.);
#4008=EDGE_CURVE('',#3193,#2922,#1324,.T.);
#4009=EDGE_CURVE('',#3193,#3194,#1325,.T.);
#4010=EDGE_CURVE('',#3194,#2923,#1326,.T.);
#4011=EDGE_CURVE('',#3194,#3195,#1327,.T.);
#4012=EDGE_CURVE('',#3195,#2924,#1328,.T.);
#4013=EDGE_CURVE('',#3195,#3196,#1329,.T.);
#4014=EDGE_CURVE('',#3196,#2925,#1330,.T.);
#4015=EDGE_CURVE('',#3196,#3197,#1331,.T.);
#4016=EDGE_CURVE('',#3197,#2926,#1332,.T.);
#4017=EDGE_CURVE('',#3197,#3198,#1333,.T.);
#4018=EDGE_CURVE('',#3198,#2927,#1334,.T.);
#4019=EDGE_CURVE('',#3198,#3199,#1335,.T.);
#4020=EDGE_CURVE('',#3199,#2928,#1336,.T.);
#4021=EDGE_CURVE('',#3199,#3200,#1337,.T.);
#4022=EDGE_CURVE('',#3200,#2929,#1338,.T.);
#4023=EDGE_CURVE('',#3200,#3201,#1339,.T.);
#4024=EDGE_CURVE('',#3201,#2930,#1340,.T.);
#4025=EDGE_CURVE('',#3201,#3202,#1341,.T.);
#4026=EDGE_CURVE('',#3202,#2931,#1342,.T.);
#4027=EDGE_CURVE('',#3202,#3203,#1343,.T.);
#4028=EDGE_CURVE('',#3203,#2932,#1344,.T.);
#4029=EDGE_CURVE('',#3203,#3204,#1345,.T.);
#4030=EDGE_CURVE('',#3204,#2933,#1346,.T.);
#4031=EDGE_CURVE('',#3204,#3205,#1347,.T.);
#4032=EDGE_CURVE('',#3205,#2934,#1348,.T.);
#4033=EDGE_CURVE('',#3205,#3206,#1349,.T.);
#4034=EDGE_CURVE('',#3206,#2935,#1350,.T.);
#4035=EDGE_CURVE('',#3206,#3207,#1351,.T.);
#4036=EDGE_CURVE('',#3207,#2936,#1352,.T.);
#4037=EDGE_CURVE('',#3207,#3208,#1353,.T.);
#4038=EDGE_CURVE('',#3208,#2937,#1354,.T.);
#4039=EDGE_CURVE('',#3208,#3209,#1355,.T.);
#4040=EDGE_CURVE('',#3209,#2938,#1356,.T.);
#4041=EDGE_CURVE('',#3209,#3210,#1357,.T.);
#4042=EDGE_CURVE('',#3210,#2939,#1358,.T.);
#4043=EDGE_CURVE('',#3210,#3133,#1359,.T.);
#4044=EDGE_CURVE('',#3211,#2941,#1360,.T.);
#4045=EDGE_CURVE('',#3211,#3212,#1361,.T.);
#4046=EDGE_CURVE('',#3212,#2940,#1362,.T.);
#4047=EDGE_CURVE('',#3212,#3213,#1363,.T.);
#4048=EDGE_CURVE('',#3213,#2942,#1364,.T.);
#4049=EDGE_CURVE('',#3213,#3214,#1365,.T.);
#4050=EDGE_CURVE('',#3214,#2943,#1366,.T.);
#4051=EDGE_CURVE('',#3214,#3215,#1367,.T.);
#4052=EDGE_CURVE('',#3215,#2944,#1368,.T.);
#4053=EDGE_CURVE('',#3215,#3216,#1369,.T.);
#4054=EDGE_CURVE('',#3216,#2945,#1370,.T.);
#4055=EDGE_CURVE('',#3216,#3217,#1371,.T.);
#4056=EDGE_CURVE('',#3217,#2946,#1372,.T.);
#4057=EDGE_CURVE('',#3217,#3218,#1373,.T.);
#4058=EDGE_CURVE('',#3218,#2947,#1374,.T.);
#4059=EDGE_CURVE('',#3218,#3219,#1375,.T.);
#4060=EDGE_CURVE('',#3219,#2948,#1376,.T.);
#4061=EDGE_CURVE('',#3219,#3220,#1377,.T.);
#4062=EDGE_CURVE('',#3220,#2949,#1378,.T.);
#4063=EDGE_CURVE('',#3220,#3221,#1379,.T.);
#4064=EDGE_CURVE('',#3221,#2950,#1380,.T.);
#4065=EDGE_CURVE('',#3221,#3222,#1381,.T.);
#4066=EDGE_CURVE('',#3222,#2951,#1382,.T.);
#4067=EDGE_CURVE('',#3222,#3223,#1383,.T.);
#4068=EDGE_CURVE('',#3223,#2952,#1384,.T.);
#4069=EDGE_CURVE('',#3223,#3224,#1385,.T.);
#4070=EDGE_CURVE('',#3224,#2953,#1386,.T.);
#4071=EDGE_CURVE('',#3224,#3225,#1387,.T.);
#4072=EDGE_CURVE('',#3225,#2954,#1388,.T.);
#4073=EDGE_CURVE('',#3225,#3226,#1389,.T.);
#4074=EDGE_CURVE('',#3226,#2955,#1390,.T.);
#4075=EDGE_CURVE('',#3226,#3227,#1391,.T.);
#4076=EDGE_CURVE('',#3227,#2956,#1392,.T.);
#4077=EDGE_CURVE('',#3227,#3228,#1393,.T.);
#4078=EDGE_CURVE('',#3228,#2957,#1394,.T.);
#4079=EDGE_CURVE('',#3228,#3229,#1395,.T.);
#4080=EDGE_CURVE('',#3229,#2958,#1396,.T.);
#4081=EDGE_CURVE('',#3229,#3230,#1397,.T.);
#4082=EDGE_CURVE('',#3230,#2959,#1398,.T.);
#4083=EDGE_CURVE('',#3230,#3231,#1399,.T.);
#4084=EDGE_CURVE('',#3231,#2960,#1400,.T.);
#4085=EDGE_CURVE('',#3231,#3232,#1401,.T.);
#4086=EDGE_CURVE('',#3232,#2961,#1402,.T.);
#4087=EDGE_CURVE('',#3232,#3233,#1403,.T.);
#4088=EDGE_CURVE('',#3233,#2962,#1404,.T.);
#4089=EDGE_CURVE('',#3233,#3234,#1405,.T.);
#4090=EDGE_CURVE('',#3234,#2963,#1406,.T.);
#4091=EDGE_CURVE('',#3234,#3235,#1407,.T.);
#4092=EDGE_CURVE('',#3235,#2964,#1408,.T.);
#4093=EDGE_CURVE('',#3235,#3236,#1409,.T.);
#4094=EDGE_CURVE('',#3236,#2965,#1410,.T.);
#4095=EDGE_CURVE('',#3236,#3237,#1411,.T.);
#4096=EDGE_CURVE('',#3237,#2966,#1412,.T.);
#4097=EDGE_CURVE('',#3237,#3238,#1413,.T.);
#4098=EDGE_CURVE('',#3238,#2967,#1414,.T.);
#4099=EDGE_CURVE('',#3238,#3239,#1415,.T.);
#4100=EDGE_CURVE('',#3239,#2968,#1416,.T.);
#4101=EDGE_CURVE('',#3239,#3240,#1417,.T.);
#4102=EDGE_CURVE('',#3240,#2969,#1418,.T.);
#4103=EDGE_CURVE('',#3240,#3241,#1419,.T.);
#4104=EDGE_CURVE('',#3241,#2970,#1420,.T.);
#4105=EDGE_CURVE('',#3241,#3242,#1421,.T.);
#4106=EDGE_CURVE('',#3242,#2971,#1422,.T.);
#4107=EDGE_CURVE('',#3242,#3243,#1423,.T.);
#4108=EDGE_CURVE('',#3243,#2972,#1424,.T.);
#4109=EDGE_CURVE('',#3243,#3244,#1425,.T.);
#4110=EDGE_CURVE('',#3244,#2973,#1426,.T.);
#4111=EDGE_CURVE('',#3244,#3245,#1427,.T.);
#4112=EDGE_CURVE('',#3245,#2974,#1428,.T.);
#4113=EDGE_CURVE('',#3245,#3246,#1429,.T.);
#4114=EDGE_CURVE('',#3246,#2975,#1430,.T.);
#4115=EDGE_CURVE('',#3246,#3211,#1431,.T.);
#4116=EDGE_CURVE('',#3247,#2976,#1432,.T.);
#4117=EDGE_CURVE('',#3247,#3248,#1433,.T.);
#4118=EDGE_CURVE('',#3248,#2977,#1434,.T.);
#4119=EDGE_CURVE('',#3248,#3249,#1435,.T.);
#4120=EDGE_CURVE('',#3249,#2978,#1436,.T.);
#4121=EDGE_CURVE('',#3249,#3250,#1437,.T.);
#4122=EDGE_CURVE('',#3250,#2979,#1438,.T.);
#4123=EDGE_CURVE('',#3250,#3251,#1439,.T.);
#4124=EDGE_CURVE('',#3251,#2980,#1440,.T.);
#4125=EDGE_CURVE('',#3251,#3252,#1441,.T.);
#4126=EDGE_CURVE('',#3252,#2981,#1442,.T.);
#4127=EDGE_CURVE('',#3252,#3253,#1443,.T.);
#4128=EDGE_CURVE('',#3253,#2982,#1444,.T.);
#4129=EDGE_CURVE('',#3253,#3254,#1445,.T.);
#4130=EDGE_CURVE('',#3254,#2983,#1446,.T.);
#4131=EDGE_CURVE('',#3254,#3255,#1447,.T.);
#4132=EDGE_CURVE('',#3255,#2984,#1448,.T.);
#4133=EDGE_CURVE('',#3255,#3256,#1449,.T.);
#4134=EDGE_CURVE('',#3256,#2985,#1450,.T.);
#4135=EDGE_CURVE('',#3256,#3257,#1451,.T.);
#4136=EDGE_CURVE('',#3257,#2986,#1452,.T.);
#4137=EDGE_CURVE('',#3257,#3258,#1453,.T.);
#4138=EDGE_CURVE('',#3258,#2987,#1454,.T.);
#4139=EDGE_CURVE('',#3258,#3259,#1455,.T.);
#4140=EDGE_CURVE('',#3259,#2988,#1456,.T.);
#4141=EDGE_CURVE('',#3259,#3260,#1457,.T.);
#4142=EDGE_CURVE('',#3260,#2989,#1458,.T.);
#4143=EDGE_CURVE('',#3260,#3261,#1459,.T.);
#4144=EDGE_CURVE('',#3261,#2990,#1460,.T.);
#4145=EDGE_CURVE('',#3261,#3262,#1461,.T.);
#4146=EDGE_CURVE('',#3262,#2991,#1462,.T.);
#4147=EDGE_CURVE('',#3262,#3263,#1463,.T.);
#4148=EDGE_CURVE('',#3263,#2992,#1464,.T.);
#4149=EDGE_CURVE('',#3263,#3264,#1465,.T.);
#4150=EDGE_CURVE('',#3264,#2993,#1466,.T.);
#4151=EDGE_CURVE('',#3264,#3265,#1467,.T.);
#4152=EDGE_CURVE('',#3265,#2994,#1468,.T.);
#4153=EDGE_CURVE('',#3265,#3266,#1469,.T.);
#4154=EDGE_CURVE('',#3266,#2995,#1470,.T.);
#4155=EDGE_CURVE('',#3266,#3267,#1471,.T.);
#4156=EDGE_CURVE('',#3267,#2996,#1472,.T.);
#4157=EDGE_CURVE('',#3267,#3268,#1473,.T.);
#4158=EDGE_CURVE('',#3268,#2997,#1474,.T.);
#4159=EDGE_CURVE('',#3268,#3269,#1475,.T.);
#4160=EDGE_CURVE('',#3269,#2998,#1476,.T.);
#4161=EDGE_CURVE('',#3269,#3270,#1477,.T.);
#4162=EDGE_CURVE('',#3270,#2999,#1478,.T.);
#4163=EDGE_CURVE('',#3270,#3271,#1479,.T.);
#4164=EDGE_CURVE('',#3271,#3000,#1480,.T.);
#4165=EDGE_CURVE('',#3271,#3272,#1481,.T.);
#4166=EDGE_CURVE('',#3272,#3001,#1482,.T.);
#4167=EDGE_CURVE('',#3272,#3273,#1483,.T.);
#4168=EDGE_CURVE('',#3273,#3002,#1484,.T.);
#4169=EDGE_CURVE('',#3273,#3274,#1485,.T.);
#4170=EDGE_CURVE('',#3274,#3003,#1486,.T.);
#4171=EDGE_CURVE('',#3274,#3275,#1487,.T.);
#4172=EDGE_CURVE('',#3275,#3004,#1488,.T.);
#4173=EDGE_CURVE('',#3275,#3276,#1489,.T.);
#4174=EDGE_CURVE('',#3276,#3005,#1490,.T.);
#4175=EDGE_CURVE('',#3276,#3277,#1491,.T.);
#4176=EDGE_CURVE('',#3277,#3006,#1492,.T.);
#4177=EDGE_CURVE('',#3277,#3278,#1493,.T.);
#4178=EDGE_CURVE('',#3278,#3007,#1494,.T.);
#4179=EDGE_CURVE('',#3278,#3279,#1495,.T.);
#4180=EDGE_CURVE('',#3279,#3008,#1496,.T.);
#4181=EDGE_CURVE('',#3279,#3280,#1497,.T.);
#4182=EDGE_CURVE('',#3280,#3009,#1498,.T.);
#4183=EDGE_CURVE('',#3280,#3281,#1499,.T.);
#4184=EDGE_CURVE('',#3281,#3010,#1500,.T.);
#4185=EDGE_CURVE('',#3281,#3282,#1501,.T.);
#4186=EDGE_CURVE('',#3282,#3011,#1502,.T.);
#4187=EDGE_CURVE('',#3282,#3283,#1503,.T.);
#4188=EDGE_CURVE('',#3283,#3012,#1504,.T.);
#4189=EDGE_CURVE('',#3283,#3284,#1505,.T.);
#4190=EDGE_CURVE('',#3284,#3013,#1506,.T.);
#4191=EDGE_CURVE('',#3284,#3285,#1507,.T.);
#4192=EDGE_CURVE('',#3285,#3014,#1508,.T.);
#4193=EDGE_CURVE('',#3285,#3286,#1509,.T.);
#4194=EDGE_CURVE('',#3286,#3015,#1510,.T.);
#4195=EDGE_CURVE('',#3286,#3287,#1511,.T.);
#4196=EDGE_CURVE('',#3287,#3016,#1512,.T.);
#4197=EDGE_CURVE('',#3287,#3288,#1513,.T.);
#4198=EDGE_CURVE('',#3288,#3017,#1514,.T.);
#4199=EDGE_CURVE('',#3288,#3289,#1515,.T.);
#4200=EDGE_CURVE('',#3289,#3018,#1516,.T.);
#4201=EDGE_CURVE('',#3289,#3290,#1517,.T.);
#4202=EDGE_CURVE('',#3290,#3019,#1518,.T.);
#4203=EDGE_CURVE('',#3290,#3291,#1519,.T.);
#4204=EDGE_CURVE('',#3291,#3020,#1520,.T.);
#4205=EDGE_CURVE('',#3291,#3292,#1521,.T.);
#4206=EDGE_CURVE('',#3292,#3021,#1522,.T.);
#4207=EDGE_CURVE('',#3292,#3293,#1523,.T.);
#4208=EDGE_CURVE('',#3293,#3022,#1524,.T.);
#4209=EDGE_CURVE('',#3293,#3294,#1525,.T.);
#4210=EDGE_CURVE('',#3294,#3023,#1526,.T.);
#4211=EDGE_CURVE('',#3294,#3295,#1527,.T.);
#4212=EDGE_CURVE('',#3295,#3024,#1528,.T.);
#4213=EDGE_CURVE('',#3295,#3296,#1529,.T.);
#4214=EDGE_CURVE('',#3296,#3025,#1530,.T.);
#4215=EDGE_CURVE('',#3296,#3297,#1531,.T.);
#4216=EDGE_CURVE('',#3297,#3026,#1532,.T.);
#4217=EDGE_CURVE('',#3297,#3298,#1533,.T.);
#4218=EDGE_CURVE('',#3298,#3027,#1534,.T.);
#4219=EDGE_CURVE('',#3298,#3299,#1535,.T.);
#4220=EDGE_CURVE('',#3299,#3028,#1536,.T.);
#4221=EDGE_CURVE('',#3299,#3300,#1537,.T.);
#4222=EDGE_CURVE('',#3300,#3029,#1538,.T.);
#4223=EDGE_CURVE('',#3300,#3301,#1539,.T.);
#4224=EDGE_CURVE('',#3301,#3030,#1540,.T.);
#4225=EDGE_CURVE('',#3301,#3302,#1541,.T.);
#4226=EDGE_CURVE('',#3302,#3031,#1542,.T.);
#4227=EDGE_CURVE('',#3302,#3303,#1543,.T.);
#4228=EDGE_CURVE('',#3303,#3032,#1544,.T.);
#4229=EDGE_CURVE('',#3303,#3304,#1545,.T.);
#4230=EDGE_CURVE('',#3304,#3033,#1546,.T.);
#4231=EDGE_CURVE('',#3304,#3305,#1547,.T.);
#4232=EDGE_CURVE('',#3305,#3034,#1548,.T.);
#4233=EDGE_CURVE('',#3305,#3306,#1549,.T.);
#4234=EDGE_CURVE('',#3306,#3035,#1550,.T.);
#4235=EDGE_CURVE('',#3306,#3247,#1551,.T.);
#4236=EDGE_CURVE('',#3307,#3036,#1552,.T.);
#4237=EDGE_CURVE('',#3307,#3308,#1553,.T.);
#4238=EDGE_CURVE('',#3308,#3037,#1554,.T.);
#4239=EDGE_CURVE('',#3308,#3309,#1555,.T.);
#4240=EDGE_CURVE('',#3309,#3038,#1556,.T.);
#4241=EDGE_CURVE('',#3309,#3310,#1557,.T.);
#4242=EDGE_CURVE('',#3310,#3039,#1558,.T.);
#4243=EDGE_CURVE('',#3310,#3311,#1559,.T.);
#4244=EDGE_CURVE('',#3311,#3040,#1560,.T.);
#4245=EDGE_CURVE('',#3311,#3307,#1561,.T.);
#4246=EDGE_CURVE('',#3312,#3313,#1562,.T.);
#4247=EDGE_CURVE('',#3043,#3312,#1563,.T.);
#4248=EDGE_CURVE('',#3042,#3313,#1564,.T.);
#4249=EDGE_CURVE('',#3314,#3312,#1565,.T.);
#4250=EDGE_CURVE('',#3044,#3314,#1566,.T.);
#4251=EDGE_CURVE('',#3315,#3314,#1567,.T.);
#4252=EDGE_CURVE('',#3045,#3315,#1568,.T.);
#4253=EDGE_CURVE('',#3313,#3315,#1569,.T.);
#4254=EDGE_CURVE('',#3056,#3053,#1570,.T.);
#4255=EDGE_CURVE('',#3316,#3068,#1571,.T.);
#4256=EDGE_CURVE('',#3317,#3316,#1572,.T.);
#4257=EDGE_CURVE('',#3065,#3317,#1573,.T.);
#4258=EDGE_CURVE('',#3059,#3318,#1574,.T.);
#4259=EDGE_CURVE('',#3319,#3318,#769,.T.);
#4260=EDGE_CURVE('',#3319,#3074,#1575,.T.);
#4261=EDGE_CURVE('',#3320,#3320,#770,.T.);
#4262=EDGE_CURVE('',#3077,#3318,#1576,.T.);
#4263=EDGE_CURVE('',#3321,#3317,#1577,.T.);
#4264=EDGE_CURVE('',#3066,#3321,#1578,.T.);
#4265=EDGE_CURVE('',#3321,#3322,#1579,.T.);
#4266=EDGE_CURVE('',#3322,#3067,#1580,.T.);
#4267=EDGE_CURVE('',#3322,#3316,#1581,.T.);
#4268=EDGE_CURVE('',#3319,#3076,#1582,.T.);
#4269=EDGE_CURVE('',#3323,#3324,#1583,.T.);
#4270=EDGE_CURVE('',#3325,#3323,#1584,.T.);
#4271=EDGE_CURVE('',#3326,#3325,#1585,.T.);
#4272=EDGE_CURVE('',#3327,#3326,#1586,.T.);
#4273=EDGE_CURVE('',#3328,#3327,#1587,.T.);
#4274=EDGE_CURVE('',#3329,#3328,#1588,.T.);
#4275=EDGE_CURVE('',#3330,#3329,#1589,.T.);
#4276=EDGE_CURVE('',#3331,#3330,#1590,.T.);
#4277=EDGE_CURVE('',#3332,#3331,#1591,.T.);
#4278=EDGE_CURVE('',#3333,#3332,#1592,.T.);
#4279=EDGE_CURVE('',#3334,#3333,#1593,.T.);
#4280=EDGE_CURVE('',#3335,#3334,#1594,.T.);
#4281=EDGE_CURVE('',#3336,#3335,#1595,.T.);
#4282=EDGE_CURVE('',#3337,#3336,#1596,.T.);
#4283=EDGE_CURVE('',#3338,#3337,#1597,.T.);
#4284=EDGE_CURVE('',#3339,#3338,#1598,.T.);
#4285=EDGE_CURVE('',#3340,#3339,#1599,.T.);
#4286=EDGE_CURVE('',#3341,#3340,#1600,.T.);
#4287=EDGE_CURVE('',#3342,#3341,#1601,.T.);
#4288=EDGE_CURVE('',#3343,#3342,#1602,.T.);
#4289=EDGE_CURVE('',#3344,#3343,#1603,.T.);
#4290=EDGE_CURVE('',#3345,#3344,#1604,.T.);
#4291=EDGE_CURVE('',#3346,#3345,#1605,.T.);
#4292=EDGE_CURVE('',#3324,#3346,#1606,.T.);
#4293=EDGE_CURVE('',#3347,#3348,#1607,.T.);
#4294=EDGE_CURVE('',#3349,#3347,#1608,.T.);
#4295=EDGE_CURVE('',#3350,#3349,#1609,.T.);
#4296=EDGE_CURVE('',#3351,#3350,#1610,.T.);
#4297=EDGE_CURVE('',#3352,#3351,#1611,.T.);
#4298=EDGE_CURVE('',#3353,#3352,#1612,.T.);
#4299=EDGE_CURVE('',#3354,#3353,#1613,.T.);
#4300=EDGE_CURVE('',#3355,#3354,#1614,.T.);
#4301=EDGE_CURVE('',#3356,#3355,#1615,.T.);
#4302=EDGE_CURVE('',#3357,#3356,#1616,.T.);
#4303=EDGE_CURVE('',#3358,#3357,#1617,.T.);
#4304=EDGE_CURVE('',#3359,#3358,#1618,.T.);
#4305=EDGE_CURVE('',#3360,#3359,#1619,.T.);
#4306=EDGE_CURVE('',#3361,#3360,#1620,.T.);
#4307=EDGE_CURVE('',#3362,#3361,#1621,.T.);
#4308=EDGE_CURVE('',#3363,#3362,#1622,.T.);
#4309=EDGE_CURVE('',#3364,#3363,#1623,.T.);
#4310=EDGE_CURVE('',#3365,#3364,#1624,.T.);
#4311=EDGE_CURVE('',#3366,#3365,#1625,.T.);
#4312=EDGE_CURVE('',#3367,#3366,#1626,.T.);
#4313=EDGE_CURVE('',#3368,#3367,#1627,.T.);
#4314=EDGE_CURVE('',#3369,#3368,#1628,.T.);
#4315=EDGE_CURVE('',#3370,#3369,#1629,.T.);
#4316=EDGE_CURVE('',#3371,#3370,#1630,.T.);
#4317=EDGE_CURVE('',#3372,#3371,#1631,.T.);
#4318=EDGE_CURVE('',#3373,#3372,#1632,.T.);
#4319=EDGE_CURVE('',#3348,#3373,#1633,.T.);
#4320=EDGE_CURVE('',#3374,#3375,#1634,.T.);
#4321=EDGE_CURVE('',#3376,#3374,#1635,.T.);
#4322=EDGE_CURVE('',#3375,#3376,#1636,.T.);
#4323=EDGE_CURVE('',#3377,#3313,#1637,.T.);
#4324=EDGE_CURVE('',#3378,#3377,#1638,.T.);
#4325=EDGE_CURVE('',#3312,#3378,#1639,.T.);
#4326=EDGE_CURVE('',#3379,#3378,#1640,.T.);
#4327=EDGE_CURVE('',#3379,#3314,#1641,.T.);
#4328=EDGE_CURVE('',#3380,#3379,#1642,.T.);
#4329=EDGE_CURVE('',#3315,#3380,#1643,.T.);
#4330=EDGE_CURVE('',#3380,#3377,#1644,.T.);
#4331=EDGE_CURVE('',#3320,#3381,#1645,.T.);
#4332=EDGE_CURVE('',#3381,#3381,#771,.T.);
#4333=EDGE_CURVE('',#3382,#3383,#1646,.T.);
#4334=EDGE_CURVE('',#3323,#3382,#1647,.T.);
#4335=EDGE_CURVE('',#3324,#3383,#1648,.T.);
#4336=EDGE_CURVE('',#3382,#3384,#1649,.T.);
#4337=EDGE_CURVE('',#3325,#3384,#1650,.T.);
#4338=EDGE_CURVE('',#3384,#3385,#1651,.T.);
#4339=EDGE_CURVE('',#3326,#3385,#1652,.T.);
#4340=EDGE_CURVE('',#3385,#3386,#1653,.T.);
#4341=EDGE_CURVE('',#3327,#3386,#1654,.T.);
#4342=EDGE_CURVE('',#3386,#3387,#1655,.T.);
#4343=EDGE_CURVE('',#3328,#3387,#1656,.T.);
#4344=EDGE_CURVE('',#3387,#3388,#1657,.T.);
#4345=EDGE_CURVE('',#3329,#3388,#1658,.T.);
#4346=EDGE_CURVE('',#3388,#3389,#1659,.T.);
#4347=EDGE_CURVE('',#3330,#3389,#1660,.T.);
#4348=EDGE_CURVE('',#3390,#3389,#1661,.T.);
#4349=EDGE_CURVE('',#3331,#3390,#1662,.T.);
#4350=EDGE_CURVE('',#3390,#3391,#1663,.T.);
#4351=EDGE_CURVE('',#3332,#3391,#1664,.T.);
#4352=EDGE_CURVE('',#3391,#3392,#1665,.T.);
#4353=EDGE_CURVE('',#3333,#3392,#1666,.T.);
#4354=EDGE_CURVE('',#3392,#3393,#1667,.T.);
#4355=EDGE_CURVE('',#3334,#3393,#1668,.T.);
#4356=EDGE_CURVE('',#3393,#3394,#1669,.T.);
#4357=EDGE_CURVE('',#3335,#3394,#1670,.T.);
#4358=EDGE_CURVE('',#3394,#3395,#1671,.T.);
#4359=EDGE_CURVE('',#3336,#3395,#1672,.T.);
#4360=EDGE_CURVE('',#3395,#3396,#1673,.T.);
#4361=EDGE_CURVE('',#3337,#3396,#1674,.T.);
#4362=EDGE_CURVE('',#3396,#3397,#1675,.T.);
#4363=EDGE_CURVE('',#3338,#3397,#1676,.T.);
#4364=EDGE_CURVE('',#3397,#3398,#1677,.T.);
#4365=EDGE_CURVE('',#3339,#3398,#1678,.T.);
#4366=EDGE_CURVE('',#3398,#3399,#1679,.T.);
#4367=EDGE_CURVE('',#3340,#3399,#1680,.T.);
#4368=EDGE_CURVE('',#3399,#3400,#1681,.T.);
#4369=EDGE_CURVE('',#3341,#3400,#1682,.T.);
#4370=EDGE_CURVE('',#3401,#3400,#1683,.T.);
#4371=EDGE_CURVE('',#3342,#3401,#1684,.T.);
#4372=EDGE_CURVE('',#3402,#3401,#1685,.T.);
#4373=EDGE_CURVE('',#3343,#3402,#1686,.T.);
#4374=EDGE_CURVE('',#3403,#3402,#1687,.T.);
#4375=EDGE_CURVE('',#3344,#3403,#1688,.T.);
#4376=EDGE_CURVE('',#3403,#3404,#1689,.T.);
#4377=EDGE_CURVE('',#3345,#3404,#1690,.T.);
#4378=EDGE_CURVE('',#3405,#3404,#1691,.T.);
#4379=EDGE_CURVE('',#3346,#3405,#1692,.T.);
#4380=EDGE_CURVE('',#3383,#3405,#1693,.T.);
#4381=EDGE_CURVE('',#3406,#3407,#1694,.T.);
#4382=EDGE_CURVE('',#3347,#3407,#1695,.T.);
#4383=EDGE_CURVE('',#3348,#3406,#1696,.T.);
#4384=EDGE_CURVE('',#3407,#3408,#1697,.T.);
#4385=EDGE_CURVE('',#3349,#3408,#1698,.T.);
#4386=EDGE_CURVE('',#3408,#3409,#1699,.T.);
#4387=EDGE_CURVE('',#3350,#3409,#1700,.T.);
#4388=EDGE_CURVE('',#3409,#3410,#1701,.T.);
#4389=EDGE_CURVE('',#3351,#3410,#1702,.T.);
#4390=EDGE_CURVE('',#3410,#3411,#1703,.T.);
#4391=EDGE_CURVE('',#3352,#3411,#1704,.T.);
#4392=EDGE_CURVE('',#3412,#3411,#1705,.T.);
#4393=EDGE_CURVE('',#3353,#3412,#1706,.T.);
#4394=EDGE_CURVE('',#3412,#3413,#1707,.T.);
#4395=EDGE_CURVE('',#3354,#3413,#1708,.T.);
#4396=EDGE_CURVE('',#3413,#3414,#1709,.T.);
#4397=EDGE_CURVE('',#3355,#3414,#1710,.T.);
#4398=EDGE_CURVE('',#3414,#3415,#1711,.T.);
#4399=EDGE_CURVE('',#3356,#3415,#1712,.T.);
#4400=EDGE_CURVE('',#3415,#3416,#1713,.T.);
#4401=EDGE_CURVE('',#3357,#3416,#1714,.T.);
#4402=EDGE_CURVE('',#3416,#3417,#1715,.T.);
#4403=EDGE_CURVE('',#3358,#3417,#1716,.T.);
#4404=EDGE_CURVE('',#3417,#3418,#1717,.T.);
#4405=EDGE_CURVE('',#3359,#3418,#1718,.T.);
#4406=EDGE_CURVE('',#3418,#3419,#1719,.T.);
#4407=EDGE_CURVE('',#3360,#3419,#1720,.T.);
#4408=EDGE_CURVE('',#3419,#3420,#1721,.T.);
#4409=EDGE_CURVE('',#3361,#3420,#1722,.T.);
#4410=EDGE_CURVE('',#3420,#3421,#1723,.T.);
#4411=EDGE_CURVE('',#3362,#3421,#1724,.T.);
#4412=EDGE_CURVE('',#3421,#3422,#1725,.T.);
#4413=EDGE_CURVE('',#3363,#3422,#1726,.T.);
#4414=EDGE_CURVE('',#3422,#3423,#1727,.T.);
#4415=EDGE_CURVE('',#3364,#3423,#1728,.T.);
#4416=EDGE_CURVE('',#3423,#3424,#1729,.T.);
#4417=EDGE_CURVE('',#3365,#3424,#1730,.T.);
#4418=EDGE_CURVE('',#3424,#3425,#1731,.T.);
#4419=EDGE_CURVE('',#3366,#3425,#1732,.T.);
#4420=EDGE_CURVE('',#3425,#3426,#1733,.T.);
#4421=EDGE_CURVE('',#3367,#3426,#1734,.T.);
#4422=EDGE_CURVE('',#3427,#3426,#1735,.T.);
#4423=EDGE_CURVE('',#3368,#3427,#1736,.T.);
#4424=EDGE_CURVE('',#3427,#3428,#1737,.T.);
#4425=EDGE_CURVE('',#3369,#3428,#1738,.T.);
#4426=EDGE_CURVE('',#3428,#3429,#1739,.T.);
#4427=EDGE_CURVE('',#3370,#3429,#1740,.T.);
#4428=EDGE_CURVE('',#3429,#3430,#1741,.T.);
#4429=EDGE_CURVE('',#3371,#3430,#1742,.T.);
#4430=EDGE_CURVE('',#3430,#3431,#1743,.T.);
#4431=EDGE_CURVE('',#3372,#3431,#1744,.T.);
#4432=EDGE_CURVE('',#3431,#3432,#1745,.T.);
#4433=EDGE_CURVE('',#3373,#3432,#1746,.T.);
#4434=EDGE_CURVE('',#3432,#3406,#1747,.T.);
#4435=EDGE_CURVE('',#3433,#3434,#1748,.T.);
#4436=EDGE_CURVE('',#3374,#3434,#1749,.T.);
#4437=EDGE_CURVE('',#3375,#3433,#1750,.T.);
#4438=EDGE_CURVE('',#3434,#3435,#1751,.T.);
#4439=EDGE_CURVE('',#3376,#3435,#1752,.T.);
#4440=EDGE_CURVE('',#3433,#3435,#1753,.T.);
#4441=EDGE_CURVE('',#3436,#3437,#1754,.T.);
#4442=EDGE_CURVE('',#3437,#3438,#1755,.T.);
#4443=EDGE_CURVE('',#3438,#3439,#1756,.T.);
#4444=EDGE_CURVE('',#3439,#3436,#1757,.T.);
#4445=EDGE_CURVE('',#3440,#3441,#1758,.T.);
#4446=EDGE_CURVE('',#3437,#3441,#1759,.T.);
#4447=EDGE_CURVE('',#3436,#3440,#1760,.T.);
#4448=EDGE_CURVE('',#3441,#3442,#1761,.T.);
#4449=EDGE_CURVE('',#3438,#3442,#1762,.T.);
#4450=EDGE_CURVE('',#3442,#3443,#1763,.T.);
#4451=EDGE_CURVE('',#3439,#3443,#1764,.T.);
#4452=EDGE_CURVE('',#3443,#3440,#1765,.T.);
#4453=EDGE_CURVE('',#3444,#3440,#1766,.T.);
#4454=EDGE_CURVE('',#3445,#3444,#1767,.T.);
#4455=EDGE_CURVE('',#3441,#3445,#1768,.T.);
#4456=EDGE_CURVE('',#3446,#3445,#1769,.T.);
#4457=EDGE_CURVE('',#3446,#3442,#1770,.T.);
#4458=EDGE_CURVE('',#3447,#3446,#1771,.T.);
#4459=EDGE_CURVE('',#3443,#3447,#1772,.T.);
#4460=EDGE_CURVE('',#3444,#3447,#1773,.T.);
#4461=ORIENTED_EDGE('',*,*,#3448,.T.);
#4462=ORIENTED_EDGE('',*,*,#3449,.T.);
#4463=ORIENTED_EDGE('',*,*,#3450,.T.);
#4464=ORIENTED_EDGE('',*,*,#3451,.T.);
#4465=ORIENTED_EDGE('',*,*,#3452,.T.);
#4466=ORIENTED_EDGE('',*,*,#3453,.T.);
#4467=ORIENTED_EDGE('',*,*,#3454,.T.);
#4468=ORIENTED_EDGE('',*,*,#3455,.T.);
#4469=ORIENTED_EDGE('',*,*,#3456,.T.);
#4470=ORIENTED_EDGE('',*,*,#3457,.T.);
#4471=ORIENTED_EDGE('',*,*,#3448,.F.);
#4472=ORIENTED_EDGE('',*,*,#3458,.T.);
#4473=ORIENTED_EDGE('',*,*,#3459,.T.);
#4474=ORIENTED_EDGE('',*,*,#3460,.F.);
#4475=ORIENTED_EDGE('',*,*,#3461,.T.);
#4476=ORIENTED_EDGE('',*,*,#3462,.F.);
#4477=ORIENTED_EDGE('',*,*,#3463,.T.);
#4478=ORIENTED_EDGE('',*,*,#3464,.T.);
#4479=ORIENTED_EDGE('',*,*,#3465,.F.);
#4480=ORIENTED_EDGE('',*,*,#3466,.F.);
#4481=ORIENTED_EDGE('',*,*,#3467,.F.);
#4482=ORIENTED_EDGE('',*,*,#3468,.F.);
#4483=ORIENTED_EDGE('',*,*,#3469,.F.);
#4484=ORIENTED_EDGE('',*,*,#3470,.F.);
#4485=ORIENTED_EDGE('',*,*,#3471,.F.);
#4486=ORIENTED_EDGE('',*,*,#3472,.F.);
#4487=ORIENTED_EDGE('',*,*,#3473,.F.);
#4488=ORIENTED_EDGE('',*,*,#3474,.T.);
#4489=ORIENTED_EDGE('',*,*,#3475,.T.);
#4490=ORIENTED_EDGE('',*,*,#3476,.F.);
#4491=ORIENTED_EDGE('',*,*,#3477,.T.);
#4492=ORIENTED_EDGE('',*,*,#3478,.T.);
#4493=ORIENTED_EDGE('',*,*,#3449,.F.);
#4494=ORIENTED_EDGE('',*,*,#3460,.T.);
#4495=ORIENTED_EDGE('',*,*,#3479,.T.);
#4496=ORIENTED_EDGE('',*,*,#3480,.F.);
#4497=ORIENTED_EDGE('',*,*,#3481,.T.);
#4498=ORIENTED_EDGE('',*,*,#3482,.T.);
#4499=ORIENTED_EDGE('',*,*,#3483,.T.);
#4500=ORIENTED_EDGE('',*,*,#3484,.F.);
#4501=ORIENTED_EDGE('',*,*,#3485,.F.);
#4502=ORIENTED_EDGE('',*,*,#3486,.F.);
#4503=ORIENTED_EDGE('',*,*,#3487,.F.);
#4504=ORIENTED_EDGE('',*,*,#3488,.F.);
#4505=ORIENTED_EDGE('',*,*,#3489,.F.);
#4506=ORIENTED_EDGE('',*,*,#3490,.F.);
#4507=ORIENTED_EDGE('',*,*,#3491,.F.);
#4508=ORIENTED_EDGE('',*,*,#3492,.F.);
#4509=ORIENTED_EDGE('',*,*,#3493,.F.);
#4510=ORIENTED_EDGE('',*,*,#3494,.F.);
#4511=ORIENTED_EDGE('',*,*,#3495,.F.);
#4512=ORIENTED_EDGE('',*,*,#3496,.T.);
#4513=ORIENTED_EDGE('',*,*,#3497,.T.);
#4514=ORIENTED_EDGE('',*,*,#3498,.T.);
#4515=ORIENTED_EDGE('',*,*,#3499,.F.);
#4516=ORIENTED_EDGE('',*,*,#3500,.F.);
#4517=ORIENTED_EDGE('',*,*,#3501,.F.);
#4518=ORIENTED_EDGE('',*,*,#3502,.F.);
#4519=ORIENTED_EDGE('',*,*,#3503,.F.);
#4520=ORIENTED_EDGE('',*,*,#3504,.F.);
#4521=ORIENTED_EDGE('',*,*,#3505,.F.);
#4522=ORIENTED_EDGE('',*,*,#3506,.F.);
#4523=ORIENTED_EDGE('',*,*,#3507,.F.);
#4524=ORIENTED_EDGE('',*,*,#3508,.F.);
#4525=ORIENTED_EDGE('',*,*,#3509,.T.);
#4526=ORIENTED_EDGE('',*,*,#3510,.T.);
#4527=ORIENTED_EDGE('',*,*,#3511,.T.);
#4528=ORIENTED_EDGE('',*,*,#3512,.F.);
#4529=ORIENTED_EDGE('',*,*,#3513,.T.);
#4530=ORIENTED_EDGE('',*,*,#3514,.F.);
#4531=ORIENTED_EDGE('',*,*,#3515,.T.);
#4532=ORIENTED_EDGE('',*,*,#3516,.F.);
#4533=ORIENTED_EDGE('',*,*,#3517,.T.);
#4534=ORIENTED_EDGE('',*,*,#3518,.F.);
#4535=ORIENTED_EDGE('',*,*,#3519,.F.);
#4536=ORIENTED_EDGE('',*,*,#3520,.T.);
#4537=ORIENTED_EDGE('',*,*,#3521,.F.);
#4538=ORIENTED_EDGE('',*,*,#3522,.T.);
#4539=ORIENTED_EDGE('',*,*,#3523,.F.);
#4540=ORIENTED_EDGE('',*,*,#3524,.F.);
#4541=ORIENTED_EDGE('',*,*,#3525,.T.);
#4542=ORIENTED_EDGE('',*,*,#3526,.F.);
#4543=ORIENTED_EDGE('',*,*,#3527,.T.);
#4544=ORIENTED_EDGE('',*,*,#3528,.F.);
#4545=ORIENTED_EDGE('',*,*,#3529,.T.);
#4546=ORIENTED_EDGE('',*,*,#3530,.F.);
#4547=ORIENTED_EDGE('',*,*,#3531,.T.);
#4548=ORIENTED_EDGE('',*,*,#3532,.F.);
#4549=ORIENTED_EDGE('',*,*,#3533,.T.);
#4550=ORIENTED_EDGE('',*,*,#3534,.F.);
#4551=ORIENTED_EDGE('',*,*,#3535,.T.);
#4552=ORIENTED_EDGE('',*,*,#3536,.F.);
#4553=ORIENTED_EDGE('',*,*,#3537,.F.);
#4554=ORIENTED_EDGE('',*,*,#3538,.T.);
#4555=ORIENTED_EDGE('',*,*,#3539,.F.);
#4556=ORIENTED_EDGE('',*,*,#3540,.F.);
#4557=ORIENTED_EDGE('',*,*,#3541,.F.);
#4558=ORIENTED_EDGE('',*,*,#3542,.F.);
#4559=ORIENTED_EDGE('',*,*,#3543,.T.);
#4560=ORIENTED_EDGE('',*,*,#3544,.T.);
#4561=ORIENTED_EDGE('',*,*,#3545,.F.);
#4562=ORIENTED_EDGE('',*,*,#3546,.F.);
#4563=ORIENTED_EDGE('',*,*,#3547,.F.);
#4564=ORIENTED_EDGE('',*,*,#3548,.F.);
#4565=ORIENTED_EDGE('',*,*,#3549,.F.);
#4566=ORIENTED_EDGE('',*,*,#3550,.T.);
#4567=ORIENTED_EDGE('',*,*,#3551,.F.);
#4568=ORIENTED_EDGE('',*,*,#3552,.F.);
#4569=ORIENTED_EDGE('',*,*,#3553,.F.);
#4570=ORIENTED_EDGE('',*,*,#3554,.F.);
#4571=ORIENTED_EDGE('',*,*,#3555,.F.);
#4572=ORIENTED_EDGE('',*,*,#3556,.F.);
#4573=ORIENTED_EDGE('',*,*,#3557,.F.);
#4574=ORIENTED_EDGE('',*,*,#3558,.F.);
#4575=ORIENTED_EDGE('',*,*,#3559,.F.);
#4576=ORIENTED_EDGE('',*,*,#3560,.T.);
#4577=ORIENTED_EDGE('',*,*,#3561,.F.);
#4578=ORIENTED_EDGE('',*,*,#3562,.F.);
#4579=ORIENTED_EDGE('',*,*,#3563,.F.);
#4580=ORIENTED_EDGE('',*,*,#3564,.F.);
#4581=ORIENTED_EDGE('',*,*,#3565,.F.);
#4582=ORIENTED_EDGE('',*,*,#3566,.F.);
#4583=ORIENTED_EDGE('',*,*,#3567,.T.);
#4584=ORIENTED_EDGE('',*,*,#3568,.F.);
#4585=ORIENTED_EDGE('',*,*,#3569,.F.);
#4586=ORIENTED_EDGE('',*,*,#3570,.F.);
#4587=ORIENTED_EDGE('',*,*,#3571,.F.);
#4588=ORIENTED_EDGE('',*,*,#3572,.F.);
#4589=ORIENTED_EDGE('',*,*,#3573,.F.);
#4590=ORIENTED_EDGE('',*,*,#3574,.F.);
#4591=ORIENTED_EDGE('',*,*,#3575,.T.);
#4592=ORIENTED_EDGE('',*,*,#3576,.F.);
#4593=ORIENTED_EDGE('',*,*,#3577,.T.);
#4594=ORIENTED_EDGE('',*,*,#3578,.F.);
#4595=ORIENTED_EDGE('',*,*,#3579,.F.);
#4596=ORIENTED_EDGE('',*,*,#3580,.F.);
#4597=ORIENTED_EDGE('',*,*,#3581,.F.);
#4598=ORIENTED_EDGE('',*,*,#3582,.F.);
#4599=ORIENTED_EDGE('',*,*,#3583,.T.);
#4600=ORIENTED_EDGE('',*,*,#3584,.F.);
#4601=ORIENTED_EDGE('',*,*,#3585,.F.);
#4602=ORIENTED_EDGE('',*,*,#3586,.F.);
#4603=ORIENTED_EDGE('',*,*,#3587,.F.);
#4604=ORIENTED_EDGE('',*,*,#3588,.F.);
#4605=ORIENTED_EDGE('',*,*,#3589,.T.);
#4606=ORIENTED_EDGE('',*,*,#3590,.F.);
#4607=ORIENTED_EDGE('',*,*,#3591,.F.);
#4608=ORIENTED_EDGE('',*,*,#3592,.F.);
#4609=ORIENTED_EDGE('',*,*,#3593,.F.);
#4610=ORIENTED_EDGE('',*,*,#3594,.F.);
#4611=ORIENTED_EDGE('',*,*,#3595,.F.);
#4612=ORIENTED_EDGE('',*,*,#3596,.F.);
#4613=ORIENTED_EDGE('',*,*,#3597,.F.);
#4614=ORIENTED_EDGE('',*,*,#3598,.F.);
#4615=ORIENTED_EDGE('',*,*,#3599,.F.);
#4616=ORIENTED_EDGE('',*,*,#3600,.F.);
#4617=ORIENTED_EDGE('',*,*,#3601,.F.);
#4618=ORIENTED_EDGE('',*,*,#3602,.T.);
#4619=ORIENTED_EDGE('',*,*,#3603,.F.);
#4620=ORIENTED_EDGE('',*,*,#3604,.F.);
#4621=ORIENTED_EDGE('',*,*,#3605,.F.);
#4622=ORIENTED_EDGE('',*,*,#3606,.F.);
#4623=ORIENTED_EDGE('',*,*,#3607,.F.);
#4624=ORIENTED_EDGE('',*,*,#3608,.F.);
#4625=ORIENTED_EDGE('',*,*,#3609,.F.);
#4626=ORIENTED_EDGE('',*,*,#3610,.F.);
#4627=ORIENTED_EDGE('',*,*,#3611,.F.);
#4628=ORIENTED_EDGE('',*,*,#3612,.F.);
#4629=ORIENTED_EDGE('',*,*,#3613,.F.);
#4630=ORIENTED_EDGE('',*,*,#3614,.F.);
#4631=ORIENTED_EDGE('',*,*,#3615,.F.);
#4632=ORIENTED_EDGE('',*,*,#3616,.F.);
#4633=ORIENTED_EDGE('',*,*,#3617,.F.);
#4634=ORIENTED_EDGE('',*,*,#3618,.F.);
#4635=ORIENTED_EDGE('',*,*,#3619,.F.);
#4636=ORIENTED_EDGE('',*,*,#3620,.F.);
#4637=ORIENTED_EDGE('',*,*,#3621,.T.);
#4638=ORIENTED_EDGE('',*,*,#3622,.F.);
#4639=ORIENTED_EDGE('',*,*,#3623,.F.);
#4640=ORIENTED_EDGE('',*,*,#3624,.F.);
#4641=ORIENTED_EDGE('',*,*,#3625,.F.);
#4642=ORIENTED_EDGE('',*,*,#3626,.F.);
#4643=ORIENTED_EDGE('',*,*,#3627,.F.);
#4644=ORIENTED_EDGE('',*,*,#3628,.F.);
#4645=ORIENTED_EDGE('',*,*,#3629,.F.);
#4646=ORIENTED_EDGE('',*,*,#3630,.F.);
#4647=ORIENTED_EDGE('',*,*,#3631,.F.);
#4648=ORIENTED_EDGE('',*,*,#3632,.F.);
#4649=ORIENTED_EDGE('',*,*,#3633,.F.);
#4650=ORIENTED_EDGE('',*,*,#3634,.F.);
#4651=ORIENTED_EDGE('',*,*,#3635,.F.);
#4652=ORIENTED_EDGE('',*,*,#3636,.F.);
#4653=ORIENTED_EDGE('',*,*,#3637,.F.);
#4654=ORIENTED_EDGE('',*,*,#3638,.F.);
#4655=ORIENTED_EDGE('',*,*,#3639,.T.);
#4656=ORIENTED_EDGE('',*,*,#3640,.F.);
#4657=ORIENTED_EDGE('',*,*,#3641,.F.);
#4658=ORIENTED_EDGE('',*,*,#3642,.F.);
#4659=ORIENTED_EDGE('',*,*,#3643,.F.);
#4660=ORIENTED_EDGE('',*,*,#3644,.F.);
#4661=ORIENTED_EDGE('',*,*,#3645,.F.);
#4662=ORIENTED_EDGE('',*,*,#3646,.F.);
#4663=ORIENTED_EDGE('',*,*,#3647,.F.);
#4664=ORIENTED_EDGE('',*,*,#3648,.F.);
#4665=ORIENTED_EDGE('',*,*,#3649,.F.);
#4666=ORIENTED_EDGE('',*,*,#3650,.T.);
#4667=ORIENTED_EDGE('',*,*,#3651,.F.);
#4668=ORIENTED_EDGE('',*,*,#3652,.F.);
#4669=ORIENTED_EDGE('',*,*,#3653,.F.);
#4670=ORIENTED_EDGE('',*,*,#3654,.F.);
#4671=ORIENTED_EDGE('',*,*,#3655,.F.);
#4672=ORIENTED_EDGE('',*,*,#3656,.F.);
#4673=ORIENTED_EDGE('',*,*,#3657,.F.);
#4674=ORIENTED_EDGE('',*,*,#3658,.F.);
#4675=ORIENTED_EDGE('',*,*,#3659,.F.);
#4676=ORIENTED_EDGE('',*,*,#3660,.T.);
#4677=ORIENTED_EDGE('',*,*,#3661,.F.);
#4678=ORIENTED_EDGE('',*,*,#3662,.F.);
#4679=ORIENTED_EDGE('',*,*,#3663,.F.);
#4680=ORIENTED_EDGE('',*,*,#3664,.F.);
#4681=ORIENTED_EDGE('',*,*,#3665,.F.);
#4682=ORIENTED_EDGE('',*,*,#3666,.T.);
#4683=ORIENTED_EDGE('',*,*,#3667,.F.);
#4684=ORIENTED_EDGE('',*,*,#3668,.F.);
#4685=ORIENTED_EDGE('',*,*,#3669,.F.);
#4686=ORIENTED_EDGE('',*,*,#3670,.F.);
#4687=ORIENTED_EDGE('',*,*,#3671,.F.);
#4688=ORIENTED_EDGE('',*,*,#3672,.F.);
#4689=ORIENTED_EDGE('',*,*,#3673,.T.);
#4690=ORIENTED_EDGE('',*,*,#3674,.F.);
#4691=ORIENTED_EDGE('',*,*,#3675,.T.);
#4692=ORIENTED_EDGE('',*,*,#3676,.F.);
#4693=ORIENTED_EDGE('',*,*,#3677,.F.);
#4694=ORIENTED_EDGE('',*,*,#3678,.F.);
#4695=ORIENTED_EDGE('',*,*,#3679,.F.);
#4696=ORIENTED_EDGE('',*,*,#3680,.F.);
#4697=ORIENTED_EDGE('',*,*,#3681,.F.);
#4698=ORIENTED_EDGE('',*,*,#3682,.T.);
#4699=ORIENTED_EDGE('',*,*,#3683,.F.);
#4700=ORIENTED_EDGE('',*,*,#3684,.F.);
#4701=ORIENTED_EDGE('',*,*,#3685,.F.);
#4702=ORIENTED_EDGE('',*,*,#3686,.F.);
#4703=ORIENTED_EDGE('',*,*,#3687,.F.);
#4704=ORIENTED_EDGE('',*,*,#3688,.T.);
#4705=ORIENTED_EDGE('',*,*,#3689,.F.);
#4706=ORIENTED_EDGE('',*,*,#3690,.F.);
#4707=ORIENTED_EDGE('',*,*,#3691,.F.);
#4708=ORIENTED_EDGE('',*,*,#3692,.F.);
#4709=ORIENTED_EDGE('',*,*,#3693,.F.);
#4710=ORIENTED_EDGE('',*,*,#3694,.F.);
#4711=ORIENTED_EDGE('',*,*,#3695,.F.);
#4712=ORIENTED_EDGE('',*,*,#3696,.F.);
#4713=ORIENTED_EDGE('',*,*,#3697,.F.);
#4714=ORIENTED_EDGE('',*,*,#3698,.F.);
#4715=ORIENTED_EDGE('',*,*,#3699,.F.);
#4716=ORIENTED_EDGE('',*,*,#3700,.F.);
#4717=ORIENTED_EDGE('',*,*,#3701,.F.);
#4718=ORIENTED_EDGE('',*,*,#3702,.F.);
#4719=ORIENTED_EDGE('',*,*,#3703,.F.);
#4720=ORIENTED_EDGE('',*,*,#3704,.F.);
#4721=ORIENTED_EDGE('',*,*,#3705,.F.);
#4722=ORIENTED_EDGE('',*,*,#3706,.F.);
#4723=ORIENTED_EDGE('',*,*,#3707,.F.);
#4724=ORIENTED_EDGE('',*,*,#3708,.F.);
#4725=ORIENTED_EDGE('',*,*,#3709,.F.);
#4726=ORIENTED_EDGE('',*,*,#3710,.T.);
#4727=ORIENTED_EDGE('',*,*,#3711,.T.);
#4728=ORIENTED_EDGE('',*,*,#3712,.T.);
#4729=ORIENTED_EDGE('',*,*,#3713,.F.);
#4730=ORIENTED_EDGE('',*,*,#3714,.F.);
#4731=ORIENTED_EDGE('',*,*,#3450,.F.);
#4732=ORIENTED_EDGE('',*,*,#3480,.T.);
#4733=ORIENTED_EDGE('',*,*,#3715,.T.);
#4734=ORIENTED_EDGE('',*,*,#3716,.T.);
#4735=ORIENTED_EDGE('',*,*,#3717,.T.);
#4736=ORIENTED_EDGE('',*,*,#3718,.T.);
#4737=ORIENTED_EDGE('',*,*,#3719,.T.);
#4738=ORIENTED_EDGE('',*,*,#3720,.T.);
#4739=ORIENTED_EDGE('',*,*,#3451,.F.);
#4740=ORIENTED_EDGE('',*,*,#3716,.F.);
#4741=ORIENTED_EDGE('',*,*,#3721,.T.);
#4742=ORIENTED_EDGE('',*,*,#3722,.F.);
#4743=ORIENTED_EDGE('',*,*,#3452,.F.);
#4744=ORIENTED_EDGE('',*,*,#3722,.T.);
#4745=ORIENTED_EDGE('',*,*,#3723,.T.);
#4746=ORIENTED_EDGE('',*,*,#3724,.F.);
#4747=ORIENTED_EDGE('',*,*,#3453,.F.);
#4748=ORIENTED_EDGE('',*,*,#3724,.T.);
#4749=ORIENTED_EDGE('',*,*,#3725,.F.);
#4750=ORIENTED_EDGE('',*,*,#3726,.T.);
#4751=ORIENTED_EDGE('',*,*,#3454,.F.);
#4752=ORIENTED_EDGE('',*,*,#3726,.F.);
#4753=ORIENTED_EDGE('',*,*,#3727,.T.);
#4754=ORIENTED_EDGE('',*,*,#3728,.F.);
#4755=ORIENTED_EDGE('',*,*,#3455,.F.);
#4756=ORIENTED_EDGE('',*,*,#3728,.T.);
#4757=ORIENTED_EDGE('',*,*,#3729,.F.);
#4758=ORIENTED_EDGE('',*,*,#3730,.F.);
#4759=ORIENTED_EDGE('',*,*,#3456,.F.);
#4760=ORIENTED_EDGE('',*,*,#3730,.T.);
#4761=ORIENTED_EDGE('',*,*,#3731,.F.);
#4762=ORIENTED_EDGE('',*,*,#3732,.F.);
#4763=ORIENTED_EDGE('',*,*,#3457,.F.);
#4764=ORIENTED_EDGE('',*,*,#3732,.T.);
#4765=ORIENTED_EDGE('',*,*,#3733,.T.);
#4766=ORIENTED_EDGE('',*,*,#3458,.F.);
#4767=ORIENTED_EDGE('',*,*,#3459,.F.);
#4768=ORIENTED_EDGE('',*,*,#3733,.F.);
#4769=ORIENTED_EDGE('',*,*,#3731,.T.);
#4770=ORIENTED_EDGE('',*,*,#3729,.T.);
#4771=ORIENTED_EDGE('',*,*,#3727,.F.);
#4772=ORIENTED_EDGE('',*,*,#3725,.T.);
#4773=ORIENTED_EDGE('',*,*,#3723,.F.);
#4774=ORIENTED_EDGE('',*,*,#3721,.F.);
#4775=ORIENTED_EDGE('',*,*,#3715,.F.);
#4776=ORIENTED_EDGE('',*,*,#3479,.F.);
#4777=ORIENTED_EDGE('',*,*,#3734,.F.);
#4778=ORIENTED_EDGE('',*,*,#3735,.F.);
#4779=ORIENTED_EDGE('',*,*,#3461,.F.);
#4780=ORIENTED_EDGE('',*,*,#3736,.F.);
#4781=ORIENTED_EDGE('',*,*,#3737,.T.);
#4782=ORIENTED_EDGE('',*,*,#3738,.F.);
#4783=ORIENTED_EDGE('',*,*,#3739,.T.);
#4784=ORIENTED_EDGE('',*,*,#3462,.T.);
#4785=ORIENTED_EDGE('',*,*,#3735,.T.);
#4786=ORIENTED_EDGE('',*,*,#3463,.F.);
#4787=ORIENTED_EDGE('',*,*,#3739,.F.);
#4788=ORIENTED_EDGE('',*,*,#3740,.T.);
#4789=ORIENTED_EDGE('',*,*,#3741,.T.);
#4790=ORIENTED_EDGE('',*,*,#3742,.F.);
#4791=ORIENTED_EDGE('',*,*,#3743,.F.);
#4792=ORIENTED_EDGE('',*,*,#3744,.T.);
#4793=ORIENTED_EDGE('',*,*,#3464,.F.);
#4794=ORIENTED_EDGE('',*,*,#3742,.T.);
#4795=ORIENTED_EDGE('',*,*,#3745,.T.);
#4796=ORIENTED_EDGE('',*,*,#3736,.T.);
#4797=ORIENTED_EDGE('',*,*,#3478,.F.);
#4798=ORIENTED_EDGE('',*,*,#3746,.T.);
#4799=ORIENTED_EDGE('',*,*,#3747,.T.);
#4800=ORIENTED_EDGE('',*,*,#3748,.F.);
#4801=ORIENTED_EDGE('',*,*,#3749,.T.);
#4802=ORIENTED_EDGE('',*,*,#3465,.T.);
#4803=ORIENTED_EDGE('',*,*,#3744,.F.);
#4804=ORIENTED_EDGE('',*,*,#3750,.F.);
#4805=ORIENTED_EDGE('',*,*,#3751,.T.);
#4806=ORIENTED_EDGE('',*,*,#3466,.T.);
#4807=ORIENTED_EDGE('',*,*,#3749,.F.);
#4808=ORIENTED_EDGE('',*,*,#3752,.F.);
#4809=ORIENTED_EDGE('',*,*,#3753,.T.);
#4810=ORIENTED_EDGE('',*,*,#3467,.T.);
#4811=ORIENTED_EDGE('',*,*,#3751,.F.);
#4812=ORIENTED_EDGE('',*,*,#3754,.T.);
#4813=ORIENTED_EDGE('',*,*,#3755,.T.);
#4814=ORIENTED_EDGE('',*,*,#3468,.T.);
#4815=ORIENTED_EDGE('',*,*,#3753,.F.);
#4816=ORIENTED_EDGE('',*,*,#3756,.F.);
#4817=ORIENTED_EDGE('',*,*,#3757,.F.);
#4818=ORIENTED_EDGE('',*,*,#3758,.F.);
#4819=ORIENTED_EDGE('',*,*,#3759,.T.);
#4820=ORIENTED_EDGE('',*,*,#3760,.F.);
#4821=ORIENTED_EDGE('',*,*,#3761,.T.);
#4822=ORIENTED_EDGE('',*,*,#3469,.T.);
#4823=ORIENTED_EDGE('',*,*,#3755,.F.);
#4824=ORIENTED_EDGE('',*,*,#3762,.T.);
#4825=ORIENTED_EDGE('',*,*,#3763,.T.);
#4826=ORIENTED_EDGE('',*,*,#3470,.T.);
#4827=ORIENTED_EDGE('',*,*,#3761,.F.);
#4828=ORIENTED_EDGE('',*,*,#3764,.F.);
#4829=ORIENTED_EDGE('',*,*,#3765,.T.);
#4830=ORIENTED_EDGE('',*,*,#3471,.T.);
#4831=ORIENTED_EDGE('',*,*,#3763,.F.);
#4832=ORIENTED_EDGE('',*,*,#3766,.F.);
#4833=ORIENTED_EDGE('',*,*,#3767,.T.);
#4834=ORIENTED_EDGE('',*,*,#3472,.T.);
#4835=ORIENTED_EDGE('',*,*,#3765,.F.);
#4836=ORIENTED_EDGE('',*,*,#3768,.F.);
#4837=ORIENTED_EDGE('',*,*,#3769,.F.);
#4838=ORIENTED_EDGE('',*,*,#3473,.T.);
#4839=ORIENTED_EDGE('',*,*,#3767,.F.);
#4840=ORIENTED_EDGE('',*,*,#3770,.F.);
#4841=ORIENTED_EDGE('',*,*,#3771,.T.);
#4842=ORIENTED_EDGE('',*,*,#3772,.T.);
#4843=ORIENTED_EDGE('',*,*,#3474,.F.);
#4844=ORIENTED_EDGE('',*,*,#3769,.T.);
#4845=ORIENTED_EDGE('',*,*,#3773,.T.);
#4846=ORIENTED_EDGE('',*,*,#3774,.F.);
#4847=ORIENTED_EDGE('',*,*,#3475,.F.);
#4848=ORIENTED_EDGE('',*,*,#3772,.F.);
#4849=ORIENTED_EDGE('',*,*,#3775,.F.);
#4850=ORIENTED_EDGE('',*,*,#3476,.T.);
#4851=ORIENTED_EDGE('',*,*,#3774,.T.);
#4852=ORIENTED_EDGE('',*,*,#3776,.F.);
#4853=ORIENTED_EDGE('',*,*,#3777,.T.);
#4854=ORIENTED_EDGE('',*,*,#3746,.F.);
#4855=ORIENTED_EDGE('',*,*,#3477,.F.);
#4856=ORIENTED_EDGE('',*,*,#3775,.T.);
#4857=ORIENTED_EDGE('',*,*,#3481,.F.);
#4858=ORIENTED_EDGE('',*,*,#3778,.F.);
#4859=ORIENTED_EDGE('',*,*,#3779,.T.);
#4860=ORIENTED_EDGE('',*,*,#3780,.T.);
#4861=ORIENTED_EDGE('',*,*,#3482,.F.);
#4862=ORIENTED_EDGE('',*,*,#3780,.F.);
#4863=ORIENTED_EDGE('',*,*,#3781,.T.);
#4864=ORIENTED_EDGE('',*,*,#3782,.T.);
#4865=ORIENTED_EDGE('',*,*,#3483,.F.);
#4866=ORIENTED_EDGE('',*,*,#3782,.F.);
#4867=ORIENTED_EDGE('',*,*,#3783,.T.);
#4868=ORIENTED_EDGE('',*,*,#3784,.T.);
#4869=ORIENTED_EDGE('',*,*,#3484,.T.);
#4870=ORIENTED_EDGE('',*,*,#3784,.F.);
#4871=ORIENTED_EDGE('',*,*,#3785,.T.);
#4872=ORIENTED_EDGE('',*,*,#3786,.T.);
#4873=ORIENTED_EDGE('',*,*,#3485,.T.);
#4874=ORIENTED_EDGE('',*,*,#3786,.F.);
#4875=ORIENTED_EDGE('',*,*,#3787,.T.);
#4876=ORIENTED_EDGE('',*,*,#3788,.T.);
#4877=ORIENTED_EDGE('',*,*,#3486,.T.);
#4878=ORIENTED_EDGE('',*,*,#3788,.F.);
#4879=ORIENTED_EDGE('',*,*,#3789,.T.);
#4880=ORIENTED_EDGE('',*,*,#3790,.T.);
#4881=ORIENTED_EDGE('',*,*,#3487,.T.);
#4882=ORIENTED_EDGE('',*,*,#3790,.F.);
#4883=ORIENTED_EDGE('',*,*,#3791,.T.);
#4884=ORIENTED_EDGE('',*,*,#3792,.T.);
#4885=ORIENTED_EDGE('',*,*,#3488,.T.);
#4886=ORIENTED_EDGE('',*,*,#3792,.F.);
#4887=ORIENTED_EDGE('',*,*,#3793,.T.);
#4888=ORIENTED_EDGE('',*,*,#3794,.T.);
#4889=ORIENTED_EDGE('',*,*,#3489,.T.);
#4890=ORIENTED_EDGE('',*,*,#3794,.F.);
#4891=ORIENTED_EDGE('',*,*,#3795,.T.);
#4892=ORIENTED_EDGE('',*,*,#3796,.T.);
#4893=ORIENTED_EDGE('',*,*,#3490,.T.);
#4894=ORIENTED_EDGE('',*,*,#3796,.F.);
#4895=ORIENTED_EDGE('',*,*,#3797,.T.);
#4896=ORIENTED_EDGE('',*,*,#3798,.T.);
#4897=ORIENTED_EDGE('',*,*,#3491,.T.);
#4898=ORIENTED_EDGE('',*,*,#3798,.F.);
#4899=ORIENTED_EDGE('',*,*,#3799,.T.);
#4900=ORIENTED_EDGE('',*,*,#3800,.T.);
#4901=ORIENTED_EDGE('',*,*,#3492,.T.);
#4902=ORIENTED_EDGE('',*,*,#3800,.F.);
#4903=ORIENTED_EDGE('',*,*,#3801,.T.);
#4904=ORIENTED_EDGE('',*,*,#3802,.T.);
#4905=ORIENTED_EDGE('',*,*,#3493,.T.);
#4906=ORIENTED_EDGE('',*,*,#3802,.F.);
#4907=ORIENTED_EDGE('',*,*,#3803,.T.);
#4908=ORIENTED_EDGE('',*,*,#3804,.T.);
#4909=ORIENTED_EDGE('',*,*,#3494,.T.);
#4910=ORIENTED_EDGE('',*,*,#3804,.F.);
#4911=ORIENTED_EDGE('',*,*,#3805,.T.);
#4912=ORIENTED_EDGE('',*,*,#3806,.T.);
#4913=ORIENTED_EDGE('',*,*,#3495,.T.);
#4914=ORIENTED_EDGE('',*,*,#3806,.F.);
#4915=ORIENTED_EDGE('',*,*,#3807,.T.);
#4916=ORIENTED_EDGE('',*,*,#3808,.T.);
#4917=ORIENTED_EDGE('',*,*,#3496,.F.);
#4918=ORIENTED_EDGE('',*,*,#3808,.F.);
#4919=ORIENTED_EDGE('',*,*,#3809,.T.);
#4920=ORIENTED_EDGE('',*,*,#3810,.T.);
#4921=ORIENTED_EDGE('',*,*,#3497,.F.);
#4922=ORIENTED_EDGE('',*,*,#3810,.F.);
#4923=ORIENTED_EDGE('',*,*,#3811,.T.);
#4924=ORIENTED_EDGE('',*,*,#3812,.T.);
#4925=ORIENTED_EDGE('',*,*,#3498,.F.);
#4926=ORIENTED_EDGE('',*,*,#3812,.F.);
#4927=ORIENTED_EDGE('',*,*,#3813,.T.);
#4928=ORIENTED_EDGE('',*,*,#3814,.T.);
#4929=ORIENTED_EDGE('',*,*,#3499,.T.);
#4930=ORIENTED_EDGE('',*,*,#3814,.F.);
#4931=ORIENTED_EDGE('',*,*,#3815,.T.);
#4932=ORIENTED_EDGE('',*,*,#3816,.T.);
#4933=ORIENTED_EDGE('',*,*,#3500,.T.);
#4934=ORIENTED_EDGE('',*,*,#3816,.F.);
#4935=ORIENTED_EDGE('',*,*,#3817,.T.);
#4936=ORIENTED_EDGE('',*,*,#3818,.T.);
#4937=ORIENTED_EDGE('',*,*,#3501,.T.);
#4938=ORIENTED_EDGE('',*,*,#3818,.F.);
#4939=ORIENTED_EDGE('',*,*,#3819,.T.);
#4940=ORIENTED_EDGE('',*,*,#3820,.T.);
#4941=ORIENTED_EDGE('',*,*,#3502,.T.);
#4942=ORIENTED_EDGE('',*,*,#3820,.F.);
#4943=ORIENTED_EDGE('',*,*,#3821,.T.);
#4944=ORIENTED_EDGE('',*,*,#3822,.T.);
#4945=ORIENTED_EDGE('',*,*,#3503,.T.);
#4946=ORIENTED_EDGE('',*,*,#3822,.F.);
#4947=ORIENTED_EDGE('',*,*,#3823,.T.);
#4948=ORIENTED_EDGE('',*,*,#3824,.T.);
#4949=ORIENTED_EDGE('',*,*,#3504,.T.);
#4950=ORIENTED_EDGE('',*,*,#3824,.F.);
#4951=ORIENTED_EDGE('',*,*,#3825,.T.);
#4952=ORIENTED_EDGE('',*,*,#3826,.T.);
#4953=ORIENTED_EDGE('',*,*,#3505,.T.);
#4954=ORIENTED_EDGE('',*,*,#3826,.F.);
#4955=ORIENTED_EDGE('',*,*,#3827,.T.);
#4956=ORIENTED_EDGE('',*,*,#3828,.T.);
#4957=ORIENTED_EDGE('',*,*,#3506,.T.);
#4958=ORIENTED_EDGE('',*,*,#3828,.F.);
#4959=ORIENTED_EDGE('',*,*,#3829,.T.);
#4960=ORIENTED_EDGE('',*,*,#3830,.T.);
#4961=ORIENTED_EDGE('',*,*,#3507,.T.);
#4962=ORIENTED_EDGE('',*,*,#3830,.F.);
#4963=ORIENTED_EDGE('',*,*,#3831,.T.);
#4964=ORIENTED_EDGE('',*,*,#3832,.T.);
#4965=ORIENTED_EDGE('',*,*,#3508,.T.);
#4966=ORIENTED_EDGE('',*,*,#3832,.F.);
#4967=ORIENTED_EDGE('',*,*,#3833,.T.);
#4968=ORIENTED_EDGE('',*,*,#3834,.T.);
#4969=ORIENTED_EDGE('',*,*,#3509,.F.);
#4970=ORIENTED_EDGE('',*,*,#3834,.F.);
#4971=ORIENTED_EDGE('',*,*,#3835,.T.);
#4972=ORIENTED_EDGE('',*,*,#3836,.T.);
#4973=ORIENTED_EDGE('',*,*,#3510,.F.);
#4974=ORIENTED_EDGE('',*,*,#3836,.F.);
#4975=ORIENTED_EDGE('',*,*,#3837,.T.);
#4976=ORIENTED_EDGE('',*,*,#3838,.T.);
#4977=ORIENTED_EDGE('',*,*,#3511,.F.);
#4978=ORIENTED_EDGE('',*,*,#3838,.F.);
#4979=ORIENTED_EDGE('',*,*,#3839,.T.);
#4980=ORIENTED_EDGE('',*,*,#3840,.T.);
#4981=ORIENTED_EDGE('',*,*,#3512,.T.);
#4982=ORIENTED_EDGE('',*,*,#3840,.F.);
#4983=ORIENTED_EDGE('',*,*,#3841,.T.);
#4984=ORIENTED_EDGE('',*,*,#3842,.T.);
#4985=ORIENTED_EDGE('',*,*,#3513,.F.);
#4986=ORIENTED_EDGE('',*,*,#3842,.F.);
#4987=ORIENTED_EDGE('',*,*,#3843,.T.);
#4988=ORIENTED_EDGE('',*,*,#3778,.T.);
#4989=ORIENTED_EDGE('',*,*,#3514,.T.);
#4990=ORIENTED_EDGE('',*,*,#3844,.F.);
#4991=ORIENTED_EDGE('',*,*,#3845,.T.);
#4992=ORIENTED_EDGE('',*,*,#3846,.T.);
#4993=ORIENTED_EDGE('',*,*,#3515,.F.);
#4994=ORIENTED_EDGE('',*,*,#3846,.F.);
#4995=ORIENTED_EDGE('',*,*,#3847,.T.);
#4996=ORIENTED_EDGE('',*,*,#3848,.T.);
#4997=ORIENTED_EDGE('',*,*,#3516,.T.);
#4998=ORIENTED_EDGE('',*,*,#3848,.F.);
#4999=ORIENTED_EDGE('',*,*,#3849,.T.);
#5000=ORIENTED_EDGE('',*,*,#3850,.T.);
#5001=ORIENTED_EDGE('',*,*,#3517,.F.);
#5002=ORIENTED_EDGE('',*,*,#3850,.F.);
#5003=ORIENTED_EDGE('',*,*,#3851,.T.);
#5004=ORIENTED_EDGE('',*,*,#3852,.T.);
#5005=ORIENTED_EDGE('',*,*,#3518,.T.);
#5006=ORIENTED_EDGE('',*,*,#3852,.F.);
#5007=ORIENTED_EDGE('',*,*,#3853,.T.);
#5008=ORIENTED_EDGE('',*,*,#3854,.T.);
#5009=ORIENTED_EDGE('',*,*,#3519,.T.);
#5010=ORIENTED_EDGE('',*,*,#3854,.F.);
#5011=ORIENTED_EDGE('',*,*,#3855,.T.);
#5012=ORIENTED_EDGE('',*,*,#3856,.T.);
#5013=ORIENTED_EDGE('',*,*,#3520,.F.);
#5014=ORIENTED_EDGE('',*,*,#3856,.F.);
#5015=ORIENTED_EDGE('',*,*,#3857,.T.);
#5016=ORIENTED_EDGE('',*,*,#3858,.T.);
#5017=ORIENTED_EDGE('',*,*,#3521,.T.);
#5018=ORIENTED_EDGE('',*,*,#3858,.F.);
#5019=ORIENTED_EDGE('',*,*,#3859,.T.);
#5020=ORIENTED_EDGE('',*,*,#3860,.T.);
#5021=ORIENTED_EDGE('',*,*,#3522,.F.);
#5022=ORIENTED_EDGE('',*,*,#3860,.F.);
#5023=ORIENTED_EDGE('',*,*,#3861,.T.);
#5024=ORIENTED_EDGE('',*,*,#3862,.T.);
#5025=ORIENTED_EDGE('',*,*,#3523,.T.);
#5026=ORIENTED_EDGE('',*,*,#3862,.F.);
#5027=ORIENTED_EDGE('',*,*,#3863,.T.);
#5028=ORIENTED_EDGE('',*,*,#3844,.T.);
#5029=ORIENTED_EDGE('',*,*,#3524,.T.);
#5030=ORIENTED_EDGE('',*,*,#3864,.F.);
#5031=ORIENTED_EDGE('',*,*,#3865,.T.);
#5032=ORIENTED_EDGE('',*,*,#3866,.T.);
#5033=ORIENTED_EDGE('',*,*,#3525,.F.);
#5034=ORIENTED_EDGE('',*,*,#3866,.F.);
#5035=ORIENTED_EDGE('',*,*,#3867,.T.);
#5036=ORIENTED_EDGE('',*,*,#3868,.T.);
#5037=ORIENTED_EDGE('',*,*,#3526,.T.);
#5038=ORIENTED_EDGE('',*,*,#3868,.F.);
#5039=ORIENTED_EDGE('',*,*,#3869,.T.);
#5040=ORIENTED_EDGE('',*,*,#3870,.T.);
#5041=ORIENTED_EDGE('',*,*,#3527,.F.);
#5042=ORIENTED_EDGE('',*,*,#3870,.F.);
#5043=ORIENTED_EDGE('',*,*,#3871,.T.);
#5044=ORIENTED_EDGE('',*,*,#3872,.T.);
#5045=ORIENTED_EDGE('',*,*,#3528,.T.);
#5046=ORIENTED_EDGE('',*,*,#3872,.F.);
#5047=ORIENTED_EDGE('',*,*,#3873,.T.);
#5048=ORIENTED_EDGE('',*,*,#3874,.T.);
#5049=ORIENTED_EDGE('',*,*,#3529,.F.);
#5050=ORIENTED_EDGE('',*,*,#3874,.F.);
#5051=ORIENTED_EDGE('',*,*,#3875,.T.);
#5052=ORIENTED_EDGE('',*,*,#3876,.T.);
#5053=ORIENTED_EDGE('',*,*,#3530,.T.);
#5054=ORIENTED_EDGE('',*,*,#3876,.F.);
#5055=ORIENTED_EDGE('',*,*,#3877,.T.);
#5056=ORIENTED_EDGE('',*,*,#3878,.T.);
#5057=ORIENTED_EDGE('',*,*,#3531,.F.);
#5058=ORIENTED_EDGE('',*,*,#3878,.F.);
#5059=ORIENTED_EDGE('',*,*,#3879,.T.);
#5060=ORIENTED_EDGE('',*,*,#3880,.T.);
#5061=ORIENTED_EDGE('',*,*,#3532,.T.);
#5062=ORIENTED_EDGE('',*,*,#3880,.F.);
#5063=ORIENTED_EDGE('',*,*,#3881,.T.);
#5064=ORIENTED_EDGE('',*,*,#3882,.T.);
#5065=ORIENTED_EDGE('',*,*,#3533,.F.);
#5066=ORIENTED_EDGE('',*,*,#3882,.F.);
#5067=ORIENTED_EDGE('',*,*,#3883,.T.);
#5068=ORIENTED_EDGE('',*,*,#3884,.T.);
#5069=ORIENTED_EDGE('',*,*,#3534,.T.);
#5070=ORIENTED_EDGE('',*,*,#3884,.F.);
#5071=ORIENTED_EDGE('',*,*,#3885,.T.);
#5072=ORIENTED_EDGE('',*,*,#3886,.T.);
#5073=ORIENTED_EDGE('',*,*,#3535,.F.);
#5074=ORIENTED_EDGE('',*,*,#3886,.F.);
#5075=ORIENTED_EDGE('',*,*,#3887,.T.);
#5076=ORIENTED_EDGE('',*,*,#3864,.T.);
#5077=ORIENTED_EDGE('',*,*,#3536,.T.);
#5078=ORIENTED_EDGE('',*,*,#3888,.F.);
#5079=ORIENTED_EDGE('',*,*,#3889,.T.);
#5080=ORIENTED_EDGE('',*,*,#3890,.T.);
#5081=ORIENTED_EDGE('',*,*,#3537,.T.);
#5082=ORIENTED_EDGE('',*,*,#3890,.F.);
#5083=ORIENTED_EDGE('',*,*,#3891,.T.);
#5084=ORIENTED_EDGE('',*,*,#3892,.T.);
#5085=ORIENTED_EDGE('',*,*,#3538,.F.);
#5086=ORIENTED_EDGE('',*,*,#3892,.F.);
#5087=ORIENTED_EDGE('',*,*,#3893,.T.);
#5088=ORIENTED_EDGE('',*,*,#3894,.T.);
#5089=ORIENTED_EDGE('',*,*,#3539,.T.);
#5090=ORIENTED_EDGE('',*,*,#3894,.F.);
#5091=ORIENTED_EDGE('',*,*,#3895,.T.);
#5092=ORIENTED_EDGE('',*,*,#3896,.T.);
#5093=ORIENTED_EDGE('',*,*,#3540,.T.);
#5094=ORIENTED_EDGE('',*,*,#3896,.F.);
#5095=ORIENTED_EDGE('',*,*,#3897,.T.);
#5096=ORIENTED_EDGE('',*,*,#3898,.T.);
#5097=ORIENTED_EDGE('',*,*,#3541,.T.);
#5098=ORIENTED_EDGE('',*,*,#3898,.F.);
#5099=ORIENTED_EDGE('',*,*,#3899,.T.);
#5100=ORIENTED_EDGE('',*,*,#3900,.T.);
#5101=ORIENTED_EDGE('',*,*,#3542,.T.);
#5102=ORIENTED_EDGE('',*,*,#3900,.F.);
#5103=ORIENTED_EDGE('',*,*,#3901,.T.);
#5104=ORIENTED_EDGE('',*,*,#3902,.T.);
#5105=ORIENTED_EDGE('',*,*,#3543,.F.);
#5106=ORIENTED_EDGE('',*,*,#3902,.F.);
#5107=ORIENTED_EDGE('',*,*,#3903,.T.);
#5108=ORIENTED_EDGE('',*,*,#3904,.T.);
#5109=ORIENTED_EDGE('',*,*,#3544,.F.);
#5110=ORIENTED_EDGE('',*,*,#3904,.F.);
#5111=ORIENTED_EDGE('',*,*,#3905,.T.);
#5112=ORIENTED_EDGE('',*,*,#3906,.T.);
#5113=ORIENTED_EDGE('',*,*,#3545,.T.);
#5114=ORIENTED_EDGE('',*,*,#3906,.F.);
#5115=ORIENTED_EDGE('',*,*,#3907,.T.);
#5116=ORIENTED_EDGE('',*,*,#3908,.T.);
#5117=ORIENTED_EDGE('',*,*,#3546,.T.);
#5118=ORIENTED_EDGE('',*,*,#3908,.F.);
#5119=ORIENTED_EDGE('',*,*,#3909,.T.);
#5120=ORIENTED_EDGE('',*,*,#3910,.T.);
#5121=ORIENTED_EDGE('',*,*,#3547,.T.);
#5122=ORIENTED_EDGE('',*,*,#3910,.F.);
#5123=ORIENTED_EDGE('',*,*,#3911,.T.);
#5124=ORIENTED_EDGE('',*,*,#3912,.T.);
#5125=ORIENTED_EDGE('',*,*,#3548,.T.);
#5126=ORIENTED_EDGE('',*,*,#3912,.F.);
#5127=ORIENTED_EDGE('',*,*,#3913,.T.);
#5128=ORIENTED_EDGE('',*,*,#3914,.T.);
#5129=ORIENTED_EDGE('',*,*,#3549,.T.);
#5130=ORIENTED_EDGE('',*,*,#3914,.F.);
#5131=ORIENTED_EDGE('',*,*,#3915,.T.);
#5132=ORIENTED_EDGE('',*,*,#3916,.T.);
#5133=ORIENTED_EDGE('',*,*,#3550,.F.);
#5134=ORIENTED_EDGE('',*,*,#3916,.F.);
#5135=ORIENTED_EDGE('',*,*,#3917,.T.);
#5136=ORIENTED_EDGE('',*,*,#3918,.T.);
#5137=ORIENTED_EDGE('',*,*,#3551,.T.);
#5138=ORIENTED_EDGE('',*,*,#3918,.F.);
#5139=ORIENTED_EDGE('',*,*,#3919,.T.);
#5140=ORIENTED_EDGE('',*,*,#3920,.T.);
#5141=ORIENTED_EDGE('',*,*,#3552,.T.);
#5142=ORIENTED_EDGE('',*,*,#3920,.F.);
#5143=ORIENTED_EDGE('',*,*,#3921,.T.);
#5144=ORIENTED_EDGE('',*,*,#3922,.T.);
#5145=ORIENTED_EDGE('',*,*,#3553,.T.);
#5146=ORIENTED_EDGE('',*,*,#3922,.F.);
#5147=ORIENTED_EDGE('',*,*,#3923,.T.);
#5148=ORIENTED_EDGE('',*,*,#3924,.T.);
#5149=ORIENTED_EDGE('',*,*,#3554,.T.);
#5150=ORIENTED_EDGE('',*,*,#3924,.F.);
#5151=ORIENTED_EDGE('',*,*,#3925,.T.);
#5152=ORIENTED_EDGE('',*,*,#3926,.T.);
#5153=ORIENTED_EDGE('',*,*,#3927,.T.);
#5154=ORIENTED_EDGE('',*,*,#3928,.T.);
#5155=ORIENTED_EDGE('',*,*,#3555,.T.);
#5156=ORIENTED_EDGE('',*,*,#3926,.F.);
#5157=ORIENTED_EDGE('',*,*,#3556,.T.);
#5158=ORIENTED_EDGE('',*,*,#3928,.F.);
#5159=ORIENTED_EDGE('',*,*,#3929,.T.);
#5160=ORIENTED_EDGE('',*,*,#3930,.T.);
#5161=ORIENTED_EDGE('',*,*,#3557,.T.);
#5162=ORIENTED_EDGE('',*,*,#3930,.F.);
#5163=ORIENTED_EDGE('',*,*,#3931,.T.);
#5164=ORIENTED_EDGE('',*,*,#3932,.T.);
#5165=ORIENTED_EDGE('',*,*,#3558,.T.);
#5166=ORIENTED_EDGE('',*,*,#3932,.F.);
#5167=ORIENTED_EDGE('',*,*,#3933,.T.);
#5168=ORIENTED_EDGE('',*,*,#3934,.T.);
#5169=ORIENTED_EDGE('',*,*,#3559,.T.);
#5170=ORIENTED_EDGE('',*,*,#3934,.F.);
#5171=ORIENTED_EDGE('',*,*,#3935,.T.);
#5172=ORIENTED_EDGE('',*,*,#3936,.T.);
#5173=ORIENTED_EDGE('',*,*,#3560,.F.);
#5174=ORIENTED_EDGE('',*,*,#3936,.F.);
#5175=ORIENTED_EDGE('',*,*,#3937,.T.);
#5176=ORIENTED_EDGE('',*,*,#3938,.T.);
#5177=ORIENTED_EDGE('',*,*,#3561,.T.);
#5178=ORIENTED_EDGE('',*,*,#3938,.F.);
#5179=ORIENTED_EDGE('',*,*,#3939,.T.);
#5180=ORIENTED_EDGE('',*,*,#3940,.T.);
#5181=ORIENTED_EDGE('',*,*,#3562,.T.);
#5182=ORIENTED_EDGE('',*,*,#3940,.F.);
#5183=ORIENTED_EDGE('',*,*,#3941,.T.);
#5184=ORIENTED_EDGE('',*,*,#3942,.T.);
#5185=ORIENTED_EDGE('',*,*,#3563,.T.);
#5186=ORIENTED_EDGE('',*,*,#3942,.F.);
#5187=ORIENTED_EDGE('',*,*,#3943,.T.);
#5188=ORIENTED_EDGE('',*,*,#3944,.T.);
#5189=ORIENTED_EDGE('',*,*,#3564,.T.);
#5190=ORIENTED_EDGE('',*,*,#3944,.F.);
#5191=ORIENTED_EDGE('',*,*,#3945,.T.);
#5192=ORIENTED_EDGE('',*,*,#3946,.T.);
#5193=ORIENTED_EDGE('',*,*,#3565,.T.);
#5194=ORIENTED_EDGE('',*,*,#3946,.F.);
#5195=ORIENTED_EDGE('',*,*,#3947,.T.);
#5196=ORIENTED_EDGE('',*,*,#3948,.T.);
#5197=ORIENTED_EDGE('',*,*,#3566,.T.);
#5198=ORIENTED_EDGE('',*,*,#3948,.F.);
#5199=ORIENTED_EDGE('',*,*,#3949,.T.);
#5200=ORIENTED_EDGE('',*,*,#3950,.T.);
#5201=ORIENTED_EDGE('',*,*,#3567,.F.);
#5202=ORIENTED_EDGE('',*,*,#3950,.F.);
#5203=ORIENTED_EDGE('',*,*,#3951,.T.);
#5204=ORIENTED_EDGE('',*,*,#3952,.T.);
#5205=ORIENTED_EDGE('',*,*,#3568,.T.);
#5206=ORIENTED_EDGE('',*,*,#3952,.F.);
#5207=ORIENTED_EDGE('',*,*,#3953,.T.);
#5208=ORIENTED_EDGE('',*,*,#3954,.T.);
#5209=ORIENTED_EDGE('',*,*,#3569,.T.);
#5210=ORIENTED_EDGE('',*,*,#3954,.F.);
#5211=ORIENTED_EDGE('',*,*,#3955,.T.);
#5212=ORIENTED_EDGE('',*,*,#3956,.T.);
#5213=ORIENTED_EDGE('',*,*,#3570,.T.);
#5214=ORIENTED_EDGE('',*,*,#3956,.F.);
#5215=ORIENTED_EDGE('',*,*,#3957,.T.);
#5216=ORIENTED_EDGE('',*,*,#3958,.T.);
#5217=ORIENTED_EDGE('',*,*,#3571,.T.);
#5218=ORIENTED_EDGE('',*,*,#3958,.F.);
#5219=ORIENTED_EDGE('',*,*,#3959,.T.);
#5220=ORIENTED_EDGE('',*,*,#3960,.T.);
#5221=ORIENTED_EDGE('',*,*,#3572,.T.);
#5222=ORIENTED_EDGE('',*,*,#3960,.F.);
#5223=ORIENTED_EDGE('',*,*,#3961,.T.);
#5224=ORIENTED_EDGE('',*,*,#3962,.T.);
#5225=ORIENTED_EDGE('',*,*,#3573,.T.);
#5226=ORIENTED_EDGE('',*,*,#3962,.F.);
#5227=ORIENTED_EDGE('',*,*,#3963,.T.);
#5228=ORIENTED_EDGE('',*,*,#3964,.T.);
#5229=ORIENTED_EDGE('',*,*,#3574,.T.);
#5230=ORIENTED_EDGE('',*,*,#3964,.F.);
#5231=ORIENTED_EDGE('',*,*,#3965,.T.);
#5232=ORIENTED_EDGE('',*,*,#3966,.T.);
#5233=ORIENTED_EDGE('',*,*,#3575,.F.);
#5234=ORIENTED_EDGE('',*,*,#3966,.F.);
#5235=ORIENTED_EDGE('',*,*,#3967,.T.);
#5236=ORIENTED_EDGE('',*,*,#3968,.T.);
#5237=ORIENTED_EDGE('',*,*,#3576,.T.);
#5238=ORIENTED_EDGE('',*,*,#3968,.F.);
#5239=ORIENTED_EDGE('',*,*,#3969,.T.);
#5240=ORIENTED_EDGE('',*,*,#3970,.T.);
#5241=ORIENTED_EDGE('',*,*,#3577,.F.);
#5242=ORIENTED_EDGE('',*,*,#3970,.F.);
#5243=ORIENTED_EDGE('',*,*,#3971,.T.);
#5244=ORIENTED_EDGE('',*,*,#3972,.T.);
#5245=ORIENTED_EDGE('',*,*,#3578,.T.);
#5246=ORIENTED_EDGE('',*,*,#3972,.F.);
#5247=ORIENTED_EDGE('',*,*,#3973,.T.);
#5248=ORIENTED_EDGE('',*,*,#3974,.T.);
#5249=ORIENTED_EDGE('',*,*,#3579,.T.);
#5250=ORIENTED_EDGE('',*,*,#3974,.F.);
#5251=ORIENTED_EDGE('',*,*,#3975,.T.);
#5252=ORIENTED_EDGE('',*,*,#3976,.T.);
#5253=ORIENTED_EDGE('',*,*,#3580,.T.);
#5254=ORIENTED_EDGE('',*,*,#3976,.F.);
#5255=ORIENTED_EDGE('',*,*,#3977,.T.);
#5256=ORIENTED_EDGE('',*,*,#3978,.T.);
#5257=ORIENTED_EDGE('',*,*,#3581,.T.);
#5258=ORIENTED_EDGE('',*,*,#3978,.F.);
#5259=ORIENTED_EDGE('',*,*,#3979,.T.);
#5260=ORIENTED_EDGE('',*,*,#3980,.T.);
#5261=ORIENTED_EDGE('',*,*,#3582,.T.);
#5262=ORIENTED_EDGE('',*,*,#3980,.F.);
#5263=ORIENTED_EDGE('',*,*,#3981,.T.);
#5264=ORIENTED_EDGE('',*,*,#3982,.T.);
#5265=ORIENTED_EDGE('',*,*,#3583,.F.);
#5266=ORIENTED_EDGE('',*,*,#3982,.F.);
#5267=ORIENTED_EDGE('',*,*,#3983,.T.);
#5268=ORIENTED_EDGE('',*,*,#3984,.T.);
#5269=ORIENTED_EDGE('',*,*,#3584,.T.);
#5270=ORIENTED_EDGE('',*,*,#3984,.F.);
#5271=ORIENTED_EDGE('',*,*,#3985,.T.);
#5272=ORIENTED_EDGE('',*,*,#3986,.T.);
#5273=ORIENTED_EDGE('',*,*,#3585,.T.);
#5274=ORIENTED_EDGE('',*,*,#3986,.F.);
#5275=ORIENTED_EDGE('',*,*,#3987,.T.);
#5276=ORIENTED_EDGE('',*,*,#3988,.T.);
#5277=ORIENTED_EDGE('',*,*,#3586,.T.);
#5278=ORIENTED_EDGE('',*,*,#3988,.F.);
#5279=ORIENTED_EDGE('',*,*,#3989,.T.);
#5280=ORIENTED_EDGE('',*,*,#3990,.T.);
#5281=ORIENTED_EDGE('',*,*,#3587,.T.);
#5282=ORIENTED_EDGE('',*,*,#3990,.F.);
#5283=ORIENTED_EDGE('',*,*,#3991,.T.);
#5284=ORIENTED_EDGE('',*,*,#3992,.T.);
#5285=ORIENTED_EDGE('',*,*,#3588,.T.);
#5286=ORIENTED_EDGE('',*,*,#3992,.F.);
#5287=ORIENTED_EDGE('',*,*,#3993,.T.);
#5288=ORIENTED_EDGE('',*,*,#3994,.T.);
#5289=ORIENTED_EDGE('',*,*,#3589,.F.);
#5290=ORIENTED_EDGE('',*,*,#3994,.F.);
#5291=ORIENTED_EDGE('',*,*,#3995,.T.);
#5292=ORIENTED_EDGE('',*,*,#3996,.T.);
#5293=ORIENTED_EDGE('',*,*,#3590,.T.);
#5294=ORIENTED_EDGE('',*,*,#3996,.F.);
#5295=ORIENTED_EDGE('',*,*,#3997,.T.);
#5296=ORIENTED_EDGE('',*,*,#3998,.T.);
#5297=ORIENTED_EDGE('',*,*,#3591,.T.);
#5298=ORIENTED_EDGE('',*,*,#3998,.F.);
#5299=ORIENTED_EDGE('',*,*,#3999,.T.);
#5300=ORIENTED_EDGE('',*,*,#4000,.T.);
#5301=ORIENTED_EDGE('',*,*,#3592,.T.);
#5302=ORIENTED_EDGE('',*,*,#4000,.F.);
#5303=ORIENTED_EDGE('',*,*,#4001,.T.);
#5304=ORIENTED_EDGE('',*,*,#4002,.T.);
#5305=ORIENTED_EDGE('',*,*,#3593,.T.);
#5306=ORIENTED_EDGE('',*,*,#4002,.F.);
#5307=ORIENTED_EDGE('',*,*,#4003,.T.);
#5308=ORIENTED_EDGE('',*,*,#4004,.T.);
#5309=ORIENTED_EDGE('',*,*,#4005,.T.);
#5310=ORIENTED_EDGE('',*,*,#4006,.T.);
#5311=ORIENTED_EDGE('',*,*,#3594,.T.);
#5312=ORIENTED_EDGE('',*,*,#4004,.F.);
#5313=ORIENTED_EDGE('',*,*,#3595,.T.);
#5314=ORIENTED_EDGE('',*,*,#4006,.F.);
#5315=ORIENTED_EDGE('',*,*,#4007,.T.);
#5316=ORIENTED_EDGE('',*,*,#4008,.T.);
#5317=ORIENTED_EDGE('',*,*,#3596,.T.);
#5318=ORIENTED_EDGE('',*,*,#4008,.F.);
#5319=ORIENTED_EDGE('',*,*,#4009,.T.);
#5320=ORIENTED_EDGE('',*,*,#4010,.T.);
#5321=ORIENTED_EDGE('',*,*,#3597,.T.);
#5322=ORIENTED_EDGE('',*,*,#4010,.F.);
#5323=ORIENTED_EDGE('',*,*,#4011,.T.);
#5324=ORIENTED_EDGE('',*,*,#4012,.T.);
#5325=ORIENTED_EDGE('',*,*,#3598,.T.);
#5326=ORIENTED_EDGE('',*,*,#4012,.F.);
#5327=ORIENTED_EDGE('',*,*,#4013,.T.);
#5328=ORIENTED_EDGE('',*,*,#4014,.T.);
#5329=ORIENTED_EDGE('',*,*,#3599,.T.);
#5330=ORIENTED_EDGE('',*,*,#4014,.F.);
#5331=ORIENTED_EDGE('',*,*,#4015,.T.);
#5332=ORIENTED_EDGE('',*,*,#4016,.T.);
#5333=ORIENTED_EDGE('',*,*,#3600,.T.);
#5334=ORIENTED_EDGE('',*,*,#4016,.F.);
#5335=ORIENTED_EDGE('',*,*,#4017,.T.);
#5336=ORIENTED_EDGE('',*,*,#4018,.T.);
#5337=ORIENTED_EDGE('',*,*,#3601,.T.);
#5338=ORIENTED_EDGE('',*,*,#4018,.F.);
#5339=ORIENTED_EDGE('',*,*,#4019,.T.);
#5340=ORIENTED_EDGE('',*,*,#4020,.T.);
#5341=ORIENTED_EDGE('',*,*,#3602,.F.);
#5342=ORIENTED_EDGE('',*,*,#4020,.F.);
#5343=ORIENTED_EDGE('',*,*,#4021,.T.);
#5344=ORIENTED_EDGE('',*,*,#4022,.T.);
#5345=ORIENTED_EDGE('',*,*,#3603,.T.);
#5346=ORIENTED_EDGE('',*,*,#4022,.F.);
#5347=ORIENTED_EDGE('',*,*,#4023,.T.);
#5348=ORIENTED_EDGE('',*,*,#4024,.T.);
#5349=ORIENTED_EDGE('',*,*,#3604,.T.);
#5350=ORIENTED_EDGE('',*,*,#4024,.F.);
#5351=ORIENTED_EDGE('',*,*,#4025,.T.);
#5352=ORIENTED_EDGE('',*,*,#4026,.T.);
#5353=ORIENTED_EDGE('',*,*,#3605,.T.);
#5354=ORIENTED_EDGE('',*,*,#4026,.F.);
#5355=ORIENTED_EDGE('',*,*,#4027,.T.);
#5356=ORIENTED_EDGE('',*,*,#4028,.T.);
#5357=ORIENTED_EDGE('',*,*,#3606,.T.);
#5358=ORIENTED_EDGE('',*,*,#4028,.F.);
#5359=ORIENTED_EDGE('',*,*,#4029,.T.);
#5360=ORIENTED_EDGE('',*,*,#4030,.T.);
#5361=ORIENTED_EDGE('',*,*,#3607,.T.);
#5362=ORIENTED_EDGE('',*,*,#4030,.F.);
#5363=ORIENTED_EDGE('',*,*,#4031,.T.);
#5364=ORIENTED_EDGE('',*,*,#4032,.T.);
#5365=ORIENTED_EDGE('',*,*,#3608,.T.);
#5366=ORIENTED_EDGE('',*,*,#4032,.F.);
#5367=ORIENTED_EDGE('',*,*,#4033,.T.);
#5368=ORIENTED_EDGE('',*,*,#4034,.T.);
#5369=ORIENTED_EDGE('',*,*,#3609,.T.);
#5370=ORIENTED_EDGE('',*,*,#4034,.F.);
#5371=ORIENTED_EDGE('',*,*,#4035,.T.);
#5372=ORIENTED_EDGE('',*,*,#4036,.T.);
#5373=ORIENTED_EDGE('',*,*,#3610,.T.);
#5374=ORIENTED_EDGE('',*,*,#4036,.F.);
#5375=ORIENTED_EDGE('',*,*,#4037,.T.);
#5376=ORIENTED_EDGE('',*,*,#4038,.T.);
#5377=ORIENTED_EDGE('',*,*,#3611,.T.);
#5378=ORIENTED_EDGE('',*,*,#4038,.F.);
#5379=ORIENTED_EDGE('',*,*,#4039,.T.);
#5380=ORIENTED_EDGE('',*,*,#4040,.T.);
#5381=ORIENTED_EDGE('',*,*,#3612,.T.);
#5382=ORIENTED_EDGE('',*,*,#4040,.F.);
#5383=ORIENTED_EDGE('',*,*,#4041,.T.);
#5384=ORIENTED_EDGE('',*,*,#4042,.T.);
#5385=ORIENTED_EDGE('',*,*,#3613,.T.);
#5386=ORIENTED_EDGE('',*,*,#4042,.F.);
#5387=ORIENTED_EDGE('',*,*,#4043,.T.);
#5388=ORIENTED_EDGE('',*,*,#3888,.T.);
#5389=ORIENTED_EDGE('',*,*,#3614,.T.);
#5390=ORIENTED_EDGE('',*,*,#4044,.F.);
#5391=ORIENTED_EDGE('',*,*,#4045,.T.);
#5392=ORIENTED_EDGE('',*,*,#4046,.T.);
#5393=ORIENTED_EDGE('',*,*,#3615,.T.);
#5394=ORIENTED_EDGE('',*,*,#4046,.F.);
#5395=ORIENTED_EDGE('',*,*,#4047,.T.);
#5396=ORIENTED_EDGE('',*,*,#4048,.T.);
#5397=ORIENTED_EDGE('',*,*,#3616,.T.);
#5398=ORIENTED_EDGE('',*,*,#4048,.F.);
#5399=ORIENTED_EDGE('',*,*,#4049,.T.);
#5400=ORIENTED_EDGE('',*,*,#4050,.T.);
#5401=ORIENTED_EDGE('',*,*,#3617,.T.);
#5402=ORIENTED_EDGE('',*,*,#4050,.F.);
#5403=ORIENTED_EDGE('',*,*,#4051,.T.);
#5404=ORIENTED_EDGE('',*,*,#4052,.T.);
#5405=ORIENTED_EDGE('',*,*,#3618,.T.);
#5406=ORIENTED_EDGE('',*,*,#4052,.F.);
#5407=ORIENTED_EDGE('',*,*,#4053,.T.);
#5408=ORIENTED_EDGE('',*,*,#4054,.T.);
#5409=ORIENTED_EDGE('',*,*,#3619,.T.);
#5410=ORIENTED_EDGE('',*,*,#4054,.F.);
#5411=ORIENTED_EDGE('',*,*,#4055,.T.);
#5412=ORIENTED_EDGE('',*,*,#4056,.T.);
#5413=ORIENTED_EDGE('',*,*,#3620,.T.);
#5414=ORIENTED_EDGE('',*,*,#4056,.F.);
#5415=ORIENTED_EDGE('',*,*,#4057,.T.);
#5416=ORIENTED_EDGE('',*,*,#4058,.T.);
#5417=ORIENTED_EDGE('',*,*,#3621,.F.);
#5418=ORIENTED_EDGE('',*,*,#4058,.F.);
#5419=ORIENTED_EDGE('',*,*,#4059,.T.);
#5420=ORIENTED_EDGE('',*,*,#4060,.T.);
#5421=ORIENTED_EDGE('',*,*,#3622,.T.);
#5422=ORIENTED_EDGE('',*,*,#4060,.F.);
#5423=ORIENTED_EDGE('',*,*,#4061,.T.);
#5424=ORIENTED_EDGE('',*,*,#4062,.T.);
#5425=ORIENTED_EDGE('',*,*,#3623,.T.);
#5426=ORIENTED_EDGE('',*,*,#4062,.F.);
#5427=ORIENTED_EDGE('',*,*,#4063,.T.);
#5428=ORIENTED_EDGE('',*,*,#4064,.T.);
#5429=ORIENTED_EDGE('',*,*,#3624,.T.);
#5430=ORIENTED_EDGE('',*,*,#4064,.F.);
#5431=ORIENTED_EDGE('',*,*,#4065,.T.);
#5432=ORIENTED_EDGE('',*,*,#4066,.T.);
#5433=ORIENTED_EDGE('',*,*,#3625,.T.);
#5434=ORIENTED_EDGE('',*,*,#4066,.F.);
#5435=ORIENTED_EDGE('',*,*,#4067,.T.);
#5436=ORIENTED_EDGE('',*,*,#4068,.T.);
#5437=ORIENTED_EDGE('',*,*,#3626,.T.);
#5438=ORIENTED_EDGE('',*,*,#4068,.F.);
#5439=ORIENTED_EDGE('',*,*,#4069,.T.);
#5440=ORIENTED_EDGE('',*,*,#4070,.T.);
#5441=ORIENTED_EDGE('',*,*,#3627,.T.);
#5442=ORIENTED_EDGE('',*,*,#4070,.F.);
#5443=ORIENTED_EDGE('',*,*,#4071,.T.);
#5444=ORIENTED_EDGE('',*,*,#4072,.T.);
#5445=ORIENTED_EDGE('',*,*,#3628,.T.);
#5446=ORIENTED_EDGE('',*,*,#4072,.F.);
#5447=ORIENTED_EDGE('',*,*,#4073,.T.);
#5448=ORIENTED_EDGE('',*,*,#4074,.T.);
#5449=ORIENTED_EDGE('',*,*,#3629,.T.);
#5450=ORIENTED_EDGE('',*,*,#4074,.F.);
#5451=ORIENTED_EDGE('',*,*,#4075,.T.);
#5452=ORIENTED_EDGE('',*,*,#4076,.T.);
#5453=ORIENTED_EDGE('',*,*,#3630,.T.);
#5454=ORIENTED_EDGE('',*,*,#4076,.F.);
#5455=ORIENTED_EDGE('',*,*,#4077,.T.);
#5456=ORIENTED_EDGE('',*,*,#4078,.T.);
#5457=ORIENTED_EDGE('',*,*,#3631,.T.);
#5458=ORIENTED_EDGE('',*,*,#4078,.F.);
#5459=ORIENTED_EDGE('',*,*,#4079,.T.);
#5460=ORIENTED_EDGE('',*,*,#4080,.T.);
#5461=ORIENTED_EDGE('',*,*,#3632,.T.);
#5462=ORIENTED_EDGE('',*,*,#4080,.F.);
#5463=ORIENTED_EDGE('',*,*,#4081,.T.);
#5464=ORIENTED_EDGE('',*,*,#4082,.T.);
#5465=ORIENTED_EDGE('',*,*,#3633,.T.);
#5466=ORIENTED_EDGE('',*,*,#4082,.F.);
#5467=ORIENTED_EDGE('',*,*,#4083,.T.);
#5468=ORIENTED_EDGE('',*,*,#4084,.T.);
#5469=ORIENTED_EDGE('',*,*,#3634,.T.);
#5470=ORIENTED_EDGE('',*,*,#4084,.F.);
#5471=ORIENTED_EDGE('',*,*,#4085,.T.);
#5472=ORIENTED_EDGE('',*,*,#4086,.T.);
#5473=ORIENTED_EDGE('',*,*,#3635,.T.);
#5474=ORIENTED_EDGE('',*,*,#4086,.F.);
#5475=ORIENTED_EDGE('',*,*,#4087,.T.);
#5476=ORIENTED_EDGE('',*,*,#4088,.T.);
#5477=ORIENTED_EDGE('',*,*,#3636,.T.);
#5478=ORIENTED_EDGE('',*,*,#4088,.F.);
#5479=ORIENTED_EDGE('',*,*,#4089,.T.);
#5480=ORIENTED_EDGE('',*,*,#4090,.T.);
#5481=ORIENTED_EDGE('',*,*,#3637,.T.);
#5482=ORIENTED_EDGE('',*,*,#4090,.F.);
#5483=ORIENTED_EDGE('',*,*,#4091,.T.);
#5484=ORIENTED_EDGE('',*,*,#4092,.T.);
#5485=ORIENTED_EDGE('',*,*,#3638,.T.);
#5486=ORIENTED_EDGE('',*,*,#4092,.F.);
#5487=ORIENTED_EDGE('',*,*,#4093,.T.);
#5488=ORIENTED_EDGE('',*,*,#4094,.T.);
#5489=ORIENTED_EDGE('',*,*,#3639,.F.);
#5490=ORIENTED_EDGE('',*,*,#4094,.F.);
#5491=ORIENTED_EDGE('',*,*,#4095,.T.);
#5492=ORIENTED_EDGE('',*,*,#4096,.T.);
#5493=ORIENTED_EDGE('',*,*,#3640,.T.);
#5494=ORIENTED_EDGE('',*,*,#4096,.F.);
#5495=ORIENTED_EDGE('',*,*,#4097,.T.);
#5496=ORIENTED_EDGE('',*,*,#4098,.T.);
#5497=ORIENTED_EDGE('',*,*,#3641,.T.);
#5498=ORIENTED_EDGE('',*,*,#4098,.F.);
#5499=ORIENTED_EDGE('',*,*,#4099,.T.);
#5500=ORIENTED_EDGE('',*,*,#4100,.T.);
#5501=ORIENTED_EDGE('',*,*,#3642,.T.);
#5502=ORIENTED_EDGE('',*,*,#4100,.F.);
#5503=ORIENTED_EDGE('',*,*,#4101,.T.);
#5504=ORIENTED_EDGE('',*,*,#4102,.T.);
#5505=ORIENTED_EDGE('',*,*,#3643,.T.);
#5506=ORIENTED_EDGE('',*,*,#4102,.F.);
#5507=ORIENTED_EDGE('',*,*,#4103,.T.);
#5508=ORIENTED_EDGE('',*,*,#4104,.T.);
#5509=ORIENTED_EDGE('',*,*,#3644,.T.);
#5510=ORIENTED_EDGE('',*,*,#4104,.F.);
#5511=ORIENTED_EDGE('',*,*,#4105,.T.);
#5512=ORIENTED_EDGE('',*,*,#4106,.T.);
#5513=ORIENTED_EDGE('',*,*,#3645,.T.);
#5514=ORIENTED_EDGE('',*,*,#4106,.F.);
#5515=ORIENTED_EDGE('',*,*,#4107,.T.);
#5516=ORIENTED_EDGE('',*,*,#4108,.T.);
#5517=ORIENTED_EDGE('',*,*,#3646,.T.);
#5518=ORIENTED_EDGE('',*,*,#4108,.F.);
#5519=ORIENTED_EDGE('',*,*,#4109,.T.);
#5520=ORIENTED_EDGE('',*,*,#4110,.T.);
#5521=ORIENTED_EDGE('',*,*,#3647,.T.);
#5522=ORIENTED_EDGE('',*,*,#4110,.F.);
#5523=ORIENTED_EDGE('',*,*,#4111,.T.);
#5524=ORIENTED_EDGE('',*,*,#4112,.T.);
#5525=ORIENTED_EDGE('',*,*,#3648,.T.);
#5526=ORIENTED_EDGE('',*,*,#4112,.F.);
#5527=ORIENTED_EDGE('',*,*,#4113,.T.);
#5528=ORIENTED_EDGE('',*,*,#4114,.T.);
#5529=ORIENTED_EDGE('',*,*,#3649,.T.);
#5530=ORIENTED_EDGE('',*,*,#4114,.F.);
#5531=ORIENTED_EDGE('',*,*,#4115,.T.);
#5532=ORIENTED_EDGE('',*,*,#4044,.T.);
#5533=ORIENTED_EDGE('',*,*,#3650,.F.);
#5534=ORIENTED_EDGE('',*,*,#4116,.F.);
#5535=ORIENTED_EDGE('',*,*,#4117,.T.);
#5536=ORIENTED_EDGE('',*,*,#4118,.T.);
#5537=ORIENTED_EDGE('',*,*,#3651,.T.);
#5538=ORIENTED_EDGE('',*,*,#4118,.F.);
#5539=ORIENTED_EDGE('',*,*,#4119,.T.);
#5540=ORIENTED_EDGE('',*,*,#4120,.T.);
#5541=ORIENTED_EDGE('',*,*,#3652,.T.);
#5542=ORIENTED_EDGE('',*,*,#4120,.F.);
#5543=ORIENTED_EDGE('',*,*,#4121,.T.);
#5544=ORIENTED_EDGE('',*,*,#4122,.T.);
#5545=ORIENTED_EDGE('',*,*,#3653,.T.);
#5546=ORIENTED_EDGE('',*,*,#4122,.F.);
#5547=ORIENTED_EDGE('',*,*,#4123,.T.);
#5548=ORIENTED_EDGE('',*,*,#4124,.T.);
#5549=ORIENTED_EDGE('',*,*,#3654,.T.);
#5550=ORIENTED_EDGE('',*,*,#4124,.F.);
#5551=ORIENTED_EDGE('',*,*,#4125,.T.);
#5552=ORIENTED_EDGE('',*,*,#4126,.T.);
#5553=ORIENTED_EDGE('',*,*,#3655,.T.);
#5554=ORIENTED_EDGE('',*,*,#4126,.F.);
#5555=ORIENTED_EDGE('',*,*,#4127,.T.);
#5556=ORIENTED_EDGE('',*,*,#4128,.T.);
#5557=ORIENTED_EDGE('',*,*,#3656,.T.);
#5558=ORIENTED_EDGE('',*,*,#4128,.F.);
#5559=ORIENTED_EDGE('',*,*,#4129,.T.);
#5560=ORIENTED_EDGE('',*,*,#4130,.T.);
#5561=ORIENTED_EDGE('',*,*,#3657,.T.);
#5562=ORIENTED_EDGE('',*,*,#4130,.F.);
#5563=ORIENTED_EDGE('',*,*,#4131,.T.);
#5564=ORIENTED_EDGE('',*,*,#4132,.T.);
#5565=ORIENTED_EDGE('',*,*,#3658,.T.);
#5566=ORIENTED_EDGE('',*,*,#4132,.F.);
#5567=ORIENTED_EDGE('',*,*,#4133,.T.);
#5568=ORIENTED_EDGE('',*,*,#4134,.T.);
#5569=ORIENTED_EDGE('',*,*,#3659,.T.);
#5570=ORIENTED_EDGE('',*,*,#4134,.F.);
#5571=ORIENTED_EDGE('',*,*,#4135,.T.);
#5572=ORIENTED_EDGE('',*,*,#4136,.T.);
#5573=ORIENTED_EDGE('',*,*,#3660,.F.);
#5574=ORIENTED_EDGE('',*,*,#4136,.F.);
#5575=ORIENTED_EDGE('',*,*,#4137,.T.);
#5576=ORIENTED_EDGE('',*,*,#4138,.T.);
#5577=ORIENTED_EDGE('',*,*,#3661,.T.);
#5578=ORIENTED_EDGE('',*,*,#4138,.F.);
#5579=ORIENTED_EDGE('',*,*,#4139,.T.);
#5580=ORIENTED_EDGE('',*,*,#4140,.T.);
#5581=ORIENTED_EDGE('',*,*,#3662,.T.);
#5582=ORIENTED_EDGE('',*,*,#4140,.F.);
#5583=ORIENTED_EDGE('',*,*,#4141,.T.);
#5584=ORIENTED_EDGE('',*,*,#4142,.T.);
#5585=ORIENTED_EDGE('',*,*,#3663,.T.);
#5586=ORIENTED_EDGE('',*,*,#4142,.F.);
#5587=ORIENTED_EDGE('',*,*,#4143,.T.);
#5588=ORIENTED_EDGE('',*,*,#4144,.T.);
#5589=ORIENTED_EDGE('',*,*,#3664,.T.);
#5590=ORIENTED_EDGE('',*,*,#4144,.F.);
#5591=ORIENTED_EDGE('',*,*,#4145,.T.);
#5592=ORIENTED_EDGE('',*,*,#4146,.T.);
#5593=ORIENTED_EDGE('',*,*,#3665,.T.);
#5594=ORIENTED_EDGE('',*,*,#4146,.F.);
#5595=ORIENTED_EDGE('',*,*,#4147,.T.);
#5596=ORIENTED_EDGE('',*,*,#4148,.T.);
#5597=ORIENTED_EDGE('',*,*,#3666,.F.);
#5598=ORIENTED_EDGE('',*,*,#4148,.F.);
#5599=ORIENTED_EDGE('',*,*,#4149,.T.);
#5600=ORIENTED_EDGE('',*,*,#4150,.T.);
#5601=ORIENTED_EDGE('',*,*,#3667,.T.);
#5602=ORIENTED_EDGE('',*,*,#4150,.F.);
#5603=ORIENTED_EDGE('',*,*,#4151,.T.);
#5604=ORIENTED_EDGE('',*,*,#4152,.T.);
#5605=ORIENTED_EDGE('',*,*,#3668,.T.);
#5606=ORIENTED_EDGE('',*,*,#4152,.F.);
#5607=ORIENTED_EDGE('',*,*,#4153,.T.);
#5608=ORIENTED_EDGE('',*,*,#4154,.T.);
#5609=ORIENTED_EDGE('',*,*,#3669,.T.);
#5610=ORIENTED_EDGE('',*,*,#4154,.F.);
#5611=ORIENTED_EDGE('',*,*,#4155,.T.);
#5612=ORIENTED_EDGE('',*,*,#4156,.T.);
#5613=ORIENTED_EDGE('',*,*,#3670,.T.);
#5614=ORIENTED_EDGE('',*,*,#4156,.F.);
#5615=ORIENTED_EDGE('',*,*,#4157,.T.);
#5616=ORIENTED_EDGE('',*,*,#4158,.T.);
#5617=ORIENTED_EDGE('',*,*,#3671,.T.);
#5618=ORIENTED_EDGE('',*,*,#4158,.F.);
#5619=ORIENTED_EDGE('',*,*,#4159,.T.);
#5620=ORIENTED_EDGE('',*,*,#4160,.T.);
#5621=ORIENTED_EDGE('',*,*,#3672,.T.);
#5622=ORIENTED_EDGE('',*,*,#4160,.F.);
#5623=ORIENTED_EDGE('',*,*,#4161,.T.);
#5624=ORIENTED_EDGE('',*,*,#4162,.T.);
#5625=ORIENTED_EDGE('',*,*,#3673,.F.);
#5626=ORIENTED_EDGE('',*,*,#4162,.F.);
#5627=ORIENTED_EDGE('',*,*,#4163,.T.);
#5628=ORIENTED_EDGE('',*,*,#4164,.T.);
#5629=ORIENTED_EDGE('',*,*,#3674,.T.);
#5630=ORIENTED_EDGE('',*,*,#4164,.F.);
#5631=ORIENTED_EDGE('',*,*,#4165,.T.);
#5632=ORIENTED_EDGE('',*,*,#4166,.T.);
#5633=ORIENTED_EDGE('',*,*,#3675,.F.);
#5634=ORIENTED_EDGE('',*,*,#4166,.F.);
#5635=ORIENTED_EDGE('',*,*,#4167,.T.);
#5636=ORIENTED_EDGE('',*,*,#4168,.T.);
#5637=ORIENTED_EDGE('',*,*,#3676,.T.);
#5638=ORIENTED_EDGE('',*,*,#4168,.F.);
#5639=ORIENTED_EDGE('',*,*,#4169,.T.);
#5640=ORIENTED_EDGE('',*,*,#4170,.T.);
#5641=ORIENTED_EDGE('',*,*,#3677,.T.);
#5642=ORIENTED_EDGE('',*,*,#4170,.F.);
#5643=ORIENTED_EDGE('',*,*,#4171,.T.);
#5644=ORIENTED_EDGE('',*,*,#4172,.T.);
#5645=ORIENTED_EDGE('',*,*,#3678,.T.);
#5646=ORIENTED_EDGE('',*,*,#4172,.F.);
#5647=ORIENTED_EDGE('',*,*,#4173,.T.);
#5648=ORIENTED_EDGE('',*,*,#4174,.T.);
#5649=ORIENTED_EDGE('',*,*,#3679,.T.);
#5650=ORIENTED_EDGE('',*,*,#4174,.F.);
#5651=ORIENTED_EDGE('',*,*,#4175,.T.);
#5652=ORIENTED_EDGE('',*,*,#4176,.T.);
#5653=ORIENTED_EDGE('',*,*,#3680,.T.);
#5654=ORIENTED_EDGE('',*,*,#4176,.F.);
#5655=ORIENTED_EDGE('',*,*,#4177,.T.);
#5656=ORIENTED_EDGE('',*,*,#4178,.T.);
#5657=ORIENTED_EDGE('',*,*,#3681,.T.);
#5658=ORIENTED_EDGE('',*,*,#4178,.F.);
#5659=ORIENTED_EDGE('',*,*,#4179,.T.);
#5660=ORIENTED_EDGE('',*,*,#4180,.T.);
#5661=ORIENTED_EDGE('',*,*,#3682,.F.);
#5662=ORIENTED_EDGE('',*,*,#4180,.F.);
#5663=ORIENTED_EDGE('',*,*,#4181,.T.);
#5664=ORIENTED_EDGE('',*,*,#4182,.T.);
#5665=ORIENTED_EDGE('',*,*,#3683,.T.);
#5666=ORIENTED_EDGE('',*,*,#4182,.F.);
#5667=ORIENTED_EDGE('',*,*,#4183,.T.);
#5668=ORIENTED_EDGE('',*,*,#4184,.T.);
#5669=ORIENTED_EDGE('',*,*,#3684,.T.);
#5670=ORIENTED_EDGE('',*,*,#4184,.F.);
#5671=ORIENTED_EDGE('',*,*,#4185,.T.);
#5672=ORIENTED_EDGE('',*,*,#4186,.T.);
#5673=ORIENTED_EDGE('',*,*,#3685,.T.);
#5674=ORIENTED_EDGE('',*,*,#4186,.F.);
#5675=ORIENTED_EDGE('',*,*,#4187,.T.);
#5676=ORIENTED_EDGE('',*,*,#4188,.T.);
#5677=ORIENTED_EDGE('',*,*,#3686,.T.);
#5678=ORIENTED_EDGE('',*,*,#4188,.F.);
#5679=ORIENTED_EDGE('',*,*,#4189,.T.);
#5680=ORIENTED_EDGE('',*,*,#4190,.T.);
#5681=ORIENTED_EDGE('',*,*,#3687,.T.);
#5682=ORIENTED_EDGE('',*,*,#4190,.F.);
#5683=ORIENTED_EDGE('',*,*,#4191,.T.);
#5684=ORIENTED_EDGE('',*,*,#4192,.T.);
#5685=ORIENTED_EDGE('',*,*,#3688,.F.);
#5686=ORIENTED_EDGE('',*,*,#4192,.F.);
#5687=ORIENTED_EDGE('',*,*,#4193,.T.);
#5688=ORIENTED_EDGE('',*,*,#4194,.T.);
#5689=ORIENTED_EDGE('',*,*,#3689,.T.);
#5690=ORIENTED_EDGE('',*,*,#4194,.F.);
#5691=ORIENTED_EDGE('',*,*,#4195,.T.);
#5692=ORIENTED_EDGE('',*,*,#4196,.T.);
#5693=ORIENTED_EDGE('',*,*,#3690,.T.);
#5694=ORIENTED_EDGE('',*,*,#4196,.F.);
#5695=ORIENTED_EDGE('',*,*,#4197,.T.);
#5696=ORIENTED_EDGE('',*,*,#4198,.T.);
#5697=ORIENTED_EDGE('',*,*,#3691,.T.);
#5698=ORIENTED_EDGE('',*,*,#4198,.F.);
#5699=ORIENTED_EDGE('',*,*,#4199,.T.);
#5700=ORIENTED_EDGE('',*,*,#4200,.T.);
#5701=ORIENTED_EDGE('',*,*,#3692,.T.);
#5702=ORIENTED_EDGE('',*,*,#4200,.F.);
#5703=ORIENTED_EDGE('',*,*,#4201,.T.);
#5704=ORIENTED_EDGE('',*,*,#4202,.T.);
#5705=ORIENTED_EDGE('',*,*,#3693,.T.);
#5706=ORIENTED_EDGE('',*,*,#4202,.F.);
#5707=ORIENTED_EDGE('',*,*,#4203,.T.);
#5708=ORIENTED_EDGE('',*,*,#4204,.T.);
#5709=ORIENTED_EDGE('',*,*,#3694,.T.);
#5710=ORIENTED_EDGE('',*,*,#4204,.F.);
#5711=ORIENTED_EDGE('',*,*,#4205,.T.);
#5712=ORIENTED_EDGE('',*,*,#4206,.T.);
#5713=ORIENTED_EDGE('',*,*,#3695,.T.);
#5714=ORIENTED_EDGE('',*,*,#4206,.F.);
#5715=ORIENTED_EDGE('',*,*,#4207,.T.);
#5716=ORIENTED_EDGE('',*,*,#4208,.T.);
#5717=ORIENTED_EDGE('',*,*,#3696,.T.);
#5718=ORIENTED_EDGE('',*,*,#4208,.F.);
#5719=ORIENTED_EDGE('',*,*,#4209,.T.);
#5720=ORIENTED_EDGE('',*,*,#4210,.T.);
#5721=ORIENTED_EDGE('',*,*,#3697,.T.);
#5722=ORIENTED_EDGE('',*,*,#4210,.F.);
#5723=ORIENTED_EDGE('',*,*,#4211,.T.);
#5724=ORIENTED_EDGE('',*,*,#4212,.T.);
#5725=ORIENTED_EDGE('',*,*,#3698,.T.);
#5726=ORIENTED_EDGE('',*,*,#4212,.F.);
#5727=ORIENTED_EDGE('',*,*,#4213,.T.);
#5728=ORIENTED_EDGE('',*,*,#4214,.T.);
#5729=ORIENTED_EDGE('',*,*,#3699,.T.);
#5730=ORIENTED_EDGE('',*,*,#4214,.F.);
#5731=ORIENTED_EDGE('',*,*,#4215,.T.);
#5732=ORIENTED_EDGE('',*,*,#4216,.T.);
#5733=ORIENTED_EDGE('',*,*,#3700,.T.);
#5734=ORIENTED_EDGE('',*,*,#4216,.F.);
#5735=ORIENTED_EDGE('',*,*,#4217,.T.);
#5736=ORIENTED_EDGE('',*,*,#4218,.T.);
#5737=ORIENTED_EDGE('',*,*,#3701,.T.);
#5738=ORIENTED_EDGE('',*,*,#4218,.F.);
#5739=ORIENTED_EDGE('',*,*,#4219,.T.);
#5740=ORIENTED_EDGE('',*,*,#4220,.T.);
#5741=ORIENTED_EDGE('',*,*,#3702,.T.);
#5742=ORIENTED_EDGE('',*,*,#4220,.F.);
#5743=ORIENTED_EDGE('',*,*,#4221,.T.);
#5744=ORIENTED_EDGE('',*,*,#4222,.T.);
#5745=ORIENTED_EDGE('',*,*,#3703,.T.);
#5746=ORIENTED_EDGE('',*,*,#4222,.F.);
#5747=ORIENTED_EDGE('',*,*,#4223,.T.);
#5748=ORIENTED_EDGE('',*,*,#4224,.T.);
#5749=ORIENTED_EDGE('',*,*,#3704,.T.);
#5750=ORIENTED_EDGE('',*,*,#4224,.F.);
#5751=ORIENTED_EDGE('',*,*,#4225,.T.);
#5752=ORIENTED_EDGE('',*,*,#4226,.T.);
#5753=ORIENTED_EDGE('',*,*,#3705,.T.);
#5754=ORIENTED_EDGE('',*,*,#4226,.F.);
#5755=ORIENTED_EDGE('',*,*,#4227,.T.);
#5756=ORIENTED_EDGE('',*,*,#4228,.T.);
#5757=ORIENTED_EDGE('',*,*,#3706,.T.);
#5758=ORIENTED_EDGE('',*,*,#4228,.F.);
#5759=ORIENTED_EDGE('',*,*,#4229,.T.);
#5760=ORIENTED_EDGE('',*,*,#4230,.T.);
#5761=ORIENTED_EDGE('',*,*,#3707,.T.);
#5762=ORIENTED_EDGE('',*,*,#4230,.F.);
#5763=ORIENTED_EDGE('',*,*,#4231,.T.);
#5764=ORIENTED_EDGE('',*,*,#4232,.T.);
#5765=ORIENTED_EDGE('',*,*,#3708,.T.);
#5766=ORIENTED_EDGE('',*,*,#4232,.F.);
#5767=ORIENTED_EDGE('',*,*,#4233,.T.);
#5768=ORIENTED_EDGE('',*,*,#4234,.T.);
#5769=ORIENTED_EDGE('',*,*,#3709,.T.);
#5770=ORIENTED_EDGE('',*,*,#4234,.F.);
#5771=ORIENTED_EDGE('',*,*,#4235,.T.);
#5772=ORIENTED_EDGE('',*,*,#4116,.T.);
#5773=ORIENTED_EDGE('',*,*,#3710,.F.);
#5774=ORIENTED_EDGE('',*,*,#4236,.F.);
#5775=ORIENTED_EDGE('',*,*,#4237,.T.);
#5776=ORIENTED_EDGE('',*,*,#4238,.T.);
#5777=ORIENTED_EDGE('',*,*,#3711,.F.);
#5778=ORIENTED_EDGE('',*,*,#4238,.F.);
#5779=ORIENTED_EDGE('',*,*,#4239,.T.);
#5780=ORIENTED_EDGE('',*,*,#4240,.T.);
#5781=ORIENTED_EDGE('',*,*,#3712,.F.);
#5782=ORIENTED_EDGE('',*,*,#4240,.F.);
#5783=ORIENTED_EDGE('',*,*,#4241,.T.);
#5784=ORIENTED_EDGE('',*,*,#4242,.T.);
#5785=ORIENTED_EDGE('',*,*,#3713,.T.);
#5786=ORIENTED_EDGE('',*,*,#4242,.F.);
#5787=ORIENTED_EDGE('',*,*,#4243,.T.);
#5788=ORIENTED_EDGE('',*,*,#4244,.T.);
#5789=ORIENTED_EDGE('',*,*,#3714,.T.);
#5790=ORIENTED_EDGE('',*,*,#4244,.F.);
#5791=ORIENTED_EDGE('',*,*,#4245,.T.);
#5792=ORIENTED_EDGE('',*,*,#4236,.T.);
#5793=ORIENTED_EDGE('',*,*,#4246,.F.);
#5794=ORIENTED_EDGE('',*,*,#4247,.F.);
#5795=ORIENTED_EDGE('',*,*,#3717,.F.);
#5796=ORIENTED_EDGE('',*,*,#4248,.T.);
#5797=ORIENTED_EDGE('',*,*,#4249,.F.);
#5798=ORIENTED_EDGE('',*,*,#4250,.F.);
#5799=ORIENTED_EDGE('',*,*,#3718,.F.);
#5800=ORIENTED_EDGE('',*,*,#4247,.T.);
#5801=ORIENTED_EDGE('',*,*,#4251,.F.);
#5802=ORIENTED_EDGE('',*,*,#4252,.F.);
#5803=ORIENTED_EDGE('',*,*,#3719,.F.);
#5804=ORIENTED_EDGE('',*,*,#4250,.T.);
#5805=ORIENTED_EDGE('',*,*,#3720,.F.);
#5806=ORIENTED_EDGE('',*,*,#4252,.T.);
#5807=ORIENTED_EDGE('',*,*,#4253,.F.);
#5808=ORIENTED_EDGE('',*,*,#4248,.F.);
#5809=ORIENTED_EDGE('',*,*,#3740,.F.);
#5810=ORIENTED_EDGE('',*,*,#3738,.T.);
#5811=ORIENTED_EDGE('',*,*,#3734,.T.);
#5812=ORIENTED_EDGE('',*,*,#4254,.F.);
#5813=ORIENTED_EDGE('',*,*,#3741,.F.);
#5814=ORIENTED_EDGE('',*,*,#4254,.T.);
#5815=ORIENTED_EDGE('',*,*,#3737,.F.);
#5816=ORIENTED_EDGE('',*,*,#3745,.F.);
#5817=ORIENTED_EDGE('',*,*,#3770,.T.);
#5818=ORIENTED_EDGE('',*,*,#3768,.T.);
#5819=ORIENTED_EDGE('',*,*,#3766,.T.);
#5820=ORIENTED_EDGE('',*,*,#3764,.T.);
#5821=ORIENTED_EDGE('',*,*,#3762,.F.);
#5822=ORIENTED_EDGE('',*,*,#3760,.T.);
#5823=ORIENTED_EDGE('',*,*,#4255,.F.);
#5824=ORIENTED_EDGE('',*,*,#4256,.F.);
#5825=ORIENTED_EDGE('',*,*,#4257,.F.);
#5826=ORIENTED_EDGE('',*,*,#3756,.T.);
#5827=ORIENTED_EDGE('',*,*,#3754,.F.);
#5828=ORIENTED_EDGE('',*,*,#3752,.T.);
#5829=ORIENTED_EDGE('',*,*,#3750,.T.);
#5830=ORIENTED_EDGE('',*,*,#3748,.T.);
#5831=ORIENTED_EDGE('',*,*,#3743,.T.);
#5832=ORIENTED_EDGE('',*,*,#4258,.T.);
#5833=ORIENTED_EDGE('',*,*,#4259,.F.);
#5834=ORIENTED_EDGE('',*,*,#4260,.T.);
#5835=ORIENTED_EDGE('',*,*,#4261,.F.);
#5836=ORIENTED_EDGE('',*,*,#4258,.F.);
#5837=ORIENTED_EDGE('',*,*,#3747,.F.);
#5838=ORIENTED_EDGE('',*,*,#3777,.F.);
#5839=ORIENTED_EDGE('',*,*,#4262,.T.);
#5840=ORIENTED_EDGE('',*,*,#4257,.T.);
#5841=ORIENTED_EDGE('',*,*,#4263,.F.);
#5842=ORIENTED_EDGE('',*,*,#4264,.F.);
#5843=ORIENTED_EDGE('',*,*,#3757,.T.);
#5844=ORIENTED_EDGE('',*,*,#4265,.T.);
#5845=ORIENTED_EDGE('',*,*,#4266,.T.);
#5846=ORIENTED_EDGE('',*,*,#3758,.T.);
#5847=ORIENTED_EDGE('',*,*,#4264,.T.);
#5848=ORIENTED_EDGE('',*,*,#4255,.T.);
#5849=ORIENTED_EDGE('',*,*,#3759,.F.);
#5850=ORIENTED_EDGE('',*,*,#4266,.F.);
#5851=ORIENTED_EDGE('',*,*,#4267,.T.);
#5852=ORIENTED_EDGE('',*,*,#4260,.F.);
#5853=ORIENTED_EDGE('',*,*,#4268,.T.);
#5854=ORIENTED_EDGE('',*,*,#3773,.F.);
#5855=ORIENTED_EDGE('',*,*,#3771,.F.);
#5856=ORIENTED_EDGE('',*,*,#4262,.F.);
#5857=ORIENTED_EDGE('',*,*,#3776,.T.);
#5858=ORIENTED_EDGE('',*,*,#4268,.F.);
#5859=ORIENTED_EDGE('',*,*,#4259,.T.);
#5860=ORIENTED_EDGE('',*,*,#3779,.F.);
#5861=ORIENTED_EDGE('',*,*,#3843,.F.);
#5862=ORIENTED_EDGE('',*,*,#3841,.F.);
#5863=ORIENTED_EDGE('',*,*,#3839,.F.);
#5864=ORIENTED_EDGE('',*,*,#3837,.F.);
#5865=ORIENTED_EDGE('',*,*,#3835,.F.);
#5866=ORIENTED_EDGE('',*,*,#3833,.F.);
#5867=ORIENTED_EDGE('',*,*,#3831,.F.);
#5868=ORIENTED_EDGE('',*,*,#3829,.F.);
#5869=ORIENTED_EDGE('',*,*,#3827,.F.);
#5870=ORIENTED_EDGE('',*,*,#3825,.F.);
#5871=ORIENTED_EDGE('',*,*,#3823,.F.);
#5872=ORIENTED_EDGE('',*,*,#3821,.F.);
#5873=ORIENTED_EDGE('',*,*,#3819,.F.);
#5874=ORIENTED_EDGE('',*,*,#3817,.F.);
#5875=ORIENTED_EDGE('',*,*,#3815,.F.);
#5876=ORIENTED_EDGE('',*,*,#3813,.F.);
#5877=ORIENTED_EDGE('',*,*,#3811,.F.);
#5878=ORIENTED_EDGE('',*,*,#3809,.F.);
#5879=ORIENTED_EDGE('',*,*,#3807,.F.);
#5880=ORIENTED_EDGE('',*,*,#3805,.F.);
#5881=ORIENTED_EDGE('',*,*,#3803,.F.);
#5882=ORIENTED_EDGE('',*,*,#3801,.F.);
#5883=ORIENTED_EDGE('',*,*,#3799,.F.);
#5884=ORIENTED_EDGE('',*,*,#3797,.F.);
#5885=ORIENTED_EDGE('',*,*,#3795,.F.);
#5886=ORIENTED_EDGE('',*,*,#3793,.F.);
#5887=ORIENTED_EDGE('',*,*,#3791,.F.);
#5888=ORIENTED_EDGE('',*,*,#3789,.F.);
#5889=ORIENTED_EDGE('',*,*,#3787,.F.);
#5890=ORIENTED_EDGE('',*,*,#3785,.F.);
#5891=ORIENTED_EDGE('',*,*,#3783,.F.);
#5892=ORIENTED_EDGE('',*,*,#3781,.F.);
#5893=ORIENTED_EDGE('',*,*,#4269,.F.);
#5894=ORIENTED_EDGE('',*,*,#4270,.F.);
#5895=ORIENTED_EDGE('',*,*,#4271,.F.);
#5896=ORIENTED_EDGE('',*,*,#4272,.F.);
#5897=ORIENTED_EDGE('',*,*,#4273,.F.);
#5898=ORIENTED_EDGE('',*,*,#4274,.F.);
#5899=ORIENTED_EDGE('',*,*,#4275,.F.);
#5900=ORIENTED_EDGE('',*,*,#4276,.F.);
#5901=ORIENTED_EDGE('',*,*,#4277,.F.);
#5902=ORIENTED_EDGE('',*,*,#4278,.F.);
#5903=ORIENTED_EDGE('',*,*,#4279,.F.);
#5904=ORIENTED_EDGE('',*,*,#4280,.F.);
#5905=ORIENTED_EDGE('',*,*,#4281,.F.);
#5906=ORIENTED_EDGE('',*,*,#4282,.F.);
#5907=ORIENTED_EDGE('',*,*,#4283,.F.);
#5908=ORIENTED_EDGE('',*,*,#4284,.F.);
#5909=ORIENTED_EDGE('',*,*,#4285,.F.);
#5910=ORIENTED_EDGE('',*,*,#4286,.F.);
#5911=ORIENTED_EDGE('',*,*,#4287,.F.);
#5912=ORIENTED_EDGE('',*,*,#4288,.F.);
#5913=ORIENTED_EDGE('',*,*,#4289,.F.);
#5914=ORIENTED_EDGE('',*,*,#4290,.F.);
#5915=ORIENTED_EDGE('',*,*,#4291,.F.);
#5916=ORIENTED_EDGE('',*,*,#4292,.F.);
#5917=ORIENTED_EDGE('',*,*,#3845,.F.);
#5918=ORIENTED_EDGE('',*,*,#3863,.F.);
#5919=ORIENTED_EDGE('',*,*,#3861,.F.);
#5920=ORIENTED_EDGE('',*,*,#3859,.F.);
#5921=ORIENTED_EDGE('',*,*,#3857,.F.);
#5922=ORIENTED_EDGE('',*,*,#3855,.F.);
#5923=ORIENTED_EDGE('',*,*,#3853,.F.);
#5924=ORIENTED_EDGE('',*,*,#3851,.F.);
#5925=ORIENTED_EDGE('',*,*,#3849,.F.);
#5926=ORIENTED_EDGE('',*,*,#3847,.F.);
#5927=ORIENTED_EDGE('',*,*,#3865,.F.);
#5928=ORIENTED_EDGE('',*,*,#3887,.F.);
#5929=ORIENTED_EDGE('',*,*,#3885,.F.);
#5930=ORIENTED_EDGE('',*,*,#3883,.F.);
#5931=ORIENTED_EDGE('',*,*,#3881,.F.);
#5932=ORIENTED_EDGE('',*,*,#3879,.F.);
#5933=ORIENTED_EDGE('',*,*,#3877,.F.);
#5934=ORIENTED_EDGE('',*,*,#3875,.F.);
#5935=ORIENTED_EDGE('',*,*,#3873,.F.);
#5936=ORIENTED_EDGE('',*,*,#3871,.F.);
#5937=ORIENTED_EDGE('',*,*,#3869,.F.);
#5938=ORIENTED_EDGE('',*,*,#3867,.F.);
#5939=ORIENTED_EDGE('',*,*,#3889,.F.);
#5940=ORIENTED_EDGE('',*,*,#4043,.F.);
#5941=ORIENTED_EDGE('',*,*,#4041,.F.);
#5942=ORIENTED_EDGE('',*,*,#4039,.F.);
#5943=ORIENTED_EDGE('',*,*,#4037,.F.);
#5944=ORIENTED_EDGE('',*,*,#4035,.F.);
#5945=ORIENTED_EDGE('',*,*,#4033,.F.);
#5946=ORIENTED_EDGE('',*,*,#4031,.F.);
#5947=ORIENTED_EDGE('',*,*,#4029,.F.);
#5948=ORIENTED_EDGE('',*,*,#4027,.F.);
#5949=ORIENTED_EDGE('',*,*,#4025,.F.);
#5950=ORIENTED_EDGE('',*,*,#4023,.F.);
#5951=ORIENTED_EDGE('',*,*,#4021,.F.);
#5952=ORIENTED_EDGE('',*,*,#4019,.F.);
#5953=ORIENTED_EDGE('',*,*,#4017,.F.);
#5954=ORIENTED_EDGE('',*,*,#4015,.F.);
#5955=ORIENTED_EDGE('',*,*,#4013,.F.);
#5956=ORIENTED_EDGE('',*,*,#4011,.F.);
#5957=ORIENTED_EDGE('',*,*,#4009,.F.);
#5958=ORIENTED_EDGE('',*,*,#4007,.F.);
#5959=ORIENTED_EDGE('',*,*,#4005,.F.);
#5960=ORIENTED_EDGE('',*,*,#4003,.F.);
#5961=ORIENTED_EDGE('',*,*,#4001,.F.);
#5962=ORIENTED_EDGE('',*,*,#3999,.F.);
#5963=ORIENTED_EDGE('',*,*,#3997,.F.);
#5964=ORIENTED_EDGE('',*,*,#3995,.F.);
#5965=ORIENTED_EDGE('',*,*,#3993,.F.);
#5966=ORIENTED_EDGE('',*,*,#3991,.F.);
#5967=ORIENTED_EDGE('',*,*,#3989,.F.);
#5968=ORIENTED_EDGE('',*,*,#3987,.F.);
#5969=ORIENTED_EDGE('',*,*,#3985,.F.);
#5970=ORIENTED_EDGE('',*,*,#3983,.F.);
#5971=ORIENTED_EDGE('',*,*,#3981,.F.);
#5972=ORIENTED_EDGE('',*,*,#3979,.F.);
#5973=ORIENTED_EDGE('',*,*,#3977,.F.);
#5974=ORIENTED_EDGE('',*,*,#3975,.F.);
#5975=ORIENTED_EDGE('',*,*,#3973,.F.);
#5976=ORIENTED_EDGE('',*,*,#3971,.F.);
#5977=ORIENTED_EDGE('',*,*,#3969,.F.);
#5978=ORIENTED_EDGE('',*,*,#3967,.F.);
#5979=ORIENTED_EDGE('',*,*,#3965,.F.);
#5980=ORIENTED_EDGE('',*,*,#3963,.F.);
#5981=ORIENTED_EDGE('',*,*,#3961,.F.);
#5982=ORIENTED_EDGE('',*,*,#3959,.F.);
#5983=ORIENTED_EDGE('',*,*,#3957,.F.);
#5984=ORIENTED_EDGE('',*,*,#3955,.F.);
#5985=ORIENTED_EDGE('',*,*,#3953,.F.);
#5986=ORIENTED_EDGE('',*,*,#3951,.F.);
#5987=ORIENTED_EDGE('',*,*,#3949,.F.);
#5988=ORIENTED_EDGE('',*,*,#3947,.F.);
#5989=ORIENTED_EDGE('',*,*,#3945,.F.);
#5990=ORIENTED_EDGE('',*,*,#3943,.F.);
#5991=ORIENTED_EDGE('',*,*,#3941,.F.);
#5992=ORIENTED_EDGE('',*,*,#3939,.F.);
#5993=ORIENTED_EDGE('',*,*,#3937,.F.);
#5994=ORIENTED_EDGE('',*,*,#3935,.F.);
#5995=ORIENTED_EDGE('',*,*,#3933,.F.);
#5996=ORIENTED_EDGE('',*,*,#3931,.F.);
#5997=ORIENTED_EDGE('',*,*,#3929,.F.);
#5998=ORIENTED_EDGE('',*,*,#3927,.F.);
#5999=ORIENTED_EDGE('',*,*,#3925,.F.);
#6000=ORIENTED_EDGE('',*,*,#3923,.F.);
#6001=ORIENTED_EDGE('',*,*,#3921,.F.);
#6002=ORIENTED_EDGE('',*,*,#3919,.F.);
#6003=ORIENTED_EDGE('',*,*,#3917,.F.);
#6004=ORIENTED_EDGE('',*,*,#3915,.F.);
#6005=ORIENTED_EDGE('',*,*,#3913,.F.);
#6006=ORIENTED_EDGE('',*,*,#3911,.F.);
#6007=ORIENTED_EDGE('',*,*,#3909,.F.);
#6008=ORIENTED_EDGE('',*,*,#3907,.F.);
#6009=ORIENTED_EDGE('',*,*,#3905,.F.);
#6010=ORIENTED_EDGE('',*,*,#3903,.F.);
#6011=ORIENTED_EDGE('',*,*,#3901,.F.);
#6012=ORIENTED_EDGE('',*,*,#3899,.F.);
#6013=ORIENTED_EDGE('',*,*,#3897,.F.);
#6014=ORIENTED_EDGE('',*,*,#3895,.F.);
#6015=ORIENTED_EDGE('',*,*,#3893,.F.);
#6016=ORIENTED_EDGE('',*,*,#3891,.F.);
#6017=ORIENTED_EDGE('',*,*,#4045,.F.);
#6018=ORIENTED_EDGE('',*,*,#4115,.F.);
#6019=ORIENTED_EDGE('',*,*,#4113,.F.);
#6020=ORIENTED_EDGE('',*,*,#4111,.F.);
#6021=ORIENTED_EDGE('',*,*,#4109,.F.);
#6022=ORIENTED_EDGE('',*,*,#4107,.F.);
#6023=ORIENTED_EDGE('',*,*,#4105,.F.);
#6024=ORIENTED_EDGE('',*,*,#4103,.F.);
#6025=ORIENTED_EDGE('',*,*,#4101,.F.);
#6026=ORIENTED_EDGE('',*,*,#4099,.F.);
#6027=ORIENTED_EDGE('',*,*,#4097,.F.);
#6028=ORIENTED_EDGE('',*,*,#4095,.F.);
#6029=ORIENTED_EDGE('',*,*,#4093,.F.);
#6030=ORIENTED_EDGE('',*,*,#4091,.F.);
#6031=ORIENTED_EDGE('',*,*,#4089,.F.);
#6032=ORIENTED_EDGE('',*,*,#4087,.F.);
#6033=ORIENTED_EDGE('',*,*,#4085,.F.);
#6034=ORIENTED_EDGE('',*,*,#4083,.F.);
#6035=ORIENTED_EDGE('',*,*,#4081,.F.);
#6036=ORIENTED_EDGE('',*,*,#4079,.F.);
#6037=ORIENTED_EDGE('',*,*,#4077,.F.);
#6038=ORIENTED_EDGE('',*,*,#4075,.F.);
#6039=ORIENTED_EDGE('',*,*,#4073,.F.);
#6040=ORIENTED_EDGE('',*,*,#4071,.F.);
#6041=ORIENTED_EDGE('',*,*,#4069,.F.);
#6042=ORIENTED_EDGE('',*,*,#4067,.F.);
#6043=ORIENTED_EDGE('',*,*,#4065,.F.);
#6044=ORIENTED_EDGE('',*,*,#4063,.F.);
#6045=ORIENTED_EDGE('',*,*,#4061,.F.);
#6046=ORIENTED_EDGE('',*,*,#4059,.F.);
#6047=ORIENTED_EDGE('',*,*,#4057,.F.);
#6048=ORIENTED_EDGE('',*,*,#4055,.F.);
#6049=ORIENTED_EDGE('',*,*,#4053,.F.);
#6050=ORIENTED_EDGE('',*,*,#4051,.F.);
#6051=ORIENTED_EDGE('',*,*,#4049,.F.);
#6052=ORIENTED_EDGE('',*,*,#4047,.F.);
#6053=ORIENTED_EDGE('',*,*,#4293,.F.);
#6054=ORIENTED_EDGE('',*,*,#4294,.F.);
#6055=ORIENTED_EDGE('',*,*,#4295,.F.);
#6056=ORIENTED_EDGE('',*,*,#4296,.F.);
#6057=ORIENTED_EDGE('',*,*,#4297,.F.);
#6058=ORIENTED_EDGE('',*,*,#4298,.F.);
#6059=ORIENTED_EDGE('',*,*,#4299,.F.);
#6060=ORIENTED_EDGE('',*,*,#4300,.F.);
#6061=ORIENTED_EDGE('',*,*,#4301,.F.);
#6062=ORIENTED_EDGE('',*,*,#4302,.F.);
#6063=ORIENTED_EDGE('',*,*,#4303,.F.);
#6064=ORIENTED_EDGE('',*,*,#4304,.F.);
#6065=ORIENTED_EDGE('',*,*,#4305,.F.);
#6066=ORIENTED_EDGE('',*,*,#4306,.F.);
#6067=ORIENTED_EDGE('',*,*,#4307,.F.);
#6068=ORIENTED_EDGE('',*,*,#4308,.F.);
#6069=ORIENTED_EDGE('',*,*,#4309,.F.);
#6070=ORIENTED_EDGE('',*,*,#4310,.F.);
#6071=ORIENTED_EDGE('',*,*,#4311,.F.);
#6072=ORIENTED_EDGE('',*,*,#4312,.F.);
#6073=ORIENTED_EDGE('',*,*,#4313,.F.);
#6074=ORIENTED_EDGE('',*,*,#4314,.F.);
#6075=ORIENTED_EDGE('',*,*,#4315,.F.);
#6076=ORIENTED_EDGE('',*,*,#4316,.F.);
#6077=ORIENTED_EDGE('',*,*,#4317,.F.);
#6078=ORIENTED_EDGE('',*,*,#4318,.F.);
#6079=ORIENTED_EDGE('',*,*,#4319,.F.);
#6080=ORIENTED_EDGE('',*,*,#4117,.F.);
#6081=ORIENTED_EDGE('',*,*,#4235,.F.);
#6082=ORIENTED_EDGE('',*,*,#4233,.F.);
#6083=ORIENTED_EDGE('',*,*,#4231,.F.);
#6084=ORIENTED_EDGE('',*,*,#4229,.F.);
#6085=ORIENTED_EDGE('',*,*,#4227,.F.);
#6086=ORIENTED_EDGE('',*,*,#4225,.F.);
#6087=ORIENTED_EDGE('',*,*,#4223,.F.);
#6088=ORIENTED_EDGE('',*,*,#4221,.F.);
#6089=ORIENTED_EDGE('',*,*,#4219,.F.);
#6090=ORIENTED_EDGE('',*,*,#4217,.F.);
#6091=ORIENTED_EDGE('',*,*,#4215,.F.);
#6092=ORIENTED_EDGE('',*,*,#4213,.F.);
#6093=ORIENTED_EDGE('',*,*,#4211,.F.);
#6094=ORIENTED_EDGE('',*,*,#4209,.F.);
#6095=ORIENTED_EDGE('',*,*,#4207,.F.);
#6096=ORIENTED_EDGE('',*,*,#4205,.F.);
#6097=ORIENTED_EDGE('',*,*,#4203,.F.);
#6098=ORIENTED_EDGE('',*,*,#4201,.F.);
#6099=ORIENTED_EDGE('',*,*,#4199,.F.);
#6100=ORIENTED_EDGE('',*,*,#4197,.F.);
#6101=ORIENTED_EDGE('',*,*,#4195,.F.);
#6102=ORIENTED_EDGE('',*,*,#4193,.F.);
#6103=ORIENTED_EDGE('',*,*,#4191,.F.);
#6104=ORIENTED_EDGE('',*,*,#4189,.F.);
#6105=ORIENTED_EDGE('',*,*,#4187,.F.);
#6106=ORIENTED_EDGE('',*,*,#4185,.F.);
#6107=ORIENTED_EDGE('',*,*,#4183,.F.);
#6108=ORIENTED_EDGE('',*,*,#4181,.F.);
#6109=ORIENTED_EDGE('',*,*,#4179,.F.);
#6110=ORIENTED_EDGE('',*,*,#4177,.F.);
#6111=ORIENTED_EDGE('',*,*,#4175,.F.);
#6112=ORIENTED_EDGE('',*,*,#4173,.F.);
#6113=ORIENTED_EDGE('',*,*,#4171,.F.);
#6114=ORIENTED_EDGE('',*,*,#4169,.F.);
#6115=ORIENTED_EDGE('',*,*,#4167,.F.);
#6116=ORIENTED_EDGE('',*,*,#4165,.F.);
#6117=ORIENTED_EDGE('',*,*,#4163,.F.);
#6118=ORIENTED_EDGE('',*,*,#4161,.F.);
#6119=ORIENTED_EDGE('',*,*,#4159,.F.);
#6120=ORIENTED_EDGE('',*,*,#4157,.F.);
#6121=ORIENTED_EDGE('',*,*,#4155,.F.);
#6122=ORIENTED_EDGE('',*,*,#4153,.F.);
#6123=ORIENTED_EDGE('',*,*,#4151,.F.);
#6124=ORIENTED_EDGE('',*,*,#4149,.F.);
#6125=ORIENTED_EDGE('',*,*,#4147,.F.);
#6126=ORIENTED_EDGE('',*,*,#4145,.F.);
#6127=ORIENTED_EDGE('',*,*,#4143,.F.);
#6128=ORIENTED_EDGE('',*,*,#4141,.F.);
#6129=ORIENTED_EDGE('',*,*,#4139,.F.);
#6130=ORIENTED_EDGE('',*,*,#4137,.F.);
#6131=ORIENTED_EDGE('',*,*,#4135,.F.);
#6132=ORIENTED_EDGE('',*,*,#4133,.F.);
#6133=ORIENTED_EDGE('',*,*,#4131,.F.);
#6134=ORIENTED_EDGE('',*,*,#4129,.F.);
#6135=ORIENTED_EDGE('',*,*,#4127,.F.);
#6136=ORIENTED_EDGE('',*,*,#4125,.F.);
#6137=ORIENTED_EDGE('',*,*,#4123,.F.);
#6138=ORIENTED_EDGE('',*,*,#4121,.F.);
#6139=ORIENTED_EDGE('',*,*,#4119,.F.);
#6140=ORIENTED_EDGE('',*,*,#4237,.F.);
#6141=ORIENTED_EDGE('',*,*,#4245,.F.);
#6142=ORIENTED_EDGE('',*,*,#4243,.F.);
#6143=ORIENTED_EDGE('',*,*,#4241,.F.);
#6144=ORIENTED_EDGE('',*,*,#4239,.F.);
#6145=ORIENTED_EDGE('',*,*,#4320,.F.);
#6146=ORIENTED_EDGE('',*,*,#4321,.F.);
#6147=ORIENTED_EDGE('',*,*,#4322,.F.);
#6148=ORIENTED_EDGE('',*,*,#4323,.F.);
#6149=ORIENTED_EDGE('',*,*,#4324,.F.);
#6150=ORIENTED_EDGE('',*,*,#4325,.F.);
#6151=ORIENTED_EDGE('',*,*,#4246,.T.);
#6152=ORIENTED_EDGE('',*,*,#4249,.T.);
#6153=ORIENTED_EDGE('',*,*,#4325,.T.);
#6154=ORIENTED_EDGE('',*,*,#4326,.F.);
#6155=ORIENTED_EDGE('',*,*,#4327,.T.);
#6156=ORIENTED_EDGE('',*,*,#4327,.F.);
#6157=ORIENTED_EDGE('',*,*,#4328,.F.);
#6158=ORIENTED_EDGE('',*,*,#4329,.F.);
#6159=ORIENTED_EDGE('',*,*,#4251,.T.);
#6160=ORIENTED_EDGE('',*,*,#4329,.T.);
#6161=ORIENTED_EDGE('',*,*,#4330,.T.);
#6162=ORIENTED_EDGE('',*,*,#4323,.T.);
#6163=ORIENTED_EDGE('',*,*,#4253,.T.);
#6164=ORIENTED_EDGE('',*,*,#4256,.T.);
#6165=ORIENTED_EDGE('',*,*,#4267,.F.);
#6166=ORIENTED_EDGE('',*,*,#4265,.F.);
#6167=ORIENTED_EDGE('',*,*,#4263,.T.);
#6168=ORIENTED_EDGE('',*,*,#4261,.T.);
#6169=ORIENTED_EDGE('',*,*,#4331,.T.);
#6170=ORIENTED_EDGE('',*,*,#4332,.T.);
#6171=ORIENTED_EDGE('',*,*,#4331,.F.);
#6172=ORIENTED_EDGE('',*,*,#4333,.F.);
#6173=ORIENTED_EDGE('',*,*,#4334,.F.);
#6174=ORIENTED_EDGE('',*,*,#4269,.T.);
#6175=ORIENTED_EDGE('',*,*,#4335,.T.);
#6176=ORIENTED_EDGE('',*,*,#4336,.T.);
#6177=ORIENTED_EDGE('',*,*,#4337,.F.);
#6178=ORIENTED_EDGE('',*,*,#4270,.T.);
#6179=ORIENTED_EDGE('',*,*,#4334,.T.);
#6180=ORIENTED_EDGE('',*,*,#4338,.T.);
#6181=ORIENTED_EDGE('',*,*,#4339,.F.);
#6182=ORIENTED_EDGE('',*,*,#4271,.T.);
#6183=ORIENTED_EDGE('',*,*,#4337,.T.);
#6184=ORIENTED_EDGE('',*,*,#4340,.T.);
#6185=ORIENTED_EDGE('',*,*,#4341,.F.);
#6186=ORIENTED_EDGE('',*,*,#4272,.T.);
#6187=ORIENTED_EDGE('',*,*,#4339,.T.);
#6188=ORIENTED_EDGE('',*,*,#4342,.T.);
#6189=ORIENTED_EDGE('',*,*,#4343,.F.);
#6190=ORIENTED_EDGE('',*,*,#4273,.T.);
#6191=ORIENTED_EDGE('',*,*,#4341,.T.);
#6192=ORIENTED_EDGE('',*,*,#4344,.T.);
#6193=ORIENTED_EDGE('',*,*,#4345,.F.);
#6194=ORIENTED_EDGE('',*,*,#4274,.T.);
#6195=ORIENTED_EDGE('',*,*,#4343,.T.);
#6196=ORIENTED_EDGE('',*,*,#4346,.T.);
#6197=ORIENTED_EDGE('',*,*,#4347,.F.);
#6198=ORIENTED_EDGE('',*,*,#4275,.T.);
#6199=ORIENTED_EDGE('',*,*,#4345,.T.);
#6200=ORIENTED_EDGE('',*,*,#4348,.F.);
#6201=ORIENTED_EDGE('',*,*,#4349,.F.);
#6202=ORIENTED_EDGE('',*,*,#4276,.T.);
#6203=ORIENTED_EDGE('',*,*,#4347,.T.);
#6204=ORIENTED_EDGE('',*,*,#4350,.T.);
#6205=ORIENTED_EDGE('',*,*,#4351,.F.);
#6206=ORIENTED_EDGE('',*,*,#4277,.T.);
#6207=ORIENTED_EDGE('',*,*,#4349,.T.);
#6208=ORIENTED_EDGE('',*,*,#4352,.T.);
#6209=ORIENTED_EDGE('',*,*,#4353,.F.);
#6210=ORIENTED_EDGE('',*,*,#4278,.T.);
#6211=ORIENTED_EDGE('',*,*,#4351,.T.);
#6212=ORIENTED_EDGE('',*,*,#4354,.T.);
#6213=ORIENTED_EDGE('',*,*,#4355,.F.);
#6214=ORIENTED_EDGE('',*,*,#4279,.T.);
#6215=ORIENTED_EDGE('',*,*,#4353,.T.);
#6216=ORIENTED_EDGE('',*,*,#4356,.T.);
#6217=ORIENTED_EDGE('',*,*,#4357,.F.);
#6218=ORIENTED_EDGE('',*,*,#4280,.T.);
#6219=ORIENTED_EDGE('',*,*,#4355,.T.);
#6220=ORIENTED_EDGE('',*,*,#4358,.T.);
#6221=ORIENTED_EDGE('',*,*,#4359,.F.);
#6222=ORIENTED_EDGE('',*,*,#4281,.T.);
#6223=ORIENTED_EDGE('',*,*,#4357,.T.);
#6224=ORIENTED_EDGE('',*,*,#4360,.T.);
#6225=ORIENTED_EDGE('',*,*,#4361,.F.);
#6226=ORIENTED_EDGE('',*,*,#4282,.T.);
#6227=ORIENTED_EDGE('',*,*,#4359,.T.);
#6228=ORIENTED_EDGE('',*,*,#4362,.T.);
#6229=ORIENTED_EDGE('',*,*,#4363,.F.);
#6230=ORIENTED_EDGE('',*,*,#4283,.T.);
#6231=ORIENTED_EDGE('',*,*,#4361,.T.);
#6232=ORIENTED_EDGE('',*,*,#4364,.T.);
#6233=ORIENTED_EDGE('',*,*,#4365,.F.);
#6234=ORIENTED_EDGE('',*,*,#4284,.T.);
#6235=ORIENTED_EDGE('',*,*,#4363,.T.);
#6236=ORIENTED_EDGE('',*,*,#4366,.T.);
#6237=ORIENTED_EDGE('',*,*,#4367,.F.);
#6238=ORIENTED_EDGE('',*,*,#4285,.T.);
#6239=ORIENTED_EDGE('',*,*,#4365,.T.);
#6240=ORIENTED_EDGE('',*,*,#4368,.T.);
#6241=ORIENTED_EDGE('',*,*,#4369,.F.);
#6242=ORIENTED_EDGE('',*,*,#4286,.T.);
#6243=ORIENTED_EDGE('',*,*,#4367,.T.);
#6244=ORIENTED_EDGE('',*,*,#4370,.F.);
#6245=ORIENTED_EDGE('',*,*,#4371,.F.);
#6246=ORIENTED_EDGE('',*,*,#4287,.T.);
#6247=ORIENTED_EDGE('',*,*,#4369,.T.);
#6248=ORIENTED_EDGE('',*,*,#4372,.F.);
#6249=ORIENTED_EDGE('',*,*,#4373,.F.);
#6250=ORIENTED_EDGE('',*,*,#4288,.T.);
#6251=ORIENTED_EDGE('',*,*,#4371,.T.);
#6252=ORIENTED_EDGE('',*,*,#4374,.F.);
#6253=ORIENTED_EDGE('',*,*,#4375,.F.);
#6254=ORIENTED_EDGE('',*,*,#4289,.T.);
#6255=ORIENTED_EDGE('',*,*,#4373,.T.);
#6256=ORIENTED_EDGE('',*,*,#4376,.T.);
#6257=ORIENTED_EDGE('',*,*,#4377,.F.);
#6258=ORIENTED_EDGE('',*,*,#4290,.T.);
#6259=ORIENTED_EDGE('',*,*,#4375,.T.);
#6260=ORIENTED_EDGE('',*,*,#4378,.F.);
#6261=ORIENTED_EDGE('',*,*,#4379,.F.);
#6262=ORIENTED_EDGE('',*,*,#4291,.T.);
#6263=ORIENTED_EDGE('',*,*,#4377,.T.);
#6264=ORIENTED_EDGE('',*,*,#4380,.F.);
#6265=ORIENTED_EDGE('',*,*,#4335,.F.);
#6266=ORIENTED_EDGE('',*,*,#4292,.T.);
#6267=ORIENTED_EDGE('',*,*,#4379,.T.);
#6268=ORIENTED_EDGE('',*,*,#4381,.T.);
#6269=ORIENTED_EDGE('',*,*,#4382,.F.);
#6270=ORIENTED_EDGE('',*,*,#4293,.T.);
#6271=ORIENTED_EDGE('',*,*,#4383,.T.);
#6272=ORIENTED_EDGE('',*,*,#4384,.T.);
#6273=ORIENTED_EDGE('',*,*,#4385,.F.);
#6274=ORIENTED_EDGE('',*,*,#4294,.T.);
#6275=ORIENTED_EDGE('',*,*,#4382,.T.);
#6276=ORIENTED_EDGE('',*,*,#4386,.T.);
#6277=ORIENTED_EDGE('',*,*,#4387,.F.);
#6278=ORIENTED_EDGE('',*,*,#4295,.T.);
#6279=ORIENTED_EDGE('',*,*,#4385,.T.);
#6280=ORIENTED_EDGE('',*,*,#4388,.T.);
#6281=ORIENTED_EDGE('',*,*,#4389,.F.);
#6282=ORIENTED_EDGE('',*,*,#4296,.T.);
#6283=ORIENTED_EDGE('',*,*,#4387,.T.);
#6284=ORIENTED_EDGE('',*,*,#4390,.T.);
#6285=ORIENTED_EDGE('',*,*,#4391,.F.);
#6286=ORIENTED_EDGE('',*,*,#4297,.T.);
#6287=ORIENTED_EDGE('',*,*,#4389,.T.);
#6288=ORIENTED_EDGE('',*,*,#4392,.F.);
#6289=ORIENTED_EDGE('',*,*,#4393,.F.);
#6290=ORIENTED_EDGE('',*,*,#4298,.T.);
#6291=ORIENTED_EDGE('',*,*,#4391,.T.);
#6292=ORIENTED_EDGE('',*,*,#4394,.T.);
#6293=ORIENTED_EDGE('',*,*,#4395,.F.);
#6294=ORIENTED_EDGE('',*,*,#4299,.T.);
#6295=ORIENTED_EDGE('',*,*,#4393,.T.);
#6296=ORIENTED_EDGE('',*,*,#4396,.T.);
#6297=ORIENTED_EDGE('',*,*,#4397,.F.);
#6298=ORIENTED_EDGE('',*,*,#4300,.T.);
#6299=ORIENTED_EDGE('',*,*,#4395,.T.);
#6300=ORIENTED_EDGE('',*,*,#4398,.T.);
#6301=ORIENTED_EDGE('',*,*,#4399,.F.);
#6302=ORIENTED_EDGE('',*,*,#4301,.T.);
#6303=ORIENTED_EDGE('',*,*,#4397,.T.);
#6304=ORIENTED_EDGE('',*,*,#4400,.T.);
#6305=ORIENTED_EDGE('',*,*,#4401,.F.);
#6306=ORIENTED_EDGE('',*,*,#4302,.T.);
#6307=ORIENTED_EDGE('',*,*,#4399,.T.);
#6308=ORIENTED_EDGE('',*,*,#4402,.T.);
#6309=ORIENTED_EDGE('',*,*,#4403,.F.);
#6310=ORIENTED_EDGE('',*,*,#4303,.T.);
#6311=ORIENTED_EDGE('',*,*,#4401,.T.);
#6312=ORIENTED_EDGE('',*,*,#4404,.T.);
#6313=ORIENTED_EDGE('',*,*,#4405,.F.);
#6314=ORIENTED_EDGE('',*,*,#4304,.T.);
#6315=ORIENTED_EDGE('',*,*,#4403,.T.);
#6316=ORIENTED_EDGE('',*,*,#4406,.T.);
#6317=ORIENTED_EDGE('',*,*,#4407,.F.);
#6318=ORIENTED_EDGE('',*,*,#4305,.T.);
#6319=ORIENTED_EDGE('',*,*,#4405,.T.);
#6320=ORIENTED_EDGE('',*,*,#4408,.T.);
#6321=ORIENTED_EDGE('',*,*,#4409,.F.);
#6322=ORIENTED_EDGE('',*,*,#4306,.T.);
#6323=ORIENTED_EDGE('',*,*,#4407,.T.);
#6324=ORIENTED_EDGE('',*,*,#4410,.T.);
#6325=ORIENTED_EDGE('',*,*,#4411,.F.);
#6326=ORIENTED_EDGE('',*,*,#4307,.T.);
#6327=ORIENTED_EDGE('',*,*,#4409,.T.);
#6328=ORIENTED_EDGE('',*,*,#4412,.T.);
#6329=ORIENTED_EDGE('',*,*,#4413,.F.);
#6330=ORIENTED_EDGE('',*,*,#4308,.T.);
#6331=ORIENTED_EDGE('',*,*,#4411,.T.);
#6332=ORIENTED_EDGE('',*,*,#4414,.T.);
#6333=ORIENTED_EDGE('',*,*,#4415,.F.);
#6334=ORIENTED_EDGE('',*,*,#4309,.T.);
#6335=ORIENTED_EDGE('',*,*,#4413,.T.);
#6336=ORIENTED_EDGE('',*,*,#4416,.T.);
#6337=ORIENTED_EDGE('',*,*,#4417,.F.);
#6338=ORIENTED_EDGE('',*,*,#4310,.T.);
#6339=ORIENTED_EDGE('',*,*,#4415,.T.);
#6340=ORIENTED_EDGE('',*,*,#4418,.T.);
#6341=ORIENTED_EDGE('',*,*,#4419,.F.);
#6342=ORIENTED_EDGE('',*,*,#4311,.T.);
#6343=ORIENTED_EDGE('',*,*,#4417,.T.);
#6344=ORIENTED_EDGE('',*,*,#4420,.T.);
#6345=ORIENTED_EDGE('',*,*,#4421,.F.);
#6346=ORIENTED_EDGE('',*,*,#4312,.T.);
#6347=ORIENTED_EDGE('',*,*,#4419,.T.);
#6348=ORIENTED_EDGE('',*,*,#4422,.F.);
#6349=ORIENTED_EDGE('',*,*,#4423,.F.);
#6350=ORIENTED_EDGE('',*,*,#4313,.T.);
#6351=ORIENTED_EDGE('',*,*,#4421,.T.);
#6352=ORIENTED_EDGE('',*,*,#4424,.T.);
#6353=ORIENTED_EDGE('',*,*,#4425,.F.);
#6354=ORIENTED_EDGE('',*,*,#4314,.T.);
#6355=ORIENTED_EDGE('',*,*,#4423,.T.);
#6356=ORIENTED_EDGE('',*,*,#4426,.T.);
#6357=ORIENTED_EDGE('',*,*,#4427,.F.);
#6358=ORIENTED_EDGE('',*,*,#4315,.T.);
#6359=ORIENTED_EDGE('',*,*,#4425,.T.);
#6360=ORIENTED_EDGE('',*,*,#4428,.T.);
#6361=ORIENTED_EDGE('',*,*,#4429,.F.);
#6362=ORIENTED_EDGE('',*,*,#4316,.T.);
#6363=ORIENTED_EDGE('',*,*,#4427,.T.);
#6364=ORIENTED_EDGE('',*,*,#4430,.T.);
#6365=ORIENTED_EDGE('',*,*,#4431,.F.);
#6366=ORIENTED_EDGE('',*,*,#4317,.T.);
#6367=ORIENTED_EDGE('',*,*,#4429,.T.);
#6368=ORIENTED_EDGE('',*,*,#4432,.T.);
#6369=ORIENTED_EDGE('',*,*,#4433,.F.);
#6370=ORIENTED_EDGE('',*,*,#4318,.T.);
#6371=ORIENTED_EDGE('',*,*,#4431,.T.);
#6372=ORIENTED_EDGE('',*,*,#4434,.T.);
#6373=ORIENTED_EDGE('',*,*,#4383,.F.);
#6374=ORIENTED_EDGE('',*,*,#4319,.T.);
#6375=ORIENTED_EDGE('',*,*,#4433,.T.);
#6376=ORIENTED_EDGE('',*,*,#4435,.T.);
#6377=ORIENTED_EDGE('',*,*,#4436,.F.);
#6378=ORIENTED_EDGE('',*,*,#4320,.T.);
#6379=ORIENTED_EDGE('',*,*,#4437,.T.);
#6380=ORIENTED_EDGE('',*,*,#4438,.T.);
#6381=ORIENTED_EDGE('',*,*,#4439,.F.);
#6382=ORIENTED_EDGE('',*,*,#4321,.T.);
#6383=ORIENTED_EDGE('',*,*,#4436,.T.);
#6384=ORIENTED_EDGE('',*,*,#4440,.F.);
#6385=ORIENTED_EDGE('',*,*,#4437,.F.);
#6386=ORIENTED_EDGE('',*,*,#4322,.T.);
#6387=ORIENTED_EDGE('',*,*,#4439,.T.);
#6388=ORIENTED_EDGE('',*,*,#4324,.T.);
#6389=ORIENTED_EDGE('',*,*,#4330,.F.);
#6390=ORIENTED_EDGE('',*,*,#4328,.T.);
#6391=ORIENTED_EDGE('',*,*,#4326,.T.);
#6392=ORIENTED_EDGE('',*,*,#4332,.F.);
#6393=ORIENTED_EDGE('',*,*,#4441,.T.);
#6394=ORIENTED_EDGE('',*,*,#4442,.T.);
#6395=ORIENTED_EDGE('',*,*,#4443,.T.);
#6396=ORIENTED_EDGE('',*,*,#4444,.T.);
#6397=ORIENTED_EDGE('',*,*,#4333,.T.);
#6398=ORIENTED_EDGE('',*,*,#4380,.T.);
#6399=ORIENTED_EDGE('',*,*,#4378,.T.);
#6400=ORIENTED_EDGE('',*,*,#4376,.F.);
#6401=ORIENTED_EDGE('',*,*,#4374,.T.);
#6402=ORIENTED_EDGE('',*,*,#4372,.T.);
#6403=ORIENTED_EDGE('',*,*,#4370,.T.);
#6404=ORIENTED_EDGE('',*,*,#4368,.F.);
#6405=ORIENTED_EDGE('',*,*,#4366,.F.);
#6406=ORIENTED_EDGE('',*,*,#4364,.F.);
#6407=ORIENTED_EDGE('',*,*,#4362,.F.);
#6408=ORIENTED_EDGE('',*,*,#4360,.F.);
#6409=ORIENTED_EDGE('',*,*,#4358,.F.);
#6410=ORIENTED_EDGE('',*,*,#4356,.F.);
#6411=ORIENTED_EDGE('',*,*,#4354,.F.);
#6412=ORIENTED_EDGE('',*,*,#4352,.F.);
#6413=ORIENTED_EDGE('',*,*,#4350,.F.);
#6414=ORIENTED_EDGE('',*,*,#4348,.T.);
#6415=ORIENTED_EDGE('',*,*,#4346,.F.);
#6416=ORIENTED_EDGE('',*,*,#4344,.F.);
#6417=ORIENTED_EDGE('',*,*,#4342,.F.);
#6418=ORIENTED_EDGE('',*,*,#4340,.F.);
#6419=ORIENTED_EDGE('',*,*,#4338,.F.);
#6420=ORIENTED_EDGE('',*,*,#4336,.F.);
#6421=ORIENTED_EDGE('',*,*,#4381,.F.);
#6422=ORIENTED_EDGE('',*,*,#4434,.F.);
#6423=ORIENTED_EDGE('',*,*,#4432,.F.);
#6424=ORIENTED_EDGE('',*,*,#4430,.F.);
#6425=ORIENTED_EDGE('',*,*,#4428,.F.);
#6426=ORIENTED_EDGE('',*,*,#4426,.F.);
#6427=ORIENTED_EDGE('',*,*,#4424,.F.);
#6428=ORIENTED_EDGE('',*,*,#4422,.T.);
#6429=ORIENTED_EDGE('',*,*,#4420,.F.);
#6430=ORIENTED_EDGE('',*,*,#4418,.F.);
#6431=ORIENTED_EDGE('',*,*,#4416,.F.);
#6432=ORIENTED_EDGE('',*,*,#4414,.F.);
#6433=ORIENTED_EDGE('',*,*,#4412,.F.);
#6434=ORIENTED_EDGE('',*,*,#4410,.F.);
#6435=ORIENTED_EDGE('',*,*,#4408,.F.);
#6436=ORIENTED_EDGE('',*,*,#4406,.F.);
#6437=ORIENTED_EDGE('',*,*,#4404,.F.);
#6438=ORIENTED_EDGE('',*,*,#4402,.F.);
#6439=ORIENTED_EDGE('',*,*,#4400,.F.);
#6440=ORIENTED_EDGE('',*,*,#4398,.F.);
#6441=ORIENTED_EDGE('',*,*,#4396,.F.);
#6442=ORIENTED_EDGE('',*,*,#4394,.F.);
#6443=ORIENTED_EDGE('',*,*,#4392,.T.);
#6444=ORIENTED_EDGE('',*,*,#4390,.F.);
#6445=ORIENTED_EDGE('',*,*,#4388,.F.);
#6446=ORIENTED_EDGE('',*,*,#4386,.F.);
#6447=ORIENTED_EDGE('',*,*,#4384,.F.);
#6448=ORIENTED_EDGE('',*,*,#4435,.F.);
#6449=ORIENTED_EDGE('',*,*,#4440,.T.);
#6450=ORIENTED_EDGE('',*,*,#4438,.F.);
#6451=ORIENTED_EDGE('',*,*,#4445,.T.);
#6452=ORIENTED_EDGE('',*,*,#4446,.F.);
#6453=ORIENTED_EDGE('',*,*,#4441,.F.);
#6454=ORIENTED_EDGE('',*,*,#4447,.T.);
#6455=ORIENTED_EDGE('',*,*,#4448,.T.);
#6456=ORIENTED_EDGE('',*,*,#4449,.F.);
#6457=ORIENTED_EDGE('',*,*,#4442,.F.);
#6458=ORIENTED_EDGE('',*,*,#4446,.T.);
#6459=ORIENTED_EDGE('',*,*,#4450,.T.);
#6460=ORIENTED_EDGE('',*,*,#4451,.F.);
#6461=ORIENTED_EDGE('',*,*,#4443,.F.);
#6462=ORIENTED_EDGE('',*,*,#4449,.T.);
#6463=ORIENTED_EDGE('',*,*,#4444,.F.);
#6464=ORIENTED_EDGE('',*,*,#4451,.T.);
#6465=ORIENTED_EDGE('',*,*,#4452,.T.);
#6466=ORIENTED_EDGE('',*,*,#4447,.F.);
#6467=ORIENTED_EDGE('',*,*,#4453,.F.);
#6468=ORIENTED_EDGE('',*,*,#4454,.F.);
#6469=ORIENTED_EDGE('',*,*,#4455,.F.);
#6470=ORIENTED_EDGE('',*,*,#4445,.F.);
#6471=ORIENTED_EDGE('',*,*,#4448,.F.);
#6472=ORIENTED_EDGE('',*,*,#4455,.T.);
#6473=ORIENTED_EDGE('',*,*,#4456,.F.);
#6474=ORIENTED_EDGE('',*,*,#4457,.T.);
#6475=ORIENTED_EDGE('',*,*,#4457,.F.);
#6476=ORIENTED_EDGE('',*,*,#4458,.F.);
#6477=ORIENTED_EDGE('',*,*,#4459,.F.);
#6478=ORIENTED_EDGE('',*,*,#4450,.F.);
#6479=ORIENTED_EDGE('',*,*,#4459,.T.);
#6480=ORIENTED_EDGE('',*,*,#4460,.F.);
#6481=ORIENTED_EDGE('',*,*,#4453,.T.);
#6482=ORIENTED_EDGE('',*,*,#4452,.F.);
#6483=ORIENTED_EDGE('',*,*,#4458,.T.);
#6484=ORIENTED_EDGE('',*,*,#4456,.T.);
#6485=ORIENTED_EDGE('',*,*,#4454,.T.);
#6486=ORIENTED_EDGE('',*,*,#4460,.T.);
#6487=PLANE('',#7577);
#6488=PLANE('',#7580);
#6489=PLANE('',#7582);
#6490=PLANE('',#7583);
#6491=PLANE('',#7586);
#6492=PLANE('',#7587);
#6493=PLANE('',#7590);
#6494=PLANE('',#7591);
#6495=PLANE('',#7592);
#6496=PLANE('',#7593);
#6497=PLANE('',#7594);
#6498=PLANE('',#7595);
#6499=PLANE('',#7596);
#6500=PLANE('',#7597);
#6501=PLANE('',#7598);
#6502=PLANE('',#7599);
#6503=PLANE('',#7600);
#6504=PLANE('',#7601);
#6505=PLANE('',#7602);
#6506=PLANE('',#7603);
#6507=PLANE('',#7604);
#6508=PLANE('',#7605);
#6509=PLANE('',#7606);
#6510=PLANE('',#7607);
#6511=PLANE('',#7608);
#6512=PLANE('',#7610);
#6513=PLANE('',#7611);
#6514=PLANE('',#7612);
#6515=PLANE('',#7613);
#6516=PLANE('',#7614);
#6517=PLANE('',#7615);
#6518=PLANE('',#7616);
#6519=PLANE('',#7617);
#6520=PLANE('',#7618);
#6521=PLANE('',#7619);
#6522=PLANE('',#7620);
#6523=PLANE('',#7621);
#6524=PLANE('',#7622);
#6525=PLANE('',#7623);
#6526=PLANE('',#7624);
#6527=PLANE('',#7625);
#6528=PLANE('',#7626);
#6529=PLANE('',#7627);
#6530=PLANE('',#7628);
#6531=PLANE('',#7629);
#6532=PLANE('',#7630);
#6533=PLANE('',#7631);
#6534=PLANE('',#7632);
#6535=PLANE('',#7633);
#6536=PLANE('',#7634);
#6537=PLANE('',#7635);
#6538=PLANE('',#7636);
#6539=PLANE('',#7637);
#6540=PLANE('',#7638);
#6541=PLANE('',#7639);
#6542=PLANE('',#7640);
#6543=PLANE('',#7641);
#6544=PLANE('',#7642);
#6545=PLANE('',#7643);
#6546=PLANE('',#7644);
#6547=PLANE('',#7645);
#6548=PLANE('',#7646);
#6549=PLANE('',#7647);
#6550=PLANE('',#7648);
#6551=PLANE('',#7649);
#6552=PLANE('',#7650);
#6553=PLANE('',#7651);
#6554=PLANE('',#7652);
#6555=PLANE('',#7653);
#6556=PLANE('',#7654);
#6557=PLANE('',#7655);
#6558=PLANE('',#7656);
#6559=PLANE('',#7657);
#6560=PLANE('',#7658);
#6561=PLANE('',#7659);
#6562=PLANE('',#7660);
#6563=PLANE('',#7661);
#6564=PLANE('',#7662);
#6565=PLANE('',#7663);
#6566=PLANE('',#7664);
#6567=PLANE('',#7665);
#6568=PLANE('',#7666);
#6569=PLANE('',#7667);
#6570=PLANE('',#7668);
#6571=PLANE('',#7669);
#6572=PLANE('',#7670);
#6573=PLANE('',#7671);
#6574=PLANE('',#7672);
#6575=PLANE('',#7673);
#6576=PLANE('',#7674);
#6577=PLANE('',#7675);
#6578=PLANE('',#7676);
#6579=PLANE('',#7677);
#6580=PLANE('',#7678);
#6581=PLANE('',#7679);
#6582=PLANE('',#7680);
#6583=PLANE('',#7681);
#6584=PLANE('',#7682);
#6585=PLANE('',#7683);
#6586=PLANE('',#7684);
#6587=PLANE('',#7685);
#6588=PLANE('',#7686);
#6589=PLANE('',#7687);
#6590=PLANE('',#7688);
#6591=PLANE('',#7689);
#6592=PLANE('',#7690);
#6593=PLANE('',#7691);
#6594=PLANE('',#7692);
#6595=PLANE('',#7693);
#6596=PLANE('',#7694);
#6597=PLANE('',#7695);
#6598=PLANE('',#7696);
#6599=PLANE('',#7697);
#6600=PLANE('',#7698);
#6601=PLANE('',#7699);
#6602=PLANE('',#7700);
#6603=PLANE('',#7701);
#6604=PLANE('',#7702);
#6605=PLANE('',#7703);
#6606=PLANE('',#7704);
#6607=PLANE('',#7705);
#6608=PLANE('',#7706);
#6609=PLANE('',#7707);
#6610=PLANE('',#7708);
#6611=PLANE('',#7709);
#6612=PLANE('',#7710);
#6613=PLANE('',#7711);
#6614=PLANE('',#7712);
#6615=PLANE('',#7713);
#6616=PLANE('',#7714);
#6617=PLANE('',#7715);
#6618=PLANE('',#7716);
#6619=PLANE('',#7717);
#6620=PLANE('',#7718);
#6621=PLANE('',#7719);
#6622=PLANE('',#7720);
#6623=PLANE('',#7721);
#6624=PLANE('',#7722);
#6625=PLANE('',#7723);
#6626=PLANE('',#7724);
#6627=PLANE('',#7725);
#6628=PLANE('',#7726);
#6629=PLANE('',#7727);
#6630=PLANE('',#7728);
#6631=PLANE('',#7729);
#6632=PLANE('',#7730);
#6633=PLANE('',#7731);
#6634=PLANE('',#7732);
#6635=PLANE('',#7733);
#6636=PLANE('',#7734);
#6637=PLANE('',#7735);
#6638=PLANE('',#7736);
#6639=PLANE('',#7737);
#6640=PLANE('',#7738);
#6641=PLANE('',#7739);
#6642=PLANE('',#7740);
#6643=PLANE('',#7741);
#6644=PLANE('',#7742);
#6645=PLANE('',#7743);
#6646=PLANE('',#7744);
#6647=PLANE('',#7745);
#6648=PLANE('',#7746);
#6649=PLANE('',#7747);
#6650=PLANE('',#7748);
#6651=PLANE('',#7749);
#6652=PLANE('',#7750);
#6653=PLANE('',#7751);
#6654=PLANE('',#7752);
#6655=PLANE('',#7753);
#6656=PLANE('',#7754);
#6657=PLANE('',#7755);
#6658=PLANE('',#7756);
#6659=PLANE('',#7757);
#6660=PLANE('',#7758);
#6661=PLANE('',#7759);
#6662=PLANE('',#7760);
#6663=PLANE('',#7761);
#6664=PLANE('',#7762);
#6665=PLANE('',#7763);
#6666=PLANE('',#7764);
#6667=PLANE('',#7765);
#6668=PLANE('',#7766);
#6669=PLANE('',#7767);
#6670=PLANE('',#7768);
#6671=PLANE('',#7769);
#6672=PLANE('',#7770);
#6673=PLANE('',#7771);
#6674=PLANE('',#7772);
#6675=PLANE('',#7773);
#6676=PLANE('',#7774);
#6677=PLANE('',#7775);
#6678=PLANE('',#7776);
#6679=PLANE('',#7777);
#6680=PLANE('',#7778);
#6681=PLANE('',#7779);
#6682=PLANE('',#7780);
#6683=PLANE('',#7781);
#6684=PLANE('',#7782);
#6685=PLANE('',#7783);
#6686=PLANE('',#7784);
#6687=PLANE('',#7785);
#6688=PLANE('',#7786);
#6689=PLANE('',#7787);
#6690=PLANE('',#7788);
#6691=PLANE('',#7789);
#6692=PLANE('',#7790);
#6693=PLANE('',#7791);
#6694=PLANE('',#7792);
#6695=PLANE('',#7793);
#6696=PLANE('',#7794);
#6697=PLANE('',#7795);
#6698=PLANE('',#7796);
#6699=PLANE('',#7797);
#6700=PLANE('',#7798);
#6701=PLANE('',#7799);
#6702=PLANE('',#7800);
#6703=PLANE('',#7801);
#6704=PLANE('',#7802);
#6705=PLANE('',#7803);
#6706=PLANE('',#7804);
#6707=PLANE('',#7805);
#6708=PLANE('',#7806);
#6709=PLANE('',#7807);
#6710=PLANE('',#7808);
#6711=PLANE('',#7809);
#6712=PLANE('',#7810);
#6713=PLANE('',#7811);
#6714=PLANE('',#7812);
#6715=PLANE('',#7813);
#6716=PLANE('',#7814);
#6717=PLANE('',#7815);
#6718=PLANE('',#7816);
#6719=PLANE('',#7817);
#6720=PLANE('',#7818);
#6721=PLANE('',#7819);
#6722=PLANE('',#7820);
#6723=PLANE('',#7821);
#6724=PLANE('',#7822);
#6725=PLANE('',#7823);
#6726=PLANE('',#7824);
#6727=PLANE('',#7825);
#6728=PLANE('',#7826);
#6729=PLANE('',#7827);
#6730=PLANE('',#7828);
#6731=PLANE('',#7829);
#6732=PLANE('',#7830);
#6733=PLANE('',#7831);
#6734=PLANE('',#7832);
#6735=PLANE('',#7833);
#6736=PLANE('',#7834);
#6737=PLANE('',#7835);
#6738=PLANE('',#7836);
#6739=PLANE('',#7837);
#6740=PLANE('',#7838);
#6741=PLANE('',#7839);
#6742=PLANE('',#7840);
#6743=PLANE('',#7841);
#6744=PLANE('',#7842);
#6745=PLANE('',#7843);
#6746=PLANE('',#7844);
#6747=PLANE('',#7845);
#6748=PLANE('',#7846);
#6749=PLANE('',#7847);
#6750=PLANE('',#7848);
#6751=PLANE('',#7849);
#6752=PLANE('',#7850);
#6753=PLANE('',#7851);
#6754=PLANE('',#7854);
#6755=PLANE('',#7855);
#6756=PLANE('',#7856);
#6757=PLANE('',#7857);
#6758=PLANE('',#7858);
#6759=PLANE('',#7860);
#6760=PLANE('',#7861);
#6761=PLANE('',#7862);
#6762=PLANE('',#7863);
#6763=PLANE('',#7864);
#6764=PLANE('',#7865);
#6765=PLANE('',#7866);
#6766=PLANE('',#7867);
#6767=PLANE('',#7868);
#6768=PLANE('',#7869);
#6769=PLANE('',#7870);
#6770=PLANE('',#7871);
#6771=PLANE('',#7874);
#6772=PLANE('',#7875);
#6773=PLANE('',#7876);
#6774=PLANE('',#7877);
#6775=PLANE('',#7878);
#6776=PLANE('',#7879);
#6777=PLANE('',#7880);
#6778=PLANE('',#7881);
#6779=PLANE('',#7882);
#6780=PLANE('',#7883);
#6781=PLANE('',#7884);
#6782=PLANE('',#7885);
#6783=PLANE('',#7886);
#6784=PLANE('',#7887);
#6785=PLANE('',#7888);
#6786=PLANE('',#7889);
#6787=PLANE('',#7890);
#6788=PLANE('',#7891);
#6789=PLANE('',#7892);
#6790=PLANE('',#7893);
#6791=PLANE('',#7894);
#6792=PLANE('',#7895);
#6793=PLANE('',#7896);
#6794=PLANE('',#7897);
#6795=PLANE('',#7898);
#6796=PLANE('',#7899);
#6797=PLANE('',#7900);
#6798=PLANE('',#7901);
#6799=PLANE('',#7902);
#6800=PLANE('',#7903);
#6801=PLANE('',#7904);
#6802=PLANE('',#7905);
#6803=PLANE('',#7906);
#6804=PLANE('',#7907);
#6805=PLANE('',#7908);
#6806=PLANE('',#7909);
#6807=PLANE('',#7910);
#6808=PLANE('',#7911);
#6809=PLANE('',#7912);
#6810=PLANE('',#7913);
#6811=PLANE('',#7914);
#6812=PLANE('',#7915);
#6813=PLANE('',#7916);
#6814=PLANE('',#7917);
#6815=PLANE('',#7918);
#6816=PLANE('',#7919);
#6817=PLANE('',#7920);
#6818=PLANE('',#7921);
#6819=PLANE('',#7922);
#6820=PLANE('',#7923);
#6821=PLANE('',#7924);
#6822=PLANE('',#7925);
#6823=PLANE('',#7926);
#6824=PLANE('',#7927);
#6825=PLANE('',#7928);
#6826=PLANE('',#7929);
#6827=PLANE('',#7930);
#6828=PLANE('',#7931);
#6829=PLANE('',#7932);
#6830=PLANE('',#7933);
#6831=PLANE('',#7934);
#6832=PLANE('',#7935);
#6833=PLANE('',#7936);
#6834=PLANE('',#7937);
#6835=PLANE('',#7938);
#6836=PLANE('',#7939);
#6837=PLANE('',#7940);
#6838=PLANE('',#7941);
#6839=STYLED_ITEM('',(#11753),#7197);
#6840=STYLED_ITEM('',(#11753),#7198);
#6841=STYLED_ITEM('',(#11753),#7199);
#6842=STYLED_ITEM('',(#11753),#7200);
#6843=STYLED_ITEM('',(#11753),#7201);
#6844=STYLED_ITEM('',(#11753),#7202);
#6845=STYLED_ITEM('',(#11753),#7203);
#6846=STYLED_ITEM('',(#11753),#7204);
#6847=STYLED_ITEM('',(#11753),#7205);
#6848=STYLED_ITEM('',(#11753),#7206);
#6849=STYLED_ITEM('',(#11753),#7207);
#6850=STYLED_ITEM('',(#11753),#7208);
#6851=STYLED_ITEM('',(#11753),#7209);
#6852=STYLED_ITEM('',(#11753),#7210);
#6853=STYLED_ITEM('',(#11753),#7211);
#6854=STYLED_ITEM('',(#11753),#7212);
#6855=STYLED_ITEM('',(#11753),#7213);
#6856=STYLED_ITEM('',(#11753),#7214);
#6857=STYLED_ITEM('',(#11753),#7215);
#6858=STYLED_ITEM('',(#11753),#7216);
#6859=STYLED_ITEM('',(#11753),#7217);
#6860=STYLED_ITEM('',(#11753),#7218);
#6861=STYLED_ITEM('',(#11753),#7219);
#6862=STYLED_ITEM('',(#11753),#7220);
#6863=STYLED_ITEM('',(#11753),#7221);
#6864=STYLED_ITEM('',(#11753),#7222);
#6865=STYLED_ITEM('',(#11753),#7223);
#6866=STYLED_ITEM('',(#11753),#7224);
#6867=STYLED_ITEM('',(#11753),#7225);
#6868=STYLED_ITEM('',(#11753),#7226);
#6869=STYLED_ITEM('',(#11753),#7227);
#6870=STYLED_ITEM('',(#11753),#7228);
#6871=STYLED_ITEM('',(#11753),#7229);
#6872=STYLED_ITEM('',(#11753),#7230);
#6873=STYLED_ITEM('',(#11753),#7231);
#6874=STYLED_ITEM('',(#11753),#7232);
#6875=STYLED_ITEM('',(#11753),#7233);
#6876=STYLED_ITEM('',(#11753),#7234);
#6877=STYLED_ITEM('',(#11753),#7235);
#6878=STYLED_ITEM('',(#11753),#7236);
#6879=STYLED_ITEM('',(#11753),#7237);
#6880=STYLED_ITEM('',(#11753),#7238);
#6881=STYLED_ITEM('',(#11753),#7239);
#6882=STYLED_ITEM('',(#11753),#7240);
#6883=STYLED_ITEM('',(#11753),#7241);
#6884=STYLED_ITEM('',(#11753),#7242);
#6885=STYLED_ITEM('',(#11753),#7243);
#6886=STYLED_ITEM('',(#11753),#7244);
#6887=STYLED_ITEM('',(#11753),#7245);
#6888=STYLED_ITEM('',(#11753),#7246);
#6889=STYLED_ITEM('',(#11753),#7247);
#6890=STYLED_ITEM('',(#11753),#7248);
#6891=STYLED_ITEM('',(#11753),#7249);
#6892=STYLED_ITEM('',(#11753),#7250);
#6893=STYLED_ITEM('',(#11753),#7251);
#6894=STYLED_ITEM('',(#11753),#7252);
#6895=STYLED_ITEM('',(#11753),#7253);
#6896=STYLED_ITEM('',(#11753),#7254);
#6897=STYLED_ITEM('',(#11753),#7255);
#6898=STYLED_ITEM('',(#11753),#7256);
#6899=STYLED_ITEM('',(#11753),#7257);
#6900=STYLED_ITEM('',(#11753),#7258);
#6901=STYLED_ITEM('',(#11753),#7259);
#6902=STYLED_ITEM('',(#11753),#7260);
#6903=STYLED_ITEM('',(#11753),#7261);
#6904=STYLED_ITEM('',(#11753),#7262);
#6905=STYLED_ITEM('',(#11753),#7263);
#6906=STYLED_ITEM('',(#11753),#7264);
#6907=STYLED_ITEM('',(#11753),#7265);
#6908=STYLED_ITEM('',(#11753),#7266);
#6909=STYLED_ITEM('',(#11753),#7267);
#6910=STYLED_ITEM('',(#11753),#7268);
#6911=STYLED_ITEM('',(#11753),#7269);
#6912=STYLED_ITEM('',(#11753),#7270);
#6913=STYLED_ITEM('',(#11753),#7271);
#6914=STYLED_ITEM('',(#11753),#7272);
#6915=STYLED_ITEM('',(#11753),#7273);
#6916=STYLED_ITEM('',(#11753),#7274);
#6917=STYLED_ITEM('',(#11753),#7275);
#6918=STYLED_ITEM('',(#11753),#7276);
#6919=STYLED_ITEM('',(#11753),#7277);
#6920=STYLED_ITEM('',(#11753),#7278);
#6921=STYLED_ITEM('',(#11753),#7279);
#6922=STYLED_ITEM('',(#11753),#7280);
#6923=STYLED_ITEM('',(#11753),#7281);
#6924=STYLED_ITEM('',(#11753),#7282);
#6925=STYLED_ITEM('',(#11753),#7283);
#6926=STYLED_ITEM('',(#11753),#7284);
#6927=STYLED_ITEM('',(#11753),#7285);
#6928=STYLED_ITEM('',(#11753),#7286);
#6929=STYLED_ITEM('',(#11753),#7287);
#6930=STYLED_ITEM('',(#11753),#7288);
#6931=STYLED_ITEM('',(#11753),#7289);
#6932=STYLED_ITEM('',(#11753),#7290);
#6933=STYLED_ITEM('',(#11753),#7291);
#6934=STYLED_ITEM('',(#11753),#7292);
#6935=STYLED_ITEM('',(#11753),#7293);
#6936=STYLED_ITEM('',(#11753),#7294);
#6937=STYLED_ITEM('',(#11753),#7295);
#6938=STYLED_ITEM('',(#11753),#7296);
#6939=STYLED_ITEM('',(#11753),#7297);
#6940=STYLED_ITEM('',(#11753),#7298);
#6941=STYLED_ITEM('',(#11753),#7299);
#6942=STYLED_ITEM('',(#11753),#7300);
#6943=STYLED_ITEM('',(#11753),#7301);
#6944=STYLED_ITEM('',(#11753),#7302);
#6945=STYLED_ITEM('',(#11753),#7303);
#6946=STYLED_ITEM('',(#11753),#7304);
#6947=STYLED_ITEM('',(#11753),#7305);
#6948=STYLED_ITEM('',(#11753),#7306);
#6949=STYLED_ITEM('',(#11753),#7307);
#6950=STYLED_ITEM('',(#11753),#7308);
#6951=STYLED_ITEM('',(#11753),#7309);
#6952=STYLED_ITEM('',(#11753),#7310);
#6953=STYLED_ITEM('',(#11753),#7311);
#6954=STYLED_ITEM('',(#11753),#7312);
#6955=STYLED_ITEM('',(#11753),#7313);
#6956=STYLED_ITEM('',(#11753),#7314);
#6957=STYLED_ITEM('',(#11753),#7315);
#6958=STYLED_ITEM('',(#11753),#7316);
#6959=STYLED_ITEM('',(#11753),#7317);
#6960=STYLED_ITEM('',(#11753),#7318);
#6961=STYLED_ITEM('',(#11753),#7319);
#6962=STYLED_ITEM('',(#11753),#7320);
#6963=STYLED_ITEM('',(#11753),#7321);
#6964=STYLED_ITEM('',(#11753),#7322);
#6965=STYLED_ITEM('',(#11753),#7323);
#6966=STYLED_ITEM('',(#11753),#7324);
#6967=STYLED_ITEM('',(#11753),#7325);
#6968=STYLED_ITEM('',(#11753),#7326);
#6969=STYLED_ITEM('',(#11753),#7327);
#6970=STYLED_ITEM('',(#11753),#7328);
#6971=STYLED_ITEM('',(#11753),#7329);
#6972=STYLED_ITEM('',(#11753),#7330);
#6973=STYLED_ITEM('',(#11753),#7331);
#6974=STYLED_ITEM('',(#11753),#7332);
#6975=STYLED_ITEM('',(#11753),#7333);
#6976=STYLED_ITEM('',(#11753),#7334);
#6977=STYLED_ITEM('',(#11753),#7335);
#6978=STYLED_ITEM('',(#11753),#7336);
#6979=STYLED_ITEM('',(#11753),#7337);
#6980=STYLED_ITEM('',(#11753),#7338);
#6981=STYLED_ITEM('',(#11753),#7339);
#6982=STYLED_ITEM('',(#11753),#7340);
#6983=STYLED_ITEM('',(#11753),#7341);
#6984=STYLED_ITEM('',(#11753),#7342);
#6985=STYLED_ITEM('',(#11753),#7343);
#6986=STYLED_ITEM('',(#11753),#7344);
#6987=STYLED_ITEM('',(#11753),#7345);
#6988=STYLED_ITEM('',(#11753),#7346);
#6989=STYLED_ITEM('',(#11753),#7347);
#6990=STYLED_ITEM('',(#11753),#7348);
#6991=STYLED_ITEM('',(#11753),#7349);
#6992=STYLED_ITEM('',(#11753),#7350);
#6993=STYLED_ITEM('',(#11753),#7351);
#6994=STYLED_ITEM('',(#11753),#7352);
#6995=STYLED_ITEM('',(#11753),#7353);
#6996=STYLED_ITEM('',(#11753),#7354);
#6997=STYLED_ITEM('',(#11753),#7355);
#6998=STYLED_ITEM('',(#11753),#7356);
#6999=STYLED_ITEM('',(#11753),#7357);
#7000=STYLED_ITEM('',(#11753),#7358);
#7001=STYLED_ITEM('',(#11753),#7359);
#7002=STYLED_ITEM('',(#11753),#7360);
#7003=STYLED_ITEM('',(#11753),#7361);
#7004=STYLED_ITEM('',(#11753),#7362);
#7005=STYLED_ITEM('',(#11753),#7363);
#7006=STYLED_ITEM('',(#11753),#7364);
#7007=STYLED_ITEM('',(#11753),#7365);
#7008=STYLED_ITEM('',(#11753),#7366);
#7009=STYLED_ITEM('',(#11753),#7367);
#7010=STYLED_ITEM('',(#11753),#7368);
#7011=STYLED_ITEM('',(#11753),#7369);
#7012=STYLED_ITEM('',(#11753),#7370);
#7013=STYLED_ITEM('',(#11753),#7371);
#7014=STYLED_ITEM('',(#11753),#7372);
#7015=STYLED_ITEM('',(#11753),#7373);
#7016=STYLED_ITEM('',(#11753),#7374);
#7017=STYLED_ITEM('',(#11753),#7375);
#7018=STYLED_ITEM('',(#11753),#7376);
#7019=STYLED_ITEM('',(#11753),#7377);
#7020=STYLED_ITEM('',(#11753),#7378);
#7021=STYLED_ITEM('',(#11753),#7379);
#7022=STYLED_ITEM('',(#11753),#7380);
#7023=STYLED_ITEM('',(#11753),#7381);
#7024=STYLED_ITEM('',(#11753),#7382);
#7025=STYLED_ITEM('',(#11753),#7383);
#7026=STYLED_ITEM('',(#11753),#7384);
#7027=STYLED_ITEM('',(#11753),#7385);
#7028=STYLED_ITEM('',(#11753),#7386);
#7029=STYLED_ITEM('',(#11753),#7387);
#7030=STYLED_ITEM('',(#11753),#7388);
#7031=STYLED_ITEM('',(#11753),#7389);
#7032=STYLED_ITEM('',(#11753),#7390);
#7033=STYLED_ITEM('',(#11753),#7391);
#7034=STYLED_ITEM('',(#11753),#7392);
#7035=STYLED_ITEM('',(#11753),#7393);
#7036=STYLED_ITEM('',(#11753),#7394);
#7037=STYLED_ITEM('',(#11753),#7395);
#7038=STYLED_ITEM('',(#11753),#7396);
#7039=STYLED_ITEM('',(#11753),#7397);
#7040=STYLED_ITEM('',(#11753),#7398);
#7041=STYLED_ITEM('',(#11753),#7399);
#7042=STYLED_ITEM('',(#11753),#7400);
#7043=STYLED_ITEM('',(#11753),#7401);
#7044=STYLED_ITEM('',(#11753),#7402);
#7045=STYLED_ITEM('',(#11753),#7403);
#7046=STYLED_ITEM('',(#11753),#7404);
#7047=STYLED_ITEM('',(#11753),#7405);
#7048=STYLED_ITEM('',(#11753),#7406);
#7049=STYLED_ITEM('',(#11753),#7407);
#7050=STYLED_ITEM('',(#11753),#7408);
#7051=STYLED_ITEM('',(#11753),#7409);
#7052=STYLED_ITEM('',(#11753),#7410);
#7053=STYLED_ITEM('',(#11753),#7411);
#7054=STYLED_ITEM('',(#11753),#7412);
#7055=STYLED_ITEM('',(#11753),#7413);
#7056=STYLED_ITEM('',(#11753),#7414);
#7057=STYLED_ITEM('',(#11753),#7415);
#7058=STYLED_ITEM('',(#11753),#7416);
#7059=STYLED_ITEM('',(#11753),#7417);
#7060=STYLED_ITEM('',(#11753),#7418);
#7061=STYLED_ITEM('',(#11753),#7419);
#7062=STYLED_ITEM('',(#11753),#7420);
#7063=STYLED_ITEM('',(#11753),#7421);
#7064=STYLED_ITEM('',(#11753),#7422);
#7065=STYLED_ITEM('',(#11753),#7423);
#7066=STYLED_ITEM('',(#11753),#7424);
#7067=STYLED_ITEM('',(#11753),#7425);
#7068=STYLED_ITEM('',(#11753),#7426);
#7069=STYLED_ITEM('',(#11753),#7427);
#7070=STYLED_ITEM('',(#11753),#7428);
#7071=STYLED_ITEM('',(#11753),#7429);
#7072=STYLED_ITEM('',(#11753),#7430);
#7073=STYLED_ITEM('',(#11753),#7431);
#7074=STYLED_ITEM('',(#11753),#7432);
#7075=STYLED_ITEM('',(#11753),#7433);
#7076=STYLED_ITEM('',(#11753),#7434);
#7077=STYLED_ITEM('',(#11753),#7435);
#7078=STYLED_ITEM('',(#11753),#7436);
#7079=STYLED_ITEM('',(#11753),#7437);
#7080=STYLED_ITEM('',(#11753),#7438);
#7081=STYLED_ITEM('',(#11753),#7439);
#7082=STYLED_ITEM('',(#11753),#7440);
#7083=STYLED_ITEM('',(#11753),#7441);
#7084=STYLED_ITEM('',(#11753),#7442);
#7085=STYLED_ITEM('',(#11753),#7443);
#7086=STYLED_ITEM('',(#11753),#7444);
#7087=STYLED_ITEM('',(#11753),#7445);
#7088=STYLED_ITEM('',(#11753),#7446);
#7089=STYLED_ITEM('',(#11753),#7447);
#7090=STYLED_ITEM('',(#11753),#7448);
#7091=STYLED_ITEM('',(#11753),#7449);
#7092=STYLED_ITEM('',(#11753),#7450);
#7093=STYLED_ITEM('',(#11753),#7451);
#7094=STYLED_ITEM('',(#11753),#7452);
#7095=STYLED_ITEM('',(#11753),#7453);
#7096=STYLED_ITEM('',(#11753),#7454);
#7097=STYLED_ITEM('',(#11753),#7455);
#7098=STYLED_ITEM('',(#11753),#7456);
#7099=STYLED_ITEM('',(#11753),#7457);
#7100=STYLED_ITEM('',(#11753),#7458);
#7101=STYLED_ITEM('',(#11753),#7459);
#7102=STYLED_ITEM('',(#11754),#7460);
#7103=STYLED_ITEM('',(#11754),#7461);
#7104=STYLED_ITEM('',(#11754),#7462);
#7105=STYLED_ITEM('',(#11754),#7463);
#7106=STYLED_ITEM('',(#11753),#7464);
#7107=STYLED_ITEM('',(#11753),#7465);
#7108=STYLED_ITEM('',(#11753),#7466);
#7109=STYLED_ITEM('',(#11753),#7467);
#7110=STYLED_ITEM('',(#11753),#7468);
#7111=STYLED_ITEM('',(#11753),#7469);
#7112=STYLED_ITEM('',(#11753),#7470);
#7113=STYLED_ITEM('',(#11753),#7471);
#7114=STYLED_ITEM('',(#11753),#7472);
#7115=STYLED_ITEM('',(#11753),#7473);
#7116=STYLED_ITEM('',(#11753),#7474);
#7117=STYLED_ITEM('',(#11753),#7475);
#7118=STYLED_ITEM('',(#11753),#7476);
#7119=STYLED_ITEM('',(#11753),#7477);
#7120=STYLED_ITEM('',(#11753),#7478);
#7121=STYLED_ITEM('',(#11753),#7479);
#7122=STYLED_ITEM('',(#11754),#7480);
#7123=STYLED_ITEM('',(#11754),#7481);
#7124=STYLED_ITEM('',(#11754),#7482);
#7125=STYLED_ITEM('',(#11754),#7483);
#7126=STYLED_ITEM('',(#11753),#7484);
#7127=STYLED_ITEM('',(#11753),#7485);
#7128=STYLED_ITEM('',(#11753),#7486);
#7129=STYLED_ITEM('',(#11753),#7487);
#7130=STYLED_ITEM('',(#11753),#7488);
#7131=STYLED_ITEM('',(#11753),#7489);
#7132=STYLED_ITEM('',(#11753),#7490);
#7133=STYLED_ITEM('',(#11753),#7491);
#7134=STYLED_ITEM('',(#11753),#7492);
#7135=STYLED_ITEM('',(#11753),#7493);
#7136=STYLED_ITEM('',(#11753),#7494);
#7137=STYLED_ITEM('',(#11753),#7495);
#7138=STYLED_ITEM('',(#11753),#7496);
#7139=STYLED_ITEM('',(#11753),#7497);
#7140=STYLED_ITEM('',(#11753),#7498);
#7141=STYLED_ITEM('',(#11753),#7499);
#7142=STYLED_ITEM('',(#11753),#7500);
#7143=STYLED_ITEM('',(#11753),#7501);
#7144=STYLED_ITEM('',(#11753),#7502);
#7145=STYLED_ITEM('',(#11753),#7503);
#7146=STYLED_ITEM('',(#11753),#7504);
#7147=STYLED_ITEM('',(#11753),#7505);
#7148=STYLED_ITEM('',(#11753),#7506);
#7149=STYLED_ITEM('',(#11753),#7507);
#7150=STYLED_ITEM('',(#11753),#7508);
#7151=STYLED_ITEM('',(#11753),#7509);
#7152=STYLED_ITEM('',(#11753),#7510);
#7153=STYLED_ITEM('',(#11753),#7511);
#7154=STYLED_ITEM('',(#11753),#7512);
#7155=STYLED_ITEM('',(#11753),#7513);
#7156=STYLED_ITEM('',(#11753),#7514);
#7157=STYLED_ITEM('',(#11753),#7515);
#7158=STYLED_ITEM('',(#11753),#7516);
#7159=STYLED_ITEM('',(#11753),#7517);
#7160=STYLED_ITEM('',(#11753),#7518);
#7161=STYLED_ITEM('',(#11753),#7519);
#7162=STYLED_ITEM('',(#11753),#7520);
#7163=STYLED_ITEM('',(#11753),#7521);
#7164=STYLED_ITEM('',(#11753),#7522);
#7165=STYLED_ITEM('',(#11753),#7523);
#7166=STYLED_ITEM('',(#11753),#7524);
#7167=STYLED_ITEM('',(#11753),#7525);
#7168=STYLED_ITEM('',(#11753),#7526);
#7169=STYLED_ITEM('',(#11753),#7527);
#7170=STYLED_ITEM('',(#11753),#7528);
#7171=STYLED_ITEM('',(#11753),#7529);
#7172=STYLED_ITEM('',(#11753),#7530);
#7173=STYLED_ITEM('',(#11753),#7531);
#7174=STYLED_ITEM('',(#11753),#7532);
#7175=STYLED_ITEM('',(#11753),#7533);
#7176=STYLED_ITEM('',(#11753),#7534);
#7177=STYLED_ITEM('',(#11753),#7535);
#7178=STYLED_ITEM('',(#11753),#7536);
#7179=STYLED_ITEM('',(#11753),#7537);
#7180=STYLED_ITEM('',(#11753),#7538);
#7181=STYLED_ITEM('',(#11753),#7539);
#7182=STYLED_ITEM('',(#11754),#7540);
#7183=STYLED_ITEM('',(#11753),#7541);
#7184=STYLED_ITEM('',(#11753),#7542);
#7185=STYLED_ITEM('',(#11753),#7543);
#7186=STYLED_ITEM('',(#11753),#7544);
#7187=STYLED_ITEM('',(#11754),#7545);
#7188=STYLED_ITEM('',(#11754),#7546);
#7189=STYLED_ITEM('',(#11754),#7547);
#7190=STYLED_ITEM('',(#11754),#7548);
#7191=STYLED_ITEM('',(#11754),#7549);
#7192=STYLED_ITEM('',(#11754),#7550);
#7193=STYLED_ITEM('',(#11754),#7551);
#7194=STYLED_ITEM('',(#11754),#7552);
#7195=STYLED_ITEM('',(#11754),#7553);
#7196=STYLED_ITEM('',(#11752),#13);
#7197=ADVANCED_FACE('',(#36),#6487,.T.);
#7198=ADVANCED_FACE('',(#37,#22),#6488,.T.);
#7199=ADVANCED_FACE('',(#38,#23,#24,#25,#26,#27,#28,#29),#6489,.T.);
#7200=ADVANCED_FACE('',(#39,#30),#6490,.T.);
#7201=ADVANCED_FACE('',(#40),#18,.T.);
#7202=ADVANCED_FACE('',(#41),#6491,.T.);
#7203=ADVANCED_FACE('',(#42),#6492,.T.);
#7204=ADVANCED_FACE('',(#43),#19,.T.);
#7205=ADVANCED_FACE('',(#44),#6493,.T.);
#7206=ADVANCED_FACE('',(#45),#6494,.T.);
#7207=ADVANCED_FACE('',(#46),#6495,.T.);
#7208=ADVANCED_FACE('',(#47),#6496,.T.);
#7209=ADVANCED_FACE('',(#48),#6497,.F.);
#7210=ADVANCED_FACE('',(#49),#6498,.F.);
#7211=ADVANCED_FACE('',(#50),#6499,.F.);
#7212=ADVANCED_FACE('',(#51),#6500,.T.);
#7213=ADVANCED_FACE('',(#52),#6501,.T.);
#7214=ADVANCED_FACE('',(#53),#6502,.T.);
#7215=ADVANCED_FACE('',(#54),#6503,.T.);
#7216=ADVANCED_FACE('',(#55),#6504,.T.);
#7217=ADVANCED_FACE('',(#56),#6505,.T.);
#7218=ADVANCED_FACE('',(#57),#6506,.T.);
#7219=ADVANCED_FACE('',(#58),#6507,.T.);
#7220=ADVANCED_FACE('',(#59),#6508,.T.);
#7221=ADVANCED_FACE('',(#60),#6509,.T.);
#7222=ADVANCED_FACE('',(#61),#6510,.T.);
#7223=ADVANCED_FACE('',(#62),#6511,.F.);
#7224=ADVANCED_FACE('',(#63),#15,.T.);
#7225=ADVANCED_FACE('',(#64),#6512,.F.);
#7226=ADVANCED_FACE('',(#65),#6513,.F.);
#7227=ADVANCED_FACE('',(#66),#6514,.F.);
#7228=ADVANCED_FACE('',(#67),#6515,.F.);
#7229=ADVANCED_FACE('',(#68),#6516,.F.);
#7230=ADVANCED_FACE('',(#69),#6517,.F.);
#7231=ADVANCED_FACE('',(#70),#6518,.F.);
#7232=ADVANCED_FACE('',(#71),#6519,.F.);
#7233=ADVANCED_FACE('',(#72),#6520,.F.);
#7234=ADVANCED_FACE('',(#73),#6521,.F.);
#7235=ADVANCED_FACE('',(#74),#6522,.F.);
#7236=ADVANCED_FACE('',(#75),#6523,.F.);
#7237=ADVANCED_FACE('',(#76),#6524,.F.);
#7238=ADVANCED_FACE('',(#77),#6525,.F.);
#7239=ADVANCED_FACE('',(#78),#6526,.F.);
#7240=ADVANCED_FACE('',(#79),#6527,.F.);
#7241=ADVANCED_FACE('',(#80),#6528,.F.);
#7242=ADVANCED_FACE('',(#81),#6529,.F.);
#7243=ADVANCED_FACE('',(#82),#6530,.F.);
#7244=ADVANCED_FACE('',(#83),#6531,.F.);
#7245=ADVANCED_FACE('',(#84),#6532,.F.);
#7246=ADVANCED_FACE('',(#85),#6533,.F.);
#7247=ADVANCED_FACE('',(#86),#6534,.F.);
#7248=ADVANCED_FACE('',(#87),#6535,.F.);
#7249=ADVANCED_FACE('',(#88),#6536,.F.);
#7250=ADVANCED_FACE('',(#89),#6537,.F.);
#7251=ADVANCED_FACE('',(#90),#6538,.F.);
#7252=ADVANCED_FACE('',(#91),#6539,.F.);
#7253=ADVANCED_FACE('',(#92),#6540,.F.);
#7254=ADVANCED_FACE('',(#93),#6541,.F.);
#7255=ADVANCED_FACE('',(#94),#6542,.F.);
#7256=ADVANCED_FACE('',(#95),#6543,.F.);
#7257=ADVANCED_FACE('',(#96),#6544,.F.);
#7258=ADVANCED_FACE('',(#97),#6545,.F.);
#7259=ADVANCED_FACE('',(#98),#6546,.F.);
#7260=ADVANCED_FACE('',(#99),#6547,.F.);
#7261=ADVANCED_FACE('',(#100),#6548,.F.);
#7262=ADVANCED_FACE('',(#101),#6549,.F.);
#7263=ADVANCED_FACE('',(#102),#6550,.F.);
#7264=ADVANCED_FACE('',(#103),#6551,.F.);
#7265=ADVANCED_FACE('',(#104),#6552,.F.);
#7266=ADVANCED_FACE('',(#105),#6553,.F.);
#7267=ADVANCED_FACE('',(#106),#6554,.F.);
#7268=ADVANCED_FACE('',(#107),#6555,.F.);
#7269=ADVANCED_FACE('',(#108),#6556,.F.);
#7270=ADVANCED_FACE('',(#109),#6557,.F.);
#7271=ADVANCED_FACE('',(#110),#6558,.F.);
#7272=ADVANCED_FACE('',(#111),#6559,.F.);
#7273=ADVANCED_FACE('',(#112),#6560,.F.);
#7274=ADVANCED_FACE('',(#113),#6561,.F.);
#7275=ADVANCED_FACE('',(#114),#6562,.F.);
#7276=ADVANCED_FACE('',(#115),#6563,.F.);
#7277=ADVANCED_FACE('',(#116),#6564,.F.);
#7278=ADVANCED_FACE('',(#117),#6565,.F.);
#7279=ADVANCED_FACE('',(#118),#6566,.F.);
#7280=ADVANCED_FACE('',(#119),#6567,.F.);
#7281=ADVANCED_FACE('',(#120),#6568,.F.);
#7282=ADVANCED_FACE('',(#121),#6569,.F.);
#7283=ADVANCED_FACE('',(#122),#6570,.F.);
#7284=ADVANCED_FACE('',(#123),#6571,.F.);
#7285=ADVANCED_FACE('',(#124),#6572,.F.);
#7286=ADVANCED_FACE('',(#125),#6573,.F.);
#7287=ADVANCED_FACE('',(#126),#6574,.F.);
#7288=ADVANCED_FACE('',(#127),#6575,.F.);
#7289=ADVANCED_FACE('',(#128),#6576,.F.);
#7290=ADVANCED_FACE('',(#129),#6577,.F.);
#7291=ADVANCED_FACE('',(#130),#6578,.F.);
#7292=ADVANCED_FACE('',(#131),#6579,.F.);
#7293=ADVANCED_FACE('',(#132),#6580,.F.);
#7294=ADVANCED_FACE('',(#133),#6581,.F.);
#7295=ADVANCED_FACE('',(#134),#6582,.F.);
#7296=ADVANCED_FACE('',(#135),#6583,.F.);
#7297=ADVANCED_FACE('',(#136),#6584,.F.);
#7298=ADVANCED_FACE('',(#137),#6585,.F.);
#7299=ADVANCED_FACE('',(#138),#6586,.F.);
#7300=ADVANCED_FACE('',(#139),#6587,.F.);
#7301=ADVANCED_FACE('',(#140),#6588,.F.);
#7302=ADVANCED_FACE('',(#141),#6589,.F.);
#7303=ADVANCED_FACE('',(#142),#6590,.F.);
#7304=ADVANCED_FACE('',(#143),#6591,.F.);
#7305=ADVANCED_FACE('',(#144),#6592,.F.);
#7306=ADVANCED_FACE('',(#145),#6593,.F.);
#7307=ADVANCED_FACE('',(#146),#6594,.F.);
#7308=ADVANCED_FACE('',(#147),#6595,.F.);
#7309=ADVANCED_FACE('',(#148),#6596,.F.);
#7310=ADVANCED_FACE('',(#149),#6597,.F.);
#7311=ADVANCED_FACE('',(#150),#6598,.F.);
#7312=ADVANCED_FACE('',(#151),#6599,.F.);
#7313=ADVANCED_FACE('',(#152),#6600,.F.);
#7314=ADVANCED_FACE('',(#153),#6601,.F.);
#7315=ADVANCED_FACE('',(#154),#6602,.F.);
#7316=ADVANCED_FACE('',(#155),#6603,.F.);
#7317=ADVANCED_FACE('',(#156),#6604,.F.);
#7318=ADVANCED_FACE('',(#157),#6605,.F.);
#7319=ADVANCED_FACE('',(#158),#6606,.F.);
#7320=ADVANCED_FACE('',(#159),#6607,.F.);
#7321=ADVANCED_FACE('',(#160),#6608,.F.);
#7322=ADVANCED_FACE('',(#161),#6609,.F.);
#7323=ADVANCED_FACE('',(#162),#6610,.F.);
#7324=ADVANCED_FACE('',(#163),#6611,.F.);
#7325=ADVANCED_FACE('',(#164),#6612,.F.);
#7326=ADVANCED_FACE('',(#165),#6613,.F.);
#7327=ADVANCED_FACE('',(#166),#6614,.F.);
#7328=ADVANCED_FACE('',(#167),#6615,.F.);
#7329=ADVANCED_FACE('',(#168),#6616,.F.);
#7330=ADVANCED_FACE('',(#169),#6617,.F.);
#7331=ADVANCED_FACE('',(#170),#6618,.F.);
#7332=ADVANCED_FACE('',(#171),#6619,.F.);
#7333=ADVANCED_FACE('',(#172),#6620,.F.);
#7334=ADVANCED_FACE('',(#173),#6621,.F.);
#7335=ADVANCED_FACE('',(#174),#6622,.F.);
#7336=ADVANCED_FACE('',(#175),#6623,.F.);
#7337=ADVANCED_FACE('',(#176),#6624,.F.);
#7338=ADVANCED_FACE('',(#177),#6625,.F.);
#7339=ADVANCED_FACE('',(#178),#6626,.F.);
#7340=ADVANCED_FACE('',(#179),#6627,.F.);
#7341=ADVANCED_FACE('',(#180),#6628,.F.);
#7342=ADVANCED_FACE('',(#181),#6629,.F.);
#7343=ADVANCED_FACE('',(#182),#6630,.F.);
#7344=ADVANCED_FACE('',(#183),#6631,.F.);
#7345=ADVANCED_FACE('',(#184),#6632,.F.);
#7346=ADVANCED_FACE('',(#185),#6633,.F.);
#7347=ADVANCED_FACE('',(#186),#6634,.F.);
#7348=ADVANCED_FACE('',(#187),#6635,.F.);
#7349=ADVANCED_FACE('',(#188),#6636,.F.);
#7350=ADVANCED_FACE('',(#189),#6637,.F.);
#7351=ADVANCED_FACE('',(#190),#6638,.F.);
#7352=ADVANCED_FACE('',(#191),#6639,.F.);
#7353=ADVANCED_FACE('',(#192),#6640,.F.);
#7354=ADVANCED_FACE('',(#193),#6641,.F.);
#7355=ADVANCED_FACE('',(#194),#6642,.F.);
#7356=ADVANCED_FACE('',(#195),#6643,.F.);
#7357=ADVANCED_FACE('',(#196),#6644,.F.);
#7358=ADVANCED_FACE('',(#197),#6645,.F.);
#7359=ADVANCED_FACE('',(#198),#6646,.F.);
#7360=ADVANCED_FACE('',(#199),#6647,.F.);
#7361=ADVANCED_FACE('',(#200),#6648,.F.);
#7362=ADVANCED_FACE('',(#201),#6649,.F.);
#7363=ADVANCED_FACE('',(#202),#6650,.F.);
#7364=ADVANCED_FACE('',(#203),#6651,.F.);
#7365=ADVANCED_FACE('',(#204),#6652,.F.);
#7366=ADVANCED_FACE('',(#205),#6653,.F.);
#7367=ADVANCED_FACE('',(#206),#6654,.F.);
#7368=ADVANCED_FACE('',(#207),#6655,.F.);
#7369=ADVANCED_FACE('',(#208),#6656,.F.);
#7370=ADVANCED_FACE('',(#209),#6657,.F.);
#7371=ADVANCED_FACE('',(#210),#6658,.F.);
#7372=ADVANCED_FACE('',(#211),#6659,.F.);
#7373=ADVANCED_FACE('',(#212),#6660,.F.);
#7374=ADVANCED_FACE('',(#213),#6661,.F.);
#7375=ADVANCED_FACE('',(#214),#6662,.F.);
#7376=ADVANCED_FACE('',(#215),#6663,.F.);
#7377=ADVANCED_FACE('',(#216),#6664,.F.);
#7378=ADVANCED_FACE('',(#217),#6665,.F.);
#7379=ADVANCED_FACE('',(#218),#6666,.F.);
#7380=ADVANCED_FACE('',(#219),#6667,.F.);
#7381=ADVANCED_FACE('',(#220),#6668,.F.);
#7382=ADVANCED_FACE('',(#221),#6669,.F.);
#7383=ADVANCED_FACE('',(#222),#6670,.F.);
#7384=ADVANCED_FACE('',(#223),#6671,.F.);
#7385=ADVANCED_FACE('',(#224),#6672,.F.);
#7386=ADVANCED_FACE('',(#225),#6673,.F.);
#7387=ADVANCED_FACE('',(#226),#6674,.F.);
#7388=ADVANCED_FACE('',(#227),#6675,.F.);
#7389=ADVANCED_FACE('',(#228),#6676,.F.);
#7390=ADVANCED_FACE('',(#229),#6677,.F.);
#7391=ADVANCED_FACE('',(#230),#6678,.F.);
#7392=ADVANCED_FACE('',(#231),#6679,.F.);
#7393=ADVANCED_FACE('',(#232),#6680,.F.);
#7394=ADVANCED_FACE('',(#233),#6681,.F.);
#7395=ADVANCED_FACE('',(#234),#6682,.F.);
#7396=ADVANCED_FACE('',(#235),#6683,.F.);
#7397=ADVANCED_FACE('',(#236),#6684,.F.);
#7398=ADVANCED_FACE('',(#237),#6685,.F.);
#7399=ADVANCED_FACE('',(#238),#6686,.F.);
#7400=ADVANCED_FACE('',(#239),#6687,.F.);
#7401=ADVANCED_FACE('',(#240),#6688,.F.);
#7402=ADVANCED_FACE('',(#241),#6689,.F.);
#7403=ADVANCED_FACE('',(#242),#6690,.F.);
#7404=ADVANCED_FACE('',(#243),#6691,.F.);
#7405=ADVANCED_FACE('',(#244),#6692,.F.);
#7406=ADVANCED_FACE('',(#245),#6693,.F.);
#7407=ADVANCED_FACE('',(#246),#6694,.F.);
#7408=ADVANCED_FACE('',(#247),#6695,.F.);
#7409=ADVANCED_FACE('',(#248),#6696,.F.);
#7410=ADVANCED_FACE('',(#249),#6697,.F.);
#7411=ADVANCED_FACE('',(#250),#6698,.F.);
#7412=ADVANCED_FACE('',(#251),#6699,.F.);
#7413=ADVANCED_FACE('',(#252),#6700,.F.);
#7414=ADVANCED_FACE('',(#253),#6701,.F.);
#7415=ADVANCED_FACE('',(#254),#6702,.F.);
#7416=ADVANCED_FACE('',(#255),#6703,.F.);
#7417=ADVANCED_FACE('',(#256),#6704,.F.);
#7418=ADVANCED_FACE('',(#257),#6705,.F.);
#7419=ADVANCED_FACE('',(#258),#6706,.F.);
#7420=ADVANCED_FACE('',(#259),#6707,.F.);
#7421=ADVANCED_FACE('',(#260),#6708,.F.);
#7422=ADVANCED_FACE('',(#261),#6709,.F.);
#7423=ADVANCED_FACE('',(#262),#6710,.F.);
#7424=ADVANCED_FACE('',(#263),#6711,.F.);
#7425=ADVANCED_FACE('',(#264),#6712,.F.);
#7426=ADVANCED_FACE('',(#265),#6713,.F.);
#7427=ADVANCED_FACE('',(#266),#6714,.F.);
#7428=ADVANCED_FACE('',(#267),#6715,.F.);
#7429=ADVANCED_FACE('',(#268),#6716,.F.);
#7430=ADVANCED_FACE('',(#269),#6717,.F.);
#7431=ADVANCED_FACE('',(#270),#6718,.F.);
#7432=ADVANCED_FACE('',(#271),#6719,.F.);
#7433=ADVANCED_FACE('',(#272),#6720,.F.);
#7434=ADVANCED_FACE('',(#273),#6721,.F.);
#7435=ADVANCED_FACE('',(#274),#6722,.F.);
#7436=ADVANCED_FACE('',(#275),#6723,.F.);
#7437=ADVANCED_FACE('',(#276),#6724,.F.);
#7438=ADVANCED_FACE('',(#277),#6725,.F.);
#7439=ADVANCED_FACE('',(#278),#6726,.F.);
#7440=ADVANCED_FACE('',(#279),#6727,.F.);
#7441=ADVANCED_FACE('',(#280),#6728,.F.);
#7442=ADVANCED_FACE('',(#281),#6729,.F.);
#7443=ADVANCED_FACE('',(#282),#6730,.F.);
#7444=ADVANCED_FACE('',(#283),#6731,.F.);
#7445=ADVANCED_FACE('',(#284),#6732,.F.);
#7446=ADVANCED_FACE('',(#285),#6733,.F.);
#7447=ADVANCED_FACE('',(#286),#6734,.F.);
#7448=ADVANCED_FACE('',(#287),#6735,.F.);
#7449=ADVANCED_FACE('',(#288),#6736,.F.);
#7450=ADVANCED_FACE('',(#289),#6737,.F.);
#7451=ADVANCED_FACE('',(#290),#6738,.F.);
#7452=ADVANCED_FACE('',(#291),#6739,.F.);
#7453=ADVANCED_FACE('',(#292),#6740,.F.);
#7454=ADVANCED_FACE('',(#293),#6741,.F.);
#7455=ADVANCED_FACE('',(#294),#6742,.F.);
#7456=ADVANCED_FACE('',(#295),#6743,.F.);
#7457=ADVANCED_FACE('',(#296),#6744,.F.);
#7458=ADVANCED_FACE('',(#297),#6745,.F.);
#7459=ADVANCED_FACE('',(#298),#6746,.F.);
#7460=ADVANCED_FACE('',(#299),#6747,.T.);
#7461=ADVANCED_FACE('',(#300),#6748,.F.);
#7462=ADVANCED_FACE('',(#301),#6749,.F.);
#7463=ADVANCED_FACE('',(#302),#6750,.F.);
#7464=ADVANCED_FACE('',(#303),#6751,.T.);
#7465=ADVANCED_FACE('',(#304),#6752,.T.);
#7466=ADVANCED_FACE('',(#305,#31),#6753,.F.);
#7467=ADVANCED_FACE('',(#306),#6754,.T.);
#7468=ADVANCED_FACE('',(#307),#6755,.F.);
#7469=ADVANCED_FACE('',(#308),#6756,.F.);
#7470=ADVANCED_FACE('',(#309),#6757,.F.);
#7471=ADVANCED_FACE('',(#310),#6758,.T.);
#7472=ADVANCED_FACE('',(#311),#20,.T.);
#7473=ADVANCED_FACE('',(#312,#32),#6759,.T.);
#7474=ADVANCED_FACE('',(#313),#6760,.T.);
#7475=ADVANCED_FACE('',(#314),#6761,.T.);
#7476=ADVANCED_FACE('',(#315),#6762,.T.);
#7477=ADVANCED_FACE('',(#316,#33),#6763,.T.);
#7478=ADVANCED_FACE('',(#317),#6764,.T.);
#7479=ADVANCED_FACE('',(#318,#34),#6765,.T.);
#7480=ADVANCED_FACE('',(#319),#6766,.T.);
#7481=ADVANCED_FACE('',(#320),#6767,.T.);
#7482=ADVANCED_FACE('',(#321),#6768,.F.);
#7483=ADVANCED_FACE('',(#322),#6769,.F.);
#7484=ADVANCED_FACE('',(#323),#6770,.F.);
#7485=ADVANCED_FACE('',(#324),#21,.T.);
#7486=ADVANCED_FACE('',(#325),#6771,.F.);
#7487=ADVANCED_FACE('',(#326),#6772,.F.);
#7488=ADVANCED_FACE('',(#327),#6773,.F.);
#7489=ADVANCED_FACE('',(#328),#6774,.F.);
#7490=ADVANCED_FACE('',(#329),#6775,.F.);
#7491=ADVANCED_FACE('',(#330),#6776,.F.);
#7492=ADVANCED_FACE('',(#331),#6777,.F.);
#7493=ADVANCED_FACE('',(#332),#6778,.F.);
#7494=ADVANCED_FACE('',(#333),#6779,.F.);
#7495=ADVANCED_FACE('',(#334),#6780,.F.);
#7496=ADVANCED_FACE('',(#335),#6781,.F.);
#7497=ADVANCED_FACE('',(#336),#6782,.F.);
#7498=ADVANCED_FACE('',(#337),#6783,.F.);
#7499=ADVANCED_FACE('',(#338),#6784,.F.);
#7500=ADVANCED_FACE('',(#339),#6785,.F.);
#7501=ADVANCED_FACE('',(#340),#6786,.F.);
#7502=ADVANCED_FACE('',(#341),#6787,.F.);
#7503=ADVANCED_FACE('',(#342),#6788,.F.);
#7504=ADVANCED_FACE('',(#343),#6789,.F.);
#7505=ADVANCED_FACE('',(#344),#6790,.F.);
#7506=ADVANCED_FACE('',(#345),#6791,.F.);
#7507=ADVANCED_FACE('',(#346),#6792,.F.);
#7508=ADVANCED_FACE('',(#347),#6793,.F.);
#7509=ADVANCED_FACE('',(#348),#6794,.F.);
#7510=ADVANCED_FACE('',(#349),#6795,.F.);
#7511=ADVANCED_FACE('',(#350),#6796,.F.);
#7512=ADVANCED_FACE('',(#351),#6797,.F.);
#7513=ADVANCED_FACE('',(#352),#6798,.F.);
#7514=ADVANCED_FACE('',(#353),#6799,.F.);
#7515=ADVANCED_FACE('',(#354),#6800,.F.);
#7516=ADVANCED_FACE('',(#355),#6801,.F.);
#7517=ADVANCED_FACE('',(#356),#6802,.F.);
#7518=ADVANCED_FACE('',(#357),#6803,.F.);
#7519=ADVANCED_FACE('',(#358),#6804,.F.);
#7520=ADVANCED_FACE('',(#359),#6805,.F.);
#7521=ADVANCED_FACE('',(#360),#6806,.F.);
#7522=ADVANCED_FACE('',(#361),#6807,.F.);
#7523=ADVANCED_FACE('',(#362),#6808,.F.);
#7524=ADVANCED_FACE('',(#363),#6809,.F.);
#7525=ADVANCED_FACE('',(#364),#6810,.F.);
#7526=ADVANCED_FACE('',(#365),#6811,.F.);
#7527=ADVANCED_FACE('',(#366),#6812,.F.);
#7528=ADVANCED_FACE('',(#367),#6813,.F.);
#7529=ADVANCED_FACE('',(#368),#6814,.F.);
#7530=ADVANCED_FACE('',(#369),#6815,.F.);
#7531=ADVANCED_FACE('',(#370),#6816,.F.);
#7532=ADVANCED_FACE('',(#371),#6817,.F.);
#7533=ADVANCED_FACE('',(#372),#6818,.F.);
#7534=ADVANCED_FACE('',(#373),#6819,.F.);
#7535=ADVANCED_FACE('',(#374),#6820,.F.);
#7536=ADVANCED_FACE('',(#375),#6821,.F.);
#7537=ADVANCED_FACE('',(#376),#6822,.F.);
#7538=ADVANCED_FACE('',(#377),#6823,.F.);
#7539=ADVANCED_FACE('',(#378),#6824,.F.);
#7540=ADVANCED_FACE('',(#379),#6825,.F.);
#7541=ADVANCED_FACE('',(#380,#35),#6826,.F.);
#7542=ADVANCED_FACE('',(#381),#6827,.T.);
#7543=ADVANCED_FACE('',(#382),#6828,.T.);
#7544=ADVANCED_FACE('',(#383),#6829,.T.);
#7545=ADVANCED_FACE('',(#384),#6830,.F.);
#7546=ADVANCED_FACE('',(#385),#6831,.F.);
#7547=ADVANCED_FACE('',(#386),#6832,.T.);
#7548=ADVANCED_FACE('',(#387),#6833,.F.);
#7549=ADVANCED_FACE('',(#388),#6834,.F.);
#7550=ADVANCED_FACE('',(#389),#6835,.T.);
#7551=ADVANCED_FACE('',(#390),#6836,.T.);
#7552=ADVANCED_FACE('',(#391),#6837,.F.);
#7553=ADVANCED_FACE('',(#392),#6838,.T.);
#7554=CLOSED_SHELL('',(#7197,#7198,#7199,#7200,#7201,#7202,#7203,#7204,
#7205,#7206,#7207,#7208,#7209,#7210,#7211,#7212,#7213,#7214,#7215,#7216,
#7217,#7218,#7219,#7220,#7221,#7222,#7223,#7224,#7225,#7226,#7227,#7228,
#7229,#7230,#7231,#7232,#7233,#7234,#7235,#7236,#7237,#7238,#7239,#7240,
#7241,#7242,#7243,#7244,#7245,#7246,#7247,#7248,#7249,#7250,#7251,#7252,
#7253,#7254,#7255,#7256,#7257,#7258,#7259,#7260,#7261,#7262,#7263,#7264,
#7265,#7266,#7267,#7268,#7269,#7270,#7271,#7272,#7273,#7274,#7275,#7276,
#7277,#7278,#7279,#7280,#7281,#7282,#7283,#7284,#7285,#7286,#7287,#7288,
#7289,#7290,#7291,#7292,#7293,#7294,#7295,#7296,#7297,#7298,#7299,#7300,
#7301,#7302,#7303,#7304,#7305,#7306,#7307,#7308,#7309,#7310,#7311,#7312,
#7313,#7314,#7315,#7316,#7317,#7318,#7319,#7320,#7321,#7322,#7323,#7324,
#7325,#7326,#7327,#7328,#7329,#7330,#7331,#7332,#7333,#7334,#7335,#7336,
#7337,#7338,#7339,#7340,#7341,#7342,#7343,#7344,#7345,#7346,#7347,#7348,
#7349,#7350,#7351,#7352,#7353,#7354,#7355,#7356,#7357,#7358,#7359,#7360,
#7361,#7362,#7363,#7364,#7365,#7366,#7367,#7368,#7369,#7370,#7371,#7372,
#7373,#7374,#7375,#7376,#7377,#7378,#7379,#7380,#7381,#7382,#7383,#7384,
#7385,#7386,#7387,#7388,#7389,#7390,#7391,#7392,#7393,#7394,#7395,#7396,
#7397,#7398,#7399,#7400,#7401,#7402,#7403,#7404,#7405,#7406,#7407,#7408,
#7409,#7410,#7411,#7412,#7413,#7414,#7415,#7416,#7417,#7418,#7419,#7420,
#7421,#7422,#7423,#7424,#7425,#7426,#7427,#7428,#7429,#7430,#7431,#7432,
#7433,#7434,#7435,#7436,#7437,#7438,#7439,#7440,#7441,#7442,#7443,#7444,
#7445,#7446,#7447,#7448,#7449,#7450,#7451,#7452,#7453,#7454,#7455,#7456,
#7457,#7458,#7459,#7460,#7461,#7462,#7463,#7464,#7465,#7466,#7467,#7468,
#7469,#7470,#7471,#7472,#7473,#7474,#7475,#7476,#7477,#7478,#7479,#7480,
#7481,#7482,#7483,#7484,#7485,#7486,#7487,#7488,#7489,#7490,#7491,#7492,
#7493,#7494,#7495,#7496,#7497,#7498,#7499,#7500,#7501,#7502,#7503,#7504,
#7505,#7506,#7507,#7508,#7509,#7510,#7511,#7512,#7513,#7514,#7515,#7516,
#7517,#7518,#7519,#7520,#7521,#7522,#7523,#7524,#7525,#7526,#7527,#7528,
#7529,#7530,#7531,#7532,#7533,#7534,#7535,#7536,#7537,#7538,#7539,#7540,
#7541,#7542,#7543,#7544,#7545,#7546,#7547,#7548,#7549,#7550,#7551,#7552,
#7553));
#7555=DERIVED_UNIT_ELEMENT(#7558,1.);
#7556=DERIVED_UNIT_ELEMENT(#11738,-3.);
#7557=DIMENSIONAL_EXPONENTS(0.,1.,0.,0.,0.,0.,0.);
#7558=(
CONVERSION_BASED_UNIT('gram',#7560)
MASS_UNIT()
NAMED_UNIT(#7557)
);
#7559=(
MASS_UNIT()
NAMED_UNIT(*)
SI_UNIT(.KILO.,.GRAM.)
);
#7560=MASS_MEASURE_WITH_UNIT(MASS_MEASURE(0.001),#7559);
#7561=DERIVED_UNIT((#7555,#7556));
#7562=MEASURE_REPRESENTATION_ITEM('density measure',
POSITIVE_RATIO_MEASURE(1.),#7561);
#7563=PROPERTY_DEFINITION_REPRESENTATION(#7568,#7565);
#7564=PROPERTY_DEFINITION_REPRESENTATION(#7569,#7566);
#7565=REPRESENTATION('material name',(#7567),#11735);
#7566=REPRESENTATION('density',(#7562),#11735);
#7567=DESCRIPTIVE_REPRESENTATION_ITEM('Generic','Generic');
#7568=PROPERTY_DEFINITION('material property','material name',#11745);
#7569=PROPERTY_DEFINITION('material property','density of part',#11745);
#7570=DATE_TIME_ROLE('creation_date');
#7571=APPLIED_DATE_AND_TIME_ASSIGNMENT(#7572,#7570,(#11745));
#7572=DATE_AND_TIME(#7573,#7574);
#7573=CALENDAR_DATE(2026,9,8);
#7574=LOCAL_TIME(0,0,0.,#7575);
#7575=COORDINATED_UNIVERSAL_TIME_OFFSET(0,0,.BEHIND.);
#7576=AXIS2_PLACEMENT_3D('',#9676,#7942,#7943);
#7577=AXIS2_PLACEMENT_3D('',#9677,#7944,#7945);
#7578=AXIS2_PLACEMENT_3D('',#9686,#7949,#7950);
#7579=AXIS2_PLACEMENT_3D('',#9692,#7953,#7954);
#7580=AXIS2_PLACEMENT_3D('',#9698,#7958,#7959);
#7581=AXIS2_PLACEMENT_3D('',#9736,#7978,#7979);
#7582=AXIS2_PLACEMENT_3D('',#9740,#7982,#7983);
#7583=AXIS2_PLACEMENT_3D('',#10212,#8220,#8221);
#7584=AXIS2_PLACEMENT_3D('',#10224,#8228,#8229);
#7585=AXIS2_PLACEMENT_3D('',#10226,#8230,#8231);
#7586=AXIS2_PLACEMENT_3D('',#10228,#8233,#8234);
#7587=AXIS2_PLACEMENT_3D('',#10232,#8237,#8238);
#7588=AXIS2_PLACEMENT_3D('',#10236,#8241,#8242);
#7589=AXIS2_PLACEMENT_3D('',#10238,#8243,#8244);
#7590=AXIS2_PLACEMENT_3D('',#10240,#8246,#8247);
#7591=AXIS2_PLACEMENT_3D('',#10244,#8250,#8251);
#7592=AXIS2_PLACEMENT_3D('',#10248,#8254,#8255);
#7593=AXIS2_PLACEMENT_3D('',#10250,#8257,#8258);
#7594=AXIS2_PLACEMENT_3D('',#10251,#8259,#8260);
#7595=AXIS2_PLACEMENT_3D('',#10259,#8265,#8266);
#7596=AXIS2_PLACEMENT_3D('',#10263,#8269,#8270);
#7597=AXIS2_PLACEMENT_3D('',#10269,#8274,#8275);
#7598=AXIS2_PLACEMENT_3D('',#10278,#8281,#8282);
#7599=AXIS2_PLACEMENT_3D('',#10282,#8285,#8286);
#7600=AXIS2_PLACEMENT_3D('',#10286,#8289,#8290);
#7601=AXIS2_PLACEMENT_3D('',#10290,#8293,#8294);
#7602=AXIS2_PLACEMENT_3D('',#10294,#8297,#8298);
#7603=AXIS2_PLACEMENT_3D('',#10306,#8305,#8306);
#7604=AXIS2_PLACEMENT_3D('',#10310,#8309,#8310);
#7605=AXIS2_PLACEMENT_3D('',#10314,#8313,#8314);
#7606=AXIS2_PLACEMENT_3D('',#10318,#8317,#8318);
#7607=AXIS2_PLACEMENT_3D('',#10322,#8321,#8322);
#7608=AXIS2_PLACEMENT_3D('',#10328,#8326,#8327);
#7609=AXIS2_PLACEMENT_3D('',#10334,#8329,#8330);
#7610=AXIS2_PLACEMENT_3D('',#10350,#8331,#8332);
#7611=AXIS2_PLACEMENT_3D('',#10352,#8334,#8335);
#7612=AXIS2_PLACEMENT_3D('',#10358,#8339,#8340);
#7613=AXIS2_PLACEMENT_3D('',#10362,#8343,#8344);
#7614=AXIS2_PLACEMENT_3D('',#10366,#8347,#8348);
#7615=AXIS2_PLACEMENT_3D('',#10370,#8351,#8352);
#7616=AXIS2_PLACEMENT_3D('',#10374,#8355,#8356);
#7617=AXIS2_PLACEMENT_3D('',#10378,#8359,#8360);
#7618=AXIS2_PLACEMENT_3D('',#10382,#8363,#8364);
#7619=AXIS2_PLACEMENT_3D('',#10386,#8367,#8368);
#7620=AXIS2_PLACEMENT_3D('',#10390,#8371,#8372);
#7621=AXIS2_PLACEMENT_3D('',#10394,#8375,#8376);
#7622=AXIS2_PLACEMENT_3D('',#10398,#8379,#8380);
#7623=AXIS2_PLACEMENT_3D('',#10402,#8383,#8384);
#7624=AXIS2_PLACEMENT_3D('',#10406,#8387,#8388);
#7625=AXIS2_PLACEMENT_3D('',#10410,#8391,#8392);
#7626=AXIS2_PLACEMENT_3D('',#10414,#8395,#8396);
#7627=AXIS2_PLACEMENT_3D('',#10418,#8399,#8400);
#7628=AXIS2_PLACEMENT_3D('',#10422,#8403,#8404);
#7629=AXIS2_PLACEMENT_3D('',#10426,#8407,#8408);
#7630=AXIS2_PLACEMENT_3D('',#10430,#8411,#8412);
#7631=AXIS2_PLACEMENT_3D('',#10434,#8415,#8416);
#7632=AXIS2_PLACEMENT_3D('',#10438,#8419,#8420);
#7633=AXIS2_PLACEMENT_3D('',#10442,#8423,#8424);
#7634=AXIS2_PLACEMENT_3D('',#10446,#8427,#8428);
#7635=AXIS2_PLACEMENT_3D('',#10450,#8431,#8432);
#7636=AXIS2_PLACEMENT_3D('',#10454,#8435,#8436);
#7637=AXIS2_PLACEMENT_3D('',#10458,#8439,#8440);
#7638=AXIS2_PLACEMENT_3D('',#10462,#8443,#8444);
#7639=AXIS2_PLACEMENT_3D('',#10466,#8447,#8448);
#7640=AXIS2_PLACEMENT_3D('',#10470,#8451,#8452);
#7641=AXIS2_PLACEMENT_3D('',#10474,#8455,#8456);
#7642=AXIS2_PLACEMENT_3D('',#10478,#8459,#8460);
#7643=AXIS2_PLACEMENT_3D('',#10482,#8463,#8464);
#7644=AXIS2_PLACEMENT_3D('',#10484,#8466,#8467);
#7645=AXIS2_PLACEMENT_3D('',#10490,#8471,#8472);
#7646=AXIS2_PLACEMENT_3D('',#10494,#8475,#8476);
#7647=AXIS2_PLACEMENT_3D('',#10498,#8479,#8480);
#7648=AXIS2_PLACEMENT_3D('',#10502,#8483,#8484);
#7649=AXIS2_PLACEMENT_3D('',#10506,#8487,#8488);
#7650=AXIS2_PLACEMENT_3D('',#10510,#8491,#8492);
#7651=AXIS2_PLACEMENT_3D('',#10514,#8495,#8496);
#7652=AXIS2_PLACEMENT_3D('',#10518,#8499,#8500);
#7653=AXIS2_PLACEMENT_3D('',#10522,#8503,#8504);
#7654=AXIS2_PLACEMENT_3D('',#10524,#8506,#8507);
#7655=AXIS2_PLACEMENT_3D('',#10530,#8511,#8512);
#7656=AXIS2_PLACEMENT_3D('',#10534,#8515,#8516);
#7657=AXIS2_PLACEMENT_3D('',#10538,#8519,#8520);
#7658=AXIS2_PLACEMENT_3D('',#10542,#8523,#8524);
#7659=AXIS2_PLACEMENT_3D('',#10546,#8527,#8528);
#7660=AXIS2_PLACEMENT_3D('',#10550,#8531,#8532);
#7661=AXIS2_PLACEMENT_3D('',#10554,#8535,#8536);
#7662=AXIS2_PLACEMENT_3D('',#10558,#8539,#8540);
#7663=AXIS2_PLACEMENT_3D('',#10562,#8543,#8544);
#7664=AXIS2_PLACEMENT_3D('',#10566,#8547,#8548);
#7665=AXIS2_PLACEMENT_3D('',#10570,#8551,#8552);
#7666=AXIS2_PLACEMENT_3D('',#10572,#8554,#8555);
#7667=AXIS2_PLACEMENT_3D('',#10578,#8559,#8560);
#7668=AXIS2_PLACEMENT_3D('',#10582,#8563,#8564);
#7669=AXIS2_PLACEMENT_3D('',#10586,#8567,#8568);
#7670=AXIS2_PLACEMENT_3D('',#10590,#8571,#8572);
#7671=AXIS2_PLACEMENT_3D('',#10594,#8575,#8576);
#7672=AXIS2_PLACEMENT_3D('',#10598,#8579,#8580);
#7673=AXIS2_PLACEMENT_3D('',#10602,#8583,#8584);
#7674=AXIS2_PLACEMENT_3D('',#10606,#8587,#8588);
#7675=AXIS2_PLACEMENT_3D('',#10610,#8591,#8592);
#7676=AXIS2_PLACEMENT_3D('',#10614,#8595,#8596);
#7677=AXIS2_PLACEMENT_3D('',#10618,#8599,#8600);
#7678=AXIS2_PLACEMENT_3D('',#10622,#8603,#8604);
#7679=AXIS2_PLACEMENT_3D('',#10626,#8607,#8608);
#7680=AXIS2_PLACEMENT_3D('',#10630,#8611,#8612);
#7681=AXIS2_PLACEMENT_3D('',#10634,#8615,#8616);
#7682=AXIS2_PLACEMENT_3D('',#10638,#8619,#8620);
#7683=AXIS2_PLACEMENT_3D('',#10642,#8623,#8624);
#7684=AXIS2_PLACEMENT_3D('',#10646,#8627,#8628);
#7685=AXIS2_PLACEMENT_3D('',#10650,#8631,#8632);
#7686=AXIS2_PLACEMENT_3D('',#10654,#8635,#8636);
#7687=AXIS2_PLACEMENT_3D('',#10658,#8639,#8640);
#7688=AXIS2_PLACEMENT_3D('',#10662,#8643,#8644);
#7689=AXIS2_PLACEMENT_3D('',#10666,#8647,#8648);
#7690=AXIS2_PLACEMENT_3D('',#10670,#8651,#8652);
#7691=AXIS2_PLACEMENT_3D('',#10674,#8655,#8656);
#7692=AXIS2_PLACEMENT_3D('',#10678,#8659,#8660);
#7693=AXIS2_PLACEMENT_3D('',#10682,#8663,#8664);
#7694=AXIS2_PLACEMENT_3D('',#10686,#8667,#8668);
#7695=AXIS2_PLACEMENT_3D('',#10690,#8671,#8672);
#7696=AXIS2_PLACEMENT_3D('',#10694,#8675,#8676);
#7697=AXIS2_PLACEMENT_3D('',#10698,#8679,#8680);
#7698=AXIS2_PLACEMENT_3D('',#10702,#8683,#8684);
#7699=AXIS2_PLACEMENT_3D('',#10706,#8687,#8688);
#7700=AXIS2_PLACEMENT_3D('',#10710,#8691,#8692);
#7701=AXIS2_PLACEMENT_3D('',#10714,#8695,#8696);
#7702=AXIS2_PLACEMENT_3D('',#10718,#8699,#8700);
#7703=AXIS2_PLACEMENT_3D('',#10722,#8703,#8704);
#7704=AXIS2_PLACEMENT_3D('',#10726,#8707,#8708);
#7705=AXIS2_PLACEMENT_3D('',#10730,#8711,#8712);
#7706=AXIS2_PLACEMENT_3D('',#10734,#8715,#8716);
#7707=AXIS2_PLACEMENT_3D('',#10738,#8719,#8720);
#7708=AXIS2_PLACEMENT_3D('',#10742,#8723,#8724);
#7709=AXIS2_PLACEMENT_3D('',#10746,#8727,#8728);
#7710=AXIS2_PLACEMENT_3D('',#10750,#8731,#8732);
#7711=AXIS2_PLACEMENT_3D('',#10754,#8735,#8736);
#7712=AXIS2_PLACEMENT_3D('',#10758,#8739,#8740);
#7713=AXIS2_PLACEMENT_3D('',#10762,#8743,#8744);
#7714=AXIS2_PLACEMENT_3D('',#10766,#8747,#8748);
#7715=AXIS2_PLACEMENT_3D('',#10770,#8751,#8752);
#7716=AXIS2_PLACEMENT_3D('',#10774,#8755,#8756);
#7717=AXIS2_PLACEMENT_3D('',#10778,#8759,#8760);
#7718=AXIS2_PLACEMENT_3D('',#10782,#8763,#8764);
#7719=AXIS2_PLACEMENT_3D('',#10786,#8767,#8768);
#7720=AXIS2_PLACEMENT_3D('',#10790,#8771,#8772);
#7721=AXIS2_PLACEMENT_3D('',#10794,#8775,#8776);
#7722=AXIS2_PLACEMENT_3D('',#10798,#8779,#8780);
#7723=AXIS2_PLACEMENT_3D('',#10802,#8783,#8784);
#7724=AXIS2_PLACEMENT_3D('',#10806,#8787,#8788);
#7725=AXIS2_PLACEMENT_3D('',#10810,#8791,#8792);
#7726=AXIS2_PLACEMENT_3D('',#10814,#8795,#8796);
#7727=AXIS2_PLACEMENT_3D('',#10818,#8799,#8800);
#7728=AXIS2_PLACEMENT_3D('',#10822,#8803,#8804);
#7729=AXIS2_PLACEMENT_3D('',#10826,#8807,#8808);
#7730=AXIS2_PLACEMENT_3D('',#10830,#8811,#8812);
#7731=AXIS2_PLACEMENT_3D('',#10834,#8815,#8816);
#7732=AXIS2_PLACEMENT_3D('',#10838,#8819,#8820);
#7733=AXIS2_PLACEMENT_3D('',#10842,#8823,#8824);
#7734=AXIS2_PLACEMENT_3D('',#10846,#8827,#8828);
#7735=AXIS2_PLACEMENT_3D('',#10850,#8831,#8832);
#7736=AXIS2_PLACEMENT_3D('',#10854,#8835,#8836);
#7737=AXIS2_PLACEMENT_3D('',#10858,#8839,#8840);
#7738=AXIS2_PLACEMENT_3D('',#10862,#8843,#8844);
#7739=AXIS2_PLACEMENT_3D('',#10866,#8847,#8848);
#7740=AXIS2_PLACEMENT_3D('',#10870,#8851,#8852);
#7741=AXIS2_PLACEMENT_3D('',#10874,#8855,#8856);
#7742=AXIS2_PLACEMENT_3D('',#10878,#8859,#8860);
#7743=AXIS2_PLACEMENT_3D('',#10882,#8863,#8864);
#7744=AXIS2_PLACEMENT_3D('',#10884,#8866,#8867);
#7745=AXIS2_PLACEMENT_3D('',#10890,#8871,#8872);
#7746=AXIS2_PLACEMENT_3D('',#10894,#8875,#8876);
#7747=AXIS2_PLACEMENT_3D('',#10898,#8879,#8880);
#7748=AXIS2_PLACEMENT_3D('',#10902,#8883,#8884);
#7749=AXIS2_PLACEMENT_3D('',#10906,#8887,#8888);
#7750=AXIS2_PLACEMENT_3D('',#10910,#8891,#8892);
#7751=AXIS2_PLACEMENT_3D('',#10914,#8895,#8896);
#7752=AXIS2_PLACEMENT_3D('',#10918,#8899,#8900);
#7753=AXIS2_PLACEMENT_3D('',#10922,#8903,#8904);
#7754=AXIS2_PLACEMENT_3D('',#10926,#8907,#8908);
#7755=AXIS2_PLACEMENT_3D('',#10930,#8911,#8912);
#7756=AXIS2_PLACEMENT_3D('',#10934,#8915,#8916);
#7757=AXIS2_PLACEMENT_3D('',#10938,#8919,#8920);
#7758=AXIS2_PLACEMENT_3D('',#10942,#8923,#8924);
#7759=AXIS2_PLACEMENT_3D('',#10946,#8927,#8928);
#7760=AXIS2_PLACEMENT_3D('',#10950,#8931,#8932);
#7761=AXIS2_PLACEMENT_3D('',#10954,#8935,#8936);
#7762=AXIS2_PLACEMENT_3D('',#10958,#8939,#8940);
#7763=AXIS2_PLACEMENT_3D('',#10962,#8943,#8944);
#7764=AXIS2_PLACEMENT_3D('',#10966,#8947,#8948);
#7765=AXIS2_PLACEMENT_3D('',#10970,#8951,#8952);
#7766=AXIS2_PLACEMENT_3D('',#10974,#8955,#8956);
#7767=AXIS2_PLACEMENT_3D('',#10978,#8959,#8960);
#7768=AXIS2_PLACEMENT_3D('',#10982,#8963,#8964);
#7769=AXIS2_PLACEMENT_3D('',#10986,#8967,#8968);
#7770=AXIS2_PLACEMENT_3D('',#10990,#8971,#8972);
#7771=AXIS2_PLACEMENT_3D('',#10994,#8975,#8976);
#7772=AXIS2_PLACEMENT_3D('',#10998,#8979,#8980);
#7773=AXIS2_PLACEMENT_3D('',#11002,#8983,#8984);
#7774=AXIS2_PLACEMENT_3D('',#11006,#8987,#8988);
#7775=AXIS2_PLACEMENT_3D('',#11010,#8991,#8992);
#7776=AXIS2_PLACEMENT_3D('',#11014,#8995,#8996);
#7777=AXIS2_PLACEMENT_3D('',#11018,#8999,#9000);
#7778=AXIS2_PLACEMENT_3D('',#11022,#9003,#9004);
#7779=AXIS2_PLACEMENT_3D('',#11026,#9007,#9008);
#7780=AXIS2_PLACEMENT_3D('',#11028,#9010,#9011);
#7781=AXIS2_PLACEMENT_3D('',#11034,#9015,#9016);
#7782=AXIS2_PLACEMENT_3D('',#11038,#9019,#9020);
#7783=AXIS2_PLACEMENT_3D('',#11042,#9023,#9024);
#7784=AXIS2_PLACEMENT_3D('',#11046,#9027,#9028);
#7785=AXIS2_PLACEMENT_3D('',#11050,#9031,#9032);
#7786=AXIS2_PLACEMENT_3D('',#11054,#9035,#9036);
#7787=AXIS2_PLACEMENT_3D('',#11058,#9039,#9040);
#7788=AXIS2_PLACEMENT_3D('',#11062,#9043,#9044);
#7789=AXIS2_PLACEMENT_3D('',#11066,#9047,#9048);
#7790=AXIS2_PLACEMENT_3D('',#11070,#9051,#9052);
#7791=AXIS2_PLACEMENT_3D('',#11074,#9055,#9056);
#7792=AXIS2_PLACEMENT_3D('',#11078,#9059,#9060);
#7793=AXIS2_PLACEMENT_3D('',#11082,#9063,#9064);
#7794=AXIS2_PLACEMENT_3D('',#11086,#9067,#9068);
#7795=AXIS2_PLACEMENT_3D('',#11090,#9071,#9072);
#7796=AXIS2_PLACEMENT_3D('',#11094,#9075,#9076);
#7797=AXIS2_PLACEMENT_3D('',#11098,#9079,#9080);
#7798=AXIS2_PLACEMENT_3D('',#11102,#9083,#9084);
#7799=AXIS2_PLACEMENT_3D('',#11106,#9087,#9088);
#7800=AXIS2_PLACEMENT_3D('',#11110,#9091,#9092);
#7801=AXIS2_PLACEMENT_3D('',#11114,#9095,#9096);
#7802=AXIS2_PLACEMENT_3D('',#11118,#9099,#9100);
#7803=AXIS2_PLACEMENT_3D('',#11122,#9103,#9104);
#7804=AXIS2_PLACEMENT_3D('',#11126,#9107,#9108);
#7805=AXIS2_PLACEMENT_3D('',#11130,#9111,#9112);
#7806=AXIS2_PLACEMENT_3D('',#11134,#9115,#9116);
#7807=AXIS2_PLACEMENT_3D('',#11138,#9119,#9120);
#7808=AXIS2_PLACEMENT_3D('',#11142,#9123,#9124);
#7809=AXIS2_PLACEMENT_3D('',#11146,#9127,#9128);
#7810=AXIS2_PLACEMENT_3D('',#11150,#9131,#9132);
#7811=AXIS2_PLACEMENT_3D('',#11154,#9135,#9136);
#7812=AXIS2_PLACEMENT_3D('',#11158,#9139,#9140);
#7813=AXIS2_PLACEMENT_3D('',#11162,#9143,#9144);
#7814=AXIS2_PLACEMENT_3D('',#11166,#9147,#9148);
#7815=AXIS2_PLACEMENT_3D('',#11170,#9151,#9152);
#7816=AXIS2_PLACEMENT_3D('',#11174,#9155,#9156);
#7817=AXIS2_PLACEMENT_3D('',#11178,#9159,#9160);
#7818=AXIS2_PLACEMENT_3D('',#11182,#9163,#9164);
#7819=AXIS2_PLACEMENT_3D('',#11186,#9167,#9168);
#7820=AXIS2_PLACEMENT_3D('',#11190,#9171,#9172);
#7821=AXIS2_PLACEMENT_3D('',#11194,#9175,#9176);
#7822=AXIS2_PLACEMENT_3D('',#11198,#9179,#9180);
#7823=AXIS2_PLACEMENT_3D('',#11202,#9183,#9184);
#7824=AXIS2_PLACEMENT_3D('',#11206,#9187,#9188);
#7825=AXIS2_PLACEMENT_3D('',#11210,#9191,#9192);
#7826=AXIS2_PLACEMENT_3D('',#11214,#9195,#9196);
#7827=AXIS2_PLACEMENT_3D('',#11218,#9199,#9200);
#7828=AXIS2_PLACEMENT_3D('',#11222,#9203,#9204);
#7829=AXIS2_PLACEMENT_3D('',#11226,#9207,#9208);
#7830=AXIS2_PLACEMENT_3D('',#11230,#9211,#9212);
#7831=AXIS2_PLACEMENT_3D('',#11234,#9215,#9216);
#7832=AXIS2_PLACEMENT_3D('',#11238,#9219,#9220);
#7833=AXIS2_PLACEMENT_3D('',#11242,#9223,#9224);
#7834=AXIS2_PLACEMENT_3D('',#11246,#9227,#9228);
#7835=AXIS2_PLACEMENT_3D('',#11250,#9231,#9232);
#7836=AXIS2_PLACEMENT_3D('',#11254,#9235,#9236);
#7837=AXIS2_PLACEMENT_3D('',#11258,#9239,#9240);
#7838=AXIS2_PLACEMENT_3D('',#11262,#9243,#9244);
#7839=AXIS2_PLACEMENT_3D('',#11266,#9247,#9248);
#7840=AXIS2_PLACEMENT_3D('',#11268,#9250,#9251);
#7841=AXIS2_PLACEMENT_3D('',#11274,#9255,#9256);
#7842=AXIS2_PLACEMENT_3D('',#11278,#9259,#9260);
#7843=AXIS2_PLACEMENT_3D('',#11282,#9263,#9264);
#7844=AXIS2_PLACEMENT_3D('',#11286,#9267,#9268);
#7845=AXIS2_PLACEMENT_3D('',#11288,#9270,#9271);
#7846=AXIS2_PLACEMENT_3D('',#11294,#9275,#9276);
#7847=AXIS2_PLACEMENT_3D('',#11298,#9279,#9280);
#7848=AXIS2_PLACEMENT_3D('',#11302,#9283,#9284);
#7849=AXIS2_PLACEMENT_3D('',#11304,#9286,#9287);
#7850=AXIS2_PLACEMENT_3D('',#11306,#9289,#9290);
#7851=AXIS2_PLACEMENT_3D('',#11307,#9291,#9292);
#7852=AXIS2_PLACEMENT_3D('',#11316,#9297,#9298);
#7853=AXIS2_PLACEMENT_3D('',#11319,#9300,#9301);
#7854=AXIS2_PLACEMENT_3D('',#11320,#9302,#9303);
#7855=AXIS2_PLACEMENT_3D('',#11322,#9305,#9306);
#7856=AXIS2_PLACEMENT_3D('',#11326,#9309,#9310);
#7857=AXIS2_PLACEMENT_3D('',#11330,#9313,#9314);
#7858=AXIS2_PLACEMENT_3D('',#11332,#9316,#9317);
#7859=AXIS2_PLACEMENT_3D('',#11334,#9319,#9320);
#7860=AXIS2_PLACEMENT_3D('',#11335,#9321,#9322);
#7861=AXIS2_PLACEMENT_3D('',#11384,#9347,#9348);
#7862=AXIS2_PLACEMENT_3D('',#11385,#9349,#9350);
#7863=AXIS2_PLACEMENT_3D('',#11386,#9351,#9352);
#7864=AXIS2_PLACEMENT_3D('',#11387,#9353,#9354);
#7865=AXIS2_PLACEMENT_3D('',#11442,#9382,#9383);
#7866=AXIS2_PLACEMENT_3D('',#11443,#9384,#9385);
#7867=AXIS2_PLACEMENT_3D('',#11450,#9389,#9390);
#7868=AXIS2_PLACEMENT_3D('',#11456,#9394,#9395);
#7869=AXIS2_PLACEMENT_3D('',#11460,#9398,#9399);
#7870=AXIS2_PLACEMENT_3D('',#11464,#9402,#9403);
#7871=AXIS2_PLACEMENT_3D('',#11466,#9405,#9406);
#7872=AXIS2_PLACEMENT_3D('',#11467,#9407,#9408);
#7873=AXIS2_PLACEMENT_3D('',#11470,#9410,#9411);
#7874=AXIS2_PLACEMENT_3D('',#11471,#9412,#9413);
#7875=AXIS2_PLACEMENT_3D('',#11477,#9417,#9418);
#7876=AXIS2_PLACEMENT_3D('',#11481,#9421,#9422);
#7877=AXIS2_PLACEMENT_3D('',#11485,#9425,#9426);
#7878=AXIS2_PLACEMENT_3D('',#11489,#9429,#9430);
#7879=AXIS2_PLACEMENT_3D('',#11493,#9433,#9434);
#7880=AXIS2_PLACEMENT_3D('',#11497,#9437,#9438);
#7881=AXIS2_PLACEMENT_3D('',#11501,#9441,#9442);
#7882=AXIS2_PLACEMENT_3D('',#11505,#9445,#9446);
#7883=AXIS2_PLACEMENT_3D('',#11509,#9449,#9450);
#7884=AXIS2_PLACEMENT_3D('',#11513,#9453,#9454);
#7885=AXIS2_PLACEMENT_3D('',#11517,#9457,#9458);
#7886=AXIS2_PLACEMENT_3D('',#11521,#9461,#9462);
#7887=AXIS2_PLACEMENT_3D('',#11525,#9465,#9466);
#7888=AXIS2_PLACEMENT_3D('',#11529,#9469,#9470);
#7889=AXIS2_PLACEMENT_3D('',#11533,#9473,#9474);
#7890=AXIS2_PLACEMENT_3D('',#11537,#9477,#9478);
#7891=AXIS2_PLACEMENT_3D('',#11541,#9481,#9482);
#7892=AXIS2_PLACEMENT_3D('',#11545,#9485,#9486);
#7893=AXIS2_PLACEMENT_3D('',#11549,#9489,#9490);
#7894=AXIS2_PLACEMENT_3D('',#11553,#9493,#9494);
#7895=AXIS2_PLACEMENT_3D('',#11557,#9497,#9498);
#7896=AXIS2_PLACEMENT_3D('',#11561,#9501,#9502);
#7897=AXIS2_PLACEMENT_3D('',#11565,#9505,#9506);
#7898=AXIS2_PLACEMENT_3D('',#11567,#9508,#9509);
#7899=AXIS2_PLACEMENT_3D('',#11573,#9513,#9514);
#7900=AXIS2_PLACEMENT_3D('',#11577,#9517,#9518);
#7901=AXIS2_PLACEMENT_3D('',#11581,#9521,#9522);
#7902=AXIS2_PLACEMENT_3D('',#11585,#9525,#9526);
#7903=AXIS2_PLACEMENT_3D('',#11589,#9529,#9530);
#7904=AXIS2_PLACEMENT_3D('',#11593,#9533,#9534);
#7905=AXIS2_PLACEMENT_3D('',#11597,#9537,#9538);
#7906=AXIS2_PLACEMENT_3D('',#11601,#9541,#9542);
#7907=AXIS2_PLACEMENT_3D('',#11605,#9545,#9546);
#7908=AXIS2_PLACEMENT_3D('',#11609,#9549,#9550);
#7909=AXIS2_PLACEMENT_3D('',#11613,#9553,#9554);
#7910=AXIS2_PLACEMENT_3D('',#11617,#9557,#9558);
#7911=AXIS2_PLACEMENT_3D('',#11621,#9561,#9562);
#7912=AXIS2_PLACEMENT_3D('',#11625,#9565,#9566);
#7913=AXIS2_PLACEMENT_3D('',#11629,#9569,#9570);
#7914=AXIS2_PLACEMENT_3D('',#11633,#9573,#9574);
#7915=AXIS2_PLACEMENT_3D('',#11637,#9577,#9578);
#7916=AXIS2_PLACEMENT_3D('',#11641,#9581,#9582);
#7917=AXIS2_PLACEMENT_3D('',#11645,#9585,#9586);
#7918=AXIS2_PLACEMENT_3D('',#11649,#9589,#9590);
#7919=AXIS2_PLACEMENT_3D('',#11653,#9593,#9594);
#7920=AXIS2_PLACEMENT_3D('',#11657,#9597,#9598);
#7921=AXIS2_PLACEMENT_3D('',#11661,#9601,#9602);
#7922=AXIS2_PLACEMENT_3D('',#11665,#9605,#9606);
#7923=AXIS2_PLACEMENT_3D('',#11669,#9609,#9610);
#7924=AXIS2_PLACEMENT_3D('',#11673,#9613,#9614);
#7925=AXIS2_PLACEMENT_3D('',#11675,#9616,#9617);
#7926=AXIS2_PLACEMENT_3D('',#11681,#9621,#9622);
#7927=AXIS2_PLACEMENT_3D('',#11685,#9625,#9626);
#7928=AXIS2_PLACEMENT_3D('',#11687,#9628,#9629);
#7929=AXIS2_PLACEMENT_3D('',#11688,#9630,#9631);
#7930=AXIS2_PLACEMENT_3D('',#11697,#9636,#9637);
#7931=AXIS2_PLACEMENT_3D('',#11698,#9638,#9639);
#7932=AXIS2_PLACEMENT_3D('',#11699,#9640,#9641);
#7933=AXIS2_PLACEMENT_3D('',#11700,#9642,#9643);
#7934=AXIS2_PLACEMENT_3D('',#11706,#9647,#9648);
#7935=AXIS2_PLACEMENT_3D('',#11710,#9651,#9652);
#7936=AXIS2_PLACEMENT_3D('',#11714,#9655,#9656);
#7937=AXIS2_PLACEMENT_3D('',#11716,#9658,#9659);
#7938=AXIS2_PLACEMENT_3D('',#11722,#9663,#9664);
#7939=AXIS2_PLACEMENT_3D('',#11726,#9667,#9668);
#7940=AXIS2_PLACEMENT_3D('',#11730,#9671,#9672);
#7941=AXIS2_PLACEMENT_3D('',#11732,#9674,#9675);
#7942=DIRECTION('axis',(0.,0.,1.));
#7943=DIRECTION('refdir',(1.,0.,0.));
#7944=DIRECTION('center_axis',(-1.,0.,7.04791630565448E-16));
#7945=DIRECTION('ref_axis',(7.04791630565448E-16,0.,1.));
#7946=DIRECTION('',(4.56071664990238E-29,-1.,6.47101420067E-14));
#7947=DIRECTION('',(7.04791630565448E-16,0.,1.));
#7948=DIRECTION('',(4.93028852815715E-29,1.,6.995384613466E-14));
#7949=DIRECTION('center_axis',(-1.,0.,7.04791630565448E-16));
#7950=DIRECTION('ref_axis',(0.,0.,-1.));
#7951=DIRECTION('',(-7.04791630565448E-16,0.,-1.));
#7952=DIRECTION('',(-1.08205236160924E-28,1.,-1.535279811341E-13));
#7953=DIRECTION('center_axis',(-1.,0.,7.04791630565448E-16));
#7954=DIRECTION('ref_axis',(0.,-1.,6.47101420067E-14));
#7955=DIRECTION('',(-7.04791630565448E-16,-6.026924993751E-14,-1.));
#7956=DIRECTION('',(4.56071664990238E-29,-1.,6.47101420067E-14));
#7957=DIRECTION('',(-7.04693763219443E-16,-0.0166643530230403,-0.999861140028116));
#7958=DIRECTION('center_axis',(0.,-6.47101420067E-14,-1.));
#7959=DIRECTION('ref_axis',(0.,1.,-6.47101420067E-14));
#7960=DIRECTION('',(1.,1.817058960124E-14,0.));
#7961=DIRECTION('',(0.,-1.,-2.552878544177E-13));
#7962=DIRECTION('',(1.,0.,0.));
#7963=DIRECTION('',(1.,0.,2.089831579543E-14));
#7964=DIRECTION('',(0.,-1.,3.552713675406E-14));
#7965=DIRECTION('',(-1.,6.060511580688E-14,5.851528422733E-14));
#7966=DIRECTION('',(5.977444575887E-13,1.,-1.938630673261E-14));
#7967=DIRECTION('',(1.,0.,0.));
#7968=DIRECTION('',(0.,-1.,2.368475790288E-14));
#7969=DIRECTION('',(-1.,0.,-1.776356827676E-14));
#7970=DIRECTION('',(-0.362446259504894,-0.932004672182984,2.02347795491496E-14));
#7971=DIRECTION('',(1.,0.,0.));
#7972=DIRECTION('',(-0.362446261789509,0.932004671294522,-2.20743049416705E-14));
#7973=DIRECTION('',(-1.,-2.664535264074E-14,-1.776356842716E-14));
#7974=DIRECTION('',(0.,1.,-4.342205615528E-14));
#7975=DIRECTION('',(1.,0.,2.368475815474E-14));
#7976=DIRECTION('',(-6.097578389631E-11,-1.,-6.987138973814E-9));
#7977=DIRECTION('',(0.99999999999981,-6.15995361699306E-7,0.));
#7978=DIRECTION('center_axis',(0.,6.47101420067E-14,1.));
#7979=DIRECTION('ref_axis',(0.,1.,-6.47101420067E-14));
#7980=DIRECTION('',(0.999999999999929,3.76630023308811E-7,2.49637928769307E-14));
#7981=DIRECTION('',(-7.126225276704E-11,1.,8.139770043523E-9));
#7982=DIRECTION('center_axis',(0.,-1.,0.));
#7983=DIRECTION('ref_axis',(0.,0.,-1.));
#7984=DIRECTION('',(0.,0.,1.));
#7985=DIRECTION('',(1.,0.,0.));
#7986=DIRECTION('',(-0.00588552206107927,0.,-0.999982680165046));
#7987=DIRECTION('',(-0.0241369592338203,0.,-0.999708661160313));
#7988=DIRECTION('',(-0.0649149341266597,0.,-0.997890801304096));
#7989=DIRECTION('',(0.137405563072904,0.,0.990514871789727));
#7990=DIRECTION('',(0.226757984792306,0.,0.973951136522224));
#7991=DIRECTION('',(0.326616229064985,0.,0.945157044575857));
#7992=DIRECTION('',(0.435818003795873,0.,0.900034814641845));
#7993=DIRECTION('',(0.54329116661439,0.,0.839544345629684));
#7994=DIRECTION('',(0.645799228389994,0.,0.763507273449892));
#7995=DIRECTION('',(0.73353152045814,0.,0.679655433653237));
#7996=DIRECTION('',(0.811660388867703,0.,0.584129620155603));
#7997=DIRECTION('',(0.874255937797006,0.,0.485465297654403));
#7998=DIRECTION('',(0.923622257444171,0.,0.383303959741788));
#7999=DIRECTION('',(0.960434229823648,0.,0.278506894318714));
#8000=DIRECTION('',(0.983450193322887,0.,0.181178688738982));
#8001=DIRECTION('',(-0.995931678304944,0.,-0.090111553913454));
#8002=DIRECTION('',(-0.999992447245336,0.,-0.00388657333444514));
#8003=DIRECTION('',(-0.997203323951065,0.,0.0747364081351774));
#8004=DIRECTION('',(0.984584083427602,0.,-0.174911928298299));
#8005=DIRECTION('',(0.950557624781292,0.,-0.310548228090498));
#8006=DIRECTION('',(0.893523039086181,0.,-0.449017347796491));
#8007=DIRECTION('',(0.82455208862143,0.,-0.56578604891782));
#8008=DIRECTION('',(0.74607207980279,0.,-0.665865190364191));
#8009=DIRECTION('',(0.645093352525305,0.,-0.764103766858706));
#8010=DIRECTION('',(0.526603424523208,0.,-0.850111071143313));
#8011=DIRECTION('',(0.399495668883499,0.,-0.916735081985699));
#8012=DIRECTION('',(0.2835517996651,0.,-0.958956921298701));
#8013=DIRECTION('',(0.159778584938194,0.,-0.987152877620862));
#8014=DIRECTION('',(-0.0744281427966408,0.,0.997226379294011));
#8015=DIRECTION('',(-0.0201227675348102,0.,0.999797516613609));
#8016=DIRECTION('',(0.,0.,1.));
#8017=DIRECTION('',(-0.952246843212295,0.,0.305329247849298));
#8018=DIRECTION('',(0.,0.,-1.));
#8019=DIRECTION('',(-0.952306731648298,0.,0.305142407503999));
#8020=DIRECTION('',(1.104833552869E-12,0.,-1.));
#8021=DIRECTION('',(0.952447512636939,0.,-0.304702700466713));
#8022=DIRECTION('',(-9.75939254476E-13,0.,1.));
#8023=DIRECTION('',(-0.960263915504298,0.,-0.279093555246899));
#8024=DIRECTION('',(0.952358989538314,0.,-0.304979269862005));
#8025=DIRECTION('',(-1.125632635513E-12,0.,1.));
#8026=DIRECTION('',(-0.952451871402493,0.,0.304689075389798));
#8027=DIRECTION('',(1.232327528542E-12,0.,-1.));
#8028=DIRECTION('',(0.959567380003415,0.,0.281479028052504));
#8029=DIRECTION('',(-0.952377751806105,0.,0.304920674708602));
#8030=DIRECTION('',(3.325119923497E-13,0.,-1.));
#8031=DIRECTION('',(0.952727679937955,0.,-0.303825555014786));
#8032=DIRECTION('',(1.593410597271E-13,0.,1.));
#8033=DIRECTION('',(0.952004245666228,0.,-0.306084818691609));
#8034=DIRECTION('',(-3.159804223227E-13,0.,-1.));
#8035=DIRECTION('',(0.952727679940309,0.,-0.303825555007403));
#8036=DIRECTION('',(-3.661793237786E-13,0.,1.));
#8037=DIRECTION('',(0.946205466860764,0.,-0.323566398877888));
#8038=DIRECTION('',(4.277336267971E-13,0.,-1.));
#8039=DIRECTION('',(0.951603934556098,0.,-0.3073271086926));
#8040=DIRECTION('',(-2.488073150681E-13,0.,1.));
#8041=DIRECTION('',(0.997000813419381,0.,0.0773910721019686));
#8042=DIRECTION('',(0.0445387033841289,0.,-0.999007659580676));
#8043=DIRECTION('',(0.995363226071675,0.,0.0961875677215476));
#8044=DIRECTION('',(-0.940773891740113,0.,-0.339034636313405));
#8045=DIRECTION('',(-0.795382347548947,0.,-0.606108011172536));
#8046=DIRECTION('',(-0.553463255743876,0.,-0.832873594575665));
#8047=DIRECTION('',(-0.289186123700199,0.,-0.957272889963595));
#8048=DIRECTION('',(0.0808667413026414,0.,0.996724922007618));
#8049=DIRECTION('',(-0.0642814661264417,0.,0.997931807846927));
#8050=DIRECTION('',(0.233275691584928,0.,-0.972410639450008));
#8051=DIRECTION('',(0.467244849580292,0.,-0.884127960501584));
#8052=DIRECTION('',(0.690809271595118,0.,-0.723037032439019));
#8053=DIRECTION('',(0.859778478308333,0.,-0.510667179518919));
#8054=DIRECTION('',(0.969692029643447,0.,-0.244330447644112));
#8055=DIRECTION('',(-0.999644564926317,0.,-0.0266597789427204));
#8056=DIRECTION('',(0.940740910596285,0.,0.339126140441095));
#8057=DIRECTION('',(0.778879656332653,0.,0.627173405806662));
#8058=DIRECTION('',(0.596997622514904,0.,0.802243004775705));
#8059=DIRECTION('',(0.490975180611476,0.,0.871173560218358));
#8060=DIRECTION('',(0.435132050022712,0.,0.900366647007224));
#8061=DIRECTION('',(0.504412722974814,0.,0.863462682981224));
#8062=DIRECTION('',(0.633488271447304,0.,0.773752292364105));
#8063=DIRECTION('',(0.830404976801104,0.,0.557160277212903));
#8064=DIRECTION('',(0.960434220734944,0.,0.278506925661213));
#8065=DIRECTION('',(-0.999984476109567,0.,-0.00557203193411382));
#8066=DIRECTION('',(0.970149645234888,0.,-0.242507042888697));
#8067=DIRECTION('',(0.867008838547567,0.,-0.498292759209281));
#8068=DIRECTION('',(0.712951147923389,0.,-0.701213705424189));
#8069=DIRECTION('',(0.524194664677184,0.,-0.851598469658074));
#8070=DIRECTION('',(0.296432146880293,0.,-0.955053915910479));
#8071=DIRECTION('',(0.0888048019443004,0.,-0.996049048567205));
#8072=DIRECTION('',(0.0588615493968106,0.,0.998266155893611));
#8073=DIRECTION('',(-0.194318825149302,0.,-0.980938425280912));
#8074=DIRECTION('',(-0.351561116646611,0.,-0.93616493272403));
#8075=DIRECTION('',(-0.522212592642491,0.,-0.852815342313685));
#8076=DIRECTION('',(-0.707987621143719,0.,-0.706224842601319));
#8077=DIRECTION('',(-0.872075964367897,0.,-0.489370526668498));
#8078=DIRECTION('',(-0.962364849877396,0.,-0.271760732484399));
#8079=DIRECTION('',(-0.995739318864259,0.,-0.0922128454595262));
#8080=DIRECTION('',(0.997694111960484,0.,-0.0678708992085789));
#8081=DIRECTION('',(-0.0519461064142487,0.,0.998649889615174));
#8082=DIRECTION('',(-0.999861769022772,0.,0.0166265705018695));
#8083=DIRECTION('',(0.990116987287023,0.,0.140243899994503));
#8084=DIRECTION('',(0.912053752130826,0.,0.410070668573212));
#8085=DIRECTION('',(0.643668287966781,0.,0.765304602799378));
#8086=DIRECTION('',(0.314634120532386,0.,0.949213026773659));
#8087=DIRECTION('',(0.0820785053990962,0.,0.996625867089276));
#8088=DIRECTION('',(0.0652968742328121,0.,-0.997865881877632));
#8089=DIRECTION('',(-0.234230933197266,0.,0.972180986202434));
#8090=DIRECTION('',(-0.461505361248603,0.,0.887137419760206));
#8091=DIRECTION('',(-0.679295076697496,0.,0.733865245651096));
#8092=DIRECTION('',(-0.846482981462228,0.,0.532415779344318));
#8093=DIRECTION('',(-0.966201076588584,0.,0.257789603357196));
#8094=DIRECTION('',(0.999388094548683,0.,0.0349776567876094));
#8095=DIRECTION('',(-0.934676878303846,0.,-0.355498429200718));
#8096=DIRECTION('',(-0.772403389249094,0.,-0.635132273055395));
#8097=DIRECTION('',(-0.581110200935395,0.,-0.813824879423593));
#8098=DIRECTION('',(-0.477716034425396,0.,-0.878514308621592));
#8099=DIRECTION('',(-0.429185423007884,0.,-0.903216404123366));
#8100=DIRECTION('',(-0.464888509180098,0.,-0.885369230339696));
#8101=DIRECTION('',(-0.521372708307587,0.,-0.853329068432578));
#8102=DIRECTION('',(-0.632061021522158,0.,-0.774918618354448));
#8103=DIRECTION('',(-0.760841913459906,0.,-0.648937271793405));
#8104=DIRECTION('',(-0.867172836725871,0.,-0.498007300393083));
#8105=DIRECTION('',(-0.947524997192977,0.,-0.319681684953092));
#8106=DIRECTION('',(-0.991359508515394,0.,-0.131172881633808));
#8107=DIRECTION('',(0.999306225684204,0.,-0.0372433525449902));
#8108=DIRECTION('',(-0.972553566397414,0.,0.232679093361804));
#8109=DIRECTION('',(-0.876813305447067,0.,0.480830975906282));
#8110=DIRECTION('',(-0.723554460832868,0.,0.69026729765277));
#8111=DIRECTION('',(-0.5232000620302,0.,0.8522098891069));
#8112=DIRECTION('',(-0.290368134420297,0.,0.956915015303489));
#8113=DIRECTION('',(-0.0856555570092535,0.,0.996324809263241));
#8114=DIRECTION('',(0.0849408575140666,0.,0.99638599484576));
#8115=DIRECTION('',(0.298802250419302,0.,0.954315050255607));
#8116=DIRECTION('',(0.558348373334568,0.,0.829606589893452));
#8117=DIRECTION('',(0.78785911888161,0.,0.615855509673408));
#8118=DIRECTION('',(0.937301604922528,0.,0.348519298475211));
#8119=DIRECTION('',(-0.216814579208395,0.,0.976212803769079));
#8120=DIRECTION('',(-0.0692574001077616,0.,0.997598823440722));
#8121=DIRECTION('',(0.111389661009299,0.,0.993776807648595));
#8122=DIRECTION('',(0.372902978487317,0.,0.927870340422242));
#8123=DIRECTION('',(0.639729735584215,0.,0.768599938465617));
#8124=DIRECTION('',(0.844192985320942,0.,0.536039367523427));
#8125=DIRECTION('',(0.967252107515505,0.,0.253817573282101));
#8126=DIRECTION('',(-0.999990731208818,0.,0.00430551930124208));
#8127=DIRECTION('',(0.982399516143131,0.,-0.186791837834906));
#8128=DIRECTION('',(0.942800210633445,0.,-0.333358309975216));
#8129=DIRECTION('',(0.885404136639576,0.,-0.464822024888587));
#8130=DIRECTION('',(0.811418007527211,0.,-0.584466266828608));
#8131=DIRECTION('',(0.707866201196379,0.,-0.706346544695879));
#8132=DIRECTION('',(0.577315142838598,0.,-0.816521417875397));
#8133=DIRECTION('',(0.427722766415912,0.,-0.903909970677124));
#8134=DIRECTION('',(0.259086633977399,0.,-0.965854086337197));
#8135=DIRECTION('',(0.0844253803012301,0.,-0.996429804432301));
#8136=DIRECTION('',(-0.080519655744198,0.,-0.996753021083375));
#8137=DIRECTION('',(-0.26820139899679,0.,-0.963362864955965));
#8138=DIRECTION('',(-0.479083052422013,0.,-0.877769576188425));
#8139=DIRECTION('',(-0.661158924683107,0.,-0.750245877237508));
#8140=DIRECTION('',(-0.803022242340462,0.,-0.595949056804772));
#8141=DIRECTION('',(-0.915595151431577,0.,-0.40210137860369));
#8142=DIRECTION('',(-0.972541951008141,0.,-0.23272763808641));
#8143=DIRECTION('',(-0.99521936478691,0.,-0.0976648143045385));
#8144=DIRECTION('',(0.999129202541785,0.,-0.0417233343372494));
#8145=DIRECTION('',(-0.987208234087568,0.,0.159436202130211));
#8146=DIRECTION('',(-0.96897191256305,0.,0.247170857230187));
#8147=DIRECTION('',(-0.946419543791919,0.,0.322939695808206));
#8148=DIRECTION('',(-0.916997883188163,0.,0.398892068394984));
#8149=DIRECTION('',(-0.866896611857937,0.,0.498487978139121));
#8150=DIRECTION('',(-0.801826213537668,0.,0.597557297071876));
#8151=DIRECTION('',(-0.716866740565184,0.,0.697210209528984));
#8152=DIRECTION('',(-0.613594623185098,0.,0.789621199309097));
#8153=DIRECTION('',(-0.499489606863691,0.,0.866319878933385));
#8154=DIRECTION('',(-0.368430786980812,0.,0.929655180808831));
#8155=DIRECTION('',(0.0890403673793338,0.,0.996028018168642));
#8156=DIRECTION('',(0.0875358664818017,0.,-0.99616136849372));
#8157=DIRECTION('',(0.2642361754891,0.,-0.96445800508));
#8158=DIRECTION('',(0.428386376513814,0.,-0.903595657591029));
#8159=DIRECTION('',(0.590360630300298,0.,-0.807139595232098));
#8160=DIRECTION('',(0.734803444843285,0.,-0.678280102499286));
#8161=DIRECTION('',(0.839546858555741,0.,-0.543287283386227));
#8162=DIRECTION('',(0.907531158754557,0.,-0.419984756734826));
#8163=DIRECTION('',(0.955203225179971,0.,-0.295950669209891));
#8164=DIRECTION('',(0.985211298237714,0.,-0.171343800076801));
#8165=DIRECTION('',(-0.999592309388362,0.,0.0285519703635389));
#8166=DIRECTION('',(0.981425923306589,0.,0.191841489417199));
#8167=DIRECTION('',(0.873473588194609,0.,0.486871534109805));
#8168=DIRECTION('',(0.639159181828242,0.,0.76907446992125));
#8169=DIRECTION('',(0.350259361581111,0.,0.93665275295853));
#8170=DIRECTION('',(0.0990792077729251,0.,0.995079549878847));
#8171=DIRECTION('',(0.0469281005250311,0.,-0.998898269785824));
#8172=DIRECTION('',(-0.135639528813502,0.,0.990758254178713));
#8173=DIRECTION('',(-0.216309538968993,0.,0.97632483495557));
#8174=DIRECTION('',(-0.277245006407303,0.,0.960799253966308));
#8175=DIRECTION('',(-0.336787891758186,0.,0.941580541411661));
#8176=DIRECTION('',(-0.404569848754914,0.,0.914507100835432));
#8177=DIRECTION('',(-0.952924008672768,0.,0.30320922429079));
#8178=DIRECTION('',(5.851493288933E-13,0.,1.));
#8179=DIRECTION('',(-0.952389022079215,0.,0.304885471321605));
#8180=DIRECTION('',(-2.277369871731E-13,0.,-1.));
#8181=DIRECTION('',(0.952054040106462,0.,-0.305929901639188));
#8182=DIRECTION('',(0.471364915086686,0.,-0.881938272684274));
#8183=DIRECTION('',(0.391133104056003,0.,-0.920334121344806));
#8184=DIRECTION('',(0.319492073646299,0.,-0.947588948266698));
#8185=DIRECTION('',(0.240444730304502,0.,-0.970662831094709));
#8186=DIRECTION('',(0.147196766988703,0.,-0.98910722967132));
#8187=DIRECTION('',(-0.0495754459808596,0.,0.998770381597191));
#8188=DIRECTION('',(-0.0821628662545841,0.,-0.996618915839365));
#8189=DIRECTION('',(-0.291384127493896,0.,-0.956606131197486));
#8190=DIRECTION('',(-0.551019848709881,0.,-0.834492136768071));
#8191=DIRECTION('',(-0.803149212612991,0.,-0.595777930339093));
#8192=DIRECTION('',(-0.959035131244505,0.,-0.283287163561702));
#8193=DIRECTION('',(0.999999207836582,0.,0.00125870020626698));
#8194=DIRECTION('',(-0.984428575817955,0.,0.17578503665851));
#8195=DIRECTION('',(-0.952802183349271,0.,0.303591830266991));
#8196=DIRECTION('',(-0.906054032178735,0.,0.423162014803616));
#8197=DIRECTION('',(-0.840144954025161,0.,0.542361923650675));
#8198=DIRECTION('',(-0.741697878602769,0.,0.670734117870972));
#8199=DIRECTION('',(-0.613584732479681,0.,0.789628885026275));
#8200=DIRECTION('',(-0.456873457969283,0.,0.889531698931067));
#8201=DIRECTION('',(-0.273974953244194,0.,0.96173682730508));
#8202=DIRECTION('',(-0.0879759705502835,0.,0.99612259717654));
#8203=DIRECTION('',(0.0833050206603223,0.,0.996524095811428));
#8204=DIRECTION('',(0.286698752593687,0.,0.958020785401457));
#8205=DIRECTION('',(0.5257384978235,0.,0.8506462436914));
#8206=DIRECTION('',(0.747037444402212,0.,0.66478196174461));
#8207=DIRECTION('',(0.901312041880816,0.,0.433170408916208));
#8208=DIRECTION('',(0.978085666524092,0.,0.208202855264098));
#8209=DIRECTION('',(0.112029679974597,0.,-0.993704861014974));
#8210=DIRECTION('',(-0.962495508759178,0.,-0.271297614472394));
#8211=DIRECTION('',(-0.884873158972127,0.,-0.465832043263114));
#8212=DIRECTION('',(-0.739374555465706,0.,-0.673294338851805));
#8213=DIRECTION('',(-0.529631465457792,0.,-0.848227864902487));
#8214=DIRECTION('',(-0.298732645998416,0.,-0.954336841065452));
#8215=DIRECTION('',(-1.,0.,0.));
#8216=DIRECTION('',(0.,0.,1.));
#8217=DIRECTION('',(1.,0.,-6.569155974152E-13));
#8218=DIRECTION('',(-0.707113969303612,0.,0.707099592996412));
#8219=DIRECTION('',(0.707106781186297,0.,0.707106781186797));
#8220=DIRECTION('center_axis',(0.,-6.995384613466E-14,1.));
#8221=DIRECTION('ref_axis',(0.,-1.,-6.995384613466E-14));
#8222=DIRECTION('',(0.,1.,0.));
#8223=DIRECTION('',(-1.,-1.387506221951E-13,0.));
#8224=DIRECTION('',(-1.,0.,0.));
#8225=DIRECTION('',(0.,1.,6.994731574581E-14));
#8226=DIRECTION('',(1.,0.,0.));
#8227=DIRECTION('',(0.,-1.,-6.994731574581E-14));
#8228=DIRECTION('center_axis',(1.,0.,0.));
#8229=DIRECTION('ref_axis',(0.,0.,-1.));
#8230=DIRECTION('center_axis',(-1.,0.,0.));
#8231=DIRECTION('ref_axis',(0.,-1.138538150915E-10,1.));
#8232=DIRECTION('',(1.,0.,-4.226759922285E-10));
#8233=DIRECTION('center_axis',(0.,1.,0.));
#8234=DIRECTION('ref_axis',(0.,0.,1.));
#8235=DIRECTION('',(0.,-1.493708297939E-10,-1.));
#8236=DIRECTION('',(1.,0.,0.));
#8237=DIRECTION('center_axis',(0.,1.535279811341E-13,1.));
#8238=DIRECTION('ref_axis',(0.,-1.,1.535279811341E-13));
#8239=DIRECTION('',(-4.440892213003E-14,-1.,-8.28226397725E-12));
#8240=DIRECTION('',(-1.,0.,0.));
#8241=DIRECTION('center_axis',(1.,0.,0.));
#8242=DIRECTION('ref_axis',(0.,-1.,6.47101420067E-14));
#8243=DIRECTION('center_axis',(-1.,0.,0.));
#8244=DIRECTION('ref_axis',(0.,2.648992152914E-11,1.));
#8245=DIRECTION('',(1.,0.,0.));
#8246=DIRECTION('center_axis',(0.,1.,-6.026924993751E-14));
#8247=DIRECTION('ref_axis',(0.,6.026924993751E-14,1.));
#8248=DIRECTION('',(0.,1.776356827676E-14,1.));
#8249=DIRECTION('',(1.,0.,0.));
#8250=DIRECTION('center_axis',(0.,-6.47101420067E-14,-1.));
#8251=DIRECTION('ref_axis',(0.,1.,-6.47101420067E-14));
#8252=DIRECTION('',(0.,1.,-4.674623310781E-14));
#8253=DIRECTION('',(1.,1.824327195965E-14,0.));
#8254=DIRECTION('center_axis',(0.,0.999861140028116,-0.0166643530230403));
#8255=DIRECTION('ref_axis',(0.,0.0166643530230403,0.999861140028116));
#8256=DIRECTION('',(0.,-0.0166643529722494,-0.999861140028962));
#8257=DIRECTION('center_axis',(1.,0.,0.));
#8258=DIRECTION('ref_axis',(0.,0.,-1.));
#8259=DIRECTION('center_axis',(0.,-1.,6.47101420067E-14));
#8260=DIRECTION('ref_axis',(-1.,0.,0.));
#8261=DIRECTION('',(0.,0.,1.));
#8262=DIRECTION('',(-0.165852593353794,3.98126200724687E-14,0.986150555076567));
#8263=DIRECTION('',(0.00872653549970265,-2.02607987008992E-14,-0.99996192306416));
#8264=DIRECTION('',(1.,4.54645756089E-14,3.847002551522E-14));
#8265=DIRECTION('center_axis',(0.986150555076567,1.07320488237296E-14,0.165852593353794));
#8266=DIRECTION('ref_axis',(0.165852593353794,-6.38122367446779E-14,-0.986150555076567));
#8267=DIRECTION('',(0.,-1.,3.355340693439E-14));
#8268=DIRECTION('',(0.165852593353794,-4.06088724739187E-14,-0.986150555076567));
#8269=DIRECTION('center_axis',(0.,1.,-6.47101420067E-14));
#8270=DIRECTION('ref_axis',(1.,0.,0.));
#8271=DIRECTION('',(0.,3.197442310921E-14,1.));
#8272=DIRECTION('',(-1.,2.098365028112E-14,1.119128014993E-13));
#8273=DIRECTION('',(-0.00872653549958866,2.5534157266889E-14,0.999961923064161));
#8274=DIRECTION('center_axis',(-0.999961923064171,0.,-0.00872653549837375));
#8275=DIRECTION('ref_axis',(0.,1.,0.));
#8276=DIRECTION('',(-2.221531088018E-13,-1.,0.));
#8277=DIRECTION('',(0.00872653549845074,0.,-0.999961923064171));
#8278=DIRECTION('',(-5.921189459009E-13,-1.,2.26978929262E-14));
#8279=DIRECTION('',(-0.00846600273801513,0.242526631318204,0.970107808389915));
#8280=DIRECTION('',(-0.00872653547771057,-4.37753934126378E-8,0.999961923064351));
#8281=DIRECTION('center_axis',(0.,-1.,0.));
#8282=DIRECTION('ref_axis',(-1.,0.,0.));
#8283=DIRECTION('',(1.,0.,0.));
#8284=DIRECTION('',(0.,0.,-1.));
#8285=DIRECTION('center_axis',(-1.,0.,0.));
#8286=DIRECTION('ref_axis',(0.,1.,0.));
#8287=DIRECTION('',(0.,-1.,0.));
#8288=DIRECTION('',(0.,0.,-1.));
#8289=DIRECTION('center_axis',(0.,1.,0.));
#8290=DIRECTION('ref_axis',(1.,0.,0.));
#8291=DIRECTION('',(-1.,0.,0.));
#8292=DIRECTION('',(0.,0.,-1.));
#8293=DIRECTION('center_axis',(-0.93200467218295,0.362446259504981,0.));
#8294=DIRECTION('ref_axis',(0.362446259504981,0.93200467218295,0.));
#8295=DIRECTION('',(0.362446259504894,0.932004672182984,0.));
#8296=DIRECTION('',(0.,0.,-1.));
#8297=DIRECTION('center_axis',(0.,-1.,0.));
#8298=DIRECTION('ref_axis',(-1.,0.,0.));
#8299=DIRECTION('',(1.,-1.332267630909E-14,0.));
#8300=DIRECTION('',(0.,0.,1.));
#8301=DIRECTION('',(1.,0.,0.));
#8302=DIRECTION('',(0.,0.,1.));
#8303=DIRECTION('',(1.,0.,0.));
#8304=DIRECTION('',(0.,0.,-1.));
#8305=DIRECTION('center_axis',(0.932004671294522,0.362446261789509,0.));
#8306=DIRECTION('ref_axis',(0.362446261789509,-0.932004671294522,0.));
#8307=DIRECTION('',(0.362446261789509,-0.932004671294522,0.));
#8308=DIRECTION('',(0.,0.,-1.));
#8309=DIRECTION('center_axis',(0.,1.,0.));
#8310=DIRECTION('ref_axis',(1.,0.,0.));
#8311=DIRECTION('',(-1.,-2.664535264073E-14,0.));
#8312=DIRECTION('',(0.,0.,-1.));
#8313=DIRECTION('center_axis',(1.,0.,0.));
#8314=DIRECTION('ref_axis',(0.,-1.,0.));
#8315=DIRECTION('',(0.,1.,0.));
#8316=DIRECTION('',(0.,0.,-1.));
#8317=DIRECTION('center_axis',(0.,-1.,0.));
#8318=DIRECTION('ref_axis',(-1.,0.,0.));
#8319=DIRECTION('',(1.,0.,0.));
#8320=DIRECTION('',(0.00872653549838275,0.,0.999961923064171));
#8321=DIRECTION('center_axis',(0.999961923064171,0.,-0.00872653549837375));
#8322=DIRECTION('ref_axis',(0.,-1.,0.));
#8323=DIRECTION('',(-1.600673247206E-14,1.,0.));
#8324=DIRECTION('',(-0.00872653543641309,6.73360791000607E-8,-0.99996192306471));
#8325=DIRECTION('',(-0.00846600370474302,-0.2425263255107,-0.970107884833202));
#8326=DIRECTION('center_axis',(0.,-0.970142500145338,0.242535625036309));
#8327=DIRECTION('ref_axis',(0.,0.242535625036309,0.970142500145338));
#8328=DIRECTION('',(0.999999999994866,-1.18003736074596E-6,2.9791969122939E-6));
#8329=DIRECTION('center_axis',(0.,6.47101420067E-14,1.));
#8330=DIRECTION('ref_axis',(0.,1.,-6.47101420067E-14));
#8331=DIRECTION('center_axis',(0.,-0.970142500145338,0.242535625036309));
#8332=DIRECTION('ref_axis',(0.,0.242535625036309,0.970142500145338));
#8333=DIRECTION('',(0.999999999989716,-1.26072902828802E-6,-4.35648006550007E-6));
#8334=DIRECTION('center_axis',(0.999982680165046,0.,-0.00588552206107927));
#8335=DIRECTION('ref_axis',(0.00588552206107927,0.,0.999982680165046));
#8336=DIRECTION('',(-0.000485871886217023,-0.999999881964248,4.36170159576221E-9));
#8337=DIRECTION('',(-0.0058855220408078,0.,-0.999982680165165));
#8338=DIRECTION('',(0.,-1.,0.));
#8339=DIRECTION('center_axis',(0.999708661160313,0.,-0.0241369592338203));
#8340=DIRECTION('ref_axis',(0.0241369592338203,0.,0.999708661160313));
#8341=DIRECTION('',(-0.0241369592731791,0.,-0.999708661159362));
#8342=DIRECTION('',(0.,-1.,0.));
#8343=DIRECTION('center_axis',(0.997890801304096,0.,-0.0649149341266598));
#8344=DIRECTION('ref_axis',(0.0649149341266597,0.,0.997890801304096));
#8345=DIRECTION('',(-0.0649149341978179,0.,-0.997890801299467));
#8346=DIRECTION('',(0.,-1.,0.));
#8347=DIRECTION('center_axis',(0.990514871789727,0.,-0.137405563072904));
#8348=DIRECTION('ref_axis',(0.137405563072904,0.,0.990514871789727));
#8349=DIRECTION('',(-0.137405563057004,0.,-0.990514871791932));
#8350=DIRECTION('',(0.,-1.,0.));
#8351=DIRECTION('center_axis',(0.973951136522252,0.,-0.226757984792189));
#8352=DIRECTION('ref_axis',(0.226757984792189,0.,0.973951136522252));
#8353=DIRECTION('',(-0.226757984792306,0.,-0.973951136522224));
#8354=DIRECTION('',(0.,-1.,0.));
#8355=DIRECTION('center_axis',(0.945157044563173,0.,-0.326616229101691));
#8356=DIRECTION('ref_axis',(0.326616229101691,0.,0.945157044563173));
#8357=DIRECTION('',(-0.326616229064985,0.,-0.945157044575857));
#8358=DIRECTION('',(0.,-1.,0.));
#8359=DIRECTION('center_axis',(0.900034814611419,0.,-0.435818003858709));
#8360=DIRECTION('ref_axis',(0.435818003858709,0.,0.900034814611419));
#8361=DIRECTION('',(-0.435818003795792,0.,-0.900034814641884));
#8362=DIRECTION('',(0.,-1.,1.7763568394E-14));
#8363=DIRECTION('center_axis',(0.839544345627289,0.,-0.543291166618093));
#8364=DIRECTION('ref_axis',(0.543291166618093,0.,0.839544345627288));
#8365=DIRECTION('',(-0.54329116661439,0.,-0.839544345629684));
#8366=DIRECTION('',(0.,-1.,0.));
#8367=DIRECTION('center_axis',(0.76350727342941,0.,-0.645799228414209));
#8368=DIRECTION('ref_axis',(0.645799228414209,0.,0.763507273429411));
#8369=DIRECTION('',(-0.645799228389994,0.,-0.763507273449892));
#8370=DIRECTION('',(0.,-1.,0.));
#8371=DIRECTION('center_axis',(0.679655433645973,0.,-0.73353152046487));
#8372=DIRECTION('ref_axis',(0.733531520464871,0.,0.679655433645973));
#8373=DIRECTION('',(-0.73353152045814,0.,-0.679655433653237));
#8374=DIRECTION('',(0.,-1.,0.));
#8375=DIRECTION('center_axis',(0.584129620167991,0.,-0.811660388858788));
#8376=DIRECTION('ref_axis',(0.811660388858788,0.,0.584129620167991));
#8377=DIRECTION('',(-0.811660388867703,0.,-0.584129620155603));
#8378=DIRECTION('',(0.,-1.,0.));
#8379=DIRECTION('center_axis',(0.48546529767362,0.,-0.874255937786335));
#8380=DIRECTION('ref_axis',(0.874255937786335,0.,0.485465297673619));
#8381=DIRECTION('',(-0.874255937797048,0.,-0.485465297654327));
#8382=DIRECTION('',(0.,-1.,0.));
#8383=DIRECTION('center_axis',(0.383303959746385,0.,-0.923622257442263));
#8384=DIRECTION('ref_axis',(0.923622257442263,0.,0.383303959746385));
#8385=DIRECTION('',(-0.923622257444171,0.,-0.383303959741788));
#8386=DIRECTION('',(0.,-1.,1.7763568394E-14));
#8387=DIRECTION('center_axis',(0.278506894304004,0.,-0.960434229827914));
#8388=DIRECTION('ref_axis',(0.960434229827914,0.,0.278506894304004));
#8389=DIRECTION('',(-0.960434229823656,0.,-0.278506894318687));
#8390=DIRECTION('',(-1.18305365504E-11,-1.,-3.446132268435E-12));
#8391=DIRECTION('center_axis',(0.181178688738997,0.,-0.983450193322884));
#8392=DIRECTION('ref_axis',(0.983450193322884,0.,0.181178688738997));
#8393=DIRECTION('',(-0.983450193321374,0.,-0.181178688747195));
#8394=DIRECTION('',(0.,-1.,0.));
#8395=DIRECTION('center_axis',(0.090111553913454,0.,-0.995931678304944));
#8396=DIRECTION('ref_axis',(0.995931678304944,0.,0.090111553913454));
#8397=DIRECTION('',(-0.995931678305329,0.,-0.0901115539092026));
#8398=DIRECTION('',(0.,-1.,0.));
#8399=DIRECTION('center_axis',(0.00388657333444514,0.,-0.999992447245336));
#8400=DIRECTION('ref_axis',(0.999992447245336,0.,0.00388657333444514));
#8401=DIRECTION('',(-0.999992447245336,0.,-0.00388657333443563));
#8402=DIRECTION('',(0.,-1.,0.));
#8403=DIRECTION('center_axis',(-0.0747364081351774,0.,-0.997203323951065));
#8404=DIRECTION('ref_axis',(0.997203323951065,0.,-0.0747364081351774));
#8405=DIRECTION('',(-0.997203323951065,0.,0.0747364081351774));
#8406=DIRECTION('',(0.,-1.,0.));
#8407=DIRECTION('center_axis',(-0.1749119282983,0.,-0.984584083427602));
#8408=DIRECTION('ref_axis',(0.984584083427602,0.,-0.1749119282983));
#8409=DIRECTION('',(-0.984584083428579,0.,0.174911928292796));
#8410=DIRECTION('',(-2.842170943039E-13,-1.,7.105427357598E-14));
#8411=DIRECTION('center_axis',(-0.310548228085388,0.,-0.950557624782962));
#8412=DIRECTION('ref_axis',(0.950557624782962,0.,-0.310548228085388));
#8413=DIRECTION('',(-0.950557624781293,0.,0.310548228090497));
#8414=DIRECTION('',(-3.552713678799E-14,-1.,0.));
#8415=DIRECTION('center_axis',(-0.449017347803883,0.,-0.893523039082466));
#8416=DIRECTION('ref_axis',(0.893523039082466,0.,-0.449017347803883));
#8417=DIRECTION('',(-0.893523039086221,0.,0.449017347796411));
#8418=DIRECTION('',(-1.7763568394E-13,-1.,1.06581410364E-13));
#8419=DIRECTION('center_axis',(-0.565786048928433,0.,-0.824552088614148));
#8420=DIRECTION('ref_axis',(0.824552088614148,0.,-0.565786048928433));
#8421=DIRECTION('',(-0.82455208862143,0.,0.56578604891782));
#8422=DIRECTION('',(0.,-1.,0.));
#8423=DIRECTION('center_axis',(-0.665865190362815,0.,-0.746072079804017));
#8424=DIRECTION('ref_axis',(0.746072079804017,0.,-0.665865190362815));
#8425=DIRECTION('',(-0.74607207980279,0.,0.665865190364191));
#8426=DIRECTION('',(0.,-1.,0.));
#8427=DIRECTION('center_axis',(-0.764103766843326,0.,-0.645093352543522));
#8428=DIRECTION('ref_axis',(0.645093352543522,0.,-0.764103766843326));
#8429=DIRECTION('',(-0.645093352525305,0.,0.764103766858706));
#8430=DIRECTION('',(0.,-1.,0.));
#8431=DIRECTION('center_axis',(-0.850111071128771,0.,-0.526603424546682));
#8432=DIRECTION('ref_axis',(0.526603424546682,0.,-0.850111071128771));
#8433=DIRECTION('',(-0.526603424523208,0.,0.850111071143313));
#8434=DIRECTION('',(0.,-1.,0.));
#8435=DIRECTION('center_axis',(-0.916735081981817,0.,-0.399495668892407));
#8436=DIRECTION('ref_axis',(0.399495668892407,0.,-0.916735081981817));
#8437=DIRECTION('',(-0.399495668883499,0.,0.916735081985699));
#8438=DIRECTION('',(0.,-1.,0.));
#8439=DIRECTION('center_axis',(-0.958956921294915,0.,-0.283551799677904));
#8440=DIRECTION('ref_axis',(0.283551799677904,0.,-0.958956921294915));
#8441=DIRECTION('',(-0.2835517996651,0.,0.958956921298701));
#8442=DIRECTION('',(0.,-1.,0.));
#8443=DIRECTION('center_axis',(-0.987152877624584,0.,-0.159778584915197));
#8444=DIRECTION('ref_axis',(0.159778584915197,0.,-0.987152877624584));
#8445=DIRECTION('',(-0.159778584938194,0.,0.987152877620862));
#8446=DIRECTION('',(-2.238209617643E-12,-1.,1.362465695819E-11));
#8447=DIRECTION('center_axis',(-0.997226379294011,0.,-0.0744281427966408));
#8448=DIRECTION('ref_axis',(0.0744281427966408,0.,-0.997226379294011));
#8449=DIRECTION('',(-0.0744281428086113,0.,0.997226379293118));
#8450=DIRECTION('',(0.,-1.,0.));
#8451=DIRECTION('center_axis',(-0.999797516613609,0.,-0.0201227675348102));
#8452=DIRECTION('ref_axis',(0.0201227675348102,0.,-0.999797516613609));
#8453=DIRECTION('',(-0.0201227675317994,0.,0.99979751661367));
#8454=DIRECTION('',(0.,-1.,0.));
#8455=DIRECTION('center_axis',(-1.,0.,0.));
#8456=DIRECTION('ref_axis',(0.,0.,-1.));
#8457=DIRECTION('',(-8.807991304757E-13,0.,1.));
#8458=DIRECTION('',(0.,-1.,0.));
#8459=DIRECTION('center_axis',(0.305329247848395,0.,0.952246843212585));
#8460=DIRECTION('ref_axis',(-0.952246843212585,0.,0.305329247848395));
#8461=DIRECTION('',(0.952246843212295,0.,-0.305329247849298));
#8462=DIRECTION('',(0.,-1.,0.));
#8463=DIRECTION('center_axis',(1.,0.,0.));
#8464=DIRECTION('ref_axis',(0.,0.,1.));
#8465=DIRECTION('',(6.361359426671E-12,0.,-1.));
#8466=DIRECTION('center_axis',(0.305142407502613,0.,0.952306731648742));
#8467=DIRECTION('ref_axis',(-0.952306731648742,0.,0.305142407502613));
#8468=DIRECTION('',(0.,-1.,0.));
#8469=DIRECTION('',(0.952306731648298,0.,-0.305142407503999));
#8470=DIRECTION('',(0.,-1.,0.));
#8471=DIRECTION('center_axis',(1.,0.,0.));
#8472=DIRECTION('ref_axis',(0.,0.,1.));
#8473=DIRECTION('',(1.104833552869E-12,0.,-1.));
#8474=DIRECTION('',(0.,-1.,0.));
#8475=DIRECTION('center_axis',(-0.30470270046611,0.,-0.952447512637132));
#8476=DIRECTION('ref_axis',(0.952447512637132,0.,-0.30470270046611));
#8477=DIRECTION('',(-0.952447512636939,0.,0.304702700466713));
#8478=DIRECTION('',(0.,-1.,0.));
#8479=DIRECTION('center_axis',(-1.,0.,0.));
#8480=DIRECTION('ref_axis',(0.,0.,-1.));
#8481=DIRECTION('',(-9.75939254476E-13,0.,1.));
#8482=DIRECTION('',(0.,-1.,0.));
#8483=DIRECTION('center_axis',(-0.27909355524529,0.,0.960263915504766));
#8484=DIRECTION('ref_axis',(-0.960263915504766,0.,-0.27909355524529));
#8485=DIRECTION('',(0.960263915504298,0.,0.279093555246899));
#8486=DIRECTION('',(0.,-1.,-1.7763568394E-14));
#8487=DIRECTION('center_axis',(-0.304979269861192,0.,-0.952358989538574));
#8488=DIRECTION('ref_axis',(0.952358989538574,0.,-0.304979269861192));
#8489=DIRECTION('',(-0.952358989538314,0.,0.304979269862005));
#8490=DIRECTION('',(0.,-1.,0.));
#8491=DIRECTION('center_axis',(-1.,0.,0.));
#8492=DIRECTION('ref_axis',(0.,0.,-1.));
#8493=DIRECTION('',(-1.125632635513E-12,0.,1.));
#8494=DIRECTION('',(0.,-1.,0.));
#8495=DIRECTION('center_axis',(0.304689075389195,0.,0.952451871402685));
#8496=DIRECTION('ref_axis',(-0.952451871402685,0.,0.304689075389195));
#8497=DIRECTION('',(0.952451871402493,0.,-0.304689075389798));
#8498=DIRECTION('',(0.,-1.,0.));
#8499=DIRECTION('center_axis',(1.,0.,0.));
#8500=DIRECTION('ref_axis',(0.,0.,1.));
#8501=DIRECTION('',(1.244650803828E-12,0.,-1.));
#8502=DIRECTION('',(0.,-1.,0.));
#8503=DIRECTION('center_axis',(0.281479028050197,0.,-0.959567380004091));
#8504=DIRECTION('ref_axis',(0.959567380004091,0.,0.281479028050197));
#8505=DIRECTION('',(-0.959567380003415,0.,-0.281479028052504));
#8506=DIRECTION('center_axis',(0.304920674707999,0.,0.952377751806298));
#8507=DIRECTION('ref_axis',(-0.952377751806298,0.,0.304920674707999));
#8508=DIRECTION('',(0.,-1.,0.));
#8509=DIRECTION('',(0.952377751806105,0.,-0.304920674708602));
#8510=DIRECTION('',(0.,-1.,0.));
#8511=DIRECTION('center_axis',(1.,0.,0.));
#8512=DIRECTION('ref_axis',(0.,0.,1.));
#8513=DIRECTION('',(3.325119923497E-13,0.,-1.));
#8514=DIRECTION('',(0.,-1.,0.));
#8515=DIRECTION('center_axis',(-0.303825555010386,0.,-0.952727679939357));
#8516=DIRECTION('ref_axis',(0.952727679939357,0.,-0.303825555010386));
#8517=DIRECTION('',(-0.952727679937955,0.,0.303825555014786));
#8518=DIRECTION('',(0.,-1.,0.));
#8519=DIRECTION('center_axis',(-1.,0.,0.));
#8520=DIRECTION('ref_axis',(0.,0.,-1.));
#8521=DIRECTION('',(1.593410597271E-13,0.,1.));
#8522=DIRECTION('',(0.,-1.,0.));
#8523=DIRECTION('center_axis',(-0.306084818690496,0.,-0.952004245666587));
#8524=DIRECTION('ref_axis',(0.952004245666587,0.,-0.306084818690496));
#8525=DIRECTION('',(-0.952004245666228,0.,0.306084818691609));
#8526=DIRECTION('',(0.,-1.,0.));
#8527=DIRECTION('center_axis',(1.,0.,0.));
#8528=DIRECTION('ref_axis',(0.,0.,1.));
#8529=DIRECTION('',(-3.159804223227E-13,0.,-1.));
#8530=DIRECTION('',(0.,-1.,-3.552713678799E-14));
#8531=DIRECTION('center_axis',(-0.303825555010386,0.,-0.952727679939357));
#8532=DIRECTION('ref_axis',(0.952727679939357,0.,-0.303825555010386));
#8533=DIRECTION('',(-0.952727679940309,0.,0.303825555007403));
#8534=DIRECTION('',(0.,-1.,0.));
#8535=DIRECTION('center_axis',(-1.,0.,0.));
#8536=DIRECTION('ref_axis',(0.,0.,-1.));
#8537=DIRECTION('',(-3.661793237786E-13,0.,1.));
#8538=DIRECTION('',(0.,-1.,0.));
#8539=DIRECTION('center_axis',(-0.323566398879803,0.,-0.946205466860109));
#8540=DIRECTION('ref_axis',(0.946205466860109,0.,-0.323566398879803));
#8541=DIRECTION('',(-0.946205466860764,0.,0.323566398877888));
#8542=DIRECTION('',(0.,-1.,0.));
#8543=DIRECTION('center_axis',(1.,0.,0.));
#8544=DIRECTION('ref_axis',(0.,0.,1.));
#8545=DIRECTION('',(4.358809339742E-13,0.,-1.));
#8546=DIRECTION('',(0.,-1.,0.));
#8547=DIRECTION('center_axis',(-0.307327108688115,0.,-0.951603934557547));
#8548=DIRECTION('ref_axis',(0.951603934557547,0.,-0.307327108688115));
#8549=DIRECTION('',(-0.951603934556098,0.,0.3073271086926));
#8550=DIRECTION('',(0.,-1.,0.));
#8551=DIRECTION('center_axis',(-1.,0.,0.));
#8552=DIRECTION('ref_axis',(0.,0.,-1.));
#8553=DIRECTION('',(-2.488073150681E-13,0.,1.));
#8554=DIRECTION('center_axis',(0.0773910720984664,0.,-0.997000813419653));
#8555=DIRECTION('ref_axis',(0.997000813419653,0.,0.0773910720984664));
#8556=DIRECTION('',(0.,-1.,0.));
#8557=DIRECTION('',(-0.997000813419381,0.,-0.0773910721019686));
#8558=DIRECTION('',(0.,-1.,0.));
#8559=DIRECTION('center_axis',(-0.999007659580507,0.,-0.0445387033879203));
#8560=DIRECTION('ref_axis',(0.0445387033879203,0.,-0.999007659580507));
#8561=DIRECTION('',(-0.0445387033841289,0.,0.999007659580676));
#8562=DIRECTION('',(0.,-1.,1.7763568394E-14));
#8563=DIRECTION('center_axis',(-0.0961875677366812,0.,0.995363226070213));
#8564=DIRECTION('ref_axis',(-0.995363226070213,0.,-0.0961875677366812));
#8565=DIRECTION('',(0.995363226071672,0.,0.0961875677215773));
#8566=DIRECTION('',(0.,-1.,0.));
#8567=DIRECTION('center_axis',(-0.339034636350691,0.,0.940773891726676));
#8568=DIRECTION('ref_axis',(-0.940773891726676,0.,-0.339034636350691));
#8569=DIRECTION('',(0.940773891740113,0.,0.339034636313405));
#8570=DIRECTION('',(0.,-1.,0.));
#8571=DIRECTION('center_axis',(-0.606108011182875,0.,0.795382347541068));
#8572=DIRECTION('ref_axis',(-0.795382347541068,0.,-0.606108011182875));
#8573=DIRECTION('',(0.795382347548984,0.,0.606108011172487));
#8574=DIRECTION('',(0.,-1.,-1.7763568394E-14));
#8575=DIRECTION('center_axis',(-0.83287359454501,0.,0.553463255790007));
#8576=DIRECTION('ref_axis',(-0.553463255790007,0.,-0.83287359454501));
#8577=DIRECTION('',(0.553463255743807,0.,0.832873594575711));
#8578=DIRECTION('',(0.,-1.,0.));
#8579=DIRECTION('center_axis',(-0.957272889937431,0.,0.289186123786809));
#8580=DIRECTION('ref_axis',(-0.289186123786809,0.,-0.957272889937431));
#8581=DIRECTION('',(0.289186123700107,0.,0.957272889963623));
#8582=DIRECTION('',(2.344791028007E-12,-1.,7.496225862266E-12));
#8583=DIRECTION('center_axis',(-0.996724922007618,0.,0.0808667413026414));
#8584=DIRECTION('ref_axis',(-0.0808667413026415,0.,-0.996724922007618));
#8585=DIRECTION('',(0.0808667413002311,0.,0.996724922007813));
#8586=DIRECTION('',(0.,-1.,0.));
#8587=DIRECTION('center_axis',(-0.997931807846927,0.,-0.0642814661264417));
#8588=DIRECTION('ref_axis',(0.0642814661264417,0.,-0.997931807846926));
#8589=DIRECTION('',(-0.0642814660813022,0.,0.997931807849834));
#8590=DIRECTION('',(0.,-1.,0.));
#8591=DIRECTION('center_axis',(-0.972410639450014,0.,-0.233275691584903));
#8592=DIRECTION('ref_axis',(0.233275691584903,0.,-0.972410639450014));
#8593=DIRECTION('',(-0.233275691606602,0.,0.972410639444809));
#8594=DIRECTION('',(0.,-1.,0.));
#8595=DIRECTION('center_axis',(-0.884127960509024,0.,-0.467244849566213));
#8596=DIRECTION('ref_axis',(0.467244849566213,0.,-0.884127960509025));
#8597=DIRECTION('',(-0.467244849580292,0.,0.884127960501584));
#8598=DIRECTION('',(0.,-1.,0.));
#8599=DIRECTION('center_axis',(-0.723037032414686,0.,-0.690809271620586));
#8600=DIRECTION('ref_axis',(0.690809271620586,0.,-0.723037032414686));
#8601=DIRECTION('',(-0.690809271595118,0.,0.723037032439019));
#8602=DIRECTION('',(0.,-1.,0.));
#8603=DIRECTION('center_axis',(-0.510667179528592,0.,-0.859778478302587));
#8604=DIRECTION('ref_axis',(0.859778478302587,0.,-0.510667179528592));
#8605=DIRECTION('',(-0.859778478308289,0.,0.510667179518993));
#8606=DIRECTION('',(0.,-1.,0.));
#8607=DIRECTION('center_axis',(-0.244330447655307,0.,-0.969692029640627));
#8608=DIRECTION('ref_axis',(0.969692029640627,0.,-0.244330447655307));
#8609=DIRECTION('',(-0.969692029643423,0.,0.244330447644206));
#8610=DIRECTION('',(0.,-1.,0.));
#8611=DIRECTION('center_axis',(0.0266597789427204,0.,-0.999644564926317));
#8612=DIRECTION('ref_axis',(0.999644564926317,0.,0.0266597789427205));
#8613=DIRECTION('',(-0.999644564926799,0.,-0.02665977892465));
#8614=DIRECTION('',(0.,-1.,0.));
#8615=DIRECTION('center_axis',(0.339126140449903,0.,-0.940740910593109));
#8616=DIRECTION('ref_axis',(0.940740910593109,0.,0.339126140449903));
#8617=DIRECTION('',(-0.94074091059636,0.,-0.339126140440886));
#8618=DIRECTION('',(0.,-1.,0.));
#8619=DIRECTION('center_axis',(0.6271734058379,0.,-0.7788796563075));
#8620=DIRECTION('ref_axis',(0.7788796563075,0.,0.6271734058379));
#8621=DIRECTION('',(-0.778879656332653,0.,-0.627173405806662));
#8622=DIRECTION('',(0.,-1.,0.));
#8623=DIRECTION('center_axis',(0.802243004788075,0.,-0.596997622498282));
#8624=DIRECTION('ref_axis',(0.596997622498281,0.,0.802243004788075));
#8625=DIRECTION('',(-0.596997622514904,0.,-0.802243004775705));
#8626=DIRECTION('',(-3.552713678799E-14,-1.,-8.881784196998E-14));
#8627=DIRECTION('center_axis',(0.871198270380575,0.,-0.490931332964086));
#8628=DIRECTION('ref_axis',(0.490931332964086,0.,0.871198270380575));
#8629=DIRECTION('',(-0.490975180611476,0.,-0.871173560218358));
#8630=DIRECTION('',(-5.17630383001E-11,-1.,-9.181988502856E-11));
#8631=DIRECTION('center_axis',(0.900366647007225,0.,-0.435132050022712));
#8632=DIRECTION('ref_axis',(0.435132050022712,0.,0.900366647007225));
#8633=DIRECTION('',(-0.435132050022712,0.,-0.900366647007224));
#8634=DIRECTION('',(-4.266809128238E-11,-1.,-7.30615568045E-11));
#8635=DIRECTION('center_axis',(0.863462682985792,0.,-0.504412722966995));
#8636=DIRECTION('ref_axis',(0.504412722966995,0.,0.863462682985791));
#8637=DIRECTION('',(-0.504412722974814,0.,-0.863462682981224));
#8638=DIRECTION('',(0.,-1.,0.));
#8639=DIRECTION('center_axis',(0.773752292367479,0.,-0.633488271443183));
#8640=DIRECTION('ref_axis',(0.633488271443183,0.,0.773752292367479));
#8641=DIRECTION('',(-0.633488271447304,0.,-0.773752292364105));
#8642=DIRECTION('',(0.,-1.,0.));
#8643=DIRECTION('center_axis',(0.557160277221332,0.,-0.830404976795448));
#8644=DIRECTION('ref_axis',(0.830404976795448,0.,0.557160277221332));
#8645=DIRECTION('',(-0.830404976801104,0.,-0.557160277212903));
#8646=DIRECTION('',(0.,-1.,3.552713678799E-14));
#8647=DIRECTION('center_axis',(0.278506925664801,0.,-0.960434220733904));
#8648=DIRECTION('ref_axis',(0.960434220733904,0.,0.278506925664801));
#8649=DIRECTION('',(-0.960434220734944,0.,-0.278506925661213));
#8650=DIRECTION('',(0.,-1.,0.));
#8651=DIRECTION('center_axis',(0.00557203193411382,0.,-0.999984476109567));
#8652=DIRECTION('ref_axis',(0.999984476109567,0.,0.00557203193411382));
#8653=DIRECTION('',(-0.999984476109553,0.,-0.00557203193663374));
#8654=DIRECTION('',(0.,-1.,0.));
#8655=DIRECTION('center_axis',(-0.242507042891591,0.,-0.970149645234165));
#8656=DIRECTION('ref_axis',(0.970149645234165,0.,-0.242507042891591));
#8657=DIRECTION('',(-0.970149645234888,0.,0.242507042888697));
#8658=DIRECTION('',(0.,-1.,0.));
#8659=DIRECTION('center_axis',(-0.498292759218411,0.,-0.86700883854232));
#8660=DIRECTION('ref_axis',(0.86700883854232,0.,-0.498292759218411));
#8661=DIRECTION('',(-0.867008838547567,0.,0.498292759209281));
#8662=DIRECTION('',(0.,-1.,0.));
#8663=DIRECTION('center_axis',(-0.701213705428071,0.,-0.712951147919571));
#8664=DIRECTION('ref_axis',(0.712951147919571,0.,-0.701213705428071));
#8665=DIRECTION('',(-0.712951147923389,0.,0.701213705424189));
#8666=DIRECTION('',(7.105427357598E-14,-1.,0.));
#8667=DIRECTION('center_axis',(-0.851598469641433,0.,-0.52419466470422));
#8668=DIRECTION('ref_axis',(0.52419466470422,0.,-0.851598469641433));
#8669=DIRECTION('',(-0.524194664677229,0.,0.851598469658047));
#8670=DIRECTION('',(0.,-1.,0.));
#8671=DIRECTION('center_axis',(-0.955053915900231,0.,-0.29643214691331));
#8672=DIRECTION('ref_axis',(0.29643214691331,0.,-0.955053915900231));
#8673=DIRECTION('',(-0.296432146880293,0.,0.955053915910479));
#8674=DIRECTION('',(0.,-1.,1.7763568394E-14));
#8675=DIRECTION('center_axis',(-0.996049048569389,0.,-0.088804801919799));
#8676=DIRECTION('ref_axis',(0.088804801919799,0.,-0.996049048569389));
#8677=DIRECTION('',(-0.0888048019443401,0.,0.996049048567201));
#8678=DIRECTION('',(0.,-1.,-5.329070518199E-14));
#8679=DIRECTION('center_axis',(-0.99826615589298,0.,0.0588615494075088));
#8680=DIRECTION('ref_axis',(-0.0588615494075088,0.,-0.99826615589298));
#8681=DIRECTION('',(0.0588615493968106,0.,0.998266155893611));
#8682=DIRECTION('',(0.,-1.,0.));
#8683=DIRECTION('center_axis',(-0.980938425290599,0.,0.1943188251004));
#8684=DIRECTION('ref_axis',(-0.1943188251004,0.,-0.980938425290599));
#8685=DIRECTION('',(0.194318825149302,0.,0.980938425280912));
#8686=DIRECTION('',(3.552713678799E-14,-1.,2.131628207279E-13));
#8687=DIRECTION('center_axis',(-0.93616493272798,0.,0.351561116636093));
#8688=DIRECTION('ref_axis',(-0.351561116636093,0.,-0.93616493272798));
#8689=DIRECTION('',(0.351561116646491,0.,0.936164932724075));
#8690=DIRECTION('',(0.,-1.,0.));
#8691=DIRECTION('center_axis',(-0.852815342313309,0.,0.522212592643105));
#8692=DIRECTION('ref_axis',(-0.522212592643105,0.,-0.852815342313309));
#8693=DIRECTION('',(0.522212592642491,0.,0.852815342313685));
#8694=DIRECTION('',(0.,-1.,1.7763568394E-14));
#8695=DIRECTION('center_axis',(-0.706224842583597,0.,0.707987621161397));
#8696=DIRECTION('ref_axis',(-0.707987621161397,0.,-0.706224842583597));
#8697=DIRECTION('',(0.707987621143769,0.,0.706224842601269));
#8698=DIRECTION('',(0.,-1.,0.));
#8699=DIRECTION('center_axis',(-0.489370526648821,0.,0.872075964378938));
#8700=DIRECTION('ref_axis',(-0.872075964378938,0.,-0.489370526648822));
#8701=DIRECTION('',(0.872075964367897,0.,0.489370526668498));
#8702=DIRECTION('',(0.,-1.,0.));
#8703=DIRECTION('center_axis',(-0.271760732487505,0.,0.962364849876519));
#8704=DIRECTION('ref_axis',(-0.962364849876519,0.,-0.271760732487505));
#8705=DIRECTION('',(0.962364849877396,0.,0.271760732484399));
#8706=DIRECTION('',(0.,-1.,0.));
#8707=DIRECTION('center_axis',(-0.0922128454589015,0.,0.995739318864316));
#8708=DIRECTION('ref_axis',(-0.995739318864316,0.,-0.0922128454589015));
#8709=DIRECTION('',(0.995739318864259,0.,0.0922128454595262));
#8710=DIRECTION('',(3.552713678799E-14,-1.,0.));
#8711=DIRECTION('center_axis',(0.0678708992040196,0.,0.997694111960794));
#8712=DIRECTION('ref_axis',(-0.997694111960794,0.,0.0678708992040196));
#8713=DIRECTION('',(0.997694111960485,0.,-0.067870899208569));
#8714=DIRECTION('',(-3.552713678799E-14,-1.,1.7763568394E-14));
#8715=DIRECTION('center_axis',(0.998649889615166,0.,0.0519461064144082));
#8716=DIRECTION('ref_axis',(-0.0519461064144082,0.,0.998649889615166));
#8717=DIRECTION('',(0.0519461064142486,0.,-0.998649889615174));
#8718=DIRECTION('',(0.,-1.,0.));
#8719=DIRECTION('center_axis',(-0.0166265705018695,0.,-0.999861769022772));
#8720=DIRECTION('ref_axis',(0.999861769022772,0.,-0.0166265705018695));
#8721=DIRECTION('',(-0.999861769022877,0.,0.0166265704955196));
#8722=DIRECTION('',(-0.0125721173962099,-0.999918874838989,-0.00204587509525498));
#8723=DIRECTION('center_axis',(0.140243899994503,0.,-0.990116987287023));
#8724=DIRECTION('ref_axis',(0.990116987287024,0.,0.140243899994503));
#8725=DIRECTION('',(-0.990116987285621,0.,-0.140243900004403));
#8726=DIRECTION('',(0.,-1.,0.));
#8727=DIRECTION('center_axis',(0.410070668617588,0.,-0.912053752110874));
#8728=DIRECTION('ref_axis',(0.912053752110874,0.,0.410070668617588));
#8729=DIRECTION('',(-0.912053752130827,0.,-0.410070668573212));
#8730=DIRECTION('',(-7.105427357598E-14,-1.,0.));
#8731=DIRECTION('center_axis',(0.765304602832318,0.,-0.643668287927615));
#8732=DIRECTION('ref_axis',(0.643668287927615,0.,0.765304602832318));
#8733=DIRECTION('',(-0.643668287966889,0.,-0.765304602799287));
#8734=DIRECTION('',(0.,-1.,0.));
#8735=DIRECTION('center_axis',(0.949213026759601,0.,-0.3146341205748));
#8736=DIRECTION('ref_axis',(0.3146341205748,0.,0.949213026759601));
#8737=DIRECTION('',(-0.314634120532296,0.,-0.949213026773689));
#8738=DIRECTION('',(-3.161915174131E-12,-1.,-9.55679979597E-12));
#8739=DIRECTION('center_axis',(0.996625867089276,0.,-0.082078505399088));
#8740=DIRECTION('ref_axis',(0.082078505399088,0.,0.996625867089276));
#8741=DIRECTION('',(-0.0820785053771387,0.,-0.996625867091084));
#8742=DIRECTION('',(0.,-1.,0.));
#8743=DIRECTION('center_axis',(0.997865881877632,0.,0.0652968742328121));
#8744=DIRECTION('ref_axis',(-0.0652968742328121,0.,0.997865881877632));
#8745=DIRECTION('',(0.0652968742170078,0.,-0.997865881878666));
#8746=DIRECTION('',(0.,-1.,0.));
#8747=DIRECTION('center_axis',(0.972180986202425,0.,0.234230933197306));
#8748=DIRECTION('ref_axis',(-0.234230933197306,0.,0.972180986202425));
#8749=DIRECTION('',(0.234230933176202,0.,-0.972180986207509));
#8750=DIRECTION('',(0.,-1.,0.));
#8751=DIRECTION('center_axis',(0.887137419750628,0.,0.461505361267015));
#8752=DIRECTION('ref_axis',(-0.461505361267015,0.,0.887137419750628));
#8753=DIRECTION('',(0.461505361248603,0.,-0.887137419760206));
#8754=DIRECTION('',(0.,-1.,0.));
#8755=DIRECTION('center_axis',(0.73386524567537,0.,0.679295076671272));
#8756=DIRECTION('ref_axis',(-0.679295076671272,0.,0.73386524567537));
#8757=DIRECTION('',(0.679295076697496,0.,-0.733865245651096));
#8758=DIRECTION('',(0.,-1.,0.));
#8759=DIRECTION('center_axis',(0.532415779344506,0.,0.84648298146211));
#8760=DIRECTION('ref_axis',(-0.84648298146211,0.,0.532415779344506));
#8761=DIRECTION('',(0.846482981462228,0.,-0.532415779344318));
#8762=DIRECTION('',(0.,-1.,0.));
#8763=DIRECTION('center_axis',(0.257789603355509,0.,0.966201076589035));
#8764=DIRECTION('ref_axis',(-0.966201076589035,0.,0.257789603355509));
#8765=DIRECTION('',(0.96620107658856,0.,-0.257789603357289));
#8766=DIRECTION('',(0.,-1.,0.));
#8767=DIRECTION('center_axis',(-0.0349776567876094,0.,0.999388094548683));
#8768=DIRECTION('ref_axis',(-0.999388094548683,0.,-0.0349776567876094));
#8769=DIRECTION('',(0.999388094547744,0.,0.0349776568144515));
#8770=DIRECTION('',(0.,-1.,0.));
#8771=DIRECTION('center_axis',(-0.355498429209294,0.,0.934676878300584));
#8772=DIRECTION('ref_axis',(-0.934676878300584,0.,-0.355498429209294));
#8773=DIRECTION('',(0.934676878303925,0.,0.35549842920051));
#8774=DIRECTION('',(7.105427357598E-14,-1.,3.552713678799E-14));
#8775=DIRECTION('center_axis',(-0.635132273102035,0.,0.772403389210743));
#8776=DIRECTION('ref_axis',(-0.772403389210743,0.,-0.635132273102035));
#8777=DIRECTION('',(0.772403389249143,0.,0.635132273055335));
#8778=DIRECTION('',(-3.552713678799E-14,-1.,-3.552713678799E-14));
#8779=DIRECTION('center_axis',(-0.813824879409724,0.,0.581110200954817));
#8780=DIRECTION('ref_axis',(-0.581110200954817,0.,-0.813824879409724));
#8781=DIRECTION('',(0.581110200935395,0.,0.813824879423593));
#8782=DIRECTION('',(-1.06581410364E-13,-1.,-1.7763568394E-13));
#8783=DIRECTION('center_axis',(-0.878514308621592,0.,0.477716034425396));
#8784=DIRECTION('ref_axis',(-0.477716034425396,0.,-0.878514308621592));
#8785=DIRECTION('',(0.477716034425396,0.,0.878514308621592));
#8786=DIRECTION('',(-1.033484409163E-10,-1.,-1.899813639738E-10));
#8787=DIRECTION('center_axis',(-0.903216404123366,0.,0.429185423007884));
#8788=DIRECTION('ref_axis',(-0.429185423007884,0.,-0.903216404123366));
#8789=DIRECTION('',(0.429185423007884,0.,0.903216404123366));
#8790=DIRECTION('',(-1.374900193695E-10,-1.,-2.616573624436E-10));
#8791=DIRECTION('center_axis',(-0.885369230340071,0.,0.464888509179385));
#8792=DIRECTION('ref_axis',(-0.464888509179385,0.,-0.885369230340071));
#8793=DIRECTION('',(0.464888509180098,0.,0.885369230339696));
#8794=DIRECTION('',(0.,-1.,0.));
#8795=DIRECTION('center_axis',(-0.853329068406602,0.,0.521372708350102));
#8796=DIRECTION('ref_axis',(-0.521372708350102,0.,-0.853329068406602));
#8797=DIRECTION('',(0.521372708307587,0.,0.853329068432578));
#8798=DIRECTION('',(0.,-1.,0.));
#8799=DIRECTION('center_axis',(-0.774918618344389,0.,0.632061021534491));
#8800=DIRECTION('ref_axis',(-0.632061021534491,0.,-0.774918618344389));
#8801=DIRECTION('',(0.632061021522098,0.,0.774918618354497));
#8802=DIRECTION('',(0.,-1.,0.));
#8803=DIRECTION('center_axis',(-0.648937271811322,0.,0.760841913444625));
#8804=DIRECTION('ref_axis',(-0.760841913444625,0.,-0.648937271811322));
#8805=DIRECTION('',(0.760841913459998,0.,0.648937271793298));
#8806=DIRECTION('',(0.,-1.,0.));
#8807=DIRECTION('center_axis',(-0.498007300408314,0.,0.867172836717124));
#8808=DIRECTION('ref_axis',(-0.867172836717124,0.,-0.498007300408314));
#8809=DIRECTION('',(0.867172836725803,0.,0.498007300393201));
#8810=DIRECTION('',(3.552713678799E-14,-1.,1.7763568394E-14));
#8811=DIRECTION('center_axis',(-0.319681684952613,0.,0.947524997193139));
#8812=DIRECTION('ref_axis',(-0.947524997193139,0.,-0.319681684952613));
#8813=DIRECTION('',(0.947524997193008,0.,0.319681684953003));
#8814=DIRECTION('',(7.460698725478E-13,-1.,2.842170943039E-13));
#8815=DIRECTION('center_axis',(-0.131172881633799,0.,0.991359508515395));
#8816=DIRECTION('ref_axis',(-0.991359508515395,0.,-0.131172881633799));
#8817=DIRECTION('',(0.991359508517233,0.,0.131172881619904));
#8818=DIRECTION('',(-0.0124470750793403,-0.999918176617621,-0.00295133726675906));
#8819=DIRECTION('center_axis',(0.0372433525449902,0.,0.999306225684204));
#8820=DIRECTION('ref_axis',(-0.999306225684204,0.,0.0372433525449902));
#8821=DIRECTION('',(0.999306225684142,0.,-0.0372433525466516));
#8822=DIRECTION('',(-0.0123847320840503,-0.999916723285025,0.00362834757772809));
#8823=DIRECTION('center_axis',(0.232679093361803,0.,0.972553566397414));
#8824=DIRECTION('ref_axis',(-0.972553566397414,0.,0.232679093361803));
#8825=DIRECTION('',(0.972553566400958,0.,-0.23267909334699));
#8826=DIRECTION('',(-3.552713678799E-14,-1.,0.));
#8827=DIRECTION('center_axis',(0.48083097591582,0.,0.876813305441837));
#8828=DIRECTION('ref_axis',(-0.876813305441837,0.,0.48083097591582));
#8829=DIRECTION('',(0.87681330544711,0.,-0.480830975906205));
#8830=DIRECTION('',(-7.105427357598E-14,-1.,1.7763568394E-14));
#8831=DIRECTION('center_axis',(0.690267297627692,0.,0.723554460856792));
#8832=DIRECTION('ref_axis',(-0.723554460856792,0.,0.690267297627692));
#8833=DIRECTION('',(0.723554460832868,0.,-0.69026729765277));
#8834=DIRECTION('',(0.,-1.,0.));
#8835=DIRECTION('center_axis',(0.852209889085903,0.,0.523200062064402));
#8836=DIRECTION('ref_axis',(-0.523200062064402,0.,0.852209889085903));
#8837=DIRECTION('',(0.5232000620302,0.,-0.8522098891069));
#8838=DIRECTION('',(-7.105427357598E-14,-1.,0.));
#8839=DIRECTION('center_axis',(0.956915015310378,0.,0.290368134397593));
#8840=DIRECTION('ref_axis',(-0.290368134397593,0.,0.956915015310378));
#8841=DIRECTION('',(0.290368134420297,0.,-0.956915015303489));
#8842=DIRECTION('',(0.,-1.,0.));
#8843=DIRECTION('center_axis',(0.996324809265451,0.,0.0856555569835558));
#8844=DIRECTION('ref_axis',(-0.0856555569835558,0.,0.996324809265451));
#8845=DIRECTION('',(0.0856555570092933,0.,-0.996324809263238));
#8846=DIRECTION('',(0.,-1.,0.));
#8847=DIRECTION('center_axis',(0.996385994847132,0.,-0.0849408574979727));
#8848=DIRECTION('ref_axis',(0.0849408574979727,0.,0.996385994847132));
#8849=DIRECTION('',(-0.0849408575140865,0.,-0.996385994845758));
#8850=DIRECTION('',(0.,-1.,0.));
#8851=DIRECTION('center_axis',(0.954315050257894,0.,-0.298802250411998));
#8852=DIRECTION('ref_axis',(0.298802250411998,0.,0.954315050257894));
#8853=DIRECTION('',(-0.298802250419302,0.,-0.954315050255607));
#8854=DIRECTION('',(0.,-1.,0.));
#8855=DIRECTION('center_axis',(0.829606589892817,0.,-0.558348373335511));
#8856=DIRECTION('ref_axis',(0.558348373335511,0.,0.829606589892817));
#8857=DIRECTION('',(-0.558348373334499,0.,-0.829606589893498));
#8858=DIRECTION('',(0.,-1.,0.));
#8859=DIRECTION('center_axis',(0.615855509678293,0.,-0.787859118877791));
#8860=DIRECTION('ref_axis',(0.787859118877791,0.,0.615855509678293));
#8861=DIRECTION('',(-0.78785911888161,0.,-0.615855509673408));
#8862=DIRECTION('',(0.,-1.,0.));
#8863=DIRECTION('center_axis',(0.348519298465392,0.,-0.937301604926179));
#8864=DIRECTION('ref_axis',(0.937301604926179,0.,0.348519298465392));
#8865=DIRECTION('',(-0.937301604922528,0.,-0.348519298475211));
#8866=DIRECTION('center_axis',(0.976212803769143,0.,0.216814579208109));
#8867=DIRECTION('ref_axis',(-0.216814579208109,0.,0.976212803769143));
#8868=DIRECTION('',(3.552713678799E-14,-1.,-7.105427357598E-14));
#8869=DIRECTION('',(0.216814579208395,0.,-0.976212803769079));
#8870=DIRECTION('',(0.,-1.,-1.7763568394E-14));
#8871=DIRECTION('center_axis',(0.997598823443575,0.,0.0692574000666683));
#8872=DIRECTION('ref_axis',(-0.0692574000666683,0.,0.997598823443575));
#8873=DIRECTION('',(0.0692574001077616,0.,-0.997598823440722));
#8874=DIRECTION('',(0.,-1.,-3.552713678799E-14));
#8875=DIRECTION('center_axis',(0.993776807649547,0.,-0.111389661000805));
#8876=DIRECTION('ref_axis',(0.111389661000805,0.,0.993776807649547));
#8877=DIRECTION('',(-0.111389661009299,0.,-0.993776807648595));
#8878=DIRECTION('',(0.,-1.,0.));
#8879=DIRECTION('center_axis',(0.927870340433017,0.,-0.372902978460507));
#8880=DIRECTION('ref_axis',(0.372902978460507,0.,0.927870340433017));
#8881=DIRECTION('',(-0.372902978487317,0.,-0.927870340422242));
#8882=DIRECTION('',(0.,-1.,0.));
#8883=DIRECTION('center_axis',(0.76859993846203,0.,-0.639729735588525));
#8884=DIRECTION('ref_axis',(0.639729735588525,0.,0.76859993846203));
#8885=DIRECTION('',(-0.639729735584215,0.,-0.768599938465617));
#8886=DIRECTION('',(0.,-1.,-3.552713678799E-14));
#8887=DIRECTION('center_axis',(0.536039367516518,0.,-0.844192985325329));
#8888=DIRECTION('ref_axis',(0.844192985325329,0.,0.536039367516518));
#8889=DIRECTION('',(-0.844192985320942,0.,-0.536039367523427));
#8890=DIRECTION('',(0.,-1.,1.7763568394E-14));
#8891=DIRECTION('center_axis',(0.25381757328731,0.,-0.967252107514138));
#8892=DIRECTION('ref_axis',(0.967252107514138,0.,0.25381757328731));
#8893=DIRECTION('',(-0.96725210751548,0.,-0.253817573282195));
#8894=DIRECTION('',(0.,-1.,0.));
#8895=DIRECTION('center_axis',(-0.00430551930124208,0.,-0.999990731208818));
#8896=DIRECTION('ref_axis',(0.999990731208818,0.,-0.00430551930124208));
#8897=DIRECTION('',(-0.999990731208807,0.,0.00430551930382003));
#8898=DIRECTION('',(0.00669903160434195,-0.999976750006992,-0.00127374291669299));
#8899=DIRECTION('center_axis',(-0.1867918378293,0.,-0.982399516144197));
#8900=DIRECTION('ref_axis',(0.982399516144197,0.,-0.186791837829299));
#8901=DIRECTION('',(-0.982399516143113,0.,0.186791837835002));
#8902=DIRECTION('',(0.,-1.,0.));
#8903=DIRECTION('center_axis',(-0.333358309983207,0.,-0.942800210630619));
#8904=DIRECTION('ref_axis',(0.942800210630619,0.,-0.333358309983207));
#8905=DIRECTION('',(-0.942800210633445,0.,0.333358309975216));
#8906=DIRECTION('',(0.,-1.,0.));
#8907=DIRECTION('center_axis',(-0.464822024892588,0.,-0.885404136637476));
#8908=DIRECTION('ref_axis',(0.885404136637476,0.,-0.464822024892588));
#8909=DIRECTION('',(-0.885404136639617,0.,0.464822024888509));
#8910=DIRECTION('',(0.,-1.,0.));
#8911=DIRECTION('center_axis',(-0.584466266816695,0.,-0.811418007535793));
#8912=DIRECTION('ref_axis',(0.811418007535793,0.,-0.584466266816695));
#8913=DIRECTION('',(-0.811418007527211,0.,0.584466266828608));
#8914=DIRECTION('',(0.,-1.,-3.552713678799E-14));
#8915=DIRECTION('center_axis',(-0.706346544693927,0.,-0.707866201198327));
#8916=DIRECTION('ref_axis',(0.707866201198327,0.,-0.706346544693927));
#8917=DIRECTION('',(-0.707866201196379,0.,0.706346544695879));
#8918=DIRECTION('',(0.,-1.,0.));
#8919=DIRECTION('center_axis',(-0.816521417894491,0.,-0.577315142811593));
#8920=DIRECTION('ref_axis',(0.577315142811593,0.,-0.816521417894491));
#8921=DIRECTION('',(-0.577315142838598,0.,0.816521417875397));
#8922=DIRECTION('',(0.,-1.,0.));
#8923=DIRECTION('center_axis',(-0.903909970680396,0.,-0.427722766408998));
#8924=DIRECTION('ref_axis',(0.427722766408998,0.,-0.903909970680396));
#8925=DIRECTION('',(-0.427722766415912,0.,0.903909970677124));
#8926=DIRECTION('',(0.,-1.,0.));
#8927=DIRECTION('center_axis',(-0.965854086328857,0.,-0.259086634008489));
#8928=DIRECTION('ref_axis',(0.259086634008489,0.,-0.965854086328857));
#8929=DIRECTION('',(-0.259086633977399,0.,0.965854086337197));
#8930=DIRECTION('',(0.,-1.,1.7763568394E-14));
#8931=DIRECTION('center_axis',(-0.996429804432937,0.,-0.0844253802937132));
#8932=DIRECTION('ref_axis',(0.0844253802937132,0.,-0.996429804432937));
#8933=DIRECTION('',(-0.0844253803012301,0.,0.996429804432301));
#8934=DIRECTION('',(0.,-1.,1.7763568394E-14));
#8935=DIRECTION('center_axis',(-0.996753021082627,0.,0.0805196557534622));
#8936=DIRECTION('ref_axis',(-0.0805196557534622,0.,-0.996753021082627));
#8937=DIRECTION('',(0.080519655744208,0.,0.996753021083375));
#8938=DIRECTION('',(0.,-1.,-3.552713678799E-14));
#8939=DIRECTION('center_axis',(-0.963362864959557,0.,0.268201398983888));
#8940=DIRECTION('ref_axis',(-0.268201398983888,0.,-0.963362864959557));
#8941=DIRECTION('',(0.26820139899679,0.,0.963362864955965));
#8942=DIRECTION('',(0.,-1.,0.));
#8943=DIRECTION('center_axis',(-0.877769576184716,0.,0.479083052428809));
#8944=DIRECTION('ref_axis',(-0.479083052428809,0.,-0.877769576184716));
#8945=DIRECTION('',(0.479083052422013,0.,0.877769576188425));
#8946=DIRECTION('',(7.105427357598E-14,-1.,0.));
#8947=DIRECTION('center_axis',(-0.750245877246502,0.,0.661158924672901));
#8948=DIRECTION('ref_axis',(-0.661158924672901,0.,-0.750245877246502));
#8949=DIRECTION('',(0.661158924683107,0.,0.750245877237508));
#8950=DIRECTION('',(0.,-1.,3.552713678799E-14));
#8951=DIRECTION('center_axis',(-0.595949056801897,0.,0.803022242342595));
#8952=DIRECTION('ref_axis',(-0.803022242342595,0.,-0.595949056801897));
#8953=DIRECTION('',(0.803022242340462,0.,0.595949056804772));
#8954=DIRECTION('',(0.,-1.,1.7763568394E-14));
#8955=DIRECTION('center_axis',(-0.402101378595815,0.,0.915595151435035));
#8956=DIRECTION('ref_axis',(-0.915595151435035,0.,-0.402101378595815));
#8957=DIRECTION('',(0.915595151431614,0.,0.402101378603606));
#8958=DIRECTION('',(0.,-1.,-3.552713678799E-14));
#8959=DIRECTION('center_axis',(-0.232727638097402,0.,0.97254195100551));
#8960=DIRECTION('ref_axis',(-0.97254195100551,0.,-0.232727638097402));
#8961=DIRECTION('',(0.972541951008141,0.,0.23272763808641));
#8962=DIRECTION('',(4.263256414559E-13,-1.,1.06581410364E-13));
#8963=DIRECTION('center_axis',(-0.0976648143045409,0.,0.99521936478691));
#8964=DIRECTION('ref_axis',(-0.99521936478691,0.,-0.097664814304541));
#8965=DIRECTION('',(0.995219364787135,0.,0.0976648143022434));
#8966=DIRECTION('',(-0.0122019910793298,-0.999918073184887,-0.00386760027954895));
#8967=DIRECTION('center_axis',(0.0417233343372494,0.,0.999129202541785));
#8968=DIRECTION('ref_axis',(-0.999129202541784,0.,0.0417233343372493));
#8969=DIRECTION('',(0.999129202541538,0.,-0.0417233343431416));
#8970=DIRECTION('',(-0.0121748286647995,-0.99991664430106,0.00429860403966483));
#8971=DIRECTION('center_axis',(0.159436202130195,0.,0.987208234087571));
#8972=DIRECTION('ref_axis',(-0.987208234087571,0.,0.159436202130195));
#8973=DIRECTION('',(0.987208234089605,0.,-0.159436202117601));
#8974=DIRECTION('',(0.,-1.,-3.552713678799E-14));
#8975=DIRECTION('center_axis',(0.247170857237802,0.,0.968971912561107));
#8976=DIRECTION('ref_axis',(-0.968971912561107,0.,0.247170857237802));
#8977=DIRECTION('',(0.96897191256305,0.,-0.247170857230187));
#8978=DIRECTION('',(-3.552713678799E-14,-1.,0.));
#8979=DIRECTION('center_axis',(0.322939695796384,0.,0.946419543795953));
#8980=DIRECTION('ref_axis',(-0.946419543795953,0.,0.322939695796384));
#8981=DIRECTION('',(0.946419543791919,0.,-0.322939695808206));
#8982=DIRECTION('',(0.,-1.,0.));
#8983=DIRECTION('center_axis',(0.398892068385086,0.,0.916997883192468));
#8984=DIRECTION('ref_axis',(-0.916997883192468,0.,0.398892068385086));
#8985=DIRECTION('',(0.916997883188163,0.,-0.398892068394984));
#8986=DIRECTION('',(0.,-1.,-1.7763568394E-14));
#8987=DIRECTION('center_axis',(0.498487978148906,0.,0.866896611852311));
#8988=DIRECTION('ref_axis',(-0.866896611852311,0.,0.498487978148906));
#8989=DIRECTION('',(0.866896611857894,0.,-0.498487978139196));
#8990=DIRECTION('',(1.7763568394E-13,-1.,-8.881784196998E-14));
#8991=DIRECTION('center_axis',(0.597557297081033,0.,0.801826213530844));
#8992=DIRECTION('ref_axis',(-0.801826213530844,0.,0.597557297081033));
#8993=DIRECTION('',(0.801826213537716,0.,-0.597557297071812));
#8994=DIRECTION('',(0.,-1.,0.));
#8995=DIRECTION('center_axis',(0.697210209535879,0.,0.716866740558478));
#8996=DIRECTION('ref_axis',(-0.716866740558478,0.,0.697210209535879));
#8997=DIRECTION('',(0.716866740565184,0.,-0.697210209528984));
#8998=DIRECTION('',(0.,-1.,-1.7763568394E-14));
#8999=DIRECTION('center_axis',(0.789621199295719,0.,0.613594623202315));
#9000=DIRECTION('ref_axis',(-0.613594623202315,0.,0.789621199295719));
#9001=DIRECTION('',(0.613594623185098,0.,-0.789621199309097));
#9002=DIRECTION('',(0.,-1.,0.));
#9003=DIRECTION('center_axis',(0.866319878927388,0.,0.499489606874093));
#9004=DIRECTION('ref_axis',(-0.499489606874093,0.,0.866319878927388));
#9005=DIRECTION('',(0.499489606863691,0.,-0.866319878933385));
#9006=DIRECTION('',(0.,-1.,1.7763568394E-14));
#9007=DIRECTION('center_axis',(0.929655180807688,0.,0.368430786983695));
#9008=DIRECTION('ref_axis',(-0.368430786983695,0.,0.929655180807688));
#9009=DIRECTION('',(0.368430786980812,0.,-0.929655180808831));
#9010=DIRECTION('center_axis',(-0.99602801817141,0.,0.0890403673483709));
#9011=DIRECTION('ref_axis',(-0.0890403673483709,0.,-0.99602801817141));
#9012=DIRECTION('',(0.,-1.,0.));
#9013=DIRECTION('',(0.0890403673793338,0.,0.996028018168642));
#9014=DIRECTION('',(0.,-1.,0.));
#9015=DIRECTION('center_axis',(-0.99616136849121,0.,-0.0875358665103609));
#9016=DIRECTION('ref_axis',(0.0875358665103609,0.,-0.99616136849121));
#9017=DIRECTION('',(-0.0875358664818017,0.,0.99616136849372));
#9018=DIRECTION('',(0.,-1.,0.));
#9019=DIRECTION('center_axis',(-0.964458005087565,0.,-0.26423617546149));
#9020=DIRECTION('ref_axis',(0.26423617546149,0.,-0.964458005087565));
#9021=DIRECTION('',(-0.2642361754891,0.,0.96445800508));
#9022=DIRECTION('',(0.,-1.,0.));
#9023=DIRECTION('center_axis',(-0.903595657611188,0.,-0.428386376471294));
#9024=DIRECTION('ref_axis',(0.428386376471294,0.,-0.903595657611188));
#9025=DIRECTION('',(-0.428386376513814,0.,0.903595657591029));
#9026=DIRECTION('',(0.,-1.,0.));
#9027=DIRECTION('center_axis',(-0.807139595226525,0.,-0.590360630307918));
#9028=DIRECTION('ref_axis',(0.590360630307918,0.,-0.807139595226525));
#9029=DIRECTION('',(-0.590360630300298,0.,0.807139595232098));
#9030=DIRECTION('',(0.,-1.,0.));
#9031=DIRECTION('center_axis',(-0.678280102481813,0.,-0.734803444859414));
#9032=DIRECTION('ref_axis',(0.734803444859414,0.,-0.678280102481813));
#9033=DIRECTION('',(-0.734803444843285,0.,0.678280102499286));
#9034=DIRECTION('',(0.,-1.,0.));
#9035=DIRECTION('center_axis',(-0.543287283387205,0.,-0.839546858555108));
#9036=DIRECTION('ref_axis',(0.839546858555108,0.,-0.543287283387205));
#9037=DIRECTION('',(-0.839546858555696,0.,0.543287283386297));
#9038=DIRECTION('',(0.,-1.,0.));
#9039=DIRECTION('center_axis',(-0.419984756730808,0.,-0.907531158756417));
#9040=DIRECTION('ref_axis',(0.907531158756417,0.,-0.419984756730808));
#9041=DIRECTION('',(-0.907531158754575,0.,0.419984756734788));
#9042=DIRECTION('',(0.,-1.,0.));
#9043=DIRECTION('center_axis',(-0.295950669213999,0.,-0.955203225178698));
#9044=DIRECTION('ref_axis',(0.955203225178698,0.,-0.295950669213999));
#9045=DIRECTION('',(-0.955203225179971,0.,0.295950669209891));
#9046=DIRECTION('',(3.268496584495E-12,-1.,-1.012523398458E-12));
#9047=DIRECTION('center_axis',(-0.171343800076802,0.,-0.985211298237713));
#9048=DIRECTION('ref_axis',(0.985211298237714,0.,-0.171343800076802));
#9049=DIRECTION('',(-0.985211298238547,0.,0.171343800072008));
#9050=DIRECTION('',(-0.0123067962996004,-0.999916901279635,0.00383839812579214));
#9051=DIRECTION('center_axis',(-0.0285519703635389,0.,-0.999592309388363));
#9052=DIRECTION('ref_axis',(0.999592309388363,0.,-0.0285519703635389));
#9053=DIRECTION('',(-0.999592309388253,0.,0.0285519703673786));
#9054=DIRECTION('',(0.,-1.,0.));
#9055=DIRECTION('center_axis',(0.191841489417198,0.,-0.981425923306589));
#9056=DIRECTION('ref_axis',(0.981425923306589,0.,0.191841489417198));
#9057=DIRECTION('',(-0.981425923308504,0.,-0.191841489407401));
#9058=DIRECTION('',(0.,-1.,0.));
#9059=DIRECTION('center_axis',(0.48687153410222,0.,-0.873473588198836));
#9060=DIRECTION('ref_axis',(0.873473588198836,0.,0.48687153410222));
#9061=DIRECTION('',(-0.873473588194566,0.,-0.486871534109881));
#9062=DIRECTION('',(0.,-1.,0.));
#9063=DIRECTION('center_axis',(0.769074469924876,0.,-0.63915918182388));
#9064=DIRECTION('ref_axis',(0.63915918182388,0.,0.769074469924876));
#9065=DIRECTION('',(-0.639159181828193,0.,-0.769074469921291));
#9066=DIRECTION('',(0.,-1.,0.));
#9067=DIRECTION('center_axis',(0.936652752956369,0.,-0.350259361586889));
#9068=DIRECTION('ref_axis',(0.350259361586889,0.,0.936652752956369));
#9069=DIRECTION('',(-0.350259361581111,0.,-0.93665275295853));
#9070=DIRECTION('',(-8.526512829118E-13,-1.,-2.291500322825E-12));
#9071=DIRECTION('center_axis',(0.995079549878849,0.,-0.0990792077729148));
#9072=DIRECTION('ref_axis',(0.0990792077729148,0.,0.995079549878849));
#9073=DIRECTION('',(-0.0990792077673998,0.,-0.995079549879398));
#9074=DIRECTION('',(0.00323508684503115,-0.999918291296848,0.0123670911332306));
#9075=DIRECTION('center_axis',(0.998898269785824,0.,0.0469281005250311));
#9076=DIRECTION('ref_axis',(-0.0469281005250311,0.,0.998898269785824));
#9077=DIRECTION('',(0.0469281004559685,0.,-0.998898269789068));
#9078=DIRECTION('',(0.,-1.,0.));
#9079=DIRECTION('center_axis',(0.990758254178713,0.,0.135639528813502));
#9080=DIRECTION('ref_axis',(-0.135639528813502,0.,0.990758254178713));
#9081=DIRECTION('',(0.135639528805305,0.,-0.990758254179835));
#9082=DIRECTION('',(0.,-1.,0.));
#9083=DIRECTION('center_axis',(0.976324834963721,0.,0.216309538932205));
#9084=DIRECTION('ref_axis',(-0.216309538932205,0.,0.976324834963721));
#9085=DIRECTION('',(0.216309538968993,0.,-0.97632483495557));
#9086=DIRECTION('',(3.552713678799E-14,-1.,-3.019806626979E-13));
#9087=DIRECTION('center_axis',(0.960799253960105,0.,0.277245006428801));
#9088=DIRECTION('ref_axis',(-0.277245006428801,0.,0.960799253960105));
#9089=DIRECTION('',(0.277245006407302,0.,-0.960799253966308));
#9090=DIRECTION('',(0.,-1.,0.));
#9091=DIRECTION('center_axis',(0.941580541419277,0.,0.336787891736892));
#9092=DIRECTION('ref_axis',(-0.336787891736892,0.,0.941580541419277));
#9093=DIRECTION('',(0.336787891758186,0.,-0.941580541411661));
#9094=DIRECTION('',(-1.06581410364E-13,-1.,3.019806626979E-13));
#9095=DIRECTION('center_axis',(0.914507100855519,0.,0.404569848709508));
#9096=DIRECTION('ref_axis',(-0.404569848709508,0.,0.914507100855519));
#9097=DIRECTION('',(0.404569848754998,0.,-0.914507100835394));
#9098=DIRECTION('',(0.,-1.,0.));
#9099=DIRECTION('center_axis',(0.303209224285395,0.,0.952924008674485));
#9100=DIRECTION('ref_axis',(-0.952924008674485,0.,0.303209224285395));
#9101=DIRECTION('',(0.952924008672768,0.,-0.30320922429079));
#9102=DIRECTION('',(0.,-1.,0.));
#9103=DIRECTION('center_axis',(-1.,0.,0.));
#9104=DIRECTION('ref_axis',(0.,0.,-1.));
#9105=DIRECTION('',(5.851493288933E-13,0.,1.));
#9106=DIRECTION('',(0.,-1.,0.));
#9107=DIRECTION('center_axis',(0.304885471324195,0.,0.952389022078385));
#9108=DIRECTION('ref_axis',(-0.952389022078385,0.,0.304885471324195));
#9109=DIRECTION('',(0.952389022079215,0.,-0.304885471321605));
#9110=DIRECTION('',(0.,-1.,0.));
#9111=DIRECTION('center_axis',(1.,0.,0.));
#9112=DIRECTION('ref_axis',(0.,0.,1.));
#9113=DIRECTION('',(-2.277369871731E-13,0.,-1.));
#9114=DIRECTION('',(0.,-1.,0.));
#9115=DIRECTION('center_axis',(-0.305929901638103,0.,-0.95205404010681));
#9116=DIRECTION('ref_axis',(0.952054040106811,0.,-0.305929901638103));
#9117=DIRECTION('',(-0.952054040106462,0.,0.305929901639188));
#9118=DIRECTION('',(3.552713678799E-14,-1.,0.));
#9119=DIRECTION('center_axis',(-0.881938272686362,0.,-0.47136491508278));
#9120=DIRECTION('ref_axis',(0.47136491508278,0.,-0.881938272686362));
#9121=DIRECTION('',(-0.471364915086608,0.,0.881938272684316));
#9122=DIRECTION('',(3.552713678799E-14,-1.,0.));
#9123=DIRECTION('center_axis',(-0.920334121337498,0.,-0.391133104073199));
#9124=DIRECTION('ref_axis',(0.391133104073199,0.,-0.920334121337498));
#9125=DIRECTION('',(-0.391133104056003,0.,0.920334121344806));
#9126=DIRECTION('',(0.,-1.,-1.7763568394E-14));
#9127=DIRECTION('center_axis',(-0.947588948260293,0.,-0.319492073665298));
#9128=DIRECTION('ref_axis',(0.319492073665298,0.,-0.947588948260293));
#9129=DIRECTION('',(-0.3194920736463,0.,0.947588948266698));
#9130=DIRECTION('',(0.,-1.,0.));
#9131=DIRECTION('center_axis',(-0.970662831094662,0.,-0.240444730304691));
#9132=DIRECTION('ref_axis',(0.240444730304691,0.,-0.970662831094662));
#9133=DIRECTION('',(-0.240444730304502,0.,0.970662831094709));
#9134=DIRECTION('',(5.577760475715E-12,-1.,-2.245315045001E-11));
#9135=DIRECTION('center_axis',(-0.98910722967132,0.,-0.147196766988703));
#9136=DIRECTION('ref_axis',(0.147196766988703,0.,-0.98910722967132));
#9137=DIRECTION('',(-0.147196766976994,0.,0.989107229673063));
#9138=DIRECTION('',(0.,-1.,0.));
#9139=DIRECTION('center_axis',(-0.998770381597191,0.,-0.0495754459808596));
#9140=DIRECTION('ref_axis',(0.0495754459808596,0.,-0.998770381597191));
#9141=DIRECTION('',(-0.0495754460324216,0.,0.998770381594632));
#9142=DIRECTION('',(0.,-1.,0.));
#9143=DIRECTION('center_axis',(-0.996618915839364,0.,0.082162866254597));
#9144=DIRECTION('ref_axis',(-0.082162866254597,0.,-0.996618915839364));
#9145=DIRECTION('',(0.0821628662433692,0.,0.99661891584029));
#9146=DIRECTION('',(0.,-1.,3.552713678799E-14));
#9147=DIRECTION('center_axis',(-0.956606131201081,0.,0.291384127482094));
#9148=DIRECTION('ref_axis',(-0.291384127482094,0.,-0.956606131201081));
#9149=DIRECTION('',(0.291384127493896,0.,0.956606131197486));
#9150=DIRECTION('',(0.,-1.,0.));
#9151=DIRECTION('center_axis',(-0.834492136764296,0.,0.551019848715597));
#9152=DIRECTION('ref_axis',(-0.551019848715597,0.,-0.834492136764296));
#9153=DIRECTION('',(0.551019848709881,0.,0.834492136768071));
#9154=DIRECTION('',(0.,-1.,0.));
#9155=DIRECTION('center_axis',(-0.595777930347703,0.,0.803149212606604));
#9156=DIRECTION('ref_axis',(-0.803149212606604,0.,-0.595777930347703));
#9157=DIRECTION('',(0.803149212612991,0.,0.595777930339093));
#9158=DIRECTION('',(0.,-1.,0.));
#9159=DIRECTION('center_axis',(-0.283287163565615,0.,0.95903513124335));
#9160=DIRECTION('ref_axis',(-0.95903513124335,0.,-0.283287163565615));
#9161=DIRECTION('',(0.959035131244505,0.,0.283287163561702));
#9162=DIRECTION('',(0.,-1.,0.));
#9163=DIRECTION('center_axis',(-0.00125870020626698,0.,0.999999207836582));
#9164=DIRECTION('ref_axis',(-0.999999207836582,0.,-0.00125870020626698));
#9165=DIRECTION('',(0.999999207836582,0.,0.00125870020626698));
#9166=DIRECTION('',(0.,-1.,0.));
#9167=DIRECTION('center_axis',(0.175785036657101,0.,0.984428575818206));
#9168=DIRECTION('ref_axis',(-0.984428575818206,0.,0.175785036657101));
#9169=DIRECTION('',(0.984428575817955,0.,-0.17578503665851));
#9170=DIRECTION('',(0.,-1.,-1.7763568394E-14));
#9171=DIRECTION('center_axis',(0.303591830262893,0.,0.952802183350577));
#9172=DIRECTION('ref_axis',(-0.952802183350577,0.,0.303591830262893));
#9173=DIRECTION('',(0.952802183349271,0.,-0.303591830266991));
#9174=DIRECTION('',(0.,-1.,0.));
#9175=DIRECTION('center_axis',(0.423162014816912,0.,0.906054032172525));
#9176=DIRECTION('ref_axis',(-0.906054032172525,0.,0.423162014816912));
#9177=DIRECTION('',(0.906054032178697,0.,-0.423162014803699));
#9178=DIRECTION('',(-3.197442310919E-13,-1.,1.42108547152E-13));
#9179=DIRECTION('center_axis',(0.542361923647086,0.,0.840144954027478));
#9180=DIRECTION('ref_axis',(-0.840144954027478,0.,0.542361923647086));
#9181=DIRECTION('',(0.840144954025131,0.,-0.54236192365072));
#9182=DIRECTION('',(0.,-1.,0.));
#9183=DIRECTION('center_axis',(0.670734117853695,0.,0.741697878618394));
#9184=DIRECTION('ref_axis',(-0.741697878618394,0.,0.670734117853695));
#9185=DIRECTION('',(0.741697878602769,0.,-0.670734117870972));
#9186=DIRECTION('',(0.,-1.,1.7763568394E-14));
#9187=DIRECTION('center_axis',(0.789628885035725,0.,0.61358473246752));
#9188=DIRECTION('ref_axis',(-0.61358473246752,0.,0.789628885035725));
#9189=DIRECTION('',(0.613584732479681,0.,-0.789628885026275));
#9190=DIRECTION('',(0.,-1.,0.));
#9191=DIRECTION('center_axis',(0.88953169894492,0.,0.45687345794231));
#9192=DIRECTION('ref_axis',(-0.45687345794231,0.,0.88953169894492));
#9193=DIRECTION('',(0.456873457969283,0.,-0.889531698931067));
#9194=DIRECTION('',(1.42108547152E-13,-1.,-2.309263891219E-13));
#9195=DIRECTION('center_axis',(0.961736827304621,0.,0.273974953245806));
#9196=DIRECTION('ref_axis',(-0.273974953245806,0.,0.961736827304621));
#9197=DIRECTION('',(0.273974953244194,0.,-0.96173682730508));
#9198=DIRECTION('',(0.,-1.,0.));
#9199=DIRECTION('center_axis',(0.996122597175191,0.,0.0879759705655592));
#9200=DIRECTION('ref_axis',(-0.0879759705655592,0.,0.996122597175191));
#9201=DIRECTION('',(0.0879759705502835,0.,-0.99612259717654));
#9202=DIRECTION('',(0.,-1.,0.));
#9203=DIRECTION('center_axis',(0.996524095812643,0.,-0.0833050206457836));
#9204=DIRECTION('ref_axis',(0.0833050206457836,0.,0.996524095812643));
#9205=DIRECTION('',(-0.0833050206603025,0.,-0.996524095811429));
#9206=DIRECTION('',(0.,-1.,0.));
#9207=DIRECTION('center_axis',(0.958020785403516,0.,-0.286698752586805));
#9208=DIRECTION('ref_axis',(0.286698752586805,0.,0.958020785403516));
#9209=DIRECTION('',(-0.286698752593595,0.,-0.958020785401484));
#9210=DIRECTION('',(0.,-1.,0.));
#9211=DIRECTION('center_axis',(0.850646243691166,0.,-0.525738497823879));
#9212=DIRECTION('ref_axis',(0.525738497823879,0.,0.850646243691166));
#9213=DIRECTION('',(-0.5257384978235,0.,-0.8506462436914));
#9214=DIRECTION('',(0.,-1.,1.7763568394E-14));
#9215=DIRECTION('center_axis',(0.664781961747042,0.,-0.747037444400047));
#9216=DIRECTION('ref_axis',(0.747037444400048,0.,0.664781961747042));
#9217=DIRECTION('',(-0.747037444402212,0.,-0.66478196174461));
#9218=DIRECTION('',(0.,-1.,0.));
#9219=DIRECTION('center_axis',(0.433170408922013,0.,-0.901312041878026));
#9220=DIRECTION('ref_axis',(0.901312041878026,0.,0.433170408922013));
#9221=DIRECTION('',(-0.901312041880816,0.,-0.433170408916208));
#9222=DIRECTION('',(0.,-1.,0.));
#9223=DIRECTION('center_axis',(0.208202855262199,0.,-0.978085666524496));
#9224=DIRECTION('ref_axis',(0.978085666524496,0.,0.208202855262199));
#9225=DIRECTION('',(-0.978085666524092,0.,-0.208202855264098));
#9226=DIRECTION('',(0.,-1.,0.));
#9227=DIRECTION('center_axis',(-0.993704861014298,0.,-0.1120296799806));
#9228=DIRECTION('ref_axis',(0.1120296799806,0.,-0.993704861014298));
#9229=DIRECTION('',(-0.112029679974597,0.,0.993704861014974));
#9230=DIRECTION('',(0.,-1.,0.));
#9231=DIRECTION('center_axis',(-0.271297614486289,0.,0.962495508755261));
#9232=DIRECTION('ref_axis',(-0.962495508755261,0.,-0.271297614486289));
#9233=DIRECTION('',(0.962495508759178,0.,0.271297614472394));
#9234=DIRECTION('',(0.,-1.,0.));
#9235=DIRECTION('center_axis',(-0.465832043272812,0.,0.884873158967022));
#9236=DIRECTION('ref_axis',(-0.884873158967022,0.,-0.465832043272812));
#9237=DIRECTION('',(0.884873158972127,0.,0.465832043263114));
#9238=DIRECTION('',(0.,-1.,0.));
#9239=DIRECTION('center_axis',(-0.673294338844007,0.,0.739374555472808));
#9240=DIRECTION('ref_axis',(-0.739374555472808,0.,-0.673294338844007));
#9241=DIRECTION('',(0.739374555465706,0.,0.673294338851805));
#9242=DIRECTION('',(0.,-1.,0.));
#9243=DIRECTION('center_axis',(-0.848227864891994,0.,0.529631465474596));
#9244=DIRECTION('ref_axis',(-0.529631465474596,0.,-0.848227864891994));
#9245=DIRECTION('',(0.529631465457792,0.,0.848227864902487));
#9246=DIRECTION('',(0.,-1.,0.));
#9247=DIRECTION('center_axis',(-0.954336841061445,0.,0.298732646011214));
#9248=DIRECTION('ref_axis',(-0.298732646011214,0.,-0.954336841061446));
#9249=DIRECTION('',(0.298732645998416,0.,0.954336841065452));
#9250=DIRECTION('center_axis',(0.,0.,-1.));
#9251=DIRECTION('ref_axis',(1.,0.,0.));
#9252=DIRECTION('',(0.,-1.,0.));
#9253=DIRECTION('',(-1.,0.,0.));
#9254=DIRECTION('',(0.,-1.,0.));
#9255=DIRECTION('center_axis',(-1.,0.,0.));
#9256=DIRECTION('ref_axis',(0.,0.,-1.));
#9257=DIRECTION('',(0.,0.,1.));
#9258=DIRECTION('',(0.,-1.,0.));
#9259=DIRECTION('center_axis',(0.,0.,1.));
#9260=DIRECTION('ref_axis',(-1.,0.,0.));
#9261=DIRECTION('',(1.,0.,-6.569155974152E-13));
#9262=DIRECTION('',(0.,-1.,0.));
#9263=DIRECTION('center_axis',(0.707099592995912,0.,0.707113969304112));
#9264=DIRECTION('ref_axis',(-0.707113969304112,0.,0.707099592995912));
#9265=DIRECTION('',(0.707113969303612,0.,-0.707099592996412));
#9266=DIRECTION('',(0.,-1.,0.));
#9267=DIRECTION('center_axis',(0.707106781186198,0.,-0.707106781186898));
#9268=DIRECTION('ref_axis',(0.707106781186898,0.,0.707106781186198));
#9269=DIRECTION('',(-0.707106781186297,0.,-0.707106781186797));
#9270=DIRECTION('center_axis',(0.,-1.,0.));
#9271=DIRECTION('ref_axis',(1.,0.,0.));
#9272=DIRECTION('',(1.,0.,0.));
#9273=DIRECTION('',(0.,0.,1.));
#9274=DIRECTION('',(0.,0.,1.));
#9275=DIRECTION('center_axis',(1.,0.,0.));
#9276=DIRECTION('ref_axis',(0.,1.,0.));
#9277=DIRECTION('',(0.,-1.,0.));
#9278=DIRECTION('',(0.,0.,1.));
#9279=DIRECTION('center_axis',(0.,-1.,0.));
#9280=DIRECTION('ref_axis',(1.,0.,0.));
#9281=DIRECTION('',(-1.,0.,0.));
#9282=DIRECTION('',(0.,0.,1.));
#9283=DIRECTION('center_axis',(-1.,0.,0.));
#9284=DIRECTION('ref_axis',(0.,-1.,0.));
#9285=DIRECTION('',(0.,1.,0.));
#9286=DIRECTION('center_axis',(-1.,0.,0.));
#9287=DIRECTION('ref_axis',(0.,1.,-6.471038982436E-14));
#9288=DIRECTION('',(0.,-1.,4.440892094257E-14));
#9289=DIRECTION('center_axis',(0.,-6.47101420067E-14,-1.));
#9290=DIRECTION('ref_axis',(-1.,0.,0.));
#9291=DIRECTION('center_axis',(0.,0.,1.));
#9292=DIRECTION('ref_axis',(-1.,0.,0.));
#9293=DIRECTION('',(0.,1.,0.));
#9294=DIRECTION('',(-1.,0.,0.));
#9295=DIRECTION('',(0.,-1.,0.));
#9296=DIRECTION('',(-0.999999999999995,9.95924026154295E-8,0.));
#9297=DIRECTION('center_axis',(0.,0.,-1.));
#9298=DIRECTION('ref_axis',(-0.484374762131989,0.87486061164598,0.));
#9299=DIRECTION('',(-0.999999999999939,-3.48537110549114E-7,0.));
#9300=DIRECTION('center_axis',(0.,0.,-1.));
#9301=DIRECTION('ref_axis',(-1.,0.,0.));
#9302=DIRECTION('center_axis',(0.,1.,0.));
#9303=DIRECTION('ref_axis',(1.,0.,0.));
#9304=DIRECTION('',(-3.10413406845494E-8,-1.98191589115896E-7,0.99999999999998));
#9305=DIRECTION('center_axis',(-1.,0.,0.));
#9306=DIRECTION('ref_axis',(0.,1.,0.));
#9307=DIRECTION('',(0.,0.,1.));
#9308=DIRECTION('',(0.,-1.,0.));
#9309=DIRECTION('center_axis',(0.,0.,1.));
#9310=DIRECTION('ref_axis',(-1.,0.,0.));
#9311=DIRECTION('',(-1.,0.,0.));
#9312=DIRECTION('',(0.,1.,0.));
#9313=DIRECTION('center_axis',(1.,0.,0.));
#9314=DIRECTION('ref_axis',(0.,-1.,0.));
#9315=DIRECTION('',(0.,0.,1.));
#9316=DIRECTION('center_axis',(0.,1.,0.));
#9317=DIRECTION('ref_axis',(1.,0.,0.));
#9318=DIRECTION('',(4.05883347319404E-7,-1.31652110098801E-7,-0.999999999999909));
#9319=DIRECTION('center_axis',(0.,0.,1.));
#9320=DIRECTION('ref_axis',(-1.,0.,0.));
#9321=DIRECTION('center_axis',(0.,-1.,0.));
#9322=DIRECTION('ref_axis',(1.,0.,0.));
#9323=DIRECTION('',(0.0987696326221582,0.,0.995110325376882));
#9324=DIRECTION('',(0.229127949600796,0.,0.973396313282383));
#9325=DIRECTION('',(0.464779464499125,0.,0.885426478811147));
#9326=DIRECTION('',(0.679515995570376,0.,0.733660692530274));
#9327=DIRECTION('',(0.830435215615032,0.,0.557115205919221));
#9328=DIRECTION('',(0.943608492353633,0.,0.331063457902112));
#9329=DIRECTION('',(0.994654349300428,0.,0.103260473646703));
#9330=DIRECTION('',(0.998605332184478,0.,-0.0527957435095688));
#9331=DIRECTION('',(0.985889202401162,0.,-0.167399165436393));
#9332=DIRECTION('',(0.956893343094457,0.,-0.290439546104717));
#9333=DIRECTION('',(0.906325138290625,0.,-0.422581049862012));
#9334=DIRECTION('',(0.845053052671449,0.,-0.534682464805668));
#9335=DIRECTION('',(0.778837695115326,0.,-0.627225513406021));
#9336=DIRECTION('',(0.689872185122693,0.,-0.723931190234293));
#9337=DIRECTION('',(0.584783049304111,0.,-0.811189734431215));
#9338=DIRECTION('',(0.466431206627589,0.,-0.884557476642378));
#9339=DIRECTION('',(0.334318618204585,0.,-0.942460111369058));
#9340=DIRECTION('',(0.18276317830229,0.,-0.983156966438648));
#9341=DIRECTION('',(0.0840901012822123,0.,-0.996458155100528));
#9342=DIRECTION('',(0.0225322866558808,0.,-0.999746115800435));
#9343=DIRECTION('',(4.362312776719E-12,0.,-1.));
#9344=DIRECTION('',(-0.952431132453321,0.,0.304753897323207));
#9345=DIRECTION('',(-2.326423741067E-12,0.,1.));
#9346=DIRECTION('',(0.0254786868520497,0.,0.999675365564389));
#9347=DIRECTION('center_axis',(0.,-1.,0.));
#9348=DIRECTION('ref_axis',(1.,0.,0.));
#9349=DIRECTION('center_axis',(0.,-1.,0.));
#9350=DIRECTION('ref_axis',(1.,0.,0.));
#9351=DIRECTION('center_axis',(0.,-1.,0.));
#9352=DIRECTION('ref_axis',(1.,0.,0.));
#9353=DIRECTION('center_axis',(0.,-1.,0.));
#9354=DIRECTION('ref_axis',(1.,0.,0.));
#9355=DIRECTION('',(0.121672126784604,0.,0.992570346909332));
#9356=DIRECTION('',(0.39973687258719,0.,0.916629932248676));
#9357=DIRECTION('',(0.664815897639512,0.,0.747007243770614));
#9358=DIRECTION('',(0.862683074655637,0.,0.505744908726422));
#9359=DIRECTION('',(0.974332404307392,0.,0.225114117541698));
#9360=DIRECTION('',(0.999892197069993,0.,-0.0146831276825499));
#9361=DIRECTION('',(0.982496372341622,0.,-0.186281717663204));
#9362=DIRECTION('',(0.946202726935988,0.,-0.323574411131196));
#9363=DIRECTION('',(0.898543991447577,0.,-0.438883464524989));
#9364=DIRECTION('',(0.840094740306717,0.,-0.542439699237611));
#9365=DIRECTION('',(0.753239488831009,0.,-0.657746358762708));
#9366=DIRECTION('',(0.628834276048215,0.,-0.777539358017919));
#9367=DIRECTION('',(0.482778058184785,0.,-0.875742739927273));
#9368=DIRECTION('',(0.314442233610985,0.,-0.949276609699056));
#9369=DIRECTION('',(0.109862250385603,0.,-0.993946822491129));
#9370=DIRECTION('',(-0.122249410301302,0.,-0.992499411426014));
#9371=DIRECTION('',(-0.404998417319594,0.,-0.914317385795886));
#9372=DIRECTION('',(-0.677391791633194,0.,-0.735622430753693));
#9373=DIRECTION('',(-0.86263664100976,0.,-0.505824105383876));
#9374=DIRECTION('',(-0.969455856555958,0.,-0.245265860219789));
#9375=DIRECTION('',(-0.9999933703157,0.,0.00364133555822212));
#9376=DIRECTION('',(-0.979009109226744,0.,0.203816496022909));
#9377=DIRECTION('',(-0.922501967746475,0.,0.38599238270189));
#9378=DIRECTION('',(-0.836955179393779,0.,0.547271438763186));
#9379=DIRECTION('',(-0.707796628007095,0.,0.706416260700295));
#9380=DIRECTION('',(-0.474483770072281,0.,0.880264251198465));
#9381=DIRECTION('',(-0.160712380659106,0.,0.987001282016838));
#9382=DIRECTION('center_axis',(0.,-1.,0.));
#9383=DIRECTION('ref_axis',(1.,0.,0.));
#9384=DIRECTION('center_axis',(0.,-1.,0.));
#9385=DIRECTION('ref_axis',(1.,0.,0.));
#9386=DIRECTION('',(0.706197526337164,0.,-0.708014868343364));
#9387=DIRECTION('',(-0.706197526338766,0.,-0.708014868341766));
#9388=DIRECTION('',(-2.868950936187E-13,0.,1.));
#9389=DIRECTION('center_axis',(0.,-0.948683298050164,0.316227766017888));
#9390=DIRECTION('ref_axis',(-1.,0.,0.));
#9391=DIRECTION('',(0.3015113445775,-0.3015113445786,-0.9045340337331));
#9392=DIRECTION('',(1.,0.,0.));
#9393=DIRECTION('',(0.3015113445775,0.3015113445786,0.9045340337331));
#9394=DIRECTION('center_axis',(-0.948683298050164,0.,0.316227766017888));
#9395=DIRECTION('ref_axis',(0.,-1.,0.));
#9396=DIRECTION('',(0.,-1.,0.));
#9397=DIRECTION('',(-0.3015113445775,0.3015113445786,-0.9045340337331));
#9398=DIRECTION('center_axis',(0.,-0.948683298050164,-0.316227766017888));
#9399=DIRECTION('ref_axis',(-1.,0.,0.));
#9400=DIRECTION('',(-1.,-2.142730437524E-13,0.));
#9401=DIRECTION('',(-0.301511344578391,-0.301511344578391,0.904534033732873));
#9402=DIRECTION('center_axis',(-0.948683298050164,0.,-0.316227766017888));
#9403=DIRECTION('ref_axis',(0.,-1.,0.));
#9404=DIRECTION('',(1.620925615954E-12,-1.,0.));
#9405=DIRECTION('center_axis',(0.,1.,0.));
#9406=DIRECTION('ref_axis',(1.,0.,0.));
#9407=DIRECTION('center_axis',(0.,0.,1.));
#9408=DIRECTION('ref_axis',(-1.,0.,0.));
#9409=DIRECTION('',(0.,0.,-1.));
#9410=DIRECTION('center_axis',(0.,0.,1.));
#9411=DIRECTION('ref_axis',(1.,0.,0.));
#9412=DIRECTION('center_axis',(-0.995110325374479,0.,0.0987696326463679));
#9413=DIRECTION('ref_axis',(-0.0987696326463679,0.,-0.995110325374479));
#9414=DIRECTION('',(0.0987696326221582,0.,0.995110325376882));
#9415=DIRECTION('',(0.,-1.,0.));
#9416=DIRECTION('',(0.,-1.,0.));
#9417=DIRECTION('center_axis',(-0.973396313302557,0.,0.22912794951509));
#9418=DIRECTION('ref_axis',(-0.22912794951509,0.,-0.973396313302557));
#9419=DIRECTION('',(-0.229127949600891,0.,-0.973396313282361));
#9420=DIRECTION('',(3.552713678799E-14,-1.,0.));
#9421=DIRECTION('center_axis',(-0.885426478844494,0.,0.464779464435597));
#9422=DIRECTION('ref_axis',(-0.464779464435597,0.,-0.885426478844494));
#9423=DIRECTION('',(-0.464779464499084,0.,-0.885426478811169));
#9424=DIRECTION('',(0.,-1.,0.));
#9425=DIRECTION('center_axis',(-0.733660692536189,0.,0.67951599556399));
#9426=DIRECTION('ref_axis',(-0.67951599556399,0.,-0.733660692536189));
#9427=DIRECTION('',(-0.679515995570376,0.,-0.733660692530274));
#9428=DIRECTION('',(0.,-1.,0.));
#9429=DIRECTION('center_axis',(-0.557115205936587,0.,0.830435215603381));
#9430=DIRECTION('ref_axis',(-0.830435215603381,0.,-0.557115205936587));
#9431=DIRECTION('',(-0.830435215615032,0.,-0.557115205919221));
#9432=DIRECTION('',(0.,-1.,0.));
#9433=DIRECTION('center_axis',(-0.331063457893308,0.,0.943608492356722));
#9434=DIRECTION('ref_axis',(-0.943608492356722,0.,-0.331063457893308));
#9435=DIRECTION('',(-0.943608492353602,0.,-0.331063457902201));
#9436=DIRECTION('',(0.,-1.,0.));
#9437=DIRECTION('center_axis',(-0.103260473641398,0.,0.994654349300979));
#9438=DIRECTION('ref_axis',(-0.994654349300979,0.,-0.103260473641398));
#9439=DIRECTION('',(-0.994654349300428,0.,-0.103260473646703));
#9440=DIRECTION('',(0.,-1.,0.));
#9441=DIRECTION('center_axis',(0.0527957435056293,0.,0.998605332184686));
#9442=DIRECTION('ref_axis',(-0.998605332184686,0.,0.0527957435056293));
#9443=DIRECTION('',(0.998605332184479,0.,-0.0527957435095489));
#9444=DIRECTION('',(0.,-1.,0.));
#9445=DIRECTION('center_axis',(0.167399165433395,0.,0.985889202401671));
#9446=DIRECTION('ref_axis',(-0.985889202401671,0.,0.167399165433395));
#9447=DIRECTION('',(-0.985889202401162,0.,0.167399165436393));
#9448=DIRECTION('',(0.,-1.,0.));
#9449=DIRECTION('center_axis',(0.290439546113589,0.,0.956893343091764));
#9450=DIRECTION('ref_axis',(-0.956893343091764,0.,0.290439546113589));
#9451=DIRECTION('',(-0.956893343094465,0.,0.290439546104689));
#9452=DIRECTION('',(-7.105427357598E-14,-1.,0.));
#9453=DIRECTION('center_axis',(0.422581049858201,0.,0.906325138292402));
#9454=DIRECTION('ref_axis',(-0.906325138292402,0.,0.422581049858201));
#9455=DIRECTION('',(-0.906325138290586,0.,0.422581049862094));
#9456=DIRECTION('',(0.,-1.,0.));
#9457=DIRECTION('center_axis',(0.53468246478391,0.,0.845053052685216));
#9458=DIRECTION('ref_axis',(-0.845053052685216,0.,0.53468246478391));
#9459=DIRECTION('',(-0.845053052671421,0.,0.534682464805713));
#9460=DIRECTION('',(0.,-1.,0.));
#9461=DIRECTION('center_axis',(0.627225513418817,0.,0.778837695105021));
#9462=DIRECTION('ref_axis',(-0.778837695105021,0.,0.627225513418817));
#9463=DIRECTION('',(-0.778837695115365,0.,0.627225513405972));
#9464=DIRECTION('',(0.,-1.,0.));
#9465=DIRECTION('center_axis',(0.723931190266206,0.,0.689872185089205));
#9466=DIRECTION('ref_axis',(-0.689872185089205,0.,0.723931190266206));
#9467=DIRECTION('',(-0.689872185122693,0.,0.723931190234293));
#9468=DIRECTION('',(0.,-1.,0.));
#9469=DIRECTION('center_axis',(0.811189734425179,0.,0.584783049312485));
#9470=DIRECTION('ref_axis',(-0.584783049312485,0.,0.811189734425179));
#9471=DIRECTION('',(-0.584783049304111,0.,0.811189734431215));
#9472=DIRECTION('',(0.,-1.,0.));
#9473=DIRECTION('center_axis',(0.884557476613481,0.,0.46643120668239));
#9474=DIRECTION('ref_axis',(-0.46643120668239,0.,0.884557476613481));
#9475=DIRECTION('',(-0.46643120662751,0.,0.88455747664242));
#9476=DIRECTION('',(-3.552713678799E-14,-1.,9.769962616697E-14));
#9477=DIRECTION('center_axis',(0.942460111391506,0.,0.334318618141302));
#9478=DIRECTION('ref_axis',(-0.334318618141302,0.,0.942460111391506));
#9479=DIRECTION('',(-0.334318618204585,0.,0.942460111369058));
#9480=DIRECTION('',(0.,-1.,0.));
#9481=DIRECTION('center_axis',(0.983156966446527,0.,0.182763178259905));
#9482=DIRECTION('ref_axis',(-0.182763178259905,0.,0.983156966446527));
#9483=DIRECTION('',(-0.18276317830229,0.,0.983156966438648));
#9484=DIRECTION('',(0.,-1.,0.));
#9485=DIRECTION('center_axis',(0.996458155099088,0.,0.084090101299269));
#9486=DIRECTION('ref_axis',(-0.084090101299269,0.,0.996458155099088));
#9487=DIRECTION('',(0.0840901012823017,0.,-0.99645815510052));
#9488=DIRECTION('',(0.,-1.,0.));
#9489=DIRECTION('center_axis',(0.999746115800682,0.,0.0225322866449196));
#9490=DIRECTION('ref_axis',(-0.0225322866449196,0.,0.999746115800682));
#9491=DIRECTION('',(0.0225322866558108,0.,-0.999746115800437));
#9492=DIRECTION('',(0.,-1.,-7.105427357598E-14));
#9493=DIRECTION('center_axis',(1.,0.,0.));
#9494=DIRECTION('ref_axis',(0.,0.,1.));
#9495=DIRECTION('',(4.40775353481E-12,0.,-1.));
#9496=DIRECTION('',(0.,-1.,0.));
#9497=DIRECTION('center_axis',(-0.304753897324411,0.,-0.952431132452936));
#9498=DIRECTION('ref_axis',(0.952431132452936,0.,-0.304753897324411));
#9499=DIRECTION('',(0.952431132453321,0.,-0.304753897323207));
#9500=DIRECTION('',(0.,-1.,0.));
#9501=DIRECTION('center_axis',(-1.,0.,0.));
#9502=DIRECTION('ref_axis',(0.,0.,-1.));
#9503=DIRECTION('',(-2.326423741067E-12,0.,1.));
#9504=DIRECTION('',(0.,-1.,1.7763568394E-14));
#9505=DIRECTION('center_axis',(-0.999675365564023,0.,0.0254786868664206));
#9506=DIRECTION('ref_axis',(-0.0254786868664206,0.,-0.999675365564023));
#9507=DIRECTION('',(0.0254786868520497,0.,0.999675365564389));
#9508=DIRECTION('center_axis',(-0.992570346910963,0.,0.121672126771296));
#9509=DIRECTION('ref_axis',(-0.121672126771296,0.,-0.992570346910963));
#9510=DIRECTION('',(-0.121672126784604,0.,-0.992570346909332));
#9511=DIRECTION('',(0.,-1.,0.));
#9512=DIRECTION('',(0.,-1.,1.953992523339E-13));
#9513=DIRECTION('center_axis',(-0.916629932268207,0.,0.399736872542403));
#9514=DIRECTION('ref_axis',(-0.399736872542403,0.,-0.916629932268208));
#9515=DIRECTION('',(-0.39973687258719,0.,-0.916629932248676));
#9516=DIRECTION('',(0.,-1.,0.));
#9517=DIRECTION('center_axis',(-0.747007243757805,0.,0.664815897653905));
#9518=DIRECTION('ref_axis',(-0.664815897653905,0.,-0.747007243757805));
#9519=DIRECTION('',(-0.664815897639512,0.,-0.747007243770614));
#9520=DIRECTION('',(0.,-1.,0.));
#9521=DIRECTION('center_axis',(-0.505744908709289,0.,0.862683074665681));
#9522=DIRECTION('ref_axis',(-0.862683074665681,0.,-0.505744908709289));
#9523=DIRECTION('',(-0.862683074655637,0.,-0.505744908726422));
#9524=DIRECTION('',(0.,-1.,0.));
#9525=DIRECTION('center_axis',(-0.2251141175685,0.,0.974332404301199));
#9526=DIRECTION('ref_axis',(-0.974332404301199,0.,-0.2251141175685));
#9527=DIRECTION('',(-0.974332404307392,0.,-0.225114117541698));
#9528=DIRECTION('',(0.,-1.,0.));
#9529=DIRECTION('center_axis',(0.0146831276791606,0.,0.999892197070043));
#9530=DIRECTION('ref_axis',(-0.999892197070043,0.,0.0146831276791606));
#9531=DIRECTION('',(0.999892197069993,0.,-0.0146831276825499));
#9532=DIRECTION('',(0.,-1.,0.));
#9533=DIRECTION('center_axis',(0.186281717665304,0.,0.982496372341223));
#9534=DIRECTION('ref_axis',(-0.982496372341223,0.,0.186281717665304));
#9535=DIRECTION('',(-0.982496372341622,0.,0.186281717663204));
#9536=DIRECTION('',(-7.105427357598E-14,-1.,0.));
#9537=DIRECTION('center_axis',(0.323574411137599,0.,0.946202726933798));
#9538=DIRECTION('ref_axis',(-0.946202726933798,0.,0.323574411137599));
#9539=DIRECTION('',(-0.946202726935988,0.,0.323574411131196));
#9540=DIRECTION('',(2.842170943039E-13,-1.,-8.881784196998E-14));
#9541=DIRECTION('center_axis',(0.438883464520809,0.,0.898543991449618));
#9542=DIRECTION('ref_axis',(-0.898543991449618,0.,0.438883464520809));
#9543=DIRECTION('',(-0.898543991447577,0.,0.438883464524989));
#9544=DIRECTION('',(0.,-1.,0.));
#9545=DIRECTION('center_axis',(0.542439699243623,0.,0.840094740302835));
#9546=DIRECTION('ref_axis',(-0.840094740302835,0.,0.542439699243623));
#9547=DIRECTION('',(-0.840094740306717,0.,0.542439699237611));
#9548=DIRECTION('',(0.,-1.,0.));
#9549=DIRECTION('center_axis',(0.657746358772316,0.,0.753239488822618));
#9550=DIRECTION('ref_axis',(-0.753239488822618,0.,0.657746358772316));
#9551=DIRECTION('',(-0.753239488831009,0.,0.657746358762708));
#9552=DIRECTION('',(-3.552713678799E-14,-1.,0.));
#9553=DIRECTION('center_axis',(0.777539358025206,0.,0.628834276039205));
#9554=DIRECTION('ref_axis',(-0.628834276039205,0.,0.777539358025206));
#9555=DIRECTION('',(-0.628834276048215,0.,0.777539358017919));
#9556=DIRECTION('',(0.,-1.,5.329070518199E-14));
#9557=DIRECTION('center_axis',(0.875742739915302,0.,0.482778058206501));
#9558=DIRECTION('ref_axis',(-0.482778058206501,0.,0.875742739915302));
#9559=DIRECTION('',(-0.482778058184785,0.,0.875742739927273));
#9560=DIRECTION('',(0.,-1.,0.));
#9561=DIRECTION('center_axis',(0.949276609702328,0.,0.314442233601109));
#9562=DIRECTION('ref_axis',(-0.314442233601109,0.,0.949276609702328));
#9563=DIRECTION('',(-0.314442233610985,0.,0.949276609699056));
#9564=DIRECTION('',(0.,-1.,0.));
#9565=DIRECTION('center_axis',(0.993946822491527,0.,0.109862250382003));
#9566=DIRECTION('ref_axis',(-0.109862250382003,0.,0.993946822491527));
#9567=DIRECTION('',(-0.109862250385603,0.,0.993946822491129));
#9568=DIRECTION('',(0.,-1.,0.));
#9569=DIRECTION('center_axis',(0.992499411430436,0.,-0.122249410265404));
#9570=DIRECTION('ref_axis',(0.122249410265404,0.,0.992499411430436));
#9571=DIRECTION('',(0.122249410301203,0.,0.992499411426026));
#9572=DIRECTION('',(0.,-1.,-3.552713678799E-14));
#9573=DIRECTION('center_axis',(0.914317385791536,0.,-0.404998417329416));
#9574=DIRECTION('ref_axis',(0.404998417329416,0.,0.914317385791536));
#9575=DIRECTION('',(0.404998417319594,0.,0.914317385795887));
#9576=DIRECTION('',(-3.552713678799E-14,-1.,-3.552713678799E-14));
#9577=DIRECTION('center_axis',(0.735622430750818,0.,-0.677391791636316));
#9578=DIRECTION('ref_axis',(0.677391791636316,0.,0.735622430750818));
#9579=DIRECTION('',(0.677391791633194,0.,0.735622430753693));
#9580=DIRECTION('',(1.06581410364E-13,-1.,5.329070518199E-14));
#9581=DIRECTION('center_axis',(0.505824105365708,0.,-0.862636641020413));
#9582=DIRECTION('ref_axis',(0.862636641020413,0.,0.505824105365708));
#9583=DIRECTION('',(0.862636641009803,0.,0.505824105383802));
#9584=DIRECTION('',(0.,-1.,0.));
#9585=DIRECTION('center_axis',(0.245265860220707,0.,-0.969455856555726));
#9586=DIRECTION('ref_axis',(0.969455856555726,0.,0.245265860220707));
#9587=DIRECTION('',(0.969455856555982,0.,0.245265860219696));
#9588=DIRECTION('',(0.,-1.,0.));
#9589=DIRECTION('center_axis',(-0.003641335558223,0.,-0.9999933703157));
#9590=DIRECTION('ref_axis',(0.9999933703157,0.,-0.003641335558223));
#9591=DIRECTION('',(-0.99999337031565,0.,0.00364133557181882));
#9592=DIRECTION('',(0.00283842710048703,-0.999995797062412,-0.000590922250254207));
#9593=DIRECTION('center_axis',(-0.203816496020509,0.,-0.979009109227244));
#9594=DIRECTION('ref_axis',(0.979009109227244,0.,-0.203816496020509));
#9595=DIRECTION('',(0.979009109226744,0.,-0.203816496022909));
#9596=DIRECTION('',(0.,-1.,1.7763568394E-14));
#9597=DIRECTION('center_axis',(-0.385992382710405,0.,-0.922501967742912));
#9598=DIRECTION('ref_axis',(0.922501967742912,0.,-0.385992382710405));
#9599=DIRECTION('',(0.922501967746475,0.,-0.38599238270189));
#9600=DIRECTION('',(0.,-1.,0.));
#9601=DIRECTION('center_axis',(-0.547271438760099,0.,-0.836955179395798));
#9602=DIRECTION('ref_axis',(0.836955179395798,0.,-0.547271438760098));
#9603=DIRECTION('',(0.836955179393779,0.,-0.547271438763186));
#9604=DIRECTION('',(0.,-1.,0.));
#9605=DIRECTION('center_axis',(-0.706416260700795,0.,-0.707796628006595));
#9606=DIRECTION('ref_axis',(0.707796628006595,0.,-0.706416260700795));
#9607=DIRECTION('',(0.707796628007095,0.,-0.706416260700295));
#9608=DIRECTION('',(0.,-1.,-1.7763568394E-14));
#9609=DIRECTION('center_axis',(-0.880264251203305,0.,-0.474483770063303));
#9610=DIRECTION('ref_axis',(0.474483770063303,0.,-0.880264251203305));
#9611=DIRECTION('',(0.474483770072281,0.,-0.880264251198465));
#9612=DIRECTION('',(0.,-1.,3.552713678799E-14));
#9613=DIRECTION('center_axis',(-0.987001282015993,0.,-0.160712380664299));
#9614=DIRECTION('ref_axis',(0.160712380664299,0.,-0.987001282015993));
#9615=DIRECTION('',(0.160712380659204,0.,-0.987001282016822));
#9616=DIRECTION('center_axis',(0.708014868343813,0.,0.706197526336713));
#9617=DIRECTION('ref_axis',(-0.706197526336713,0.,0.708014868343813));
#9618=DIRECTION('',(-0.706197526337164,0.,0.708014868343364));
#9619=DIRECTION('',(7.105427357598E-14,-1.,0.));
#9620=DIRECTION('',(0.,-1.,0.));
#9621=DIRECTION('center_axis',(0.708014868342165,0.,-0.706197526338366));
#9622=DIRECTION('ref_axis',(0.706197526338366,0.,0.708014868342165));
#9623=DIRECTION('',(0.706197526338766,0.,0.708014868341766));
#9624=DIRECTION('',(0.,-1.,0.));
#9625=DIRECTION('center_axis',(-1.,0.,0.));
#9626=DIRECTION('ref_axis',(0.,0.,-1.));
#9627=DIRECTION('',(-2.868950936187E-13,0.,1.));
#9628=DIRECTION('center_axis',(0.,0.,-1.));
#9629=DIRECTION('ref_axis',(1.,0.,0.));
#9630=DIRECTION('center_axis',(0.,0.,1.));
#9631=DIRECTION('ref_axis',(-1.,0.,0.));
#9632=DIRECTION('',(-1.,0.,0.));
#9633=DIRECTION('',(0.,-1.,0.));
#9634=DIRECTION('',(1.,0.,0.));
#9635=DIRECTION('',(0.,1.,0.));
#9636=DIRECTION('center_axis',(0.,-1.,0.));
#9637=DIRECTION('ref_axis',(0.,0.,-1.));
#9638=DIRECTION('center_axis',(0.,-1.,0.));
#9639=DIRECTION('ref_axis',(0.,0.,-1.));
#9640=DIRECTION('center_axis',(0.,-1.,0.));
#9641=DIRECTION('ref_axis',(0.,0.,-1.));
#9642=DIRECTION('center_axis',(0.,-1.,0.));
#9643=DIRECTION('ref_axis',(1.,0.,0.));
#9644=DIRECTION('',(-1.,0.,0.));
#9645=DIRECTION('',(7.359192621375E-14,7.333816095094E-14,-1.));
#9646=DIRECTION('',(-7.308439568813E-14,7.295751305673E-14,-1.));
#9647=DIRECTION('center_axis',(1.,0.,0.));
#9648=DIRECTION('ref_axis',(0.,1.,0.));
#9649=DIRECTION('',(-6.394884621841E-13,-1.,3.900213485508E-12));
#9650=DIRECTION('',(-7.257686516259E-14,7.283063042539E-14,-1.));
#9651=DIRECTION('center_axis',(0.,-1.,0.));
#9652=DIRECTION('ref_axis',(1.,0.,0.));
#9653=DIRECTION('',(1.,0.,0.));
#9654=DIRECTION('',(7.30843956882E-14,7.32112783196E-14,-1.));
#9655=DIRECTION('center_axis',(-1.,0.,0.));
#9656=DIRECTION('ref_axis',(0.,-1.,0.));
#9657=DIRECTION('',(-6.394884621841E-13,1.,-3.901323708533E-12));
#9658=DIRECTION('center_axis',(0.,-0.948683298049894,0.316227766018698));
#9659=DIRECTION('ref_axis',(-1.,0.,0.));
#9660=DIRECTION('',(0.301511344579191,0.301511344578491,0.904534033732573));
#9661=DIRECTION('',(1.,0.,0.));
#9662=DIRECTION('',(0.301511344579191,-0.301511344578491,-0.904534033732573));
#9663=DIRECTION('center_axis',(-0.948683298049924,-2.04627981226205E-14,
-0.316227766018608));
#9664=DIRECTION('ref_axis',(-1.95653122782655E-17,-1.,6.47677453041705E-14));
#9665=DIRECTION('',(0.,1.,-2.886579864028E-14));
#9666=DIRECTION('',(-0.3015113445784,-0.3015113445792,0.9045340337326));
#9667=DIRECTION('center_axis',(0.,-0.948683298049964,-0.316227766018488));
#9668=DIRECTION('ref_axis',(-1.,0.,0.));
#9669=DIRECTION('',(-1.,-4.407585407759E-13,0.));
#9670=DIRECTION('',(-0.3015113445775,0.3015113445795,-0.9045340337328));
#9671=DIRECTION('center_axis',(-0.948683298049924,2.04558592287205E-14,
0.316227766018608));
#9672=DIRECTION('ref_axis',(2.54898437521336E-17,-1.,6.47635761894259E-14));
#9673=DIRECTION('',(1.634248292251E-12,-1.,2.664535259104E-14));
#9674=DIRECTION('center_axis',(0.,-6.472600233565E-14,-1.));
#9675=DIRECTION('ref_axis',(-1.,0.,0.));
#9676=CARTESIAN_POINT('',(0.,0.,0.));
#9677=CARTESIAN_POINT('Origin',(9.52500000493925,0.,-6.71314028461703E-15));
#9678=CARTESIAN_POINT('',(9.52500000493924,7.04999999809315,-9.199999999758));
#9679=CARTESIAN_POINT('',(9.52500000493924,0.05000000000018,-9.19999999976));
#9680=CARTESIAN_POINT('',(9.52500000493924,0.0249999999997923,-9.19999999976));
#9681=CARTESIAN_POINT('',(9.52500000493925,0.05000000000018,2.855566489306E-14));
#9682=CARTESIAN_POINT('',(9.52500000493925,0.05000000000018,-1.87474574080638E-15));
#9683=CARTESIAN_POINT('',(9.52500000493925,6.55000000174242,7.224155367357E-14));
#9684=CARTESIAN_POINT('',(9.52500000493925,3.2750000008915,2.25601153846625E-13));
#9685=CARTESIAN_POINT('',(9.52500000493925,7.050000001045,-0.499999985054648));
#9686=CARTESIAN_POINT('Origin',(9.52500000493925,6.550000001782,-0.5000000007603));
#9687=CARTESIAN_POINT('',(9.52500000493925,7.050000000253,-5.800000000181));
#9688=CARTESIAN_POINT('',(9.52500000493925,7.050000000002,-4.5999999998805));
#9689=CARTESIAN_POINT('',(9.52500000493925,7.089999999222,-5.800000000181));
#9690=CARTESIAN_POINT('',(9.52500000493925,3.54499999960955,-5.80000000018046));
#9691=CARTESIAN_POINT('',(9.52500000493925,7.289999998,-5.99999999896));
#9692=CARTESIAN_POINT('Origin',(9.52500000493925,7.08999999922,-5.99999999896));
#9693=CARTESIAN_POINT('',(9.52500000493925,7.289999998,-6.20000000028));
#9694=CARTESIAN_POINT('',(9.52500000493925,7.28999999800019,-3.10000000014023));
#9695=CARTESIAN_POINT('',(9.52500000493925,7.10000000000015,-6.20000000028));
#9696=CARTESIAN_POINT('',(9.52500000493925,3.5499999999998,-6.20000000027977));
#9697=CARTESIAN_POINT('',(9.52500000493925,7.12566648255854,-4.66001111042188));
#9698=CARTESIAN_POINT('Origin',(13.72999999994,0.05000000000018,-9.19999999976));
#9699=CARTESIAN_POINT('',(13.72999999994,7.049999998093,-9.199999999758));
#9700=CARTESIAN_POINT('',(1.51000000006,7.049999998093,-9.199999999758));
#9701=CARTESIAN_POINT('',(13.72999999994,0.05000000000018,-9.19999999976));
#9702=CARTESIAN_POINT('',(13.72999999994,7.049999998093,-9.199999999758));
#9703=CARTESIAN_POINT('',(1.51000000006,0.05000000000018,-9.19999999976));
#9704=CARTESIAN_POINT('',(13.00500000071,2.849999999281,-9.19999999976));
#9705=CARTESIAN_POINT('',(13.42999999994,2.849999999281,-9.19999999976));
#9706=CARTESIAN_POINT('',(13.00500000071,2.849999999281,-9.19999999976));
#9707=CARTESIAN_POINT('',(13.42999999994,4.650000001001,-9.19999999976));
#9708=CARTESIAN_POINT('',(13.42999999994,4.650000001001,-9.19999999976));
#9709=CARTESIAN_POINT('',(13.00500000071,4.650000001001,-9.19999999976));
#9710=CARTESIAN_POINT('',(13.42999999994,4.650000001001,-9.19999999976));
#9711=CARTESIAN_POINT('',(13.00500000071,5.19977676784,-9.19999999976));
#9712=CARTESIAN_POINT('',(13.00500000071,4.650000001001,-9.19999999976));
#9713=CARTESIAN_POINT('',(12.1799999986,5.19977676784,-9.19999999976));
#9714=CARTESIAN_POINT('',(12.1799999986,5.19977676784,-9.19999999976));
#9715=CARTESIAN_POINT('',(12.1799999986,5.649776767,-9.19999999976));
#9716=CARTESIAN_POINT('',(12.1799999986,5.649776767,-9.19999999976));
#9717=CARTESIAN_POINT('',(12.48000000058,5.649776767,-9.19999999976));
#9718=CARTESIAN_POINT('',(12.48000000058,5.649776767,-9.19999999976));
#9719=CARTESIAN_POINT('',(12.82999999908,6.54977676786,-9.19999999976));
#9720=CARTESIAN_POINT('',(12.82999999908,6.54977676786,-9.19999999976));
#9721=CARTESIAN_POINT('',(10.02999999838,6.54977676786,-9.19999999976));
#9722=CARTESIAN_POINT('',(10.02999999838,6.54977676786,-9.19999999976));
#9723=CARTESIAN_POINT('',(10.37999999942,5.649776767,-9.19999999976));
#9724=CARTESIAN_POINT('',(10.37999999942,5.649776767,-9.19999999976));
#9725=CARTESIAN_POINT('',(10.67999999886,5.649776767,-9.19999999976));
#9726=CARTESIAN_POINT('',(10.67999999886,5.649776767,-9.19999999976));
#9727=CARTESIAN_POINT('',(10.67999999886,5.19977676784,-9.19999999976));
#9728=CARTESIAN_POINT('',(10.67999999886,5.19977676784,-9.19999999976));
#9729=CARTESIAN_POINT('',(9.855000009173,5.19977676784,-9.19999999976));
#9730=CARTESIAN_POINT('',(9.855000009173,5.19977676784,-9.19999999976));
#9731=CARTESIAN_POINT('',(9.85500000889578,0.449776618213287,-9.20000003254619));
#9732=CARTESIAN_POINT('',(9.855000009173,5.19977676784,-9.19999999976));
#9733=CARTESIAN_POINT('',(10.7085400337275,0.449776497485137,-9.20000004237197));
#9734=CARTESIAN_POINT('',(9.855000008883,0.4497766176698,-9.200000032949));
#9735=CARTESIAN_POINT('',(12.1511108239086,0.449999818114063,-9.20000002531806));
#9736=CARTESIAN_POINT('Origin',(11.43001108934,-0.7499856582499,-9.19999999976));
#9737=CARTESIAN_POINT('',(13.0050000008647,0.449999912864164,-9.20000001874206));
#9738=CARTESIAN_POINT('',(12.15111204491,0.4499995904906,-9.200000019296));
#9739=CARTESIAN_POINT('',(13.00500000088,0.4499999120904,-9.200000019296));
#9740=CARTESIAN_POINT('Origin',(13.72999999994,0.05000000000018,0.));
#9741=CARTESIAN_POINT('',(13.72999999994,0.05000000000018,2.855566489306E-14));
#9742=CARTESIAN_POINT('',(13.72999999994,0.05000000000018,-9.19999999976));
#9743=CARTESIAN_POINT('',(1.51000000006,0.05000000000018,2.855566489306E-14));
#9744=CARTESIAN_POINT('',(11.9900027569049,0.0500000118036978,-3.85834581167719));
#9745=CARTESIAN_POINT('',(11.9897355274856,0.05000000000018,-3.90787720941524));
#9746=CARTESIAN_POINT('',(12.0012654179245,0.05000000000018,-1.94888519333836));
#9747=CARTESIAN_POINT('',(11.9888688360875,0.05000000000018,-3.94377397852991));
#9748=CARTESIAN_POINT('',(12.0369575108722,0.05000000000018,-1.95202911163298));
#9749=CARTESIAN_POINT('',(11.9874190989283,0.05000000000018,-3.96605975206846));
#9750=CARTESIAN_POINT('',(12.1195474121431,0.05000000000018,-1.93494579812218));
#9751=CARTESIAN_POINT('',(11.98334171074,0.05000000000018,-3.995452403464));
#9752=CARTESIAN_POINT('',(12.2717254554868,0.05000000000018,-1.91658178449225));
#9753=CARTESIAN_POINT('',(11.9770542609,0.05000000000018,-4.02245771012));
#9754=CARTESIAN_POINT('',(11.9770542609,0.05000000000018,-4.02245771012));
#9755=CARTESIAN_POINT('',(11.96856068799,0.05000000000018,-4.047036281421));
#9756=CARTESIAN_POINT('',(11.96856068799,0.05000000000018,-4.047036281421));
#9757=CARTESIAN_POINT('',(11.95773886811,0.05000000000018,-4.06938509345));
#9758=CARTESIAN_POINT('',(11.95773886811,0.05000000000018,-4.06938509345));
#9759=CARTESIAN_POINT('',(11.94438788565,0.05000000000018,-4.090016280783));
#9760=CARTESIAN_POINT('',(11.94438788565,0.05000000000018,-4.090016280783));
#9761=CARTESIAN_POINT('',(11.92843683012,0.05000000000018,-4.108874691232));
#9762=CARTESIAN_POINT('',(11.92843683012,0.05000000000018,-4.108874691232));
#9763=CARTESIAN_POINT('',(11.91003934177,0.05000000000018,-4.12592092929));
#9764=CARTESIAN_POINT('',(11.91003934177,0.05000000000018,-4.12592092929));
#9765=CARTESIAN_POINT('',(11.88935300127,0.05000000000018,-4.140808318627));
#9766=CARTESIAN_POINT('',(11.88935300127,0.05000000000018,-4.140808318627));
#9767=CARTESIAN_POINT('',(11.86630295737,0.05000000000018,-4.153607770067));
#9768=CARTESIAN_POINT('',(11.86630295737,0.05000000000018,-4.153607770067));
#9769=CARTESIAN_POINT('',(11.8408813319,0.05000000000018,-4.164157764536));
#9770=CARTESIAN_POINT('',(11.8408813319,0.05000000000018,-4.164157764536));
#9771=CARTESIAN_POINT('',(11.81304478962,0.05000000000018,-4.172229810178));
#9772=CARTESIAN_POINT('',(11.81304478962,0.05000000000018,-4.172229810178));
#9773=CARTESIAN_POINT('',(11.7827222488576,0.05000000000018,-4.17781605162828));
#9774=CARTESIAN_POINT('',(11.7821067222391,0.05000000000018,-4.17792945670597));
#9775=CARTESIAN_POINT('',(11.7501978699126,0.05000000000018,-4.1807588383537));
#9776=CARTESIAN_POINT('',(12.9196618442869,0.05000000000018,-4.07494614215398));
#9777=CARTESIAN_POINT('',(11.7157350750311,0.05000000000018,-4.18089278158456));
#9778=CARTESIAN_POINT('',(12.7309769373447,0.05000000000018,-4.17694693992838));
#9779=CARTESIAN_POINT('',(11.6792554309344,0.05000000000018,-4.1781587864448));
#9780=CARTESIAN_POINT('',(12.5432067383216,0.05000000000018,-4.24290847925298));
#9781=CARTESIAN_POINT('',(11.6014854935,0.05000000000018,-4.164342921122));
#9782=CARTESIAN_POINT('',(11.6014854935,0.05000000000018,-4.164342921122));
#9783=CARTESIAN_POINT('',(11.52981013998,0.05000000000018,-4.140926503799));
#9784=CARTESIAN_POINT('',(11.52981013998,0.05000000000018,-4.140926503799));
#9785=CARTESIAN_POINT('',(11.46427253513,0.05000000000018,-4.107992242202));
#9786=CARTESIAN_POINT('',(11.46427253513,0.05000000000018,-4.107992242202));
#9787=CARTESIAN_POINT('',(11.40597574066,0.05000000000018,-4.067990508579));
#9788=CARTESIAN_POINT('',(11.40597574066,0.05000000000018,-4.067990508579));
#9789=CARTESIAN_POINT('',(11.35632221993,0.05000000000018,-4.023675016912));
#9790=CARTESIAN_POINT('',(11.35632221993,0.05000000000018,-4.023675016912));
#9791=CARTESIAN_POINT('',(11.3152371227,0.05000000000018,-3.975010312134));
#9792=CARTESIAN_POINT('',(11.3152371227,0.05000000000018,-3.975010312134));
#9793=CARTESIAN_POINT('',(11.28911820446,0.05000000000018,-3.932845790354));
#9794=CARTESIAN_POINT('',(11.28911820446,0.05000000000018,-3.932845790354));
#9795=CARTESIAN_POINT('',(11.26795912328,0.05000000000018,-3.88429139158));
#9796=CARTESIAN_POINT('',(11.26795912328,0.05000000000018,-3.88429139158));
#9797=CARTESIAN_POINT('',(11.25172442341,0.05000000000018,-3.82938651061));
#9798=CARTESIAN_POINT('',(11.25172442341,0.05000000000018,-3.82938651061));
#9799=CARTESIAN_POINT('',(11.2454921264,0.05000000000018,-3.790881789017));
#9800=CARTESIAN_POINT('',(11.2454921264,0.05000000000018,-3.790881789017));
#9801=CARTESIAN_POINT('',(11.2417850521435,0.05000000000018,-3.74121250888636));
#9802=CARTESIAN_POINT('',(11.1098372557733,0.05000000000018,-1.9733083499593));
#9803=CARTESIAN_POINT('',(11.2405598662757,0.05000000000018,-3.68033928114309));
#9804=CARTESIAN_POINT('',(11.2040420774287,0.05000000000018,-1.86595691281234));
#9805=CARTESIAN_POINT('',(11.24055986626,0.05000000000018,-3.416144257234));
#9806=CARTESIAN_POINT('',(11.24055986626,0.05000000000018,-1.708072128616));
#9807=CARTESIAN_POINT('',(11.99002705068,0.05000000000018,-3.656454060661));
#9808=CARTESIAN_POINT('',(11.99002705068,0.05000000000018,-3.656454060661));
#9809=CARTESIAN_POINT('',(11.99002705068,0.05000000000018,-1.929172905839));
#9810=CARTESIAN_POINT('',(11.99002705068,0.05000000000018,-8.181905248027));
#9811=CARTESIAN_POINT('',(11.48851624899,0.05000000000018,-8.021208900588));
#9812=CARTESIAN_POINT('',(11.99002705068,0.05000000000018,-8.181905248027));
#9813=CARTESIAN_POINT('',(11.99002705068,0.05000000000018,-8.324999887302));
#9814=CARTESIAN_POINT('',(11.99002705068,0.05000000000018,-8.181905248027));
#9815=CARTESIAN_POINT('',(11.24055986626,0.05000000000018,-8.085233735389));
#9816=CARTESIAN_POINT('',(11.24055986626,0.05000000000018,-8.085233735389));
#9817=CARTESIAN_POINT('',(11.24055986626,0.05000000000018,-7.941441804007));
#9818=CARTESIAN_POINT('',(11.24055986626,0.05000000000018,-8.085233735389));
#9819=CARTESIAN_POINT('',(11.74416254526,0.05000000000018,-7.795073436056));
#9820=CARTESIAN_POINT('',(11.74416254526,0.05000000000018,-7.795073436056));
#9821=CARTESIAN_POINT('',(11.24055986626,0.05000000000018,-7.633801920767));
#9822=CARTESIAN_POINT('',(11.24055986626,0.05000000000018,-7.633801920767));
#9823=CARTESIAN_POINT('',(11.24055986626,0.05000000000018,-7.490195145976));
#9824=CARTESIAN_POINT('',(11.24055986626,0.05000000000018,-7.633801920767));
#9825=CARTESIAN_POINT('',(11.99002705068,0.05000000000018,-7.729949479305));
#9826=CARTESIAN_POINT('',(11.99002705068,0.05000000000018,-7.729949479305));
#9827=CARTESIAN_POINT('',(11.99002705068,0.05000000000018,-7.874095966197));
#9828=CARTESIAN_POINT('',(11.99002705068,0.05000000000018,-7.729949479305));
#9829=CARTESIAN_POINT('',(11.48851624899,0.05000000000018,-8.021208900588));
#9830=CARTESIAN_POINT('',(11.99002705068,0.05000000000018,-4.467775412912));
#9831=CARTESIAN_POINT('',(11.24055986626,0.05000000000018,-4.227820164995));
#9832=CARTESIAN_POINT('',(11.99002705068,0.05000000000018,-4.467775412912));
#9833=CARTESIAN_POINT('',(11.99002705068,0.05000000000018,-5.023367739048));
#9834=CARTESIAN_POINT('',(11.99002705068,0.05000000000018,-4.467775412912));
#9835=CARTESIAN_POINT('',(11.86473897391,0.05000000000018,-4.983413279591));
#9836=CARTESIAN_POINT('',(11.86473897391,0.05000000000018,-4.983413279591));
#9837=CARTESIAN_POINT('',(11.86473897391,0.05000000000018,-4.582080149713));
#9838=CARTESIAN_POINT('',(11.86473897391,0.05000000000018,-4.983413279591));
#9839=CARTESIAN_POINT('',(11.69460751229,0.05000000000018,-4.527380123089));
#9840=CARTESIAN_POINT('',(11.69460751229,0.05000000000018,-4.527380123089));
#9841=CARTESIAN_POINT('',(11.69460751229,0.05000000000018,-4.91527954109));
#9842=CARTESIAN_POINT('',(11.69460751229,0.05000000000018,-4.527380123089));
#9843=CARTESIAN_POINT('',(11.56931943551,0.05000000000018,-4.875325081631));
#9844=CARTESIAN_POINT('',(11.56931943551,0.05000000000018,-4.875325081631));
#9845=CARTESIAN_POINT('',(11.56931943551,0.05000000000018,-4.487240506878));
#9846=CARTESIAN_POINT('',(11.56931943551,0.05000000000018,-4.875325081631));
#9847=CARTESIAN_POINT('',(11.36584794303,0.05000000000018,-4.417660970084));
#9848=CARTESIAN_POINT('',(11.36584794303,0.05000000000018,-4.417660970084));
#9849=CARTESIAN_POINT('',(11.36584794303,0.05000000000018,-4.85372083644));
#9850=CARTESIAN_POINT('',(11.36584794303,0.05000000000018,-4.417660970084));
#9851=CARTESIAN_POINT('',(11.24055986626,0.05000000000018,-4.813258180718));
#9852=CARTESIAN_POINT('',(11.24055986626,0.05000000000018,-4.813258180718));
#9853=CARTESIAN_POINT('',(11.24055986626,0.05000000000018,-4.813258180718));
#9854=CARTESIAN_POINT('',(11.77626951067,0.05000000000018,-6.581721661573));
#9855=CARTESIAN_POINT('',(11.84026676922,0.05000000000018,-6.576753946016));
#9856=CARTESIAN_POINT('',(11.77626951067,0.05000000000018,-6.581721661573));
#9857=CARTESIAN_POINT('',(11.76964720307,0.05000000000018,-6.433182626643));
#9858=CARTESIAN_POINT('',(11.76964720307,0.05000000000018,-6.433182626643));
#9859=CARTESIAN_POINT('',(11.80266813349,0.05000000000018,-6.429991627721));
#9860=CARTESIAN_POINT('',(11.76964720307,0.05000000000018,-6.433182626643));
#9861=CARTESIAN_POINT('',(11.83015012027,0.05000000000018,-6.420087711941));
#9862=CARTESIAN_POINT('',(11.83015012027,0.05000000000018,-6.420087711941));
#9863=CARTESIAN_POINT('',(11.85200255447,0.05000000000018,-6.403435424557));
#9864=CARTESIAN_POINT('',(11.85200255447,0.05000000000018,-6.403435424557));
#9865=CARTESIAN_POINT('',(11.86787482,0.05000000000018,-6.379550205972));
#9866=CARTESIAN_POINT('',(11.86787482,0.05000000000018,-6.379550205972));
#9867=CARTESIAN_POINT('',(11.87742417993,0.05000000000018,-6.347939618085));
#9868=CARTESIAN_POINT('',(11.87742417993,0.05000000000018,-6.347939618085));
#9869=CARTESIAN_POINT('',(11.8806191173459,0.05000000000018,-6.30856047735925));
#9870=CARTESIAN_POINT('',(12.140907029852,0.05000000000018,-3.10037555388474));
#9871=CARTESIAN_POINT('',(11.8781175550547,0.05000000000018,-6.2697248324072));
#9872=CARTESIAN_POINT('',(11.680846842322,0.05000000000018,-3.20721368875935));
#9873=CARTESIAN_POINT('',(11.87061277599,0.05000000000018,-6.238441077084));
#9874=CARTESIAN_POINT('',(11.8706127759911,0.05000000000018,-6.23844107708373));
#9875=CARTESIAN_POINT('',(11.85811272655,0.05000000000018,-6.214788289412));
#9876=CARTESIAN_POINT('',(11.85811272655,0.05000000000018,-6.214788289412));
#9877=CARTESIAN_POINT('',(11.84181499468,0.05000000000018,-6.197730232766));
#9878=CARTESIAN_POINT('',(11.84181499468,0.05000000000018,-6.197730232766));
#9879=CARTESIAN_POINT('',(11.82292506823,0.05000000000018,-6.186510522452));
#9880=CARTESIAN_POINT('',(11.82292506823,0.05000000000018,-6.186510522452));
#9881=CARTESIAN_POINT('',(11.8013957319234,0.05000000000018,-6.18108583066937));
#9882=CARTESIAN_POINT('',(11.80175267265,0.05000000000018,-6.181175776232));
#9883=CARTESIAN_POINT('',(11.7811584695704,0.05000000000018,-6.18162553008957));
#9884=CARTESIAN_POINT('',(12.8372577518733,0.05000000000018,-6.15346015105941));
#9885=CARTESIAN_POINT('',(11.76341096664,0.05000000000018,-6.188023292494));
#9886=CARTESIAN_POINT('',(11.76341096664,0.05000000000018,-6.188023292494));
#9887=CARTESIAN_POINT('',(11.74818084038,0.05000000000018,-6.200286971591));
#9888=CARTESIAN_POINT('',(11.74818084038,0.05000000000018,-6.200286971591));
#9889=CARTESIAN_POINT('',(11.73211553909,0.05000000000018,-6.221875458862));
#9890=CARTESIAN_POINT('',(11.73211553909,0.05000000000018,-6.221875458862));
#9891=CARTESIAN_POINT('',(11.7125217537163,0.05000000000018,-6.2566404709465));
#9892=CARTESIAN_POINT('',(11.71252255331,0.05000000000018,-6.256640742023));
#9893=CARTESIAN_POINT('',(11.65457426266,0.05000000000018,-6.376540424214));
#9894=CARTESIAN_POINT('',(13.1001500687048,0.05000000000018,-3.38538350664371));
#9895=CARTESIAN_POINT('',(11.62447250506,0.05000000000018,-6.428069148999));
#9896=CARTESIAN_POINT('',(11.62447250506,0.05000000000018,-6.428069148999));
#9897=CARTESIAN_POINT('',(11.59897602901,0.05000000000018,-6.459210935958));
#9898=CARTESIAN_POINT('',(11.59897602901,0.05000000000018,-6.459210935958));
#9899=CARTESIAN_POINT('',(11.56157436879,0.05000000000018,-6.484305582496));
#9900=CARTESIAN_POINT('',(11.56157436879,0.05000000000018,-6.484305582496));
#9901=CARTESIAN_POINT('',(11.5177749263485,0.05000000000018,-6.49700655062984));
#9902=CARTESIAN_POINT('',(11.51761419166,0.05000000000018,-6.497053164288));
#9903=CARTESIAN_POINT('',(11.4675777460834,0.05000000000018,-6.49728624739091));
#9904=CARTESIAN_POINT('',(12.6168550307857,0.05000000000018,-6.49088234248983));
#9905=CARTESIAN_POINT('',(11.40464812754,0.05000000000018,-6.481555808255));
#9906=CARTESIAN_POINT('',(11.40464812754,0.05000000000018,-6.481555808255));
#9907=CARTESIAN_POINT('',(11.3481595657,0.05000000000018,-6.44909034759));
#9908=CARTESIAN_POINT('',(11.3481595657,0.05000000000018,-6.44909034759));
#9909=CARTESIAN_POINT('',(11.29814755004,0.05000000000018,-6.399901688708));
#9910=CARTESIAN_POINT('',(11.29814755004,0.05000000000018,-6.399901688708));
#9911=CARTESIAN_POINT('',(11.2590479632,0.05000000000018,-6.336381110259));
#9912=CARTESIAN_POINT('',(11.2590479632,0.05000000000018,-6.336381110259));
#9913=CARTESIAN_POINT('',(11.23562366637,0.05000000000018,-6.26091201338));
#9914=CARTESIAN_POINT('',(11.23562366637,0.05000000000018,-6.26091201338));
#9915=CARTESIAN_POINT('',(11.22782344682,0.05000000000018,-6.173423486897));
#9916=CARTESIAN_POINT('',(11.22782344682,0.05000000000018,-6.173423486897));
#9917=CARTESIAN_POINT('',(11.23142809383,0.05000000000018,-6.112290248709));
#9918=CARTESIAN_POINT('',(11.22782344682,0.05000000000018,-6.173423486897));
#9919=CARTESIAN_POINT('',(11.24224203489,0.05000000000018,-6.057700528413));
#9920=CARTESIAN_POINT('',(11.24224203489,0.05000000000018,-6.057700528413));
#9921=CARTESIAN_POINT('',(11.26027314915,0.05000000000018,-6.009685841722));
#9922=CARTESIAN_POINT('',(11.26027314915,0.05000000000018,-6.009685841722));
#9923=CARTESIAN_POINT('',(11.28470989842,0.05000000000018,-5.969778656436));
#9924=CARTESIAN_POINT('',(11.28470989842,0.05000000000018,-5.969778656436));
#9925=CARTESIAN_POINT('',(11.31477226085,0.05000000000018,-5.939791144587));
#9926=CARTESIAN_POINT('',(11.31477226085,0.05000000000018,-5.939791144587));
#9927=CARTESIAN_POINT('',(11.35049175243,0.05000000000018,-5.919746943028));
#9928=CARTESIAN_POINT('',(11.35049175243,0.05000000000018,-5.919746943028));
#9929=CARTESIAN_POINT('',(11.39093471074,0.05000000000018,-5.90832631812));
#9930=CARTESIAN_POINT('',(11.39093471074,0.05000000000018,-5.90832631812));
#9931=CARTESIAN_POINT('',(11.43521868607,0.05000000000018,-5.904225293589));
#9932=CARTESIAN_POINT('',(11.43521868607,0.05000000000018,-5.904225293589));
#9933=CARTESIAN_POINT('',(11.48345792451,0.05000000000018,-5.907506901099));
#9934=CARTESIAN_POINT('',(11.43521868607,0.05000000000018,-5.904225293589));
#9935=CARTESIAN_POINT('',(11.4911360193081,0.05000000000018,-6.05511621236509));
#9936=CARTESIAN_POINT('',(11.49113000858,0.05000000000018,-6.055000648736));
#9937=CARTESIAN_POINT('',(11.4488123209222,0.0500007317700987,-6.05452297216718));
#9938=CARTESIAN_POINT('',(12.539079740441,0.05000000000018,-6.07254233198451));
#9939=CARTESIAN_POINT('',(11.41790062225,0.05000000000018,-6.058890258943));
#9940=CARTESIAN_POINT('',(12.9718750106177,0.05000000000018,-5.83877947252632));
#9941=CARTESIAN_POINT('',(11.39655638415,0.05000000000018,-6.068486892879));
#9942=CARTESIAN_POINT('',(11.39655638415,0.05000000000018,-6.068486892879));
#9943=CARTESIAN_POINT('',(11.37433363677,0.05000000000018,-6.094909152874));
#9944=CARTESIAN_POINT('',(11.37433363677,0.05000000000018,-6.094909152874));
#9945=CARTESIAN_POINT('',(11.36102992832,0.05000000000018,-6.135044829662));
#9946=CARTESIAN_POINT('',(11.36102992832,0.05000000000018,-6.135044829662));
#9947=CARTESIAN_POINT('',(11.3566019260876,0.05000000000018,-6.18881104739391));
#9948=CARTESIAN_POINT('',(11.3566512346184,0.05000000000018,-6.18821245721437));
#9949=CARTESIAN_POINT('',(11.3596195635438,0.05000000000018,-6.23492689462656));
#9950=CARTESIAN_POINT('',(11.1615466584066,0.05000000000018,-3.20797944992154));
#9951=CARTESIAN_POINT('',(11.36864893103,0.05000000000018,-6.272403549458));
#9952=CARTESIAN_POINT('',(11.3686489310314,0.05000000000018,-6.27240354945767));
#9953=CARTESIAN_POINT('',(11.38365056578,0.05000000000018,-6.301240725927));
#9954=CARTESIAN_POINT('',(11.38365056578,0.05000000000018,-6.301240725927));
#9955=CARTESIAN_POINT('',(11.40302111208,0.05000000000018,-6.322167376519));
#9956=CARTESIAN_POINT('',(11.40302111208,0.05000000000018,-6.322167376519));
#9957=CARTESIAN_POINT('',(11.42483021136,0.05000000000018,-6.335884732739));
#9958=CARTESIAN_POINT('',(11.42483021136,0.05000000000018,-6.335884732739));
#9959=CARTESIAN_POINT('',(11.4490896153937,0.05000000000018,-6.34235733181722));
#9960=CARTESIAN_POINT('',(11.44862949633,0.05000000000018,-6.342234558237));
#9961=CARTESIAN_POINT('',(11.4701384172716,0.05000000000018,-6.3416206601313));
#9962=CARTESIAN_POINT('',(12.7095264808828,0.05000000000018,-6.29824322012271));
#9963=CARTESIAN_POINT('',(11.48893777591,0.05000000000018,-6.334470450449));
#9964=CARTESIAN_POINT('',(11.48893777591,0.05000000000018,-6.334470450449));
#9965=CARTESIAN_POINT('',(11.50545218071,0.05000000000018,-6.320890976815));
#9966=CARTESIAN_POINT('',(11.50545218071,0.05000000000018,-6.320890976815));
#9967=CARTESIAN_POINT('',(11.51898831975,0.05000000000018,-6.301934078958));
#9968=CARTESIAN_POINT('',(11.51898831975,0.05000000000018,-6.301934078958));
#9969=CARTESIAN_POINT('',(11.5372217884842,0.05000000000018,-6.26841333207596));
#9970=CARTESIAN_POINT('',(13.1027917556185,0.05000000000018,-3.38933772425001));
#9971=CARTESIAN_POINT('',(11.5839271199,0.05000000000018,-6.170134000281));
#9972=CARTESIAN_POINT('',(12.9774985063522,0.05000000000018,-3.23737704004064));
#9973=CARTESIAN_POINT('',(11.60496013711,0.05000000000018,-6.130077113763));
#9974=CARTESIAN_POINT('',(11.60496013711,0.05000000000018,-6.130077113763));
#9975=CARTESIAN_POINT('',(11.62323156111,0.05000000000018,-6.100172331683));
#9976=CARTESIAN_POINT('',(11.62323156111,0.05000000000018,-6.100172331683));
#9977=CARTESIAN_POINT('',(11.64179450863,0.05000000000018,-6.077413811298));
#9978=CARTESIAN_POINT('',(11.64179450863,0.05000000000018,-6.077413811298));
#9979=CARTESIAN_POINT('',(11.66365088191,0.05000000000018,-6.058772073776));
#9980=CARTESIAN_POINT('',(11.66365088191,0.05000000000018,-6.058772073776));
#9981=CARTESIAN_POINT('',(11.68884007679,0.05000000000018,-6.044306211365));
#9982=CARTESIAN_POINT('',(11.68884007679,0.05000000000018,-6.044306211365));
#9983=CARTESIAN_POINT('',(11.71735421376,0.05000000000018,-6.03468594026));
#9984=CARTESIAN_POINT('',(11.71735421376,0.05000000000018,-6.03468594026));
#9985=CARTESIAN_POINT('',(11.7482324895012,0.0500010191115987,-6.03066389679653));
#9986=CARTESIAN_POINT('',(11.7482236091781,0.05000000000018,-6.03060142045026));
#9987=CARTESIAN_POINT('',(11.7828014017687,0.0500011960870509,-6.03162831070424));
#9988=CARTESIAN_POINT('',(12.6431154219183,0.05000000000018,-6.06384634130744));
#9989=CARTESIAN_POINT('',(11.84294563263,0.05000000000018,-6.046047472581));
#9990=CARTESIAN_POINT('',(11.84294563263,0.05000000000018,-6.046047472581));
#9991=CARTESIAN_POINT('',(11.89525831902,0.05000000000018,-6.074734947887));
#9992=CARTESIAN_POINT('',(11.89525831902,0.05000000000018,-6.074734947887));
#9993=CARTESIAN_POINT('',(11.9404720177,0.05000000000018,-6.117868587848));
#9994=CARTESIAN_POINT('',(11.9404720177,0.05000000000018,-6.117868587848));
#9995=CARTESIAN_POINT('',(11.97508450851,0.05000000000018,-6.174246843688));
#9996=CARTESIAN_POINT('',(11.97508450851,0.05000000000018,-6.174246843688));
#9997=CARTESIAN_POINT('',(11.99585357877,0.05000000000018,-6.242691803125));
#9998=CARTESIAN_POINT('',(11.99585357877,0.05000000000018,-6.242691803125));
#9999=CARTESIAN_POINT('',(12.00277528871,0.05000000000018,-6.323203466131));
#10000=CARTESIAN_POINT('',(12.00277528871,0.05000000000018,-6.323203466131));
#10001=CARTESIAN_POINT('',(11.9959087316,0.05000000000018,-6.403750584892));
#10002=CARTESIAN_POINT('',(11.9959087316,0.05000000000018,-6.403750584892));
#10003=CARTESIAN_POINT('',(11.9753169391,0.05000000000018,-6.469516680918));
#10004=CARTESIAN_POINT('',(11.9753169391,0.05000000000018,-6.469516680918));
#10005=CARTESIAN_POINT('',(11.94099991122,0.05000000000018,-6.520505693931));
#10006=CARTESIAN_POINT('',(11.94099991122,0.05000000000018,-6.520505693931));
#10007=CARTESIAN_POINT('',(11.89514801301,0.05000000000018,-6.556347310111));
#10008=CARTESIAN_POINT('',(11.89514801301,0.05000000000018,-6.556347310111));
#10009=CARTESIAN_POINT('',(11.84026676922,0.05000000000018,-6.576753946016));
#10010=CARTESIAN_POINT('',(11.9981069755,0.05000000000018,-7.098860479975));
#10011=CARTESIAN_POINT('',(11.98405870059,0.05000000000018,-7.035607787837));
#10012=CARTESIAN_POINT('',(11.9981069755,0.05000000000018,-7.098860479975));
#10013=CARTESIAN_POINT('',(12.00277528871,0.05000000000018,-7.166103890275));
#10014=CARTESIAN_POINT('',(12.00277528871,0.05000000000018,-7.166103890275));
#10015=CARTESIAN_POINT('',(11.99317471536,0.05000000000018,-7.251756607509));
#10016=CARTESIAN_POINT('',(11.99317471536,0.05000000000018,-7.251756607509));
#10017=CARTESIAN_POINT('',(11.96437693371,0.05000000000018,-7.323412263278));
#10018=CARTESIAN_POINT('',(11.96437693371,0.05000000000018,-7.323412263278));
#10019=CARTESIAN_POINT('',(11.91638588419,0.05000000000018,-7.381070858241));
#10020=CARTESIAN_POINT('',(11.91638588419,0.05000000000018,-7.381070858241));
#10021=CARTESIAN_POINT('',(11.85253832715,0.05000000000018,-7.421612303961));
#10022=CARTESIAN_POINT('',(11.85253832715,0.05000000000018,-7.421612303961));
#10023=CARTESIAN_POINT('',(11.776198641873,0.05000000000018,-7.44164468127633));
#10024=CARTESIAN_POINT('',(11.77644130548,0.05000000000018,-7.441580997982));
#10025=CARTESIAN_POINT('',(11.6877873698665,0.0500003418423775,-7.44131998235336));
#10026=CARTESIAN_POINT('',(12.6926847128729,0.05000000000018,-7.44559067183217));
#10027=CARTESIAN_POINT('',(11.6091478308,0.05000000000018,-7.426375165512));
#10028=CARTESIAN_POINT('',(11.6091478308,0.05000000000018,-7.426375165512));
#10029=CARTESIAN_POINT('',(11.53262688598,0.05000000000018,-7.399318645417));
#10030=CARTESIAN_POINT('',(11.53262688598,0.05000000000018,-7.399318645417));
#10031=CARTESIAN_POINT('',(11.45780386812,0.05000000000018,-7.360037841062));
#10032=CARTESIAN_POINT('',(11.45780386812,0.05000000000018,-7.360037841062));
#10033=CARTESIAN_POINT('',(11.38952042846,0.05000000000018,-7.310853121598));
#10034=CARTESIAN_POINT('',(11.38952042846,0.05000000000018,-7.310853121598));
#10035=CARTESIAN_POINT('',(11.33263397652,0.05000000000018,-7.254088794244));
#10036=CARTESIAN_POINT('',(11.33263397652,0.05000000000018,-7.254088794244));
#10037=CARTESIAN_POINT('',(11.28714845206,0.05000000000018,-7.189756677928));
#10038=CARTESIAN_POINT('',(11.28714845206,0.05000000000018,-7.189756677928));
#10039=CARTESIAN_POINT('',(11.25387539296,0.05000000000018,-7.119440453881));
#10040=CARTESIAN_POINT('',(11.25387539296,0.05000000000018,-7.119440453881));
#10041=CARTESIAN_POINT('',(11.23393755832,0.05000000000018,-7.045113813538));
#10042=CARTESIAN_POINT('',(11.23393755832,0.05000000000018,-7.045113813538));
#10043=CARTESIAN_POINT('',(11.22729555297,0.05000000000018,-6.966721604065));
#10044=CARTESIAN_POINT('',(11.22729555297,0.05000000000018,-6.966721604065));
#10045=CARTESIAN_POINT('',(11.23258630803,0.05000000000018,-6.901227333823));
#10046=CARTESIAN_POINT('',(11.23258630803,0.05000000000018,-6.901227333823));
#10047=CARTESIAN_POINT('',(11.24841917873,0.05000000000018,-6.844356639879));
#10048=CARTESIAN_POINT('',(11.24841917873,0.05000000000018,-6.844356639879));
#10049=CARTESIAN_POINT('',(11.27475870897,0.05000000000018,-6.796097704025));
#10050=CARTESIAN_POINT('',(11.27475870897,0.05000000000018,-6.796097704025));
#10051=CARTESIAN_POINT('',(11.3090245231,0.05000000000018,-6.757214789766));
#10052=CARTESIAN_POINT('',(11.3090245231,0.05000000000018,-6.757214789766));
#10053=CARTESIAN_POINT('',(11.34833290371,0.05000000000018,-6.728042755523));
#10054=CARTESIAN_POINT('',(11.34833290371,0.05000000000018,-6.728042755523));
#10055=CARTESIAN_POINT('',(11.39272718537,0.05000000000018,-6.708546145228));
#10056=CARTESIAN_POINT('',(11.39272718537,0.05000000000018,-6.708546145228));
#10057=CARTESIAN_POINT('',(11.43966244753,0.05000000000018,-6.69731461666));
#10058=CARTESIAN_POINT('',(11.43966244753,0.05000000000018,-6.69731461666));
#10059=CARTESIAN_POINT('',(11.4863421250974,0.0500007301003458,-6.6928672664073));
#10060=CARTESIAN_POINT('',(11.486329138176,0.05000000000018,-6.69273502964893));
#10061=CARTESIAN_POINT('',(11.533983913244,0.050000547600838,-6.69444838792735));
#10062=CARTESIAN_POINT('',(12.490845205704,0.05000000000018,-6.73459614628119));
#10063=CARTESIAN_POINT('',(11.57959760389,0.05000000000018,-6.701931716457));
#10064=CARTESIAN_POINT('',(11.5795976038899,0.05000000000018,-6.7019317164576));
#10065=CARTESIAN_POINT('',(11.62626891945,0.05000000000018,-6.713836900626));
#10066=CARTESIAN_POINT('',(11.62626891945,0.05000000000018,-6.713836900626));
#10067=CARTESIAN_POINT('',(11.67453967389,0.05000000000018,-6.730307970838));
#10068=CARTESIAN_POINT('',(11.67453967389,0.05000000000018,-6.730307970838));
#10069=CARTESIAN_POINT('',(11.73741811274,0.05000000000018,-6.757659953858));
#10070=CARTESIAN_POINT('',(11.73741811274,0.05000000000018,-6.757659953858));
#10071=CARTESIAN_POINT('',(11.79452123727,0.05000000000018,-6.790495727703));
#10072=CARTESIAN_POINT('',(11.79452123727,0.05000000000018,-6.790495727703));
#10073=CARTESIAN_POINT('',(11.84589238238,0.05000000000018,-6.828779837276));
#10074=CARTESIAN_POINT('',(11.84589238238,0.05000000000018,-6.828779837276));
#10075=CARTESIAN_POINT('',(11.89086183157,0.05000000000018,-6.872516221346));
#10076=CARTESIAN_POINT('',(11.89086183157,0.05000000000018,-6.872516221346));
#10077=CARTESIAN_POINT('',(11.92907896938,0.05000000000018,-6.921697001378));
#10078=CARTESIAN_POINT('',(11.92907896938,0.05000000000018,-6.921697001378));
#10079=CARTESIAN_POINT('',(11.96053985611,0.05000000000018,-6.976263084855));
#10080=CARTESIAN_POINT('',(11.96053985611,0.05000000000018,-6.976263084855));
#10081=CARTESIAN_POINT('',(11.98405870059,0.05000000000018,-7.035607787837));
#10082=CARTESIAN_POINT('',(11.87444591418,0.05000000000018,-5.56393085368));
#10083=CARTESIAN_POINT('',(11.87799934778,0.05000000000018,-5.524181248719));
#10084=CARTESIAN_POINT('',(11.87444591418,0.05000000000018,-5.56393085368));
#10085=CARTESIAN_POINT('',(11.87369740833,0.05000000000018,-5.475225020099));
#10086=CARTESIAN_POINT('',(11.87369740833,0.05000000000018,-5.475225020099));
#10087=CARTESIAN_POINT('',(11.86078765055,0.05000000000018,-5.428104601365));
#10088=CARTESIAN_POINT('',(11.86078765055,0.05000000000018,-5.428104601365));
#10089=CARTESIAN_POINT('',(11.83927007444,0.05000000000018,-5.382717564334));
#10090=CARTESIAN_POINT('',(11.83927007444,0.05000000000018,-5.382717564334));
#10091=CARTESIAN_POINT('',(11.80859708874,0.05000000000018,-5.340781534058));
#10092=CARTESIAN_POINT('',(11.80859708874,0.05000000000018,-5.340781534058));
#10093=CARTESIAN_POINT('',(11.76854808112,0.05000000000018,-5.303813219359));
#10094=CARTESIAN_POINT('',(11.76854808112,0.05000000000018,-5.303813219359));
#10095=CARTESIAN_POINT('',(11.71903638239,0.05000000000018,-5.271773225372));
#10096=CARTESIAN_POINT('',(11.71903638239,0.05000000000018,-5.271773225372));
#10097=CARTESIAN_POINT('',(11.66326087099,0.05000000000018,-5.245961588647));
#10098=CARTESIAN_POINT('',(11.66326087099,0.05000000000018,-5.245961588647));
#10099=CARTESIAN_POINT('',(11.60414859891,0.05000000000018,-5.22764683005));
#10100=CARTESIAN_POINT('',(11.60414859891,0.05000000000018,-5.22764683005));
#10101=CARTESIAN_POINT('',(11.5411275183483,0.0500006240038944,-5.21660163327455));
#10102=CARTESIAN_POINT('',(11.5411131761943,0.05000000000018,-5.21668397478564));
#10103=CARTESIAN_POINT('',(11.4840920597961,0.05000000000018,-5.21514679126284));
#10104=CARTESIAN_POINT('',(12.5317096385164,0.05000000000018,-5.24507052306228));
#10105=CARTESIAN_POINT('',(11.4374563248,0.05000000000018,-5.224262795369));
#10106=CARTESIAN_POINT('',(11.4374563248,0.05000000000018,-5.224262795369));
#10107=CARTESIAN_POINT('',(11.40179986521,0.05000000000018,-5.244137598012));
#10108=CARTESIAN_POINT('',(11.40179986521,0.05000000000018,-5.244137598012));
#10109=CARTESIAN_POINT('',(11.37666188409,0.05000000000018,-5.274385117032));
#10110=CARTESIAN_POINT('',(11.37666188409,0.05000000000018,-5.274385117032));
#10111=CARTESIAN_POINT('',(11.36160903558,0.05000000000018,-5.314638978991));
#10112=CARTESIAN_POINT('',(11.36160903558,0.05000000000018,-5.314638978991));
#10113=CARTESIAN_POINT('',(11.3567636899353,0.050000546114342,-5.36430836153552));
#10114=CARTESIAN_POINT('',(11.3566644824858,0.05000000000018,-5.36429847650289));
#10115=CARTESIAN_POINT('',(11.3581737866948,0.05000000000018,-5.39838497091401));
#10116=CARTESIAN_POINT('',(11.2342570378058,0.05000000000018,-2.7607281107227));
#10117=CARTESIAN_POINT('',(11.36288543528,0.05000000000018,-5.432800491143));
#10118=CARTESIAN_POINT('',(11.0196145023631,0.05000000000018,-2.92543030797847));
#10119=CARTESIAN_POINT('',(11.37073292917,0.05000000000018,-5.468220580396));
#10120=CARTESIAN_POINT('',(11.37073292917,0.05000000000018,-5.468220580396));
#10121=CARTESIAN_POINT('',(11.3806171472,0.05000000000018,-5.502474576302));
#10122=CARTESIAN_POINT('',(11.3806171472,0.05000000000018,-5.502474576302));
#10123=CARTESIAN_POINT('',(11.39178564375,0.05000000000018,-5.533699092635));
#10124=CARTESIAN_POINT('',(11.39178564375,0.05000000000018,-5.533699092635));
#10125=CARTESIAN_POINT('',(11.40423447945,0.05000000000018,-5.561838976705));
#10126=CARTESIAN_POINT('',(11.40423447945,0.05000000000018,-5.561838976705));
#10127=CARTESIAN_POINT('',(11.51556488991,0.05000000000018,-5.597263005367));
#10128=CARTESIAN_POINT('',(11.51556488991,0.05000000000018,-5.597263005367));
#10129=CARTESIAN_POINT('',(11.51556488991,0.05000000000018,-5.406011857401));
#10130=CARTESIAN_POINT('',(11.51556488991,0.05000000000018,-5.597263005367));
#10131=CARTESIAN_POINT('',(11.64085296669,0.05000000000018,-5.446119957615));
#10132=CARTESIAN_POINT('',(11.64085296669,0.05000000000018,-5.446119957615));
#10133=CARTESIAN_POINT('',(11.64085296669,0.05000000000018,-5.781521532222));
#10134=CARTESIAN_POINT('',(11.64085296669,0.05000000000018,-5.446119957615));
#10135=CARTESIAN_POINT('',(11.31925541747,0.05000000000018,-5.678180437647));
#10136=CARTESIAN_POINT('',(11.31925541747,0.05000000000018,-5.678180437647));
#10137=CARTESIAN_POINT('',(11.2950629177,0.05000000000018,-5.632915525526));
#10138=CARTESIAN_POINT('',(11.2950629177,0.05000000000018,-5.632915525526));
#10139=CARTESIAN_POINT('',(11.27342321669,0.05000000000018,-5.581997423712));
#10140=CARTESIAN_POINT('',(11.27342321669,0.05000000000018,-5.581997423712));
#10141=CARTESIAN_POINT('',(11.25434813365,0.05000000000018,-5.525422192668));
#10142=CARTESIAN_POINT('',(11.25434813365,0.05000000000018,-5.525422192668));
#10143=CARTESIAN_POINT('',(11.23963408265,0.05000000000018,-5.466022336517));
#10144=CARTESIAN_POINT('',(11.23963408265,0.05000000000018,-5.466022336517));
#10145=CARTESIAN_POINT('',(11.230781998223,0.05000000000018,-5.40653958324939));
#10146=CARTESIAN_POINT('',(11.2306910740181,0.05000000000018,-5.40592866273383));
#10147=CARTESIAN_POINT('',(11.2278234493092,0.05000000000018,-5.34693488805696));
#10148=CARTESIAN_POINT('',(11.0985229045096,0.05000000000018,-2.74198516224536));
#10149=CARTESIAN_POINT('',(11.23480424934,0.05000000000018,-5.262259320867));
#10150=CARTESIAN_POINT('',(11.2348042493392,0.05000000000018,-5.26225932086693));
#10151=CARTESIAN_POINT('',(11.25574271852,0.05000000000018,-5.193518898501));
#10152=CARTESIAN_POINT('',(11.25574271852,0.05000000000018,-5.193518898501));
#10153=CARTESIAN_POINT('',(11.29063885333,0.05000000000018,-5.140670439103));
#10154=CARTESIAN_POINT('',(11.29063885333,0.05000000000018,-5.140670439103));
#10155=CARTESIAN_POINT('',(11.35647586052,0.05000000000018,-5.091832395976));
#10156=CARTESIAN_POINT('',(11.35647586052,0.05000000000018,-5.091832395976));
#10157=CARTESIAN_POINT('',(11.4394969993951,0.05000000000018,-5.06730897593303));
#10158=CARTESIAN_POINT('',(11.43956811748,0.05000000000018,-5.067287966869));
#10159=CARTESIAN_POINT('',(11.5397684408692,0.05000000000018,-5.06720326347495));
#10160=CARTESIAN_POINT('',(12.6380128061293,0.05000000000018,-5.06580040423438));
#10161=CARTESIAN_POINT('',(11.61155092869,0.05000000000018,-5.080021760142));
#10162=CARTESIAN_POINT('',(11.61155092869,0.05000000000018,-5.080021760142));
#10163=CARTESIAN_POINT('',(11.68139441241,0.05000000000018,-5.102276023855));
#10164=CARTESIAN_POINT('',(11.68139441241,0.05000000000018,-5.102276023855));
#10165=CARTESIAN_POINT('',(11.74922086974,0.05000000000018,-5.133953583164));
#10166=CARTESIAN_POINT('',(11.74922086974,0.05000000000018,-5.133953583164));
#10167=CARTESIAN_POINT('',(11.82362236066,0.05000000000018,-5.181984027843));
#10168=CARTESIAN_POINT('',(11.82362236066,0.05000000000018,-5.181984027843));
#10169=CARTESIAN_POINT('',(11.88596108742,0.05000000000018,-5.238358344264));
#10170=CARTESIAN_POINT('',(11.88596108742,0.05000000000018,-5.238358344264));
#10171=CARTESIAN_POINT('',(11.93628432401,0.05000000000018,-5.303119866347));
#10172=CARTESIAN_POINT('',(11.93628432401,0.05000000000018,-5.303119866347));
#10173=CARTESIAN_POINT('',(11.97322506213,0.05000000000018,-5.375043408781));
#10174=CARTESIAN_POINT('',(11.97322506213,0.05000000000018,-5.375043408781));
#10175=CARTESIAN_POINT('',(11.99538871692,0.05000000000018,-5.452844692384));
#10176=CARTESIAN_POINT('',(11.99538871692,0.05000000000018,-5.452844692384));
#10177=CARTESIAN_POINT('',(12.00277528871,0.05000000000018,-5.536480383236));
#10178=CARTESIAN_POINT('',(12.00277528871,0.05000000000018,-5.536480383236));
#10179=CARTESIAN_POINT('',(11.99607813052,0.05000000000018,-5.61659415616));
#10180=CARTESIAN_POINT('',(11.99607813052,0.05000000000018,-5.61659415616));
#10181=CARTESIAN_POINT('',(11.97596301812,0.05000000000018,-5.68380999022));
#10182=CARTESIAN_POINT('',(11.97596301812,0.05000000000018,-5.68380999022));
#10183=CARTESIAN_POINT('',(11.94239449609,0.05000000000018,-5.738123945332));
#10184=CARTESIAN_POINT('',(11.94239449609,0.05000000000018,-5.738123945332));
#10185=CARTESIAN_POINT('',(11.89609743379,0.05000000000018,-5.779323288321));
#10186=CARTESIAN_POINT('',(11.89609743379,0.05000000000018,-5.779323288321));
#10187=CARTESIAN_POINT('',(11.83751305522,0.05000000000018,-5.807478930366));
#10188=CARTESIAN_POINT('',(11.83751305522,0.05000000000018,-5.807478930366));
#10189=CARTESIAN_POINT('',(11.76666893731,0.05000000000018,-5.822559355458));
#10190=CARTESIAN_POINT('',(11.76666893731,0.05000000000018,-5.822559355458));
#10191=CARTESIAN_POINT('',(11.75027271735,0.05000000000018,-5.677124650281));
#10192=CARTESIAN_POINT('',(11.75027271735,0.05000000000018,-5.677124650281));
#10193=CARTESIAN_POINT('',(11.78905714386,0.05000000000018,-5.666192524058));
#10194=CARTESIAN_POINT('',(11.78905714386,0.05000000000018,-5.666192524058));
#10195=CARTESIAN_POINT('',(11.82094349726,0.05000000000018,-5.649406293167));
#10196=CARTESIAN_POINT('',(11.82094349726,0.05000000000018,-5.649406293167));
#10197=CARTESIAN_POINT('',(11.84589238238,0.05000000000018,-5.626687167946));
#10198=CARTESIAN_POINT('',(11.84589238238,0.05000000000018,-5.626687167946));
#10199=CARTESIAN_POINT('',(11.86375803713,0.05000000000018,-5.59807454356));
#10200=CARTESIAN_POINT('',(11.86375803713,0.05000000000018,-5.59807454356));
#10201=CARTESIAN_POINT('',(11.87444591418,0.05000000000018,-5.56393085368));
#10202=CARTESIAN_POINT('',(11.98857789572,0.05000000000018,-2.909380484579));
#10203=CARTESIAN_POINT('',(11.24055986626,0.05000000000018,-2.909380484579));
#10204=CARTESIAN_POINT('',(11.98857789572,0.05000000000018,-2.909380484579));
#10205=CARTESIAN_POINT('',(11.24055986626,0.05000000000018,-1.415007861405));
#10206=CARTESIAN_POINT('',(11.24055986626,0.05000000000018,-2.909380484579));
#10207=CARTESIAN_POINT('',(11.98857789572,0.05000000000018,-1.415007861405));
#10208=CARTESIAN_POINT('',(11.24055986626,0.05000000000018,-1.415007861405));
#10209=CARTESIAN_POINT('',(12.73577180289,0.05000000000018,-2.162186577407));
#10210=CARTESIAN_POINT('',(12.73577180289,0.05000000000018,-2.162186577407));
#10211=CARTESIAN_POINT('',(11.98857789572,0.05000000000018,-2.909380484579));
#10212=CARTESIAN_POINT('Origin',(13.72999999994,6.550000001783,4.547E-13));
#10213=CARTESIAN_POINT('',(13.72999999994,6.550000001743,7.224155367357E-14));
#10214=CARTESIAN_POINT('',(13.72999999994,0.05000000000018,2.855566489306E-14));
#10215=CARTESIAN_POINT('',(13.72999999994,6.550000001743,7.224155367357E-14));
#10216=CARTESIAN_POINT('',(11.82999999994,2.65,1.820110506757E-13));
#10217=CARTESIAN_POINT('',(11.02999999994,2.65,1.820110506757E-13));
#10218=CARTESIAN_POINT('',(11.82999999994,2.65,1.820110506757E-13));
#10219=CARTESIAN_POINT('',(11.02999999994,3.45,2.379689032724E-13));
#10220=CARTESIAN_POINT('',(11.02999999994,2.65,1.820110506757E-13));
#10221=CARTESIAN_POINT('',(11.82999999994,3.45,2.379689032724E-13));
#10222=CARTESIAN_POINT('',(11.02999999994,3.45,2.379689032724E-13));
#10223=CARTESIAN_POINT('',(11.82999999994,3.45,2.379689032724E-13));
#10224=CARTESIAN_POINT('Origin',(13.72999999994,6.550000001782,-0.5000000007603));
#10225=CARTESIAN_POINT('',(13.72999999994,7.050000001544,-0.499999986832));
#10226=CARTESIAN_POINT('Origin',(13.72999999994,6.550000001782,-0.5000000007603));
#10227=CARTESIAN_POINT('',(1.51000000006,7.050000001045,-0.4999999816669));
#10228=CARTESIAN_POINT('Origin',(13.72999999994,7.050000000002,-9.199999999761));
#10229=CARTESIAN_POINT('',(13.72999999994,7.050000000253,-5.800000000181));
#10230=CARTESIAN_POINT('',(13.72999999994,7.050000001045,-0.499999986832));
#10231=CARTESIAN_POINT('',(1.51000000006,7.050000000253,-5.800000000181));
#10232=CARTESIAN_POINT('Origin',(1.95000000006,7.08999999922,-5.800000000181));
#10233=CARTESIAN_POINT('',(13.72999999994,7.089999999222,-5.800000000181));
#10234=CARTESIAN_POINT('',(13.72999999994,7.089999999222,-5.800000000181));
#10235=CARTESIAN_POINT('',(13.72999999994,7.089999999222,-5.800000000181));
#10236=CARTESIAN_POINT('Origin',(1.95000000006,7.08999999922,-5.99999999896));
#10237=CARTESIAN_POINT('',(13.72999999994,7.289999998,-5.99999999896));
#10238=CARTESIAN_POINT('Origin',(13.72999999994,7.08999999922,-5.99999999896));
#10239=CARTESIAN_POINT('',(1.51000000006,7.289999998,-5.99999999896));
#10240=CARTESIAN_POINT('Origin',(1.95000000006,7.289999998,-6.20000000028));
#10241=CARTESIAN_POINT('',(13.72999999994,7.289999998,-6.20000000028));
#10242=CARTESIAN_POINT('',(13.72999999994,7.289999998,-6.20000000028));
#10243=CARTESIAN_POINT('',(1.51000000006,7.289999998,-6.20000000028));
#10244=CARTESIAN_POINT('Origin',(1.95000000006,7.1,-6.20000000028));
#10245=CARTESIAN_POINT('',(13.72999999994,7.1,-6.20000000028));
#10246=CARTESIAN_POINT('',(13.72999999994,7.1,-6.20000000028));
#10247=CARTESIAN_POINT('',(1.51000000006,7.1,-6.20000000028));
#10248=CARTESIAN_POINT('Origin',(1.95000000006,7.04999999794,-9.19999999976));
#10249=CARTESIAN_POINT('',(13.72999999994,7.1,-6.20000000028));
#10250=CARTESIAN_POINT('Origin',(13.72999999994,0.,0.));
#10251=CARTESIAN_POINT('Origin',(13.4200000005,2.849999999281,-9.19999999976));
#10252=CARTESIAN_POINT('',(13.24499999994,2.849999999281,-8.09999999976));
#10253=CARTESIAN_POINT('',(13.24499999994,2.849999999281,-7.59999999976));
#10254=CARTESIAN_POINT('',(13.24499999994,2.849999999281,-8.09999999976));
#10255=CARTESIAN_POINT('',(13.42999999994,2.849999999281,-9.19999999976));
#10256=CARTESIAN_POINT('',(12.99103701224,2.849999999281,-7.59999999976));
#10257=CARTESIAN_POINT('',(12.99103701224,2.849999999281,-7.59999999976));
#10258=CARTESIAN_POINT('',(12.99103701224,2.849999999281,-7.59999999976));
#10259=CARTESIAN_POINT('Origin',(13.33749999994,3.699999999021,-8.64999999976));
#10260=CARTESIAN_POINT('',(13.24499999994,4.650000001001,-8.09999999976));
#10261=CARTESIAN_POINT('',(13.24499999994,4.650000001001,-8.09999999976));
#10262=CARTESIAN_POINT('',(13.24499999994,4.650000001001,-8.09999999976));
#10263=CARTESIAN_POINT('Origin',(12.98103701254,4.650000001001,-9.19999999976));
#10264=CARTESIAN_POINT('',(13.24499999994,4.650000001001,-7.59999999976));
#10265=CARTESIAN_POINT('',(13.24499999994,4.650000001001,-8.09999999976));
#10266=CARTESIAN_POINT('',(12.99103701224,4.650000001001,-7.59999999976));
#10267=CARTESIAN_POINT('',(13.24499999994,4.650000001001,-7.59999999976));
#10268=CARTESIAN_POINT('',(13.00500000071,4.650000001001,-9.19999999976));
#10269=CARTESIAN_POINT('Origin',(12.93169986296,-0.8850886355328,-0.8006361609796));
#10270=CARTESIAN_POINT('',(12.94565729974,5.19977676784,-2.4000000006));
#10271=CARTESIAN_POINT('',(12.9456572997386,0.650000052082341,-2.4000000006));
#10272=CARTESIAN_POINT('',(12.94565729974,5.19977676784,-2.4000000006));
#10273=CARTESIAN_POINT('',(12.94565729974,5.19977676784,-2.4000000006));
#10274=CARTESIAN_POINT('',(12.99103701224,4.650000001001,-7.59999999976));
#10275=CARTESIAN_POINT('',(12.998018483234,0.650000315214244,-8.39999734935074));
#10276=CARTESIAN_POINT('',(13.00500000088,0.4499999120904,-9.200000019296));
#10277=CARTESIAN_POINT('',(12.99801848321,0.6500003153785,-8.399997348016));
#10278=CARTESIAN_POINT('Origin',(13.00459666792,5.19977676784,-9.19999999976));
#10279=CARTESIAN_POINT('',(12.1799999986,5.19977676784,-2.4000000006));
#10280=CARTESIAN_POINT('',(12.1799999986,5.19977676784,-2.4000000006));
#10281=CARTESIAN_POINT('',(12.1799999986,5.19977676784,-2.4000000006));
#10282=CARTESIAN_POINT('Origin',(12.1799999986,5.14977676672,-9.19999999976));
#10283=CARTESIAN_POINT('',(12.1799999986,5.649776767,-2.4000000006));
#10284=CARTESIAN_POINT('',(12.1799999986,5.649776767,-2.4000000006));
#10285=CARTESIAN_POINT('',(12.1799999986,5.649776767,-2.4000000006));
#10286=CARTESIAN_POINT('Origin',(12.1799999986,5.649776767,-9.19999999976));
#10287=CARTESIAN_POINT('',(12.48000000058,5.649776767,-2.4000000006));
#10288=CARTESIAN_POINT('',(12.48000000058,5.649776767,-2.4000000006));
#10289=CARTESIAN_POINT('',(12.48000000058,5.649776767,-2.4000000006));
#10290=CARTESIAN_POINT('Origin',(12.48000000058,5.649776767,-9.19999999976));
#10291=CARTESIAN_POINT('',(12.82999999908,6.54977676786,-2.4000000006));
#10292=CARTESIAN_POINT('',(12.48000000058,5.649776767,-2.4000000006));
#10293=CARTESIAN_POINT('',(12.82999999908,6.54977676786,-2.4000000006));
#10294=CARTESIAN_POINT('Origin',(12.82999999908,6.54977676786,-9.19999999976));
#10295=CARTESIAN_POINT('',(11.8300000001,6.54977676786,-2.4000000006));
#10296=CARTESIAN_POINT('',(11.8300000001,6.54977676786,-2.4000000006));
#10297=CARTESIAN_POINT('',(11.8300000001,6.54977676786,-3.6000000009));
#10298=CARTESIAN_POINT('',(11.8300000001,6.54977676786,-3.6000000009));
#10299=CARTESIAN_POINT('',(11.0299999999,6.54977676786,-3.6000000009));
#10300=CARTESIAN_POINT('',(11.0299999999,6.54977676786,-3.6000000009));
#10301=CARTESIAN_POINT('',(11.0299999999,6.54977676786,-2.4000000006));
#10302=CARTESIAN_POINT('',(11.0299999999,6.54977676786,-3.6000000009));
#10303=CARTESIAN_POINT('',(10.02999999838,6.54977676786,-2.4000000006));
#10304=CARTESIAN_POINT('',(10.02999999838,6.54977676786,-2.4000000006));
#10305=CARTESIAN_POINT('',(10.02999999838,6.54977676786,-2.4000000006));
#10306=CARTESIAN_POINT('Origin',(10.02999999838,6.54977676786,-9.19999999976));
#10307=CARTESIAN_POINT('',(10.37999999942,5.649776767,-2.4000000006));
#10308=CARTESIAN_POINT('',(10.02999999838,6.54977676786,-2.4000000006));
#10309=CARTESIAN_POINT('',(10.37999999942,5.649776767,-2.4000000006));
#10310=CARTESIAN_POINT('Origin',(10.37999999942,5.649776767,-9.19999999976));
#10311=CARTESIAN_POINT('',(10.67999999886,5.649776767,-2.4000000006));
#10312=CARTESIAN_POINT('',(10.67999999886,5.649776767,-2.4000000006));
#10313=CARTESIAN_POINT('',(10.67999999886,5.649776767,-2.4000000006));
#10314=CARTESIAN_POINT('Origin',(10.67999999886,5.59977676588,-9.19999999976));
#10315=CARTESIAN_POINT('',(10.67999999886,5.19977676784,-2.4000000006));
#10316=CARTESIAN_POINT('',(10.67999999886,5.19977676784,-2.4000000006));
#10317=CARTESIAN_POINT('',(10.67999999886,5.19977676784,-2.4000000006));
#10318=CARTESIAN_POINT('Origin',(10.67999999886,5.19977676784,-9.19999999976));
#10319=CARTESIAN_POINT('',(9.914342710143,5.19977676784,-2.4000000006));
#10320=CARTESIAN_POINT('',(9.914342710143,5.19977676784,-2.4000000006));
#10321=CARTESIAN_POINT('',(9.855000009173,5.19977676784,-9.19999999976));
#10322=CARTESIAN_POINT('Origin',(9.928300116205,6.634865401132,-0.80063968062));
#10323=CARTESIAN_POINT('',(9.914342710143,0.649776912960442,-2.4000000006));
#10324=CARTESIAN_POINT('',(9.914342710143,0.6497769135565,-2.4000000006));
#10325=CARTESIAN_POINT('',(9.86198154647923,0.649777317388913,-8.39999510498129));
#10326=CARTESIAN_POINT('',(9.914342710143,0.6497769135565,-2.4000000006));
#10327=CARTESIAN_POINT('',(9.861981546508,0.649777317588,-8.399995103364));
#10328=CARTESIAN_POINT('Origin',(10.25499999815,0.5497767670204,-8.79999999976));
#10329=CARTESIAN_POINT('',(10.6550082207154,0.649779213902154,-8.3999796404149));
#10330=CARTESIAN_POINT('',(9.861981546508,0.649777317588,-8.399995103364));
#10331=CARTESIAN_POINT('Ctrl Pts',(10.7085401282272,0.449776742681797,-9.20000009711446));
#10332=CARTESIAN_POINT('Ctrl Pts',(10.6817788454589,0.546202663624006,-8.81429641334558));
#10333=CARTESIAN_POINT('Ctrl Pts',(10.6550171232227,0.649782032628998,-8.39997893732557));
#10334=CARTESIAN_POINT('Origin',(11.43001108934,-0.7499856582499,-8.799995610761));
#10335=CARTESIAN_POINT('',(12.2045981221917,0.650000333366403,-8.39999838051557));
#10336=CARTESIAN_POINT('Ctrl Pts',(12.1511107001308,0.449999985306876,-9.20000005853334));
#10337=CARTESIAN_POINT('Ctrl Pts',(12.1778553624396,0.546423919468092,-8.81430432188843));
#10338=CARTESIAN_POINT('Ctrl Pts',(12.2046004644227,0.650000393213605,-8.39999842690634));
#10339=CARTESIAN_POINT('Ctrl Pts',(12.204597551899,0.649999513017108,-8.40000714759678));
#10340=CARTESIAN_POINT('Ctrl Pts',(12.1521626147057,0.679010933116117,-8.40000673404306));
#10341=CARTESIAN_POINT('Ctrl Pts',(12.0978730094644,0.70518528450003,-8.40000616735649));
#10342=CARTESIAN_POINT('Ctrl Pts',(11.8451963689782,0.809848189040025,-8.40000291468707));
#10343=CARTESIAN_POINT('Ctrl Pts',(11.6309084210117,0.849998608894811,-8.3999984133724));
#10344=CARTESIAN_POINT('Ctrl Pts',(11.43001108934,0.850000001281571,-8.39999284387114));
#10345=CARTESIAN_POINT('Ctrl Pts',(11.2291126705614,0.850001393675865,-8.39998727433975));
#10346=CARTESIAN_POINT('Ctrl Pts',(11.0148230808867,0.809853513228036,-8.39997989413174));
#10347=CARTESIAN_POINT('Ctrl Pts',(10.7619986734702,0.705132905679068,-8.39996913056898));
#10348=CARTESIAN_POINT('Ctrl Pts',(10.7075699590163,0.678882292023481,-8.39996668049138));
#10349=CARTESIAN_POINT('Ctrl Pts',(10.6550070426759,0.649780668516922,-8.39996417992699));
#10350=CARTESIAN_POINT('Origin',(12.60459666982,0.5500000000002,-8.79999999976));
#10351=CARTESIAN_POINT('',(12.20459650315,0.6500013156686,-8.399993891489));
#10352=CARTESIAN_POINT('Origin',(11.98973552751,0.05000000000018,-3.907877207821));
#10353=CARTESIAN_POINT('',(11.99002705068,0.1000000000002,-3.858345811896));
#10354=CARTESIAN_POINT('',(11.99002705068,0.1000000000002,-3.858345811896));
#10355=CARTESIAN_POINT('',(11.98973552751,0.1000000000002,-3.907877207806));
#10356=CARTESIAN_POINT('',(11.99002705068,0.1000000000002,-3.858345811896));
#10357=CARTESIAN_POINT('',(11.9897355275103,0.05000000000018,-3.90787720777522));
#10358=CARTESIAN_POINT('Origin',(11.98886883615,0.05000000000018,-3.943773977166));
#10359=CARTESIAN_POINT('',(11.98886883615,0.1000000000002,-3.943773977138));
#10360=CARTESIAN_POINT('',(11.98973552751,0.1000000000002,-3.907877207806));
#10361=CARTESIAN_POINT('',(11.988868836152,0.05000000000018,-3.94377397708252));
#10362=CARTESIAN_POINT('Origin',(11.98741909844,0.05000000000018,-3.966059756874));
#10363=CARTESIAN_POINT('',(11.98741909844,0.1000000000002,-3.966059756868));
#10364=CARTESIAN_POINT('',(11.98886883615,0.1000000000002,-3.943773977138));
#10365=CARTESIAN_POINT('',(11.9874190984412,0.05000000000018,-3.96605975685517));
#10366=CARTESIAN_POINT('Origin',(11.98334171074,0.05000000000018,-3.995452403454));
#10367=CARTESIAN_POINT('',(11.98334171074,0.1000000000002,-3.995452403464));
#10368=CARTESIAN_POINT('',(11.98741909844,0.1000000000002,-3.966059756868));
#10369=CARTESIAN_POINT('',(11.98334171074,0.1000000000002,-3.995452403464));
#10370=CARTESIAN_POINT('Origin',(11.9770542609,0.05000000000018,-4.022457710129));
#10371=CARTESIAN_POINT('',(11.9770542609,0.1000000000002,-4.02245771012));
#10372=CARTESIAN_POINT('',(11.98334171074,0.1000000000002,-3.995452403464));
#10373=CARTESIAN_POINT('',(11.9770542609,0.1000000000002,-4.02245771012));
#10374=CARTESIAN_POINT('Origin',(11.96856068799,0.05000000000018,-4.047036281404));
#10375=CARTESIAN_POINT('',(11.96856068799,0.1000000000002,-4.047036281421));
#10376=CARTESIAN_POINT('',(11.9770542609,0.1000000000002,-4.02245771012));
#10377=CARTESIAN_POINT('',(11.96856068799,0.1000000000002,-4.047036281421));
#10378=CARTESIAN_POINT('Origin',(11.95773886811,0.05000000000018,-4.069385093452));
#10379=CARTESIAN_POINT('',(11.95773886811,0.1000000000002,-4.06938509345));
#10380=CARTESIAN_POINT('',(11.96856068799,0.1000000000002,-4.047036281421));
#10381=CARTESIAN_POINT('',(11.95773886811,0.1000000000002,-4.06938509345));
#10382=CARTESIAN_POINT('Origin',(11.94438788565,0.05000000000018,-4.09001628078));
#10383=CARTESIAN_POINT('',(11.94438788565,0.1000000000002,-4.090016280783));
#10384=CARTESIAN_POINT('',(11.95773886811,0.1000000000002,-4.06938509345));
#10385=CARTESIAN_POINT('',(11.94438788565,0.1000000000002,-4.090016280783));
#10386=CARTESIAN_POINT('Origin',(11.92843683012,0.05000000000018,-4.108874691229));
#10387=CARTESIAN_POINT('',(11.92843683012,0.1000000000002,-4.108874691232));
#10388=CARTESIAN_POINT('',(11.94438788565,0.1000000000002,-4.090016280783));
#10389=CARTESIAN_POINT('',(11.92843683012,0.1000000000002,-4.108874691232));
#10390=CARTESIAN_POINT('Origin',(11.91003934177,0.05000000000018,-4.125920929291));
#10391=CARTESIAN_POINT('',(11.91003934177,0.1000000000002,-4.12592092929));
#10392=CARTESIAN_POINT('',(11.92843683012,0.1000000000002,-4.108874691232));
#10393=CARTESIAN_POINT('',(11.91003934177,0.1000000000002,-4.12592092929));
#10394=CARTESIAN_POINT('Origin',(11.88935300127,0.05000000000018,-4.140808318628));
#10395=CARTESIAN_POINT('',(11.88935300127,0.1000000000002,-4.140808318627));
#10396=CARTESIAN_POINT('',(11.91003934177,0.1000000000002,-4.12592092929));
#10397=CARTESIAN_POINT('',(11.88935300127,0.1000000000002,-4.140808318627));
#10398=CARTESIAN_POINT('Origin',(11.86630295737,0.05000000000018,-4.153607770069));
#10399=CARTESIAN_POINT('',(11.86630295737,0.1000000000002,-4.153607770067));
#10400=CARTESIAN_POINT('',(11.88935300127,0.1000000000002,-4.140808318627));
#10401=CARTESIAN_POINT('',(11.86630295737,0.1000000000002,-4.153607770067));
#10402=CARTESIAN_POINT('Origin',(11.8408813319,0.05000000000018,-4.164157764535));
#10403=CARTESIAN_POINT('',(11.8408813319,0.1000000000002,-4.164157764536));
#10404=CARTESIAN_POINT('',(11.86630295737,0.1000000000002,-4.153607770067));
#10405=CARTESIAN_POINT('',(11.8408813319,0.1000000000002,-4.164157764536));
#10406=CARTESIAN_POINT('Origin',(11.81304478962,0.05000000000018,-4.172229810177));
#10407=CARTESIAN_POINT('',(11.81304478962,0.1000000000002,-4.172229810178));
#10408=CARTESIAN_POINT('',(11.8408813319,0.1000000000002,-4.164157764536));
#10409=CARTESIAN_POINT('',(11.81304478962,0.1000000000002,-4.172229810178));
#10410=CARTESIAN_POINT('Origin',(11.78272242002,0.05000000000018,-4.177816028169));
#10411=CARTESIAN_POINT('',(11.78272242002,0.1000000000002,-4.177816028169));
#10412=CARTESIAN_POINT('',(11.81304478962,0.1000000000002,-4.172229810178));
#10413=CARTESIAN_POINT('',(11.7827224200181,0.05000000000018,-4.17781602816935));
#10414=CARTESIAN_POINT('Origin',(11.75019786677,0.05000000000018,-4.180758838502));
#10415=CARTESIAN_POINT('',(11.7501977969072,0.1000000000002,-4.18075884179178));
#10416=CARTESIAN_POINT('',(11.78272242002,0.1000000000002,-4.177816028169));
#10417=CARTESIAN_POINT('',(11.750197866777,0.05000000000018,-4.18075883850137));
#10418=CARTESIAN_POINT('Origin',(11.71573507746,0.05000000000018,-4.180892781671));
#10419=CARTESIAN_POINT('',(11.7157350754959,0.1000000000002,-4.18089278160105));
#10420=CARTESIAN_POINT('',(11.7499510557643,0.1000000000002,-4.18075979775772));
#10421=CARTESIAN_POINT('',(11.715735077467,0.05000000000018,-4.18089278167097));
#10422=CARTESIAN_POINT('Origin',(11.67925526144,0.05000000000018,-4.178158765093));
#10423=CARTESIAN_POINT('',(11.67925526144,0.1000000000002,-4.178158765093));
#10424=CARTESIAN_POINT('',(5.71655140661348,0.1000000000002,-3.73127791523998));
#10425=CARTESIAN_POINT('',(11.6792552614328,0.05000000000018,-4.17815876509246));
#10426=CARTESIAN_POINT('Origin',(11.6014854935,0.05000000000018,-4.164342921122));
#10427=CARTESIAN_POINT('',(11.6014854935,0.1000000000002,-4.164342921122));
#10428=CARTESIAN_POINT('',(11.67925526144,0.1000000000002,-4.178158765093));
#10429=CARTESIAN_POINT('',(11.6014854935,0.1000000000002,-4.164342921122));
#10430=CARTESIAN_POINT('Origin',(11.52981013998,0.05000000000018,-4.140926503798));
#10431=CARTESIAN_POINT('',(11.52981013998,0.1000000000002,-4.140926503799));
#10432=CARTESIAN_POINT('',(11.6014854935,0.1000000000002,-4.164342921122));
#10433=CARTESIAN_POINT('',(11.52981013998,0.1000000000002,-4.140926503799));
#10434=CARTESIAN_POINT('Origin',(11.46427253514,0.05000000000018,-4.107992242205));
#10435=CARTESIAN_POINT('',(11.46427253513,0.1000000000002,-4.107992242202));
#10436=CARTESIAN_POINT('',(11.52981013998,0.1000000000002,-4.140926503799));
#10437=CARTESIAN_POINT('',(11.46427253513,0.1000000000002,-4.107992242202));
#10438=CARTESIAN_POINT('Origin',(11.40597574066,0.05000000000018,-4.067990508578));
#10439=CARTESIAN_POINT('',(11.40597574066,0.1000000000002,-4.067990508579));
#10440=CARTESIAN_POINT('',(11.46427253513,0.1000000000002,-4.107992242202));
#10441=CARTESIAN_POINT('',(11.40597574066,0.1000000000002,-4.067990508579));
#10442=CARTESIAN_POINT('Origin',(11.35632221993,0.05000000000018,-4.023675016913));
#10443=CARTESIAN_POINT('',(11.35632221993,0.1000000000002,-4.023675016912));
#10444=CARTESIAN_POINT('',(11.40597574066,0.1000000000002,-4.067990508579));
#10445=CARTESIAN_POINT('',(11.35632221993,0.1000000000002,-4.023675016912));
#10446=CARTESIAN_POINT('Origin',(11.31523712269,0.05000000000018,-3.975010312126));
#10447=CARTESIAN_POINT('',(11.3152371227,0.1000000000002,-3.975010312134));
#10448=CARTESIAN_POINT('',(11.35632221993,0.1000000000002,-4.023675016912));
#10449=CARTESIAN_POINT('',(11.3152371227,0.1000000000002,-3.975010312134));
#10450=CARTESIAN_POINT('Origin',(11.28911820446,0.05000000000018,-3.932845790356));
#10451=CARTESIAN_POINT('',(11.28911820446,0.1000000000002,-3.932845790354));
#10452=CARTESIAN_POINT('',(11.3152371227,0.1000000000002,-3.975010312134));
#10453=CARTESIAN_POINT('',(11.28911820446,0.1000000000002,-3.932845790354));
#10454=CARTESIAN_POINT('Origin',(11.26795912328,0.05000000000018,-3.884291391574));
#10455=CARTESIAN_POINT('',(11.26795912328,0.1000000000002,-3.88429139158));
#10456=CARTESIAN_POINT('',(11.28911820446,0.1000000000002,-3.932845790354));
#10457=CARTESIAN_POINT('',(11.26795912328,0.1000000000002,-3.88429139158));
#10458=CARTESIAN_POINT('Origin',(11.25172442341,0.05000000000018,-3.829386510611));
#10459=CARTESIAN_POINT('',(11.25172442341,0.1000000000002,-3.82938651061));
#10460=CARTESIAN_POINT('',(11.26795912328,0.1000000000002,-3.88429139158));
#10461=CARTESIAN_POINT('',(11.25172442341,0.1000000000002,-3.82938651061));
#10462=CARTESIAN_POINT('Origin',(11.2454921264,0.05000000000018,-3.790881789027));
#10463=CARTESIAN_POINT('',(11.2454921264,0.1000000000002,-3.790881789018));
#10464=CARTESIAN_POINT('',(11.25172442341,0.1000000000002,-3.82938651061));
#10465=CARTESIAN_POINT('',(11.2454921264,0.1000000000002,-3.790881789018));
#10466=CARTESIAN_POINT('Origin',(11.24178505221,0.05000000000018,-3.741212510297));
#10467=CARTESIAN_POINT('',(11.24178505221,0.1000000000002,-3.7412125103));
#10468=CARTESIAN_POINT('',(11.2454921264,0.1000000000002,-3.790881789018));
#10469=CARTESIAN_POINT('',(11.2417850522108,0.05000000000018,-3.74121251030711));
#10470=CARTESIAN_POINT('Origin',(11.24055986626,0.05000000000018,-3.680339279583));
#10471=CARTESIAN_POINT('',(11.24055986626,0.1000000000002,-3.680339279583));
#10472=CARTESIAN_POINT('',(11.24178505221,0.1000000000002,-3.7412125103));
#10473=CARTESIAN_POINT('',(11.24055986626,0.05000000000018,-3.68033927958295));
#10474=CARTESIAN_POINT('Origin',(11.24055986626,0.05000000000018,-3.416144257232));
#10475=CARTESIAN_POINT('',(11.24055986626,0.1000000000002,-3.416144257234));
#10476=CARTESIAN_POINT('',(11.24055986626,0.1000000000002,-3.680339279583));
#10477=CARTESIAN_POINT('',(11.24055986626,0.1000000000002,-3.416144257234));
#10478=CARTESIAN_POINT('Origin',(11.99002705068,0.05000000000018,-3.656454060661));
#10479=CARTESIAN_POINT('',(11.99002705068,0.1000000000002,-3.656454060661));
#10480=CARTESIAN_POINT('',(11.24055986626,0.1000000000002,-3.416144257234));
#10481=CARTESIAN_POINT('',(11.99002705068,0.1000000000002,-3.656454060661));
#10482=CARTESIAN_POINT('Origin',(11.99002705068,0.05000000000018,-3.858345811678));
#10483=CARTESIAN_POINT('',(11.99002705068,0.1000000000002,-3.656454060661));
#10484=CARTESIAN_POINT('Origin',(11.99002705068,0.05000000000018,-8.181905248027));
#10485=CARTESIAN_POINT('',(11.48851624899,0.1000000000002,-8.021208900588));
#10486=CARTESIAN_POINT('',(11.48851624899,0.1000000000002,-8.021208900588));
#10487=CARTESIAN_POINT('',(11.99002705068,0.1000000000002,-8.181905248027));
#10488=CARTESIAN_POINT('',(11.48851624899,0.1000000000002,-8.021208900588));
#10489=CARTESIAN_POINT('',(11.99002705068,0.1000000000002,-8.181905248027));
#10490=CARTESIAN_POINT('Origin',(11.99002705068,0.05000000000018,-8.324999887303));
#10491=CARTESIAN_POINT('',(11.99002705068,0.1000000000002,-8.324999887302));
#10492=CARTESIAN_POINT('',(11.99002705068,0.1000000000002,-8.181905248027));
#10493=CARTESIAN_POINT('',(11.99002705068,0.1000000000002,-8.324999887302));
#10494=CARTESIAN_POINT('Origin',(11.24055986626,0.05000000000018,-8.085233735389));
#10495=CARTESIAN_POINT('',(11.24055986626,0.1000000000002,-8.085233735389));
#10496=CARTESIAN_POINT('',(11.99002705068,0.1000000000002,-8.324999887302));
#10497=CARTESIAN_POINT('',(11.24055986626,0.1000000000002,-8.085233735389));
#10498=CARTESIAN_POINT('Origin',(11.24055986626,0.05000000000018,-7.941441804008));
#10499=CARTESIAN_POINT('',(11.24055986626,0.1000000000002,-7.941441804007));
#10500=CARTESIAN_POINT('',(11.24055986626,0.1000000000002,-8.085233735389));
#10501=CARTESIAN_POINT('',(11.24055986626,0.1000000000002,-7.941441804007));
#10502=CARTESIAN_POINT('Origin',(11.74416254526,0.05000000000018,-7.795073436057));
#10503=CARTESIAN_POINT('',(11.74416254526,0.1000000000002,-7.795073436056));
#10504=CARTESIAN_POINT('',(11.24055986626,0.1000000000002,-7.941441804007));
#10505=CARTESIAN_POINT('',(11.74416254526,0.1000000000002,-7.795073436056));
#10506=CARTESIAN_POINT('Origin',(11.24055986626,0.05000000000018,-7.633801920767));
#10507=CARTESIAN_POINT('',(11.24055986626,0.1000000000002,-7.633801920767));
#10508=CARTESIAN_POINT('',(11.74416254526,0.1000000000002,-7.795073436056));
#10509=CARTESIAN_POINT('',(11.24055986626,0.1000000000002,-7.633801920767));
#10510=CARTESIAN_POINT('Origin',(11.24055986626,0.05000000000018,-7.490195145975));
#10511=CARTESIAN_POINT('',(11.24055986626,0.1000000000002,-7.490195145976));
#10512=CARTESIAN_POINT('',(11.24055986626,0.1000000000002,-7.633801920767));
#10513=CARTESIAN_POINT('',(11.24055986626,0.1000000000002,-7.490195145976));
#10514=CARTESIAN_POINT('Origin',(11.99002705068,0.05000000000018,-7.729949479305));
#10515=CARTESIAN_POINT('',(11.99002705068,0.1000000000002,-7.729949479305));
#10516=CARTESIAN_POINT('',(11.24055986626,0.1000000000002,-7.490195145976));
#10517=CARTESIAN_POINT('',(11.99002705068,0.1000000000002,-7.729949479305));
#10518=CARTESIAN_POINT('Origin',(11.99002705068,0.05000000000018,-7.874095966196));
#10519=CARTESIAN_POINT('',(11.99002705068,0.1000000000002,-7.874095966197));
#10520=CARTESIAN_POINT('',(11.99002705068,0.1000000000002,-7.729949479305));
#10521=CARTESIAN_POINT('',(11.99002705068,0.1000000000002,-7.874095966197));
#10522=CARTESIAN_POINT('Origin',(11.48851624899,0.05000000000018,-8.021208900587));
#10523=CARTESIAN_POINT('',(11.99002705068,0.1000000000002,-7.874095966197));
#10524=CARTESIAN_POINT('Origin',(11.99002705068,0.05000000000018,-4.467775412912));
#10525=CARTESIAN_POINT('',(11.24055986626,0.1000000000002,-4.227820164995));
#10526=CARTESIAN_POINT('',(11.24055986626,0.1000000000002,-4.227820164995));
#10527=CARTESIAN_POINT('',(11.99002705068,0.1000000000002,-4.467775412912));
#10528=CARTESIAN_POINT('',(11.24055986626,0.1000000000002,-4.227820164995));
#10529=CARTESIAN_POINT('',(11.99002705068,0.1000000000002,-4.467775412912));
#10530=CARTESIAN_POINT('Origin',(11.99002705068,0.05000000000018,-5.023367739049));
#10531=CARTESIAN_POINT('',(11.99002705068,0.1000000000002,-5.023367739048));
#10532=CARTESIAN_POINT('',(11.99002705068,0.1000000000002,-4.467775412912));
#10533=CARTESIAN_POINT('',(11.99002705068,0.1000000000002,-5.023367739048));
#10534=CARTESIAN_POINT('Origin',(11.86473897391,0.05000000000018,-4.983413279591));
#10535=CARTESIAN_POINT('',(11.86473897391,0.1000000000002,-4.983413279591));
#10536=CARTESIAN_POINT('',(11.99002705068,0.1000000000002,-5.023367739048));
#10537=CARTESIAN_POINT('',(11.86473897391,0.1000000000002,-4.983413279591));
#10538=CARTESIAN_POINT('Origin',(11.86473897391,0.05000000000018,-4.582080149713));
#10539=CARTESIAN_POINT('',(11.86473897391,0.1000000000002,-4.582080149713));
#10540=CARTESIAN_POINT('',(11.86473897391,0.1000000000002,-4.983413279591));
#10541=CARTESIAN_POINT('',(11.86473897391,0.1000000000002,-4.582080149713));
#10542=CARTESIAN_POINT('Origin',(11.69460751229,0.05000000000018,-4.527380123089));
#10543=CARTESIAN_POINT('',(11.69460751229,0.1000000000002,-4.527380123089));
#10544=CARTESIAN_POINT('',(11.86473897391,0.1000000000002,-4.582080149713));
#10545=CARTESIAN_POINT('',(11.69460751229,0.1000000000002,-4.527380123089));
#10546=CARTESIAN_POINT('Origin',(11.69460751229,0.05000000000018,-4.915279541089));
#10547=CARTESIAN_POINT('',(11.69460751229,0.1000000000002,-4.91527954109));
#10548=CARTESIAN_POINT('',(11.69460751229,0.1000000000002,-4.527380123089));
#10549=CARTESIAN_POINT('',(11.69460751229,0.1000000000002,-4.91527954109));
#10550=CARTESIAN_POINT('Origin',(11.56931943551,0.05000000000018,-4.875325081631));
#10551=CARTESIAN_POINT('',(11.56931943551,0.1000000000002,-4.875325081631));
#10552=CARTESIAN_POINT('',(11.69460751229,0.1000000000002,-4.91527954109));
#10553=CARTESIAN_POINT('',(11.56931943551,0.1000000000002,-4.875325081631));
#10554=CARTESIAN_POINT('Origin',(11.56931943551,0.05000000000018,-4.487240506877));
#10555=CARTESIAN_POINT('',(11.56931943551,0.1000000000002,-4.487240506878));
#10556=CARTESIAN_POINT('',(11.56931943551,0.1000000000002,-4.875325081631));
#10557=CARTESIAN_POINT('',(11.56931943551,0.1000000000002,-4.487240506878));
#10558=CARTESIAN_POINT('Origin',(11.36584794303,0.05000000000018,-4.417660970084));
#10559=CARTESIAN_POINT('',(11.36584794303,0.1000000000002,-4.417660970084));
#10560=CARTESIAN_POINT('',(11.56931943551,0.1000000000002,-4.487240506878));
#10561=CARTESIAN_POINT('',(11.36584794303,0.1000000000002,-4.417660970084));
#10562=CARTESIAN_POINT('Origin',(11.36584794303,0.05000000000018,-4.853720836441));
#10563=CARTESIAN_POINT('',(11.36584794303,0.1000000000002,-4.85372083644));
#10564=CARTESIAN_POINT('',(11.36584794303,0.1000000000002,-4.417660970084));
#10565=CARTESIAN_POINT('',(11.36584794303,0.1000000000002,-4.85372083644));
#10566=CARTESIAN_POINT('Origin',(11.24055986626,0.05000000000018,-4.813258180718));
#10567=CARTESIAN_POINT('',(11.24055986626,0.1000000000002,-4.813258180718));
#10568=CARTESIAN_POINT('',(11.36584794303,0.1000000000002,-4.85372083644));
#10569=CARTESIAN_POINT('',(11.24055986626,0.1000000000002,-4.813258180718));
#10570=CARTESIAN_POINT('Origin',(11.24055986626,0.05000000000018,-4.227820164994));
#10571=CARTESIAN_POINT('',(11.24055986626,0.1000000000002,-4.813258180718));
#10572=CARTESIAN_POINT('Origin',(11.77626951067,0.05000000000018,-6.581721661573));
#10573=CARTESIAN_POINT('',(11.84026676922,0.1000000000002,-6.576753946016));
#10574=CARTESIAN_POINT('',(11.84026676922,0.1000000000002,-6.576753946016));
#10575=CARTESIAN_POINT('',(11.77626951067,0.1000000000002,-6.581721661573));
#10576=CARTESIAN_POINT('',(11.84026676922,0.1000000000002,-6.576753946016));
#10577=CARTESIAN_POINT('',(11.77626951067,0.1000000000002,-6.581721661573));
#10578=CARTESIAN_POINT('Origin',(11.76964720307,0.05000000000018,-6.433182626644));
#10579=CARTESIAN_POINT('',(11.76964720307,0.1000000000002,-6.433182626643));
#10580=CARTESIAN_POINT('',(11.77626951067,0.1000000000002,-6.581721661573));
#10581=CARTESIAN_POINT('',(11.76964720307,0.1000000000002,-6.433182626643));
#10582=CARTESIAN_POINT('Origin',(11.80266813349,0.05000000000018,-6.429991627721));
#10583=CARTESIAN_POINT('',(11.80266813349,0.1000000000002,-6.429991627721));
#10584=CARTESIAN_POINT('',(11.76964720307,0.1000000000002,-6.433182626643));
#10585=CARTESIAN_POINT('',(11.80266813349,0.1000000000002,-6.429991627721));
#10586=CARTESIAN_POINT('Origin',(11.83015012027,0.05000000000018,-6.420087711941));
#10587=CARTESIAN_POINT('',(11.83015012027,0.1000000000002,-6.420087711941));
#10588=CARTESIAN_POINT('',(11.80266813349,0.1000000000002,-6.429991627721));
#10589=CARTESIAN_POINT('',(11.83015012027,0.1000000000002,-6.420087711941));
#10590=CARTESIAN_POINT('Origin',(11.85200255447,0.05000000000018,-6.403435424557));
#10591=CARTESIAN_POINT('',(11.85200255447,0.1000000000002,-6.403435424557));
#10592=CARTESIAN_POINT('',(11.83015012027,0.1000000000002,-6.420087711941));
#10593=CARTESIAN_POINT('',(11.85200255447,0.1000000000002,-6.403435424557));
#10594=CARTESIAN_POINT('Origin',(11.86787482,0.05000000000018,-6.379550205968));
#10595=CARTESIAN_POINT('',(11.86787482,0.1000000000002,-6.379550205972));
#10596=CARTESIAN_POINT('',(11.85200255447,0.1000000000002,-6.403435424557));
#10597=CARTESIAN_POINT('',(11.86787482,0.1000000000002,-6.379550205972));
#10598=CARTESIAN_POINT('Origin',(11.87742417993,0.05000000000018,-6.347939618079));
#10599=CARTESIAN_POINT('',(11.87742417993,0.1000000000002,-6.347939618085));
#10600=CARTESIAN_POINT('',(11.86787482,0.1000000000002,-6.379550205972));
#10601=CARTESIAN_POINT('',(11.87742417993,0.1000000000002,-6.347939618085));
#10602=CARTESIAN_POINT('Origin',(11.8806191186,0.05000000000018,-6.308560326303));
#10603=CARTESIAN_POINT('',(11.8806191186,0.1000000000002,-6.308560326294));
#10604=CARTESIAN_POINT('',(11.87742417993,0.1000000000002,-6.347939618085));
#10605=CARTESIAN_POINT('',(11.8806191186021,0.05000000000018,-6.30856032627674));
#10606=CARTESIAN_POINT('Origin',(11.87811753295,0.05000000000018,-6.269724686041));
#10607=CARTESIAN_POINT('',(11.87811753295,0.1000000000002,-6.269724686038));
#10608=CARTESIAN_POINT('',(11.8806191186,0.1000000000002,-6.308560326294));
#10609=CARTESIAN_POINT('',(11.8781175329494,0.05000000000018,-6.26972468603225));
#10610=CARTESIAN_POINT('Origin',(11.87061277599,0.05000000000018,-6.238441077079));
#10611=CARTESIAN_POINT('',(11.87061277599,0.1000000000002,-6.238441077084));
#10612=CARTESIAN_POINT('',(11.87811753295,0.1000000000002,-6.269724686038));
#10613=CARTESIAN_POINT('',(11.87061277599,0.1000000000002,-6.238441077084));
#10614=CARTESIAN_POINT('Origin',(11.85811272655,0.05000000000018,-6.214788289415));
#10615=CARTESIAN_POINT('',(11.85811272655,0.1000000000002,-6.214788289412));
#10616=CARTESIAN_POINT('',(11.87061277599,0.1000000000002,-6.238441077084));
#10617=CARTESIAN_POINT('',(11.85811272655,0.1000000000002,-6.214788289412));
#10618=CARTESIAN_POINT('Origin',(11.84181499468,0.05000000000018,-6.197730232766));
#10619=CARTESIAN_POINT('',(11.84181499468,0.1000000000002,-6.197730232766));
#10620=CARTESIAN_POINT('',(11.85811272655,0.1000000000002,-6.214788289412));
#10621=CARTESIAN_POINT('',(11.84181499468,0.1000000000002,-6.197730232766));
#10622=CARTESIAN_POINT('Origin',(11.82292506823,0.05000000000018,-6.186510522451));
#10623=CARTESIAN_POINT('',(11.82292506823,0.1000000000002,-6.186510522452));
#10624=CARTESIAN_POINT('',(11.84181499468,0.1000000000002,-6.197730232766));
#10625=CARTESIAN_POINT('',(11.82292506823,0.1000000000002,-6.186510522452));
#10626=CARTESIAN_POINT('Origin',(11.80139567354,0.05000000000018,-6.181085824216));
#10627=CARTESIAN_POINT('',(11.80139567354,0.1000000000002,-6.181085824216));
#10628=CARTESIAN_POINT('',(11.82292506823,0.1000000000002,-6.186510522452));
#10629=CARTESIAN_POINT('',(11.8013956735403,0.05000000000018,-6.18108582421608));
#10630=CARTESIAN_POINT('Origin',(11.78115843656,0.05000000000018,-6.181625536313));
#10631=CARTESIAN_POINT('',(11.78115843656,0.1000000000002,-6.181625536313));
#10632=CARTESIAN_POINT('',(11.80139567354,0.1000000000002,-6.181085824216));
#10633=CARTESIAN_POINT('',(11.781158436556,0.05000000000018,-6.18162553631311));
#10634=CARTESIAN_POINT('Origin',(11.76341096664,0.05000000000018,-6.188023292494));
#10635=CARTESIAN_POINT('',(11.76341096664,0.1000000000002,-6.188023292494));
#10636=CARTESIAN_POINT('',(11.78115843656,0.1000000000002,-6.181625536313));
#10637=CARTESIAN_POINT('',(11.76341096664,0.1000000000002,-6.188023292494));
#10638=CARTESIAN_POINT('Origin',(11.74818084038,0.05000000000018,-6.200286971589));
#10639=CARTESIAN_POINT('',(11.74818084038,0.1000000000002,-6.200286971591));
#10640=CARTESIAN_POINT('',(11.76341096664,0.1000000000002,-6.188023292494));
#10641=CARTESIAN_POINT('',(11.74818084038,0.1000000000002,-6.200286971591));
#10642=CARTESIAN_POINT('Origin',(11.73211553909,0.05000000000018,-6.221875458864));
#10643=CARTESIAN_POINT('',(11.73211553909,0.1000000000002,-6.221875458862));
#10644=CARTESIAN_POINT('',(11.74818084038,0.1000000000002,-6.200286971591));
#10645=CARTESIAN_POINT('',(11.73211553909,0.1000000000002,-6.221875458862));
#10646=CARTESIAN_POINT('Origin',(11.71252438079,0.05000000000018,-6.256641590258));
#10647=CARTESIAN_POINT('',(11.7125217537181,0.1000000000002,-6.25664047094201));
#10648=CARTESIAN_POINT('',(11.73211553909,0.1000000000002,-6.221875458862));
#10649=CARTESIAN_POINT('',(11.71252255331,0.1000000000002,-6.256640742018));
#10650=CARTESIAN_POINT('Origin',(11.65457426266,0.05000000000018,-6.376540424217));
#10651=CARTESIAN_POINT('',(11.65457426266,0.1000000000002,-6.376540424211));
#10652=CARTESIAN_POINT('',(11.8003316486408,0.1000000000002,-6.07494211886288));
#10653=CARTESIAN_POINT('',(11.65457426266,0.1000000000002,-6.376540424211));
#10654=CARTESIAN_POINT('Origin',(11.62447250506,0.05000000000018,-6.428069148999));
#10655=CARTESIAN_POINT('',(11.62447250506,0.1000000000002,-6.428069148999));
#10656=CARTESIAN_POINT('',(11.65457426266,0.1000000000002,-6.376540424211));
#10657=CARTESIAN_POINT('',(11.62447250506,0.1000000000002,-6.428069148999));
#10658=CARTESIAN_POINT('Origin',(11.59897602901,0.05000000000018,-6.459210935959));
#10659=CARTESIAN_POINT('',(11.59897602901,0.1000000000002,-6.459210935958));
#10660=CARTESIAN_POINT('',(11.62447250506,0.1000000000002,-6.428069148999));
#10661=CARTESIAN_POINT('',(11.59897602901,0.1000000000002,-6.459210935958));
#10662=CARTESIAN_POINT('Origin',(11.56157436879,0.05000000000018,-6.484305582497));
#10663=CARTESIAN_POINT('',(11.56157436879,0.1000000000002,-6.484305582496));
#10664=CARTESIAN_POINT('',(11.59897602901,0.1000000000002,-6.459210935958));
#10665=CARTESIAN_POINT('',(11.56157436879,0.1000000000002,-6.484305582496));
#10666=CARTESIAN_POINT('Origin',(11.51777495239,0.05000000000018,-6.497006546856));
#10667=CARTESIAN_POINT('',(11.51777495239,0.1000000000002,-6.497006546856));
#10668=CARTESIAN_POINT('',(11.56157436879,0.1000000000002,-6.484305582496));
#10669=CARTESIAN_POINT('',(11.517774952389,0.05000000000018,-6.49700654685629));
#10670=CARTESIAN_POINT('Origin',(11.46757777981,0.05000000000018,-6.497286251447));
#10671=CARTESIAN_POINT('',(11.46757777981,0.1000000000002,-6.497286251447));
#10672=CARTESIAN_POINT('',(11.51777495239,0.1000000000002,-6.497006546856));
#10673=CARTESIAN_POINT('',(11.4675777798096,0.05000000000018,-6.497286251447));
#10674=CARTESIAN_POINT('Origin',(11.40464812754,0.05000000000018,-6.481555808255));
#10675=CARTESIAN_POINT('',(11.40464812754,0.1000000000002,-6.481555808255));
#10676=CARTESIAN_POINT('',(11.46757777981,0.1000000000002,-6.497286251447));
#10677=CARTESIAN_POINT('',(11.40464812754,0.1000000000002,-6.481555808255));
#10678=CARTESIAN_POINT('Origin',(11.3481595657,0.05000000000018,-6.449090347591));
#10679=CARTESIAN_POINT('',(11.3481595657,0.1000000000002,-6.44909034759));
#10680=CARTESIAN_POINT('',(11.40464812754,0.1000000000002,-6.481555808255));
#10681=CARTESIAN_POINT('',(11.3481595657,0.1000000000002,-6.44909034759));
#10682=CARTESIAN_POINT('Origin',(11.29814755004,0.05000000000018,-6.399901688708));
#10683=CARTESIAN_POINT('',(11.29814755004,0.1000000000002,-6.399901688708));
#10684=CARTESIAN_POINT('',(11.3481595657,0.1000000000002,-6.44909034759));
#10685=CARTESIAN_POINT('',(11.29814755004,0.1000000000002,-6.399901688708));
#10686=CARTESIAN_POINT('Origin',(11.25904796319,0.05000000000018,-6.336381110252));
#10687=CARTESIAN_POINT('',(11.2590479632,0.1000000000002,-6.336381110259));
#10688=CARTESIAN_POINT('',(11.29814755004,0.1000000000002,-6.399901688708));
#10689=CARTESIAN_POINT('',(11.2590479632,0.1000000000002,-6.336381110259));
#10690=CARTESIAN_POINT('Origin',(11.23562366637,0.05000000000018,-6.260912013378));
#10691=CARTESIAN_POINT('',(11.23562366637,0.1000000000002,-6.26091201338));
#10692=CARTESIAN_POINT('',(11.2590479632,0.1000000000002,-6.336381110259));
#10693=CARTESIAN_POINT('',(11.23562366637,0.1000000000002,-6.26091201338));
#10694=CARTESIAN_POINT('Origin',(11.22782344682,0.05000000000018,-6.173423486915));
#10695=CARTESIAN_POINT('',(11.22782344682,0.1000000000002,-6.173423486897));
#10696=CARTESIAN_POINT('',(11.23562366637,0.1000000000002,-6.26091201338));
#10697=CARTESIAN_POINT('',(11.22782344682,0.1000000000002,-6.173423486897));
#10698=CARTESIAN_POINT('Origin',(11.23142809383,0.05000000000018,-6.112290248694));
#10699=CARTESIAN_POINT('',(11.23142809383,0.1000000000002,-6.112290248709));
#10700=CARTESIAN_POINT('',(11.22782344682,0.1000000000002,-6.173423486897));
#10701=CARTESIAN_POINT('',(11.23142809383,0.1000000000002,-6.112290248709));
#10702=CARTESIAN_POINT('Origin',(11.24224203489,0.05000000000018,-6.057700528408));
#10703=CARTESIAN_POINT('',(11.24224203489,0.1000000000002,-6.057700528413));
#10704=CARTESIAN_POINT('',(11.23142809383,0.1000000000002,-6.112290248709));
#10705=CARTESIAN_POINT('',(11.24224203489,0.1000000000002,-6.057700528413));
#10706=CARTESIAN_POINT('Origin',(11.26027314915,0.05000000000018,-6.009685841723));
#10707=CARTESIAN_POINT('',(11.26027314915,0.1000000000002,-6.009685841722));
#10708=CARTESIAN_POINT('',(11.24224203489,0.1000000000002,-6.057700528413));
#10709=CARTESIAN_POINT('',(11.26027314915,0.1000000000002,-6.009685841722));
#10710=CARTESIAN_POINT('Origin',(11.28470989842,0.05000000000018,-5.969778656435));
#10711=CARTESIAN_POINT('',(11.28470989842,0.1000000000002,-5.969778656436));
#10712=CARTESIAN_POINT('',(11.26027314915,0.1000000000002,-6.009685841722));
#10713=CARTESIAN_POINT('',(11.28470989842,0.1000000000002,-5.969778656436));
#10714=CARTESIAN_POINT('Origin',(11.31477226085,0.05000000000018,-5.939791144592));
#10715=CARTESIAN_POINT('',(11.31477226085,0.1000000000002,-5.939791144587));
#10716=CARTESIAN_POINT('',(11.28470989842,0.1000000000002,-5.969778656436));
#10717=CARTESIAN_POINT('',(11.31477226085,0.1000000000002,-5.939791144587));
#10718=CARTESIAN_POINT('Origin',(11.35049175243,0.05000000000018,-5.919746943027));
#10719=CARTESIAN_POINT('',(11.35049175243,0.1000000000002,-5.919746943028));
#10720=CARTESIAN_POINT('',(11.31477226085,0.1000000000002,-5.939791144587));
#10721=CARTESIAN_POINT('',(11.35049175243,0.1000000000002,-5.919746943028));
#10722=CARTESIAN_POINT('Origin',(11.39093471074,0.05000000000018,-5.908326318121));
#10723=CARTESIAN_POINT('',(11.39093471074,0.1000000000002,-5.90832631812));
#10724=CARTESIAN_POINT('',(11.35049175243,0.1000000000002,-5.919746943028));
#10725=CARTESIAN_POINT('',(11.39093471074,0.1000000000002,-5.90832631812));
#10726=CARTESIAN_POINT('Origin',(11.43521868607,0.05000000000018,-5.904225293589));
#10727=CARTESIAN_POINT('',(11.43521868607,0.1000000000002,-5.904225293589));
#10728=CARTESIAN_POINT('',(11.39093471074,0.1000000000002,-5.90832631812));
#10729=CARTESIAN_POINT('',(11.43521868607,0.1000000000002,-5.904225293589));
#10730=CARTESIAN_POINT('Origin',(11.48345792451,0.05000000000018,-5.907506901099));
#10731=CARTESIAN_POINT('',(11.48345792451,0.1000000000002,-5.907506901099));
#10732=CARTESIAN_POINT('',(11.43521868607,0.1000000000002,-5.904225293589));
#10733=CARTESIAN_POINT('',(11.48345792451,0.1000000000002,-5.907506901099));
#10734=CARTESIAN_POINT('Origin',(11.49113601981,0.05000000000018,-6.055116213002));
#10735=CARTESIAN_POINT('',(11.49113601981,0.1000000000002,-6.055116213002));
#10736=CARTESIAN_POINT('',(11.48345792451,0.1000000000002,-5.907506901099));
#10737=CARTESIAN_POINT('',(11.49113601981,0.05000000000018,-6.05511621300199));
#10738=CARTESIAN_POINT('Origin',(11.44944029897,0.05000000000018,-6.054422860317));
#10739=CARTESIAN_POINT('',(11.44944029897,0.1000000000002,-6.054422860317));
#10740=CARTESIAN_POINT('',(11.49113601981,0.1000000000002,-6.055116213002));
#10741=CARTESIAN_POINT('',(11.44944029897,0.1000000000002,-6.054422860317));
#10742=CARTESIAN_POINT('Origin',(11.41790062225,0.05000000000018,-6.058890258943));
#10743=CARTESIAN_POINT('',(11.41790062225,0.1000000000002,-6.058890258943));
#10744=CARTESIAN_POINT('',(11.44944029897,0.1000000000002,-6.054422860317));
#10745=CARTESIAN_POINT('',(11.41790062225,0.1000000000002,-6.058890258943));
#10746=CARTESIAN_POINT('Origin',(11.39655638415,0.05000000000018,-6.068486892879));
#10747=CARTESIAN_POINT('',(11.39655638415,0.1000000000002,-6.068486892879));
#10748=CARTESIAN_POINT('',(11.41790062225,0.1000000000002,-6.058890258943));
#10749=CARTESIAN_POINT('',(11.39655638415,0.1000000000002,-6.068486892879));
#10750=CARTESIAN_POINT('Origin',(11.37433363677,0.05000000000018,-6.094909152873));
#10751=CARTESIAN_POINT('',(11.37433363677,0.1000000000002,-6.094909152874));
#10752=CARTESIAN_POINT('',(11.39655638415,0.1000000000002,-6.068486892879));
#10753=CARTESIAN_POINT('',(11.37433363677,0.1000000000002,-6.094909152874));
#10754=CARTESIAN_POINT('Origin',(11.36102992831,0.05000000000018,-6.135044829671));
#10755=CARTESIAN_POINT('',(11.36102992832,0.1000000000002,-6.135044829661));
#10756=CARTESIAN_POINT('',(11.37433363677,0.1000000000002,-6.094909152874));
#10757=CARTESIAN_POINT('',(11.36102992832,0.1000000000002,-6.135044829661));
#10758=CARTESIAN_POINT('Origin',(11.35660192486,0.05000000000018,-6.188811193516));
#10759=CARTESIAN_POINT('',(11.35660192486,0.1000000000002,-6.188811193525));
#10760=CARTESIAN_POINT('',(11.36102992832,0.1000000000002,-6.135044829661));
#10761=CARTESIAN_POINT('',(11.3566019248579,0.05000000000018,-6.18881119354167));
#10762=CARTESIAN_POINT('Origin',(11.35961958544,0.05000000000018,-6.234927038647));
#10763=CARTESIAN_POINT('',(11.35961958544,0.1000000000002,-6.234927038644));
#10764=CARTESIAN_POINT('',(11.35660192486,0.1000000000002,-6.188811193525));
#10765=CARTESIAN_POINT('',(11.3596195854394,0.05000000000018,-6.23492703863754));
#10766=CARTESIAN_POINT('Origin',(11.36864893103,0.05000000000018,-6.272403549452));
#10767=CARTESIAN_POINT('',(11.36864893103,0.1000000000002,-6.272403549458));
#10768=CARTESIAN_POINT('',(11.35961958544,0.1000000000002,-6.234927038644));
#10769=CARTESIAN_POINT('',(11.36864893103,0.1000000000002,-6.272403549458));
#10770=CARTESIAN_POINT('Origin',(11.38365056578,0.05000000000018,-6.30124072593));
#10771=CARTESIAN_POINT('',(11.38365056578,0.1000000000002,-6.301240725927));
#10772=CARTESIAN_POINT('',(11.36864893103,0.1000000000002,-6.272403549458));
#10773=CARTESIAN_POINT('',(11.38365056578,0.1000000000002,-6.301240725927));
#10774=CARTESIAN_POINT('Origin',(11.40302111208,0.05000000000018,-6.32216737652));
#10775=CARTESIAN_POINT('',(11.40302111208,0.1000000000002,-6.322167376519));
#10776=CARTESIAN_POINT('',(11.38365056578,0.1000000000002,-6.301240725927));
#10777=CARTESIAN_POINT('',(11.40302111208,0.1000000000002,-6.322167376519));
#10778=CARTESIAN_POINT('Origin',(11.42483021136,0.05000000000018,-6.335884732738));
#10779=CARTESIAN_POINT('',(11.42483021136,0.1000000000002,-6.335884732739));
#10780=CARTESIAN_POINT('',(11.40302111208,0.1000000000002,-6.322167376519));
#10781=CARTESIAN_POINT('',(11.42483021136,0.1000000000002,-6.335884732739));
#10782=CARTESIAN_POINT('Origin',(11.44908968321,0.05000000000018,-6.342357339505));
#10783=CARTESIAN_POINT('',(11.44908968321,0.1000000000002,-6.342357339505));
#10784=CARTESIAN_POINT('',(11.42483021136,0.1000000000002,-6.335884732739));
#10785=CARTESIAN_POINT('',(11.4490896832077,0.05000000000018,-6.34235733950439));
#10786=CARTESIAN_POINT('Origin',(11.47013845805,0.05000000000018,-6.341620651899));
#10787=CARTESIAN_POINT('',(11.47013845805,0.1000000000002,-6.341620651899));
#10788=CARTESIAN_POINT('',(11.44908968321,0.1000000000002,-6.342357339505));
#10789=CARTESIAN_POINT('',(11.4701384580467,0.05000000000018,-6.34162065189912));
#10790=CARTESIAN_POINT('Origin',(11.48893777591,0.05000000000018,-6.334470450449));
#10791=CARTESIAN_POINT('',(11.48893777591,0.1000000000002,-6.334470450449));
#10792=CARTESIAN_POINT('',(11.47013845805,0.1000000000002,-6.341620651899));
#10793=CARTESIAN_POINT('',(11.48893777591,0.1000000000002,-6.334470450449));
#10794=CARTESIAN_POINT('Origin',(11.50545218071,0.05000000000018,-6.320890976816));
#10795=CARTESIAN_POINT('',(11.50545218071,0.1000000000002,-6.320890976815));
#10796=CARTESIAN_POINT('',(11.48893777591,0.1000000000002,-6.334470450449));
#10797=CARTESIAN_POINT('',(11.50545218071,0.1000000000002,-6.320890976815));
#10798=CARTESIAN_POINT('Origin',(11.51898831976,0.05000000000018,-6.301934078951));
#10799=CARTESIAN_POINT('',(11.51898831975,0.1000000000002,-6.301934078958));
#10800=CARTESIAN_POINT('',(11.50545218071,0.1000000000002,-6.320890976815));
#10801=CARTESIAN_POINT('',(11.51898831975,0.1000000000002,-6.301934078958));
#10802=CARTESIAN_POINT('Origin',(11.53721640952,0.05000000000018,-6.268412830923));
#10803=CARTESIAN_POINT('',(11.5372217884882,0.1000000000002,-6.2684133320681));
#10804=CARTESIAN_POINT('',(11.5361121910843,0.1000000000002,-6.27044347596255));
#10805=CARTESIAN_POINT('',(11.53722046794,0.1000000000002,-6.268414692946));
#10806=CARTESIAN_POINT('Origin',(11.58392711992,0.05000000000018,-6.17013400024));
#10807=CARTESIAN_POINT('',(11.58392711991,0.1000000000002,-6.170134000268));
#10808=CARTESIAN_POINT('',(11.712964632289,0.1000000000002,-5.89857585387481));
#10809=CARTESIAN_POINT('',(11.58392711991,0.1000000000002,-6.170134000268));
#10810=CARTESIAN_POINT('Origin',(11.6049601371,0.05000000000018,-6.13007711378));
#10811=CARTESIAN_POINT('',(11.60496013711,0.1000000000002,-6.130077113763));
#10812=CARTESIAN_POINT('',(11.58392711991,0.1000000000002,-6.170134000268));
#10813=CARTESIAN_POINT('',(11.60496013711,0.1000000000002,-6.130077113763));
#10814=CARTESIAN_POINT('Origin',(11.62323156111,0.05000000000018,-6.100172331687));
#10815=CARTESIAN_POINT('',(11.62323156111,0.1000000000002,-6.100172331683));
#10816=CARTESIAN_POINT('',(11.60496013711,0.1000000000002,-6.130077113763));
#10817=CARTESIAN_POINT('',(11.62323156111,0.1000000000002,-6.100172331683));
#10818=CARTESIAN_POINT('Origin',(11.64179450863,0.05000000000018,-6.077413811297));
#10819=CARTESIAN_POINT('',(11.64179450863,0.1000000000002,-6.077413811298));
#10820=CARTESIAN_POINT('',(11.62323156111,0.1000000000002,-6.100172331683));
#10821=CARTESIAN_POINT('',(11.64179450863,0.1000000000002,-6.077413811298));
#10822=CARTESIAN_POINT('Origin',(11.66365088191,0.05000000000018,-6.058772073773));
#10823=CARTESIAN_POINT('',(11.66365088191,0.1000000000002,-6.058772073776));
#10824=CARTESIAN_POINT('',(11.64179450863,0.1000000000002,-6.077413811298));
#10825=CARTESIAN_POINT('',(11.66365088191,0.1000000000002,-6.058772073776));
#10826=CARTESIAN_POINT('Origin',(11.68884007679,0.05000000000018,-6.044306211365));
#10827=CARTESIAN_POINT('',(11.68884007679,0.1000000000002,-6.044306211365));
#10828=CARTESIAN_POINT('',(11.66365088191,0.1000000000002,-6.058772073776));
#10829=CARTESIAN_POINT('',(11.68884007679,0.1000000000002,-6.044306211365));
#10830=CARTESIAN_POINT('Origin',(11.71735421376,0.05000000000018,-6.03468594026));
#10831=CARTESIAN_POINT('',(11.71735421376,0.1000000000002,-6.03468594026));
#10832=CARTESIAN_POINT('',(11.68884007679,0.1000000000002,-6.044306211365));
#10833=CARTESIAN_POINT('',(11.71735421376,0.1000000000002,-6.03468594026));
#10834=CARTESIAN_POINT('Origin',(11.74885449565,0.05000000000018,-6.030517943976));
#10835=CARTESIAN_POINT('',(11.74885449565,0.1000000000002,-6.030517943977));
#10836=CARTESIAN_POINT('',(11.71735421376,0.1000000000002,-6.03468594026));
#10837=CARTESIAN_POINT('',(11.74885449565,0.1000000000002,-6.030517943977));
#10838=CARTESIAN_POINT('Origin',(11.78341971245,0.05000000000018,-6.031806162265));
#10839=CARTESIAN_POINT('',(11.78341971245,0.1000000000002,-6.031806162265));
#10840=CARTESIAN_POINT('',(11.74885449565,0.1000000000002,-6.030517943977));
#10841=CARTESIAN_POINT('',(11.78341971245,0.1000000000002,-6.031806162265));
#10842=CARTESIAN_POINT('Origin',(11.84294563263,0.05000000000018,-6.046047472581));
#10843=CARTESIAN_POINT('',(11.84294563263,0.1000000000002,-6.046047472581));
#10844=CARTESIAN_POINT('',(11.78341971245,0.1000000000002,-6.031806162265));
#10845=CARTESIAN_POINT('',(11.84294563263,0.1000000000002,-6.046047472581));
#10846=CARTESIAN_POINT('Origin',(11.89525831902,0.05000000000018,-6.074734947887));
#10847=CARTESIAN_POINT('',(11.89525831902,0.1000000000002,-6.074734947887));
#10848=CARTESIAN_POINT('',(11.84294563263,0.1000000000002,-6.046047472581));
#10849=CARTESIAN_POINT('',(11.89525831902,0.1000000000002,-6.074734947887));
#10850=CARTESIAN_POINT('Origin',(11.94047201771,0.05000000000018,-6.117868587853));
#10851=CARTESIAN_POINT('',(11.9404720177,0.1000000000002,-6.117868587848));
#10852=CARTESIAN_POINT('',(11.89525831902,0.1000000000002,-6.074734947887));
#10853=CARTESIAN_POINT('',(11.9404720177,0.1000000000002,-6.117868587848));
#10854=CARTESIAN_POINT('Origin',(11.97508450851,0.05000000000018,-6.174246843689));
#10855=CARTESIAN_POINT('',(11.97508450851,0.1000000000002,-6.174246843688));
#10856=CARTESIAN_POINT('',(11.9404720177,0.1000000000002,-6.117868587848));
#10857=CARTESIAN_POINT('',(11.97508450851,0.1000000000002,-6.174246843688));
#10858=CARTESIAN_POINT('Origin',(11.99585357876,0.05000000000018,-6.242691803115));
#10859=CARTESIAN_POINT('',(11.99585357877,0.1000000000002,-6.242691803125));
#10860=CARTESIAN_POINT('',(11.97508450851,0.1000000000002,-6.174246843688));
#10861=CARTESIAN_POINT('',(11.99585357877,0.1000000000002,-6.242691803125));
#10862=CARTESIAN_POINT('Origin',(12.00277528871,0.05000000000018,-6.323203466131));
#10863=CARTESIAN_POINT('',(12.00277528871,0.1000000000002,-6.323203466131));
#10864=CARTESIAN_POINT('',(11.99585357877,0.1000000000002,-6.242691803125));
#10865=CARTESIAN_POINT('',(12.00277528871,0.1000000000002,-6.323203466131));
#10866=CARTESIAN_POINT('Origin',(11.9959087316,0.05000000000018,-6.403750584898));
#10867=CARTESIAN_POINT('',(11.9959087316,0.1000000000002,-6.403750584892));
#10868=CARTESIAN_POINT('',(12.00277528871,0.1000000000002,-6.323203466131));
#10869=CARTESIAN_POINT('',(11.9959087316,0.1000000000002,-6.403750584892));
#10870=CARTESIAN_POINT('Origin',(11.9753169391,0.05000000000018,-6.469516680915));
#10871=CARTESIAN_POINT('',(11.9753169391,0.1000000000002,-6.469516680918));
#10872=CARTESIAN_POINT('',(11.9959087316,0.1000000000002,-6.403750584892));
#10873=CARTESIAN_POINT('',(11.9753169391,0.1000000000002,-6.469516680918));
#10874=CARTESIAN_POINT('Origin',(11.94099991122,0.05000000000018,-6.520505693934));
#10875=CARTESIAN_POINT('',(11.94099991122,0.1000000000002,-6.520505693931));
#10876=CARTESIAN_POINT('',(11.9753169391,0.1000000000002,-6.469516680918));
#10877=CARTESIAN_POINT('',(11.94099991122,0.1000000000002,-6.520505693931));
#10878=CARTESIAN_POINT('Origin',(11.89514801301,0.05000000000018,-6.55634731011));
#10879=CARTESIAN_POINT('',(11.89514801301,0.1000000000002,-6.556347310111));
#10880=CARTESIAN_POINT('',(11.94099991122,0.1000000000002,-6.520505693931));
#10881=CARTESIAN_POINT('',(11.89514801301,0.1000000000002,-6.556347310111));
#10882=CARTESIAN_POINT('Origin',(11.84026676922,0.05000000000018,-6.576753946016));
#10883=CARTESIAN_POINT('',(11.89514801301,0.1000000000002,-6.556347310111));
#10884=CARTESIAN_POINT('Origin',(11.99810697549,0.05000000000018,-7.098860479962));
#10885=CARTESIAN_POINT('',(11.98405870059,0.1000000000002,-7.035607787837));
#10886=CARTESIAN_POINT('',(11.98405870059,0.1000000000002,-7.035607787837));
#10887=CARTESIAN_POINT('',(11.9981069755,0.1000000000002,-7.098860479975));
#10888=CARTESIAN_POINT('',(11.98405870059,0.1000000000002,-7.035607787837));
#10889=CARTESIAN_POINT('',(11.9981069755,0.1000000000002,-7.098860479975));
#10890=CARTESIAN_POINT('Origin',(12.00277528871,0.05000000000018,-7.166103890271));
#10891=CARTESIAN_POINT('',(12.00277528871,0.1000000000002,-7.166103890275));
#10892=CARTESIAN_POINT('',(11.9981069755,0.1000000000002,-7.098860479975));
#10893=CARTESIAN_POINT('',(12.00277528871,0.1000000000002,-7.166103890275));
#10894=CARTESIAN_POINT('Origin',(11.99317471536,0.05000000000018,-7.251756607515));
#10895=CARTESIAN_POINT('',(11.99317471536,0.1000000000002,-7.251756607509));
#10896=CARTESIAN_POINT('',(12.00277528871,0.1000000000002,-7.166103890275));
#10897=CARTESIAN_POINT('',(11.99317471536,0.1000000000002,-7.251756607509));
#10898=CARTESIAN_POINT('Origin',(11.96437693371,0.05000000000018,-7.323412263281));
#10899=CARTESIAN_POINT('',(11.96437693371,0.1000000000002,-7.323412263278));
#10900=CARTESIAN_POINT('',(11.99317471536,0.1000000000002,-7.251756607509));
#10901=CARTESIAN_POINT('',(11.96437693371,0.1000000000002,-7.323412263278));
#10902=CARTESIAN_POINT('Origin',(11.91638588419,0.05000000000018,-7.381070858237));
#10903=CARTESIAN_POINT('',(11.91638588419,0.1000000000002,-7.381070858241));
#10904=CARTESIAN_POINT('',(11.96437693371,0.1000000000002,-7.323412263278));
#10905=CARTESIAN_POINT('',(11.91638588419,0.1000000000002,-7.381070858241));
#10906=CARTESIAN_POINT('Origin',(11.85253832715,0.05000000000018,-7.421612303963));
#10907=CARTESIAN_POINT('',(11.85253832715,0.1000000000002,-7.421612303961));
#10908=CARTESIAN_POINT('',(11.91638588419,0.1000000000002,-7.381070858241));
#10909=CARTESIAN_POINT('',(11.85253832715,0.1000000000002,-7.421612303961));
#10910=CARTESIAN_POINT('Origin',(11.77619859983,0.05000000000018,-7.441644686608));
#10911=CARTESIAN_POINT('',(11.77619859983,0.1000000000002,-7.441644686608));
#10912=CARTESIAN_POINT('',(11.85253832715,0.1000000000002,-7.421612303961));
#10913=CARTESIAN_POINT('',(11.7761985998276,0.05000000000018,-7.44164468660862));
#10914=CARTESIAN_POINT('Origin',(11.68744549225,0.05000000000018,-7.441262554849));
#10915=CARTESIAN_POINT('',(11.68744549225,0.1000000000002,-7.441262554849));
#10916=CARTESIAN_POINT('',(11.77619859983,0.1000000000002,-7.441644686608));
#10917=CARTESIAN_POINT('',(11.68744549225,0.1000000000002,-7.441262554849));
#10918=CARTESIAN_POINT('Origin',(11.6091478308,0.05000000000018,-7.426375165512));
#10919=CARTESIAN_POINT('',(11.6091478308,0.1000000000002,-7.426375165512));
#10920=CARTESIAN_POINT('',(11.68744549225,0.1000000000002,-7.441262554849));
#10921=CARTESIAN_POINT('',(11.6091478308,0.1000000000002,-7.426375165512));
#10922=CARTESIAN_POINT('Origin',(11.53262688598,0.05000000000018,-7.399318645418));
#10923=CARTESIAN_POINT('',(11.53262688598,0.1000000000002,-7.399318645417));
#10924=CARTESIAN_POINT('',(11.6091478308,0.1000000000002,-7.426375165512));
#10925=CARTESIAN_POINT('',(11.53262688598,0.1000000000002,-7.399318645417));
#10926=CARTESIAN_POINT('Origin',(11.45780386812,0.05000000000018,-7.360037841061));
#10927=CARTESIAN_POINT('',(11.45780386812,0.1000000000002,-7.360037841062));
#10928=CARTESIAN_POINT('',(11.53262688598,0.1000000000002,-7.399318645417));
#10929=CARTESIAN_POINT('',(11.45780386812,0.1000000000002,-7.360037841062));
#10930=CARTESIAN_POINT('Origin',(11.38952042845,0.05000000000018,-7.310853121595));
#10931=CARTESIAN_POINT('',(11.38952042846,0.1000000000002,-7.310853121598));
#10932=CARTESIAN_POINT('',(11.45780386812,0.1000000000002,-7.360037841062));
#10933=CARTESIAN_POINT('',(11.38952042846,0.1000000000002,-7.310853121598));
#10934=CARTESIAN_POINT('Origin',(11.33263397652,0.05000000000018,-7.254088794247));
#10935=CARTESIAN_POINT('',(11.33263397652,0.1000000000002,-7.254088794244));
#10936=CARTESIAN_POINT('',(11.38952042846,0.1000000000002,-7.310853121598));
#10937=CARTESIAN_POINT('',(11.33263397652,0.1000000000002,-7.254088794244));
#10938=CARTESIAN_POINT('Origin',(11.28714845207,0.05000000000018,-7.189756677936));
#10939=CARTESIAN_POINT('',(11.28714845206,0.1000000000002,-7.189756677928));
#10940=CARTESIAN_POINT('',(11.33263397652,0.1000000000002,-7.254088794244));
#10941=CARTESIAN_POINT('',(11.28714845206,0.1000000000002,-7.189756677928));
#10942=CARTESIAN_POINT('Origin',(11.25387539296,0.05000000000018,-7.119440453875));
#10943=CARTESIAN_POINT('',(11.25387539296,0.1000000000002,-7.119440453881));
#10944=CARTESIAN_POINT('',(11.28714845206,0.1000000000002,-7.189756677928));
#10945=CARTESIAN_POINT('',(11.25387539296,0.1000000000002,-7.119440453881));
#10946=CARTESIAN_POINT('Origin',(11.23393755832,0.05000000000018,-7.045113813532));
#10947=CARTESIAN_POINT('',(11.23393755832,0.1000000000002,-7.045113813538));
#10948=CARTESIAN_POINT('',(11.25387539296,0.1000000000002,-7.119440453881));
#10949=CARTESIAN_POINT('',(11.23393755832,0.1000000000002,-7.045113813538));
#10950=CARTESIAN_POINT('Origin',(11.22729555297,0.05000000000018,-6.966721604076));
#10951=CARTESIAN_POINT('',(11.22729555297,0.1000000000002,-6.966721604065));
#10952=CARTESIAN_POINT('',(11.23393755832,0.1000000000002,-7.045113813538));
#10953=CARTESIAN_POINT('',(11.22729555297,0.1000000000002,-6.966721604065));
#10954=CARTESIAN_POINT('Origin',(11.23258630803,0.05000000000018,-6.901227333816));
#10955=CARTESIAN_POINT('',(11.23258630803,0.1000000000002,-6.901227333823));
#10956=CARTESIAN_POINT('',(11.22729555297,0.1000000000002,-6.966721604065));
#10957=CARTESIAN_POINT('',(11.23258630803,0.1000000000002,-6.901227333823));
#10958=CARTESIAN_POINT('Origin',(11.24841917873,0.05000000000018,-6.844356639881));
#10959=CARTESIAN_POINT('',(11.24841917873,0.1000000000002,-6.844356639879));
#10960=CARTESIAN_POINT('',(11.23258630803,0.1000000000002,-6.901227333823));
#10961=CARTESIAN_POINT('',(11.24841917873,0.1000000000002,-6.844356639879));
#10962=CARTESIAN_POINT('Origin',(11.27475870897,0.05000000000018,-6.796097704025));
#10963=CARTESIAN_POINT('',(11.27475870897,0.1000000000002,-6.796097704025));
#10964=CARTESIAN_POINT('',(11.24841917873,0.1000000000002,-6.844356639879));
#10965=CARTESIAN_POINT('',(11.27475870897,0.1000000000002,-6.796097704025));
#10966=CARTESIAN_POINT('Origin',(11.3090245231,0.05000000000018,-6.757214789763));
#10967=CARTESIAN_POINT('',(11.3090245231,0.1000000000002,-6.757214789766));
#10968=CARTESIAN_POINT('',(11.27475870897,0.1000000000002,-6.796097704025));
#10969=CARTESIAN_POINT('',(11.3090245231,0.1000000000002,-6.757214789766));
#10970=CARTESIAN_POINT('Origin',(11.34833290371,0.05000000000018,-6.728042755526));
#10971=CARTESIAN_POINT('',(11.34833290371,0.1000000000002,-6.728042755523));
#10972=CARTESIAN_POINT('',(11.3090245231,0.1000000000002,-6.757214789766));
#10973=CARTESIAN_POINT('',(11.34833290371,0.1000000000002,-6.728042755523));
#10974=CARTESIAN_POINT('Origin',(11.39272718537,0.05000000000018,-6.708546145226));
#10975=CARTESIAN_POINT('',(11.39272718537,0.1000000000002,-6.708546145228));
#10976=CARTESIAN_POINT('',(11.34833290371,0.1000000000002,-6.728042755523));
#10977=CARTESIAN_POINT('',(11.39272718537,0.1000000000002,-6.708546145228));
#10978=CARTESIAN_POINT('Origin',(11.43966244753,0.05000000000018,-6.69731461666));
#10979=CARTESIAN_POINT('',(11.43966244753,0.1000000000002,-6.69731461666));
#10980=CARTESIAN_POINT('',(11.39272718537,0.1000000000002,-6.708546145228));
#10981=CARTESIAN_POINT('',(11.43966244753,0.1000000000002,-6.69731461666));
#10982=CARTESIAN_POINT('Origin',(11.48695226553,0.05000000000018,-6.692673879696));
#10983=CARTESIAN_POINT('',(11.48695226553,0.1000000000002,-6.692673879696));
#10984=CARTESIAN_POINT('',(11.43966244753,0.1000000000002,-6.69731461666));
#10985=CARTESIAN_POINT('',(11.48695226553,0.1000000000002,-6.692673879696));
#10986=CARTESIAN_POINT('Origin',(11.53459269895,0.05000000000018,-6.694663329836));
#10987=CARTESIAN_POINT('',(11.53459269895,0.1000000000002,-6.694663329836));
#10988=CARTESIAN_POINT('',(11.48695226553,0.1000000000002,-6.692673879696));
#10989=CARTESIAN_POINT('',(11.53459269895,0.1000000000002,-6.694663329836));
#10990=CARTESIAN_POINT('Origin',(11.57959760388,0.05000000000018,-6.701931716456));
#10991=CARTESIAN_POINT('',(11.57959760389,0.1000000000002,-6.701931716457));
#10992=CARTESIAN_POINT('',(11.53459269895,0.1000000000002,-6.694663329836));
#10993=CARTESIAN_POINT('',(11.57959760389,0.1000000000002,-6.701931716457));
#10994=CARTESIAN_POINT('Origin',(11.62626891945,0.05000000000018,-6.713836900627));
#10995=CARTESIAN_POINT('',(11.62626891945,0.1000000000002,-6.713836900626));
#10996=CARTESIAN_POINT('',(11.57959760389,0.1000000000002,-6.701931716457));
#10997=CARTESIAN_POINT('',(11.62626891945,0.1000000000002,-6.713836900626));
#10998=CARTESIAN_POINT('Origin',(11.67453967389,0.05000000000018,-6.730307970839));
#10999=CARTESIAN_POINT('',(11.67453967389,0.1000000000002,-6.730307970838));
#11000=CARTESIAN_POINT('',(11.62626891945,0.1000000000002,-6.713836900626));
#11001=CARTESIAN_POINT('',(11.67453967389,0.1000000000002,-6.730307970838));
#11002=CARTESIAN_POINT('Origin',(11.73741811274,0.05000000000018,-6.757659953859));
#11003=CARTESIAN_POINT('',(11.73741811274,0.1000000000002,-6.757659953858));
#11004=CARTESIAN_POINT('',(11.67453967389,0.1000000000002,-6.730307970838));
#11005=CARTESIAN_POINT('',(11.73741811274,0.1000000000002,-6.757659953858));
#11006=CARTESIAN_POINT('Origin',(11.79452123726,0.05000000000018,-6.790495727699));
#11007=CARTESIAN_POINT('',(11.79452123727,0.1000000000002,-6.790495727703));
#11008=CARTESIAN_POINT('',(11.73741811274,0.1000000000002,-6.757659953858));
#11009=CARTESIAN_POINT('',(11.79452123727,0.1000000000002,-6.790495727703));
#11010=CARTESIAN_POINT('Origin',(11.84589238238,0.05000000000018,-6.828779837278));
#11011=CARTESIAN_POINT('',(11.84589238238,0.1000000000002,-6.828779837276));
#11012=CARTESIAN_POINT('',(11.79452123727,0.1000000000002,-6.790495727703));
#11013=CARTESIAN_POINT('',(11.84589238238,0.1000000000002,-6.828779837276));
#11014=CARTESIAN_POINT('Origin',(11.89086183156,0.05000000000018,-6.872516221341));
#11015=CARTESIAN_POINT('',(11.89086183157,0.1000000000002,-6.872516221346));
#11016=CARTESIAN_POINT('',(11.84589238238,0.1000000000002,-6.828779837276));
#11017=CARTESIAN_POINT('',(11.89086183157,0.1000000000002,-6.872516221346));
#11018=CARTESIAN_POINT('Origin',(11.92907896939,0.05000000000018,-6.921697001391));
#11019=CARTESIAN_POINT('',(11.92907896938,0.1000000000002,-6.921697001378));
#11020=CARTESIAN_POINT('',(11.89086183157,0.1000000000002,-6.872516221346));
#11021=CARTESIAN_POINT('',(11.92907896938,0.1000000000002,-6.921697001378));
#11022=CARTESIAN_POINT('Origin',(11.9605398561,0.05000000000018,-6.976263084845));
#11023=CARTESIAN_POINT('',(11.96053985611,0.1000000000002,-6.976263084855));
#11024=CARTESIAN_POINT('',(11.92907896938,0.1000000000002,-6.921697001378));
#11025=CARTESIAN_POINT('',(11.96053985611,0.1000000000002,-6.976263084855));
#11026=CARTESIAN_POINT('Origin',(11.9840587006,0.05000000000018,-7.035607787848));
#11027=CARTESIAN_POINT('',(11.96053985611,0.1000000000002,-6.976263084855));
#11028=CARTESIAN_POINT('Origin',(11.87799934778,0.05000000000018,-5.524181248727));
#11029=CARTESIAN_POINT('',(11.87444591418,0.1000000000002,-5.56393085368));
#11030=CARTESIAN_POINT('',(11.87444591418,0.1000000000002,-5.56393085368));
#11031=CARTESIAN_POINT('',(11.87799934778,0.1000000000002,-5.524181248719));
#11032=CARTESIAN_POINT('',(11.87444591418,0.1000000000002,-5.56393085368));
#11033=CARTESIAN_POINT('',(11.87799934778,0.1000000000002,-5.524181248719));
#11034=CARTESIAN_POINT('Origin',(11.87369740833,0.05000000000018,-5.475225020099));
#11035=CARTESIAN_POINT('',(11.87369740833,0.1000000000002,-5.475225020099));
#11036=CARTESIAN_POINT('',(11.87799934778,0.1000000000002,-5.524181248719));
#11037=CARTESIAN_POINT('',(11.87369740833,0.1000000000002,-5.475225020099));
#11038=CARTESIAN_POINT('Origin',(11.86078765055,0.05000000000018,-5.428104601357));
#11039=CARTESIAN_POINT('',(11.86078765055,0.1000000000002,-5.428104601365));
#11040=CARTESIAN_POINT('',(11.87369740833,0.1000000000002,-5.475225020099));
#11041=CARTESIAN_POINT('',(11.86078765055,0.1000000000002,-5.428104601365));
#11042=CARTESIAN_POINT('Origin',(11.83927007444,0.05000000000018,-5.382717564329));
#11043=CARTESIAN_POINT('',(11.83927007444,0.1000000000002,-5.382717564334));
#11044=CARTESIAN_POINT('',(11.86078765055,0.1000000000002,-5.428104601365));
#11045=CARTESIAN_POINT('',(11.83927007444,0.1000000000002,-5.382717564334));
#11046=CARTESIAN_POINT('Origin',(11.80859708874,0.05000000000018,-5.340781534065));
#11047=CARTESIAN_POINT('',(11.80859708874,0.1000000000002,-5.340781534058));
#11048=CARTESIAN_POINT('',(11.83927007444,0.1000000000002,-5.382717564334));
#11049=CARTESIAN_POINT('',(11.80859708874,0.1000000000002,-5.340781534058));
#11050=CARTESIAN_POINT('Origin',(11.76854808112,0.05000000000018,-5.303813219358));
#11051=CARTESIAN_POINT('',(11.76854808112,0.1000000000002,-5.303813219359));
#11052=CARTESIAN_POINT('',(11.80859708874,0.1000000000002,-5.340781534058));
#11053=CARTESIAN_POINT('',(11.76854808112,0.1000000000002,-5.303813219359));
#11054=CARTESIAN_POINT('Origin',(11.71903638239,0.05000000000018,-5.271773225373));
#11055=CARTESIAN_POINT('',(11.71903638239,0.1000000000002,-5.271773225372));
#11056=CARTESIAN_POINT('',(11.76854808112,0.1000000000002,-5.303813219359));
#11057=CARTESIAN_POINT('',(11.71903638239,0.1000000000002,-5.271773225372));
#11058=CARTESIAN_POINT('Origin',(11.66326087099,0.05000000000018,-5.245961588647));
#11059=CARTESIAN_POINT('',(11.66326087099,0.1000000000002,-5.245961588647));
#11060=CARTESIAN_POINT('',(11.71903638239,0.1000000000002,-5.271773225372));
#11061=CARTESIAN_POINT('',(11.66326087099,0.1000000000002,-5.245961588647));
#11062=CARTESIAN_POINT('Origin',(11.60414859891,0.05000000000018,-5.227646830049));
#11063=CARTESIAN_POINT('',(11.60414859891,0.1000000000002,-5.22764683005));
#11064=CARTESIAN_POINT('',(11.66326087099,0.1000000000002,-5.245961588647));
#11065=CARTESIAN_POINT('',(11.60414859891,0.1000000000002,-5.22764683005));
#11066=CARTESIAN_POINT('Origin',(11.54174290073,0.05000000000018,-5.216793493825));
#11067=CARTESIAN_POINT('',(11.54174290073,0.1000000000002,-5.216793493825));
#11068=CARTESIAN_POINT('',(11.60414859891,0.1000000000002,-5.22764683005));
#11069=CARTESIAN_POINT('',(11.54174290073,0.1000000000002,-5.216793493825));
#11070=CARTESIAN_POINT('Origin',(11.48409218495,0.05000000000018,-5.215146780947));
#11071=CARTESIAN_POINT('',(11.48409218495,0.1000000000002,-5.215146780947));
#11072=CARTESIAN_POINT('',(11.54174290073,0.1000000000002,-5.216793493825));
#11073=CARTESIAN_POINT('',(11.484092184948,0.05000000000018,-5.21514678094694));
#11074=CARTESIAN_POINT('Origin',(11.4374563248,0.05000000000018,-5.224262795369));
#11075=CARTESIAN_POINT('',(11.4374563248,0.1000000000002,-5.224262795369));
#11076=CARTESIAN_POINT('',(11.48409218495,0.1000000000002,-5.215146780947));
#11077=CARTESIAN_POINT('',(11.4374563248,0.1000000000002,-5.224262795369));
#11078=CARTESIAN_POINT('Origin',(11.40179986521,0.05000000000018,-5.244137598013));
#11079=CARTESIAN_POINT('',(11.40179986521,0.1000000000002,-5.244137598012));
#11080=CARTESIAN_POINT('',(11.4374563248,0.1000000000002,-5.224262795369));
#11081=CARTESIAN_POINT('',(11.40179986521,0.1000000000002,-5.244137598012));
#11082=CARTESIAN_POINT('Origin',(11.37666188409,0.05000000000018,-5.27438511703));
#11083=CARTESIAN_POINT('',(11.37666188409,0.1000000000002,-5.274385117032));
#11084=CARTESIAN_POINT('',(11.40179986521,0.1000000000002,-5.244137598012));
#11085=CARTESIAN_POINT('',(11.37666188409,0.1000000000002,-5.274385117032));
#11086=CARTESIAN_POINT('Origin',(11.36160903558,0.05000000000018,-5.314638978996));
#11087=CARTESIAN_POINT('',(11.36160903558,0.1000000000002,-5.314638978991));
#11088=CARTESIAN_POINT('',(11.37666188409,0.1000000000002,-5.274385117032));
#11089=CARTESIAN_POINT('',(11.36160903558,0.1000000000002,-5.314638978991));
#11090=CARTESIAN_POINT('Origin',(11.35660192486,0.05000000000018,-5.364926759828));
#11091=CARTESIAN_POINT('',(11.35660192486,0.1000000000002,-5.364926759835));
#11092=CARTESIAN_POINT('',(11.36160903558,0.1000000000002,-5.314638978991));
#11093=CARTESIAN_POINT('',(11.35660192486,0.1000000000002,-5.364926759835));
#11094=CARTESIAN_POINT('Origin',(11.35817378715,0.05000000000018,-5.398384975854));
#11095=CARTESIAN_POINT('',(11.35817378715,0.1000000000002,-5.398384975868));
#11096=CARTESIAN_POINT('',(11.35660192486,0.1000000000002,-5.364926759835));
#11097=CARTESIAN_POINT('',(11.358173787152,0.05000000000018,-5.39838497589572));
#11098=CARTESIAN_POINT('Origin',(11.36288543528,0.05000000000018,-5.432800491155));
#11099=CARTESIAN_POINT('',(11.36288543528,0.1000000000002,-5.432800491143));
#11100=CARTESIAN_POINT('',(11.35817378715,0.1000000000002,-5.398384975868));
#11101=CARTESIAN_POINT('',(11.36288543528,0.1000000000002,-5.432800491143));
#11102=CARTESIAN_POINT('Origin',(11.37073292917,0.05000000000018,-5.468220580403));
#11103=CARTESIAN_POINT('',(11.37073292917,0.1000000000002,-5.468220580396));
#11104=CARTESIAN_POINT('',(11.36288543528,0.1000000000002,-5.432800491143));
#11105=CARTESIAN_POINT('',(11.37073292917,0.1000000000002,-5.468220580396));
#11106=CARTESIAN_POINT('Origin',(11.3806171472,0.05000000000018,-5.502474576283));
#11107=CARTESIAN_POINT('',(11.3806171472,0.1000000000002,-5.502474576302));
#11108=CARTESIAN_POINT('',(11.37073292917,0.1000000000002,-5.468220580396));
#11109=CARTESIAN_POINT('',(11.3806171472,0.1000000000002,-5.502474576302));
#11110=CARTESIAN_POINT('Origin',(11.39178564376,0.05000000000018,-5.533699092661));
#11111=CARTESIAN_POINT('',(11.39178564375,0.1000000000002,-5.533699092635));
#11112=CARTESIAN_POINT('',(11.3806171472,0.1000000000002,-5.502474576302));
#11113=CARTESIAN_POINT('',(11.39178564375,0.1000000000002,-5.533699092635));
#11114=CARTESIAN_POINT('Origin',(11.40423447945,0.05000000000018,-5.561838976704));
#11115=CARTESIAN_POINT('',(11.40423447945,0.1000000000002,-5.561838976705));
#11116=CARTESIAN_POINT('',(11.39178564375,0.1000000000002,-5.533699092635));
#11117=CARTESIAN_POINT('',(11.40423447945,0.1000000000002,-5.561838976705));
#11118=CARTESIAN_POINT('Origin',(11.51556488991,0.05000000000018,-5.597263005367));
#11119=CARTESIAN_POINT('',(11.51556488991,0.1000000000002,-5.597263005367));
#11120=CARTESIAN_POINT('',(11.40423447945,0.1000000000002,-5.561838976705));
#11121=CARTESIAN_POINT('',(11.51556488991,0.1000000000002,-5.597263005367));
#11122=CARTESIAN_POINT('Origin',(11.51556488991,0.05000000000018,-5.406011857402));
#11123=CARTESIAN_POINT('',(11.51556488991,0.1000000000002,-5.406011857401));
#11124=CARTESIAN_POINT('',(11.51556488991,0.1000000000002,-5.597263005367));
#11125=CARTESIAN_POINT('',(11.51556488991,0.1000000000002,-5.406011857401));
#11126=CARTESIAN_POINT('Origin',(11.64085296669,0.05000000000018,-5.446119957615));
#11127=CARTESIAN_POINT('',(11.64085296669,0.1000000000002,-5.446119957615));
#11128=CARTESIAN_POINT('',(11.51556488991,0.1000000000002,-5.406011857401));
#11129=CARTESIAN_POINT('',(11.64085296669,0.1000000000002,-5.446119957615));
#11130=CARTESIAN_POINT('Origin',(11.64085296669,0.05000000000018,-5.781521532222));
#11131=CARTESIAN_POINT('',(11.64085296669,0.1000000000002,-5.781521532222));
#11132=CARTESIAN_POINT('',(11.64085296669,0.1000000000002,-5.446119957615));
#11133=CARTESIAN_POINT('',(11.64085296669,0.1000000000002,-5.781521532222));
#11134=CARTESIAN_POINT('Origin',(11.31925541747,0.05000000000018,-5.678180437647));
#11135=CARTESIAN_POINT('',(11.31925541747,0.1000000000002,-5.678180437647));
#11136=CARTESIAN_POINT('',(11.64085296669,0.1000000000002,-5.781521532222));
#11137=CARTESIAN_POINT('',(11.31925541747,0.1000000000002,-5.678180437647));
#11138=CARTESIAN_POINT('Origin',(11.29506291771,0.05000000000018,-5.632915525537));
#11139=CARTESIAN_POINT('',(11.2950629177,0.1000000000002,-5.632915525526));
#11140=CARTESIAN_POINT('',(11.31925541747,0.1000000000002,-5.678180437647));
#11141=CARTESIAN_POINT('',(11.2950629177,0.1000000000002,-5.632915525526));
#11142=CARTESIAN_POINT('Origin',(11.27342321668,0.05000000000018,-5.581997423687));
#11143=CARTESIAN_POINT('',(11.27342321669,0.1000000000002,-5.581997423712));
#11144=CARTESIAN_POINT('',(11.2950629177,0.1000000000002,-5.632915525526));
#11145=CARTESIAN_POINT('',(11.27342321669,0.1000000000002,-5.581997423712));
#11146=CARTESIAN_POINT('Origin',(11.25434813365,0.05000000000018,-5.525422192679));
#11147=CARTESIAN_POINT('',(11.25434813365,0.1000000000002,-5.525422192668));
#11148=CARTESIAN_POINT('',(11.27342321669,0.1000000000002,-5.581997423712));
#11149=CARTESIAN_POINT('',(11.25434813365,0.1000000000002,-5.525422192668));
#11150=CARTESIAN_POINT('Origin',(11.23963408265,0.05000000000018,-5.466022336506));
#11151=CARTESIAN_POINT('',(11.23963408265,0.1000000000002,-5.466022336516));
#11152=CARTESIAN_POINT('',(11.25434813365,0.1000000000002,-5.525422192668));
#11153=CARTESIAN_POINT('',(11.23963408265,0.1000000000002,-5.466022336516));
#11154=CARTESIAN_POINT('Origin',(11.23078201482,0.05000000000018,-5.406539750915));
#11155=CARTESIAN_POINT('',(11.23078201482,0.1000000000002,-5.406539750912));
#11156=CARTESIAN_POINT('',(11.23963408265,0.1000000000002,-5.466022336516));
#11157=CARTESIAN_POINT('',(11.2307820148188,0.05000000000018,-5.40653975090684));
#11158=CARTESIAN_POINT('Origin',(11.22782344682,0.05000000000018,-5.346935040739));
#11159=CARTESIAN_POINT('',(11.22782344682,0.1000000000002,-5.346935040717));
#11160=CARTESIAN_POINT('',(11.23078201482,0.1000000000002,-5.406539750912));
#11161=CARTESIAN_POINT('',(11.2278234468168,0.05000000000018,-5.34693504067438));
#11162=CARTESIAN_POINT('Origin',(11.23480424934,0.05000000000018,-5.262259320857));
#11163=CARTESIAN_POINT('',(11.23480424934,0.1000000000002,-5.262259320867));
#11164=CARTESIAN_POINT('',(11.22782344682,0.1000000000002,-5.346935040717));
#11165=CARTESIAN_POINT('',(11.23480424934,0.1000000000002,-5.262259320867));
#11166=CARTESIAN_POINT('Origin',(11.25574271852,0.05000000000018,-5.193518898505));
#11167=CARTESIAN_POINT('',(11.25574271852,0.1000000000002,-5.193518898501));
#11168=CARTESIAN_POINT('',(11.23480424934,0.1000000000002,-5.262259320867));
#11169=CARTESIAN_POINT('',(11.25574271852,0.1000000000002,-5.193518898501));
#11170=CARTESIAN_POINT('Origin',(11.29063885333,0.05000000000018,-5.140670439101));
#11171=CARTESIAN_POINT('',(11.29063885333,0.1000000000002,-5.140670439103));
#11172=CARTESIAN_POINT('',(11.25574271852,0.1000000000002,-5.193518898501));
#11173=CARTESIAN_POINT('',(11.29063885333,0.1000000000002,-5.140670439103));
#11174=CARTESIAN_POINT('Origin',(11.35647586052,0.05000000000018,-5.091832395975));
#11175=CARTESIAN_POINT('',(11.35647586052,0.1000000000002,-5.091832395976));
#11176=CARTESIAN_POINT('',(11.29063885333,0.1000000000002,-5.140670439103));
#11177=CARTESIAN_POINT('',(11.35647586052,0.1000000000002,-5.091832395976));
#11178=CARTESIAN_POINT('Origin',(11.43949698836,0.05000000000018,-5.067308977536));
#11179=CARTESIAN_POINT('',(11.4394969993954,0.1000000000002,-5.06730897593359));
#11180=CARTESIAN_POINT('',(11.35647586052,0.1000000000002,-5.091832395976));
#11181=CARTESIAN_POINT('',(11.4394969883585,0.05000000000018,-5.06730897753645));
#11182=CARTESIAN_POINT('Origin',(11.53965102342,0.05000000000018,-5.067182913532));
#11183=CARTESIAN_POINT('',(11.5397684408693,0.1000000000002,-5.06720326347495));
#11184=CARTESIAN_POINT('',(5.77302368255877,0.1000000000002,-5.07444137430529));
#11185=CARTESIAN_POINT('',(11.53976868703,0.1000000000002,-5.067203924199));
#11186=CARTESIAN_POINT('Origin',(11.6115509287,0.05000000000018,-5.080021760142));
#11187=CARTESIAN_POINT('',(11.61155092869,0.1000000000002,-5.080021760142));
#11188=CARTESIAN_POINT('',(11.53976868703,0.1000000000002,-5.067203924199));
#11189=CARTESIAN_POINT('',(11.61155092869,0.1000000000002,-5.080021760142));
#11190=CARTESIAN_POINT('Origin',(11.68139441241,0.05000000000018,-5.102276023854));
#11191=CARTESIAN_POINT('',(11.68139441241,0.1000000000002,-5.102276023855));
#11192=CARTESIAN_POINT('',(11.61155092869,0.1000000000002,-5.080021760142));
#11193=CARTESIAN_POINT('',(11.68139441241,0.1000000000002,-5.102276023855));
#11194=CARTESIAN_POINT('Origin',(11.74922086974,0.05000000000018,-5.133953583162));
#11195=CARTESIAN_POINT('',(11.74922086974,0.1000000000002,-5.133953583164));
#11196=CARTESIAN_POINT('',(11.68139441241,0.1000000000002,-5.102276023855));
#11197=CARTESIAN_POINT('',(11.74922086974,0.1000000000002,-5.133953583164));
#11198=CARTESIAN_POINT('Origin',(11.82362236067,0.05000000000018,-5.181984027846));
#11199=CARTESIAN_POINT('',(11.82362236066,0.1000000000002,-5.181984027843));
#11200=CARTESIAN_POINT('',(11.74922086974,0.1000000000002,-5.133953583164));
#11201=CARTESIAN_POINT('',(11.82362236066,0.1000000000002,-5.181984027843));
#11202=CARTESIAN_POINT('Origin',(11.88596108742,0.05000000000018,-5.238358344267));
#11203=CARTESIAN_POINT('',(11.88596108742,0.1000000000002,-5.238358344264));
#11204=CARTESIAN_POINT('',(11.82362236066,0.1000000000002,-5.181984027843));
#11205=CARTESIAN_POINT('',(11.88596108742,0.1000000000002,-5.238358344264));
#11206=CARTESIAN_POINT('Origin',(11.936284324,0.05000000000018,-5.303119866339));
#11207=CARTESIAN_POINT('',(11.93628432401,0.1000000000002,-5.303119866347));
#11208=CARTESIAN_POINT('',(11.88596108742,0.1000000000002,-5.238358344264));
#11209=CARTESIAN_POINT('',(11.93628432401,0.1000000000002,-5.303119866347));
#11210=CARTESIAN_POINT('Origin',(11.97322506213,0.05000000000018,-5.37504340878));
#11211=CARTESIAN_POINT('',(11.97322506213,0.1000000000002,-5.375043408781));
#11212=CARTESIAN_POINT('',(11.93628432401,0.1000000000002,-5.303119866347));
#11213=CARTESIAN_POINT('',(11.97322506213,0.1000000000002,-5.375043408781));
#11214=CARTESIAN_POINT('Origin',(11.99538871692,0.05000000000018,-5.452844692386));
#11215=CARTESIAN_POINT('',(11.99538871692,0.1000000000002,-5.452844692384));
#11216=CARTESIAN_POINT('',(11.97322506213,0.1000000000002,-5.375043408781));
#11217=CARTESIAN_POINT('',(11.99538871692,0.1000000000002,-5.452844692384));
#11218=CARTESIAN_POINT('Origin',(12.00277528871,0.05000000000018,-5.536480383241));
#11219=CARTESIAN_POINT('',(12.00277528871,0.1000000000002,-5.536480383236));
#11220=CARTESIAN_POINT('',(11.99538871692,0.1000000000002,-5.452844692384));
#11221=CARTESIAN_POINT('',(12.00277528871,0.1000000000002,-5.536480383236));
#11222=CARTESIAN_POINT('Origin',(11.99607813052,0.05000000000018,-5.616594156161));
#11223=CARTESIAN_POINT('',(11.99607813052,0.1000000000002,-5.61659415616));
#11224=CARTESIAN_POINT('',(12.00277528871,0.1000000000002,-5.536480383236));
#11225=CARTESIAN_POINT('',(11.99607813052,0.1000000000002,-5.61659415616));
#11226=CARTESIAN_POINT('Origin',(11.97596301812,0.05000000000018,-5.683809990221));
#11227=CARTESIAN_POINT('',(11.97596301812,0.1000000000002,-5.68380999022));
#11228=CARTESIAN_POINT('',(11.99607813052,0.1000000000002,-5.61659415616));
#11229=CARTESIAN_POINT('',(11.97596301812,0.1000000000002,-5.68380999022));
#11230=CARTESIAN_POINT('Origin',(11.94239449609,0.05000000000018,-5.738123945331));
#11231=CARTESIAN_POINT('',(11.94239449609,0.1000000000002,-5.738123945332));
#11232=CARTESIAN_POINT('',(11.97596301812,0.1000000000002,-5.68380999022));
#11233=CARTESIAN_POINT('',(11.94239449609,0.1000000000002,-5.738123945332));
#11234=CARTESIAN_POINT('Origin',(11.89609743379,0.05000000000018,-5.779323288323));
#11235=CARTESIAN_POINT('',(11.89609743379,0.1000000000002,-5.779323288321));
#11236=CARTESIAN_POINT('',(11.94239449609,0.1000000000002,-5.738123945332));
#11237=CARTESIAN_POINT('',(11.89609743379,0.1000000000002,-5.779323288321));
#11238=CARTESIAN_POINT('Origin',(11.83751305522,0.05000000000018,-5.807478930366));
#11239=CARTESIAN_POINT('',(11.83751305522,0.1000000000002,-5.807478930366));
#11240=CARTESIAN_POINT('',(11.89609743379,0.1000000000002,-5.779323288321));
#11241=CARTESIAN_POINT('',(11.83751305522,0.1000000000002,-5.807478930366));
#11242=CARTESIAN_POINT('Origin',(11.76666893731,0.05000000000018,-5.822559355458));
#11243=CARTESIAN_POINT('',(11.76666893731,0.1000000000002,-5.822559355458));
#11244=CARTESIAN_POINT('',(11.83751305522,0.1000000000002,-5.807478930366));
#11245=CARTESIAN_POINT('',(11.76666893731,0.1000000000002,-5.822559355458));
#11246=CARTESIAN_POINT('Origin',(11.75027271735,0.05000000000018,-5.677124650281));
#11247=CARTESIAN_POINT('',(11.75027271735,0.1000000000002,-5.677124650281));
#11248=CARTESIAN_POINT('',(11.76666893731,0.1000000000002,-5.822559355458));
#11249=CARTESIAN_POINT('',(11.75027271735,0.1000000000002,-5.677124650281));
#11250=CARTESIAN_POINT('Origin',(11.78905714386,0.05000000000018,-5.666192524058));
#11251=CARTESIAN_POINT('',(11.78905714386,0.1000000000002,-5.666192524058));
#11252=CARTESIAN_POINT('',(11.75027271735,0.1000000000002,-5.677124650281));
#11253=CARTESIAN_POINT('',(11.78905714386,0.1000000000002,-5.666192524058));
#11254=CARTESIAN_POINT('Origin',(11.82094349726,0.05000000000018,-5.649406293167));
#11255=CARTESIAN_POINT('',(11.82094349726,0.1000000000002,-5.649406293167));
#11256=CARTESIAN_POINT('',(11.78905714386,0.1000000000002,-5.666192524058));
#11257=CARTESIAN_POINT('',(11.82094349726,0.1000000000002,-5.649406293167));
#11258=CARTESIAN_POINT('Origin',(11.84589238238,0.05000000000018,-5.626687167945));
#11259=CARTESIAN_POINT('',(11.84589238238,0.1000000000002,-5.626687167946));
#11260=CARTESIAN_POINT('',(11.82094349726,0.1000000000002,-5.649406293167));
#11261=CARTESIAN_POINT('',(11.84589238238,0.1000000000002,-5.626687167946));
#11262=CARTESIAN_POINT('Origin',(11.86375803713,0.05000000000018,-5.598074543559));
#11263=CARTESIAN_POINT('',(11.86375803713,0.1000000000002,-5.59807454356));
#11264=CARTESIAN_POINT('',(11.84589238238,0.1000000000002,-5.626687167946));
#11265=CARTESIAN_POINT('',(11.86375803713,0.1000000000002,-5.59807454356));
#11266=CARTESIAN_POINT('Origin',(11.87444591418,0.05000000000018,-5.563930853679));
#11267=CARTESIAN_POINT('',(11.86375803713,0.1000000000002,-5.59807454356));
#11268=CARTESIAN_POINT('Origin',(11.24055986626,0.05000000000018,-2.909380484579));
#11269=CARTESIAN_POINT('',(11.98857789572,0.1000000000002,-2.909380484579));
#11270=CARTESIAN_POINT('',(11.98857789572,0.1000000000002,-2.909380484579));
#11271=CARTESIAN_POINT('',(11.24055986626,0.1000000000002,-2.909380484579));
#11272=CARTESIAN_POINT('',(11.98857789572,0.1000000000002,-2.909380484579));
#11273=CARTESIAN_POINT('',(11.24055986626,0.1000000000002,-2.909380484579));
#11274=CARTESIAN_POINT('Origin',(11.24055986626,0.05000000000018,-1.415007861405));
#11275=CARTESIAN_POINT('',(11.24055986626,0.1000000000002,-1.415007861405));
#11276=CARTESIAN_POINT('',(11.24055986626,0.1000000000002,-2.909380484579));
#11277=CARTESIAN_POINT('',(11.24055986626,0.1000000000002,-1.415007861405));
#11278=CARTESIAN_POINT('Origin',(11.98857789572,0.05000000000018,-1.415007861405));
#11279=CARTESIAN_POINT('',(11.98857789572,0.1000000000002,-1.415007861405));
#11280=CARTESIAN_POINT('',(11.24055986626,0.1000000000002,-1.415007861405));
#11281=CARTESIAN_POINT('',(11.98857789572,0.1000000000002,-1.415007861405));
#11282=CARTESIAN_POINT('Origin',(12.73577180289,0.05000000000018,-2.162186577406));
#11283=CARTESIAN_POINT('',(12.73577180289,0.1000000000002,-2.162186577407));
#11284=CARTESIAN_POINT('',(11.98857789572,0.1000000000002,-1.415007861405));
#11285=CARTESIAN_POINT('',(12.73577180289,0.1000000000002,-2.162186577407));
#11286=CARTESIAN_POINT('Origin',(11.98857789572,0.05000000000018,-2.909380484579));
#11287=CARTESIAN_POINT('',(12.73577180289,0.1000000000002,-2.162186577407));
#11288=CARTESIAN_POINT('Origin',(11.42999999994,2.65,-3.54999999976));
#11289=CARTESIAN_POINT('',(11.02999999994,2.65,2.800000000241));
#11290=CARTESIAN_POINT('',(11.82999999994,2.65,2.800000000241));
#11291=CARTESIAN_POINT('',(11.02999999994,2.65,2.800000000241));
#11292=CARTESIAN_POINT('',(11.02999999994,2.65,1.820110506757E-13));
#11293=CARTESIAN_POINT('',(11.82999999994,2.65,1.820110506757E-13));
#11294=CARTESIAN_POINT('Origin',(11.02999999994,3.05,-3.54999999976));
#11295=CARTESIAN_POINT('',(11.02999999994,3.45,2.800000000241));
#11296=CARTESIAN_POINT('',(11.02999999994,3.45,2.800000000241));
#11297=CARTESIAN_POINT('',(11.02999999994,3.45,2.379689032724E-13));
#11298=CARTESIAN_POINT('Origin',(11.42999999994,3.45,-3.54999999976));
#11299=CARTESIAN_POINT('',(11.82999999994,3.45,2.800000000241));
#11300=CARTESIAN_POINT('',(11.82999999994,3.45,2.800000000241));
#11301=CARTESIAN_POINT('',(11.82999999994,3.45,2.379689032724E-13));
#11302=CARTESIAN_POINT('Origin',(11.82999999994,3.05,-3.54999999976));
#11303=CARTESIAN_POINT('',(11.82999999994,2.65,2.800000000241));
#11304=CARTESIAN_POINT('Origin',(13.24499999994,2.799999998161,-7.59999999976));
#11305=CARTESIAN_POINT('',(13.24499999994,4.650000001001,-7.59999999976));
#11306=CARTESIAN_POINT('Origin',(13.71999999994,-4.918000530628E-13,-7.59999999976));
#11307=CARTESIAN_POINT('Origin',(19.05,0.,-2.4000000006));
#11308=CARTESIAN_POINT('',(11.0299999999,6.34977676908,-2.4000000006));
#11309=CARTESIAN_POINT('',(11.0299999999,6.34977676908,-2.4000000006));
#11310=CARTESIAN_POINT('',(11.8300000001,6.34977676908,-2.4000000006));
#11311=CARTESIAN_POINT('',(11.8300000001,6.34977676908,-2.4000000006));
#11312=CARTESIAN_POINT('',(11.8300000001,6.54977676786,-2.4000000006));
#11313=CARTESIAN_POINT('',(12.204596344925,0.650000140528377,-2.4000000006));
#11314=CARTESIAN_POINT('',(12.94565729974,0.6500000527162,-2.4000000006));
#11315=CARTESIAN_POINT('',(10.6550013731431,0.649777262565527,-2.40000000059994));
#11316=CARTESIAN_POINT('Origin',(11.43,-0.74999999908,-2.4000000006));
#11317=CARTESIAN_POINT('',(10.65500157383,0.6497771717036,-2.4000000006));
#11318=CARTESIAN_POINT('',(12.37999999992,3.05,-2.4000000006));
#11319=CARTESIAN_POINT('Origin',(11.43,3.05,-2.4000000006));
#11320=CARTESIAN_POINT('Origin',(12.20459666772,0.6500000000002,-9.19999999976));
#11321=CARTESIAN_POINT('',(12.20459650315,0.6500013156686,-8.399993891489));
#11322=CARTESIAN_POINT('Origin',(11.8300000001,6.29977676796,-0.8000000002003));
#11323=CARTESIAN_POINT('',(11.8300000001,6.34977676908,-3.6000000009));
#11324=CARTESIAN_POINT('',(11.8300000001,6.34977676908,-3.6000000009));
#11325=CARTESIAN_POINT('',(11.8300000001,6.54977676786,-3.6000000009));
#11326=CARTESIAN_POINT('Origin',(22.86,0.,-3.6000000009));
#11327=CARTESIAN_POINT('',(11.0299999999,6.34977676908,-3.6000000009));
#11328=CARTESIAN_POINT('',(11.8300000001,6.34977676908,-3.6000000009));
#11329=CARTESIAN_POINT('',(11.0299999999,6.34977676908,-3.6000000009));
#11330=CARTESIAN_POINT('Origin',(11.0299999999,6.49977676674,-0.8000000002003));
#11331=CARTESIAN_POINT('',(11.0299999999,6.34977676908,-3.6000000009));
#11332=CARTESIAN_POINT('Origin',(9.8550000004,0.6497767670204,-9.19999999976));
#11333=CARTESIAN_POINT('',(10.65500157383,0.6497771717036,-2.4000000006));
#11334=CARTESIAN_POINT('Origin',(11.43,-0.74999999908,-9.19999999976));
#11335=CARTESIAN_POINT('Origin',(0.,0.1000000000002,0.));
#11336=CARTESIAN_POINT('',(11.86217041684,0.1000000000002,-3.931774244994));
#11337=CARTESIAN_POINT('',(11.86526686776,0.1000000000002,-3.900577305208));
#11338=CARTESIAN_POINT('',(11.86217041684,0.1000000000002,-3.931774244994));
#11339=CARTESIAN_POINT('',(11.85706087895,0.1000000000002,-3.953480917431));
#11340=CARTESIAN_POINT('',(11.85706087895,0.1000000000002,-3.953480917431));
#11341=CARTESIAN_POINT('',(11.84519508994,0.1000000000002,-3.976085796909));
#11342=CARTESIAN_POINT('',(11.84519508994,0.1000000000002,-3.976085796909));
#11343=CARTESIAN_POINT('',(11.82739640627,0.1000000000002,-3.99530270228));
#11344=CARTESIAN_POINT('',(11.82739640627,0.1000000000002,-3.99530270228));
#11345=CARTESIAN_POINT('',(11.80366088885,0.1000000000002,-4.011226181231));
#11346=CARTESIAN_POINT('',(11.80366088885,0.1000000000002,-4.011226181231));
#11347=CARTESIAN_POINT('',(11.77254667848,0.1000000000002,-4.022142549788));
#11348=CARTESIAN_POINT('',(11.77254667848,0.1000000000002,-4.022142549788));
#11349=CARTESIAN_POINT('',(11.73258827977,0.1000000000002,-4.026290848319));
#11350=CARTESIAN_POINT('',(11.73258827977,0.1000000000002,-4.026290848319));
#11351=CARTESIAN_POINT('',(11.68378175265,0.1000000000002,-4.023710472665));
#11352=CARTESIAN_POINT('',(11.68378175265,0.1000000000002,-4.023710472665));
#11353=CARTESIAN_POINT('',(11.62417704214,0.1000000000002,-4.013589884296));
#11354=CARTESIAN_POINT('',(11.62417704214,0.1000000000002,-4.013589884296));
#11355=CARTESIAN_POINT('',(11.56994975619,0.1000000000002,-3.997130632663));
#11356=CARTESIAN_POINT('',(11.56994975619,0.1000000000002,-3.997130632663));
#11357=CARTESIAN_POINT('',(11.5211471685,0.1000000000002,-3.974376051696));
#11358=CARTESIAN_POINT('',(11.5211471685,0.1000000000002,-3.974376051696));
#11359=CARTESIAN_POINT('',(11.47828535462,0.1000000000002,-3.947256499597));
#11360=CARTESIAN_POINT('',(11.47828535462,0.1000000000002,-3.947256499597));
#11361=CARTESIAN_POINT('',(11.44151401507,0.1000000000002,-3.917643240672));
#11362=CARTESIAN_POINT('',(11.44151401507,0.1000000000002,-3.917643240672));
#11363=CARTESIAN_POINT('',(11.41087254538,0.1000000000002,-3.885489000934));
#11364=CARTESIAN_POINT('',(11.41087254538,0.1000000000002,-3.885489000934));
#11365=CARTESIAN_POINT('',(11.39374751732,0.1000000000002,-3.861733786115));
#11366=CARTESIAN_POINT('',(11.39374751732,0.1000000000002,-3.861733786115));
#11367=CARTESIAN_POINT('',(11.38069987662,0.1000000000002,-3.83698975533));
#11368=CARTESIAN_POINT('',(11.38069987662,0.1000000000002,-3.83698975533));
#11369=CARTESIAN_POINT('',(11.37159962019,0.1000000000002,-3.811335698922));
#11370=CARTESIAN_POINT('',(11.37159962019,0.1000000000002,-3.811335698922));
#11371=CARTESIAN_POINT('',(11.36578491103,0.1000000000002,-3.7800560294));
#11372=CARTESIAN_POINT('',(11.36578491103,0.1000000000002,-3.7800560294));
#11373=CARTESIAN_POINT('',(11.36229450943,0.1000000000002,-3.738695166639));
#11374=CARTESIAN_POINT('',(11.36229450943,0.1000000000002,-3.738695166639));
#11375=CARTESIAN_POINT('',(11.36113235548,0.1000000000002,-3.687130986092));
#11376=CARTESIAN_POINT('',(11.36113235548,0.1000000000002,-3.687130986092));
#11377=CARTESIAN_POINT('',(11.36113235548,0.1000000000002,-3.608947570408));
#11378=CARTESIAN_POINT('',(11.36113235548,0.1000000000002,-3.608947570408));
#11379=CARTESIAN_POINT('',(11.86630295737,0.1000000000002,-3.770589398875));
#11380=CARTESIAN_POINT('',(11.86630295737,0.1000000000002,-3.770589398875));
#11381=CARTESIAN_POINT('',(11.86630295737,0.1000000000002,-3.859925553137));
#11382=CARTESIAN_POINT('',(11.86630295737,0.1000000000002,-3.859925553137));
#11383=CARTESIAN_POINT('',(11.86526686776,0.1000000000002,-3.900577305208));
#11384=CARTESIAN_POINT('Origin',(0.,0.1000000000002,0.));
#11385=CARTESIAN_POINT('Origin',(0.,0.1000000000002,0.));
#11386=CARTESIAN_POINT('Origin',(0.,0.1000000000002,0.));
#11387=CARTESIAN_POINT('Origin',(0.,0.1000000000002,0.));
#11388=CARTESIAN_POINT('',(11.86840271351,0.1000000000002,-7.185013514134));
#11389=CARTESIAN_POINT('',(11.87399681067,0.1000000000002,-7.13937828852));
#11390=CARTESIAN_POINT('',(11.86840271351,0.1000000000002,-7.185013514134));
#11391=CARTESIAN_POINT('',(11.85160072495,0.1000000000002,-7.223541872885));
#11392=CARTESIAN_POINT('',(11.85160072495,0.1000000000002,-7.223541872885));
#11393=CARTESIAN_POINT('',(11.82355932866,0.1000000000002,-7.25505003361));
#11394=CARTESIAN_POINT('',(11.82355932866,0.1000000000002,-7.25505003361));
#11395=CARTESIAN_POINT('',(11.78580705235,0.1000000000002,-7.277182172395));
#11396=CARTESIAN_POINT('',(11.78580705235,0.1000000000002,-7.277182172395));
#11397=CARTESIAN_POINT('',(11.73956514288,0.1000000000002,-7.287866110031));
#11398=CARTESIAN_POINT('',(11.73956514288,0.1000000000002,-7.287866110031));
#11399=CARTESIAN_POINT('',(11.68483753968,0.1000000000002,-7.287062451009));
#11400=CARTESIAN_POINT('',(11.68483753968,0.1000000000002,-7.287062451009));
#11401=CARTESIAN_POINT('',(11.63150058193,0.1000000000002,-7.276949741808));
#11402=CARTESIAN_POINT('',(11.63150058193,0.1000000000002,-7.276949741808));
#11403=CARTESIAN_POINT('',(11.5772299614,0.1000000000002,-7.258390733701));
#11404=CARTESIAN_POINT('',(11.5772299614,0.1000000000002,-7.258390733701));
#11405=CARTESIAN_POINT('',(11.52202961785,0.1000000000002,-7.231428761612));
#11406=CARTESIAN_POINT('',(11.52202961785,0.1000000000002,-7.231428761612));
#11407=CARTESIAN_POINT('',(11.47094999624,0.1000000000002,-7.198447226008));
#11408=CARTESIAN_POINT('',(11.47094999624,0.1000000000002,-7.198447226008));
#11409=CARTESIAN_POINT('',(11.42937246057,0.1000000000002,-7.162140748328));
#11410=CARTESIAN_POINT('',(11.42937246057,0.1000000000002,-7.162140748328));
#11411=CARTESIAN_POINT('',(11.39725367658,0.1000000000002,-7.122426598452));
#11412=CARTESIAN_POINT('',(11.39725367658,0.1000000000002,-7.122426598452));
#11413=CARTESIAN_POINT('',(11.37440454761,0.1000000000002,-7.080979066886));
#11414=CARTESIAN_POINT('',(11.37440454761,0.1000000000002,-7.080979066886));
#11415=CARTESIAN_POINT('',(11.36066355455,0.1000000000002,-7.039496079194));
#11416=CARTESIAN_POINT('',(11.36066355455,0.1000000000002,-7.039496079194));
#11417=CARTESIAN_POINT('',(11.35607403101,0.1000000000002,-6.997973697049));
#11418=CARTESIAN_POINT('',(11.35607403101,0.1000000000002,-6.997973697049));
#11419=CARTESIAN_POINT('',(11.36188480109,0.1000000000002,-6.950798124792));
#11420=CARTESIAN_POINT('',(11.36188480109,0.1000000000002,-6.950798124792));
#11421=CARTESIAN_POINT('',(11.37928953408,0.1000000000002,-6.911505502189));
#11422=CARTESIAN_POINT('',(11.37928953408,0.1000000000002,-6.911505502189));
#11423=CARTESIAN_POINT('',(11.40825277456,0.1000000000002,-6.880052494302));
#11424=CARTESIAN_POINT('',(11.40825277456,0.1000000000002,-6.880052494302));
#11425=CARTESIAN_POINT('',(11.44576868053,0.1000000000002,-6.858054298684));
#11426=CARTESIAN_POINT('',(11.44576868053,0.1000000000002,-6.858054298684));
#11427=CARTESIAN_POINT('',(11.4888707834441,0.1000000000002,-6.84714975162731));
#11428=CARTESIAN_POINT('',(11.48875401787,0.1000000000002,-6.847179295281));
#11429=CARTESIAN_POINT('',(11.5374137348779,0.0999999428229605,-6.84729858107756));
#11430=CARTESIAN_POINT('',(11.5374131790447,0.1000000000002,-6.84732650929138));
#11431=CARTESIAN_POINT('',(11.61916993141,0.1000000000002,-6.864318111693));
#11432=CARTESIAN_POINT('',(11.61916993141,0.1000000000002,-6.864318111693));
#11433=CARTESIAN_POINT('',(11.696167556,0.1000000000002,-6.896535383438));
#11434=CARTESIAN_POINT('',(11.696167556,0.1000000000002,-6.896535383438));
#11435=CARTESIAN_POINT('',(11.7685914157,0.1000000000002,-6.943892172511));
#11436=CARTESIAN_POINT('',(11.7685914157,0.1000000000002,-6.943892172511));
#11437=CARTESIAN_POINT('',(11.82717185452,0.1000000000002,-7.002358365917));
#11438=CARTESIAN_POINT('',(11.82717185452,0.1000000000002,-7.002358365917));
#11439=CARTESIAN_POINT('',(11.86229648084,0.1000000000002,-7.067521717828));
#11440=CARTESIAN_POINT('',(11.86229648084,0.1000000000002,-7.067521717828));
#11441=CARTESIAN_POINT('',(11.87399681067,0.1000000000002,-7.13937828852));
#11442=CARTESIAN_POINT('Origin',(0.,0.1000000000002,0.));
#11443=CARTESIAN_POINT('Origin',(0.,0.1000000000002,0.));
#11444=CARTESIAN_POINT('',(11.28458381615,0.1000000000002,-2.1621941727));
#11445=CARTESIAN_POINT('',(11.98862125866,0.1000000000002,-2.868043398415));
#11446=CARTESIAN_POINT('',(11.28458381615,0.1000000000002,-2.1621941727));
#11447=CARTESIAN_POINT('',(11.98862125866,0.1000000000002,-1.456344946989));
#11448=CARTESIAN_POINT('',(11.98862125866,0.1000000000002,-1.456344946989));
#11449=CARTESIAN_POINT('',(11.98862125866,0.1000000000002,-2.868043398415));
#11450=CARTESIAN_POINT('Origin',(11.42999999994,2.75,3.10000000024));
#11451=CARTESIAN_POINT('',(11.62999999994,2.85,3.40000000024));
#11452=CARTESIAN_POINT('',(11.62999999994,2.85,3.40000000024));
#11453=CARTESIAN_POINT('',(11.22999999994,2.85,3.40000000024));
#11454=CARTESIAN_POINT('',(11.22999999994,2.85,3.40000000024));
#11455=CARTESIAN_POINT('',(11.02999999994,2.65,2.800000000241));
#11456=CARTESIAN_POINT('Origin',(11.12999999994,3.05,3.10000000024));
#11457=CARTESIAN_POINT('',(11.22999999994,3.25,3.40000000024));
#11458=CARTESIAN_POINT('',(11.22999999994,3.25,3.40000000024));
#11459=CARTESIAN_POINT('',(11.22999999994,3.25,3.40000000024));
#11460=CARTESIAN_POINT('Origin',(11.42999999994,3.35,3.10000000024));
#11461=CARTESIAN_POINT('',(11.62999999994,3.25,3.40000000024));
#11462=CARTESIAN_POINT('',(11.62999999994,3.25,3.40000000024));
#11463=CARTESIAN_POINT('',(11.82999999994,3.45,2.800000000241));
#11464=CARTESIAN_POINT('Origin',(11.72999999994,3.05,3.10000000024));
#11465=CARTESIAN_POINT('',(11.62999999994,3.25,3.40000000024));
#11466=CARTESIAN_POINT('Origin',(11.0299999999,6.34977676908,-0.8000000002003));
#11467=CARTESIAN_POINT('Origin',(11.43,3.05,-2.4000000006));
#11468=CARTESIAN_POINT('',(12.37999999992,3.05,-3.50000000024));
#11469=CARTESIAN_POINT('',(12.37999999992,3.05,-2.4000000006));
#11470=CARTESIAN_POINT('Origin',(11.43,3.05,-3.50000000024));
#11471=CARTESIAN_POINT('Origin',(11.86526686776,0.05000000000018,-3.9005773052));
#11472=CARTESIAN_POINT('',(11.86217041684,0.05000000000018,-3.931774244994));
#11473=CARTESIAN_POINT('',(11.86526686776,0.05000000000018,-3.900577305208));
#11474=CARTESIAN_POINT('',(11.86217041684,0.05000000000018,-3.931774244994));
#11475=CARTESIAN_POINT('',(11.86217041684,0.1000000000002,-3.931774244994));
#11476=CARTESIAN_POINT('',(11.86526686776,0.1000000000002,-3.900577305208));
#11477=CARTESIAN_POINT('Origin',(11.86217041684,0.05000000000018,-3.931774244993));
#11478=CARTESIAN_POINT('',(11.85706087895,0.05000000000018,-3.953480917431));
#11479=CARTESIAN_POINT('',(11.86217041684,0.05000000000018,-3.931774244994));
#11480=CARTESIAN_POINT('',(11.85706087895,0.1000000000002,-3.953480917431));
#11481=CARTESIAN_POINT('Origin',(11.85706087894,0.05000000000018,-3.953480917438));
#11482=CARTESIAN_POINT('',(11.84519508994,0.05000000000018,-3.976085796909));
#11483=CARTESIAN_POINT('',(11.85706087895,0.05000000000018,-3.953480917431));
#11484=CARTESIAN_POINT('',(11.84519508994,0.1000000000002,-3.976085796909));
#11485=CARTESIAN_POINT('Origin',(11.84519508994,0.05000000000018,-3.976085796908));
#11486=CARTESIAN_POINT('',(11.82739640627,0.05000000000018,-3.99530270228));
#11487=CARTESIAN_POINT('',(11.84519508994,0.05000000000018,-3.976085796909));
#11488=CARTESIAN_POINT('',(11.82739640627,0.1000000000002,-3.99530270228));
#11489=CARTESIAN_POINT('Origin',(11.82739640627,0.05000000000018,-3.995302702281));
#11490=CARTESIAN_POINT('',(11.80366088885,0.05000000000018,-4.011226181231));
#11491=CARTESIAN_POINT('',(11.82739640627,0.05000000000018,-3.99530270228));
#11492=CARTESIAN_POINT('',(11.80366088885,0.1000000000002,-4.011226181231));
#11493=CARTESIAN_POINT('Origin',(11.80366088885,0.05000000000018,-4.011226181231));
#11494=CARTESIAN_POINT('',(11.77254667848,0.05000000000018,-4.022142549788));
#11495=CARTESIAN_POINT('',(11.80366088885,0.05000000000018,-4.011226181231));
#11496=CARTESIAN_POINT('',(11.77254667848,0.1000000000002,-4.022142549788));
#11497=CARTESIAN_POINT('Origin',(11.77254667848,0.05000000000018,-4.022142549788));
#11498=CARTESIAN_POINT('',(11.73258827977,0.05000000000018,-4.026290848319));
#11499=CARTESIAN_POINT('',(11.77254667848,0.05000000000018,-4.022142549788));
#11500=CARTESIAN_POINT('',(11.73258827977,0.1000000000002,-4.026290848319));
#11501=CARTESIAN_POINT('Origin',(11.73258827977,0.05000000000018,-4.026290848319));
#11502=CARTESIAN_POINT('',(11.68378175265,0.05000000000018,-4.023710472665));
#11503=CARTESIAN_POINT('',(11.68378175265,0.05000000000018,-4.023710472665));
#11504=CARTESIAN_POINT('',(11.68378175265,0.1000000000002,-4.023710472665));
#11505=CARTESIAN_POINT('Origin',(11.68378175265,0.05000000000018,-4.023710472665));
#11506=CARTESIAN_POINT('',(11.62417704214,0.05000000000018,-4.013589884296));
#11507=CARTESIAN_POINT('',(11.68378175265,0.05000000000018,-4.023710472665));
#11508=CARTESIAN_POINT('',(11.62417704214,0.1000000000002,-4.013589884296));
#11509=CARTESIAN_POINT('Origin',(11.62417704214,0.05000000000018,-4.013589884295));
#11510=CARTESIAN_POINT('',(11.56994975619,0.05000000000018,-3.997130632663));
#11511=CARTESIAN_POINT('',(11.62417704214,0.05000000000018,-4.013589884296));
#11512=CARTESIAN_POINT('',(11.56994975619,0.1000000000002,-3.997130632663));
#11513=CARTESIAN_POINT('Origin',(11.56994975619,0.05000000000018,-3.997130632666));
#11514=CARTESIAN_POINT('',(11.5211471685,0.05000000000018,-3.974376051696));
#11515=CARTESIAN_POINT('',(11.56994975619,0.05000000000018,-3.997130632663));
#11516=CARTESIAN_POINT('',(11.5211471685,0.1000000000002,-3.974376051696));
#11517=CARTESIAN_POINT('Origin',(11.52114716849,0.05000000000018,-3.974376051691));
#11518=CARTESIAN_POINT('',(11.47828535462,0.05000000000018,-3.947256499597));
#11519=CARTESIAN_POINT('',(11.5211471685,0.05000000000018,-3.974376051696));
#11520=CARTESIAN_POINT('',(11.47828535462,0.1000000000002,-3.947256499597));
#11521=CARTESIAN_POINT('Origin',(11.47828535462,0.05000000000018,-3.947256499595));
#11522=CARTESIAN_POINT('',(11.44151401507,0.05000000000018,-3.917643240672));
#11523=CARTESIAN_POINT('',(11.47828535462,0.05000000000018,-3.947256499597));
#11524=CARTESIAN_POINT('',(11.44151401507,0.1000000000002,-3.917643240672));
#11525=CARTESIAN_POINT('Origin',(11.44151401508,0.05000000000018,-3.917643240679));
#11526=CARTESIAN_POINT('',(11.41087254538,0.05000000000018,-3.885489000934));
#11527=CARTESIAN_POINT('',(11.44151401507,0.05000000000018,-3.917643240672));
#11528=CARTESIAN_POINT('',(11.41087254538,0.1000000000002,-3.885489000934));
#11529=CARTESIAN_POINT('Origin',(11.41087254538,0.05000000000018,-3.88548900094));
#11530=CARTESIAN_POINT('',(11.39374751732,0.05000000000018,-3.861733786115));
#11531=CARTESIAN_POINT('',(11.41087254538,0.05000000000018,-3.885489000934));
#11532=CARTESIAN_POINT('',(11.39374751732,0.1000000000002,-3.861733786115));
#11533=CARTESIAN_POINT('Origin',(11.39374751732,0.05000000000018,-3.861733786106));
#11534=CARTESIAN_POINT('',(11.38069987662,0.05000000000018,-3.83698975533));
#11535=CARTESIAN_POINT('',(11.39374751732,0.05000000000018,-3.861733786115));
#11536=CARTESIAN_POINT('',(11.38069987662,0.1000000000002,-3.83698975533));
#11537=CARTESIAN_POINT('Origin',(11.38069987662,0.05000000000018,-3.836989755326));
#11538=CARTESIAN_POINT('',(11.37159962019,0.05000000000018,-3.811335698922));
#11539=CARTESIAN_POINT('',(11.38069987662,0.05000000000018,-3.83698975533));
#11540=CARTESIAN_POINT('',(11.37159962019,0.1000000000002,-3.811335698922));
#11541=CARTESIAN_POINT('Origin',(11.37159962019,0.05000000000018,-3.811335698937));
#11542=CARTESIAN_POINT('',(11.36578491103,0.05000000000018,-3.7800560294));
#11543=CARTESIAN_POINT('',(11.37159962019,0.05000000000018,-3.811335698922));
#11544=CARTESIAN_POINT('',(11.36578491103,0.1000000000002,-3.7800560294));
#11545=CARTESIAN_POINT('Origin',(11.36578491103,0.05000000000018,-3.78005602939));
#11546=CARTESIAN_POINT('',(11.36229450943,0.05000000000018,-3.738695166639));
#11547=CARTESIAN_POINT('',(11.36229450943,0.05000000000018,-3.738695166639));
#11548=CARTESIAN_POINT('',(11.36229450943,0.1000000000002,-3.738695166639));
#11549=CARTESIAN_POINT('Origin',(11.36229450943,0.05000000000018,-3.738695166643));
#11550=CARTESIAN_POINT('',(11.36113235548,0.05000000000018,-3.687130986092));
#11551=CARTESIAN_POINT('',(11.36113235548,0.05000000000018,-3.687130986092));
#11552=CARTESIAN_POINT('',(11.36113235548,0.1000000000002,-3.687130986092));
#11553=CARTESIAN_POINT('Origin',(11.36113235548,0.05000000000018,-3.687130986107));
#11554=CARTESIAN_POINT('',(11.36113235548,0.05000000000018,-3.608947570408));
#11555=CARTESIAN_POINT('',(11.36113235548,0.05000000000018,-3.608947570408));
#11556=CARTESIAN_POINT('',(11.36113235548,0.1000000000002,-3.608947570408));
#11557=CARTESIAN_POINT('Origin',(11.36113235548,0.05000000000018,-3.608947570408));
#11558=CARTESIAN_POINT('',(11.86630295737,0.05000000000018,-3.770589398875));
#11559=CARTESIAN_POINT('',(11.36113235548,0.05000000000018,-3.608947570408));
#11560=CARTESIAN_POINT('',(11.86630295737,0.1000000000002,-3.770589398875));
#11561=CARTESIAN_POINT('Origin',(11.86630295737,0.05000000000018,-3.770589398874));
#11562=CARTESIAN_POINT('',(11.86630295737,0.05000000000018,-3.859925553137));
#11563=CARTESIAN_POINT('',(11.86630295737,0.05000000000018,-3.859925553137));
#11564=CARTESIAN_POINT('',(11.86630295737,0.1000000000002,-3.859925553137));
#11565=CARTESIAN_POINT('Origin',(11.86630295737,0.05000000000018,-3.859925553137));
#11566=CARTESIAN_POINT('',(11.86526686776,0.05000000000018,-3.900577305208));
#11567=CARTESIAN_POINT('Origin',(11.87399681067,0.05000000000018,-7.139378288519));
#11568=CARTESIAN_POINT('',(11.87399681067,0.05000000000018,-7.13937828852));
#11569=CARTESIAN_POINT('',(11.86840271351,0.05000000000018,-7.185013514134));
#11570=CARTESIAN_POINT('',(11.87399681067,0.05000000000018,-7.13937828852));
#11571=CARTESIAN_POINT('',(11.86840271351,0.1000000000002,-7.185013514134));
#11572=CARTESIAN_POINT('',(11.87399681067,0.1000000000002,-7.13937828852));
#11573=CARTESIAN_POINT('Origin',(11.86840271351,0.05000000000018,-7.185013514136));
#11574=CARTESIAN_POINT('',(11.85160072495,0.05000000000018,-7.223541872885));
#11575=CARTESIAN_POINT('',(11.86840271351,0.05000000000018,-7.185013514134));
#11576=CARTESIAN_POINT('',(11.85160072495,0.1000000000002,-7.223541872885));
#11577=CARTESIAN_POINT('Origin',(11.85160072495,0.05000000000018,-7.223541872888));
#11578=CARTESIAN_POINT('',(11.82355932866,0.05000000000018,-7.25505003361));
#11579=CARTESIAN_POINT('',(11.85160072495,0.05000000000018,-7.223541872885));
#11580=CARTESIAN_POINT('',(11.82355932866,0.1000000000002,-7.25505003361));
#11581=CARTESIAN_POINT('Origin',(11.82355932867,0.05000000000018,-7.255050033608));
#11582=CARTESIAN_POINT('',(11.78580705235,0.05000000000018,-7.277182172395));
#11583=CARTESIAN_POINT('',(11.82355932866,0.05000000000018,-7.25505003361));
#11584=CARTESIAN_POINT('',(11.78580705235,0.1000000000002,-7.277182172395));
#11585=CARTESIAN_POINT('Origin',(11.78580705235,0.05000000000018,-7.277182172395));
#11586=CARTESIAN_POINT('',(11.73956514288,0.05000000000018,-7.287866110031));
#11587=CARTESIAN_POINT('',(11.78580705235,0.05000000000018,-7.277182172395));
#11588=CARTESIAN_POINT('',(11.73956514288,0.1000000000002,-7.287866110031));
#11589=CARTESIAN_POINT('Origin',(11.73956514288,0.05000000000018,-7.287866110031));
#11590=CARTESIAN_POINT('',(11.68483753968,0.05000000000018,-7.287062451009));
#11591=CARTESIAN_POINT('',(11.68483753968,0.05000000000018,-7.287062451009));
#11592=CARTESIAN_POINT('',(11.68483753968,0.1000000000002,-7.287062451009));
#11593=CARTESIAN_POINT('Origin',(11.68483753968,0.05000000000018,-7.287062451009));
#11594=CARTESIAN_POINT('',(11.63150058193,0.05000000000018,-7.276949741808));
#11595=CARTESIAN_POINT('',(11.68483753968,0.05000000000018,-7.287062451009));
#11596=CARTESIAN_POINT('',(11.63150058193,0.1000000000002,-7.276949741808));
#11597=CARTESIAN_POINT('Origin',(11.63150058193,0.05000000000018,-7.276949741808));
#11598=CARTESIAN_POINT('',(11.5772299614,0.05000000000018,-7.258390733701));
#11599=CARTESIAN_POINT('',(11.63150058193,0.05000000000018,-7.276949741808));
#11600=CARTESIAN_POINT('',(11.5772299614,0.1000000000002,-7.258390733701));
#11601=CARTESIAN_POINT('Origin',(11.5772299614,0.05000000000018,-7.258390733702));
#11602=CARTESIAN_POINT('',(11.52202961785,0.05000000000018,-7.231428761612));
#11603=CARTESIAN_POINT('',(11.5772299614,0.05000000000018,-7.258390733701));
#11604=CARTESIAN_POINT('',(11.52202961785,0.1000000000002,-7.231428761612));
#11605=CARTESIAN_POINT('Origin',(11.52202961785,0.05000000000018,-7.231428761609));
#11606=CARTESIAN_POINT('',(11.47094999624,0.05000000000018,-7.198447226008));
#11607=CARTESIAN_POINT('',(11.52202961785,0.05000000000018,-7.231428761612));
#11608=CARTESIAN_POINT('',(11.47094999624,0.1000000000002,-7.198447226008));
#11609=CARTESIAN_POINT('Origin',(11.47094999624,0.05000000000018,-7.198447226014));
#11610=CARTESIAN_POINT('',(11.42937246057,0.05000000000018,-7.162140748328));
#11611=CARTESIAN_POINT('',(11.47094999624,0.05000000000018,-7.198447226008));
#11612=CARTESIAN_POINT('',(11.42937246057,0.1000000000002,-7.162140748328));
#11613=CARTESIAN_POINT('Origin',(11.42937246057,0.05000000000018,-7.162140748326));
#11614=CARTESIAN_POINT('',(11.39725367658,0.05000000000018,-7.122426598452));
#11615=CARTESIAN_POINT('',(11.42937246057,0.05000000000018,-7.162140748328));
#11616=CARTESIAN_POINT('',(11.39725367658,0.1000000000002,-7.122426598452));
#11617=CARTESIAN_POINT('Origin',(11.39725367658,0.05000000000018,-7.122426598457));
#11618=CARTESIAN_POINT('',(11.37440454761,0.05000000000018,-7.080979066886));
#11619=CARTESIAN_POINT('',(11.39725367658,0.05000000000018,-7.122426598452));
#11620=CARTESIAN_POINT('',(11.37440454761,0.1000000000002,-7.080979066886));
#11621=CARTESIAN_POINT('Origin',(11.37440454761,0.05000000000018,-7.080979066874));
#11622=CARTESIAN_POINT('',(11.36066355455,0.05000000000018,-7.039496079194));
#11623=CARTESIAN_POINT('',(11.37440454761,0.05000000000018,-7.080979066886));
#11624=CARTESIAN_POINT('',(11.36066355455,0.1000000000002,-7.039496079194));
#11625=CARTESIAN_POINT('Origin',(11.36066355455,0.05000000000018,-7.039496079207));
#11626=CARTESIAN_POINT('',(11.35607403101,0.05000000000018,-6.997973697049));
#11627=CARTESIAN_POINT('',(11.36066355455,0.05000000000018,-7.039496079194));
#11628=CARTESIAN_POINT('',(11.35607403101,0.1000000000002,-6.997973697049));
#11629=CARTESIAN_POINT('Origin',(11.35607403101,0.05000000000018,-6.997973697039));
#11630=CARTESIAN_POINT('',(11.36188480109,0.05000000000018,-6.950798124792));
#11631=CARTESIAN_POINT('',(11.35607403101,0.05000000000018,-6.997973697049));
#11632=CARTESIAN_POINT('',(11.36188480109,0.1000000000002,-6.950798124792));
#11633=CARTESIAN_POINT('Origin',(11.36188480109,0.05000000000018,-6.950798124794));
#11634=CARTESIAN_POINT('',(11.37928953408,0.05000000000018,-6.911505502189));
#11635=CARTESIAN_POINT('',(11.36188480109,0.05000000000018,-6.950798124792));
#11636=CARTESIAN_POINT('',(11.37928953408,0.1000000000002,-6.911505502189));
#11637=CARTESIAN_POINT('Origin',(11.37928953408,0.05000000000018,-6.911505502189));
#11638=CARTESIAN_POINT('',(11.40825277456,0.05000000000018,-6.880052494302));
#11639=CARTESIAN_POINT('',(11.37928953408,0.05000000000018,-6.911505502189));
#11640=CARTESIAN_POINT('',(11.40825277456,0.1000000000002,-6.880052494302));
#11641=CARTESIAN_POINT('Origin',(11.40825277456,0.05000000000018,-6.880052494302));
#11642=CARTESIAN_POINT('',(11.44576868053,0.05000000000018,-6.858054298684));
#11643=CARTESIAN_POINT('',(11.40825277456,0.05000000000018,-6.880052494302));
#11644=CARTESIAN_POINT('',(11.44576868053,0.1000000000002,-6.858054298684));
#11645=CARTESIAN_POINT('Origin',(11.44576868053,0.05000000000018,-6.858054298684));
#11646=CARTESIAN_POINT('',(11.4888708045,0.05000000000018,-6.847149749044));
#11647=CARTESIAN_POINT('',(11.44576868053,0.05000000000018,-6.858054298684));
#11648=CARTESIAN_POINT('',(11.4888708044911,0.05000000000018,-6.84714974904497));
#11649=CARTESIAN_POINT('Origin',(11.4888708045,0.05000000000018,-6.847149749045));
#11650=CARTESIAN_POINT('',(11.5375552067,0.05000000000018,-6.847327026465));
#11651=CARTESIAN_POINT('',(11.5375552067,0.05000000000018,-6.847327026465));
#11652=CARTESIAN_POINT('',(11.53741328475,0.1000000000002,-6.847297480228));
#11653=CARTESIAN_POINT('Origin',(11.5375552067,0.05000000000018,-6.847327026465));
#11654=CARTESIAN_POINT('',(11.61916993141,0.05000000000018,-6.864318111693));
#11655=CARTESIAN_POINT('',(11.5375552067,0.05000000000018,-6.847327026465));
#11656=CARTESIAN_POINT('',(11.61916993141,0.1000000000002,-6.864318111693));
#11657=CARTESIAN_POINT('Origin',(11.61916993141,0.05000000000018,-6.864318111694));
#11658=CARTESIAN_POINT('',(11.696167556,0.05000000000018,-6.896535383438));
#11659=CARTESIAN_POINT('',(11.61916993141,0.05000000000018,-6.864318111693));
#11660=CARTESIAN_POINT('',(11.696167556,0.1000000000002,-6.896535383438));
#11661=CARTESIAN_POINT('Origin',(11.696167556,0.05000000000018,-6.896535383434));
#11662=CARTESIAN_POINT('',(11.7685914157,0.05000000000018,-6.943892172511));
#11663=CARTESIAN_POINT('',(11.696167556,0.05000000000018,-6.896535383438));
#11664=CARTESIAN_POINT('',(11.7685914157,0.1000000000002,-6.943892172511));
#11665=CARTESIAN_POINT('Origin',(11.7685914157,0.05000000000018,-6.943892172517));
#11666=CARTESIAN_POINT('',(11.82717185452,0.05000000000018,-7.002358365917));
#11667=CARTESIAN_POINT('',(11.7685914157,0.05000000000018,-6.943892172511));
#11668=CARTESIAN_POINT('',(11.82717185452,0.1000000000002,-7.002358365917));
#11669=CARTESIAN_POINT('Origin',(11.82717185452,0.05000000000018,-7.002358365912));
#11670=CARTESIAN_POINT('',(11.86229648084,0.05000000000018,-7.067521717828));
#11671=CARTESIAN_POINT('',(11.82717185452,0.05000000000018,-7.002358365917));
#11672=CARTESIAN_POINT('',(11.86229648084,0.1000000000002,-7.067521717828));
#11673=CARTESIAN_POINT('Origin',(11.86229648084,0.05000000000018,-7.06752171783));
#11674=CARTESIAN_POINT('',(11.86229648084,0.05000000000018,-7.067521717828));
#11675=CARTESIAN_POINT('Origin',(11.98862125866,0.05000000000018,-2.868043398415));
#11676=CARTESIAN_POINT('',(11.98862125866,0.05000000000018,-2.868043398415));
#11677=CARTESIAN_POINT('',(11.28458381615,0.05000000000018,-2.1621941727));
#11678=CARTESIAN_POINT('',(11.98862125866,0.05000000000018,-2.868043398415));
#11679=CARTESIAN_POINT('',(11.28458381615,0.1000000000002,-2.1621941727));
#11680=CARTESIAN_POINT('',(11.98862125866,0.1000000000002,-2.868043398415));
#11681=CARTESIAN_POINT('Origin',(11.28458381615,0.05000000000018,-2.162194172701));
#11682=CARTESIAN_POINT('',(11.98862125866,0.05000000000018,-1.456344946989));
#11683=CARTESIAN_POINT('',(11.28458381615,0.05000000000018,-2.1621941727));
#11684=CARTESIAN_POINT('',(11.98862125866,0.1000000000002,-1.456344946989));
#11685=CARTESIAN_POINT('Origin',(11.98862125866,0.05000000000018,-1.45634494699));
#11686=CARTESIAN_POINT('',(11.98862125866,0.05000000000018,-2.868043398415));
#11687=CARTESIAN_POINT('Origin',(11.42999999994,3.05,3.40000000024));
#11688=CARTESIAN_POINT('Origin',(22.86,0.,-3.50000000024));
#11689=CARTESIAN_POINT('',(11.82999999994,3.45,-3.50000000024));
#11690=CARTESIAN_POINT('',(11.02999999994,3.45,-3.50000000024));
#11691=CARTESIAN_POINT('',(11.82999999994,3.45,-3.50000000024));
#11692=CARTESIAN_POINT('',(11.02999999994,2.65,-3.50000000024));
#11693=CARTESIAN_POINT('',(11.02999999994,3.45,-3.50000000024));
#11694=CARTESIAN_POINT('',(11.82999999994,2.65,-3.50000000024));
#11695=CARTESIAN_POINT('',(11.02999999994,2.65,-3.50000000024));
#11696=CARTESIAN_POINT('',(11.82999999994,2.65,-3.50000000024));
#11697=CARTESIAN_POINT('Origin',(13.72999999994,0.05000000000018,0.));
#11698=CARTESIAN_POINT('Origin',(13.72999999994,0.05000000000018,0.));
#11699=CARTESIAN_POINT('Origin',(13.72999999994,0.05000000000018,0.));
#11700=CARTESIAN_POINT('Origin',(11.42999999994,3.45,-3.54999999976));
#11701=CARTESIAN_POINT('',(11.82999999994,3.45,-6.999999999763));
#11702=CARTESIAN_POINT('',(11.02999999994,3.45,-6.999999999763));
#11703=CARTESIAN_POINT('',(11.82999999994,3.45,-6.999999999763));
#11704=CARTESIAN_POINT('',(11.02999999994,3.45,-3.50000000024));
#11705=CARTESIAN_POINT('',(11.82999999994,3.45,-3.50000000024));
#11706=CARTESIAN_POINT('Origin',(11.02999999994,3.05,-3.54999999976));
#11707=CARTESIAN_POINT('',(11.02999999994,2.65,-6.99999999976));
#11708=CARTESIAN_POINT('',(11.02999999994,3.45,-6.999999999763));
#11709=CARTESIAN_POINT('',(11.02999999994,2.65,-3.50000000024));
#11710=CARTESIAN_POINT('Origin',(11.42999999994,2.65,-3.54999999976));
#11711=CARTESIAN_POINT('',(11.82999999994,2.65,-6.99999999976));
#11712=CARTESIAN_POINT('',(11.02999999994,2.65,-6.99999999976));
#11713=CARTESIAN_POINT('',(11.82999999994,2.65,-3.50000000024));
#11714=CARTESIAN_POINT('Origin',(11.82999999994,3.05,-3.54999999976));
#11715=CARTESIAN_POINT('',(11.82999999994,2.65,-6.99999999976));
#11716=CARTESIAN_POINT('Origin',(11.42999999994,3.350000000001,-7.29999999976));
#11717=CARTESIAN_POINT('',(11.62999999994,3.250000000001,-7.59999999976));
#11718=CARTESIAN_POINT('',(11.62999999994,3.250000000001,-7.59999999976));
#11719=CARTESIAN_POINT('',(11.22999999994,3.250000000001,-7.59999999976));
#11720=CARTESIAN_POINT('',(11.22999999994,3.250000000001,-7.59999999976));
#11721=CARTESIAN_POINT('',(11.02999999994,3.45,-6.999999999763));
#11722=CARTESIAN_POINT('Origin',(11.12999999994,3.050000000001,-7.29999999976));
#11723=CARTESIAN_POINT('',(11.22999999994,2.850000000001,-7.59999999976));
#11724=CARTESIAN_POINT('',(11.22999999994,2.850000000001,-7.59999999976));
#11725=CARTESIAN_POINT('',(11.22999999994,2.850000000001,-7.59999999976));
#11726=CARTESIAN_POINT('Origin',(11.42999999994,2.750000000001,-7.29999999976));
#11727=CARTESIAN_POINT('',(11.62999999994,2.850000000001,-7.59999999976));
#11728=CARTESIAN_POINT('',(11.62999999994,2.850000000001,-7.59999999976));
#11729=CARTESIAN_POINT('',(11.82999999994,2.65,-6.99999999976));
#11730=CARTESIAN_POINT('Origin',(11.72999999994,3.050000000001,-7.29999999976));
#11731=CARTESIAN_POINT('',(11.62999999994,3.250000000001,-7.59999999976));
#11732=CARTESIAN_POINT('Origin',(11.42999999994,3.050000000001,-7.59999999976));
#11733=UNCERTAINTY_MEASURE_WITH_UNIT(LENGTH_MEASURE(0.01),#11737,
'DISTANCE_ACCURACY_VALUE',
'Maximum model space distance between geometric entities at asserted c
onnectivities');
#11734=UNCERTAINTY_MEASURE_WITH_UNIT(LENGTH_MEASURE(0.01),#11737,
'DISTANCE_ACCURACY_VALUE',
'Maximum model space distance between geometric entities at asserted c
onnectivities');
#11735=(
GEOMETRIC_REPRESENTATION_CONTEXT(3)
GLOBAL_UNCERTAINTY_ASSIGNED_CONTEXT((#11733))
GLOBAL_UNIT_ASSIGNED_CONTEXT((#11737,#11739,#11740))
REPRESENTATION_CONTEXT('','3D')
);
#11736=(
GEOMETRIC_REPRESENTATION_CONTEXT(3)
GLOBAL_UNCERTAINTY_ASSIGNED_CONTEXT((#11734))
GLOBAL_UNIT_ASSIGNED_CONTEXT((#11737,#11739,#11740))
REPRESENTATION_CONTEXT('','3D')
);
#11737=(
LENGTH_UNIT()
NAMED_UNIT(*)
SI_UNIT(.MILLI.,.METRE.)
);
#11738=(
LENGTH_UNIT()
NAMED_UNIT(*)
SI_UNIT(.CENTI.,.METRE.)
);
#11739=(
NAMED_UNIT(*)
PLANE_ANGLE_UNIT()
SI_UNIT($,.RADIAN.)
);
#11740=(
NAMED_UNIT(*)
SI_UNIT($,.STERADIAN.)
SOLID_ANGLE_UNIT()
);
#11741=SHAPE_DEFINITION_REPRESENTATION(#11742,#11743);
#11742=PRODUCT_DEFINITION_SHAPE('',$,#11745);
#11743=SHAPE_REPRESENTATION('',(#7576),#11735);
#11744=PRODUCT_DEFINITION_CONTEXT('part definition',#11749,'design');
#11745=PRODUCT_DEFINITION('15EDGVC-3_81-03P-1Y-00A_H_',
'15EDGVC-3.81-03P-14-00A&Z(H)',#11746,#11744);
#11746=PRODUCT_DEFINITION_FORMATION('1LAST_VERSION',$,#11751);
#11747=PRODUCT_RELATED_PRODUCT_CATEGORY('15EDGVC-3.81-03P-14-00A&Z(H)',
'15EDGVC-3.81-03P-14-00A&Z(H)',(#11751));
#11748=APPLICATION_PROTOCOL_DEFINITION('international standard',
'automotive_design',2009,#11749);
#11749=APPLICATION_CONTEXT(
'Core Data for Automotive Mechanical Design Process');
#11750=PRODUCT_CONTEXT('part definition',#11749,'mechanical');
#11751=PRODUCT('15EDGVC-3_81-03P-1Y-00A_H_',
'15EDGVC-3.81-03P-14-00A&Z(H)',$,(#11750));
#11752=PRESENTATION_STYLE_ASSIGNMENT((#11755));
#11753=PRESENTATION_STYLE_ASSIGNMENT((#11756));
#11754=PRESENTATION_STYLE_ASSIGNMENT((#11757));
#11755=SURFACE_STYLE_USAGE(.BOTH.,#11764);
#11756=SURFACE_STYLE_USAGE(.BOTH.,#11765);
#11757=SURFACE_STYLE_USAGE(.BOTH.,#11766);
#11758=SURFACE_STYLE_RENDERING_WITH_PROPERTIES($,#11776,(#11761));
#11759=SURFACE_STYLE_RENDERING_WITH_PROPERTIES($,#11777,(#11762));
#11760=SURFACE_STYLE_RENDERING_WITH_PROPERTIES($,#11778,(#11763));
#11761=SURFACE_STYLE_TRANSPARENT(0.);
#11762=SURFACE_STYLE_TRANSPARENT(0.);
#11763=SURFACE_STYLE_TRANSPARENT(0.);
#11764=SURFACE_SIDE_STYLE('',(#11767,#11758));
#11765=SURFACE_SIDE_STYLE('',(#11768,#11759));
#11766=SURFACE_SIDE_STYLE('',(#11769,#11760));
#11767=SURFACE_STYLE_FILL_AREA(#11770);
#11768=SURFACE_STYLE_FILL_AREA(#11771);
#11769=SURFACE_STYLE_FILL_AREA(#11772);
#11770=FILL_AREA_STYLE('',(#11773));
#11771=FILL_AREA_STYLE('',(#11774));
#11772=FILL_AREA_STYLE('',(#11775));
#11773=FILL_AREA_STYLE_COLOUR('',#11776);
#11774=FILL_AREA_STYLE_COLOUR('',#11777);
#11775=FILL_AREA_STYLE_COLOUR('',#11778);
#11776=COLOUR_RGB('',0.749019607843137,0.749019607843137,0.749019607843137);
#11777=COLOUR_RGB('',0.388235294117647,0.592156862745098,0.0823529411764706);
#11778=COLOUR_RGB('',0.8,0.8,0.8);
ENDSEC;
END-ISO-10303-21;
