ISO-10303-21;
HEADER;
/* Generated by software containing ST-Developer
 * from STEP Tools, Inc. (www.steptools.com) 
 */

FILE_DESCRIPTION(
/* description */ (''),
/* implementation_level */ '2;1');

FILE_NAME(
/* name */ 'RJ45 PLUG METZ AJP92A8813.stp',
/* time_stamp */ '2026-09-02T15:33:20+03:00',
/* author */ ('murashkindv'),
/* organization */ (''),
/* preprocessor_version */ 'ST-DEVELOPER v19.2',
/* originating_system */ 'Autodesk Inventor 2024',
/* authorisation */ '');

FILE_SCHEMA (('AUTOMOTIVE_DESIGN { 1 0 10303 214 3 1 1 }'));
ENDSEC;

DATA;
#10=MECHANICAL_DESIGN_GEOMETRIC_PRESENTATION_REPRESENTATION('',(#13,#14,
#15,#16,#17,#18,#19,#20,#21,#22,#23,#24,#25,#26,#27,#28,#29,#30,#31,#32,
#33,#34,#35,#36,#37,#38,#39,#40,#41,#42,#43,#44,#45,#46,#47,#48,#49,#50,
#51,#52,#53,#54,#55,#56,#57,#58,#59,#60,#61,#62,#63,#64,#65,#66,#67,#68,
#69,#70,#71,#72,#73,#74,#75,#76,#77),#5458);
#11=SHAPE_REPRESENTATION_RELATIONSHIP('SRR','None',#5465,#12);
#12=ADVANCED_BREP_SHAPE_REPRESENTATION('',(#78,#79,#80,#81,#82,#83,#84,
#85,#86,#87,#88,#89,#90,#91,#92,#93,#94),#5457);
#13=STYLED_ITEM('',(#5474),#78);
#14=STYLED_ITEM('',(#5475),#79);
#15=STYLED_ITEM('',(#5475),#80);
#16=STYLED_ITEM('',(#5475),#81);
#17=STYLED_ITEM('',(#5475),#82);
#18=STYLED_ITEM('',(#5475),#83);
#19=STYLED_ITEM('',(#5475),#84);
#20=STYLED_ITEM('',(#5475),#85);
#21=STYLED_ITEM('',(#5475),#86);
#22=STYLED_ITEM('',(#5476),#3168);
#23=STYLED_ITEM('',(#5476),#3169);
#24=STYLED_ITEM('',(#5476),#3170);
#25=STYLED_ITEM('',(#5476),#3171);
#26=STYLED_ITEM('',(#5476),#3172);
#27=STYLED_ITEM('',(#5476),#3173);
#28=STYLED_ITEM('',(#5476),#3175);
#29=STYLED_ITEM('',(#5476),#3176);
#30=STYLED_ITEM('',(#5476),#3177);
#31=STYLED_ITEM('',(#5476),#3178);
#32=STYLED_ITEM('',(#5476),#3179);
#33=STYLED_ITEM('',(#5476),#3180);
#34=STYLED_ITEM('',(#5476),#3182);
#35=STYLED_ITEM('',(#5476),#3183);
#36=STYLED_ITEM('',(#5476),#3184);
#37=STYLED_ITEM('',(#5476),#3185);
#38=STYLED_ITEM('',(#5476),#3186);
#39=STYLED_ITEM('',(#5476),#3187);
#40=STYLED_ITEM('',(#5476),#3189);
#41=STYLED_ITEM('',(#5476),#3190);
#42=STYLED_ITEM('',(#5476),#3191);
#43=STYLED_ITEM('',(#5476),#3192);
#44=STYLED_ITEM('',(#5476),#3193);
#45=STYLED_ITEM('',(#5476),#3194);
#46=STYLED_ITEM('',(#5476),#3196);
#47=STYLED_ITEM('',(#5476),#3197);
#48=STYLED_ITEM('',(#5476),#3198);
#49=STYLED_ITEM('',(#5476),#3199);
#50=STYLED_ITEM('',(#5476),#3200);
#51=STYLED_ITEM('',(#5476),#3201);
#52=STYLED_ITEM('',(#5476),#3203);
#53=STYLED_ITEM('',(#5476),#3204);
#54=STYLED_ITEM('',(#5476),#3205);
#55=STYLED_ITEM('',(#5476),#3206);
#56=STYLED_ITEM('',(#5476),#3207);
#57=STYLED_ITEM('',(#5476),#3208);
#58=STYLED_ITEM('',(#5476),#3210);
#59=STYLED_ITEM('',(#5476),#3211);
#60=STYLED_ITEM('',(#5476),#3212);
#61=STYLED_ITEM('',(#5476),#3213);
#62=STYLED_ITEM('',(#5476),#3214);
#63=STYLED_ITEM('',(#5476),#3215);
#64=STYLED_ITEM('',(#5476),#3217);
#65=STYLED_ITEM('',(#5476),#3218);
#66=STYLED_ITEM('',(#5476),#3219);
#67=STYLED_ITEM('',(#5476),#3220);
#68=STYLED_ITEM('',(#5476),#3221);
#69=STYLED_ITEM('',(#5476),#3222);
#70=STYLED_ITEM('',(#5476),#87);
#71=STYLED_ITEM('',(#5476),#88);
#72=STYLED_ITEM('',(#5476),#89);
#73=STYLED_ITEM('',(#5476),#90);
#74=STYLED_ITEM('',(#5476),#91);
#75=STYLED_ITEM('',(#5476),#92);
#76=STYLED_ITEM('',(#5476),#93);
#77=STYLED_ITEM('',(#5476),#94);
#78=MANIFOLD_SOLID_BREP('Solid2',#3223);
#79=MANIFOLD_SOLID_BREP('Solid3',#3224);
#80=MANIFOLD_SOLID_BREP('Solid3',#3225);
#81=MANIFOLD_SOLID_BREP('Solid3',#3226);
#82=MANIFOLD_SOLID_BREP('Solid3',#3227);
#83=MANIFOLD_SOLID_BREP('Solid3',#3228);
#84=MANIFOLD_SOLID_BREP('Solid3',#3229);
#85=MANIFOLD_SOLID_BREP('Solid3',#3230);
#86=MANIFOLD_SOLID_BREP('Solid3',#3231);
#87=MANIFOLD_SOLID_BREP('Solid4',#3232);
#88=MANIFOLD_SOLID_BREP('Solid4',#3233);
#89=MANIFOLD_SOLID_BREP('Solid4',#3234);
#90=MANIFOLD_SOLID_BREP('Solid4',#3235);
#91=MANIFOLD_SOLID_BREP('Solid4',#3236);
#92=MANIFOLD_SOLID_BREP('Solid4',#3237);
#93=MANIFOLD_SOLID_BREP('Solid4',#3238);
#94=MANIFOLD_SOLID_BREP('Solid4',#3239);
#95=CONICAL_SURFACE('',#3400,1.,0.152649328395265);
#96=CONICAL_SURFACE('',#3404,1.,0.152649328395265);
#97=CONICAL_SURFACE('',#3407,1.,0.152649328395265);
#98=CONICAL_SURFACE('',#3410,1.,0.152649328395265);
#99=CONICAL_SURFACE('',#3430,0.2,0.785398163397448);
#100=CONICAL_SURFACE('',#3438,0.2,0.785398163397448);
#101=CONICAL_SURFACE('',#3446,0.2,0.785398163397448);
#102=CONICAL_SURFACE('',#3454,0.2,0.785398163397448);
#103=CONICAL_SURFACE('',#3462,0.2,0.785398163397448);
#104=CONICAL_SURFACE('',#3470,0.2,0.785398163397448);
#105=CONICAL_SURFACE('',#3478,0.2,0.785398163397448);
#106=CONICAL_SURFACE('',#3486,0.2,0.785398163397448);
#107=(
BOUNDED_CURVE()
B_SPLINE_CURVE(2,(#4997,#4998,#4999),.UNSPECIFIED.,.F.,.F.)
B_SPLINE_CURVE_WITH_KNOTS((3,3),(0.,0.150798920131104),.UNSPECIFIED.)
CURVE()
GEOMETRIC_REPRESENTATION_ITEM()
RATIONAL_B_SPLINE_CURVE((1.,1.01195019514463,1.01311220734035))
REPRESENTATION_ITEM('')
);
#108=(
BOUNDED_CURVE()
B_SPLINE_CURVE(2,(#5003,#5004,#5005),.UNSPECIFIED.,.F.,.F.)
B_SPLINE_CURVE_WITH_KNOTS((3,3),(0.1832844990496,0.334083419181821),
 .UNSPECIFIED.)
CURVE()
GEOMETRIC_REPRESENTATION_ITEM()
RATIONAL_B_SPLINE_CURVE((1.0131122073438,1.01195019514785,1.))
REPRESENTATION_ITEM('')
);
#109=(
BOUNDED_CURVE()
B_SPLINE_CURVE(2,(#5017,#5018,#5019),.UNSPECIFIED.,.F.,.F.)
B_SPLINE_CURVE_WITH_KNOTS((3,3),(0.,0.15079892013105),.UNSPECIFIED.)
CURVE()
GEOMETRIC_REPRESENTATION_ITEM()
RATIONAL_B_SPLINE_CURVE((1.,1.01195019514477,1.0131122073405))
REPRESENTATION_ITEM('')
);
#110=(
BOUNDED_CURVE()
B_SPLINE_CURVE(2,(#5023,#5024,#5025),.UNSPECIFIED.,.F.,.F.)
B_SPLINE_CURVE_WITH_KNOTS((3,3),(0.183284499050772,0.334083419181821),
 .UNSPECIFIED.)
CURVE()
GEOMETRIC_REPRESENTATION_ITEM()
RATIONAL_B_SPLINE_CURVE((1.01311220734021,1.0119501951445,1.))
REPRESENTATION_ITEM('')
);
#111=(
BOUNDED_CURVE()
B_SPLINE_CURVE(2,(#5033,#5034,#5035),.UNSPECIFIED.,.F.,.F.)
B_SPLINE_CURVE_WITH_KNOTS((3,3),(0.183284499050717,0.334083419181821),
 .UNSPECIFIED.)
CURVE()
GEOMETRIC_REPRESENTATION_ITEM()
RATIONAL_B_SPLINE_CURVE((1.01311220734045,1.01195019514472,1.))
REPRESENTATION_ITEM('')
);
#112=(
BOUNDED_CURVE()
B_SPLINE_CURVE(2,(#5038,#5039,#5040),.UNSPECIFIED.,.F.,.F.)
B_SPLINE_CURVE_WITH_KNOTS((3,3),(0.,0.150798920131103),.UNSPECIFIED.)
CURVE()
GEOMETRIC_REPRESENTATION_ITEM()
RATIONAL_B_SPLINE_CURVE((1.,1.01195019514457,1.01311220734027))
REPRESENTATION_ITEM('')
);
#113=(
BOUNDED_CURVE()
B_SPLINE_CURVE(2,(#5045,#5046,#5047),.UNSPECIFIED.,.F.,.F.)
B_SPLINE_CURVE_WITH_KNOTS((3,3),(0.183284499049925,0.334083419181821),
 .UNSPECIFIED.)
CURVE()
GEOMETRIC_REPRESENTATION_ITEM()
RATIONAL_B_SPLINE_CURVE((1.01311220734269,1.01195019514682,1.))
REPRESENTATION_ITEM('')
);
#114=(
BOUNDED_CURVE()
B_SPLINE_CURVE(2,(#5050,#5051,#5052),.UNSPECIFIED.,.F.,.F.)
B_SPLINE_CURVE_WITH_KNOTS((3,3),(0.,0.150798920131959),.UNSPECIFIED.)
CURVE()
GEOMETRIC_REPRESENTATION_ITEM()
RATIONAL_B_SPLINE_CURVE((1.,1.01195019514738,1.0131122073433))
REPRESENTATION_ITEM('')
);
#115=FACE_BOUND('',#489,.T.);
#116=FACE_BOUND('',#490,.T.);
#117=FACE_BOUND('',#491,.T.);
#118=FACE_BOUND('',#492,.T.);
#119=SPHERICAL_SURFACE('',#3334,0.2);
#120=ELLIPSE('',#3299,0.282842712474619,0.2);
#121=ELLIPSE('',#3301,0.282842712474619,0.2);
#122=ELLIPSE('',#3314,0.282842712474619,0.2);
#123=ELLIPSE('',#3320,0.282842712474619,0.2);
#124=ELLIPSE('',#3332,0.282842712474619,0.2);
#125=ELLIPSE('',#3333,0.282842712474617,0.2);
#126=ELLIPSE('',#3342,0.282842712474619,0.2);
#127=(
BOUNDED_SURFACE()
B_SPLINE_SURFACE(2,2,((#4662,#4663,#4664),(#4665,#4666,#4667),(#4668,#4669,
#4670)),.UNSPECIFIED.,.F.,.F.,.F.)
B_SPLINE_SURFACE_WITH_KNOTS((3,3),(3,3),(0.,1.5707963267949),(0.,1.5707963267949),
 .UNSPECIFIED.)
GEOMETRIC_REPRESENTATION_ITEM()
RATIONAL_B_SPLINE_SURFACE(((1.,0.707106781186548,1.),(0.707106781186553,
0.500000000000004,0.707106781186553),(1.,0.707106781186548,1.)))
REPRESENTATION_ITEM('')
SURFACE()
);
#128=(
BOUNDED_SURFACE()
B_SPLINE_SURFACE(2,2,((#4693,#4694,#4695),(#4696,#4697,#4698),(#4699,#4700,
#4701)),.UNSPECIFIED.,.F.,.F.,.F.)
B_SPLINE_SURFACE_WITH_KNOTS((3,3),(3,3),(-1.5707963267949,0.),(0.,1.5707963267949),
 .UNSPECIFIED.)
GEOMETRIC_REPRESENTATION_ITEM()
RATIONAL_B_SPLINE_SURFACE(((1.,0.707106781186548,1.),(0.707106781186543,
0.499999999999997,0.707106781186543),(1.,0.707106781186548,1.)))
REPRESENTATION_ITEM('')
SURFACE()
);
#129=(
BOUNDED_SURFACE()
B_SPLINE_SURFACE(2,2,((#4728,#4729,#4730),(#4731,#4732,#4733),(#4734,#4735,
#4736)),.UNSPECIFIED.,.F.,.F.,.F.)
B_SPLINE_SURFACE_WITH_KNOTS((3,3),(3,3),(0.,1.5707963267949),(-1.5707963267949,
0.),.UNSPECIFIED.)
GEOMETRIC_REPRESENTATION_ITEM()
RATIONAL_B_SPLINE_SURFACE(((1.,0.707106781186548,1.),(0.707106781186553,
0.500000000000004,0.707106781186553),(1.,0.707106781186548,1.)))
REPRESENTATION_ITEM('')
SURFACE()
);
#130=(
BOUNDED_SURFACE()
B_SPLINE_SURFACE(2,2,((#4756,#4757,#4758),(#4759,#4760,#4761),(#4762,#4763,
#4764)),.UNSPECIFIED.,.F.,.F.,.F.)
B_SPLINE_SURFACE_WITH_KNOTS((3,3),(3,3),(-1.5707963267949,0.),(-1.5707963267949,
0.),.UNSPECIFIED.)
GEOMETRIC_REPRESENTATION_ITEM()
RATIONAL_B_SPLINE_SURFACE(((1.,0.707106781186548,1.),(0.707106781186553,
0.500000000000004,0.707106781186553),(1.,0.707106781186548,1.)))
REPRESENTATION_ITEM('')
SURFACE()
);
#131=PLANE('',#3265);
#132=PLANE('',#3266);
#133=PLANE('',#3272);
#134=PLANE('',#3276);
#135=PLANE('',#3280);
#136=PLANE('',#3284);
#137=PLANE('',#3288);
#138=PLANE('',#3292);
#139=PLANE('',#3309);
#140=PLANE('',#3310);
#141=PLANE('',#3311);
#142=PLANE('',#3328);
#143=PLANE('',#3329);
#144=PLANE('',#3330);
#145=PLANE('',#3344);
#146=PLANE('',#3345);
#147=PLANE('',#3354);
#148=PLANE('',#3355);
#149=PLANE('',#3356);
#150=PLANE('',#3357);
#151=PLANE('',#3358);
#152=PLANE('',#3359);
#153=PLANE('',#3360);
#154=PLANE('',#3361);
#155=PLANE('',#3362);
#156=PLANE('',#3363);
#157=PLANE('',#3364);
#158=PLANE('',#3365);
#159=PLANE('',#3366);
#160=PLANE('',#3367);
#161=PLANE('',#3368);
#162=PLANE('',#3369);
#163=PLANE('',#3370);
#164=PLANE('',#3371);
#165=PLANE('',#3372);
#166=PLANE('',#3373);
#167=PLANE('',#3374);
#168=PLANE('',#3375);
#169=PLANE('',#3376);
#170=PLANE('',#3377);
#171=PLANE('',#3378);
#172=PLANE('',#3381);
#173=PLANE('',#3386);
#174=PLANE('',#3389);
#175=PLANE('',#3396);
#176=PLANE('',#3399);
#177=PLANE('',#3403);
#178=PLANE('',#3406);
#179=PLANE('',#3409);
#180=PLANE('',#3413);
#181=PLANE('',#3415);
#182=PLANE('',#3416);
#183=PLANE('',#3418);
#184=PLANE('',#3419);
#185=PLANE('',#3420);
#186=PLANE('',#3422);
#187=PLANE('',#3424);
#188=PLANE('',#3427);
#189=PLANE('',#3428);
#190=PLANE('',#3429);
#191=PLANE('',#3436);
#192=PLANE('',#3437);
#193=PLANE('',#3444);
#194=PLANE('',#3445);
#195=PLANE('',#3452);
#196=PLANE('',#3453);
#197=PLANE('',#3460);
#198=PLANE('',#3461);
#199=PLANE('',#3468);
#200=PLANE('',#3469);
#201=PLANE('',#3476);
#202=PLANE('',#3477);
#203=PLANE('',#3484);
#204=PLANE('',#3485);
#205=PLANE('',#3492);
#206=PLANE('',#3493);
#207=PLANE('',#3497);
#208=PLANE('',#3498);
#209=PLANE('',#3499);
#210=PLANE('',#3500);
#211=PLANE('',#3501);
#212=PLANE('',#3502);
#213=PLANE('',#3506);
#214=PLANE('',#3507);
#215=PLANE('',#3508);
#216=PLANE('',#3509);
#217=PLANE('',#3510);
#218=PLANE('',#3511);
#219=PLANE('',#3515);
#220=PLANE('',#3516);
#221=PLANE('',#3517);
#222=PLANE('',#3518);
#223=PLANE('',#3519);
#224=PLANE('',#3520);
#225=PLANE('',#3524);
#226=PLANE('',#3525);
#227=PLANE('',#3526);
#228=PLANE('',#3527);
#229=PLANE('',#3528);
#230=PLANE('',#3529);
#231=PLANE('',#3533);
#232=PLANE('',#3534);
#233=PLANE('',#3535);
#234=PLANE('',#3536);
#235=PLANE('',#3537);
#236=PLANE('',#3538);
#237=PLANE('',#3542);
#238=PLANE('',#3543);
#239=PLANE('',#3544);
#240=PLANE('',#3545);
#241=PLANE('',#3546);
#242=PLANE('',#3547);
#243=PLANE('',#3551);
#244=PLANE('',#3552);
#245=PLANE('',#3553);
#246=PLANE('',#3554);
#247=PLANE('',#3555);
#248=PLANE('',#3556);
#249=PLANE('',#3560);
#250=PLANE('',#3561);
#251=PLANE('',#3562);
#252=PLANE('',#3563);
#253=PLANE('',#3564);
#254=PLANE('',#3565);
#255=FACE_OUTER_BOUND('',#446,.T.);
#256=FACE_OUTER_BOUND('',#447,.T.);
#257=FACE_OUTER_BOUND('',#448,.T.);
#258=FACE_OUTER_BOUND('',#449,.T.);
#259=FACE_OUTER_BOUND('',#450,.T.);
#260=FACE_OUTER_BOUND('',#451,.T.);
#261=FACE_OUTER_BOUND('',#452,.T.);
#262=FACE_OUTER_BOUND('',#453,.T.);
#263=FACE_OUTER_BOUND('',#454,.T.);
#264=FACE_OUTER_BOUND('',#455,.T.);
#265=FACE_OUTER_BOUND('',#456,.T.);
#266=FACE_OUTER_BOUND('',#457,.T.);
#267=FACE_OUTER_BOUND('',#458,.T.);
#268=FACE_OUTER_BOUND('',#459,.T.);
#269=FACE_OUTER_BOUND('',#460,.T.);
#270=FACE_OUTER_BOUND('',#461,.T.);
#271=FACE_OUTER_BOUND('',#462,.T.);
#272=FACE_OUTER_BOUND('',#463,.T.);
#273=FACE_OUTER_BOUND('',#464,.T.);
#274=FACE_OUTER_BOUND('',#465,.T.);
#275=FACE_OUTER_BOUND('',#466,.T.);
#276=FACE_OUTER_BOUND('',#467,.T.);
#277=FACE_OUTER_BOUND('',#468,.T.);
#278=FACE_OUTER_BOUND('',#469,.T.);
#279=FACE_OUTER_BOUND('',#470,.T.);
#280=FACE_OUTER_BOUND('',#471,.T.);
#281=FACE_OUTER_BOUND('',#472,.T.);
#282=FACE_OUTER_BOUND('',#473,.T.);
#283=FACE_OUTER_BOUND('',#474,.T.);
#284=FACE_OUTER_BOUND('',#475,.T.);
#285=FACE_OUTER_BOUND('',#476,.T.);
#286=FACE_OUTER_BOUND('',#477,.T.);
#287=FACE_OUTER_BOUND('',#478,.T.);
#288=FACE_OUTER_BOUND('',#479,.T.);
#289=FACE_OUTER_BOUND('',#480,.T.);
#290=FACE_OUTER_BOUND('',#481,.T.);
#291=FACE_OUTER_BOUND('',#482,.T.);
#292=FACE_OUTER_BOUND('',#483,.T.);
#293=FACE_OUTER_BOUND('',#484,.T.);
#294=FACE_OUTER_BOUND('',#485,.T.);
#295=FACE_OUTER_BOUND('',#486,.T.);
#296=FACE_OUTER_BOUND('',#487,.T.);
#297=FACE_OUTER_BOUND('',#488,.T.);
#298=FACE_OUTER_BOUND('',#493,.T.);
#299=FACE_OUTER_BOUND('',#494,.T.);
#300=FACE_OUTER_BOUND('',#495,.T.);
#301=FACE_OUTER_BOUND('',#496,.T.);
#302=FACE_OUTER_BOUND('',#497,.T.);
#303=FACE_OUTER_BOUND('',#498,.T.);
#304=FACE_OUTER_BOUND('',#499,.T.);
#305=FACE_OUTER_BOUND('',#500,.T.);
#306=FACE_OUTER_BOUND('',#501,.T.);
#307=FACE_OUTER_BOUND('',#502,.T.);
#308=FACE_OUTER_BOUND('',#503,.T.);
#309=FACE_OUTER_BOUND('',#504,.T.);
#310=FACE_OUTER_BOUND('',#505,.T.);
#311=FACE_OUTER_BOUND('',#506,.T.);
#312=FACE_OUTER_BOUND('',#507,.T.);
#313=FACE_OUTER_BOUND('',#508,.T.);
#314=FACE_OUTER_BOUND('',#509,.T.);
#315=FACE_OUTER_BOUND('',#510,.T.);
#316=FACE_OUTER_BOUND('',#511,.T.);
#317=FACE_OUTER_BOUND('',#512,.T.);
#318=FACE_OUTER_BOUND('',#513,.T.);
#319=FACE_OUTER_BOUND('',#514,.T.);
#320=FACE_OUTER_BOUND('',#515,.T.);
#321=FACE_OUTER_BOUND('',#516,.T.);
#322=FACE_OUTER_BOUND('',#517,.T.);
#323=FACE_OUTER_BOUND('',#518,.T.);
#324=FACE_OUTER_BOUND('',#519,.T.);
#325=FACE_OUTER_BOUND('',#520,.T.);
#326=FACE_OUTER_BOUND('',#521,.T.);
#327=FACE_OUTER_BOUND('',#522,.T.);
#328=FACE_OUTER_BOUND('',#523,.T.);
#329=FACE_OUTER_BOUND('',#524,.T.);
#330=FACE_OUTER_BOUND('',#525,.T.);
#331=FACE_OUTER_BOUND('',#526,.T.);
#332=FACE_OUTER_BOUND('',#527,.T.);
#333=FACE_OUTER_BOUND('',#528,.T.);
#334=FACE_OUTER_BOUND('',#529,.T.);
#335=FACE_OUTER_BOUND('',#530,.T.);
#336=FACE_OUTER_BOUND('',#531,.T.);
#337=FACE_OUTER_BOUND('',#532,.T.);
#338=FACE_OUTER_BOUND('',#533,.T.);
#339=FACE_OUTER_BOUND('',#534,.T.);
#340=FACE_OUTER_BOUND('',#535,.T.);
#341=FACE_OUTER_BOUND('',#536,.T.);
#342=FACE_OUTER_BOUND('',#537,.T.);
#343=FACE_OUTER_BOUND('',#538,.T.);
#344=FACE_OUTER_BOUND('',#539,.T.);
#345=FACE_OUTER_BOUND('',#540,.T.);
#346=FACE_OUTER_BOUND('',#541,.T.);
#347=FACE_OUTER_BOUND('',#542,.T.);
#348=FACE_OUTER_BOUND('',#543,.T.);
#349=FACE_OUTER_BOUND('',#544,.T.);
#350=FACE_OUTER_BOUND('',#545,.T.);
#351=FACE_OUTER_BOUND('',#546,.T.);
#352=FACE_OUTER_BOUND('',#547,.T.);
#353=FACE_OUTER_BOUND('',#548,.T.);
#354=FACE_OUTER_BOUND('',#549,.T.);
#355=FACE_OUTER_BOUND('',#550,.T.);
#356=FACE_OUTER_BOUND('',#551,.T.);
#357=FACE_OUTER_BOUND('',#552,.T.);
#358=FACE_OUTER_BOUND('',#553,.T.);
#359=FACE_OUTER_BOUND('',#554,.T.);
#360=FACE_OUTER_BOUND('',#555,.T.);
#361=FACE_OUTER_BOUND('',#556,.T.);
#362=FACE_OUTER_BOUND('',#557,.T.);
#363=FACE_OUTER_BOUND('',#558,.T.);
#364=FACE_OUTER_BOUND('',#559,.T.);
#365=FACE_OUTER_BOUND('',#560,.T.);
#366=FACE_OUTER_BOUND('',#561,.T.);
#367=FACE_OUTER_BOUND('',#562,.T.);
#368=FACE_OUTER_BOUND('',#563,.T.);
#369=FACE_OUTER_BOUND('',#564,.T.);
#370=FACE_OUTER_BOUND('',#565,.T.);
#371=FACE_OUTER_BOUND('',#566,.T.);
#372=FACE_OUTER_BOUND('',#567,.T.);
#373=FACE_OUTER_BOUND('',#568,.T.);
#374=FACE_OUTER_BOUND('',#569,.T.);
#375=FACE_OUTER_BOUND('',#570,.T.);
#376=FACE_OUTER_BOUND('',#571,.T.);
#377=FACE_OUTER_BOUND('',#572,.T.);
#378=FACE_OUTER_BOUND('',#573,.T.);
#379=FACE_OUTER_BOUND('',#574,.T.);
#380=FACE_OUTER_BOUND('',#575,.T.);
#381=FACE_OUTER_BOUND('',#576,.T.);
#382=FACE_OUTER_BOUND('',#577,.T.);
#383=FACE_OUTER_BOUND('',#578,.T.);
#384=FACE_OUTER_BOUND('',#579,.T.);
#385=FACE_OUTER_BOUND('',#580,.T.);
#386=FACE_OUTER_BOUND('',#581,.T.);
#387=FACE_OUTER_BOUND('',#582,.T.);
#388=FACE_OUTER_BOUND('',#583,.T.);
#389=FACE_OUTER_BOUND('',#584,.T.);
#390=FACE_OUTER_BOUND('',#585,.T.);
#391=FACE_OUTER_BOUND('',#586,.T.);
#392=FACE_OUTER_BOUND('',#587,.T.);
#393=FACE_OUTER_BOUND('',#588,.T.);
#394=FACE_OUTER_BOUND('',#589,.T.);
#395=FACE_OUTER_BOUND('',#590,.T.);
#396=FACE_OUTER_BOUND('',#591,.T.);
#397=FACE_OUTER_BOUND('',#592,.T.);
#398=FACE_OUTER_BOUND('',#593,.T.);
#399=FACE_OUTER_BOUND('',#594,.T.);
#400=FACE_OUTER_BOUND('',#595,.T.);
#401=FACE_OUTER_BOUND('',#596,.T.);
#402=FACE_OUTER_BOUND('',#597,.T.);
#403=FACE_OUTER_BOUND('',#598,.T.);
#404=FACE_OUTER_BOUND('',#599,.T.);
#405=FACE_OUTER_BOUND('',#600,.T.);
#406=FACE_OUTER_BOUND('',#601,.T.);
#407=FACE_OUTER_BOUND('',#602,.T.);
#408=FACE_OUTER_BOUND('',#603,.T.);
#409=FACE_OUTER_BOUND('',#604,.T.);
#410=FACE_OUTER_BOUND('',#605,.T.);
#411=FACE_OUTER_BOUND('',#606,.T.);
#412=FACE_OUTER_BOUND('',#607,.T.);
#413=FACE_OUTER_BOUND('',#608,.T.);
#414=FACE_OUTER_BOUND('',#609,.T.);
#415=FACE_OUTER_BOUND('',#610,.T.);
#416=FACE_OUTER_BOUND('',#611,.T.);
#417=FACE_OUTER_BOUND('',#612,.T.);
#418=FACE_OUTER_BOUND('',#613,.T.);
#419=FACE_OUTER_BOUND('',#614,.T.);
#420=FACE_OUTER_BOUND('',#615,.T.);
#421=FACE_OUTER_BOUND('',#616,.T.);
#422=FACE_OUTER_BOUND('',#617,.T.);
#423=FACE_OUTER_BOUND('',#618,.T.);
#424=FACE_OUTER_BOUND('',#619,.T.);
#425=FACE_OUTER_BOUND('',#620,.T.);
#426=FACE_OUTER_BOUND('',#621,.T.);
#427=FACE_OUTER_BOUND('',#622,.T.);
#428=FACE_OUTER_BOUND('',#623,.T.);
#429=FACE_OUTER_BOUND('',#624,.T.);
#430=FACE_OUTER_BOUND('',#625,.T.);
#431=FACE_OUTER_BOUND('',#626,.T.);
#432=FACE_OUTER_BOUND('',#627,.T.);
#433=FACE_OUTER_BOUND('',#628,.T.);
#434=FACE_OUTER_BOUND('',#629,.T.);
#435=FACE_OUTER_BOUND('',#630,.T.);
#436=FACE_OUTER_BOUND('',#631,.T.);
#437=FACE_OUTER_BOUND('',#632,.T.);
#438=FACE_OUTER_BOUND('',#633,.T.);
#439=FACE_OUTER_BOUND('',#634,.T.);
#440=FACE_OUTER_BOUND('',#635,.T.);
#441=FACE_OUTER_BOUND('',#636,.T.);
#442=FACE_OUTER_BOUND('',#637,.T.);
#443=FACE_OUTER_BOUND('',#638,.T.);
#444=FACE_OUTER_BOUND('',#639,.T.);
#445=FACE_OUTER_BOUND('',#640,.T.);
#446=EDGE_LOOP('',(#2104,#2105,#2106,#2107));
#447=EDGE_LOOP('',(#2108,#2109,#2110,#2111,#2112));
#448=EDGE_LOOP('',(#2113,#2114,#2115,#2116,#2117,#2118,#2119,#2120,#2121,
#2122,#2123,#2124,#2125,#2126,#2127,#2128,#2129,#2130,#2131,#2132,#2133,
#2134,#2135,#2136,#2137,#2138,#2139,#2140,#2141,#2142,#2143,#2144,#2145,
#2146,#2147,#2148,#2149,#2150,#2151,#2152));
#449=EDGE_LOOP('',(#2153,#2154,#2155,#2156));
#450=EDGE_LOOP('',(#2157,#2158,#2159,#2160,#2161));
#451=EDGE_LOOP('',(#2162,#2163,#2164,#2165));
#452=EDGE_LOOP('',(#2166,#2167,#2168,#2169,#2170));
#453=EDGE_LOOP('',(#2171,#2172,#2173,#2174));
#454=EDGE_LOOP('',(#2175,#2176,#2177,#2178,#2179));
#455=EDGE_LOOP('',(#2180,#2181,#2182,#2183));
#456=EDGE_LOOP('',(#2184,#2185,#2186,#2187,#2188));
#457=EDGE_LOOP('',(#2189,#2190,#2191,#2192));
#458=EDGE_LOOP('',(#2193,#2194,#2195,#2196,#2197));
#459=EDGE_LOOP('',(#2198,#2199,#2200,#2201));
#460=EDGE_LOOP('',(#2202,#2203,#2204,#2205,#2206));
#461=EDGE_LOOP('',(#2207,#2208,#2209,#2210));
#462=EDGE_LOOP('',(#2211,#2212,#2213,#2214));
#463=EDGE_LOOP('',(#2215,#2216,#2217,#2218));
#464=EDGE_LOOP('',(#2219,#2220,#2221,#2222));
#465=EDGE_LOOP('',(#2223,#2224,#2225,#2226));
#466=EDGE_LOOP('',(#2227,#2228,#2229,#2230));
#467=EDGE_LOOP('',(#2231,#2232,#2233,#2234));
#468=EDGE_LOOP('',(#2235,#2236,#2237,#2238,#2239));
#469=EDGE_LOOP('',(#2240,#2241,#2242,#2243));
#470=EDGE_LOOP('',(#2244,#2245,#2246,#2247,#2248));
#471=EDGE_LOOP('',(#2249,#2250,#2251,#2252));
#472=EDGE_LOOP('',(#2253,#2254,#2255,#2256));
#473=EDGE_LOOP('',(#2257,#2258,#2259,#2260));
#474=EDGE_LOOP('',(#2261,#2262,#2263,#2264));
#475=EDGE_LOOP('',(#2265,#2266,#2267,#2268));
#476=EDGE_LOOP('',(#2269,#2270,#2271,#2272));
#477=EDGE_LOOP('',(#2273,#2274,#2275,#2276));
#478=EDGE_LOOP('',(#2277,#2278,#2279,#2280,#2281));
#479=EDGE_LOOP('',(#2282,#2283,#2284,#2285));
#480=EDGE_LOOP('',(#2286,#2287,#2288,#2289,#2290));
#481=EDGE_LOOP('',(#2291,#2292,#2293,#2294));
#482=EDGE_LOOP('',(#2295,#2296,#2297));
#483=EDGE_LOOP('',(#2298,#2299,#2300,#2301));
#484=EDGE_LOOP('',(#2302,#2303,#2304,#2305));
#485=EDGE_LOOP('',(#2306,#2307,#2308,#2309));
#486=EDGE_LOOP('',(#2310,#2311,#2312,#2313));
#487=EDGE_LOOP('',(#2314,#2315,#2316,#2317));
#488=EDGE_LOOP('',(#2318,#2319,#2320,#2321,#2322,#2323,#2324,#2325,#2326,
#2327,#2328,#2329,#2330));
#489=EDGE_LOOP('',(#2331,#2332));
#490=EDGE_LOOP('',(#2333,#2334));
#491=EDGE_LOOP('',(#2335,#2336));
#492=EDGE_LOOP('',(#2337,#2338));
#493=EDGE_LOOP('',(#2339,#2340,#2341,#2342));
#494=EDGE_LOOP('',(#2343,#2344,#2345,#2346));
#495=EDGE_LOOP('',(#2347,#2348,#2349,#2350,#2351));
#496=EDGE_LOOP('',(#2352,#2353,#2354,#2355));
#497=EDGE_LOOP('',(#2356,#2357,#2358,#2359));
#498=EDGE_LOOP('',(#2360,#2361,#2362,#2363,#2364));
#499=EDGE_LOOP('',(#2365,#2366,#2367,#2368));
#500=EDGE_LOOP('',(#2369,#2370,#2371,#2372));
#501=EDGE_LOOP('',(#2373,#2374,#2375,#2376,#2377));
#502=EDGE_LOOP('',(#2378,#2379,#2380,#2381));
#503=EDGE_LOOP('',(#2382,#2383,#2384,#2385));
#504=EDGE_LOOP('',(#2386,#2387,#2388,#2389,#2390));
#505=EDGE_LOOP('',(#2391,#2392,#2393,#2394));
#506=EDGE_LOOP('',(#2395,#2396,#2397,#2398));
#507=EDGE_LOOP('',(#2399,#2400,#2401,#2402,#2403));
#508=EDGE_LOOP('',(#2404,#2405,#2406,#2407));
#509=EDGE_LOOP('',(#2408,#2409,#2410,#2411));
#510=EDGE_LOOP('',(#2412,#2413,#2414,#2415,#2416));
#511=EDGE_LOOP('',(#2417,#2418,#2419,#2420));
#512=EDGE_LOOP('',(#2421,#2422,#2423,#2424));
#513=EDGE_LOOP('',(#2425,#2426,#2427,#2428,#2429));
#514=EDGE_LOOP('',(#2430,#2431,#2432,#2433));
#515=EDGE_LOOP('',(#2434,#2435,#2436,#2437));
#516=EDGE_LOOP('',(#2438,#2439,#2440,#2441));
#517=EDGE_LOOP('',(#2442,#2443,#2444,#2445));
#518=EDGE_LOOP('',(#2446,#2447,#2448,#2449));
#519=EDGE_LOOP('',(#2450,#2451,#2452,#2453));
#520=EDGE_LOOP('',(#2454,#2455,#2456,#2457));
#521=EDGE_LOOP('',(#2458,#2459,#2460,#2461));
#522=EDGE_LOOP('',(#2462,#2463,#2464,#2465));
#523=EDGE_LOOP('',(#2466,#2467,#2468,#2469));
#524=EDGE_LOOP('',(#2470,#2471,#2472,#2473));
#525=EDGE_LOOP('',(#2474,#2475,#2476,#2477));
#526=EDGE_LOOP('',(#2478,#2479,#2480,#2481,#2482,#2483,#2484,#2485,#2486,
#2487));
#527=EDGE_LOOP('',(#2488,#2489,#2490,#2491));
#528=EDGE_LOOP('',(#2492,#2493,#2494,#2495,#2496,#2497,#2498,#2499,#2500,
#2501));
#529=EDGE_LOOP('',(#2502,#2503,#2504,#2505));
#530=EDGE_LOOP('',(#2506,#2507));
#531=EDGE_LOOP('',(#2508,#2509,#2510,#2511));
#532=EDGE_LOOP('',(#2512,#2513));
#533=EDGE_LOOP('',(#2514,#2515,#2516,#2517));
#534=EDGE_LOOP('',(#2518,#2519));
#535=EDGE_LOOP('',(#2520,#2521,#2522,#2523));
#536=EDGE_LOOP('',(#2524,#2525));
#537=EDGE_LOOP('',(#2526,#2527,#2528,#2529));
#538=EDGE_LOOP('',(#2530,#2531,#2532,#2533,#2534,#2535,#2536,#2537,#2538,
#2539));
#539=EDGE_LOOP('',(#2540,#2541,#2542,#2543,#2544,#2545,#2546,#2547,#2548,
#2549));
#540=EDGE_LOOP('',(#2550,#2551,#2552,#2553));
#541=EDGE_LOOP('',(#2554,#2555,#2556,#2557));
#542=EDGE_LOOP('',(#2558,#2559,#2560,#2561,#2562,#2563));
#543=EDGE_LOOP('',(#2564,#2565,#2566,#2567));
#544=EDGE_LOOP('',(#2568,#2569,#2570,#2571));
#545=EDGE_LOOP('',(#2572,#2573,#2574,#2575,#2576,#2577));
#546=EDGE_LOOP('',(#2578,#2579,#2580,#2581));
#547=EDGE_LOOP('',(#2582,#2583,#2584,#2585,#2586,#2587,#2588,#2589,#2590,
#2591,#2592,#2593,#2594,#2595,#2596,#2597,#2598,#2599,#2600,#2601,#2602,
#2603,#2604,#2605,#2606,#2607,#2608,#2609,#2610,#2611,#2612,#2613,#2614,
#2615,#2616,#2617));
#548=EDGE_LOOP('',(#2618,#2619,#2620,#2621));
#549=EDGE_LOOP('',(#2622,#2623,#2624,#2625));
#550=EDGE_LOOP('',(#2626,#2627,#2628,#2629));
#551=EDGE_LOOP('',(#2630,#2631,#2632,#2633,#2634,#2635,#2636,#2637));
#552=EDGE_LOOP('',(#2638,#2639,#2640,#2641,#2642,#2643,#2644,#2645));
#553=EDGE_LOOP('',(#2646,#2647,#2648,#2649,#2650));
#554=EDGE_LOOP('',(#2651,#2652,#2653,#2654,#2655));
#555=EDGE_LOOP('',(#2656));
#556=EDGE_LOOP('',(#2657));
#557=EDGE_LOOP('',(#2658,#2659,#2660,#2661,#2662));
#558=EDGE_LOOP('',(#2663,#2664,#2665,#2666,#2667));
#559=EDGE_LOOP('',(#2668));
#560=EDGE_LOOP('',(#2669));
#561=EDGE_LOOP('',(#2670,#2671,#2672,#2673,#2674));
#562=EDGE_LOOP('',(#2675,#2676,#2677,#2678,#2679));
#563=EDGE_LOOP('',(#2680));
#564=EDGE_LOOP('',(#2681));
#565=EDGE_LOOP('',(#2682,#2683,#2684,#2685,#2686));
#566=EDGE_LOOP('',(#2687,#2688,#2689,#2690,#2691));
#567=EDGE_LOOP('',(#2692));
#568=EDGE_LOOP('',(#2693));
#569=EDGE_LOOP('',(#2694,#2695,#2696,#2697,#2698));
#570=EDGE_LOOP('',(#2699,#2700,#2701,#2702,#2703));
#571=EDGE_LOOP('',(#2704));
#572=EDGE_LOOP('',(#2705));
#573=EDGE_LOOP('',(#2706,#2707,#2708,#2709,#2710));
#574=EDGE_LOOP('',(#2711,#2712,#2713,#2714,#2715));
#575=EDGE_LOOP('',(#2716));
#576=EDGE_LOOP('',(#2717));
#577=EDGE_LOOP('',(#2718,#2719,#2720,#2721,#2722));
#578=EDGE_LOOP('',(#2723,#2724,#2725,#2726,#2727));
#579=EDGE_LOOP('',(#2728));
#580=EDGE_LOOP('',(#2729));
#581=EDGE_LOOP('',(#2730,#2731,#2732,#2733,#2734));
#582=EDGE_LOOP('',(#2735,#2736,#2737,#2738,#2739));
#583=EDGE_LOOP('',(#2740));
#584=EDGE_LOOP('',(#2741));
#585=EDGE_LOOP('',(#2742,#2743,#2744,#2745));
#586=EDGE_LOOP('',(#2746,#2747,#2748,#2749,#2750));
#587=EDGE_LOOP('',(#2751,#2752,#2753,#2754));
#588=EDGE_LOOP('',(#2755,#2756,#2757,#2758,#2759));
#589=EDGE_LOOP('',(#2760,#2761,#2762,#2763));
#590=EDGE_LOOP('',(#2764,#2765,#2766,#2767));
#591=EDGE_LOOP('',(#2768,#2769,#2770,#2771));
#592=EDGE_LOOP('',(#2772,#2773,#2774,#2775));
#593=EDGE_LOOP('',(#2776,#2777,#2778,#2779,#2780));
#594=EDGE_LOOP('',(#2781,#2782,#2783,#2784));
#595=EDGE_LOOP('',(#2785,#2786,#2787,#2788,#2789));
#596=EDGE_LOOP('',(#2790,#2791,#2792,#2793));
#597=EDGE_LOOP('',(#2794,#2795,#2796,#2797));
#598=EDGE_LOOP('',(#2798,#2799,#2800,#2801));
#599=EDGE_LOOP('',(#2802,#2803,#2804,#2805));
#600=EDGE_LOOP('',(#2806,#2807,#2808,#2809,#2810));
#601=EDGE_LOOP('',(#2811,#2812,#2813,#2814));
#602=EDGE_LOOP('',(#2815,#2816,#2817,#2818,#2819));
#603=EDGE_LOOP('',(#2820,#2821,#2822,#2823));
#604=EDGE_LOOP('',(#2824,#2825,#2826,#2827));
#605=EDGE_LOOP('',(#2828,#2829,#2830,#2831));
#606=EDGE_LOOP('',(#2832,#2833,#2834,#2835));
#607=EDGE_LOOP('',(#2836,#2837,#2838,#2839,#2840));
#608=EDGE_LOOP('',(#2841,#2842,#2843,#2844));
#609=EDGE_LOOP('',(#2845,#2846,#2847,#2848,#2849));
#610=EDGE_LOOP('',(#2850,#2851,#2852,#2853));
#611=EDGE_LOOP('',(#2854,#2855,#2856,#2857));
#612=EDGE_LOOP('',(#2858,#2859,#2860,#2861));
#613=EDGE_LOOP('',(#2862,#2863,#2864,#2865));
#614=EDGE_LOOP('',(#2866,#2867,#2868,#2869,#2870));
#615=EDGE_LOOP('',(#2871,#2872,#2873,#2874));
#616=EDGE_LOOP('',(#2875,#2876,#2877,#2878,#2879));
#617=EDGE_LOOP('',(#2880,#2881,#2882,#2883));
#618=EDGE_LOOP('',(#2884,#2885,#2886,#2887));
#619=EDGE_LOOP('',(#2888,#2889,#2890,#2891));
#620=EDGE_LOOP('',(#2892,#2893,#2894,#2895));
#621=EDGE_LOOP('',(#2896,#2897,#2898,#2899,#2900));
#622=EDGE_LOOP('',(#2901,#2902,#2903,#2904));
#623=EDGE_LOOP('',(#2905,#2906,#2907,#2908,#2909));
#624=EDGE_LOOP('',(#2910,#2911,#2912,#2913));
#625=EDGE_LOOP('',(#2914,#2915,#2916,#2917));
#626=EDGE_LOOP('',(#2918,#2919,#2920,#2921));
#627=EDGE_LOOP('',(#2922,#2923,#2924,#2925));
#628=EDGE_LOOP('',(#2926,#2927,#2928,#2929,#2930));
#629=EDGE_LOOP('',(#2931,#2932,#2933,#2934));
#630=EDGE_LOOP('',(#2935,#2936,#2937,#2938,#2939));
#631=EDGE_LOOP('',(#2940,#2941,#2942,#2943));
#632=EDGE_LOOP('',(#2944,#2945,#2946,#2947));
#633=EDGE_LOOP('',(#2948,#2949,#2950,#2951));
#634=EDGE_LOOP('',(#2952,#2953,#2954,#2955));
#635=EDGE_LOOP('',(#2956,#2957,#2958,#2959,#2960));
#636=EDGE_LOOP('',(#2961,#2962,#2963,#2964));
#637=EDGE_LOOP('',(#2965,#2966,#2967,#2968,#2969));
#638=EDGE_LOOP('',(#2970,#2971,#2972,#2973));
#639=EDGE_LOOP('',(#2974,#2975,#2976,#2977));
#640=EDGE_LOOP('',(#2978,#2979,#2980,#2981));
#641=LINE('',#4496,#955);
#642=LINE('',#4499,#956);
#643=LINE('',#4502,#957);
#644=LINE('',#4504,#958);
#645=LINE('',#4506,#959);
#646=LINE('',#4507,#960);
#647=LINE('',#4510,#961);
#648=LINE('',#4512,#962);
#649=LINE('',#4514,#963);
#650=LINE('',#4516,#964);
#651=LINE('',#4520,#965);
#652=LINE('',#4522,#966);
#653=LINE('',#4524,#967);
#654=LINE('',#4526,#968);
#655=LINE('',#4528,#969);
#656=LINE('',#4532,#970);
#657=LINE('',#4534,#971);
#658=LINE('',#4536,#972);
#659=LINE('',#4538,#973);
#660=LINE('',#4540,#974);
#661=LINE('',#4542,#975);
#662=LINE('',#4544,#976);
#663=LINE('',#4546,#977);
#664=LINE('',#4548,#978);
#665=LINE('',#4550,#979);
#666=LINE('',#4552,#980);
#667=LINE('',#4554,#981);
#668=LINE('',#4556,#982);
#669=LINE('',#4558,#983);
#670=LINE('',#4560,#984);
#671=LINE('',#4562,#985);
#672=LINE('',#4564,#986);
#673=LINE('',#4566,#987);
#674=LINE('',#4568,#988);
#675=LINE('',#4570,#989);
#676=LINE('',#4572,#990);
#677=LINE('',#4574,#991);
#678=LINE('',#4576,#992);
#679=LINE('',#4578,#993);
#680=LINE('',#4580,#994);
#681=LINE('',#4582,#995);
#682=LINE('',#4583,#996);
#683=LINE('',#4589,#997);
#684=LINE('',#4592,#998);
#685=LINE('',#4594,#999);
#686=LINE('',#4595,#1000);
#687=LINE('',#4601,#1001);
#688=LINE('',#4604,#1002);
#689=LINE('',#4606,#1003);
#690=LINE('',#4607,#1004);
#691=LINE('',#4613,#1005);
#692=LINE('',#4616,#1006);
#693=LINE('',#4618,#1007);
#694=LINE('',#4619,#1008);
#695=LINE('',#4625,#1009);
#696=LINE('',#4628,#1010);
#697=LINE('',#4630,#1011);
#698=LINE('',#4631,#1012);
#699=LINE('',#4637,#1013);
#700=LINE('',#4640,#1014);
#701=LINE('',#4642,#1015);
#702=LINE('',#4643,#1016);
#703=LINE('',#4649,#1017);
#704=LINE('',#4652,#1018);
#705=LINE('',#4654,#1019);
#706=LINE('',#4655,#1020);
#707=LINE('',#4660,#1021);
#708=LINE('',#4676,#1022);
#709=LINE('',#4680,#1023);
#710=LINE('',#4682,#1024);
#711=LINE('',#4689,#1025);
#712=LINE('',#4692,#1026);
#713=LINE('',#4708,#1027);
#714=LINE('',#4709,#1028);
#715=LINE('',#4712,#1029);
#716=LINE('',#4714,#1030);
#717=LINE('',#4715,#1031);
#718=LINE('',#4718,#1032);
#719=LINE('',#4719,#1033);
#720=LINE('',#4721,#1034);
#721=LINE('',#4725,#1035);
#722=LINE('',#4743,#1036);
#723=LINE('',#4746,#1037);
#724=LINE('',#4748,#1038);
#725=LINE('',#4752,#1039);
#726=LINE('',#4755,#1040);
#727=LINE('',#4774,#1041);
#728=LINE('',#4775,#1042);
#729=LINE('',#4778,#1043);
#730=LINE('',#4779,#1044);
#731=LINE('',#4781,#1045);
#732=LINE('',#4784,#1046);
#733=LINE('',#4786,#1047);
#734=LINE('',#4787,#1048);
#735=LINE('',#4791,#1049);
#736=LINE('',#4795,#1050);
#737=LINE('',#4808,#1051);
#738=LINE('',#4809,#1052);
#739=LINE('',#4811,#1053);
#740=LINE('',#4812,#1054);
#741=LINE('',#4815,#1055);
#742=LINE('',#4817,#1056);
#743=LINE('',#4820,#1057);
#744=LINE('',#4821,#1058);
#745=LINE('',#4824,#1059);
#746=LINE('',#4825,#1060);
#747=LINE('',#4828,#1061);
#748=LINE('',#4830,#1062);
#749=LINE('',#4834,#1063);
#750=LINE('',#4838,#1064);
#751=LINE('',#4842,#1065);
#752=LINE('',#4846,#1066);
#753=LINE('',#4847,#1067);
#754=LINE('',#4851,#1068);
#755=LINE('',#4855,#1069);
#756=LINE('',#4858,#1070);
#757=LINE('',#4862,#1071);
#758=LINE('',#4867,#1072);
#759=LINE('',#4868,#1073);
#760=LINE('',#4871,#1074);
#761=LINE('',#4872,#1075);
#762=LINE('',#4874,#1076);
#763=LINE('',#4877,#1077);
#764=LINE('',#4878,#1078);
#765=LINE('',#4881,#1079);
#766=LINE('',#4882,#1080);
#767=LINE('',#4884,#1081);
#768=LINE('',#4887,#1082);
#769=LINE('',#4888,#1083);
#770=LINE('',#4891,#1084);
#771=LINE('',#4892,#1085);
#772=LINE('',#4894,#1086);
#773=LINE('',#4897,#1087);
#774=LINE('',#4898,#1088);
#775=LINE('',#4901,#1089);
#776=LINE('',#4902,#1090);
#777=LINE('',#4904,#1091);
#778=LINE('',#4907,#1092);
#779=LINE('',#4908,#1093);
#780=LINE('',#4911,#1094);
#781=LINE('',#4912,#1095);
#782=LINE('',#4914,#1096);
#783=LINE('',#4917,#1097);
#784=LINE('',#4918,#1098);
#785=LINE('',#4921,#1099);
#786=LINE('',#4922,#1100);
#787=LINE('',#4924,#1101);
#788=LINE('',#4927,#1102);
#789=LINE('',#4928,#1103);
#790=LINE('',#4931,#1104);
#791=LINE('',#4932,#1105);
#792=LINE('',#4934,#1106);
#793=LINE('',#4936,#1107);
#794=LINE('',#4938,#1108);
#795=LINE('',#4942,#1109);
#796=LINE('',#4946,#1110);
#797=LINE('',#4951,#1111);
#798=LINE('',#4955,#1112);
#799=LINE('',#4958,#1113);
#800=LINE('',#4959,#1114);
#801=LINE('',#4961,#1115);
#802=LINE('',#4962,#1116);
#803=LINE('',#4966,#1117);
#804=LINE('',#4970,#1118);
#805=LINE('',#4975,#1119);
#806=LINE('',#4979,#1120);
#807=LINE('',#4982,#1121);
#808=LINE('',#4983,#1122);
#809=LINE('',#4985,#1123);
#810=LINE('',#4986,#1124);
#811=LINE('',#4989,#1125);
#812=LINE('',#4992,#1126);
#813=LINE('',#4995,#1127);
#814=LINE('',#5001,#1128);
#815=LINE('',#5006,#1129);
#816=LINE('',#5009,#1130);
#817=LINE('',#5012,#1131);
#818=LINE('',#5015,#1132);
#819=LINE('',#5021,#1133);
#820=LINE('',#5026,#1134);
#821=LINE('',#5042,#1135);
#822=LINE('',#5054,#1136);
#823=LINE('',#5064,#1137);
#824=LINE('',#5065,#1138);
#825=LINE('',#5067,#1139);
#826=LINE('',#5068,#1140);
#827=LINE('',#5070,#1141);
#828=LINE('',#5071,#1142);
#829=LINE('',#5073,#1143);
#830=LINE('',#5075,#1144);
#831=LINE('',#5077,#1145);
#832=LINE('',#5079,#1146);
#833=LINE('',#5082,#1147);
#834=LINE('',#5084,#1148);
#835=LINE('',#5091,#1149);
#836=LINE('',#5097,#1150);
#837=LINE('',#5105,#1151);
#838=LINE('',#5111,#1152);
#839=LINE('',#5119,#1153);
#840=LINE('',#5125,#1154);
#841=LINE('',#5133,#1155);
#842=LINE('',#5139,#1156);
#843=LINE('',#5147,#1157);
#844=LINE('',#5153,#1158);
#845=LINE('',#5161,#1159);
#846=LINE('',#5167,#1160);
#847=LINE('',#5175,#1161);
#848=LINE('',#5181,#1162);
#849=LINE('',#5189,#1163);
#850=LINE('',#5195,#1164);
#851=LINE('',#5204,#1165);
#852=LINE('',#5207,#1166);
#853=LINE('',#5210,#1167);
#854=LINE('',#5212,#1168);
#855=LINE('',#5214,#1169);
#856=LINE('',#5215,#1170);
#857=LINE('',#5218,#1171);
#858=LINE('',#5219,#1172);
#859=LINE('',#5222,#1173);
#860=LINE('',#5224,#1174);
#861=LINE('',#5225,#1175);
#862=LINE('',#5227,#1176);
#863=LINE('',#5228,#1177);
#864=LINE('',#5236,#1178);
#865=LINE('',#5239,#1179);
#866=LINE('',#5242,#1180);
#867=LINE('',#5244,#1181);
#868=LINE('',#5246,#1182);
#869=LINE('',#5247,#1183);
#870=LINE('',#5250,#1184);
#871=LINE('',#5251,#1185);
#872=LINE('',#5254,#1186);
#873=LINE('',#5256,#1187);
#874=LINE('',#5257,#1188);
#875=LINE('',#5259,#1189);
#876=LINE('',#5260,#1190);
#877=LINE('',#5268,#1191);
#878=LINE('',#5271,#1192);
#879=LINE('',#5274,#1193);
#880=LINE('',#5276,#1194);
#881=LINE('',#5278,#1195);
#882=LINE('',#5279,#1196);
#883=LINE('',#5282,#1197);
#884=LINE('',#5283,#1198);
#885=LINE('',#5286,#1199);
#886=LINE('',#5288,#1200);
#887=LINE('',#5289,#1201);
#888=LINE('',#5291,#1202);
#889=LINE('',#5292,#1203);
#890=LINE('',#5300,#1204);
#891=LINE('',#5303,#1205);
#892=LINE('',#5306,#1206);
#893=LINE('',#5308,#1207);
#894=LINE('',#5310,#1208);
#895=LINE('',#5311,#1209);
#896=LINE('',#5314,#1210);
#897=LINE('',#5315,#1211);
#898=LINE('',#5318,#1212);
#899=LINE('',#5320,#1213);
#900=LINE('',#5321,#1214);
#901=LINE('',#5323,#1215);
#902=LINE('',#5324,#1216);
#903=LINE('',#5332,#1217);
#904=LINE('',#5335,#1218);
#905=LINE('',#5338,#1219);
#906=LINE('',#5340,#1220);
#907=LINE('',#5342,#1221);
#908=LINE('',#5343,#1222);
#909=LINE('',#5346,#1223);
#910=LINE('',#5347,#1224);
#911=LINE('',#5350,#1225);
#912=LINE('',#5352,#1226);
#913=LINE('',#5353,#1227);
#914=LINE('',#5355,#1228);
#915=LINE('',#5356,#1229);
#916=LINE('',#5364,#1230);
#917=LINE('',#5367,#1231);
#918=LINE('',#5370,#1232);
#919=LINE('',#5372,#1233);
#920=LINE('',#5374,#1234);
#921=LINE('',#5375,#1235);
#922=LINE('',#5378,#1236);
#923=LINE('',#5379,#1237);
#924=LINE('',#5382,#1238);
#925=LINE('',#5384,#1239);
#926=LINE('',#5385,#1240);
#927=LINE('',#5387,#1241);
#928=LINE('',#5388,#1242);
#929=LINE('',#5396,#1243);
#930=LINE('',#5399,#1244);
#931=LINE('',#5402,#1245);
#932=LINE('',#5404,#1246);
#933=LINE('',#5406,#1247);
#934=LINE('',#5407,#1248);
#935=LINE('',#5410,#1249);
#936=LINE('',#5411,#1250);
#937=LINE('',#5414,#1251);
#938=LINE('',#5416,#1252);
#939=LINE('',#5417,#1253);
#940=LINE('',#5419,#1254);
#941=LINE('',#5420,#1255);
#942=LINE('',#5428,#1256);
#943=LINE('',#5431,#1257);
#944=LINE('',#5434,#1258);
#945=LINE('',#5436,#1259);
#946=LINE('',#5438,#1260);
#947=LINE('',#5439,#1261);
#948=LINE('',#5442,#1262);
#949=LINE('',#5443,#1263);
#950=LINE('',#5446,#1264);
#951=LINE('',#5448,#1265);
#952=LINE('',#5449,#1266);
#953=LINE('',#5451,#1267);
#954=LINE('',#5452,#1268);
#955=VECTOR('',#3572,10.);
#956=VECTOR('',#3575,10.);
#957=VECTOR('',#3578,10.);
#958=VECTOR('',#3579,10.);
#959=VECTOR('',#3580,10.);
#960=VECTOR('',#3581,10.);
#961=VECTOR('',#3584,10.);
#962=VECTOR('',#3585,10.);
#963=VECTOR('',#3586,10.);
#964=VECTOR('',#3587,10.);
#965=VECTOR('',#3590,10.);
#966=VECTOR('',#3591,10.);
#967=VECTOR('',#3592,10.);
#968=VECTOR('',#3593,10.);
#969=VECTOR('',#3594,10.);
#970=VECTOR('',#3597,10.);
#971=VECTOR('',#3598,10.);
#972=VECTOR('',#3599,10.);
#973=VECTOR('',#3600,10.);
#974=VECTOR('',#3601,10.);
#975=VECTOR('',#3602,10.);
#976=VECTOR('',#3603,10.);
#977=VECTOR('',#3604,10.);
#978=VECTOR('',#3605,10.);
#979=VECTOR('',#3606,10.);
#980=VECTOR('',#3607,10.);
#981=VECTOR('',#3608,10.);
#982=VECTOR('',#3609,10.);
#983=VECTOR('',#3610,10.);
#984=VECTOR('',#3611,10.);
#985=VECTOR('',#3612,10.);
#986=VECTOR('',#3613,10.);
#987=VECTOR('',#3614,10.);
#988=VECTOR('',#3615,10.);
#989=VECTOR('',#3616,10.);
#990=VECTOR('',#3617,10.);
#991=VECTOR('',#3618,10.);
#992=VECTOR('',#3619,10.);
#993=VECTOR('',#3620,10.);
#994=VECTOR('',#3621,10.);
#995=VECTOR('',#3622,10.);
#996=VECTOR('',#3623,10.);
#997=VECTOR('',#3630,10.);
#998=VECTOR('',#3633,10.);
#999=VECTOR('',#3634,10.);
#1000=VECTOR('',#3635,10.);
#1001=VECTOR('',#3642,10.);
#1002=VECTOR('',#3645,10.);
#1003=VECTOR('',#3646,10.);
#1004=VECTOR('',#3647,10.);
#1005=VECTOR('',#3654,10.);
#1006=VECTOR('',#3657,10.);
#1007=VECTOR('',#3658,10.);
#1008=VECTOR('',#3659,10.);
#1009=VECTOR('',#3666,10.);
#1010=VECTOR('',#3669,10.);
#1011=VECTOR('',#3670,10.);
#1012=VECTOR('',#3671,10.);
#1013=VECTOR('',#3678,10.);
#1014=VECTOR('',#3681,10.);
#1015=VECTOR('',#3682,10.);
#1016=VECTOR('',#3683,10.);
#1017=VECTOR('',#3690,10.);
#1018=VECTOR('',#3693,10.);
#1019=VECTOR('',#3694,10.);
#1020=VECTOR('',#3695,10.);
#1021=VECTOR('',#3700,10.);
#1022=VECTOR('',#3709,10.);
#1023=VECTOR('',#3714,10.);
#1024=VECTOR('',#3715,10.);
#1025=VECTOR('',#3722,10.);
#1026=VECTOR('',#3725,10.);
#1027=VECTOR('',#3734,10.);
#1028=VECTOR('',#3735,10.);
#1029=VECTOR('',#3738,10.);
#1030=VECTOR('',#3739,10.);
#1031=VECTOR('',#3740,10.);
#1032=VECTOR('',#3743,10.);
#1033=VECTOR('',#3744,10.);
#1034=VECTOR('',#3747,10.);
#1035=VECTOR('',#3750,10.);
#1036=VECTOR('',#3763,10.);
#1037=VECTOR('',#3766,10.);
#1038=VECTOR('',#3767,10.);
#1039=VECTOR('',#3772,10.);
#1040=VECTOR('',#3775,10.);
#1041=VECTOR('',#3786,10.);
#1042=VECTOR('',#3787,10.);
#1043=VECTOR('',#3790,10.);
#1044=VECTOR('',#3791,10.);
#1045=VECTOR('',#3794,10.);
#1046=VECTOR('',#3797,10.);
#1047=VECTOR('',#3798,10.);
#1048=VECTOR('',#3799,10.);
#1049=VECTOR('',#3802,10.);
#1050=VECTOR('',#3805,10.);
#1051=VECTOR('',#3820,10.);
#1052=VECTOR('',#3821,10.);
#1053=VECTOR('',#3824,10.);
#1054=VECTOR('',#3825,10.);
#1055=VECTOR('',#3828,10.);
#1056=VECTOR('',#3829,10.);
#1057=VECTOR('',#3834,10.);
#1058=VECTOR('',#3835,10.);
#1059=VECTOR('',#3838,10.);
#1060=VECTOR('',#3839,10.);
#1061=VECTOR('',#3842,10.);
#1062=VECTOR('',#3843,10.);
#1063=VECTOR('',#3846,10.);
#1064=VECTOR('',#3849,10.);
#1065=VECTOR('',#3852,10.);
#1066=VECTOR('',#3855,10.);
#1067=VECTOR('',#3856,10.);
#1068=VECTOR('',#3859,10.);
#1069=VECTOR('',#3862,10.);
#1070=VECTOR('',#3863,10.);
#1071=VECTOR('',#3866,10.);
#1072=VECTOR('',#3873,10.);
#1073=VECTOR('',#3874,10.);
#1074=VECTOR('',#3877,10.);
#1075=VECTOR('',#3878,10.);
#1076=VECTOR('',#3881,10.);
#1077=VECTOR('',#3884,10.);
#1078=VECTOR('',#3885,10.);
#1079=VECTOR('',#3888,10.);
#1080=VECTOR('',#3889,10.);
#1081=VECTOR('',#3892,10.);
#1082=VECTOR('',#3895,10.);
#1083=VECTOR('',#3896,10.);
#1084=VECTOR('',#3899,10.);
#1085=VECTOR('',#3900,10.);
#1086=VECTOR('',#3903,10.);
#1087=VECTOR('',#3906,10.);
#1088=VECTOR('',#3907,10.);
#1089=VECTOR('',#3910,10.);
#1090=VECTOR('',#3911,10.);
#1091=VECTOR('',#3914,10.);
#1092=VECTOR('',#3917,10.);
#1093=VECTOR('',#3918,10.);
#1094=VECTOR('',#3921,10.);
#1095=VECTOR('',#3922,10.);
#1096=VECTOR('',#3925,10.);
#1097=VECTOR('',#3928,10.);
#1098=VECTOR('',#3929,10.);
#1099=VECTOR('',#3932,10.);
#1100=VECTOR('',#3933,10.);
#1101=VECTOR('',#3936,10.);
#1102=VECTOR('',#3939,10.);
#1103=VECTOR('',#3940,10.);
#1104=VECTOR('',#3943,10.);
#1105=VECTOR('',#3944,10.);
#1106=VECTOR('',#3947,10.);
#1107=VECTOR('',#3950,10.);
#1108=VECTOR('',#3953,10.);
#1109=VECTOR('',#3956,10.);
#1110=VECTOR('',#3959,10.);
#1111=VECTOR('',#3964,10.);
#1112=VECTOR('',#3967,10.);
#1113=VECTOR('',#3972,10.);
#1114=VECTOR('',#3973,10.);
#1115=VECTOR('',#3976,10.);
#1116=VECTOR('',#3977,10.);
#1117=VECTOR('',#3980,10.);
#1118=VECTOR('',#3983,10.);
#1119=VECTOR('',#3988,10.);
#1120=VECTOR('',#3991,10.);
#1121=VECTOR('',#3996,10.);
#1122=VECTOR('',#3997,10.);
#1123=VECTOR('',#4000,10.);
#1124=VECTOR('',#4001,10.);
#1125=VECTOR('',#4004,10.);
#1126=VECTOR('',#4007,10.);
#1127=VECTOR('',#4010,10.);
#1128=VECTOR('',#4011,10.);
#1129=VECTOR('',#4012,10.);
#1130=VECTOR('',#4015,10.);
#1131=VECTOR('',#4018,10.);
#1132=VECTOR('',#4021,10.);
#1133=VECTOR('',#4022,10.);
#1134=VECTOR('',#4023,10.);
#1135=VECTOR('',#4038,10.);
#1136=VECTOR('',#4045,10.);
#1137=VECTOR('',#4064,10.);
#1138=VECTOR('',#4065,10.);
#1139=VECTOR('',#4068,10.);
#1140=VECTOR('',#4069,10.);
#1141=VECTOR('',#4072,10.);
#1142=VECTOR('',#4073,10.);
#1143=VECTOR('',#4076,10.);
#1144=VECTOR('',#4079,10.);
#1145=VECTOR('',#4082,10.);
#1146=VECTOR('',#4085,10.);
#1147=VECTOR('',#4090,10.);
#1148=VECTOR('',#4093,10.);
#1149=VECTOR('',#4102,0.2);
#1150=VECTOR('',#4109,0.3);
#1151=VECTOR('',#4120,0.2);
#1152=VECTOR('',#4127,0.3);
#1153=VECTOR('',#4138,0.2);
#1154=VECTOR('',#4145,0.3);
#1155=VECTOR('',#4156,0.2);
#1156=VECTOR('',#4163,0.3);
#1157=VECTOR('',#4174,0.2);
#1158=VECTOR('',#4181,0.3);
#1159=VECTOR('',#4192,0.2);
#1160=VECTOR('',#4199,0.3);
#1161=VECTOR('',#4210,0.2);
#1162=VECTOR('',#4217,0.3);
#1163=VECTOR('',#4228,0.2);
#1164=VECTOR('',#4235,0.3);
#1165=VECTOR('',#4246,10.);
#1166=VECTOR('',#4249,10.);
#1167=VECTOR('',#4252,10.);
#1168=VECTOR('',#4253,10.);
#1169=VECTOR('',#4254,10.);
#1170=VECTOR('',#4255,10.);
#1171=VECTOR('',#4258,10.);
#1172=VECTOR('',#4259,10.);
#1173=VECTOR('',#4262,10.);
#1174=VECTOR('',#4263,10.);
#1175=VECTOR('',#4264,10.);
#1176=VECTOR('',#4267,10.);
#1177=VECTOR('',#4268,10.);
#1178=VECTOR('',#4277,10.);
#1179=VECTOR('',#4280,10.);
#1180=VECTOR('',#4283,10.);
#1181=VECTOR('',#4284,10.);
#1182=VECTOR('',#4285,10.);
#1183=VECTOR('',#4286,10.);
#1184=VECTOR('',#4289,10.);
#1185=VECTOR('',#4290,10.);
#1186=VECTOR('',#4293,10.);
#1187=VECTOR('',#4294,10.);
#1188=VECTOR('',#4295,10.);
#1189=VECTOR('',#4298,10.);
#1190=VECTOR('',#4299,10.);
#1191=VECTOR('',#4308,10.);
#1192=VECTOR('',#4311,10.);
#1193=VECTOR('',#4314,10.);
#1194=VECTOR('',#4315,10.);
#1195=VECTOR('',#4316,10.);
#1196=VECTOR('',#4317,10.);
#1197=VECTOR('',#4320,10.);
#1198=VECTOR('',#4321,10.);
#1199=VECTOR('',#4324,10.);
#1200=VECTOR('',#4325,10.);
#1201=VECTOR('',#4326,10.);
#1202=VECTOR('',#4329,10.);
#1203=VECTOR('',#4330,10.);
#1204=VECTOR('',#4339,10.);
#1205=VECTOR('',#4342,10.);
#1206=VECTOR('',#4345,10.);
#1207=VECTOR('',#4346,10.);
#1208=VECTOR('',#4347,10.);
#1209=VECTOR('',#4348,10.);
#1210=VECTOR('',#4351,10.);
#1211=VECTOR('',#4352,10.);
#1212=VECTOR('',#4355,10.);
#1213=VECTOR('',#4356,10.);
#1214=VECTOR('',#4357,10.);
#1215=VECTOR('',#4360,10.);
#1216=VECTOR('',#4361,10.);
#1217=VECTOR('',#4370,10.);
#1218=VECTOR('',#4373,10.);
#1219=VECTOR('',#4376,10.);
#1220=VECTOR('',#4377,10.);
#1221=VECTOR('',#4378,10.);
#1222=VECTOR('',#4379,10.);
#1223=VECTOR('',#4382,10.);
#1224=VECTOR('',#4383,10.);
#1225=VECTOR('',#4386,10.);
#1226=VECTOR('',#4387,10.);
#1227=VECTOR('',#4388,10.);
#1228=VECTOR('',#4391,10.);
#1229=VECTOR('',#4392,10.);
#1230=VECTOR('',#4401,10.);
#1231=VECTOR('',#4404,10.);
#1232=VECTOR('',#4407,10.);
#1233=VECTOR('',#4408,10.);
#1234=VECTOR('',#4409,10.);
#1235=VECTOR('',#4410,10.);
#1236=VECTOR('',#4413,10.);
#1237=VECTOR('',#4414,10.);
#1238=VECTOR('',#4417,10.);
#1239=VECTOR('',#4418,10.);
#1240=VECTOR('',#4419,10.);
#1241=VECTOR('',#4422,10.);
#1242=VECTOR('',#4423,10.);
#1243=VECTOR('',#4432,10.);
#1244=VECTOR('',#4435,10.);
#1245=VECTOR('',#4438,10.);
#1246=VECTOR('',#4439,10.);
#1247=VECTOR('',#4440,10.);
#1248=VECTOR('',#4441,10.);
#1249=VECTOR('',#4444,10.);
#1250=VECTOR('',#4445,10.);
#1251=VECTOR('',#4448,10.);
#1252=VECTOR('',#4449,10.);
#1253=VECTOR('',#4450,10.);
#1254=VECTOR('',#4453,10.);
#1255=VECTOR('',#4454,10.);
#1256=VECTOR('',#4463,10.);
#1257=VECTOR('',#4466,10.);
#1258=VECTOR('',#4469,10.);
#1259=VECTOR('',#4470,10.);
#1260=VECTOR('',#4471,10.);
#1261=VECTOR('',#4472,10.);
#1262=VECTOR('',#4475,10.);
#1263=VECTOR('',#4476,10.);
#1264=VECTOR('',#4479,10.);
#1265=VECTOR('',#4480,10.);
#1266=VECTOR('',#4481,10.);
#1267=VECTOR('',#4484,10.);
#1268=VECTOR('',#4485,10.);
#1269=CIRCLE('',#3263,0.2);
#1270=CIRCLE('',#3264,0.2);
#1271=CIRCLE('',#3267,0.1);
#1272=CIRCLE('',#3268,0.1);
#1273=CIRCLE('',#3270,0.2);
#1274=CIRCLE('',#3271,0.2);
#1275=CIRCLE('',#3274,0.2);
#1276=CIRCLE('',#3275,0.2);
#1277=CIRCLE('',#3278,0.2);
#1278=CIRCLE('',#3279,0.2);
#1279=CIRCLE('',#3282,0.2);
#1280=CIRCLE('',#3283,0.2);
#1281=CIRCLE('',#3286,0.2);
#1282=CIRCLE('',#3287,0.2);
#1283=CIRCLE('',#3290,0.2);
#1284=CIRCLE('',#3291,0.2);
#1285=CIRCLE('',#3294,0.2);
#1286=CIRCLE('',#3295,0.2);
#1287=CIRCLE('',#3296,0.200000000000001);
#1288=CIRCLE('',#3297,0.3);
#1289=CIRCLE('',#3303,0.2);
#1290=CIRCLE('',#3304,0.2);
#1291=CIRCLE('',#3305,0.2);
#1292=CIRCLE('',#3306,0.3);
#1293=CIRCLE('',#3307,0.1);
#1294=CIRCLE('',#3313,0.2);
#1295=CIRCLE('',#3315,0.2);
#1296=CIRCLE('',#3316,0.3);
#1297=CIRCLE('',#3318,0.2);
#1298=CIRCLE('',#3322,0.2);
#1299=CIRCLE('',#3323,0.2);
#1300=CIRCLE('',#3324,0.3);
#1301=CIRCLE('',#3325,0.1);
#1302=CIRCLE('',#3327,0.2);
#1303=CIRCLE('',#3335,0.2);
#1304=CIRCLE('',#3336,0.2);
#1305=CIRCLE('',#3337,0.2);
#1306=CIRCLE('',#3339,0.2);
#1307=CIRCLE('',#3346,0.3);
#1308=CIRCLE('',#3347,0.3);
#1309=CIRCLE('',#3348,0.3);
#1310=CIRCLE('',#3349,0.3);
#1311=CIRCLE('',#3350,0.9);
#1312=CIRCLE('',#3351,0.9);
#1313=CIRCLE('',#3352,0.9);
#1314=CIRCLE('',#3353,0.9);
#1315=CIRCLE('',#3379,1.1);
#1316=CIRCLE('',#3380,0.9);
#1317=CIRCLE('',#3382,0.9);
#1318=CIRCLE('',#3383,1.1);
#1319=CIRCLE('',#3387,1.1);
#1320=CIRCLE('',#3388,0.9);
#1321=CIRCLE('',#3390,0.9);
#1322=CIRCLE('',#3391,1.1);
#1323=CIRCLE('',#3395,1.1);
#1324=CIRCLE('',#3398,1.1);
#1325=CIRCLE('',#3401,0.9);
#1326=CIRCLE('',#3402,1.1);
#1327=CIRCLE('',#3405,0.9);
#1328=CIRCLE('',#3408,0.9);
#1329=CIRCLE('',#3411,0.9);
#1330=CIRCLE('',#3412,1.1);
#1331=CIRCLE('',#3431,0.1);
#1332=CIRCLE('',#3432,0.3);
#1333=CIRCLE('',#3433,0.3);
#1334=CIRCLE('',#3435,0.3);
#1335=CIRCLE('',#3439,0.0999999999999998);
#1336=CIRCLE('',#3440,0.3);
#1337=CIRCLE('',#3441,0.3);
#1338=CIRCLE('',#3443,0.3);
#1339=CIRCLE('',#3447,0.1);
#1340=CIRCLE('',#3448,0.3);
#1341=CIRCLE('',#3449,0.3);
#1342=CIRCLE('',#3451,0.3);
#1343=CIRCLE('',#3455,0.1);
#1344=CIRCLE('',#3456,0.3);
#1345=CIRCLE('',#3457,0.3);
#1346=CIRCLE('',#3459,0.3);
#1347=CIRCLE('',#3463,0.0999999999999998);
#1348=CIRCLE('',#3464,0.3);
#1349=CIRCLE('',#3465,0.3);
#1350=CIRCLE('',#3467,0.3);
#1351=CIRCLE('',#3471,0.0999999999999998);
#1352=CIRCLE('',#3472,0.3);
#1353=CIRCLE('',#3473,0.3);
#1354=CIRCLE('',#3475,0.3);
#1355=CIRCLE('',#3479,0.1);
#1356=CIRCLE('',#3480,0.3);
#1357=CIRCLE('',#3481,0.3);
#1358=CIRCLE('',#3483,0.3);
#1359=CIRCLE('',#3487,0.0999999999999998);
#1360=CIRCLE('',#3488,0.3);
#1361=CIRCLE('',#3489,0.3);
#1362=CIRCLE('',#3491,0.3);
#1363=CIRCLE('',#3495,0.3);
#1364=CIRCLE('',#3496,0.3);
#1365=CIRCLE('',#3504,0.3);
#1366=CIRCLE('',#3505,0.3);
#1367=CIRCLE('',#3513,0.3);
#1368=CIRCLE('',#3514,0.3);
#1369=CIRCLE('',#3522,0.3);
#1370=CIRCLE('',#3523,0.3);
#1371=CIRCLE('',#3531,0.3);
#1372=CIRCLE('',#3532,0.3);
#1373=CIRCLE('',#3540,0.3);
#1374=CIRCLE('',#3541,0.3);
#1375=CIRCLE('',#3549,0.3);
#1376=CIRCLE('',#3550,0.3);
#1377=CIRCLE('',#3558,0.3);
#1378=CIRCLE('',#3559,0.3);
#1379=VERTEX_POINT('',#4492);
#1380=VERTEX_POINT('',#4493);
#1381=VERTEX_POINT('',#4495);
#1382=VERTEX_POINT('',#4497);
#1383=VERTEX_POINT('',#4501);
#1384=VERTEX_POINT('',#4503);
#1385=VERTEX_POINT('',#4505);
#1386=VERTEX_POINT('',#4509);
#1387=VERTEX_POINT('',#4511);
#1388=VERTEX_POINT('',#4513);
#1389=VERTEX_POINT('',#4515);
#1390=VERTEX_POINT('',#4517);
#1391=VERTEX_POINT('',#4519);
#1392=VERTEX_POINT('',#4521);
#1393=VERTEX_POINT('',#4523);
#1394=VERTEX_POINT('',#4525);
#1395=VERTEX_POINT('',#4527);
#1396=VERTEX_POINT('',#4529);
#1397=VERTEX_POINT('',#4531);
#1398=VERTEX_POINT('',#4533);
#1399=VERTEX_POINT('',#4535);
#1400=VERTEX_POINT('',#4537);
#1401=VERTEX_POINT('',#4539);
#1402=VERTEX_POINT('',#4541);
#1403=VERTEX_POINT('',#4543);
#1404=VERTEX_POINT('',#4545);
#1405=VERTEX_POINT('',#4547);
#1406=VERTEX_POINT('',#4549);
#1407=VERTEX_POINT('',#4551);
#1408=VERTEX_POINT('',#4553);
#1409=VERTEX_POINT('',#4555);
#1410=VERTEX_POINT('',#4557);
#1411=VERTEX_POINT('',#4559);
#1412=VERTEX_POINT('',#4561);
#1413=VERTEX_POINT('',#4563);
#1414=VERTEX_POINT('',#4565);
#1415=VERTEX_POINT('',#4567);
#1416=VERTEX_POINT('',#4569);
#1417=VERTEX_POINT('',#4571);
#1418=VERTEX_POINT('',#4573);
#1419=VERTEX_POINT('',#4575);
#1420=VERTEX_POINT('',#4577);
#1421=VERTEX_POINT('',#4579);
#1422=VERTEX_POINT('',#4581);
#1423=VERTEX_POINT('',#4585);
#1424=VERTEX_POINT('',#4587);
#1425=VERTEX_POINT('',#4591);
#1426=VERTEX_POINT('',#4593);
#1427=VERTEX_POINT('',#4597);
#1428=VERTEX_POINT('',#4599);
#1429=VERTEX_POINT('',#4603);
#1430=VERTEX_POINT('',#4605);
#1431=VERTEX_POINT('',#4609);
#1432=VERTEX_POINT('',#4611);
#1433=VERTEX_POINT('',#4615);
#1434=VERTEX_POINT('',#4617);
#1435=VERTEX_POINT('',#4621);
#1436=VERTEX_POINT('',#4623);
#1437=VERTEX_POINT('',#4627);
#1438=VERTEX_POINT('',#4629);
#1439=VERTEX_POINT('',#4633);
#1440=VERTEX_POINT('',#4635);
#1441=VERTEX_POINT('',#4639);
#1442=VERTEX_POINT('',#4641);
#1443=VERTEX_POINT('',#4645);
#1444=VERTEX_POINT('',#4647);
#1445=VERTEX_POINT('',#4651);
#1446=VERTEX_POINT('',#4653);
#1447=VERTEX_POINT('',#4657);
#1448=VERTEX_POINT('',#4659);
#1449=VERTEX_POINT('',#4671);
#1450=VERTEX_POINT('',#4675);
#1451=VERTEX_POINT('',#4679);
#1452=VERTEX_POINT('',#4681);
#1453=VERTEX_POINT('',#4685);
#1454=VERTEX_POINT('',#4686);
#1455=VERTEX_POINT('',#4688);
#1456=VERTEX_POINT('',#4690);
#1457=VERTEX_POINT('',#4702);
#1458=VERTEX_POINT('',#4703);
#1459=VERTEX_POINT('',#4711);
#1460=VERTEX_POINT('',#4713);
#1461=VERTEX_POINT('',#4717);
#1462=VERTEX_POINT('',#4723);
#1463=VERTEX_POINT('',#4724);
#1464=VERTEX_POINT('',#4737);
#1465=VERTEX_POINT('',#4741);
#1466=VERTEX_POINT('',#4745);
#1467=VERTEX_POINT('',#4747);
#1468=VERTEX_POINT('',#4751);
#1469=VERTEX_POINT('',#4753);
#1470=VERTEX_POINT('',#4765);
#1471=VERTEX_POINT('',#4766);
#1472=VERTEX_POINT('',#4771);
#1473=VERTEX_POINT('',#4772);
#1474=VERTEX_POINT('',#4777);
#1475=VERTEX_POINT('',#4783);
#1476=VERTEX_POINT('',#4785);
#1477=VERTEX_POINT('',#4789);
#1478=VERTEX_POINT('',#4790);
#1479=VERTEX_POINT('',#4792);
#1480=VERTEX_POINT('',#4794);
#1481=VERTEX_POINT('',#4798);
#1482=VERTEX_POINT('',#4799);
#1483=VERTEX_POINT('',#4801);
#1484=VERTEX_POINT('',#4805);
#1485=VERTEX_POINT('',#4806);
#1486=VERTEX_POINT('',#4814);
#1487=VERTEX_POINT('',#4816);
#1488=VERTEX_POINT('',#4823);
#1489=VERTEX_POINT('',#4827);
#1490=VERTEX_POINT('',#4829);
#1491=VERTEX_POINT('',#4831);
#1492=VERTEX_POINT('',#4833);
#1493=VERTEX_POINT('',#4835);
#1494=VERTEX_POINT('',#4837);
#1495=VERTEX_POINT('',#4839);
#1496=VERTEX_POINT('',#4841);
#1497=VERTEX_POINT('',#4843);
#1498=VERTEX_POINT('',#4845);
#1499=VERTEX_POINT('',#4848);
#1500=VERTEX_POINT('',#4849);
#1501=VERTEX_POINT('',#4852);
#1502=VERTEX_POINT('',#4853);
#1503=VERTEX_POINT('',#4856);
#1504=VERTEX_POINT('',#4857);
#1505=VERTEX_POINT('',#4860);
#1506=VERTEX_POINT('',#4861);
#1507=VERTEX_POINT('',#4866);
#1508=VERTEX_POINT('',#4870);
#1509=VERTEX_POINT('',#4876);
#1510=VERTEX_POINT('',#4880);
#1511=VERTEX_POINT('',#4886);
#1512=VERTEX_POINT('',#4890);
#1513=VERTEX_POINT('',#4896);
#1514=VERTEX_POINT('',#4900);
#1515=VERTEX_POINT('',#4906);
#1516=VERTEX_POINT('',#4910);
#1517=VERTEX_POINT('',#4916);
#1518=VERTEX_POINT('',#4920);
#1519=VERTEX_POINT('',#4926);
#1520=VERTEX_POINT('',#4930);
#1521=VERTEX_POINT('',#4940);
#1522=VERTEX_POINT('',#4941);
#1523=VERTEX_POINT('',#4943);
#1524=VERTEX_POINT('',#4945);
#1525=VERTEX_POINT('',#4949);
#1526=VERTEX_POINT('',#4950);
#1527=VERTEX_POINT('',#4952);
#1528=VERTEX_POINT('',#4954);
#1529=VERTEX_POINT('',#4964);
#1530=VERTEX_POINT('',#4965);
#1531=VERTEX_POINT('',#4967);
#1532=VERTEX_POINT('',#4969);
#1533=VERTEX_POINT('',#4973);
#1534=VERTEX_POINT('',#4974);
#1535=VERTEX_POINT('',#4976);
#1536=VERTEX_POINT('',#4978);
#1537=VERTEX_POINT('',#4988);
#1538=VERTEX_POINT('',#4990);
#1539=VERTEX_POINT('',#4994);
#1540=VERTEX_POINT('',#4996);
#1541=VERTEX_POINT('',#5000);
#1542=VERTEX_POINT('',#5002);
#1543=VERTEX_POINT('',#5008);
#1544=VERTEX_POINT('',#5010);
#1545=VERTEX_POINT('',#5014);
#1546=VERTEX_POINT('',#5016);
#1547=VERTEX_POINT('',#5020);
#1548=VERTEX_POINT('',#5022);
#1549=VERTEX_POINT('',#5032);
#1550=VERTEX_POINT('',#5036);
#1551=VERTEX_POINT('',#5044);
#1552=VERTEX_POINT('',#5048);
#1553=VERTEX_POINT('',#5088);
#1554=VERTEX_POINT('',#5090);
#1555=VERTEX_POINT('',#5092);
#1556=VERTEX_POINT('',#5096);
#1557=VERTEX_POINT('',#5102);
#1558=VERTEX_POINT('',#5104);
#1559=VERTEX_POINT('',#5106);
#1560=VERTEX_POINT('',#5110);
#1561=VERTEX_POINT('',#5116);
#1562=VERTEX_POINT('',#5118);
#1563=VERTEX_POINT('',#5120);
#1564=VERTEX_POINT('',#5124);
#1565=VERTEX_POINT('',#5130);
#1566=VERTEX_POINT('',#5132);
#1567=VERTEX_POINT('',#5134);
#1568=VERTEX_POINT('',#5138);
#1569=VERTEX_POINT('',#5144);
#1570=VERTEX_POINT('',#5146);
#1571=VERTEX_POINT('',#5148);
#1572=VERTEX_POINT('',#5152);
#1573=VERTEX_POINT('',#5158);
#1574=VERTEX_POINT('',#5160);
#1575=VERTEX_POINT('',#5162);
#1576=VERTEX_POINT('',#5166);
#1577=VERTEX_POINT('',#5172);
#1578=VERTEX_POINT('',#5174);
#1579=VERTEX_POINT('',#5176);
#1580=VERTEX_POINT('',#5180);
#1581=VERTEX_POINT('',#5186);
#1582=VERTEX_POINT('',#5188);
#1583=VERTEX_POINT('',#5190);
#1584=VERTEX_POINT('',#5194);
#1585=VERTEX_POINT('',#5200);
#1586=VERTEX_POINT('',#5201);
#1587=VERTEX_POINT('',#5203);
#1588=VERTEX_POINT('',#5205);
#1589=VERTEX_POINT('',#5209);
#1590=VERTEX_POINT('',#5211);
#1591=VERTEX_POINT('',#5213);
#1592=VERTEX_POINT('',#5217);
#1593=VERTEX_POINT('',#5221);
#1594=VERTEX_POINT('',#5223);
#1595=VERTEX_POINT('',#5232);
#1596=VERTEX_POINT('',#5233);
#1597=VERTEX_POINT('',#5235);
#1598=VERTEX_POINT('',#5237);
#1599=VERTEX_POINT('',#5241);
#1600=VERTEX_POINT('',#5243);
#1601=VERTEX_POINT('',#5245);
#1602=VERTEX_POINT('',#5249);
#1603=VERTEX_POINT('',#5253);
#1604=VERTEX_POINT('',#5255);
#1605=VERTEX_POINT('',#5264);
#1606=VERTEX_POINT('',#5265);
#1607=VERTEX_POINT('',#5267);
#1608=VERTEX_POINT('',#5269);
#1609=VERTEX_POINT('',#5273);
#1610=VERTEX_POINT('',#5275);
#1611=VERTEX_POINT('',#5277);
#1612=VERTEX_POINT('',#5281);
#1613=VERTEX_POINT('',#5285);
#1614=VERTEX_POINT('',#5287);
#1615=VERTEX_POINT('',#5296);
#1616=VERTEX_POINT('',#5297);
#1617=VERTEX_POINT('',#5299);
#1618=VERTEX_POINT('',#5301);
#1619=VERTEX_POINT('',#5305);
#1620=VERTEX_POINT('',#5307);
#1621=VERTEX_POINT('',#5309);
#1622=VERTEX_POINT('',#5313);
#1623=VERTEX_POINT('',#5317);
#1624=VERTEX_POINT('',#5319);
#1625=VERTEX_POINT('',#5328);
#1626=VERTEX_POINT('',#5329);
#1627=VERTEX_POINT('',#5331);
#1628=VERTEX_POINT('',#5333);
#1629=VERTEX_POINT('',#5337);
#1630=VERTEX_POINT('',#5339);
#1631=VERTEX_POINT('',#5341);
#1632=VERTEX_POINT('',#5345);
#1633=VERTEX_POINT('',#5349);
#1634=VERTEX_POINT('',#5351);
#1635=VERTEX_POINT('',#5360);
#1636=VERTEX_POINT('',#5361);
#1637=VERTEX_POINT('',#5363);
#1638=VERTEX_POINT('',#5365);
#1639=VERTEX_POINT('',#5369);
#1640=VERTEX_POINT('',#5371);
#1641=VERTEX_POINT('',#5373);
#1642=VERTEX_POINT('',#5377);
#1643=VERTEX_POINT('',#5381);
#1644=VERTEX_POINT('',#5383);
#1645=VERTEX_POINT('',#5392);
#1646=VERTEX_POINT('',#5393);
#1647=VERTEX_POINT('',#5395);
#1648=VERTEX_POINT('',#5397);
#1649=VERTEX_POINT('',#5401);
#1650=VERTEX_POINT('',#5403);
#1651=VERTEX_POINT('',#5405);
#1652=VERTEX_POINT('',#5409);
#1653=VERTEX_POINT('',#5413);
#1654=VERTEX_POINT('',#5415);
#1655=VERTEX_POINT('',#5424);
#1656=VERTEX_POINT('',#5425);
#1657=VERTEX_POINT('',#5427);
#1658=VERTEX_POINT('',#5429);
#1659=VERTEX_POINT('',#5433);
#1660=VERTEX_POINT('',#5435);
#1661=VERTEX_POINT('',#5437);
#1662=VERTEX_POINT('',#5441);
#1663=VERTEX_POINT('',#5445);
#1664=VERTEX_POINT('',#5447);
#1665=EDGE_CURVE('',#1379,#1380,#1269,.T.);
#1666=EDGE_CURVE('',#1380,#1381,#641,.T.);
#1667=EDGE_CURVE('',#1381,#1382,#1270,.T.);
#1668=EDGE_CURVE('',#1382,#1379,#642,.T.);
#1669=EDGE_CURVE('',#1383,#1381,#643,.T.);
#1670=EDGE_CURVE('',#1383,#1384,#644,.T.);
#1671=EDGE_CURVE('',#1384,#1385,#645,.T.);
#1672=EDGE_CURVE('',#1382,#1385,#646,.T.);
#1673=EDGE_CURVE('',#1380,#1386,#647,.T.);
#1674=EDGE_CURVE('',#1386,#1387,#648,.T.);
#1675=EDGE_CURVE('',#1387,#1388,#649,.T.);
#1676=EDGE_CURVE('',#1389,#1388,#650,.T.);
#1677=EDGE_CURVE('',#1390,#1389,#1271,.T.);
#1678=EDGE_CURVE('',#1391,#1390,#651,.T.);
#1679=EDGE_CURVE('',#1391,#1392,#652,.T.);
#1680=EDGE_CURVE('',#1392,#1393,#653,.T.);
#1681=EDGE_CURVE('',#1393,#1394,#654,.T.);
#1682=EDGE_CURVE('',#1395,#1394,#655,.T.);
#1683=EDGE_CURVE('',#1396,#1395,#1272,.T.);
#1684=EDGE_CURVE('',#1397,#1396,#656,.T.);
#1685=EDGE_CURVE('',#1397,#1398,#657,.T.);
#1686=EDGE_CURVE('',#1398,#1399,#658,.T.);
#1687=EDGE_CURVE('',#1399,#1400,#659,.T.);
#1688=EDGE_CURVE('',#1401,#1400,#660,.T.);
#1689=EDGE_CURVE('',#1401,#1402,#661,.T.);
#1690=EDGE_CURVE('',#1402,#1403,#662,.T.);
#1691=EDGE_CURVE('',#1403,#1404,#663,.T.);
#1692=EDGE_CURVE('',#1405,#1404,#664,.T.);
#1693=EDGE_CURVE('',#1405,#1406,#665,.T.);
#1694=EDGE_CURVE('',#1406,#1407,#666,.T.);
#1695=EDGE_CURVE('',#1407,#1408,#667,.T.);
#1696=EDGE_CURVE('',#1409,#1408,#668,.T.);
#1697=EDGE_CURVE('',#1409,#1410,#669,.T.);
#1698=EDGE_CURVE('',#1410,#1411,#670,.T.);
#1699=EDGE_CURVE('',#1411,#1412,#671,.T.);
#1700=EDGE_CURVE('',#1413,#1412,#672,.T.);
#1701=EDGE_CURVE('',#1413,#1414,#673,.T.);
#1702=EDGE_CURVE('',#1414,#1415,#674,.T.);
#1703=EDGE_CURVE('',#1415,#1416,#675,.T.);
#1704=EDGE_CURVE('',#1417,#1416,#676,.T.);
#1705=EDGE_CURVE('',#1417,#1418,#677,.T.);
#1706=EDGE_CURVE('',#1418,#1419,#678,.T.);
#1707=EDGE_CURVE('',#1419,#1420,#679,.T.);
#1708=EDGE_CURVE('',#1421,#1420,#680,.T.);
#1709=EDGE_CURVE('',#1421,#1422,#681,.T.);
#1710=EDGE_CURVE('',#1422,#1383,#682,.T.);
#1711=EDGE_CURVE('',#1423,#1421,#1273,.T.);
#1712=EDGE_CURVE('',#1420,#1424,#1274,.T.);
#1713=EDGE_CURVE('',#1424,#1423,#683,.T.);
#1714=EDGE_CURVE('',#1419,#1425,#684,.T.);
#1715=EDGE_CURVE('',#1425,#1426,#685,.T.);
#1716=EDGE_CURVE('',#1424,#1426,#686,.T.);
#1717=EDGE_CURVE('',#1427,#1417,#1275,.T.);
#1718=EDGE_CURVE('',#1416,#1428,#1276,.T.);
#1719=EDGE_CURVE('',#1428,#1427,#687,.T.);
#1720=EDGE_CURVE('',#1415,#1429,#688,.T.);
#1721=EDGE_CURVE('',#1429,#1430,#689,.T.);
#1722=EDGE_CURVE('',#1428,#1430,#690,.T.);
#1723=EDGE_CURVE('',#1431,#1413,#1277,.T.);
#1724=EDGE_CURVE('',#1412,#1432,#1278,.T.);
#1725=EDGE_CURVE('',#1432,#1431,#691,.T.);
#1726=EDGE_CURVE('',#1411,#1433,#692,.T.);
#1727=EDGE_CURVE('',#1433,#1434,#693,.T.);
#1728=EDGE_CURVE('',#1432,#1434,#694,.T.);
#1729=EDGE_CURVE('',#1435,#1409,#1279,.T.);
#1730=EDGE_CURVE('',#1408,#1436,#1280,.T.);
#1731=EDGE_CURVE('',#1436,#1435,#695,.T.);
#1732=EDGE_CURVE('',#1407,#1437,#696,.T.);
#1733=EDGE_CURVE('',#1437,#1438,#697,.T.);
#1734=EDGE_CURVE('',#1436,#1438,#698,.T.);
#1735=EDGE_CURVE('',#1439,#1405,#1281,.T.);
#1736=EDGE_CURVE('',#1404,#1440,#1282,.T.);
#1737=EDGE_CURVE('',#1440,#1439,#699,.T.);
#1738=EDGE_CURVE('',#1403,#1441,#700,.T.);
#1739=EDGE_CURVE('',#1441,#1442,#701,.T.);
#1740=EDGE_CURVE('',#1440,#1442,#702,.T.);
#1741=EDGE_CURVE('',#1443,#1401,#1283,.T.);
#1742=EDGE_CURVE('',#1400,#1444,#1284,.T.);
#1743=EDGE_CURVE('',#1444,#1443,#703,.T.);
#1744=EDGE_CURVE('',#1399,#1445,#704,.T.);
#1745=EDGE_CURVE('',#1445,#1446,#705,.T.);
#1746=EDGE_CURVE('',#1444,#1446,#706,.T.);
#1747=EDGE_CURVE('',#1388,#1447,#1285,.T.);
#1748=EDGE_CURVE('',#1447,#1448,#707,.T.);
#1749=EDGE_CURVE('',#1448,#1389,#1286,.T.);
#1750=EDGE_CURVE('',#1449,#1390,#1287,.T.);
#1751=EDGE_CURVE('',#1448,#1449,#1288,.T.);
#1752=EDGE_CURVE('',#1449,#1450,#708,.T.);
#1753=EDGE_CURVE('',#1450,#1391,#120,.T.);
#1754=EDGE_CURVE('',#1451,#1391,#709,.T.);
#1755=EDGE_CURVE('',#1450,#1452,#710,.T.);
#1756=EDGE_CURVE('',#1452,#1451,#121,.T.);
#1757=EDGE_CURVE('',#1453,#1454,#1289,.T.);
#1758=EDGE_CURVE('',#1454,#1455,#711,.T.);
#1759=EDGE_CURVE('',#1455,#1456,#1290,.F.);
#1760=EDGE_CURVE('',#1456,#1453,#712,.T.);
#1761=EDGE_CURVE('',#1457,#1458,#1291,.T.);
#1762=EDGE_CURVE('',#1458,#1454,#1292,.T.);
#1763=EDGE_CURVE('',#1453,#1457,#1293,.T.);
#1764=EDGE_CURVE('',#1452,#1458,#713,.T.);
#1765=EDGE_CURVE('',#1457,#1451,#714,.T.);
#1766=EDGE_CURVE('',#1387,#1459,#715,.T.);
#1767=EDGE_CURVE('',#1459,#1460,#716,.T.);
#1768=EDGE_CURVE('',#1447,#1460,#717,.T.);
#1769=EDGE_CURVE('',#1451,#1461,#718,.T.);
#1770=EDGE_CURVE('',#1392,#1461,#719,.T.);
#1771=EDGE_CURVE('',#1461,#1456,#720,.T.);
#1772=EDGE_CURVE('',#1462,#1463,#721,.T.);
#1773=EDGE_CURVE('',#1463,#1395,#1294,.T.);
#1774=EDGE_CURVE('',#1394,#1462,#122,.T.);
#1775=EDGE_CURVE('',#1464,#1396,#1295,.T.);
#1776=EDGE_CURVE('',#1463,#1464,#1296,.T.);
#1777=EDGE_CURVE('',#1465,#1397,#1297,.T.);
#1778=EDGE_CURVE('',#1464,#1465,#722,.T.);
#1779=EDGE_CURVE('',#1466,#1462,#723,.T.);
#1780=EDGE_CURVE('',#1394,#1467,#724,.T.);
#1781=EDGE_CURVE('',#1467,#1466,#123,.T.);
#1782=EDGE_CURVE('',#1467,#1468,#725,.T.);
#1783=EDGE_CURVE('',#1468,#1469,#1298,.T.);
#1784=EDGE_CURVE('',#1469,#1466,#726,.T.);
#1785=EDGE_CURVE('',#1470,#1471,#1299,.T.);
#1786=EDGE_CURVE('',#1471,#1469,#1300,.T.);
#1787=EDGE_CURVE('',#1468,#1470,#1301,.T.);
#1788=EDGE_CURVE('',#1472,#1473,#1302,.F.);
#1789=EDGE_CURVE('',#1473,#1471,#727,.T.);
#1790=EDGE_CURVE('',#1470,#1472,#728,.T.);
#1791=EDGE_CURVE('',#1474,#1467,#729,.T.);
#1792=EDGE_CURVE('',#1472,#1474,#730,.T.);
#1793=EDGE_CURVE('',#1393,#1474,#731,.T.);
#1794=EDGE_CURVE('',#1475,#1465,#732,.T.);
#1795=EDGE_CURVE('',#1475,#1476,#733,.T.);
#1796=EDGE_CURVE('',#1398,#1476,#734,.T.);
#1797=EDGE_CURVE('',#1477,#1478,#735,.T.);
#1798=EDGE_CURVE('',#1478,#1479,#124,.T.);
#1799=EDGE_CURVE('',#1479,#1480,#736,.T.);
#1800=EDGE_CURVE('',#1477,#1480,#125,.T.);
#1801=EDGE_CURVE('',#1481,#1482,#1303,.F.);
#1802=EDGE_CURVE('',#1483,#1481,#1304,.F.);
#1803=EDGE_CURVE('',#1482,#1483,#1305,.F.);
#1804=EDGE_CURVE('',#1484,#1485,#1306,.T.);
#1805=EDGE_CURVE('',#1485,#1483,#737,.T.);
#1806=EDGE_CURVE('',#1481,#1484,#738,.T.);
#1807=EDGE_CURVE('',#1478,#1482,#739,.T.);
#1808=EDGE_CURVE('',#1483,#1479,#740,.T.);
#1809=EDGE_CURVE('',#1486,#1481,#741,.T.);
#1810=EDGE_CURVE('',#1482,#1487,#742,.T.);
#1811=EDGE_CURVE('',#1487,#1486,#126,.T.);
#1812=EDGE_CURVE('',#1480,#1486,#743,.T.);
#1813=EDGE_CURVE('',#1487,#1477,#744,.T.);
#1814=EDGE_CURVE('',#1485,#1488,#745,.T.);
#1815=EDGE_CURVE('',#1488,#1479,#746,.T.);
#1816=EDGE_CURVE('',#1489,#1484,#747,.T.);
#1817=EDGE_CURVE('',#1490,#1489,#748,.T.);
#1818=EDGE_CURVE('',#1491,#1490,#1307,.T.);
#1819=EDGE_CURVE('',#1492,#1491,#749,.T.);
#1820=EDGE_CURVE('',#1493,#1492,#1308,.T.);
#1821=EDGE_CURVE('',#1494,#1493,#750,.T.);
#1822=EDGE_CURVE('',#1495,#1494,#1309,.T.);
#1823=EDGE_CURVE('',#1496,#1495,#751,.T.);
#1824=EDGE_CURVE('',#1497,#1496,#1310,.T.);
#1825=EDGE_CURVE('',#1498,#1497,#752,.T.);
#1826=EDGE_CURVE('',#1488,#1498,#753,.T.);
#1827=EDGE_CURVE('',#1499,#1500,#1311,.T.);
#1828=EDGE_CURVE('',#1500,#1499,#754,.T.);
#1829=EDGE_CURVE('',#1501,#1502,#1312,.T.);
#1830=EDGE_CURVE('',#1502,#1501,#755,.T.);
#1831=EDGE_CURVE('',#1503,#1504,#756,.T.);
#1832=EDGE_CURVE('',#1504,#1503,#1313,.T.);
#1833=EDGE_CURVE('',#1505,#1506,#757,.T.);
#1834=EDGE_CURVE('',#1506,#1505,#1314,.T.);
#1835=EDGE_CURVE('',#1406,#1507,#758,.T.);
#1836=EDGE_CURVE('',#1507,#1437,#759,.T.);
#1837=EDGE_CURVE('',#1508,#1439,#760,.T.);
#1838=EDGE_CURVE('',#1508,#1507,#761,.T.);
#1839=EDGE_CURVE('',#1438,#1508,#762,.T.);
#1840=EDGE_CURVE('',#1418,#1509,#763,.T.);
#1841=EDGE_CURVE('',#1509,#1425,#764,.T.);
#1842=EDGE_CURVE('',#1510,#1427,#765,.T.);
#1843=EDGE_CURVE('',#1510,#1509,#766,.T.);
#1844=EDGE_CURVE('',#1426,#1510,#767,.T.);
#1845=EDGE_CURVE('',#1422,#1511,#768,.T.);
#1846=EDGE_CURVE('',#1511,#1384,#769,.T.);
#1847=EDGE_CURVE('',#1512,#1423,#770,.T.);
#1848=EDGE_CURVE('',#1512,#1511,#771,.T.);
#1849=EDGE_CURVE('',#1385,#1512,#772,.T.);
#1850=EDGE_CURVE('',#1402,#1513,#773,.T.);
#1851=EDGE_CURVE('',#1513,#1441,#774,.T.);
#1852=EDGE_CURVE('',#1514,#1443,#775,.T.);
#1853=EDGE_CURVE('',#1514,#1513,#776,.T.);
#1854=EDGE_CURVE('',#1442,#1514,#777,.T.);
#1855=EDGE_CURVE('',#1410,#1515,#778,.T.);
#1856=EDGE_CURVE('',#1515,#1433,#779,.T.);
#1857=EDGE_CURVE('',#1516,#1435,#780,.T.);
#1858=EDGE_CURVE('',#1516,#1515,#781,.T.);
#1859=EDGE_CURVE('',#1434,#1516,#782,.T.);
#1860=EDGE_CURVE('',#1386,#1517,#783,.T.);
#1861=EDGE_CURVE('',#1517,#1459,#784,.T.);
#1862=EDGE_CURVE('',#1518,#1379,#785,.T.);
#1863=EDGE_CURVE('',#1518,#1517,#786,.T.);
#1864=EDGE_CURVE('',#1460,#1518,#787,.T.);
#1865=EDGE_CURVE('',#1414,#1519,#788,.T.);
#1866=EDGE_CURVE('',#1519,#1429,#789,.T.);
#1867=EDGE_CURVE('',#1520,#1431,#790,.T.);
#1868=EDGE_CURVE('',#1520,#1519,#791,.T.);
#1869=EDGE_CURVE('',#1430,#1520,#792,.T.);
#1870=EDGE_CURVE('',#1476,#1445,#793,.T.);
#1871=EDGE_CURVE('',#1446,#1475,#794,.T.);
#1872=EDGE_CURVE('',#1521,#1522,#795,.T.);
#1873=EDGE_CURVE('',#1523,#1521,#1315,.T.);
#1874=EDGE_CURVE('',#1524,#1523,#796,.T.);
#1875=EDGE_CURVE('',#1522,#1524,#1316,.T.);
#1876=EDGE_CURVE('',#1525,#1526,#797,.T.);
#1877=EDGE_CURVE('',#1527,#1525,#1317,.T.);
#1878=EDGE_CURVE('',#1528,#1527,#798,.T.);
#1879=EDGE_CURVE('',#1526,#1528,#1318,.T.);
#1880=EDGE_CURVE('',#1522,#1501,#799,.T.);
#1881=EDGE_CURVE('',#1502,#1524,#800,.T.);
#1882=EDGE_CURVE('',#1505,#1525,#801,.T.);
#1883=EDGE_CURVE('',#1527,#1506,#802,.T.);
#1884=EDGE_CURVE('',#1529,#1530,#803,.T.);
#1885=EDGE_CURVE('',#1531,#1529,#1319,.T.);
#1886=EDGE_CURVE('',#1532,#1531,#804,.T.);
#1887=EDGE_CURVE('',#1530,#1532,#1320,.T.);
#1888=EDGE_CURVE('',#1533,#1534,#805,.T.);
#1889=EDGE_CURVE('',#1535,#1533,#1321,.T.);
#1890=EDGE_CURVE('',#1536,#1535,#806,.T.);
#1891=EDGE_CURVE('',#1534,#1536,#1322,.T.);
#1892=EDGE_CURVE('',#1530,#1499,#807,.T.);
#1893=EDGE_CURVE('',#1500,#1532,#808,.T.);
#1894=EDGE_CURVE('',#1503,#1533,#809,.T.);
#1895=EDGE_CURVE('',#1535,#1504,#810,.T.);
#1896=EDGE_CURVE('',#1528,#1537,#811,.T.);
#1897=EDGE_CURVE('',#1538,#1537,#1323,.T.);
#1898=EDGE_CURVE('',#1526,#1538,#812,.T.);
#1899=EDGE_CURVE('',#1523,#1539,#813,.T.);
#1900=EDGE_CURVE('',#1540,#1539,#107,.T.);
#1901=EDGE_CURVE('',#1541,#1540,#814,.T.);
#1902=EDGE_CURVE('',#1542,#1541,#108,.T.);
#1903=EDGE_CURVE('',#1521,#1542,#815,.T.);
#1904=EDGE_CURVE('',#1536,#1543,#816,.T.);
#1905=EDGE_CURVE('',#1544,#1543,#1324,.T.);
#1906=EDGE_CURVE('',#1534,#1544,#817,.T.);
#1907=EDGE_CURVE('',#1531,#1545,#818,.T.);
#1908=EDGE_CURVE('',#1546,#1545,#109,.T.);
#1909=EDGE_CURVE('',#1547,#1546,#819,.T.);
#1910=EDGE_CURVE('',#1548,#1547,#110,.T.);
#1911=EDGE_CURVE('',#1529,#1548,#820,.T.);
#1912=EDGE_CURVE('',#1541,#1540,#1325,.T.);
#1913=EDGE_CURVE('',#1539,#1542,#1326,.T.);
#1914=EDGE_CURVE('',#1537,#1549,#111,.T.);
#1915=EDGE_CURVE('',#1549,#1550,#1327,.T.);
#1916=EDGE_CURVE('',#1550,#1538,#112,.T.);
#1917=EDGE_CURVE('',#1549,#1550,#821,.T.);
#1918=EDGE_CURVE('',#1543,#1551,#113,.T.);
#1919=EDGE_CURVE('',#1551,#1552,#1328,.T.);
#1920=EDGE_CURVE('',#1552,#1544,#114,.T.);
#1921=EDGE_CURVE('',#1551,#1552,#822,.T.);
#1922=EDGE_CURVE('',#1547,#1546,#1329,.T.);
#1923=EDGE_CURVE('',#1545,#1548,#1330,.T.);
#1924=EDGE_CURVE('',#1490,#1454,#823,.T.);
#1925=EDGE_CURVE('',#1489,#1455,#824,.T.);
#1926=EDGE_CURVE('',#1496,#1469,#825,.T.);
#1927=EDGE_CURVE('',#1495,#1463,#826,.T.);
#1928=EDGE_CURVE('',#1393,#1480,#827,.T.);
#1929=EDGE_CURVE('',#1392,#1486,#828,.T.);
#1930=EDGE_CURVE('',#1491,#1458,#829,.T.);
#1931=EDGE_CURVE('',#1492,#1449,#830,.T.);
#1932=EDGE_CURVE('',#1493,#1448,#831,.T.);
#1933=EDGE_CURVE('',#1494,#1464,#832,.T.);
#1934=EDGE_CURVE('',#1497,#1471,#833,.T.);
#1935=EDGE_CURVE('',#1498,#1473,#834,.T.);
#1936=EDGE_CURVE('',#1553,#1553,#1331,.T.);
#1937=EDGE_CURVE('',#1553,#1554,#835,.T.);
#1938=EDGE_CURVE('',#1554,#1555,#1332,.T.);
#1939=EDGE_CURVE('',#1555,#1554,#1333,.T.);
#1940=EDGE_CURVE('',#1555,#1556,#836,.T.);
#1941=EDGE_CURVE('',#1556,#1556,#1334,.T.);
#1942=EDGE_CURVE('',#1557,#1557,#1335,.T.);
#1943=EDGE_CURVE('',#1557,#1558,#837,.T.);
#1944=EDGE_CURVE('',#1558,#1559,#1336,.T.);
#1945=EDGE_CURVE('',#1559,#1558,#1337,.T.);
#1946=EDGE_CURVE('',#1559,#1560,#838,.T.);
#1947=EDGE_CURVE('',#1560,#1560,#1338,.T.);
#1948=EDGE_CURVE('',#1561,#1561,#1339,.T.);
#1949=EDGE_CURVE('',#1561,#1562,#839,.T.);
#1950=EDGE_CURVE('',#1562,#1563,#1340,.T.);
#1951=EDGE_CURVE('',#1563,#1562,#1341,.T.);
#1952=EDGE_CURVE('',#1563,#1564,#840,.T.);
#1953=EDGE_CURVE('',#1564,#1564,#1342,.T.);
#1954=EDGE_CURVE('',#1565,#1565,#1343,.T.);
#1955=EDGE_CURVE('',#1565,#1566,#841,.T.);
#1956=EDGE_CURVE('',#1566,#1567,#1344,.T.);
#1957=EDGE_CURVE('',#1567,#1566,#1345,.T.);
#1958=EDGE_CURVE('',#1567,#1568,#842,.T.);
#1959=EDGE_CURVE('',#1568,#1568,#1346,.T.);
#1960=EDGE_CURVE('',#1569,#1569,#1347,.T.);
#1961=EDGE_CURVE('',#1569,#1570,#843,.T.);
#1962=EDGE_CURVE('',#1570,#1571,#1348,.T.);
#1963=EDGE_CURVE('',#1571,#1570,#1349,.T.);
#1964=EDGE_CURVE('',#1571,#1572,#844,.T.);
#1965=EDGE_CURVE('',#1572,#1572,#1350,.T.);
#1966=EDGE_CURVE('',#1573,#1573,#1351,.T.);
#1967=EDGE_CURVE('',#1573,#1574,#845,.T.);
#1968=EDGE_CURVE('',#1574,#1575,#1352,.T.);
#1969=EDGE_CURVE('',#1575,#1574,#1353,.T.);
#1970=EDGE_CURVE('',#1575,#1576,#846,.T.);
#1971=EDGE_CURVE('',#1576,#1576,#1354,.T.);
#1972=EDGE_CURVE('',#1577,#1577,#1355,.T.);
#1973=EDGE_CURVE('',#1577,#1578,#847,.T.);
#1974=EDGE_CURVE('',#1578,#1579,#1356,.T.);
#1975=EDGE_CURVE('',#1579,#1578,#1357,.T.);
#1976=EDGE_CURVE('',#1579,#1580,#848,.T.);
#1977=EDGE_CURVE('',#1580,#1580,#1358,.T.);
#1978=EDGE_CURVE('',#1581,#1581,#1359,.T.);
#1979=EDGE_CURVE('',#1581,#1582,#849,.T.);
#1980=EDGE_CURVE('',#1582,#1583,#1360,.T.);
#1981=EDGE_CURVE('',#1583,#1582,#1361,.T.);
#1982=EDGE_CURVE('',#1583,#1584,#850,.T.);
#1983=EDGE_CURVE('',#1584,#1584,#1362,.T.);
#1984=EDGE_CURVE('',#1585,#1586,#1363,.T.);
#1985=EDGE_CURVE('',#1586,#1587,#851,.T.);
#1986=EDGE_CURVE('',#1587,#1588,#1364,.T.);
#1987=EDGE_CURVE('',#1588,#1585,#852,.T.);
#1988=EDGE_CURVE('',#1589,#1585,#853,.T.);
#1989=EDGE_CURVE('',#1589,#1590,#854,.T.);
#1990=EDGE_CURVE('',#1590,#1591,#855,.T.);
#1991=EDGE_CURVE('',#1586,#1591,#856,.T.);
#1992=EDGE_CURVE('',#1592,#1588,#857,.T.);
#1993=EDGE_CURVE('',#1592,#1589,#858,.T.);
#1994=EDGE_CURVE('',#1593,#1587,#859,.T.);
#1995=EDGE_CURVE('',#1594,#1593,#860,.T.);
#1996=EDGE_CURVE('',#1594,#1592,#861,.T.);
#1997=EDGE_CURVE('',#1590,#1594,#862,.T.);
#1998=EDGE_CURVE('',#1591,#1593,#863,.T.);
#1999=EDGE_CURVE('',#1595,#1596,#1365,.T.);
#2000=EDGE_CURVE('',#1596,#1597,#864,.T.);
#2001=EDGE_CURVE('',#1597,#1598,#1366,.T.);
#2002=EDGE_CURVE('',#1598,#1595,#865,.T.);
#2003=EDGE_CURVE('',#1599,#1595,#866,.T.);
#2004=EDGE_CURVE('',#1599,#1600,#867,.T.);
#2005=EDGE_CURVE('',#1600,#1601,#868,.T.);
#2006=EDGE_CURVE('',#1596,#1601,#869,.T.);
#2007=EDGE_CURVE('',#1602,#1598,#870,.T.);
#2008=EDGE_CURVE('',#1602,#1599,#871,.T.);
#2009=EDGE_CURVE('',#1603,#1597,#872,.T.);
#2010=EDGE_CURVE('',#1604,#1603,#873,.T.);
#2011=EDGE_CURVE('',#1604,#1602,#874,.T.);
#2012=EDGE_CURVE('',#1600,#1604,#875,.T.);
#2013=EDGE_CURVE('',#1601,#1603,#876,.T.);
#2014=EDGE_CURVE('',#1605,#1606,#1367,.T.);
#2015=EDGE_CURVE('',#1606,#1607,#877,.T.);
#2016=EDGE_CURVE('',#1607,#1608,#1368,.T.);
#2017=EDGE_CURVE('',#1608,#1605,#878,.T.);
#2018=EDGE_CURVE('',#1609,#1605,#879,.T.);
#2019=EDGE_CURVE('',#1609,#1610,#880,.T.);
#2020=EDGE_CURVE('',#1610,#1611,#881,.T.);
#2021=EDGE_CURVE('',#1606,#1611,#882,.T.);
#2022=EDGE_CURVE('',#1612,#1608,#883,.T.);
#2023=EDGE_CURVE('',#1612,#1609,#884,.T.);
#2024=EDGE_CURVE('',#1613,#1607,#885,.T.);
#2025=EDGE_CURVE('',#1614,#1613,#886,.T.);
#2026=EDGE_CURVE('',#1614,#1612,#887,.T.);
#2027=EDGE_CURVE('',#1610,#1614,#888,.T.);
#2028=EDGE_CURVE('',#1611,#1613,#889,.T.);
#2029=EDGE_CURVE('',#1615,#1616,#1369,.T.);
#2030=EDGE_CURVE('',#1616,#1617,#890,.T.);
#2031=EDGE_CURVE('',#1617,#1618,#1370,.T.);
#2032=EDGE_CURVE('',#1618,#1615,#891,.T.);
#2033=EDGE_CURVE('',#1619,#1615,#892,.T.);
#2034=EDGE_CURVE('',#1619,#1620,#893,.T.);
#2035=EDGE_CURVE('',#1620,#1621,#894,.T.);
#2036=EDGE_CURVE('',#1616,#1621,#895,.T.);
#2037=EDGE_CURVE('',#1622,#1618,#896,.T.);
#2038=EDGE_CURVE('',#1622,#1619,#897,.T.);
#2039=EDGE_CURVE('',#1623,#1617,#898,.T.);
#2040=EDGE_CURVE('',#1624,#1623,#899,.T.);
#2041=EDGE_CURVE('',#1624,#1622,#900,.T.);
#2042=EDGE_CURVE('',#1620,#1624,#901,.T.);
#2043=EDGE_CURVE('',#1621,#1623,#902,.T.);
#2044=EDGE_CURVE('',#1625,#1626,#1371,.T.);
#2045=EDGE_CURVE('',#1626,#1627,#903,.T.);
#2046=EDGE_CURVE('',#1627,#1628,#1372,.T.);
#2047=EDGE_CURVE('',#1628,#1625,#904,.T.);
#2048=EDGE_CURVE('',#1629,#1625,#905,.T.);
#2049=EDGE_CURVE('',#1629,#1630,#906,.T.);
#2050=EDGE_CURVE('',#1630,#1631,#907,.T.);
#2051=EDGE_CURVE('',#1626,#1631,#908,.T.);
#2052=EDGE_CURVE('',#1632,#1628,#909,.T.);
#2053=EDGE_CURVE('',#1632,#1629,#910,.T.);
#2054=EDGE_CURVE('',#1633,#1627,#911,.T.);
#2055=EDGE_CURVE('',#1634,#1633,#912,.T.);
#2056=EDGE_CURVE('',#1634,#1632,#913,.T.);
#2057=EDGE_CURVE('',#1630,#1634,#914,.T.);
#2058=EDGE_CURVE('',#1631,#1633,#915,.T.);
#2059=EDGE_CURVE('',#1635,#1636,#1373,.T.);
#2060=EDGE_CURVE('',#1636,#1637,#916,.T.);
#2061=EDGE_CURVE('',#1637,#1638,#1374,.T.);
#2062=EDGE_CURVE('',#1638,#1635,#917,.T.);
#2063=EDGE_CURVE('',#1639,#1635,#918,.T.);
#2064=EDGE_CURVE('',#1639,#1640,#919,.T.);
#2065=EDGE_CURVE('',#1640,#1641,#920,.T.);
#2066=EDGE_CURVE('',#1636,#1641,#921,.T.);
#2067=EDGE_CURVE('',#1642,#1638,#922,.T.);
#2068=EDGE_CURVE('',#1642,#1639,#923,.T.);
#2069=EDGE_CURVE('',#1643,#1637,#924,.T.);
#2070=EDGE_CURVE('',#1644,#1643,#925,.T.);
#2071=EDGE_CURVE('',#1644,#1642,#926,.T.);
#2072=EDGE_CURVE('',#1640,#1644,#927,.T.);
#2073=EDGE_CURVE('',#1641,#1643,#928,.T.);
#2074=EDGE_CURVE('',#1645,#1646,#1375,.T.);
#2075=EDGE_CURVE('',#1646,#1647,#929,.T.);
#2076=EDGE_CURVE('',#1647,#1648,#1376,.T.);
#2077=EDGE_CURVE('',#1648,#1645,#930,.T.);
#2078=EDGE_CURVE('',#1649,#1645,#931,.T.);
#2079=EDGE_CURVE('',#1649,#1650,#932,.T.);
#2080=EDGE_CURVE('',#1650,#1651,#933,.T.);
#2081=EDGE_CURVE('',#1646,#1651,#934,.T.);
#2082=EDGE_CURVE('',#1652,#1648,#935,.T.);
#2083=EDGE_CURVE('',#1652,#1649,#936,.T.);
#2084=EDGE_CURVE('',#1653,#1647,#937,.T.);
#2085=EDGE_CURVE('',#1654,#1653,#938,.T.);
#2086=EDGE_CURVE('',#1654,#1652,#939,.T.);
#2087=EDGE_CURVE('',#1650,#1654,#940,.T.);
#2088=EDGE_CURVE('',#1651,#1653,#941,.T.);
#2089=EDGE_CURVE('',#1655,#1656,#1377,.T.);
#2090=EDGE_CURVE('',#1656,#1657,#942,.T.);
#2091=EDGE_CURVE('',#1657,#1658,#1378,.T.);
#2092=EDGE_CURVE('',#1658,#1655,#943,.T.);
#2093=EDGE_CURVE('',#1659,#1655,#944,.T.);
#2094=EDGE_CURVE('',#1659,#1660,#945,.T.);
#2095=EDGE_CURVE('',#1660,#1661,#946,.T.);
#2096=EDGE_CURVE('',#1656,#1661,#947,.T.);
#2097=EDGE_CURVE('',#1662,#1658,#948,.T.);
#2098=EDGE_CURVE('',#1662,#1659,#949,.T.);
#2099=EDGE_CURVE('',#1663,#1657,#950,.T.);
#2100=EDGE_CURVE('',#1664,#1663,#951,.T.);
#2101=EDGE_CURVE('',#1664,#1662,#952,.T.);
#2102=EDGE_CURVE('',#1660,#1664,#953,.T.);
#2103=EDGE_CURVE('',#1661,#1663,#954,.T.);
#2104=ORIENTED_EDGE('',*,*,#1665,.T.);
#2105=ORIENTED_EDGE('',*,*,#1666,.T.);
#2106=ORIENTED_EDGE('',*,*,#1667,.T.);
#2107=ORIENTED_EDGE('',*,*,#1668,.T.);
#2108=ORIENTED_EDGE('',*,*,#1667,.F.);
#2109=ORIENTED_EDGE('',*,*,#1669,.F.);
#2110=ORIENTED_EDGE('',*,*,#1670,.T.);
#2111=ORIENTED_EDGE('',*,*,#1671,.T.);
#2112=ORIENTED_EDGE('',*,*,#1672,.F.);
#2113=ORIENTED_EDGE('',*,*,#1666,.F.);
#2114=ORIENTED_EDGE('',*,*,#1673,.T.);
#2115=ORIENTED_EDGE('',*,*,#1674,.T.);
#2116=ORIENTED_EDGE('',*,*,#1675,.T.);
#2117=ORIENTED_EDGE('',*,*,#1676,.F.);
#2118=ORIENTED_EDGE('',*,*,#1677,.F.);
#2119=ORIENTED_EDGE('',*,*,#1678,.F.);
#2120=ORIENTED_EDGE('',*,*,#1679,.T.);
#2121=ORIENTED_EDGE('',*,*,#1680,.T.);
#2122=ORIENTED_EDGE('',*,*,#1681,.T.);
#2123=ORIENTED_EDGE('',*,*,#1682,.F.);
#2124=ORIENTED_EDGE('',*,*,#1683,.F.);
#2125=ORIENTED_EDGE('',*,*,#1684,.F.);
#2126=ORIENTED_EDGE('',*,*,#1685,.T.);
#2127=ORIENTED_EDGE('',*,*,#1686,.T.);
#2128=ORIENTED_EDGE('',*,*,#1687,.T.);
#2129=ORIENTED_EDGE('',*,*,#1688,.F.);
#2130=ORIENTED_EDGE('',*,*,#1689,.T.);
#2131=ORIENTED_EDGE('',*,*,#1690,.T.);
#2132=ORIENTED_EDGE('',*,*,#1691,.T.);
#2133=ORIENTED_EDGE('',*,*,#1692,.F.);
#2134=ORIENTED_EDGE('',*,*,#1693,.T.);
#2135=ORIENTED_EDGE('',*,*,#1694,.T.);
#2136=ORIENTED_EDGE('',*,*,#1695,.T.);
#2137=ORIENTED_EDGE('',*,*,#1696,.F.);
#2138=ORIENTED_EDGE('',*,*,#1697,.T.);
#2139=ORIENTED_EDGE('',*,*,#1698,.T.);
#2140=ORIENTED_EDGE('',*,*,#1699,.T.);
#2141=ORIENTED_EDGE('',*,*,#1700,.F.);
#2142=ORIENTED_EDGE('',*,*,#1701,.T.);
#2143=ORIENTED_EDGE('',*,*,#1702,.T.);
#2144=ORIENTED_EDGE('',*,*,#1703,.T.);
#2145=ORIENTED_EDGE('',*,*,#1704,.F.);
#2146=ORIENTED_EDGE('',*,*,#1705,.T.);
#2147=ORIENTED_EDGE('',*,*,#1706,.T.);
#2148=ORIENTED_EDGE('',*,*,#1707,.T.);
#2149=ORIENTED_EDGE('',*,*,#1708,.F.);
#2150=ORIENTED_EDGE('',*,*,#1709,.T.);
#2151=ORIENTED_EDGE('',*,*,#1710,.T.);
#2152=ORIENTED_EDGE('',*,*,#1669,.T.);
#2153=ORIENTED_EDGE('',*,*,#1711,.T.);
#2154=ORIENTED_EDGE('',*,*,#1708,.T.);
#2155=ORIENTED_EDGE('',*,*,#1712,.T.);
#2156=ORIENTED_EDGE('',*,*,#1713,.T.);
#2157=ORIENTED_EDGE('',*,*,#1712,.F.);
#2158=ORIENTED_EDGE('',*,*,#1707,.F.);
#2159=ORIENTED_EDGE('',*,*,#1714,.T.);
#2160=ORIENTED_EDGE('',*,*,#1715,.T.);
#2161=ORIENTED_EDGE('',*,*,#1716,.F.);
#2162=ORIENTED_EDGE('',*,*,#1717,.T.);
#2163=ORIENTED_EDGE('',*,*,#1704,.T.);
#2164=ORIENTED_EDGE('',*,*,#1718,.T.);
#2165=ORIENTED_EDGE('',*,*,#1719,.T.);
#2166=ORIENTED_EDGE('',*,*,#1718,.F.);
#2167=ORIENTED_EDGE('',*,*,#1703,.F.);
#2168=ORIENTED_EDGE('',*,*,#1720,.T.);
#2169=ORIENTED_EDGE('',*,*,#1721,.T.);
#2170=ORIENTED_EDGE('',*,*,#1722,.F.);
#2171=ORIENTED_EDGE('',*,*,#1723,.T.);
#2172=ORIENTED_EDGE('',*,*,#1700,.T.);
#2173=ORIENTED_EDGE('',*,*,#1724,.T.);
#2174=ORIENTED_EDGE('',*,*,#1725,.T.);
#2175=ORIENTED_EDGE('',*,*,#1724,.F.);
#2176=ORIENTED_EDGE('',*,*,#1699,.F.);
#2177=ORIENTED_EDGE('',*,*,#1726,.T.);
#2178=ORIENTED_EDGE('',*,*,#1727,.T.);
#2179=ORIENTED_EDGE('',*,*,#1728,.F.);
#2180=ORIENTED_EDGE('',*,*,#1729,.T.);
#2181=ORIENTED_EDGE('',*,*,#1696,.T.);
#2182=ORIENTED_EDGE('',*,*,#1730,.T.);
#2183=ORIENTED_EDGE('',*,*,#1731,.T.);
#2184=ORIENTED_EDGE('',*,*,#1730,.F.);
#2185=ORIENTED_EDGE('',*,*,#1695,.F.);
#2186=ORIENTED_EDGE('',*,*,#1732,.T.);
#2187=ORIENTED_EDGE('',*,*,#1733,.T.);
#2188=ORIENTED_EDGE('',*,*,#1734,.F.);
#2189=ORIENTED_EDGE('',*,*,#1735,.T.);
#2190=ORIENTED_EDGE('',*,*,#1692,.T.);
#2191=ORIENTED_EDGE('',*,*,#1736,.T.);
#2192=ORIENTED_EDGE('',*,*,#1737,.T.);
#2193=ORIENTED_EDGE('',*,*,#1736,.F.);
#2194=ORIENTED_EDGE('',*,*,#1691,.F.);
#2195=ORIENTED_EDGE('',*,*,#1738,.T.);
#2196=ORIENTED_EDGE('',*,*,#1739,.T.);
#2197=ORIENTED_EDGE('',*,*,#1740,.F.);
#2198=ORIENTED_EDGE('',*,*,#1741,.T.);
#2199=ORIENTED_EDGE('',*,*,#1688,.T.);
#2200=ORIENTED_EDGE('',*,*,#1742,.T.);
#2201=ORIENTED_EDGE('',*,*,#1743,.T.);
#2202=ORIENTED_EDGE('',*,*,#1742,.F.);
#2203=ORIENTED_EDGE('',*,*,#1687,.F.);
#2204=ORIENTED_EDGE('',*,*,#1744,.T.);
#2205=ORIENTED_EDGE('',*,*,#1745,.T.);
#2206=ORIENTED_EDGE('',*,*,#1746,.F.);
#2207=ORIENTED_EDGE('',*,*,#1747,.T.);
#2208=ORIENTED_EDGE('',*,*,#1748,.T.);
#2209=ORIENTED_EDGE('',*,*,#1749,.T.);
#2210=ORIENTED_EDGE('',*,*,#1676,.T.);
#2211=ORIENTED_EDGE('',*,*,#1750,.T.);
#2212=ORIENTED_EDGE('',*,*,#1677,.T.);
#2213=ORIENTED_EDGE('',*,*,#1749,.F.);
#2214=ORIENTED_EDGE('',*,*,#1751,.T.);
#2215=ORIENTED_EDGE('',*,*,#1678,.T.);
#2216=ORIENTED_EDGE('',*,*,#1750,.F.);
#2217=ORIENTED_EDGE('',*,*,#1752,.T.);
#2218=ORIENTED_EDGE('',*,*,#1753,.T.);
#2219=ORIENTED_EDGE('',*,*,#1754,.T.);
#2220=ORIENTED_EDGE('',*,*,#1753,.F.);
#2221=ORIENTED_EDGE('',*,*,#1755,.T.);
#2222=ORIENTED_EDGE('',*,*,#1756,.T.);
#2223=ORIENTED_EDGE('',*,*,#1757,.T.);
#2224=ORIENTED_EDGE('',*,*,#1758,.T.);
#2225=ORIENTED_EDGE('',*,*,#1759,.T.);
#2226=ORIENTED_EDGE('',*,*,#1760,.T.);
#2227=ORIENTED_EDGE('',*,*,#1761,.T.);
#2228=ORIENTED_EDGE('',*,*,#1762,.T.);
#2229=ORIENTED_EDGE('',*,*,#1757,.F.);
#2230=ORIENTED_EDGE('',*,*,#1763,.T.);
#2231=ORIENTED_EDGE('',*,*,#1764,.T.);
#2232=ORIENTED_EDGE('',*,*,#1761,.F.);
#2233=ORIENTED_EDGE('',*,*,#1765,.T.);
#2234=ORIENTED_EDGE('',*,*,#1756,.F.);
#2235=ORIENTED_EDGE('',*,*,#1747,.F.);
#2236=ORIENTED_EDGE('',*,*,#1675,.F.);
#2237=ORIENTED_EDGE('',*,*,#1766,.T.);
#2238=ORIENTED_EDGE('',*,*,#1767,.T.);
#2239=ORIENTED_EDGE('',*,*,#1768,.F.);
#2240=ORIENTED_EDGE('',*,*,#1754,.F.);
#2241=ORIENTED_EDGE('',*,*,#1769,.T.);
#2242=ORIENTED_EDGE('',*,*,#1770,.F.);
#2243=ORIENTED_EDGE('',*,*,#1679,.F.);
#2244=ORIENTED_EDGE('',*,*,#1765,.F.);
#2245=ORIENTED_EDGE('',*,*,#1763,.F.);
#2246=ORIENTED_EDGE('',*,*,#1760,.F.);
#2247=ORIENTED_EDGE('',*,*,#1771,.F.);
#2248=ORIENTED_EDGE('',*,*,#1769,.F.);
#2249=ORIENTED_EDGE('',*,*,#1772,.T.);
#2250=ORIENTED_EDGE('',*,*,#1773,.T.);
#2251=ORIENTED_EDGE('',*,*,#1682,.T.);
#2252=ORIENTED_EDGE('',*,*,#1774,.T.);
#2253=ORIENTED_EDGE('',*,*,#1775,.T.);
#2254=ORIENTED_EDGE('',*,*,#1683,.T.);
#2255=ORIENTED_EDGE('',*,*,#1773,.F.);
#2256=ORIENTED_EDGE('',*,*,#1776,.T.);
#2257=ORIENTED_EDGE('',*,*,#1777,.T.);
#2258=ORIENTED_EDGE('',*,*,#1684,.T.);
#2259=ORIENTED_EDGE('',*,*,#1775,.F.);
#2260=ORIENTED_EDGE('',*,*,#1778,.T.);
#2261=ORIENTED_EDGE('',*,*,#1779,.T.);
#2262=ORIENTED_EDGE('',*,*,#1774,.F.);
#2263=ORIENTED_EDGE('',*,*,#1780,.T.);
#2264=ORIENTED_EDGE('',*,*,#1781,.T.);
#2265=ORIENTED_EDGE('',*,*,#1782,.T.);
#2266=ORIENTED_EDGE('',*,*,#1783,.T.);
#2267=ORIENTED_EDGE('',*,*,#1784,.T.);
#2268=ORIENTED_EDGE('',*,*,#1781,.F.);
#2269=ORIENTED_EDGE('',*,*,#1785,.T.);
#2270=ORIENTED_EDGE('',*,*,#1786,.T.);
#2271=ORIENTED_EDGE('',*,*,#1783,.F.);
#2272=ORIENTED_EDGE('',*,*,#1787,.T.);
#2273=ORIENTED_EDGE('',*,*,#1788,.T.);
#2274=ORIENTED_EDGE('',*,*,#1789,.T.);
#2275=ORIENTED_EDGE('',*,*,#1785,.F.);
#2276=ORIENTED_EDGE('',*,*,#1790,.T.);
#2277=ORIENTED_EDGE('',*,*,#1790,.F.);
#2278=ORIENTED_EDGE('',*,*,#1787,.F.);
#2279=ORIENTED_EDGE('',*,*,#1782,.F.);
#2280=ORIENTED_EDGE('',*,*,#1791,.F.);
#2281=ORIENTED_EDGE('',*,*,#1792,.F.);
#2282=ORIENTED_EDGE('',*,*,#1780,.F.);
#2283=ORIENTED_EDGE('',*,*,#1681,.F.);
#2284=ORIENTED_EDGE('',*,*,#1793,.T.);
#2285=ORIENTED_EDGE('',*,*,#1791,.T.);
#2286=ORIENTED_EDGE('',*,*,#1777,.F.);
#2287=ORIENTED_EDGE('',*,*,#1794,.F.);
#2288=ORIENTED_EDGE('',*,*,#1795,.T.);
#2289=ORIENTED_EDGE('',*,*,#1796,.F.);
#2290=ORIENTED_EDGE('',*,*,#1685,.F.);
#2291=ORIENTED_EDGE('',*,*,#1797,.T.);
#2292=ORIENTED_EDGE('',*,*,#1798,.T.);
#2293=ORIENTED_EDGE('',*,*,#1799,.T.);
#2294=ORIENTED_EDGE('',*,*,#1800,.F.);
#2295=ORIENTED_EDGE('',*,*,#1801,.F.);
#2296=ORIENTED_EDGE('',*,*,#1802,.F.);
#2297=ORIENTED_EDGE('',*,*,#1803,.F.);
#2298=ORIENTED_EDGE('',*,*,#1804,.T.);
#2299=ORIENTED_EDGE('',*,*,#1805,.T.);
#2300=ORIENTED_EDGE('',*,*,#1802,.T.);
#2301=ORIENTED_EDGE('',*,*,#1806,.T.);
#2302=ORIENTED_EDGE('',*,*,#1807,.T.);
#2303=ORIENTED_EDGE('',*,*,#1803,.T.);
#2304=ORIENTED_EDGE('',*,*,#1808,.T.);
#2305=ORIENTED_EDGE('',*,*,#1798,.F.);
#2306=ORIENTED_EDGE('',*,*,#1809,.T.);
#2307=ORIENTED_EDGE('',*,*,#1801,.T.);
#2308=ORIENTED_EDGE('',*,*,#1810,.T.);
#2309=ORIENTED_EDGE('',*,*,#1811,.T.);
#2310=ORIENTED_EDGE('',*,*,#1812,.T.);
#2311=ORIENTED_EDGE('',*,*,#1811,.F.);
#2312=ORIENTED_EDGE('',*,*,#1813,.T.);
#2313=ORIENTED_EDGE('',*,*,#1800,.T.);
#2314=ORIENTED_EDGE('',*,*,#1808,.F.);
#2315=ORIENTED_EDGE('',*,*,#1805,.F.);
#2316=ORIENTED_EDGE('',*,*,#1814,.T.);
#2317=ORIENTED_EDGE('',*,*,#1815,.T.);
#2318=ORIENTED_EDGE('',*,*,#1804,.F.);
#2319=ORIENTED_EDGE('',*,*,#1816,.F.);
#2320=ORIENTED_EDGE('',*,*,#1817,.F.);
#2321=ORIENTED_EDGE('',*,*,#1818,.F.);
#2322=ORIENTED_EDGE('',*,*,#1819,.F.);
#2323=ORIENTED_EDGE('',*,*,#1820,.F.);
#2324=ORIENTED_EDGE('',*,*,#1821,.F.);
#2325=ORIENTED_EDGE('',*,*,#1822,.F.);
#2326=ORIENTED_EDGE('',*,*,#1823,.F.);
#2327=ORIENTED_EDGE('',*,*,#1824,.F.);
#2328=ORIENTED_EDGE('',*,*,#1825,.F.);
#2329=ORIENTED_EDGE('',*,*,#1826,.F.);
#2330=ORIENTED_EDGE('',*,*,#1814,.F.);
#2331=ORIENTED_EDGE('',*,*,#1827,.T.);
#2332=ORIENTED_EDGE('',*,*,#1828,.T.);
#2333=ORIENTED_EDGE('',*,*,#1829,.T.);
#2334=ORIENTED_EDGE('',*,*,#1830,.T.);
#2335=ORIENTED_EDGE('',*,*,#1831,.T.);
#2336=ORIENTED_EDGE('',*,*,#1832,.T.);
#2337=ORIENTED_EDGE('',*,*,#1833,.T.);
#2338=ORIENTED_EDGE('',*,*,#1834,.T.);
#2339=ORIENTED_EDGE('',*,*,#1797,.F.);
#2340=ORIENTED_EDGE('',*,*,#1813,.F.);
#2341=ORIENTED_EDGE('',*,*,#1810,.F.);
#2342=ORIENTED_EDGE('',*,*,#1807,.F.);
#2343=ORIENTED_EDGE('',*,*,#1694,.F.);
#2344=ORIENTED_EDGE('',*,*,#1835,.T.);
#2345=ORIENTED_EDGE('',*,*,#1836,.T.);
#2346=ORIENTED_EDGE('',*,*,#1732,.F.);
#2347=ORIENTED_EDGE('',*,*,#1735,.F.);
#2348=ORIENTED_EDGE('',*,*,#1837,.F.);
#2349=ORIENTED_EDGE('',*,*,#1838,.T.);
#2350=ORIENTED_EDGE('',*,*,#1835,.F.);
#2351=ORIENTED_EDGE('',*,*,#1693,.F.);
#2352=ORIENTED_EDGE('',*,*,#1838,.F.);
#2353=ORIENTED_EDGE('',*,*,#1839,.F.);
#2354=ORIENTED_EDGE('',*,*,#1733,.F.);
#2355=ORIENTED_EDGE('',*,*,#1836,.F.);
#2356=ORIENTED_EDGE('',*,*,#1706,.F.);
#2357=ORIENTED_EDGE('',*,*,#1840,.T.);
#2358=ORIENTED_EDGE('',*,*,#1841,.T.);
#2359=ORIENTED_EDGE('',*,*,#1714,.F.);
#2360=ORIENTED_EDGE('',*,*,#1717,.F.);
#2361=ORIENTED_EDGE('',*,*,#1842,.F.);
#2362=ORIENTED_EDGE('',*,*,#1843,.T.);
#2363=ORIENTED_EDGE('',*,*,#1840,.F.);
#2364=ORIENTED_EDGE('',*,*,#1705,.F.);
#2365=ORIENTED_EDGE('',*,*,#1843,.F.);
#2366=ORIENTED_EDGE('',*,*,#1844,.F.);
#2367=ORIENTED_EDGE('',*,*,#1715,.F.);
#2368=ORIENTED_EDGE('',*,*,#1841,.F.);
#2369=ORIENTED_EDGE('',*,*,#1710,.F.);
#2370=ORIENTED_EDGE('',*,*,#1845,.T.);
#2371=ORIENTED_EDGE('',*,*,#1846,.T.);
#2372=ORIENTED_EDGE('',*,*,#1670,.F.);
#2373=ORIENTED_EDGE('',*,*,#1711,.F.);
#2374=ORIENTED_EDGE('',*,*,#1847,.F.);
#2375=ORIENTED_EDGE('',*,*,#1848,.T.);
#2376=ORIENTED_EDGE('',*,*,#1845,.F.);
#2377=ORIENTED_EDGE('',*,*,#1709,.F.);
#2378=ORIENTED_EDGE('',*,*,#1848,.F.);
#2379=ORIENTED_EDGE('',*,*,#1849,.F.);
#2380=ORIENTED_EDGE('',*,*,#1671,.F.);
#2381=ORIENTED_EDGE('',*,*,#1846,.F.);
#2382=ORIENTED_EDGE('',*,*,#1690,.F.);
#2383=ORIENTED_EDGE('',*,*,#1850,.T.);
#2384=ORIENTED_EDGE('',*,*,#1851,.T.);
#2385=ORIENTED_EDGE('',*,*,#1738,.F.);
#2386=ORIENTED_EDGE('',*,*,#1741,.F.);
#2387=ORIENTED_EDGE('',*,*,#1852,.F.);
#2388=ORIENTED_EDGE('',*,*,#1853,.T.);
#2389=ORIENTED_EDGE('',*,*,#1850,.F.);
#2390=ORIENTED_EDGE('',*,*,#1689,.F.);
#2391=ORIENTED_EDGE('',*,*,#1853,.F.);
#2392=ORIENTED_EDGE('',*,*,#1854,.F.);
#2393=ORIENTED_EDGE('',*,*,#1739,.F.);
#2394=ORIENTED_EDGE('',*,*,#1851,.F.);
#2395=ORIENTED_EDGE('',*,*,#1698,.F.);
#2396=ORIENTED_EDGE('',*,*,#1855,.T.);
#2397=ORIENTED_EDGE('',*,*,#1856,.T.);
#2398=ORIENTED_EDGE('',*,*,#1726,.F.);
#2399=ORIENTED_EDGE('',*,*,#1729,.F.);
#2400=ORIENTED_EDGE('',*,*,#1857,.F.);
#2401=ORIENTED_EDGE('',*,*,#1858,.T.);
#2402=ORIENTED_EDGE('',*,*,#1855,.F.);
#2403=ORIENTED_EDGE('',*,*,#1697,.F.);
#2404=ORIENTED_EDGE('',*,*,#1858,.F.);
#2405=ORIENTED_EDGE('',*,*,#1859,.F.);
#2406=ORIENTED_EDGE('',*,*,#1727,.F.);
#2407=ORIENTED_EDGE('',*,*,#1856,.F.);
#2408=ORIENTED_EDGE('',*,*,#1674,.F.);
#2409=ORIENTED_EDGE('',*,*,#1860,.T.);
#2410=ORIENTED_EDGE('',*,*,#1861,.T.);
#2411=ORIENTED_EDGE('',*,*,#1766,.F.);
#2412=ORIENTED_EDGE('',*,*,#1665,.F.);
#2413=ORIENTED_EDGE('',*,*,#1862,.F.);
#2414=ORIENTED_EDGE('',*,*,#1863,.T.);
#2415=ORIENTED_EDGE('',*,*,#1860,.F.);
#2416=ORIENTED_EDGE('',*,*,#1673,.F.);
#2417=ORIENTED_EDGE('',*,*,#1863,.F.);
#2418=ORIENTED_EDGE('',*,*,#1864,.F.);
#2419=ORIENTED_EDGE('',*,*,#1767,.F.);
#2420=ORIENTED_EDGE('',*,*,#1861,.F.);
#2421=ORIENTED_EDGE('',*,*,#1702,.F.);
#2422=ORIENTED_EDGE('',*,*,#1865,.T.);
#2423=ORIENTED_EDGE('',*,*,#1866,.T.);
#2424=ORIENTED_EDGE('',*,*,#1720,.F.);
#2425=ORIENTED_EDGE('',*,*,#1723,.F.);
#2426=ORIENTED_EDGE('',*,*,#1867,.F.);
#2427=ORIENTED_EDGE('',*,*,#1868,.T.);
#2428=ORIENTED_EDGE('',*,*,#1865,.F.);
#2429=ORIENTED_EDGE('',*,*,#1701,.F.);
#2430=ORIENTED_EDGE('',*,*,#1868,.F.);
#2431=ORIENTED_EDGE('',*,*,#1869,.F.);
#2432=ORIENTED_EDGE('',*,*,#1721,.F.);
#2433=ORIENTED_EDGE('',*,*,#1866,.F.);
#2434=ORIENTED_EDGE('',*,*,#1686,.F.);
#2435=ORIENTED_EDGE('',*,*,#1796,.T.);
#2436=ORIENTED_EDGE('',*,*,#1870,.T.);
#2437=ORIENTED_EDGE('',*,*,#1744,.F.);
#2438=ORIENTED_EDGE('',*,*,#1795,.F.);
#2439=ORIENTED_EDGE('',*,*,#1871,.F.);
#2440=ORIENTED_EDGE('',*,*,#1745,.F.);
#2441=ORIENTED_EDGE('',*,*,#1870,.F.);
#2442=ORIENTED_EDGE('',*,*,#1872,.F.);
#2443=ORIENTED_EDGE('',*,*,#1873,.F.);
#2444=ORIENTED_EDGE('',*,*,#1874,.F.);
#2445=ORIENTED_EDGE('',*,*,#1875,.F.);
#2446=ORIENTED_EDGE('',*,*,#1876,.F.);
#2447=ORIENTED_EDGE('',*,*,#1877,.F.);
#2448=ORIENTED_EDGE('',*,*,#1878,.F.);
#2449=ORIENTED_EDGE('',*,*,#1879,.F.);
#2450=ORIENTED_EDGE('',*,*,#1880,.F.);
#2451=ORIENTED_EDGE('',*,*,#1875,.T.);
#2452=ORIENTED_EDGE('',*,*,#1881,.F.);
#2453=ORIENTED_EDGE('',*,*,#1829,.F.);
#2454=ORIENTED_EDGE('',*,*,#1882,.F.);
#2455=ORIENTED_EDGE('',*,*,#1834,.F.);
#2456=ORIENTED_EDGE('',*,*,#1883,.F.);
#2457=ORIENTED_EDGE('',*,*,#1877,.T.);
#2458=ORIENTED_EDGE('',*,*,#1884,.F.);
#2459=ORIENTED_EDGE('',*,*,#1885,.F.);
#2460=ORIENTED_EDGE('',*,*,#1886,.F.);
#2461=ORIENTED_EDGE('',*,*,#1887,.F.);
#2462=ORIENTED_EDGE('',*,*,#1888,.F.);
#2463=ORIENTED_EDGE('',*,*,#1889,.F.);
#2464=ORIENTED_EDGE('',*,*,#1890,.F.);
#2465=ORIENTED_EDGE('',*,*,#1891,.F.);
#2466=ORIENTED_EDGE('',*,*,#1892,.F.);
#2467=ORIENTED_EDGE('',*,*,#1887,.T.);
#2468=ORIENTED_EDGE('',*,*,#1893,.F.);
#2469=ORIENTED_EDGE('',*,*,#1827,.F.);
#2470=ORIENTED_EDGE('',*,*,#1894,.F.);
#2471=ORIENTED_EDGE('',*,*,#1832,.F.);
#2472=ORIENTED_EDGE('',*,*,#1895,.F.);
#2473=ORIENTED_EDGE('',*,*,#1889,.T.);
#2474=ORIENTED_EDGE('',*,*,#1879,.T.);
#2475=ORIENTED_EDGE('',*,*,#1896,.T.);
#2476=ORIENTED_EDGE('',*,*,#1897,.F.);
#2477=ORIENTED_EDGE('',*,*,#1898,.F.);
#2478=ORIENTED_EDGE('',*,*,#1872,.T.);
#2479=ORIENTED_EDGE('',*,*,#1880,.T.);
#2480=ORIENTED_EDGE('',*,*,#1830,.F.);
#2481=ORIENTED_EDGE('',*,*,#1881,.T.);
#2482=ORIENTED_EDGE('',*,*,#1874,.T.);
#2483=ORIENTED_EDGE('',*,*,#1899,.T.);
#2484=ORIENTED_EDGE('',*,*,#1900,.F.);
#2485=ORIENTED_EDGE('',*,*,#1901,.F.);
#2486=ORIENTED_EDGE('',*,*,#1902,.F.);
#2487=ORIENTED_EDGE('',*,*,#1903,.F.);
#2488=ORIENTED_EDGE('',*,*,#1891,.T.);
#2489=ORIENTED_EDGE('',*,*,#1904,.T.);
#2490=ORIENTED_EDGE('',*,*,#1905,.F.);
#2491=ORIENTED_EDGE('',*,*,#1906,.F.);
#2492=ORIENTED_EDGE('',*,*,#1884,.T.);
#2493=ORIENTED_EDGE('',*,*,#1892,.T.);
#2494=ORIENTED_EDGE('',*,*,#1828,.F.);
#2495=ORIENTED_EDGE('',*,*,#1893,.T.);
#2496=ORIENTED_EDGE('',*,*,#1886,.T.);
#2497=ORIENTED_EDGE('',*,*,#1907,.T.);
#2498=ORIENTED_EDGE('',*,*,#1908,.F.);
#2499=ORIENTED_EDGE('',*,*,#1909,.F.);
#2500=ORIENTED_EDGE('',*,*,#1910,.F.);
#2501=ORIENTED_EDGE('',*,*,#1911,.F.);
#2502=ORIENTED_EDGE('',*,*,#1902,.T.);
#2503=ORIENTED_EDGE('',*,*,#1912,.T.);
#2504=ORIENTED_EDGE('',*,*,#1900,.T.);
#2505=ORIENTED_EDGE('',*,*,#1913,.T.);
#2506=ORIENTED_EDGE('',*,*,#1912,.F.);
#2507=ORIENTED_EDGE('',*,*,#1901,.T.);
#2508=ORIENTED_EDGE('',*,*,#1914,.T.);
#2509=ORIENTED_EDGE('',*,*,#1915,.T.);
#2510=ORIENTED_EDGE('',*,*,#1916,.T.);
#2511=ORIENTED_EDGE('',*,*,#1897,.T.);
#2512=ORIENTED_EDGE('',*,*,#1915,.F.);
#2513=ORIENTED_EDGE('',*,*,#1917,.T.);
#2514=ORIENTED_EDGE('',*,*,#1918,.T.);
#2515=ORIENTED_EDGE('',*,*,#1919,.T.);
#2516=ORIENTED_EDGE('',*,*,#1920,.T.);
#2517=ORIENTED_EDGE('',*,*,#1905,.T.);
#2518=ORIENTED_EDGE('',*,*,#1919,.F.);
#2519=ORIENTED_EDGE('',*,*,#1921,.T.);
#2520=ORIENTED_EDGE('',*,*,#1910,.T.);
#2521=ORIENTED_EDGE('',*,*,#1922,.T.);
#2522=ORIENTED_EDGE('',*,*,#1908,.T.);
#2523=ORIENTED_EDGE('',*,*,#1923,.T.);
#2524=ORIENTED_EDGE('',*,*,#1922,.F.);
#2525=ORIENTED_EDGE('',*,*,#1909,.T.);
#2526=ORIENTED_EDGE('',*,*,#1885,.T.);
#2527=ORIENTED_EDGE('',*,*,#1911,.T.);
#2528=ORIENTED_EDGE('',*,*,#1923,.F.);
#2529=ORIENTED_EDGE('',*,*,#1907,.F.);
#2530=ORIENTED_EDGE('',*,*,#1876,.T.);
#2531=ORIENTED_EDGE('',*,*,#1898,.T.);
#2532=ORIENTED_EDGE('',*,*,#1916,.F.);
#2533=ORIENTED_EDGE('',*,*,#1917,.F.);
#2534=ORIENTED_EDGE('',*,*,#1914,.F.);
#2535=ORIENTED_EDGE('',*,*,#1896,.F.);
#2536=ORIENTED_EDGE('',*,*,#1878,.T.);
#2537=ORIENTED_EDGE('',*,*,#1883,.T.);
#2538=ORIENTED_EDGE('',*,*,#1833,.F.);
#2539=ORIENTED_EDGE('',*,*,#1882,.T.);
#2540=ORIENTED_EDGE('',*,*,#1888,.T.);
#2541=ORIENTED_EDGE('',*,*,#1906,.T.);
#2542=ORIENTED_EDGE('',*,*,#1920,.F.);
#2543=ORIENTED_EDGE('',*,*,#1921,.F.);
#2544=ORIENTED_EDGE('',*,*,#1918,.F.);
#2545=ORIENTED_EDGE('',*,*,#1904,.F.);
#2546=ORIENTED_EDGE('',*,*,#1890,.T.);
#2547=ORIENTED_EDGE('',*,*,#1895,.T.);
#2548=ORIENTED_EDGE('',*,*,#1831,.F.);
#2549=ORIENTED_EDGE('',*,*,#1894,.T.);
#2550=ORIENTED_EDGE('',*,*,#1873,.T.);
#2551=ORIENTED_EDGE('',*,*,#1903,.T.);
#2552=ORIENTED_EDGE('',*,*,#1913,.F.);
#2553=ORIENTED_EDGE('',*,*,#1899,.F.);
#2554=ORIENTED_EDGE('',*,*,#1758,.F.);
#2555=ORIENTED_EDGE('',*,*,#1924,.F.);
#2556=ORIENTED_EDGE('',*,*,#1817,.T.);
#2557=ORIENTED_EDGE('',*,*,#1925,.T.);
#2558=ORIENTED_EDGE('',*,*,#1784,.F.);
#2559=ORIENTED_EDGE('',*,*,#1926,.F.);
#2560=ORIENTED_EDGE('',*,*,#1823,.T.);
#2561=ORIENTED_EDGE('',*,*,#1927,.T.);
#2562=ORIENTED_EDGE('',*,*,#1772,.F.);
#2563=ORIENTED_EDGE('',*,*,#1779,.F.);
#2564=ORIENTED_EDGE('',*,*,#1812,.F.);
#2565=ORIENTED_EDGE('',*,*,#1928,.F.);
#2566=ORIENTED_EDGE('',*,*,#1680,.F.);
#2567=ORIENTED_EDGE('',*,*,#1929,.T.);
#2568=ORIENTED_EDGE('',*,*,#1762,.F.);
#2569=ORIENTED_EDGE('',*,*,#1930,.F.);
#2570=ORIENTED_EDGE('',*,*,#1818,.T.);
#2571=ORIENTED_EDGE('',*,*,#1924,.T.);
#2572=ORIENTED_EDGE('',*,*,#1752,.F.);
#2573=ORIENTED_EDGE('',*,*,#1931,.F.);
#2574=ORIENTED_EDGE('',*,*,#1819,.T.);
#2575=ORIENTED_EDGE('',*,*,#1930,.T.);
#2576=ORIENTED_EDGE('',*,*,#1764,.F.);
#2577=ORIENTED_EDGE('',*,*,#1755,.F.);
#2578=ORIENTED_EDGE('',*,*,#1751,.F.);
#2579=ORIENTED_EDGE('',*,*,#1932,.F.);
#2580=ORIENTED_EDGE('',*,*,#1820,.T.);
#2581=ORIENTED_EDGE('',*,*,#1931,.T.);
#2582=ORIENTED_EDGE('',*,*,#1668,.F.);
#2583=ORIENTED_EDGE('',*,*,#1672,.T.);
#2584=ORIENTED_EDGE('',*,*,#1849,.T.);
#2585=ORIENTED_EDGE('',*,*,#1847,.T.);
#2586=ORIENTED_EDGE('',*,*,#1713,.F.);
#2587=ORIENTED_EDGE('',*,*,#1716,.T.);
#2588=ORIENTED_EDGE('',*,*,#1844,.T.);
#2589=ORIENTED_EDGE('',*,*,#1842,.T.);
#2590=ORIENTED_EDGE('',*,*,#1719,.F.);
#2591=ORIENTED_EDGE('',*,*,#1722,.T.);
#2592=ORIENTED_EDGE('',*,*,#1869,.T.);
#2593=ORIENTED_EDGE('',*,*,#1867,.T.);
#2594=ORIENTED_EDGE('',*,*,#1725,.F.);
#2595=ORIENTED_EDGE('',*,*,#1728,.T.);
#2596=ORIENTED_EDGE('',*,*,#1859,.T.);
#2597=ORIENTED_EDGE('',*,*,#1857,.T.);
#2598=ORIENTED_EDGE('',*,*,#1731,.F.);
#2599=ORIENTED_EDGE('',*,*,#1734,.T.);
#2600=ORIENTED_EDGE('',*,*,#1839,.T.);
#2601=ORIENTED_EDGE('',*,*,#1837,.T.);
#2602=ORIENTED_EDGE('',*,*,#1737,.F.);
#2603=ORIENTED_EDGE('',*,*,#1740,.T.);
#2604=ORIENTED_EDGE('',*,*,#1854,.T.);
#2605=ORIENTED_EDGE('',*,*,#1852,.T.);
#2606=ORIENTED_EDGE('',*,*,#1743,.F.);
#2607=ORIENTED_EDGE('',*,*,#1746,.T.);
#2608=ORIENTED_EDGE('',*,*,#1871,.T.);
#2609=ORIENTED_EDGE('',*,*,#1794,.T.);
#2610=ORIENTED_EDGE('',*,*,#1778,.F.);
#2611=ORIENTED_EDGE('',*,*,#1933,.F.);
#2612=ORIENTED_EDGE('',*,*,#1821,.T.);
#2613=ORIENTED_EDGE('',*,*,#1932,.T.);
#2614=ORIENTED_EDGE('',*,*,#1748,.F.);
#2615=ORIENTED_EDGE('',*,*,#1768,.T.);
#2616=ORIENTED_EDGE('',*,*,#1864,.T.);
#2617=ORIENTED_EDGE('',*,*,#1862,.T.);
#2618=ORIENTED_EDGE('',*,*,#1776,.F.);
#2619=ORIENTED_EDGE('',*,*,#1927,.F.);
#2620=ORIENTED_EDGE('',*,*,#1822,.T.);
#2621=ORIENTED_EDGE('',*,*,#1933,.T.);
#2622=ORIENTED_EDGE('',*,*,#1786,.F.);
#2623=ORIENTED_EDGE('',*,*,#1934,.F.);
#2624=ORIENTED_EDGE('',*,*,#1824,.T.);
#2625=ORIENTED_EDGE('',*,*,#1926,.T.);
#2626=ORIENTED_EDGE('',*,*,#1789,.F.);
#2627=ORIENTED_EDGE('',*,*,#1935,.F.);
#2628=ORIENTED_EDGE('',*,*,#1825,.T.);
#2629=ORIENTED_EDGE('',*,*,#1934,.T.);
#2630=ORIENTED_EDGE('',*,*,#1799,.F.);
#2631=ORIENTED_EDGE('',*,*,#1815,.F.);
#2632=ORIENTED_EDGE('',*,*,#1826,.T.);
#2633=ORIENTED_EDGE('',*,*,#1935,.T.);
#2634=ORIENTED_EDGE('',*,*,#1788,.F.);
#2635=ORIENTED_EDGE('',*,*,#1792,.T.);
#2636=ORIENTED_EDGE('',*,*,#1793,.F.);
#2637=ORIENTED_EDGE('',*,*,#1928,.T.);
#2638=ORIENTED_EDGE('',*,*,#1809,.F.);
#2639=ORIENTED_EDGE('',*,*,#1929,.F.);
#2640=ORIENTED_EDGE('',*,*,#1770,.T.);
#2641=ORIENTED_EDGE('',*,*,#1771,.T.);
#2642=ORIENTED_EDGE('',*,*,#1759,.F.);
#2643=ORIENTED_EDGE('',*,*,#1925,.F.);
#2644=ORIENTED_EDGE('',*,*,#1816,.T.);
#2645=ORIENTED_EDGE('',*,*,#1806,.F.);
#2646=ORIENTED_EDGE('',*,*,#1936,.T.);
#2647=ORIENTED_EDGE('',*,*,#1937,.T.);
#2648=ORIENTED_EDGE('',*,*,#1938,.T.);
#2649=ORIENTED_EDGE('',*,*,#1939,.T.);
#2650=ORIENTED_EDGE('',*,*,#1937,.F.);
#2651=ORIENTED_EDGE('',*,*,#1938,.F.);
#2652=ORIENTED_EDGE('',*,*,#1939,.F.);
#2653=ORIENTED_EDGE('',*,*,#1940,.T.);
#2654=ORIENTED_EDGE('',*,*,#1941,.F.);
#2655=ORIENTED_EDGE('',*,*,#1940,.F.);
#2656=ORIENTED_EDGE('',*,*,#1936,.F.);
#2657=ORIENTED_EDGE('',*,*,#1941,.T.);
#2658=ORIENTED_EDGE('',*,*,#1942,.T.);
#2659=ORIENTED_EDGE('',*,*,#1943,.T.);
#2660=ORIENTED_EDGE('',*,*,#1944,.T.);
#2661=ORIENTED_EDGE('',*,*,#1945,.T.);
#2662=ORIENTED_EDGE('',*,*,#1943,.F.);
#2663=ORIENTED_EDGE('',*,*,#1944,.F.);
#2664=ORIENTED_EDGE('',*,*,#1945,.F.);
#2665=ORIENTED_EDGE('',*,*,#1946,.T.);
#2666=ORIENTED_EDGE('',*,*,#1947,.F.);
#2667=ORIENTED_EDGE('',*,*,#1946,.F.);
#2668=ORIENTED_EDGE('',*,*,#1942,.F.);
#2669=ORIENTED_EDGE('',*,*,#1947,.T.);
#2670=ORIENTED_EDGE('',*,*,#1948,.T.);
#2671=ORIENTED_EDGE('',*,*,#1949,.T.);
#2672=ORIENTED_EDGE('',*,*,#1950,.T.);
#2673=ORIENTED_EDGE('',*,*,#1951,.T.);
#2674=ORIENTED_EDGE('',*,*,#1949,.F.);
#2675=ORIENTED_EDGE('',*,*,#1950,.F.);
#2676=ORIENTED_EDGE('',*,*,#1951,.F.);
#2677=ORIENTED_EDGE('',*,*,#1952,.T.);
#2678=ORIENTED_EDGE('',*,*,#1953,.F.);
#2679=ORIENTED_EDGE('',*,*,#1952,.F.);
#2680=ORIENTED_EDGE('',*,*,#1948,.F.);
#2681=ORIENTED_EDGE('',*,*,#1953,.T.);
#2682=ORIENTED_EDGE('',*,*,#1954,.T.);
#2683=ORIENTED_EDGE('',*,*,#1955,.T.);
#2684=ORIENTED_EDGE('',*,*,#1956,.T.);
#2685=ORIENTED_EDGE('',*,*,#1957,.T.);
#2686=ORIENTED_EDGE('',*,*,#1955,.F.);
#2687=ORIENTED_EDGE('',*,*,#1956,.F.);
#2688=ORIENTED_EDGE('',*,*,#1957,.F.);
#2689=ORIENTED_EDGE('',*,*,#1958,.T.);
#2690=ORIENTED_EDGE('',*,*,#1959,.F.);
#2691=ORIENTED_EDGE('',*,*,#1958,.F.);
#2692=ORIENTED_EDGE('',*,*,#1954,.F.);
#2693=ORIENTED_EDGE('',*,*,#1959,.T.);
#2694=ORIENTED_EDGE('',*,*,#1960,.T.);
#2695=ORIENTED_EDGE('',*,*,#1961,.T.);
#2696=ORIENTED_EDGE('',*,*,#1962,.T.);
#2697=ORIENTED_EDGE('',*,*,#1963,.T.);
#2698=ORIENTED_EDGE('',*,*,#1961,.F.);
#2699=ORIENTED_EDGE('',*,*,#1962,.F.);
#2700=ORIENTED_EDGE('',*,*,#1963,.F.);
#2701=ORIENTED_EDGE('',*,*,#1964,.T.);
#2702=ORIENTED_EDGE('',*,*,#1965,.F.);
#2703=ORIENTED_EDGE('',*,*,#1964,.F.);
#2704=ORIENTED_EDGE('',*,*,#1960,.F.);
#2705=ORIENTED_EDGE('',*,*,#1965,.T.);
#2706=ORIENTED_EDGE('',*,*,#1966,.T.);
#2707=ORIENTED_EDGE('',*,*,#1967,.T.);
#2708=ORIENTED_EDGE('',*,*,#1968,.T.);
#2709=ORIENTED_EDGE('',*,*,#1969,.T.);
#2710=ORIENTED_EDGE('',*,*,#1967,.F.);
#2711=ORIENTED_EDGE('',*,*,#1968,.F.);
#2712=ORIENTED_EDGE('',*,*,#1969,.F.);
#2713=ORIENTED_EDGE('',*,*,#1970,.T.);
#2714=ORIENTED_EDGE('',*,*,#1971,.F.);
#2715=ORIENTED_EDGE('',*,*,#1970,.F.);
#2716=ORIENTED_EDGE('',*,*,#1966,.F.);
#2717=ORIENTED_EDGE('',*,*,#1971,.T.);
#2718=ORIENTED_EDGE('',*,*,#1972,.T.);
#2719=ORIENTED_EDGE('',*,*,#1973,.T.);
#2720=ORIENTED_EDGE('',*,*,#1974,.T.);
#2721=ORIENTED_EDGE('',*,*,#1975,.T.);
#2722=ORIENTED_EDGE('',*,*,#1973,.F.);
#2723=ORIENTED_EDGE('',*,*,#1974,.F.);
#2724=ORIENTED_EDGE('',*,*,#1975,.F.);
#2725=ORIENTED_EDGE('',*,*,#1976,.T.);
#2726=ORIENTED_EDGE('',*,*,#1977,.F.);
#2727=ORIENTED_EDGE('',*,*,#1976,.F.);
#2728=ORIENTED_EDGE('',*,*,#1972,.F.);
#2729=ORIENTED_EDGE('',*,*,#1977,.T.);
#2730=ORIENTED_EDGE('',*,*,#1978,.T.);
#2731=ORIENTED_EDGE('',*,*,#1979,.T.);
#2732=ORIENTED_EDGE('',*,*,#1980,.T.);
#2733=ORIENTED_EDGE('',*,*,#1981,.T.);
#2734=ORIENTED_EDGE('',*,*,#1979,.F.);
#2735=ORIENTED_EDGE('',*,*,#1980,.F.);
#2736=ORIENTED_EDGE('',*,*,#1981,.F.);
#2737=ORIENTED_EDGE('',*,*,#1982,.T.);
#2738=ORIENTED_EDGE('',*,*,#1983,.F.);
#2739=ORIENTED_EDGE('',*,*,#1982,.F.);
#2740=ORIENTED_EDGE('',*,*,#1978,.F.);
#2741=ORIENTED_EDGE('',*,*,#1983,.T.);
#2742=ORIENTED_EDGE('',*,*,#1984,.T.);
#2743=ORIENTED_EDGE('',*,*,#1985,.T.);
#2744=ORIENTED_EDGE('',*,*,#1986,.T.);
#2745=ORIENTED_EDGE('',*,*,#1987,.T.);
#2746=ORIENTED_EDGE('',*,*,#1984,.F.);
#2747=ORIENTED_EDGE('',*,*,#1988,.F.);
#2748=ORIENTED_EDGE('',*,*,#1989,.T.);
#2749=ORIENTED_EDGE('',*,*,#1990,.T.);
#2750=ORIENTED_EDGE('',*,*,#1991,.F.);
#2751=ORIENTED_EDGE('',*,*,#1987,.F.);
#2752=ORIENTED_EDGE('',*,*,#1992,.F.);
#2753=ORIENTED_EDGE('',*,*,#1993,.T.);
#2754=ORIENTED_EDGE('',*,*,#1988,.T.);
#2755=ORIENTED_EDGE('',*,*,#1986,.F.);
#2756=ORIENTED_EDGE('',*,*,#1994,.F.);
#2757=ORIENTED_EDGE('',*,*,#1995,.F.);
#2758=ORIENTED_EDGE('',*,*,#1996,.T.);
#2759=ORIENTED_EDGE('',*,*,#1992,.T.);
#2760=ORIENTED_EDGE('',*,*,#1997,.T.);
#2761=ORIENTED_EDGE('',*,*,#1995,.T.);
#2762=ORIENTED_EDGE('',*,*,#1998,.F.);
#2763=ORIENTED_EDGE('',*,*,#1990,.F.);
#2764=ORIENTED_EDGE('',*,*,#1985,.F.);
#2765=ORIENTED_EDGE('',*,*,#1991,.T.);
#2766=ORIENTED_EDGE('',*,*,#1998,.T.);
#2767=ORIENTED_EDGE('',*,*,#1994,.T.);
#2768=ORIENTED_EDGE('',*,*,#1989,.F.);
#2769=ORIENTED_EDGE('',*,*,#1993,.F.);
#2770=ORIENTED_EDGE('',*,*,#1996,.F.);
#2771=ORIENTED_EDGE('',*,*,#1997,.F.);
#2772=ORIENTED_EDGE('',*,*,#1999,.T.);
#2773=ORIENTED_EDGE('',*,*,#2000,.T.);
#2774=ORIENTED_EDGE('',*,*,#2001,.T.);
#2775=ORIENTED_EDGE('',*,*,#2002,.T.);
#2776=ORIENTED_EDGE('',*,*,#1999,.F.);
#2777=ORIENTED_EDGE('',*,*,#2003,.F.);
#2778=ORIENTED_EDGE('',*,*,#2004,.T.);
#2779=ORIENTED_EDGE('',*,*,#2005,.T.);
#2780=ORIENTED_EDGE('',*,*,#2006,.F.);
#2781=ORIENTED_EDGE('',*,*,#2002,.F.);
#2782=ORIENTED_EDGE('',*,*,#2007,.F.);
#2783=ORIENTED_EDGE('',*,*,#2008,.T.);
#2784=ORIENTED_EDGE('',*,*,#2003,.T.);
#2785=ORIENTED_EDGE('',*,*,#2001,.F.);
#2786=ORIENTED_EDGE('',*,*,#2009,.F.);
#2787=ORIENTED_EDGE('',*,*,#2010,.F.);
#2788=ORIENTED_EDGE('',*,*,#2011,.T.);
#2789=ORIENTED_EDGE('',*,*,#2007,.T.);
#2790=ORIENTED_EDGE('',*,*,#2012,.T.);
#2791=ORIENTED_EDGE('',*,*,#2010,.T.);
#2792=ORIENTED_EDGE('',*,*,#2013,.F.);
#2793=ORIENTED_EDGE('',*,*,#2005,.F.);
#2794=ORIENTED_EDGE('',*,*,#2000,.F.);
#2795=ORIENTED_EDGE('',*,*,#2006,.T.);
#2796=ORIENTED_EDGE('',*,*,#2013,.T.);
#2797=ORIENTED_EDGE('',*,*,#2009,.T.);
#2798=ORIENTED_EDGE('',*,*,#2004,.F.);
#2799=ORIENTED_EDGE('',*,*,#2008,.F.);
#2800=ORIENTED_EDGE('',*,*,#2011,.F.);
#2801=ORIENTED_EDGE('',*,*,#2012,.F.);
#2802=ORIENTED_EDGE('',*,*,#2014,.T.);
#2803=ORIENTED_EDGE('',*,*,#2015,.T.);
#2804=ORIENTED_EDGE('',*,*,#2016,.T.);
#2805=ORIENTED_EDGE('',*,*,#2017,.T.);
#2806=ORIENTED_EDGE('',*,*,#2014,.F.);
#2807=ORIENTED_EDGE('',*,*,#2018,.F.);
#2808=ORIENTED_EDGE('',*,*,#2019,.T.);
#2809=ORIENTED_EDGE('',*,*,#2020,.T.);
#2810=ORIENTED_EDGE('',*,*,#2021,.F.);
#2811=ORIENTED_EDGE('',*,*,#2017,.F.);
#2812=ORIENTED_EDGE('',*,*,#2022,.F.);
#2813=ORIENTED_EDGE('',*,*,#2023,.T.);
#2814=ORIENTED_EDGE('',*,*,#2018,.T.);
#2815=ORIENTED_EDGE('',*,*,#2016,.F.);
#2816=ORIENTED_EDGE('',*,*,#2024,.F.);
#2817=ORIENTED_EDGE('',*,*,#2025,.F.);
#2818=ORIENTED_EDGE('',*,*,#2026,.T.);
#2819=ORIENTED_EDGE('',*,*,#2022,.T.);
#2820=ORIENTED_EDGE('',*,*,#2027,.T.);
#2821=ORIENTED_EDGE('',*,*,#2025,.T.);
#2822=ORIENTED_EDGE('',*,*,#2028,.F.);
#2823=ORIENTED_EDGE('',*,*,#2020,.F.);
#2824=ORIENTED_EDGE('',*,*,#2015,.F.);
#2825=ORIENTED_EDGE('',*,*,#2021,.T.);
#2826=ORIENTED_EDGE('',*,*,#2028,.T.);
#2827=ORIENTED_EDGE('',*,*,#2024,.T.);
#2828=ORIENTED_EDGE('',*,*,#2019,.F.);
#2829=ORIENTED_EDGE('',*,*,#2023,.F.);
#2830=ORIENTED_EDGE('',*,*,#2026,.F.);
#2831=ORIENTED_EDGE('',*,*,#2027,.F.);
#2832=ORIENTED_EDGE('',*,*,#2029,.T.);
#2833=ORIENTED_EDGE('',*,*,#2030,.T.);
#2834=ORIENTED_EDGE('',*,*,#2031,.T.);
#2835=ORIENTED_EDGE('',*,*,#2032,.T.);
#2836=ORIENTED_EDGE('',*,*,#2029,.F.);
#2837=ORIENTED_EDGE('',*,*,#2033,.F.);
#2838=ORIENTED_EDGE('',*,*,#2034,.T.);
#2839=ORIENTED_EDGE('',*,*,#2035,.T.);
#2840=ORIENTED_EDGE('',*,*,#2036,.F.);
#2841=ORIENTED_EDGE('',*,*,#2032,.F.);
#2842=ORIENTED_EDGE('',*,*,#2037,.F.);
#2843=ORIENTED_EDGE('',*,*,#2038,.T.);
#2844=ORIENTED_EDGE('',*,*,#2033,.T.);
#2845=ORIENTED_EDGE('',*,*,#2031,.F.);
#2846=ORIENTED_EDGE('',*,*,#2039,.F.);
#2847=ORIENTED_EDGE('',*,*,#2040,.F.);
#2848=ORIENTED_EDGE('',*,*,#2041,.T.);
#2849=ORIENTED_EDGE('',*,*,#2037,.T.);
#2850=ORIENTED_EDGE('',*,*,#2042,.T.);
#2851=ORIENTED_EDGE('',*,*,#2040,.T.);
#2852=ORIENTED_EDGE('',*,*,#2043,.F.);
#2853=ORIENTED_EDGE('',*,*,#2035,.F.);
#2854=ORIENTED_EDGE('',*,*,#2030,.F.);
#2855=ORIENTED_EDGE('',*,*,#2036,.T.);
#2856=ORIENTED_EDGE('',*,*,#2043,.T.);
#2857=ORIENTED_EDGE('',*,*,#2039,.T.);
#2858=ORIENTED_EDGE('',*,*,#2034,.F.);
#2859=ORIENTED_EDGE('',*,*,#2038,.F.);
#2860=ORIENTED_EDGE('',*,*,#2041,.F.);
#2861=ORIENTED_EDGE('',*,*,#2042,.F.);
#2862=ORIENTED_EDGE('',*,*,#2044,.T.);
#2863=ORIENTED_EDGE('',*,*,#2045,.T.);
#2864=ORIENTED_EDGE('',*,*,#2046,.T.);
#2865=ORIENTED_EDGE('',*,*,#2047,.T.);
#2866=ORIENTED_EDGE('',*,*,#2044,.F.);
#2867=ORIENTED_EDGE('',*,*,#2048,.F.);
#2868=ORIENTED_EDGE('',*,*,#2049,.T.);
#2869=ORIENTED_EDGE('',*,*,#2050,.T.);
#2870=ORIENTED_EDGE('',*,*,#2051,.F.);
#2871=ORIENTED_EDGE('',*,*,#2047,.F.);
#2872=ORIENTED_EDGE('',*,*,#2052,.F.);
#2873=ORIENTED_EDGE('',*,*,#2053,.T.);
#2874=ORIENTED_EDGE('',*,*,#2048,.T.);
#2875=ORIENTED_EDGE('',*,*,#2046,.F.);
#2876=ORIENTED_EDGE('',*,*,#2054,.F.);
#2877=ORIENTED_EDGE('',*,*,#2055,.F.);
#2878=ORIENTED_EDGE('',*,*,#2056,.T.);
#2879=ORIENTED_EDGE('',*,*,#2052,.T.);
#2880=ORIENTED_EDGE('',*,*,#2057,.T.);
#2881=ORIENTED_EDGE('',*,*,#2055,.T.);
#2882=ORIENTED_EDGE('',*,*,#2058,.F.);
#2883=ORIENTED_EDGE('',*,*,#2050,.F.);
#2884=ORIENTED_EDGE('',*,*,#2045,.F.);
#2885=ORIENTED_EDGE('',*,*,#2051,.T.);
#2886=ORIENTED_EDGE('',*,*,#2058,.T.);
#2887=ORIENTED_EDGE('',*,*,#2054,.T.);
#2888=ORIENTED_EDGE('',*,*,#2049,.F.);
#2889=ORIENTED_EDGE('',*,*,#2053,.F.);
#2890=ORIENTED_EDGE('',*,*,#2056,.F.);
#2891=ORIENTED_EDGE('',*,*,#2057,.F.);
#2892=ORIENTED_EDGE('',*,*,#2059,.T.);
#2893=ORIENTED_EDGE('',*,*,#2060,.T.);
#2894=ORIENTED_EDGE('',*,*,#2061,.T.);
#2895=ORIENTED_EDGE('',*,*,#2062,.T.);
#2896=ORIENTED_EDGE('',*,*,#2059,.F.);
#2897=ORIENTED_EDGE('',*,*,#2063,.F.);
#2898=ORIENTED_EDGE('',*,*,#2064,.T.);
#2899=ORIENTED_EDGE('',*,*,#2065,.T.);
#2900=ORIENTED_EDGE('',*,*,#2066,.F.);
#2901=ORIENTED_EDGE('',*,*,#2062,.F.);
#2902=ORIENTED_EDGE('',*,*,#2067,.F.);
#2903=ORIENTED_EDGE('',*,*,#2068,.T.);
#2904=ORIENTED_EDGE('',*,*,#2063,.T.);
#2905=ORIENTED_EDGE('',*,*,#2061,.F.);
#2906=ORIENTED_EDGE('',*,*,#2069,.F.);
#2907=ORIENTED_EDGE('',*,*,#2070,.F.);
#2908=ORIENTED_EDGE('',*,*,#2071,.T.);
#2909=ORIENTED_EDGE('',*,*,#2067,.T.);
#2910=ORIENTED_EDGE('',*,*,#2072,.T.);
#2911=ORIENTED_EDGE('',*,*,#2070,.T.);
#2912=ORIENTED_EDGE('',*,*,#2073,.F.);
#2913=ORIENTED_EDGE('',*,*,#2065,.F.);
#2914=ORIENTED_EDGE('',*,*,#2060,.F.);
#2915=ORIENTED_EDGE('',*,*,#2066,.T.);
#2916=ORIENTED_EDGE('',*,*,#2073,.T.);
#2917=ORIENTED_EDGE('',*,*,#2069,.T.);
#2918=ORIENTED_EDGE('',*,*,#2064,.F.);
#2919=ORIENTED_EDGE('',*,*,#2068,.F.);
#2920=ORIENTED_EDGE('',*,*,#2071,.F.);
#2921=ORIENTED_EDGE('',*,*,#2072,.F.);
#2922=ORIENTED_EDGE('',*,*,#2074,.T.);
#2923=ORIENTED_EDGE('',*,*,#2075,.T.);
#2924=ORIENTED_EDGE('',*,*,#2076,.T.);
#2925=ORIENTED_EDGE('',*,*,#2077,.T.);
#2926=ORIENTED_EDGE('',*,*,#2074,.F.);
#2927=ORIENTED_EDGE('',*,*,#2078,.F.);
#2928=ORIENTED_EDGE('',*,*,#2079,.T.);
#2929=ORIENTED_EDGE('',*,*,#2080,.T.);
#2930=ORIENTED_EDGE('',*,*,#2081,.F.);
#2931=ORIENTED_EDGE('',*,*,#2077,.F.);
#2932=ORIENTED_EDGE('',*,*,#2082,.F.);
#2933=ORIENTED_EDGE('',*,*,#2083,.T.);
#2934=ORIENTED_EDGE('',*,*,#2078,.T.);
#2935=ORIENTED_EDGE('',*,*,#2076,.F.);
#2936=ORIENTED_EDGE('',*,*,#2084,.F.);
#2937=ORIENTED_EDGE('',*,*,#2085,.F.);
#2938=ORIENTED_EDGE('',*,*,#2086,.T.);
#2939=ORIENTED_EDGE('',*,*,#2082,.T.);
#2940=ORIENTED_EDGE('',*,*,#2087,.T.);
#2941=ORIENTED_EDGE('',*,*,#2085,.T.);
#2942=ORIENTED_EDGE('',*,*,#2088,.F.);
#2943=ORIENTED_EDGE('',*,*,#2080,.F.);
#2944=ORIENTED_EDGE('',*,*,#2075,.F.);
#2945=ORIENTED_EDGE('',*,*,#2081,.T.);
#2946=ORIENTED_EDGE('',*,*,#2088,.T.);
#2947=ORIENTED_EDGE('',*,*,#2084,.T.);
#2948=ORIENTED_EDGE('',*,*,#2079,.F.);
#2949=ORIENTED_EDGE('',*,*,#2083,.F.);
#2950=ORIENTED_EDGE('',*,*,#2086,.F.);
#2951=ORIENTED_EDGE('',*,*,#2087,.F.);
#2952=ORIENTED_EDGE('',*,*,#2089,.T.);
#2953=ORIENTED_EDGE('',*,*,#2090,.T.);
#2954=ORIENTED_EDGE('',*,*,#2091,.T.);
#2955=ORIENTED_EDGE('',*,*,#2092,.T.);
#2956=ORIENTED_EDGE('',*,*,#2089,.F.);
#2957=ORIENTED_EDGE('',*,*,#2093,.F.);
#2958=ORIENTED_EDGE('',*,*,#2094,.T.);
#2959=ORIENTED_EDGE('',*,*,#2095,.T.);
#2960=ORIENTED_EDGE('',*,*,#2096,.F.);
#2961=ORIENTED_EDGE('',*,*,#2092,.F.);
#2962=ORIENTED_EDGE('',*,*,#2097,.F.);
#2963=ORIENTED_EDGE('',*,*,#2098,.T.);
#2964=ORIENTED_EDGE('',*,*,#2093,.T.);
#2965=ORIENTED_EDGE('',*,*,#2091,.F.);
#2966=ORIENTED_EDGE('',*,*,#2099,.F.);
#2967=ORIENTED_EDGE('',*,*,#2100,.F.);
#2968=ORIENTED_EDGE('',*,*,#2101,.T.);
#2969=ORIENTED_EDGE('',*,*,#2097,.T.);
#2970=ORIENTED_EDGE('',*,*,#2102,.T.);
#2971=ORIENTED_EDGE('',*,*,#2100,.T.);
#2972=ORIENTED_EDGE('',*,*,#2103,.F.);
#2973=ORIENTED_EDGE('',*,*,#2095,.F.);
#2974=ORIENTED_EDGE('',*,*,#2090,.F.);
#2975=ORIENTED_EDGE('',*,*,#2096,.T.);
#2976=ORIENTED_EDGE('',*,*,#2103,.T.);
#2977=ORIENTED_EDGE('',*,*,#2099,.T.);
#2978=ORIENTED_EDGE('',*,*,#2094,.F.);
#2979=ORIENTED_EDGE('',*,*,#2098,.F.);
#2980=ORIENTED_EDGE('',*,*,#2101,.F.);
#2981=ORIENTED_EDGE('',*,*,#2102,.F.);
#2982=CYLINDRICAL_SURFACE('',#3262,0.2);
#2983=CYLINDRICAL_SURFACE('',#3269,0.2);
#2984=CYLINDRICAL_SURFACE('',#3273,0.2);
#2985=CYLINDRICAL_SURFACE('',#3277,0.2);
#2986=CYLINDRICAL_SURFACE('',#3281,0.2);
#2987=CYLINDRICAL_SURFACE('',#3285,0.2);
#2988=CYLINDRICAL_SURFACE('',#3289,0.2);
#2989=CYLINDRICAL_SURFACE('',#3293,0.2);
#2990=CYLINDRICAL_SURFACE('',#3298,0.2);
#2991=CYLINDRICAL_SURFACE('',#3300,0.2);
#2992=CYLINDRICAL_SURFACE('',#3302,0.2);
#2993=CYLINDRICAL_SURFACE('',#3308,0.2);
#2994=CYLINDRICAL_SURFACE('',#3312,0.2);
#2995=CYLINDRICAL_SURFACE('',#3317,0.2);
#2996=CYLINDRICAL_SURFACE('',#3319,0.2);
#2997=CYLINDRICAL_SURFACE('',#3321,0.2);
#2998=CYLINDRICAL_SURFACE('',#3326,0.2);
#2999=CYLINDRICAL_SURFACE('',#3331,0.2);
#3000=CYLINDRICAL_SURFACE('',#3338,0.2);
#3001=CYLINDRICAL_SURFACE('',#3340,0.2);
#3002=CYLINDRICAL_SURFACE('',#3341,0.2);
#3003=CYLINDRICAL_SURFACE('',#3343,0.2);
#3004=CYLINDRICAL_SURFACE('',#3384,0.9);
#3005=CYLINDRICAL_SURFACE('',#3385,0.9);
#3006=CYLINDRICAL_SURFACE('',#3392,0.9);
#3007=CYLINDRICAL_SURFACE('',#3393,0.9);
#3008=CYLINDRICAL_SURFACE('',#3394,1.1);
#3009=CYLINDRICAL_SURFACE('',#3397,1.1);
#3010=CYLINDRICAL_SURFACE('',#3414,1.1);
#3011=CYLINDRICAL_SURFACE('',#3417,1.1);
#3012=CYLINDRICAL_SURFACE('',#3421,0.3);
#3013=CYLINDRICAL_SURFACE('',#3423,0.3);
#3014=CYLINDRICAL_SURFACE('',#3425,0.3);
#3015=CYLINDRICAL_SURFACE('',#3426,0.3);
#3016=CYLINDRICAL_SURFACE('',#3434,0.3);
#3017=CYLINDRICAL_SURFACE('',#3442,0.3);
#3018=CYLINDRICAL_SURFACE('',#3450,0.3);
#3019=CYLINDRICAL_SURFACE('',#3458,0.3);
#3020=CYLINDRICAL_SURFACE('',#3466,0.3);
#3021=CYLINDRICAL_SURFACE('',#3474,0.3);
#3022=CYLINDRICAL_SURFACE('',#3482,0.3);
#3023=CYLINDRICAL_SURFACE('',#3490,0.3);
#3024=CYLINDRICAL_SURFACE('',#3494,0.3);
#3025=CYLINDRICAL_SURFACE('',#3503,0.3);
#3026=CYLINDRICAL_SURFACE('',#3512,0.3);
#3027=CYLINDRICAL_SURFACE('',#3521,0.3);
#3028=CYLINDRICAL_SURFACE('',#3530,0.3);
#3029=CYLINDRICAL_SURFACE('',#3539,0.3);
#3030=CYLINDRICAL_SURFACE('',#3548,0.3);
#3031=CYLINDRICAL_SURFACE('',#3557,0.3);
#3032=ADVANCED_FACE('',(#255),#2982,.T.);
#3033=ADVANCED_FACE('',(#256),#131,.F.);
#3034=ADVANCED_FACE('',(#257),#132,.T.);
#3035=ADVANCED_FACE('',(#258),#2983,.T.);
#3036=ADVANCED_FACE('',(#259),#133,.F.);
#3037=ADVANCED_FACE('',(#260),#2984,.T.);
#3038=ADVANCED_FACE('',(#261),#134,.F.);
#3039=ADVANCED_FACE('',(#262),#2985,.T.);
#3040=ADVANCED_FACE('',(#263),#135,.F.);
#3041=ADVANCED_FACE('',(#264),#2986,.T.);
#3042=ADVANCED_FACE('',(#265),#136,.F.);
#3043=ADVANCED_FACE('',(#266),#2987,.T.);
#3044=ADVANCED_FACE('',(#267),#137,.F.);
#3045=ADVANCED_FACE('',(#268),#2988,.T.);
#3046=ADVANCED_FACE('',(#269),#138,.F.);
#3047=ADVANCED_FACE('',(#270),#2989,.T.);
#3048=ADVANCED_FACE('',(#271),#127,.F.);
#3049=ADVANCED_FACE('',(#272),#2990,.T.);
#3050=ADVANCED_FACE('',(#273),#2991,.T.);
#3051=ADVANCED_FACE('',(#274),#2992,.T.);
#3052=ADVANCED_FACE('',(#275),#128,.F.);
#3053=ADVANCED_FACE('',(#276),#2993,.T.);
#3054=ADVANCED_FACE('',(#277),#139,.F.);
#3055=ADVANCED_FACE('',(#278),#140,.F.);
#3056=ADVANCED_FACE('',(#279),#141,.T.);
#3057=ADVANCED_FACE('',(#280),#2994,.T.);
#3058=ADVANCED_FACE('',(#281),#129,.F.);
#3059=ADVANCED_FACE('',(#282),#2995,.T.);
#3060=ADVANCED_FACE('',(#283),#2996,.T.);
#3061=ADVANCED_FACE('',(#284),#2997,.T.);
#3062=ADVANCED_FACE('',(#285),#130,.F.);
#3063=ADVANCED_FACE('',(#286),#2998,.T.);
#3064=ADVANCED_FACE('',(#287),#142,.T.);
#3065=ADVANCED_FACE('',(#288),#143,.F.);
#3066=ADVANCED_FACE('',(#289),#144,.F.);
#3067=ADVANCED_FACE('',(#290),#2999,.T.);
#3068=ADVANCED_FACE('',(#291),#119,.T.);
#3069=ADVANCED_FACE('',(#292),#3000,.T.);
#3070=ADVANCED_FACE('',(#293),#3001,.T.);
#3071=ADVANCED_FACE('',(#294),#3002,.T.);
#3072=ADVANCED_FACE('',(#295),#3003,.T.);
#3073=ADVANCED_FACE('',(#296),#145,.T.);
#3074=ADVANCED_FACE('',(#297,#115,#116,#117,#118),#146,.F.);
#3075=ADVANCED_FACE('',(#298),#147,.T.);
#3076=ADVANCED_FACE('',(#299),#148,.F.);
#3077=ADVANCED_FACE('',(#300),#149,.F.);
#3078=ADVANCED_FACE('',(#301),#150,.F.);
#3079=ADVANCED_FACE('',(#302),#151,.F.);
#3080=ADVANCED_FACE('',(#303),#152,.F.);
#3081=ADVANCED_FACE('',(#304),#153,.F.);
#3082=ADVANCED_FACE('',(#305),#154,.F.);
#3083=ADVANCED_FACE('',(#306),#155,.F.);
#3084=ADVANCED_FACE('',(#307),#156,.F.);
#3085=ADVANCED_FACE('',(#308),#157,.F.);
#3086=ADVANCED_FACE('',(#309),#158,.F.);
#3087=ADVANCED_FACE('',(#310),#159,.F.);
#3088=ADVANCED_FACE('',(#311),#160,.F.);
#3089=ADVANCED_FACE('',(#312),#161,.F.);
#3090=ADVANCED_FACE('',(#313),#162,.F.);
#3091=ADVANCED_FACE('',(#314),#163,.F.);
#3092=ADVANCED_FACE('',(#315),#164,.F.);
#3093=ADVANCED_FACE('',(#316),#165,.F.);
#3094=ADVANCED_FACE('',(#317),#166,.F.);
#3095=ADVANCED_FACE('',(#318),#167,.F.);
#3096=ADVANCED_FACE('',(#319),#168,.F.);
#3097=ADVANCED_FACE('',(#320),#169,.F.);
#3098=ADVANCED_FACE('',(#321),#170,.F.);
#3099=ADVANCED_FACE('',(#322),#171,.F.);
#3100=ADVANCED_FACE('',(#323),#172,.F.);
#3101=ADVANCED_FACE('',(#324),#3004,.T.);
#3102=ADVANCED_FACE('',(#325),#3005,.T.);
#3103=ADVANCED_FACE('',(#326),#173,.F.);
#3104=ADVANCED_FACE('',(#327),#174,.F.);
#3105=ADVANCED_FACE('',(#328),#3006,.T.);
#3106=ADVANCED_FACE('',(#329),#3007,.T.);
#3107=ADVANCED_FACE('',(#330),#3008,.T.);
#3108=ADVANCED_FACE('',(#331),#175,.T.);
#3109=ADVANCED_FACE('',(#332),#3009,.T.);
#3110=ADVANCED_FACE('',(#333),#176,.T.);
#3111=ADVANCED_FACE('',(#334),#95,.T.);
#3112=ADVANCED_FACE('',(#335),#177,.F.);
#3113=ADVANCED_FACE('',(#336),#96,.T.);
#3114=ADVANCED_FACE('',(#337),#178,.F.);
#3115=ADVANCED_FACE('',(#338),#97,.T.);
#3116=ADVANCED_FACE('',(#339),#179,.F.);
#3117=ADVANCED_FACE('',(#340),#98,.T.);
#3118=ADVANCED_FACE('',(#341),#180,.F.);
#3119=ADVANCED_FACE('',(#342),#3010,.T.);
#3120=ADVANCED_FACE('',(#343),#181,.T.);
#3121=ADVANCED_FACE('',(#344),#182,.T.);
#3122=ADVANCED_FACE('',(#345),#3011,.T.);
#3123=ADVANCED_FACE('',(#346),#183,.T.);
#3124=ADVANCED_FACE('',(#347),#184,.T.);
#3125=ADVANCED_FACE('',(#348),#185,.T.);
#3126=ADVANCED_FACE('',(#349),#3012,.T.);
#3127=ADVANCED_FACE('',(#350),#186,.T.);
#3128=ADVANCED_FACE('',(#351),#3013,.T.);
#3129=ADVANCED_FACE('',(#352),#187,.T.);
#3130=ADVANCED_FACE('',(#353),#3014,.T.);
#3131=ADVANCED_FACE('',(#354),#3015,.T.);
#3132=ADVANCED_FACE('',(#355),#188,.T.);
#3133=ADVANCED_FACE('',(#356),#189,.T.);
#3134=ADVANCED_FACE('',(#357),#190,.T.);
#3135=ADVANCED_FACE('',(#358),#99,.T.);
#3136=ADVANCED_FACE('',(#359),#3016,.T.);
#3137=ADVANCED_FACE('',(#360),#191,.F.);
#3138=ADVANCED_FACE('',(#361),#192,.T.);
#3139=ADVANCED_FACE('',(#362),#100,.T.);
#3140=ADVANCED_FACE('',(#363),#3017,.T.);
#3141=ADVANCED_FACE('',(#364),#193,.F.);
#3142=ADVANCED_FACE('',(#365),#194,.T.);
#3143=ADVANCED_FACE('',(#366),#101,.T.);
#3144=ADVANCED_FACE('',(#367),#3018,.T.);
#3145=ADVANCED_FACE('',(#368),#195,.F.);
#3146=ADVANCED_FACE('',(#369),#196,.T.);
#3147=ADVANCED_FACE('',(#370),#102,.T.);
#3148=ADVANCED_FACE('',(#371),#3019,.T.);
#3149=ADVANCED_FACE('',(#372),#197,.F.);
#3150=ADVANCED_FACE('',(#373),#198,.T.);
#3151=ADVANCED_FACE('',(#374),#103,.T.);
#3152=ADVANCED_FACE('',(#375),#3020,.T.);
#3153=ADVANCED_FACE('',(#376),#199,.F.);
#3154=ADVANCED_FACE('',(#377),#200,.T.);
#3155=ADVANCED_FACE('',(#378),#104,.T.);
#3156=ADVANCED_FACE('',(#379),#3021,.T.);
#3157=ADVANCED_FACE('',(#380),#201,.F.);
#3158=ADVANCED_FACE('',(#381),#202,.T.);
#3159=ADVANCED_FACE('',(#382),#105,.T.);
#3160=ADVANCED_FACE('',(#383),#3022,.T.);
#3161=ADVANCED_FACE('',(#384),#203,.F.);
#3162=ADVANCED_FACE('',(#385),#204,.T.);
#3163=ADVANCED_FACE('',(#386),#106,.T.);
#3164=ADVANCED_FACE('',(#387),#3023,.T.);
#3165=ADVANCED_FACE('',(#388),#205,.F.);
#3166=ADVANCED_FACE('',(#389),#206,.T.);
#3167=ADVANCED_FACE('',(#390),#3024,.T.);
#3168=ADVANCED_FACE('',(#391),#207,.T.);
#3169=ADVANCED_FACE('',(#392),#208,.T.);
#3170=ADVANCED_FACE('',(#393),#209,.T.);
#3171=ADVANCED_FACE('',(#394),#210,.T.);
#3172=ADVANCED_FACE('',(#395),#211,.T.);
#3173=ADVANCED_FACE('',(#396),#212,.F.);
#3174=ADVANCED_FACE('',(#397),#3025,.T.);
#3175=ADVANCED_FACE('',(#398),#213,.T.);
#3176=ADVANCED_FACE('',(#399),#214,.T.);
#3177=ADVANCED_FACE('',(#400),#215,.T.);
#3178=ADVANCED_FACE('',(#401),#216,.T.);
#3179=ADVANCED_FACE('',(#402),#217,.T.);
#3180=ADVANCED_FACE('',(#403),#218,.F.);
#3181=ADVANCED_FACE('',(#404),#3026,.T.);
#3182=ADVANCED_FACE('',(#405),#219,.T.);
#3183=ADVANCED_FACE('',(#406),#220,.T.);
#3184=ADVANCED_FACE('',(#407),#221,.T.);
#3185=ADVANCED_FACE('',(#408),#222,.T.);
#3186=ADVANCED_FACE('',(#409),#223,.T.);
#3187=ADVANCED_FACE('',(#410),#224,.F.);
#3188=ADVANCED_FACE('',(#411),#3027,.T.);
#3189=ADVANCED_FACE('',(#412),#225,.T.);
#3190=ADVANCED_FACE('',(#413),#226,.T.);
#3191=ADVANCED_FACE('',(#414),#227,.T.);
#3192=ADVANCED_FACE('',(#415),#228,.T.);
#3193=ADVANCED_FACE('',(#416),#229,.T.);
#3194=ADVANCED_FACE('',(#417),#230,.F.);
#3195=ADVANCED_FACE('',(#418),#3028,.T.);
#3196=ADVANCED_FACE('',(#419),#231,.T.);
#3197=ADVANCED_FACE('',(#420),#232,.T.);
#3198=ADVANCED_FACE('',(#421),#233,.T.);
#3199=ADVANCED_FACE('',(#422),#234,.T.);
#3200=ADVANCED_FACE('',(#423),#235,.T.);
#3201=ADVANCED_FACE('',(#424),#236,.F.);
#3202=ADVANCED_FACE('',(#425),#3029,.T.);
#3203=ADVANCED_FACE('',(#426),#237,.T.);
#3204=ADVANCED_FACE('',(#427),#238,.T.);
#3205=ADVANCED_FACE('',(#428),#239,.T.);
#3206=ADVANCED_FACE('',(#429),#240,.T.);
#3207=ADVANCED_FACE('',(#430),#241,.T.);
#3208=ADVANCED_FACE('',(#431),#242,.F.);
#3209=ADVANCED_FACE('',(#432),#3030,.T.);
#3210=ADVANCED_FACE('',(#433),#243,.T.);
#3211=ADVANCED_FACE('',(#434),#244,.T.);
#3212=ADVANCED_FACE('',(#435),#245,.T.);
#3213=ADVANCED_FACE('',(#436),#246,.T.);
#3214=ADVANCED_FACE('',(#437),#247,.T.);
#3215=ADVANCED_FACE('',(#438),#248,.F.);
#3216=ADVANCED_FACE('',(#439),#3031,.T.);
#3217=ADVANCED_FACE('',(#440),#249,.T.);
#3218=ADVANCED_FACE('',(#441),#250,.T.);
#3219=ADVANCED_FACE('',(#442),#251,.T.);
#3220=ADVANCED_FACE('',(#443),#252,.T.);
#3221=ADVANCED_FACE('',(#444),#253,.T.);
#3222=ADVANCED_FACE('',(#445),#254,.F.);
#3223=CLOSED_SHELL('',(#3032,#3033,#3034,#3035,#3036,#3037,#3038,#3039,
#3040,#3041,#3042,#3043,#3044,#3045,#3046,#3047,#3048,#3049,#3050,#3051,
#3052,#3053,#3054,#3055,#3056,#3057,#3058,#3059,#3060,#3061,#3062,#3063,
#3064,#3065,#3066,#3067,#3068,#3069,#3070,#3071,#3072,#3073,#3074,#3075,
#3076,#3077,#3078,#3079,#3080,#3081,#3082,#3083,#3084,#3085,#3086,#3087,
#3088,#3089,#3090,#3091,#3092,#3093,#3094,#3095,#3096,#3097,#3098,#3099,
#3100,#3101,#3102,#3103,#3104,#3105,#3106,#3107,#3108,#3109,#3110,#3111,
#3112,#3113,#3114,#3115,#3116,#3117,#3118,#3119,#3120,#3121,#3122,#3123,
#3124,#3125,#3126,#3127,#3128,#3129,#3130,#3131,#3132,#3133,#3134));
#3224=CLOSED_SHELL('',(#3135,#3136,#3137,#3138));
#3225=CLOSED_SHELL('',(#3139,#3140,#3141,#3142));
#3226=CLOSED_SHELL('',(#3143,#3144,#3145,#3146));
#3227=CLOSED_SHELL('',(#3147,#3148,#3149,#3150));
#3228=CLOSED_SHELL('',(#3151,#3152,#3153,#3154));
#3229=CLOSED_SHELL('',(#3155,#3156,#3157,#3158));
#3230=CLOSED_SHELL('',(#3159,#3160,#3161,#3162));
#3231=CLOSED_SHELL('',(#3163,#3164,#3165,#3166));
#3232=CLOSED_SHELL('',(#3167,#3168,#3169,#3170,#3171,#3172,#3173));
#3233=CLOSED_SHELL('',(#3174,#3175,#3176,#3177,#3178,#3179,#3180));
#3234=CLOSED_SHELL('',(#3181,#3182,#3183,#3184,#3185,#3186,#3187));
#3235=CLOSED_SHELL('',(#3188,#3189,#3190,#3191,#3192,#3193,#3194));
#3236=CLOSED_SHELL('',(#3195,#3196,#3197,#3198,#3199,#3200,#3201));
#3237=CLOSED_SHELL('',(#3202,#3203,#3204,#3205,#3206,#3207,#3208));
#3238=CLOSED_SHELL('',(#3209,#3210,#3211,#3212,#3213,#3214,#3215));
#3239=CLOSED_SHELL('',(#3216,#3217,#3218,#3219,#3220,#3221,#3222));
#3240=DERIVED_UNIT_ELEMENT(#3243,1.);
#3241=DERIVED_UNIT_ELEMENT(#5460,-3.);
#3242=DIMENSIONAL_EXPONENTS(0.,1.,0.,0.,0.,0.,0.);
#3243=(
CONVERSION_BASED_UNIT('gram',#3245)
MASS_UNIT()
NAMED_UNIT(#3242)
);
#3244=(
MASS_UNIT()
NAMED_UNIT(*)
SI_UNIT(.KILO.,.GRAM.)
);
#3245=MASS_MEASURE_WITH_UNIT(MASS_MEASURE(0.001),#3244);
#3246=DERIVED_UNIT((#3240,#3241));
#3247=MEASURE_REPRESENTATION_ITEM('density measure',
POSITIVE_RATIO_MEASURE(1.),#3246);
#3248=PROPERTY_DEFINITION_REPRESENTATION(#3253,#3250);
#3249=PROPERTY_DEFINITION_REPRESENTATION(#3254,#3251);
#3250=REPRESENTATION('material name',(#3252),#5457);
#3251=REPRESENTATION('density',(#3247),#5457);
#3252=DESCRIPTIVE_REPRESENTATION_ITEM('Generic','Generic');
#3253=PROPERTY_DEFINITION('material property','material name',#5467);
#3254=PROPERTY_DEFINITION('material property','density of part',#5467);
#3255=DATE_TIME_ROLE('creation_date');
#3256=APPLIED_DATE_AND_TIME_ASSIGNMENT(#3257,#3255,(#5467));
#3257=DATE_AND_TIME(#3258,#3259);
#3258=CALENDAR_DATE(2026,25,8);
#3259=LOCAL_TIME(0,0,0.,#3260);
#3260=COORDINATED_UNIVERSAL_TIME_OFFSET(0,0,.BEHIND.);
#3261=AXIS2_PLACEMENT_3D('',#4490,#3566,#3567);
#3262=AXIS2_PLACEMENT_3D('',#4491,#3568,#3569);
#3263=AXIS2_PLACEMENT_3D('',#4494,#3570,#3571);
#3264=AXIS2_PLACEMENT_3D('',#4498,#3573,#3574);
#3265=AXIS2_PLACEMENT_3D('',#4500,#3576,#3577);
#3266=AXIS2_PLACEMENT_3D('',#4508,#3582,#3583);
#3267=AXIS2_PLACEMENT_3D('',#4518,#3588,#3589);
#3268=AXIS2_PLACEMENT_3D('',#4530,#3595,#3596);
#3269=AXIS2_PLACEMENT_3D('',#4584,#3624,#3625);
#3270=AXIS2_PLACEMENT_3D('',#4586,#3626,#3627);
#3271=AXIS2_PLACEMENT_3D('',#4588,#3628,#3629);
#3272=AXIS2_PLACEMENT_3D('',#4590,#3631,#3632);
#3273=AXIS2_PLACEMENT_3D('',#4596,#3636,#3637);
#3274=AXIS2_PLACEMENT_3D('',#4598,#3638,#3639);
#3275=AXIS2_PLACEMENT_3D('',#4600,#3640,#3641);
#3276=AXIS2_PLACEMENT_3D('',#4602,#3643,#3644);
#3277=AXIS2_PLACEMENT_3D('',#4608,#3648,#3649);
#3278=AXIS2_PLACEMENT_3D('',#4610,#3650,#3651);
#3279=AXIS2_PLACEMENT_3D('',#4612,#3652,#3653);
#3280=AXIS2_PLACEMENT_3D('',#4614,#3655,#3656);
#3281=AXIS2_PLACEMENT_3D('',#4620,#3660,#3661);
#3282=AXIS2_PLACEMENT_3D('',#4622,#3662,#3663);
#3283=AXIS2_PLACEMENT_3D('',#4624,#3664,#3665);
#3284=AXIS2_PLACEMENT_3D('',#4626,#3667,#3668);
#3285=AXIS2_PLACEMENT_3D('',#4632,#3672,#3673);
#3286=AXIS2_PLACEMENT_3D('',#4634,#3674,#3675);
#3287=AXIS2_PLACEMENT_3D('',#4636,#3676,#3677);
#3288=AXIS2_PLACEMENT_3D('',#4638,#3679,#3680);
#3289=AXIS2_PLACEMENT_3D('',#4644,#3684,#3685);
#3290=AXIS2_PLACEMENT_3D('',#4646,#3686,#3687);
#3291=AXIS2_PLACEMENT_3D('',#4648,#3688,#3689);
#3292=AXIS2_PLACEMENT_3D('',#4650,#3691,#3692);
#3293=AXIS2_PLACEMENT_3D('',#4656,#3696,#3697);
#3294=AXIS2_PLACEMENT_3D('',#4658,#3698,#3699);
#3295=AXIS2_PLACEMENT_3D('',#4661,#3701,#3702);
#3296=AXIS2_PLACEMENT_3D('',#4672,#3703,#3704);
#3297=AXIS2_PLACEMENT_3D('',#4673,#3705,#3706);
#3298=AXIS2_PLACEMENT_3D('',#4674,#3707,#3708);
#3299=AXIS2_PLACEMENT_3D('',#4677,#3710,#3711);
#3300=AXIS2_PLACEMENT_3D('',#4678,#3712,#3713);
#3301=AXIS2_PLACEMENT_3D('',#4683,#3716,#3717);
#3302=AXIS2_PLACEMENT_3D('',#4684,#3718,#3719);
#3303=AXIS2_PLACEMENT_3D('',#4687,#3720,#3721);
#3304=AXIS2_PLACEMENT_3D('',#4691,#3723,#3724);
#3305=AXIS2_PLACEMENT_3D('',#4704,#3726,#3727);
#3306=AXIS2_PLACEMENT_3D('',#4705,#3728,#3729);
#3307=AXIS2_PLACEMENT_3D('',#4706,#3730,#3731);
#3308=AXIS2_PLACEMENT_3D('',#4707,#3732,#3733);
#3309=AXIS2_PLACEMENT_3D('',#4710,#3736,#3737);
#3310=AXIS2_PLACEMENT_3D('',#4716,#3741,#3742);
#3311=AXIS2_PLACEMENT_3D('',#4720,#3745,#3746);
#3312=AXIS2_PLACEMENT_3D('',#4722,#3748,#3749);
#3313=AXIS2_PLACEMENT_3D('',#4726,#3751,#3752);
#3314=AXIS2_PLACEMENT_3D('',#4727,#3753,#3754);
#3315=AXIS2_PLACEMENT_3D('',#4738,#3755,#3756);
#3316=AXIS2_PLACEMENT_3D('',#4739,#3757,#3758);
#3317=AXIS2_PLACEMENT_3D('',#4740,#3759,#3760);
#3318=AXIS2_PLACEMENT_3D('',#4742,#3761,#3762);
#3319=AXIS2_PLACEMENT_3D('',#4744,#3764,#3765);
#3320=AXIS2_PLACEMENT_3D('',#4749,#3768,#3769);
#3321=AXIS2_PLACEMENT_3D('',#4750,#3770,#3771);
#3322=AXIS2_PLACEMENT_3D('',#4754,#3773,#3774);
#3323=AXIS2_PLACEMENT_3D('',#4767,#3776,#3777);
#3324=AXIS2_PLACEMENT_3D('',#4768,#3778,#3779);
#3325=AXIS2_PLACEMENT_3D('',#4769,#3780,#3781);
#3326=AXIS2_PLACEMENT_3D('',#4770,#3782,#3783);
#3327=AXIS2_PLACEMENT_3D('',#4773,#3784,#3785);
#3328=AXIS2_PLACEMENT_3D('',#4776,#3788,#3789);
#3329=AXIS2_PLACEMENT_3D('',#4780,#3792,#3793);
#3330=AXIS2_PLACEMENT_3D('',#4782,#3795,#3796);
#3331=AXIS2_PLACEMENT_3D('',#4788,#3800,#3801);
#3332=AXIS2_PLACEMENT_3D('',#4793,#3803,#3804);
#3333=AXIS2_PLACEMENT_3D('',#4796,#3806,#3807);
#3334=AXIS2_PLACEMENT_3D('',#4797,#3808,#3809);
#3335=AXIS2_PLACEMENT_3D('',#4800,#3810,#3811);
#3336=AXIS2_PLACEMENT_3D('',#4802,#3812,#3813);
#3337=AXIS2_PLACEMENT_3D('',#4803,#3814,#3815);
#3338=AXIS2_PLACEMENT_3D('',#4804,#3816,#3817);
#3339=AXIS2_PLACEMENT_3D('',#4807,#3818,#3819);
#3340=AXIS2_PLACEMENT_3D('',#4810,#3822,#3823);
#3341=AXIS2_PLACEMENT_3D('',#4813,#3826,#3827);
#3342=AXIS2_PLACEMENT_3D('',#4818,#3830,#3831);
#3343=AXIS2_PLACEMENT_3D('',#4819,#3832,#3833);
#3344=AXIS2_PLACEMENT_3D('',#4822,#3836,#3837);
#3345=AXIS2_PLACEMENT_3D('',#4826,#3840,#3841);
#3346=AXIS2_PLACEMENT_3D('',#4832,#3844,#3845);
#3347=AXIS2_PLACEMENT_3D('',#4836,#3847,#3848);
#3348=AXIS2_PLACEMENT_3D('',#4840,#3850,#3851);
#3349=AXIS2_PLACEMENT_3D('',#4844,#3853,#3854);
#3350=AXIS2_PLACEMENT_3D('',#4850,#3857,#3858);
#3351=AXIS2_PLACEMENT_3D('',#4854,#3860,#3861);
#3352=AXIS2_PLACEMENT_3D('',#4859,#3864,#3865);
#3353=AXIS2_PLACEMENT_3D('',#4863,#3867,#3868);
#3354=AXIS2_PLACEMENT_3D('',#4864,#3869,#3870);
#3355=AXIS2_PLACEMENT_3D('',#4865,#3871,#3872);
#3356=AXIS2_PLACEMENT_3D('',#4869,#3875,#3876);
#3357=AXIS2_PLACEMENT_3D('',#4873,#3879,#3880);
#3358=AXIS2_PLACEMENT_3D('',#4875,#3882,#3883);
#3359=AXIS2_PLACEMENT_3D('',#4879,#3886,#3887);
#3360=AXIS2_PLACEMENT_3D('',#4883,#3890,#3891);
#3361=AXIS2_PLACEMENT_3D('',#4885,#3893,#3894);
#3362=AXIS2_PLACEMENT_3D('',#4889,#3897,#3898);
#3363=AXIS2_PLACEMENT_3D('',#4893,#3901,#3902);
#3364=AXIS2_PLACEMENT_3D('',#4895,#3904,#3905);
#3365=AXIS2_PLACEMENT_3D('',#4899,#3908,#3909);
#3366=AXIS2_PLACEMENT_3D('',#4903,#3912,#3913);
#3367=AXIS2_PLACEMENT_3D('',#4905,#3915,#3916);
#3368=AXIS2_PLACEMENT_3D('',#4909,#3919,#3920);
#3369=AXIS2_PLACEMENT_3D('',#4913,#3923,#3924);
#3370=AXIS2_PLACEMENT_3D('',#4915,#3926,#3927);
#3371=AXIS2_PLACEMENT_3D('',#4919,#3930,#3931);
#3372=AXIS2_PLACEMENT_3D('',#4923,#3934,#3935);
#3373=AXIS2_PLACEMENT_3D('',#4925,#3937,#3938);
#3374=AXIS2_PLACEMENT_3D('',#4929,#3941,#3942);
#3375=AXIS2_PLACEMENT_3D('',#4933,#3945,#3946);
#3376=AXIS2_PLACEMENT_3D('',#4935,#3948,#3949);
#3377=AXIS2_PLACEMENT_3D('',#4937,#3951,#3952);
#3378=AXIS2_PLACEMENT_3D('',#4939,#3954,#3955);
#3379=AXIS2_PLACEMENT_3D('',#4944,#3957,#3958);
#3380=AXIS2_PLACEMENT_3D('',#4947,#3960,#3961);
#3381=AXIS2_PLACEMENT_3D('',#4948,#3962,#3963);
#3382=AXIS2_PLACEMENT_3D('',#4953,#3965,#3966);
#3383=AXIS2_PLACEMENT_3D('',#4956,#3968,#3969);
#3384=AXIS2_PLACEMENT_3D('',#4957,#3970,#3971);
#3385=AXIS2_PLACEMENT_3D('',#4960,#3974,#3975);
#3386=AXIS2_PLACEMENT_3D('',#4963,#3978,#3979);
#3387=AXIS2_PLACEMENT_3D('',#4968,#3981,#3982);
#3388=AXIS2_PLACEMENT_3D('',#4971,#3984,#3985);
#3389=AXIS2_PLACEMENT_3D('',#4972,#3986,#3987);
#3390=AXIS2_PLACEMENT_3D('',#4977,#3989,#3990);
#3391=AXIS2_PLACEMENT_3D('',#4980,#3992,#3993);
#3392=AXIS2_PLACEMENT_3D('',#4981,#3994,#3995);
#3393=AXIS2_PLACEMENT_3D('',#4984,#3998,#3999);
#3394=AXIS2_PLACEMENT_3D('',#4987,#4002,#4003);
#3395=AXIS2_PLACEMENT_3D('',#4991,#4005,#4006);
#3396=AXIS2_PLACEMENT_3D('',#4993,#4008,#4009);
#3397=AXIS2_PLACEMENT_3D('',#5007,#4013,#4014);
#3398=AXIS2_PLACEMENT_3D('',#5011,#4016,#4017);
#3399=AXIS2_PLACEMENT_3D('',#5013,#4019,#4020);
#3400=AXIS2_PLACEMENT_3D('',#5027,#4024,#4025);
#3401=AXIS2_PLACEMENT_3D('',#5028,#4026,#4027);
#3402=AXIS2_PLACEMENT_3D('',#5029,#4028,#4029);
#3403=AXIS2_PLACEMENT_3D('',#5030,#4030,#4031);
#3404=AXIS2_PLACEMENT_3D('',#5031,#4032,#4033);
#3405=AXIS2_PLACEMENT_3D('',#5037,#4034,#4035);
#3406=AXIS2_PLACEMENT_3D('',#5041,#4036,#4037);
#3407=AXIS2_PLACEMENT_3D('',#5043,#4039,#4040);
#3408=AXIS2_PLACEMENT_3D('',#5049,#4041,#4042);
#3409=AXIS2_PLACEMENT_3D('',#5053,#4043,#4044);
#3410=AXIS2_PLACEMENT_3D('',#5055,#4046,#4047);
#3411=AXIS2_PLACEMENT_3D('',#5056,#4048,#4049);
#3412=AXIS2_PLACEMENT_3D('',#5057,#4050,#4051);
#3413=AXIS2_PLACEMENT_3D('',#5058,#4052,#4053);
#3414=AXIS2_PLACEMENT_3D('',#5059,#4054,#4055);
#3415=AXIS2_PLACEMENT_3D('',#5060,#4056,#4057);
#3416=AXIS2_PLACEMENT_3D('',#5061,#4058,#4059);
#3417=AXIS2_PLACEMENT_3D('',#5062,#4060,#4061);
#3418=AXIS2_PLACEMENT_3D('',#5063,#4062,#4063);
#3419=AXIS2_PLACEMENT_3D('',#5066,#4066,#4067);
#3420=AXIS2_PLACEMENT_3D('',#5069,#4070,#4071);
#3421=AXIS2_PLACEMENT_3D('',#5072,#4074,#4075);
#3422=AXIS2_PLACEMENT_3D('',#5074,#4077,#4078);
#3423=AXIS2_PLACEMENT_3D('',#5076,#4080,#4081);
#3424=AXIS2_PLACEMENT_3D('',#5078,#4083,#4084);
#3425=AXIS2_PLACEMENT_3D('',#5080,#4086,#4087);
#3426=AXIS2_PLACEMENT_3D('',#5081,#4088,#4089);
#3427=AXIS2_PLACEMENT_3D('',#5083,#4091,#4092);
#3428=AXIS2_PLACEMENT_3D('',#5085,#4094,#4095);
#3429=AXIS2_PLACEMENT_3D('',#5086,#4096,#4097);
#3430=AXIS2_PLACEMENT_3D('',#5087,#4098,#4099);
#3431=AXIS2_PLACEMENT_3D('',#5089,#4100,#4101);
#3432=AXIS2_PLACEMENT_3D('',#5093,#4103,#4104);
#3433=AXIS2_PLACEMENT_3D('',#5094,#4105,#4106);
#3434=AXIS2_PLACEMENT_3D('',#5095,#4107,#4108);
#3435=AXIS2_PLACEMENT_3D('',#5098,#4110,#4111);
#3436=AXIS2_PLACEMENT_3D('',#5099,#4112,#4113);
#3437=AXIS2_PLACEMENT_3D('',#5100,#4114,#4115);
#3438=AXIS2_PLACEMENT_3D('',#5101,#4116,#4117);
#3439=AXIS2_PLACEMENT_3D('',#5103,#4118,#4119);
#3440=AXIS2_PLACEMENT_3D('',#5107,#4121,#4122);
#3441=AXIS2_PLACEMENT_3D('',#5108,#4123,#4124);
#3442=AXIS2_PLACEMENT_3D('',#5109,#4125,#4126);
#3443=AXIS2_PLACEMENT_3D('',#5112,#4128,#4129);
#3444=AXIS2_PLACEMENT_3D('',#5113,#4130,#4131);
#3445=AXIS2_PLACEMENT_3D('',#5114,#4132,#4133);
#3446=AXIS2_PLACEMENT_3D('',#5115,#4134,#4135);
#3447=AXIS2_PLACEMENT_3D('',#5117,#4136,#4137);
#3448=AXIS2_PLACEMENT_3D('',#5121,#4139,#4140);
#3449=AXIS2_PLACEMENT_3D('',#5122,#4141,#4142);
#3450=AXIS2_PLACEMENT_3D('',#5123,#4143,#4144);
#3451=AXIS2_PLACEMENT_3D('',#5126,#4146,#4147);
#3452=AXIS2_PLACEMENT_3D('',#5127,#4148,#4149);
#3453=AXIS2_PLACEMENT_3D('',#5128,#4150,#4151);
#3454=AXIS2_PLACEMENT_3D('',#5129,#4152,#4153);
#3455=AXIS2_PLACEMENT_3D('',#5131,#4154,#4155);
#3456=AXIS2_PLACEMENT_3D('',#5135,#4157,#4158);
#3457=AXIS2_PLACEMENT_3D('',#5136,#4159,#4160);
#3458=AXIS2_PLACEMENT_3D('',#5137,#4161,#4162);
#3459=AXIS2_PLACEMENT_3D('',#5140,#4164,#4165);
#3460=AXIS2_PLACEMENT_3D('',#5141,#4166,#4167);
#3461=AXIS2_PLACEMENT_3D('',#5142,#4168,#4169);
#3462=AXIS2_PLACEMENT_3D('',#5143,#4170,#4171);
#3463=AXIS2_PLACEMENT_3D('',#5145,#4172,#4173);
#3464=AXIS2_PLACEMENT_3D('',#5149,#4175,#4176);
#3465=AXIS2_PLACEMENT_3D('',#5150,#4177,#4178);
#3466=AXIS2_PLACEMENT_3D('',#5151,#4179,#4180);
#3467=AXIS2_PLACEMENT_3D('',#5154,#4182,#4183);
#3468=AXIS2_PLACEMENT_3D('',#5155,#4184,#4185);
#3469=AXIS2_PLACEMENT_3D('',#5156,#4186,#4187);
#3470=AXIS2_PLACEMENT_3D('',#5157,#4188,#4189);
#3471=AXIS2_PLACEMENT_3D('',#5159,#4190,#4191);
#3472=AXIS2_PLACEMENT_3D('',#5163,#4193,#4194);
#3473=AXIS2_PLACEMENT_3D('',#5164,#4195,#4196);
#3474=AXIS2_PLACEMENT_3D('',#5165,#4197,#4198);
#3475=AXIS2_PLACEMENT_3D('',#5168,#4200,#4201);
#3476=AXIS2_PLACEMENT_3D('',#5169,#4202,#4203);
#3477=AXIS2_PLACEMENT_3D('',#5170,#4204,#4205);
#3478=AXIS2_PLACEMENT_3D('',#5171,#4206,#4207);
#3479=AXIS2_PLACEMENT_3D('',#5173,#4208,#4209);
#3480=AXIS2_PLACEMENT_3D('',#5177,#4211,#4212);
#3481=AXIS2_PLACEMENT_3D('',#5178,#4213,#4214);
#3482=AXIS2_PLACEMENT_3D('',#5179,#4215,#4216);
#3483=AXIS2_PLACEMENT_3D('',#5182,#4218,#4219);
#3484=AXIS2_PLACEMENT_3D('',#5183,#4220,#4221);
#3485=AXIS2_PLACEMENT_3D('',#5184,#4222,#4223);
#3486=AXIS2_PLACEMENT_3D('',#5185,#4224,#4225);
#3487=AXIS2_PLACEMENT_3D('',#5187,#4226,#4227);
#3488=AXIS2_PLACEMENT_3D('',#5191,#4229,#4230);
#3489=AXIS2_PLACEMENT_3D('',#5192,#4231,#4232);
#3490=AXIS2_PLACEMENT_3D('',#5193,#4233,#4234);
#3491=AXIS2_PLACEMENT_3D('',#5196,#4236,#4237);
#3492=AXIS2_PLACEMENT_3D('',#5197,#4238,#4239);
#3493=AXIS2_PLACEMENT_3D('',#5198,#4240,#4241);
#3494=AXIS2_PLACEMENT_3D('',#5199,#4242,#4243);
#3495=AXIS2_PLACEMENT_3D('',#5202,#4244,#4245);
#3496=AXIS2_PLACEMENT_3D('',#5206,#4247,#4248);
#3497=AXIS2_PLACEMENT_3D('',#5208,#4250,#4251);
#3498=AXIS2_PLACEMENT_3D('',#5216,#4256,#4257);
#3499=AXIS2_PLACEMENT_3D('',#5220,#4260,#4261);
#3500=AXIS2_PLACEMENT_3D('',#5226,#4265,#4266);
#3501=AXIS2_PLACEMENT_3D('',#5229,#4269,#4270);
#3502=AXIS2_PLACEMENT_3D('',#5230,#4271,#4272);
#3503=AXIS2_PLACEMENT_3D('',#5231,#4273,#4274);
#3504=AXIS2_PLACEMENT_3D('',#5234,#4275,#4276);
#3505=AXIS2_PLACEMENT_3D('',#5238,#4278,#4279);
#3506=AXIS2_PLACEMENT_3D('',#5240,#4281,#4282);
#3507=AXIS2_PLACEMENT_3D('',#5248,#4287,#4288);
#3508=AXIS2_PLACEMENT_3D('',#5252,#4291,#4292);
#3509=AXIS2_PLACEMENT_3D('',#5258,#4296,#4297);
#3510=AXIS2_PLACEMENT_3D('',#5261,#4300,#4301);
#3511=AXIS2_PLACEMENT_3D('',#5262,#4302,#4303);
#3512=AXIS2_PLACEMENT_3D('',#5263,#4304,#4305);
#3513=AXIS2_PLACEMENT_3D('',#5266,#4306,#4307);
#3514=AXIS2_PLACEMENT_3D('',#5270,#4309,#4310);
#3515=AXIS2_PLACEMENT_3D('',#5272,#4312,#4313);
#3516=AXIS2_PLACEMENT_3D('',#5280,#4318,#4319);
#3517=AXIS2_PLACEMENT_3D('',#5284,#4322,#4323);
#3518=AXIS2_PLACEMENT_3D('',#5290,#4327,#4328);
#3519=AXIS2_PLACEMENT_3D('',#5293,#4331,#4332);
#3520=AXIS2_PLACEMENT_3D('',#5294,#4333,#4334);
#3521=AXIS2_PLACEMENT_3D('',#5295,#4335,#4336);
#3522=AXIS2_PLACEMENT_3D('',#5298,#4337,#4338);
#3523=AXIS2_PLACEMENT_3D('',#5302,#4340,#4341);
#3524=AXIS2_PLACEMENT_3D('',#5304,#4343,#4344);
#3525=AXIS2_PLACEMENT_3D('',#5312,#4349,#4350);
#3526=AXIS2_PLACEMENT_3D('',#5316,#4353,#4354);
#3527=AXIS2_PLACEMENT_3D('',#5322,#4358,#4359);
#3528=AXIS2_PLACEMENT_3D('',#5325,#4362,#4363);
#3529=AXIS2_PLACEMENT_3D('',#5326,#4364,#4365);
#3530=AXIS2_PLACEMENT_3D('',#5327,#4366,#4367);
#3531=AXIS2_PLACEMENT_3D('',#5330,#4368,#4369);
#3532=AXIS2_PLACEMENT_3D('',#5334,#4371,#4372);
#3533=AXIS2_PLACEMENT_3D('',#5336,#4374,#4375);
#3534=AXIS2_PLACEMENT_3D('',#5344,#4380,#4381);
#3535=AXIS2_PLACEMENT_3D('',#5348,#4384,#4385);
#3536=AXIS2_PLACEMENT_3D('',#5354,#4389,#4390);
#3537=AXIS2_PLACEMENT_3D('',#5357,#4393,#4394);
#3538=AXIS2_PLACEMENT_3D('',#5358,#4395,#4396);
#3539=AXIS2_PLACEMENT_3D('',#5359,#4397,#4398);
#3540=AXIS2_PLACEMENT_3D('',#5362,#4399,#4400);
#3541=AXIS2_PLACEMENT_3D('',#5366,#4402,#4403);
#3542=AXIS2_PLACEMENT_3D('',#5368,#4405,#4406);
#3543=AXIS2_PLACEMENT_3D('',#5376,#4411,#4412);
#3544=AXIS2_PLACEMENT_3D('',#5380,#4415,#4416);
#3545=AXIS2_PLACEMENT_3D('',#5386,#4420,#4421);
#3546=AXIS2_PLACEMENT_3D('',#5389,#4424,#4425);
#3547=AXIS2_PLACEMENT_3D('',#5390,#4426,#4427);
#3548=AXIS2_PLACEMENT_3D('',#5391,#4428,#4429);
#3549=AXIS2_PLACEMENT_3D('',#5394,#4430,#4431);
#3550=AXIS2_PLACEMENT_3D('',#5398,#4433,#4434);
#3551=AXIS2_PLACEMENT_3D('',#5400,#4436,#4437);
#3552=AXIS2_PLACEMENT_3D('',#5408,#4442,#4443);
#3553=AXIS2_PLACEMENT_3D('',#5412,#4446,#4447);
#3554=AXIS2_PLACEMENT_3D('',#5418,#4451,#4452);
#3555=AXIS2_PLACEMENT_3D('',#5421,#4455,#4456);
#3556=AXIS2_PLACEMENT_3D('',#5422,#4457,#4458);
#3557=AXIS2_PLACEMENT_3D('',#5423,#4459,#4460);
#3558=AXIS2_PLACEMENT_3D('',#5426,#4461,#4462);
#3559=AXIS2_PLACEMENT_3D('',#5430,#4464,#4465);
#3560=AXIS2_PLACEMENT_3D('',#5432,#4467,#4468);
#3561=AXIS2_PLACEMENT_3D('',#5440,#4473,#4474);
#3562=AXIS2_PLACEMENT_3D('',#5444,#4477,#4478);
#3563=AXIS2_PLACEMENT_3D('',#5450,#4482,#4483);
#3564=AXIS2_PLACEMENT_3D('',#5453,#4486,#4487);
#3565=AXIS2_PLACEMENT_3D('',#5454,#4488,#4489);
#3566=DIRECTION('axis',(0.,0.,1.));
#3567=DIRECTION('refdir',(1.,0.,0.));
#3568=DIRECTION('center_axis',(1.,0.,0.));
#3569=DIRECTION('ref_axis',(0.,0.707106781186548,0.707106781186548));
#3570=DIRECTION('center_axis',(-1.,0.,0.));
#3571=DIRECTION('ref_axis',(0.,0.707106781186548,0.707106781186548));
#3572=DIRECTION('',(-1.,0.,0.));
#3573=DIRECTION('center_axis',(1.,0.,0.));
#3574=DIRECTION('ref_axis',(0.,0.707106781186548,0.707106781186548));
#3575=DIRECTION('',(1.,0.,0.));
#3576=DIRECTION('center_axis',(1.,0.,0.));
#3577=DIRECTION('ref_axis',(0.,0.,1.));
#3578=DIRECTION('',(0.,0.,1.));
#3579=DIRECTION('',(0.,-1.,0.));
#3580=DIRECTION('',(0.,0.,1.));
#3581=DIRECTION('',(0.,-1.,0.));
#3582=DIRECTION('center_axis',(0.,1.,0.));
#3583=DIRECTION('ref_axis',(0.,0.,1.));
#3584=DIRECTION('',(0.,0.,-1.));
#3585=DIRECTION('',(1.,0.,0.));
#3586=DIRECTION('',(0.,0.,1.));
#3587=DIRECTION('',(-1.,0.,0.));
#3588=DIRECTION('center_axis',(0.,-1.,0.));
#3589=DIRECTION('ref_axis',(0.707106781186547,0.,0.707106781186547));
#3590=DIRECTION('',(-3.70074341541718E-16,0.,1.));
#3591=DIRECTION('',(-1.,0.,1.88341405963196E-15));
#3592=DIRECTION('',(-1.,0.,9.10018872643571E-17));
#3593=DIRECTION('',(-1.,0.,6.93889390390722E-16));
#3594=DIRECTION('',(-3.70074341541718E-16,0.,-1.));
#3595=DIRECTION('center_axis',(0.,-1.,0.));
#3596=DIRECTION('ref_axis',(-0.707106781186547,0.,0.707106781186547));
#3597=DIRECTION('',(-1.,0.,0.));
#3598=DIRECTION('',(0.,0.,-1.));
#3599=DIRECTION('',(1.,0.,0.));
#3600=DIRECTION('',(0.,0.,1.));
#3601=DIRECTION('',(-1.,0.,0.));
#3602=DIRECTION('',(0.,0.,-1.));
#3603=DIRECTION('',(1.,0.,0.));
#3604=DIRECTION('',(0.,0.,1.));
#3605=DIRECTION('',(-1.,0.,0.));
#3606=DIRECTION('',(0.,0.,-1.));
#3607=DIRECTION('',(1.,0.,0.));
#3608=DIRECTION('',(0.,0.,1.));
#3609=DIRECTION('',(-1.,0.,0.));
#3610=DIRECTION('',(0.,0.,-1.));
#3611=DIRECTION('',(1.,0.,0.));
#3612=DIRECTION('',(0.,0.,1.));
#3613=DIRECTION('',(-1.,0.,0.));
#3614=DIRECTION('',(0.,0.,-1.));
#3615=DIRECTION('',(1.,0.,0.));
#3616=DIRECTION('',(0.,0.,1.));
#3617=DIRECTION('',(-1.,0.,0.));
#3618=DIRECTION('',(0.,0.,-1.));
#3619=DIRECTION('',(1.,0.,0.));
#3620=DIRECTION('',(0.,0.,1.));
#3621=DIRECTION('',(-1.,0.,0.));
#3622=DIRECTION('',(0.,0.,-1.));
#3623=DIRECTION('',(1.,0.,0.));
#3624=DIRECTION('center_axis',(1.,0.,0.));
#3625=DIRECTION('ref_axis',(0.,0.707106781186548,0.707106781186548));
#3626=DIRECTION('center_axis',(-1.,0.,0.));
#3627=DIRECTION('ref_axis',(0.,0.707106781186548,0.707106781186548));
#3628=DIRECTION('center_axis',(1.,0.,0.));
#3629=DIRECTION('ref_axis',(0.,0.707106781186548,0.707106781186548));
#3630=DIRECTION('',(1.,0.,0.));
#3631=DIRECTION('center_axis',(1.,0.,0.));
#3632=DIRECTION('ref_axis',(0.,0.,1.));
#3633=DIRECTION('',(0.,-1.,0.));
#3634=DIRECTION('',(0.,0.,1.));
#3635=DIRECTION('',(0.,-1.,0.));
#3636=DIRECTION('center_axis',(1.,0.,0.));
#3637=DIRECTION('ref_axis',(0.,0.707106781186548,0.707106781186548));
#3638=DIRECTION('center_axis',(-1.,0.,0.));
#3639=DIRECTION('ref_axis',(0.,0.707106781186548,0.707106781186548));
#3640=DIRECTION('center_axis',(1.,0.,0.));
#3641=DIRECTION('ref_axis',(0.,0.707106781186548,0.707106781186548));
#3642=DIRECTION('',(1.,0.,0.));
#3643=DIRECTION('center_axis',(1.,0.,0.));
#3644=DIRECTION('ref_axis',(0.,0.,1.));
#3645=DIRECTION('',(0.,-1.,0.));
#3646=DIRECTION('',(0.,0.,1.));
#3647=DIRECTION('',(0.,-1.,0.));
#3648=DIRECTION('center_axis',(1.,0.,0.));
#3649=DIRECTION('ref_axis',(0.,0.707106781186548,0.707106781186548));
#3650=DIRECTION('center_axis',(-1.,0.,0.));
#3651=DIRECTION('ref_axis',(0.,0.707106781186548,0.707106781186548));
#3652=DIRECTION('center_axis',(1.,0.,0.));
#3653=DIRECTION('ref_axis',(0.,0.707106781186548,0.707106781186548));
#3654=DIRECTION('',(1.,0.,0.));
#3655=DIRECTION('center_axis',(1.,0.,0.));
#3656=DIRECTION('ref_axis',(0.,0.,1.));
#3657=DIRECTION('',(0.,-1.,0.));
#3658=DIRECTION('',(0.,0.,1.));
#3659=DIRECTION('',(0.,-1.,0.));
#3660=DIRECTION('center_axis',(1.,0.,0.));
#3661=DIRECTION('ref_axis',(0.,0.707106781186548,0.707106781186548));
#3662=DIRECTION('center_axis',(-1.,0.,0.));
#3663=DIRECTION('ref_axis',(0.,0.707106781186548,0.707106781186548));
#3664=DIRECTION('center_axis',(1.,0.,0.));
#3665=DIRECTION('ref_axis',(0.,0.707106781186548,0.707106781186548));
#3666=DIRECTION('',(1.,0.,0.));
#3667=DIRECTION('center_axis',(1.,0.,0.));
#3668=DIRECTION('ref_axis',(0.,0.,1.));
#3669=DIRECTION('',(0.,-1.,0.));
#3670=DIRECTION('',(0.,0.,1.));
#3671=DIRECTION('',(0.,-1.,0.));
#3672=DIRECTION('center_axis',(1.,0.,0.));
#3673=DIRECTION('ref_axis',(0.,0.707106781186548,0.707106781186548));
#3674=DIRECTION('center_axis',(-1.,0.,0.));
#3675=DIRECTION('ref_axis',(0.,0.707106781186548,0.707106781186548));
#3676=DIRECTION('center_axis',(1.,0.,0.));
#3677=DIRECTION('ref_axis',(0.,0.707106781186548,0.707106781186548));
#3678=DIRECTION('',(1.,0.,0.));
#3679=DIRECTION('center_axis',(1.,0.,0.));
#3680=DIRECTION('ref_axis',(0.,0.,1.));
#3681=DIRECTION('',(0.,-1.,0.));
#3682=DIRECTION('',(0.,0.,1.));
#3683=DIRECTION('',(0.,-1.,0.));
#3684=DIRECTION('center_axis',(1.,0.,0.));
#3685=DIRECTION('ref_axis',(0.,0.707106781186548,0.707106781186548));
#3686=DIRECTION('center_axis',(-1.,0.,0.));
#3687=DIRECTION('ref_axis',(0.,0.707106781186548,0.707106781186548));
#3688=DIRECTION('center_axis',(1.,0.,0.));
#3689=DIRECTION('ref_axis',(0.,0.707106781186548,0.707106781186548));
#3690=DIRECTION('',(1.,0.,0.));
#3691=DIRECTION('center_axis',(1.,0.,0.));
#3692=DIRECTION('ref_axis',(0.,0.,1.));
#3693=DIRECTION('',(0.,-1.,0.));
#3694=DIRECTION('',(0.,0.,1.));
#3695=DIRECTION('',(0.,-1.,0.));
#3696=DIRECTION('center_axis',(1.,0.,0.));
#3697=DIRECTION('ref_axis',(0.,0.707106781186548,0.707106781186548));
#3698=DIRECTION('center_axis',(1.,0.,0.));
#3699=DIRECTION('ref_axis',(0.,0.707106781186548,0.707106781186548));
#3700=DIRECTION('',(1.,0.,0.));
#3701=DIRECTION('center_axis',(-1.,0.,0.));
#3702=DIRECTION('ref_axis',(0.,0.,1.));
#3703=DIRECTION('center_axis',(0.,0.,1.));
#3704=DIRECTION('ref_axis',(1.,0.,0.));
#3705=DIRECTION('center_axis',(0.,1.,0.));
#3706=DIRECTION('ref_axis',(0.707106781186547,0.,0.707106781186547));
#3707=DIRECTION('center_axis',(3.70074341541718E-16,0.,-1.));
#3708=DIRECTION('ref_axis',(0.707106781186548,0.707106781186548,0.));
#3709=DIRECTION('',(3.70074341541718E-16,0.,-1.));
#3710=DIRECTION('center_axis',(0.,0.707106781186547,0.707106781186548));
#3711=DIRECTION('ref_axis',(-5.23364152894592E-16,-0.707106781186548,0.707106781186547));
#3712=DIRECTION('center_axis',(0.,1.,0.));
#3713=DIRECTION('ref_axis',(0.707106781186544,0.,-0.707106781186551));
#3714=DIRECTION('',(0.,1.,0.));
#3715=DIRECTION('',(0.,-1.,0.));
#3716=DIRECTION('center_axis',(0.,0.707106781186548,0.707106781186548));
#3717=DIRECTION('ref_axis',(0.,-0.707106781186547,0.707106781186547));
#3718=DIRECTION('center_axis',(1.,0.,0.));
#3719=DIRECTION('ref_axis',(0.,0.707106781186548,-0.707106781186548));
#3720=DIRECTION('center_axis',(-1.,0.,0.));
#3721=DIRECTION('ref_axis',(0.,1.,0.));
#3722=DIRECTION('',(-1.,0.,0.));
#3723=DIRECTION('center_axis',(-1.,0.,4.62592926927148E-16));
#3724=DIRECTION('ref_axis',(0.,0.707106781186548,-0.707106781186548));
#3725=DIRECTION('',(1.,0.,0.));
#3726=DIRECTION('center_axis',(0.,0.,-1.));
#3727=DIRECTION('ref_axis',(0.,1.,0.));
#3728=DIRECTION('center_axis',(0.,1.,0.));
#3729=DIRECTION('ref_axis',(0.707106781186547,0.,-0.707106781186547));
#3730=DIRECTION('center_axis',(0.,-1.,0.));
#3731=DIRECTION('ref_axis',(0.707106781186547,0.,-0.707106781186547));
#3732=DIRECTION('center_axis',(-3.70074341541718E-16,0.,1.));
#3733=DIRECTION('ref_axis',(0.707106781186551,0.707106781186544,2.45326946669338E-16));
#3734=DIRECTION('',(3.70074341541718E-16,0.,-1.));
#3735=DIRECTION('',(-3.70074341541718E-16,0.,1.));
#3736=DIRECTION('center_axis',(1.,0.,0.));
#3737=DIRECTION('ref_axis',(0.,0.,1.));
#3738=DIRECTION('',(0.,-1.,0.));
#3739=DIRECTION('',(0.,0.,1.));
#3740=DIRECTION('',(0.,-1.,0.));
#3741=DIRECTION('center_axis',(1.88341405963196E-15,0.,1.));
#3742=DIRECTION('ref_axis',(-1.,0.,1.88341405963196E-15));
#3743=DIRECTION('',(-1.,0.,1.88341405963196E-15));
#3744=DIRECTION('',(0.,-1.,0.));
#3745=DIRECTION('center_axis',(0.,1.,0.));
#3746=DIRECTION('ref_axis',(0.,0.,1.));
#3747=DIRECTION('',(0.,0.,-1.));
#3748=DIRECTION('center_axis',(3.70074341541718E-16,0.,1.));
#3749=DIRECTION('ref_axis',(-0.707106781186548,0.707106781186548,0.));
#3750=DIRECTION('',(3.70074341541718E-16,0.,1.));
#3751=DIRECTION('center_axis',(0.,0.,-1.));
#3752=DIRECTION('ref_axis',(-1.,0.,0.));
#3753=DIRECTION('center_axis',(0.,0.707106781186548,0.707106781186548));
#3754=DIRECTION('ref_axis',(-5.23364152894591E-16,0.707106781186547,-0.707106781186547));
#3755=DIRECTION('center_axis',(-1.,0.,0.));
#3756=DIRECTION('ref_axis',(0.,0.,1.));
#3757=DIRECTION('center_axis',(0.,1.,0.));
#3758=DIRECTION('ref_axis',(-0.707106781186547,0.,0.707106781186547));
#3759=DIRECTION('center_axis',(1.,0.,0.));
#3760=DIRECTION('ref_axis',(0.,0.707106781186548,0.707106781186548));
#3761=DIRECTION('center_axis',(-1.,0.,0.));
#3762=DIRECTION('ref_axis',(0.,0.707106781186548,0.707106781186548));
#3763=DIRECTION('',(1.,0.,0.));
#3764=DIRECTION('center_axis',(0.,-1.,0.));
#3765=DIRECTION('ref_axis',(-0.707106781186544,0.,-0.707106781186551));
#3766=DIRECTION('',(0.,1.,0.));
#3767=DIRECTION('',(0.,-1.,0.));
#3768=DIRECTION('center_axis',(0.,0.707106781186548,0.707106781186548));
#3769=DIRECTION('ref_axis',(0.,0.707106781186547,-0.707106781186547));
#3770=DIRECTION('center_axis',(-3.70074341541718E-16,0.,-1.));
#3771=DIRECTION('ref_axis',(-0.707106781186548,0.707106781186548,0.));
#3772=DIRECTION('',(-3.70074341541718E-16,0.,-1.));
#3773=DIRECTION('center_axis',(0.,0.,1.));
#3774=DIRECTION('ref_axis',(0.,1.,0.));
#3775=DIRECTION('',(3.70074341541718E-16,0.,1.));
#3776=DIRECTION('center_axis',(-1.,0.,0.));
#3777=DIRECTION('ref_axis',(0.,1.,0.));
#3778=DIRECTION('center_axis',(0.,1.,0.));
#3779=DIRECTION('ref_axis',(-0.707106781186547,0.,-0.707106781186547));
#3780=DIRECTION('center_axis',(0.,-1.,0.));
#3781=DIRECTION('ref_axis',(-0.707106781186547,0.,-0.707106781186547));
#3782=DIRECTION('center_axis',(1.,0.,0.));
#3783=DIRECTION('ref_axis',(0.,0.707106781186548,-0.707106781186548));
#3784=DIRECTION('center_axis',(1.,0.,4.62592926927148E-16));
#3785=DIRECTION('ref_axis',(0.,0.707106781186548,-0.707106781186548));
#3786=DIRECTION('',(-1.,0.,0.));
#3787=DIRECTION('',(1.,0.,0.));
#3788=DIRECTION('center_axis',(0.,1.,0.));
#3789=DIRECTION('ref_axis',(0.,0.,1.));
#3790=DIRECTION('',(-1.,0.,6.93889390390722E-16));
#3791=DIRECTION('',(3.70074341541719E-16,0.,1.));
#3792=DIRECTION('center_axis',(6.93889390390722E-16,0.,1.));
#3793=DIRECTION('ref_axis',(-1.,0.,6.93889390390722E-16));
#3794=DIRECTION('',(0.,-1.,0.));
#3795=DIRECTION('center_axis',(-1.,0.,0.));
#3796=DIRECTION('ref_axis',(0.,0.,-1.));
#3797=DIRECTION('',(0.,1.,0.));
#3798=DIRECTION('',(0.,0.,-1.));
#3799=DIRECTION('',(0.,-1.,0.));
#3800=DIRECTION('center_axis',(-4.62592926927148E-16,0.,1.));
#3801=DIRECTION('ref_axis',(-0.707106781186548,0.707106781186548,0.));
#3802=DIRECTION('',(4.62592926927148E-16,0.,-1.));
#3803=DIRECTION('center_axis',(-0.707106781186548,0.,0.707106781186547));
#3804=DIRECTION('ref_axis',(-0.707106781186547,0.,-0.707106781186548));
#3805=DIRECTION('',(-4.62592926927148E-16,0.,1.));
#3806=DIRECTION('center_axis',(0.707106781186552,0.,0.707106781186543));
#3807=DIRECTION('ref_axis',(-0.707106781186543,0.,0.707106781186552));
#3808=DIRECTION('center_axis',(0.408248290463863,-0.816496580927726,-0.408248290463863));
#3809=DIRECTION('ref_axis',(0.577350269189623,0.57735026918963,-0.577350269189625));
#3810=DIRECTION('center_axis',(0.,0.,-1.));
#3811=DIRECTION('ref_axis',(1.,0.,0.));
#3812=DIRECTION('center_axis',(0.,1.,0.));
#3813=DIRECTION('ref_axis',(0.,0.,-1.));
#3814=DIRECTION('center_axis',(1.,0.,2.77555756156289E-15));
#3815=DIRECTION('ref_axis',(0.,1.,0.));
#3816=DIRECTION('center_axis',(0.,1.,0.));
#3817=DIRECTION('ref_axis',(0.707106781186548,0.,-0.707106781186548));
#3818=DIRECTION('center_axis',(0.,1.,0.));
#3819=DIRECTION('ref_axis',(0.707106781186548,0.,-0.707106781186548));
#3820=DIRECTION('',(0.,1.,0.));
#3821=DIRECTION('',(0.,-1.,0.));
#3822=DIRECTION('center_axis',(-1.,0.,0.));
#3823=DIRECTION('ref_axis',(0.,0.707106781186548,-0.707106781186548));
#3824=DIRECTION('',(1.,0.,0.));
#3825=DIRECTION('',(-1.,0.,0.));
#3826=DIRECTION('center_axis',(-4.62592926927148E-16,0.,-1.));
#3827=DIRECTION('ref_axis',(0.707106781186548,0.707106781186548,0.));
#3828=DIRECTION('',(-4.62592926927148E-16,0.,-1.));
#3829=DIRECTION('',(4.62592926927148E-16,0.,1.));
#3830=DIRECTION('center_axis',(0.707106781186548,1.96261557335472E-15,-0.707106781186548));
#3831=DIRECTION('ref_axis',(0.707106781186547,1.96261557335472E-15,0.707106781186547));
#3832=DIRECTION('center_axis',(1.,0.,-9.10018872643571E-17));
#3833=DIRECTION('ref_axis',(0.,0.707106781186548,0.707106781186547));
#3834=DIRECTION('',(1.,0.,-9.10018872643571E-17));
#3835=DIRECTION('',(-1.,0.,9.10018872643571E-17));
#3836=DIRECTION('center_axis',(0.,0.,-1.));
#3837=DIRECTION('ref_axis',(-1.,0.,0.));
#3838=DIRECTION('',(-1.,0.,0.));
#3839=DIRECTION('',(0.,1.,0.));
#3840=DIRECTION('center_axis',(0.,1.,0.));
#3841=DIRECTION('ref_axis',(0.,0.,1.));
#3842=DIRECTION('',(-4.62592926927148E-16,0.,-1.));
#3843=DIRECTION('',(-1.,0.,0.));
#3844=DIRECTION('center_axis',(0.,1.,0.));
#3845=DIRECTION('ref_axis',(1.,0.,0.));
#3846=DIRECTION('',(3.70074341541718E-16,0.,-1.));
#3847=DIRECTION('center_axis',(0.,1.,0.));
#3848=DIRECTION('ref_axis',(0.,0.,1.));
#3849=DIRECTION('',(1.,0.,0.));
#3850=DIRECTION('center_axis',(0.,1.,0.));
#3851=DIRECTION('ref_axis',(-1.,0.,0.));
#3852=DIRECTION('',(3.70074341541718E-16,0.,1.));
#3853=DIRECTION('center_axis',(0.,1.,0.));
#3854=DIRECTION('ref_axis',(0.,0.,-1.));
#3855=DIRECTION('',(-1.,0.,0.));
#3856=DIRECTION('',(-4.62592926927148E-16,0.,1.));
#3857=DIRECTION('center_axis',(0.,1.,0.));
#3858=DIRECTION('ref_axis',(-1.,0.,0.));
#3859=DIRECTION('',(1.,0.,-1.26161707343768E-16));
#3860=DIRECTION('center_axis',(0.,1.,0.));
#3861=DIRECTION('ref_axis',(-1.,0.,0.));
#3862=DIRECTION('',(-1.,0.,-1.26161707343768E-16));
#3863=DIRECTION('',(-1.,0.,1.26161707343768E-16));
#3864=DIRECTION('center_axis',(0.,1.,0.));
#3865=DIRECTION('ref_axis',(-1.,0.,0.));
#3866=DIRECTION('',(1.,0.,0.));
#3867=DIRECTION('center_axis',(0.,1.,0.));
#3868=DIRECTION('ref_axis',(-1.,0.,0.));
#3869=DIRECTION('center_axis',(0.,1.,0.));
#3870=DIRECTION('ref_axis',(0.,0.,1.));
#3871=DIRECTION('center_axis',(0.,0.,-1.));
#3872=DIRECTION('ref_axis',(1.,0.,0.));
#3873=DIRECTION('',(0.,-1.,0.));
#3874=DIRECTION('',(1.,0.,0.));
#3875=DIRECTION('center_axis',(-1.,0.,0.));
#3876=DIRECTION('ref_axis',(0.,0.,-1.));
#3877=DIRECTION('',(0.,1.,0.));
#3878=DIRECTION('',(0.,0.,-1.));
#3879=DIRECTION('center_axis',(0.,-1.,0.));
#3880=DIRECTION('ref_axis',(0.,0.,-1.));
#3881=DIRECTION('',(-1.,0.,0.));
#3882=DIRECTION('center_axis',(0.,0.,-1.));
#3883=DIRECTION('ref_axis',(1.,0.,0.));
#3884=DIRECTION('',(0.,-1.,0.));
#3885=DIRECTION('',(1.,0.,0.));
#3886=DIRECTION('center_axis',(-1.,0.,0.));
#3887=DIRECTION('ref_axis',(0.,0.,-1.));
#3888=DIRECTION('',(0.,1.,0.));
#3889=DIRECTION('',(0.,0.,-1.));
#3890=DIRECTION('center_axis',(0.,-1.,0.));
#3891=DIRECTION('ref_axis',(0.,0.,-1.));
#3892=DIRECTION('',(-1.,0.,0.));
#3893=DIRECTION('center_axis',(0.,0.,-1.));
#3894=DIRECTION('ref_axis',(1.,0.,0.));
#3895=DIRECTION('',(0.,-1.,0.));
#3896=DIRECTION('',(1.,0.,0.));
#3897=DIRECTION('center_axis',(-1.,0.,0.));
#3898=DIRECTION('ref_axis',(0.,0.,-1.));
#3899=DIRECTION('',(0.,1.,0.));
#3900=DIRECTION('',(0.,0.,-1.));
#3901=DIRECTION('center_axis',(0.,-1.,0.));
#3902=DIRECTION('ref_axis',(0.,0.,-1.));
#3903=DIRECTION('',(-1.,0.,0.));
#3904=DIRECTION('center_axis',(0.,0.,-1.));
#3905=DIRECTION('ref_axis',(1.,0.,0.));
#3906=DIRECTION('',(0.,-1.,0.));
#3907=DIRECTION('',(1.,0.,0.));
#3908=DIRECTION('center_axis',(-1.,0.,0.));
#3909=DIRECTION('ref_axis',(0.,0.,-1.));
#3910=DIRECTION('',(0.,1.,0.));
#3911=DIRECTION('',(0.,0.,-1.));
#3912=DIRECTION('center_axis',(0.,-1.,0.));
#3913=DIRECTION('ref_axis',(0.,0.,-1.));
#3914=DIRECTION('',(-1.,0.,0.));
#3915=DIRECTION('center_axis',(0.,0.,-1.));
#3916=DIRECTION('ref_axis',(1.,0.,0.));
#3917=DIRECTION('',(0.,-1.,0.));
#3918=DIRECTION('',(1.,0.,0.));
#3919=DIRECTION('center_axis',(-1.,0.,0.));
#3920=DIRECTION('ref_axis',(0.,0.,-1.));
#3921=DIRECTION('',(0.,1.,0.));
#3922=DIRECTION('',(0.,0.,-1.));
#3923=DIRECTION('center_axis',(0.,-1.,0.));
#3924=DIRECTION('ref_axis',(0.,0.,-1.));
#3925=DIRECTION('',(-1.,0.,0.));
#3926=DIRECTION('center_axis',(0.,0.,-1.));
#3927=DIRECTION('ref_axis',(1.,0.,0.));
#3928=DIRECTION('',(0.,-1.,0.));
#3929=DIRECTION('',(1.,0.,0.));
#3930=DIRECTION('center_axis',(-1.,0.,0.));
#3931=DIRECTION('ref_axis',(0.,0.,-1.));
#3932=DIRECTION('',(0.,1.,0.));
#3933=DIRECTION('',(0.,0.,-1.));
#3934=DIRECTION('center_axis',(0.,-1.,0.));
#3935=DIRECTION('ref_axis',(0.,0.,-1.));
#3936=DIRECTION('',(-1.,0.,0.));
#3937=DIRECTION('center_axis',(0.,0.,-1.));
#3938=DIRECTION('ref_axis',(1.,0.,0.));
#3939=DIRECTION('',(0.,-1.,0.));
#3940=DIRECTION('',(1.,0.,0.));
#3941=DIRECTION('center_axis',(-1.,0.,0.));
#3942=DIRECTION('ref_axis',(0.,0.,-1.));
#3943=DIRECTION('',(0.,1.,0.));
#3944=DIRECTION('',(0.,0.,-1.));
#3945=DIRECTION('center_axis',(0.,-1.,0.));
#3946=DIRECTION('ref_axis',(0.,0.,-1.));
#3947=DIRECTION('',(-1.,0.,0.));
#3948=DIRECTION('center_axis',(0.,0.,-1.));
#3949=DIRECTION('ref_axis',(1.,0.,0.));
#3950=DIRECTION('',(1.,0.,0.));
#3951=DIRECTION('center_axis',(0.,-1.,0.));
#3952=DIRECTION('ref_axis',(0.,0.,-1.));
#3953=DIRECTION('',(-1.,0.,0.));
#3954=DIRECTION('center_axis',(0.,-1.,0.));
#3955=DIRECTION('ref_axis',(0.,0.,-1.));
#3956=DIRECTION('',(1.,0.,1.26161707343768E-16));
#3957=DIRECTION('center_axis',(0.,-1.,0.));
#3958=DIRECTION('ref_axis',(-1.,0.,0.));
#3959=DIRECTION('',(1.,0.,1.26161707343768E-16));
#3960=DIRECTION('center_axis',(0.,1.,0.));
#3961=DIRECTION('ref_axis',(-1.,0.,0.));
#3962=DIRECTION('center_axis',(0.,-1.,0.));
#3963=DIRECTION('ref_axis',(0.,0.,-1.));
#3964=DIRECTION('',(-1.,0.,0.));
#3965=DIRECTION('center_axis',(0.,1.,0.));
#3966=DIRECTION('ref_axis',(-1.,0.,0.));
#3967=DIRECTION('',(-1.,0.,0.));
#3968=DIRECTION('center_axis',(0.,-1.,0.));
#3969=DIRECTION('ref_axis',(-1.,0.,0.));
#3970=DIRECTION('center_axis',(0.,-1.,0.));
#3971=DIRECTION('ref_axis',(-1.,0.,0.));
#3972=DIRECTION('',(0.,1.,0.));
#3973=DIRECTION('',(0.,-1.,0.));
#3974=DIRECTION('center_axis',(0.,-1.,0.));
#3975=DIRECTION('ref_axis',(-1.,0.,0.));
#3976=DIRECTION('',(0.,-1.,0.));
#3977=DIRECTION('',(0.,1.,0.));
#3978=DIRECTION('center_axis',(0.,-1.,0.));
#3979=DIRECTION('ref_axis',(0.,0.,-1.));
#3980=DIRECTION('',(-1.,0.,1.26161707343768E-16));
#3981=DIRECTION('center_axis',(0.,-1.,0.));
#3982=DIRECTION('ref_axis',(-1.,0.,0.));
#3983=DIRECTION('',(-1.,0.,1.26161707343768E-16));
#3984=DIRECTION('center_axis',(0.,1.,0.));
#3985=DIRECTION('ref_axis',(-1.,0.,0.));
#3986=DIRECTION('center_axis',(0.,-1.,0.));
#3987=DIRECTION('ref_axis',(0.,0.,-1.));
#3988=DIRECTION('',(1.,0.,-1.26161707343768E-16));
#3989=DIRECTION('center_axis',(0.,1.,0.));
#3990=DIRECTION('ref_axis',(-1.,0.,0.));
#3991=DIRECTION('',(1.,0.,-1.26161707343768E-16));
#3992=DIRECTION('center_axis',(0.,-1.,0.));
#3993=DIRECTION('ref_axis',(-1.,0.,0.));
#3994=DIRECTION('center_axis',(0.,-1.,0.));
#3995=DIRECTION('ref_axis',(-1.,0.,0.));
#3996=DIRECTION('',(0.,1.,0.));
#3997=DIRECTION('',(0.,-1.,0.));
#3998=DIRECTION('center_axis',(0.,-1.,0.));
#3999=DIRECTION('ref_axis',(-1.,0.,0.));
#4000=DIRECTION('',(0.,-1.,0.));
#4001=DIRECTION('',(0.,1.,0.));
#4002=DIRECTION('center_axis',(0.,-1.,0.));
#4003=DIRECTION('ref_axis',(-1.,0.,0.));
#4004=DIRECTION('',(0.,-1.,0.));
#4005=DIRECTION('center_axis',(0.,-1.,0.));
#4006=DIRECTION('ref_axis',(-1.,0.,0.));
#4007=DIRECTION('',(0.,-1.,0.));
#4008=DIRECTION('center_axis',(1.26161707343768E-16,0.,-1.));
#4009=DIRECTION('ref_axis',(1.,0.,1.26161707343768E-16));
#4010=DIRECTION('',(0.,-1.,0.));
#4011=DIRECTION('',(1.,0.,1.26161707343768E-16));
#4012=DIRECTION('',(0.,-1.,0.));
#4013=DIRECTION('center_axis',(0.,-1.,0.));
#4014=DIRECTION('ref_axis',(-1.,0.,0.));
#4015=DIRECTION('',(0.,-1.,0.));
#4016=DIRECTION('center_axis',(0.,-1.,0.));
#4017=DIRECTION('ref_axis',(-1.,0.,0.));
#4018=DIRECTION('',(0.,-1.,0.));
#4019=DIRECTION('center_axis',(1.26161707343768E-16,0.,1.));
#4020=DIRECTION('ref_axis',(-1.,0.,1.26161707343768E-16));
#4021=DIRECTION('',(0.,-1.,0.));
#4022=DIRECTION('',(-1.,0.,1.26161707343768E-16));
#4023=DIRECTION('',(0.,-1.,0.));
#4024=DIRECTION('center_axis',(0.,1.,0.));
#4025=DIRECTION('ref_axis',(-1.,0.,0.));
#4026=DIRECTION('center_axis',(0.,1.,0.));
#4027=DIRECTION('ref_axis',(-1.,0.,0.));
#4028=DIRECTION('center_axis',(0.,-1.,0.));
#4029=DIRECTION('ref_axis',(-1.,0.,0.));
#4030=DIRECTION('center_axis',(0.,1.,0.));
#4031=DIRECTION('ref_axis',(0.,0.,1.));
#4032=DIRECTION('center_axis',(0.,1.,0.));
#4033=DIRECTION('ref_axis',(-1.,0.,0.));
#4034=DIRECTION('center_axis',(0.,1.,0.));
#4035=DIRECTION('ref_axis',(-1.,0.,0.));
#4036=DIRECTION('center_axis',(0.,1.,0.));
#4037=DIRECTION('ref_axis',(0.,0.,1.));
#4038=DIRECTION('',(-1.,0.,0.));
#4039=DIRECTION('center_axis',(0.,1.,0.));
#4040=DIRECTION('ref_axis',(-1.,0.,0.));
#4041=DIRECTION('center_axis',(0.,1.,0.));
#4042=DIRECTION('ref_axis',(-1.,0.,0.));
#4043=DIRECTION('center_axis',(0.,1.,0.));
#4044=DIRECTION('ref_axis',(0.,0.,1.));
#4045=DIRECTION('',(1.,0.,-1.26161707343768E-16));
#4046=DIRECTION('center_axis',(0.,1.,0.));
#4047=DIRECTION('ref_axis',(-1.,0.,0.));
#4048=DIRECTION('center_axis',(0.,1.,0.));
#4049=DIRECTION('ref_axis',(-1.,0.,0.));
#4050=DIRECTION('center_axis',(0.,-1.,0.));
#4051=DIRECTION('ref_axis',(-1.,0.,0.));
#4052=DIRECTION('center_axis',(0.,1.,0.));
#4053=DIRECTION('ref_axis',(0.,0.,1.));
#4054=DIRECTION('center_axis',(0.,-1.,0.));
#4055=DIRECTION('ref_axis',(-1.,0.,0.));
#4056=DIRECTION('center_axis',(0.,0.,1.));
#4057=DIRECTION('ref_axis',(-1.,0.,0.));
#4058=DIRECTION('center_axis',(-1.26161707343768E-16,0.,-1.));
#4059=DIRECTION('ref_axis',(1.,0.,-1.26161707343768E-16));
#4060=DIRECTION('center_axis',(0.,-1.,0.));
#4061=DIRECTION('ref_axis',(-1.,0.,0.));
#4062=DIRECTION('center_axis',(0.,0.,-1.));
#4063=DIRECTION('ref_axis',(-1.,0.,0.));
#4064=DIRECTION('',(0.,1.,0.));
#4065=DIRECTION('',(0.,1.,0.));
#4066=DIRECTION('center_axis',(-1.,0.,3.70074341541718E-16));
#4067=DIRECTION('ref_axis',(3.70074341541718E-16,0.,1.));
#4068=DIRECTION('',(0.,1.,0.));
#4069=DIRECTION('',(0.,1.,0.));
#4070=DIRECTION('center_axis',(9.10018872643571E-17,0.,1.));
#4071=DIRECTION('ref_axis',(1.,0.,-9.10018872643571E-17));
#4072=DIRECTION('',(0.,1.,0.));
#4073=DIRECTION('',(0.,1.,0.));
#4074=DIRECTION('center_axis',(0.,1.,0.));
#4075=DIRECTION('ref_axis',(1.,0.,0.));
#4076=DIRECTION('',(0.,1.,0.));
#4077=DIRECTION('center_axis',(1.,0.,3.70074341541718E-16));
#4078=DIRECTION('ref_axis',(3.70074341541718E-16,0.,-1.));
#4079=DIRECTION('',(0.,1.,0.));
#4080=DIRECTION('center_axis',(0.,1.,0.));
#4081=DIRECTION('ref_axis',(0.,0.,1.));
#4082=DIRECTION('',(0.,1.,0.));
#4083=DIRECTION('center_axis',(0.,0.,1.));
#4084=DIRECTION('ref_axis',(1.,0.,0.));
#4085=DIRECTION('',(0.,1.,0.));
#4086=DIRECTION('center_axis',(0.,1.,0.));
#4087=DIRECTION('ref_axis',(-1.,0.,0.));
#4088=DIRECTION('center_axis',(0.,1.,0.));
#4089=DIRECTION('ref_axis',(0.,0.,-1.));
#4090=DIRECTION('',(0.,1.,0.));
#4091=DIRECTION('center_axis',(0.,0.,-1.));
#4092=DIRECTION('ref_axis',(-1.,0.,0.));
#4093=DIRECTION('',(0.,1.,0.));
#4094=DIRECTION('center_axis',(-1.,0.,-4.62592926927148E-16));
#4095=DIRECTION('ref_axis',(-4.62592926927148E-16,0.,1.));
#4096=DIRECTION('center_axis',(1.,0.,-4.62592926927148E-16));
#4097=DIRECTION('ref_axis',(-4.62592926927148E-16,0.,-1.));
#4098=DIRECTION('center_axis',(0.,1.,0.));
#4099=DIRECTION('ref_axis',(1.,0.,0.));
#4100=DIRECTION('center_axis',(0.,1.,0.));
#4101=DIRECTION('ref_axis',(1.,0.,0.));
#4102=DIRECTION('',(-0.707106781186547,0.707106781186548,-8.65956056235493E-17));
#4103=DIRECTION('center_axis',(0.,-1.,0.));
#4104=DIRECTION('ref_axis',(1.,0.,0.));
#4105=DIRECTION('center_axis',(0.,-1.,0.));
#4106=DIRECTION('ref_axis',(1.,0.,0.));
#4107=DIRECTION('center_axis',(0.,-1.,0.));
#4108=DIRECTION('ref_axis',(-1.,0.,0.));
#4109=DIRECTION('',(0.,1.,0.));
#4110=DIRECTION('center_axis',(0.,1.,0.));
#4111=DIRECTION('ref_axis',(-1.,0.,0.));
#4112=DIRECTION('center_axis',(0.,1.,0.));
#4113=DIRECTION('ref_axis',(0.,0.,1.));
#4114=DIRECTION('center_axis',(0.,1.,0.));
#4115=DIRECTION('ref_axis',(0.,0.,1.));
#4116=DIRECTION('center_axis',(0.,1.,0.));
#4117=DIRECTION('ref_axis',(1.,0.,0.));
#4118=DIRECTION('center_axis',(0.,1.,0.));
#4119=DIRECTION('ref_axis',(1.,0.,0.));
#4120=DIRECTION('',(-0.707106781186547,0.707106781186547,-8.65956056235493E-17));
#4121=DIRECTION('center_axis',(0.,-1.,0.));
#4122=DIRECTION('ref_axis',(1.,0.,0.));
#4123=DIRECTION('center_axis',(0.,-1.,0.));
#4124=DIRECTION('ref_axis',(1.,0.,0.));
#4125=DIRECTION('center_axis',(0.,-1.,0.));
#4126=DIRECTION('ref_axis',(-1.,0.,0.));
#4127=DIRECTION('',(0.,1.,0.));
#4128=DIRECTION('center_axis',(0.,1.,0.));
#4129=DIRECTION('ref_axis',(-1.,0.,0.));
#4130=DIRECTION('center_axis',(0.,1.,0.));
#4131=DIRECTION('ref_axis',(0.,0.,1.));
#4132=DIRECTION('center_axis',(0.,1.,0.));
#4133=DIRECTION('ref_axis',(0.,0.,1.));
#4134=DIRECTION('center_axis',(0.,1.,0.));
#4135=DIRECTION('ref_axis',(1.,0.,0.));
#4136=DIRECTION('center_axis',(0.,1.,0.));
#4137=DIRECTION('ref_axis',(1.,0.,0.));
#4138=DIRECTION('',(-0.707106781186547,0.707106781186548,-8.65956056235493E-17));
#4139=DIRECTION('center_axis',(0.,-1.,0.));
#4140=DIRECTION('ref_axis',(1.,0.,0.));
#4141=DIRECTION('center_axis',(0.,-1.,0.));
#4142=DIRECTION('ref_axis',(1.,0.,0.));
#4143=DIRECTION('center_axis',(0.,-1.,0.));
#4144=DIRECTION('ref_axis',(-1.,0.,0.));
#4145=DIRECTION('',(0.,1.,0.));
#4146=DIRECTION('center_axis',(0.,1.,0.));
#4147=DIRECTION('ref_axis',(-1.,0.,0.));
#4148=DIRECTION('center_axis',(0.,1.,0.));
#4149=DIRECTION('ref_axis',(0.,0.,1.));
#4150=DIRECTION('center_axis',(0.,1.,0.));
#4151=DIRECTION('ref_axis',(0.,0.,1.));
#4152=DIRECTION('center_axis',(0.,1.,0.));
#4153=DIRECTION('ref_axis',(1.,0.,0.));
#4154=DIRECTION('center_axis',(0.,1.,0.));
#4155=DIRECTION('ref_axis',(1.,0.,0.));
#4156=DIRECTION('',(-0.707106781186547,0.707106781186548,-8.65956056235493E-17));
#4157=DIRECTION('center_axis',(0.,-1.,0.));
#4158=DIRECTION('ref_axis',(1.,0.,0.));
#4159=DIRECTION('center_axis',(0.,-1.,0.));
#4160=DIRECTION('ref_axis',(1.,0.,0.));
#4161=DIRECTION('center_axis',(0.,-1.,0.));
#4162=DIRECTION('ref_axis',(-1.,0.,0.));
#4163=DIRECTION('',(0.,1.,0.));
#4164=DIRECTION('center_axis',(0.,1.,0.));
#4165=DIRECTION('ref_axis',(-1.,0.,0.));
#4166=DIRECTION('center_axis',(0.,1.,0.));
#4167=DIRECTION('ref_axis',(0.,0.,1.));
#4168=DIRECTION('center_axis',(0.,1.,0.));
#4169=DIRECTION('ref_axis',(0.,0.,1.));
#4170=DIRECTION('center_axis',(0.,1.,0.));
#4171=DIRECTION('ref_axis',(1.,0.,0.));
#4172=DIRECTION('center_axis',(0.,1.,0.));
#4173=DIRECTION('ref_axis',(1.,0.,0.));
#4174=DIRECTION('',(-0.707106781186547,0.707106781186547,-8.65956056235493E-17));
#4175=DIRECTION('center_axis',(0.,-1.,0.));
#4176=DIRECTION('ref_axis',(1.,0.,0.));
#4177=DIRECTION('center_axis',(0.,-1.,0.));
#4178=DIRECTION('ref_axis',(1.,0.,0.));
#4179=DIRECTION('center_axis',(0.,-1.,0.));
#4180=DIRECTION('ref_axis',(-1.,0.,0.));
#4181=DIRECTION('',(0.,1.,0.));
#4182=DIRECTION('center_axis',(0.,1.,0.));
#4183=DIRECTION('ref_axis',(-1.,0.,0.));
#4184=DIRECTION('center_axis',(0.,1.,0.));
#4185=DIRECTION('ref_axis',(0.,0.,1.));
#4186=DIRECTION('center_axis',(0.,1.,0.));
#4187=DIRECTION('ref_axis',(0.,0.,1.));
#4188=DIRECTION('center_axis',(0.,1.,0.));
#4189=DIRECTION('ref_axis',(1.,0.,0.));
#4190=DIRECTION('center_axis',(0.,1.,0.));
#4191=DIRECTION('ref_axis',(1.,0.,0.));
#4192=DIRECTION('',(-0.707106781186547,0.707106781186547,-8.65956056235493E-17));
#4193=DIRECTION('center_axis',(0.,-1.,0.));
#4194=DIRECTION('ref_axis',(1.,0.,0.));
#4195=DIRECTION('center_axis',(0.,-1.,0.));
#4196=DIRECTION('ref_axis',(1.,0.,0.));
#4197=DIRECTION('center_axis',(0.,-1.,0.));
#4198=DIRECTION('ref_axis',(-1.,0.,0.));
#4199=DIRECTION('',(0.,1.,0.));
#4200=DIRECTION('center_axis',(0.,1.,0.));
#4201=DIRECTION('ref_axis',(-1.,0.,0.));
#4202=DIRECTION('center_axis',(0.,1.,0.));
#4203=DIRECTION('ref_axis',(0.,0.,1.));
#4204=DIRECTION('center_axis',(0.,1.,0.));
#4205=DIRECTION('ref_axis',(0.,0.,1.));
#4206=DIRECTION('center_axis',(0.,1.,0.));
#4207=DIRECTION('ref_axis',(1.,0.,0.));
#4208=DIRECTION('center_axis',(0.,1.,0.));
#4209=DIRECTION('ref_axis',(1.,0.,0.));
#4210=DIRECTION('',(-0.707106781186547,0.707106781186548,-8.65956056235493E-17));
#4211=DIRECTION('center_axis',(0.,-1.,0.));
#4212=DIRECTION('ref_axis',(1.,0.,0.));
#4213=DIRECTION('center_axis',(0.,-1.,0.));
#4214=DIRECTION('ref_axis',(1.,0.,0.));
#4215=DIRECTION('center_axis',(0.,-1.,0.));
#4216=DIRECTION('ref_axis',(-1.,0.,0.));
#4217=DIRECTION('',(0.,1.,0.));
#4218=DIRECTION('center_axis',(0.,1.,0.));
#4219=DIRECTION('ref_axis',(-1.,0.,0.));
#4220=DIRECTION('center_axis',(0.,1.,0.));
#4221=DIRECTION('ref_axis',(0.,0.,1.));
#4222=DIRECTION('center_axis',(0.,1.,0.));
#4223=DIRECTION('ref_axis',(0.,0.,1.));
#4224=DIRECTION('center_axis',(0.,1.,0.));
#4225=DIRECTION('ref_axis',(1.,0.,0.));
#4226=DIRECTION('center_axis',(0.,1.,0.));
#4227=DIRECTION('ref_axis',(1.,0.,0.));
#4228=DIRECTION('',(-0.707106781186547,0.707106781186547,-8.65956056235493E-17));
#4229=DIRECTION('center_axis',(0.,-1.,0.));
#4230=DIRECTION('ref_axis',(1.,0.,0.));
#4231=DIRECTION('center_axis',(0.,-1.,0.));
#4232=DIRECTION('ref_axis',(1.,0.,0.));
#4233=DIRECTION('center_axis',(0.,-1.,0.));
#4234=DIRECTION('ref_axis',(-1.,0.,0.));
#4235=DIRECTION('',(0.,1.,0.));
#4236=DIRECTION('center_axis',(0.,1.,0.));
#4237=DIRECTION('ref_axis',(-1.,0.,0.));
#4238=DIRECTION('center_axis',(0.,1.,0.));
#4239=DIRECTION('ref_axis',(0.,0.,1.));
#4240=DIRECTION('center_axis',(0.,1.,0.));
#4241=DIRECTION('ref_axis',(0.,0.,1.));
#4242=DIRECTION('center_axis',(1.,0.,0.));
#4243=DIRECTION('ref_axis',(0.,0.707106781186546,0.707106781186549));
#4244=DIRECTION('center_axis',(-1.,0.,0.));
#4245=DIRECTION('ref_axis',(0.,0.707106781186546,0.707106781186549));
#4246=DIRECTION('',(-1.,0.,0.));
#4247=DIRECTION('center_axis',(1.,0.,0.));
#4248=DIRECTION('ref_axis',(0.,0.707106781186546,0.707106781186549));
#4249=DIRECTION('',(1.,0.,0.));
#4250=DIRECTION('center_axis',(1.,0.,0.));
#4251=DIRECTION('ref_axis',(0.,0.,-1.));
#4252=DIRECTION('',(0.,1.,0.));
#4253=DIRECTION('',(0.,0.,-1.));
#4254=DIRECTION('',(0.,1.,0.));
#4255=DIRECTION('',(0.,0.,-1.));
#4256=DIRECTION('center_axis',(0.,0.,1.));
#4257=DIRECTION('ref_axis',(1.,0.,0.));
#4258=DIRECTION('',(0.,1.,0.));
#4259=DIRECTION('',(1.,0.,0.));
#4260=DIRECTION('center_axis',(-1.,0.,0.));
#4261=DIRECTION('ref_axis',(0.,0.,1.));
#4262=DIRECTION('',(0.,0.,1.));
#4263=DIRECTION('',(0.,1.,0.));
#4264=DIRECTION('',(0.,0.,1.));
#4265=DIRECTION('center_axis',(0.,0.,-1.));
#4266=DIRECTION('ref_axis',(-1.,0.,0.));
#4267=DIRECTION('',(-1.,0.,0.));
#4268=DIRECTION('',(-1.,0.,0.));
#4269=DIRECTION('center_axis',(0.,1.,0.));
#4270=DIRECTION('ref_axis',(0.,0.,1.));
#4271=DIRECTION('center_axis',(0.,1.,0.));
#4272=DIRECTION('ref_axis',(0.,0.,1.));
#4273=DIRECTION('center_axis',(1.,0.,0.));
#4274=DIRECTION('ref_axis',(0.,0.707106781186546,0.707106781186549));
#4275=DIRECTION('center_axis',(-1.,0.,0.));
#4276=DIRECTION('ref_axis',(0.,0.707106781186546,0.707106781186549));
#4277=DIRECTION('',(-1.,0.,0.));
#4278=DIRECTION('center_axis',(1.,0.,0.));
#4279=DIRECTION('ref_axis',(0.,0.707106781186546,0.707106781186549));
#4280=DIRECTION('',(1.,0.,0.));
#4281=DIRECTION('center_axis',(1.,0.,0.));
#4282=DIRECTION('ref_axis',(0.,0.,-1.));
#4283=DIRECTION('',(0.,1.,0.));
#4284=DIRECTION('',(0.,0.,-1.));
#4285=DIRECTION('',(0.,1.,0.));
#4286=DIRECTION('',(0.,0.,-1.));
#4287=DIRECTION('center_axis',(0.,0.,1.));
#4288=DIRECTION('ref_axis',(1.,0.,0.));
#4289=DIRECTION('',(0.,1.,0.));
#4290=DIRECTION('',(1.,0.,0.));
#4291=DIRECTION('center_axis',(-1.,0.,0.));
#4292=DIRECTION('ref_axis',(0.,0.,1.));
#4293=DIRECTION('',(0.,0.,1.));
#4294=DIRECTION('',(0.,1.,0.));
#4295=DIRECTION('',(0.,0.,1.));
#4296=DIRECTION('center_axis',(0.,0.,-1.));
#4297=DIRECTION('ref_axis',(-1.,0.,0.));
#4298=DIRECTION('',(-1.,0.,0.));
#4299=DIRECTION('',(-1.,0.,0.));
#4300=DIRECTION('center_axis',(0.,1.,0.));
#4301=DIRECTION('ref_axis',(0.,0.,1.));
#4302=DIRECTION('center_axis',(0.,1.,0.));
#4303=DIRECTION('ref_axis',(0.,0.,1.));
#4304=DIRECTION('center_axis',(1.,0.,0.));
#4305=DIRECTION('ref_axis',(0.,0.707106781186546,0.707106781186549));
#4306=DIRECTION('center_axis',(-1.,0.,0.));
#4307=DIRECTION('ref_axis',(0.,0.707106781186546,0.707106781186549));
#4308=DIRECTION('',(-1.,0.,0.));
#4309=DIRECTION('center_axis',(1.,0.,0.));
#4310=DIRECTION('ref_axis',(0.,0.707106781186546,0.707106781186549));
#4311=DIRECTION('',(1.,0.,0.));
#4312=DIRECTION('center_axis',(1.,0.,0.));
#4313=DIRECTION('ref_axis',(0.,0.,-1.));
#4314=DIRECTION('',(0.,1.,0.));
#4315=DIRECTION('',(0.,0.,-1.));
#4316=DIRECTION('',(0.,1.,0.));
#4317=DIRECTION('',(0.,0.,-1.));
#4318=DIRECTION('center_axis',(0.,0.,1.));
#4319=DIRECTION('ref_axis',(1.,0.,0.));
#4320=DIRECTION('',(0.,1.,0.));
#4321=DIRECTION('',(1.,0.,0.));
#4322=DIRECTION('center_axis',(-1.,0.,0.));
#4323=DIRECTION('ref_axis',(0.,0.,1.));
#4324=DIRECTION('',(0.,0.,1.));
#4325=DIRECTION('',(0.,1.,0.));
#4326=DIRECTION('',(0.,0.,1.));
#4327=DIRECTION('center_axis',(0.,0.,-1.));
#4328=DIRECTION('ref_axis',(-1.,0.,0.));
#4329=DIRECTION('',(-1.,0.,0.));
#4330=DIRECTION('',(-1.,0.,0.));
#4331=DIRECTION('center_axis',(0.,1.,0.));
#4332=DIRECTION('ref_axis',(0.,0.,1.));
#4333=DIRECTION('center_axis',(0.,1.,0.));
#4334=DIRECTION('ref_axis',(0.,0.,1.));
#4335=DIRECTION('center_axis',(1.,0.,0.));
#4336=DIRECTION('ref_axis',(0.,0.707106781186546,0.707106781186549));
#4337=DIRECTION('center_axis',(-1.,0.,0.));
#4338=DIRECTION('ref_axis',(0.,0.707106781186546,0.707106781186549));
#4339=DIRECTION('',(-1.,0.,0.));
#4340=DIRECTION('center_axis',(1.,0.,0.));
#4341=DIRECTION('ref_axis',(0.,0.707106781186546,0.707106781186549));
#4342=DIRECTION('',(1.,0.,0.));
#4343=DIRECTION('center_axis',(1.,0.,0.));
#4344=DIRECTION('ref_axis',(0.,0.,-1.));
#4345=DIRECTION('',(0.,1.,0.));
#4346=DIRECTION('',(0.,0.,-1.));
#4347=DIRECTION('',(0.,1.,0.));
#4348=DIRECTION('',(0.,0.,-1.));
#4349=DIRECTION('center_axis',(0.,0.,1.));
#4350=DIRECTION('ref_axis',(1.,0.,0.));
#4351=DIRECTION('',(0.,1.,0.));
#4352=DIRECTION('',(1.,0.,0.));
#4353=DIRECTION('center_axis',(-1.,0.,0.));
#4354=DIRECTION('ref_axis',(0.,0.,1.));
#4355=DIRECTION('',(0.,0.,1.));
#4356=DIRECTION('',(0.,1.,0.));
#4357=DIRECTION('',(0.,0.,1.));
#4358=DIRECTION('center_axis',(0.,0.,-1.));
#4359=DIRECTION('ref_axis',(-1.,0.,0.));
#4360=DIRECTION('',(-1.,0.,0.));
#4361=DIRECTION('',(-1.,0.,0.));
#4362=DIRECTION('center_axis',(0.,1.,0.));
#4363=DIRECTION('ref_axis',(0.,0.,1.));
#4364=DIRECTION('center_axis',(0.,1.,0.));
#4365=DIRECTION('ref_axis',(0.,0.,1.));
#4366=DIRECTION('center_axis',(1.,0.,0.));
#4367=DIRECTION('ref_axis',(0.,0.707106781186546,0.707106781186549));
#4368=DIRECTION('center_axis',(-1.,0.,0.));
#4369=DIRECTION('ref_axis',(0.,0.707106781186546,0.707106781186549));
#4370=DIRECTION('',(-1.,0.,0.));
#4371=DIRECTION('center_axis',(1.,0.,0.));
#4372=DIRECTION('ref_axis',(0.,0.707106781186546,0.707106781186549));
#4373=DIRECTION('',(1.,0.,0.));
#4374=DIRECTION('center_axis',(1.,0.,0.));
#4375=DIRECTION('ref_axis',(0.,0.,-1.));
#4376=DIRECTION('',(0.,1.,0.));
#4377=DIRECTION('',(0.,0.,-1.));
#4378=DIRECTION('',(0.,1.,0.));
#4379=DIRECTION('',(0.,0.,-1.));
#4380=DIRECTION('center_axis',(0.,0.,1.));
#4381=DIRECTION('ref_axis',(1.,0.,0.));
#4382=DIRECTION('',(0.,1.,0.));
#4383=DIRECTION('',(1.,0.,0.));
#4384=DIRECTION('center_axis',(-1.,0.,0.));
#4385=DIRECTION('ref_axis',(0.,0.,1.));
#4386=DIRECTION('',(0.,0.,1.));
#4387=DIRECTION('',(0.,1.,0.));
#4388=DIRECTION('',(0.,0.,1.));
#4389=DIRECTION('center_axis',(0.,0.,-1.));
#4390=DIRECTION('ref_axis',(-1.,0.,0.));
#4391=DIRECTION('',(-1.,0.,0.));
#4392=DIRECTION('',(-1.,0.,0.));
#4393=DIRECTION('center_axis',(0.,1.,0.));
#4394=DIRECTION('ref_axis',(0.,0.,1.));
#4395=DIRECTION('center_axis',(0.,1.,0.));
#4396=DIRECTION('ref_axis',(0.,0.,1.));
#4397=DIRECTION('center_axis',(1.,0.,0.));
#4398=DIRECTION('ref_axis',(0.,0.707106781186546,0.707106781186549));
#4399=DIRECTION('center_axis',(-1.,0.,0.));
#4400=DIRECTION('ref_axis',(0.,0.707106781186546,0.707106781186549));
#4401=DIRECTION('',(-1.,0.,0.));
#4402=DIRECTION('center_axis',(1.,0.,0.));
#4403=DIRECTION('ref_axis',(0.,0.707106781186546,0.707106781186549));
#4404=DIRECTION('',(1.,0.,0.));
#4405=DIRECTION('center_axis',(1.,0.,0.));
#4406=DIRECTION('ref_axis',(0.,0.,-1.));
#4407=DIRECTION('',(0.,1.,0.));
#4408=DIRECTION('',(0.,0.,-1.));
#4409=DIRECTION('',(0.,1.,0.));
#4410=DIRECTION('',(0.,0.,-1.));
#4411=DIRECTION('center_axis',(0.,0.,1.));
#4412=DIRECTION('ref_axis',(1.,0.,0.));
#4413=DIRECTION('',(0.,1.,0.));
#4414=DIRECTION('',(1.,0.,0.));
#4415=DIRECTION('center_axis',(-1.,0.,0.));
#4416=DIRECTION('ref_axis',(0.,0.,1.));
#4417=DIRECTION('',(0.,0.,1.));
#4418=DIRECTION('',(0.,1.,0.));
#4419=DIRECTION('',(0.,0.,1.));
#4420=DIRECTION('center_axis',(0.,0.,-1.));
#4421=DIRECTION('ref_axis',(-1.,0.,0.));
#4422=DIRECTION('',(-1.,0.,0.));
#4423=DIRECTION('',(-1.,0.,0.));
#4424=DIRECTION('center_axis',(0.,1.,0.));
#4425=DIRECTION('ref_axis',(0.,0.,1.));
#4426=DIRECTION('center_axis',(0.,1.,0.));
#4427=DIRECTION('ref_axis',(0.,0.,1.));
#4428=DIRECTION('center_axis',(1.,0.,0.));
#4429=DIRECTION('ref_axis',(0.,0.707106781186546,0.707106781186549));
#4430=DIRECTION('center_axis',(-1.,0.,0.));
#4431=DIRECTION('ref_axis',(0.,0.707106781186546,0.707106781186549));
#4432=DIRECTION('',(-1.,0.,0.));
#4433=DIRECTION('center_axis',(1.,0.,0.));
#4434=DIRECTION('ref_axis',(0.,0.707106781186546,0.707106781186549));
#4435=DIRECTION('',(1.,0.,0.));
#4436=DIRECTION('center_axis',(1.,0.,0.));
#4437=DIRECTION('ref_axis',(0.,0.,-1.));
#4438=DIRECTION('',(0.,1.,0.));
#4439=DIRECTION('',(0.,0.,-1.));
#4440=DIRECTION('',(0.,1.,0.));
#4441=DIRECTION('',(0.,0.,-1.));
#4442=DIRECTION('center_axis',(0.,0.,1.));
#4443=DIRECTION('ref_axis',(1.,0.,0.));
#4444=DIRECTION('',(0.,1.,0.));
#4445=DIRECTION('',(1.,0.,0.));
#4446=DIRECTION('center_axis',(-1.,0.,0.));
#4447=DIRECTION('ref_axis',(0.,0.,1.));
#4448=DIRECTION('',(0.,0.,1.));
#4449=DIRECTION('',(0.,1.,0.));
#4450=DIRECTION('',(0.,0.,1.));
#4451=DIRECTION('center_axis',(0.,0.,-1.));
#4452=DIRECTION('ref_axis',(-1.,0.,0.));
#4453=DIRECTION('',(-1.,0.,0.));
#4454=DIRECTION('',(-1.,0.,0.));
#4455=DIRECTION('center_axis',(0.,1.,0.));
#4456=DIRECTION('ref_axis',(0.,0.,1.));
#4457=DIRECTION('center_axis',(0.,1.,0.));
#4458=DIRECTION('ref_axis',(0.,0.,1.));
#4459=DIRECTION('center_axis',(1.,0.,0.));
#4460=DIRECTION('ref_axis',(0.,0.707106781186546,0.707106781186549));
#4461=DIRECTION('center_axis',(-1.,0.,0.));
#4462=DIRECTION('ref_axis',(0.,0.707106781186546,0.707106781186549));
#4463=DIRECTION('',(-1.,0.,0.));
#4464=DIRECTION('center_axis',(1.,0.,0.));
#4465=DIRECTION('ref_axis',(0.,0.707106781186546,0.707106781186549));
#4466=DIRECTION('',(1.,0.,0.));
#4467=DIRECTION('center_axis',(1.,0.,0.));
#4468=DIRECTION('ref_axis',(0.,0.,-1.));
#4469=DIRECTION('',(0.,1.,0.));
#4470=DIRECTION('',(0.,0.,-1.));
#4471=DIRECTION('',(0.,1.,0.));
#4472=DIRECTION('',(0.,0.,-1.));
#4473=DIRECTION('center_axis',(0.,0.,1.));
#4474=DIRECTION('ref_axis',(1.,0.,0.));
#4475=DIRECTION('',(0.,1.,0.));
#4476=DIRECTION('',(1.,0.,0.));
#4477=DIRECTION('center_axis',(-1.,0.,0.));
#4478=DIRECTION('ref_axis',(0.,0.,1.));
#4479=DIRECTION('',(0.,0.,1.));
#4480=DIRECTION('',(0.,1.,0.));
#4481=DIRECTION('',(0.,0.,1.));
#4482=DIRECTION('center_axis',(0.,0.,-1.));
#4483=DIRECTION('ref_axis',(-1.,0.,0.));
#4484=DIRECTION('',(-1.,0.,0.));
#4485=DIRECTION('',(-1.,0.,0.));
#4486=DIRECTION('center_axis',(0.,1.,0.));
#4487=DIRECTION('ref_axis',(0.,0.,1.));
#4488=DIRECTION('center_axis',(0.,1.,0.));
#4489=DIRECTION('ref_axis',(0.,0.,1.));
#4490=CARTESIAN_POINT('',(0.,0.,0.));
#4491=CARTESIAN_POINT('Origin',(-2.775,9.8,2.87500000000001));
#4492=CARTESIAN_POINT('',(3.2,9.8,3.07500000000001));
#4493=CARTESIAN_POINT('',(3.2,10.,2.87500000000001));
#4494=CARTESIAN_POINT('Origin',(3.2,9.8,2.87500000000001));
#4495=CARTESIAN_POINT('',(2.8,10.,2.87500000000001));
#4496=CARTESIAN_POINT('',(-2.775,10.,2.87500000000001));
#4497=CARTESIAN_POINT('',(2.8,9.8,3.07500000000001));
#4498=CARTESIAN_POINT('Origin',(2.8,9.8,2.87500000000001));
#4499=CARTESIAN_POINT('',(-2.775,9.8,3.07500000000001));
#4500=CARTESIAN_POINT('Origin',(2.8,10.,1.07500000000001));
#4501=CARTESIAN_POINT('',(2.8,10.,1.07500000000001));
#4502=CARTESIAN_POINT('',(2.8,10.,0.425000000000004));
#4503=CARTESIAN_POINT('',(2.8,4.5,1.07500000000001));
#4504=CARTESIAN_POINT('',(2.8,10.,1.07500000000001));
#4505=CARTESIAN_POINT('',(2.8,4.5,3.07500000000001));
#4506=CARTESIAN_POINT('',(2.8,4.5,3.07500000000001));
#4507=CARTESIAN_POINT('',(2.8,5.,3.07500000000001));
#4508=CARTESIAN_POINT('Origin',(0.,10.,-0.224999999999998));
#4509=CARTESIAN_POINT('',(3.2,10.,1.07500000000001));
#4510=CARTESIAN_POINT('',(3.2,10.,1.425));
#4511=CARTESIAN_POINT('',(3.8,10.,1.07500000000001));
#4512=CARTESIAN_POINT('',(1.6,10.,1.07500000000001));
#4513=CARTESIAN_POINT('',(3.8,10.,2.87500000000001));
#4514=CARTESIAN_POINT('',(3.8,10.,0.425000000000004));
#4515=CARTESIAN_POINT('',(5.55,10.,2.87500000000001));
#4516=CARTESIAN_POINT('',(-2.775,10.,2.87500000000001));
#4517=CARTESIAN_POINT('',(5.65,10.,2.77500000000001));
#4518=CARTESIAN_POINT('Origin',(5.55,10.,2.77500000000001));
#4519=CARTESIAN_POINT('',(5.65,10.,-1.72500000000001));
#4520=CARTESIAN_POINT('',(5.65,10.,1.275));
#4521=CARTESIAN_POINT('',(3.05,10.,-1.725));
#4522=CARTESIAN_POINT('',(2.925,10.,-1.725));
#4523=CARTESIAN_POINT('',(-3.05,10.,-1.725));
#4524=CARTESIAN_POINT('',(-1.525,10.,-1.725));
#4525=CARTESIAN_POINT('',(-5.65,10.,-1.725));
#4526=CARTESIAN_POINT('',(-1.525,10.,-1.725));
#4527=CARTESIAN_POINT('',(-5.65,10.,2.77500000000001));
#4528=CARTESIAN_POINT('',(-5.65,10.,-1.725));
#4529=CARTESIAN_POINT('',(-5.55,10.,2.87500000000001));
#4530=CARTESIAN_POINT('Origin',(-5.55,10.,2.77500000000001));
#4531=CARTESIAN_POINT('',(-3.8,10.,2.87500000000001));
#4532=CARTESIAN_POINT('',(-2.775,10.,2.87500000000001));
#4533=CARTESIAN_POINT('',(-3.8,10.,1.07500000000001));
#4534=CARTESIAN_POINT('',(-3.8,10.,1.425));
#4535=CARTESIAN_POINT('',(-3.2,10.,1.07500000000001));
#4536=CARTESIAN_POINT('',(-1.9,10.,1.07500000000001));
#4537=CARTESIAN_POINT('',(-3.2,10.,2.87500000000001));
#4538=CARTESIAN_POINT('',(-3.2,10.,0.425000000000004));
#4539=CARTESIAN_POINT('',(-2.8,10.,2.87500000000001));
#4540=CARTESIAN_POINT('',(-2.775,10.,2.87500000000001));
#4541=CARTESIAN_POINT('',(-2.8,10.,1.07500000000001));
#4542=CARTESIAN_POINT('',(-2.8,10.,1.425));
#4543=CARTESIAN_POINT('',(-2.2,10.,1.07500000000001));
#4544=CARTESIAN_POINT('',(-1.4,10.,1.07500000000001));
#4545=CARTESIAN_POINT('',(-2.2,10.,2.87500000000001));
#4546=CARTESIAN_POINT('',(-2.2,10.,0.425000000000004));
#4547=CARTESIAN_POINT('',(-1.8,10.,2.87500000000001));
#4548=CARTESIAN_POINT('',(-2.775,10.,2.87500000000001));
#4549=CARTESIAN_POINT('',(-1.8,10.,1.07500000000001));
#4550=CARTESIAN_POINT('',(-1.8,10.,1.425));
#4551=CARTESIAN_POINT('',(-1.2,10.,1.07500000000001));
#4552=CARTESIAN_POINT('',(-0.9,10.,1.07500000000001));
#4553=CARTESIAN_POINT('',(-1.2,10.,2.87500000000001));
#4554=CARTESIAN_POINT('',(-1.2,10.,0.425000000000004));
#4555=CARTESIAN_POINT('',(-0.8,10.,2.87500000000001));
#4556=CARTESIAN_POINT('',(-2.775,10.,2.87500000000001));
#4557=CARTESIAN_POINT('',(-0.8,10.,1.07500000000001));
#4558=CARTESIAN_POINT('',(-0.8,10.,1.425));
#4559=CARTESIAN_POINT('',(-0.2,10.,1.07500000000001));
#4560=CARTESIAN_POINT('',(-0.4,10.,1.07500000000001));
#4561=CARTESIAN_POINT('',(-0.2,10.,2.87500000000001));
#4562=CARTESIAN_POINT('',(-0.2,10.,0.425000000000004));
#4563=CARTESIAN_POINT('',(0.2,10.,2.87500000000001));
#4564=CARTESIAN_POINT('',(-2.775,10.,2.87500000000001));
#4565=CARTESIAN_POINT('',(0.2,10.,1.07500000000001));
#4566=CARTESIAN_POINT('',(0.2,10.,1.425));
#4567=CARTESIAN_POINT('',(0.8,10.,1.07500000000001));
#4568=CARTESIAN_POINT('',(0.1,10.,1.07500000000001));
#4569=CARTESIAN_POINT('',(0.8,10.,2.87500000000001));
#4570=CARTESIAN_POINT('',(0.8,10.,0.425000000000004));
#4571=CARTESIAN_POINT('',(1.2,10.,2.87500000000001));
#4572=CARTESIAN_POINT('',(-2.775,10.,2.87500000000001));
#4573=CARTESIAN_POINT('',(1.2,10.,1.07500000000001));
#4574=CARTESIAN_POINT('',(1.2,10.,1.425));
#4575=CARTESIAN_POINT('',(1.8,10.,1.07500000000001));
#4576=CARTESIAN_POINT('',(0.6,10.,1.07500000000001));
#4577=CARTESIAN_POINT('',(1.8,10.,2.87500000000001));
#4578=CARTESIAN_POINT('',(1.8,10.,0.425000000000004));
#4579=CARTESIAN_POINT('',(2.2,10.,2.87500000000001));
#4580=CARTESIAN_POINT('',(-2.775,10.,2.87500000000001));
#4581=CARTESIAN_POINT('',(2.2,10.,1.07500000000001));
#4582=CARTESIAN_POINT('',(2.2,10.,1.425));
#4583=CARTESIAN_POINT('',(1.1,10.,1.07500000000001));
#4584=CARTESIAN_POINT('Origin',(-2.775,9.8,2.87500000000001));
#4585=CARTESIAN_POINT('',(2.2,9.8,3.07500000000001));
#4586=CARTESIAN_POINT('Origin',(2.2,9.8,2.87500000000001));
#4587=CARTESIAN_POINT('',(1.8,9.8,3.07500000000001));
#4588=CARTESIAN_POINT('Origin',(1.8,9.8,2.87500000000001));
#4589=CARTESIAN_POINT('',(-2.775,9.8,3.07500000000001));
#4590=CARTESIAN_POINT('Origin',(1.8,10.,1.07500000000001));
#4591=CARTESIAN_POINT('',(1.8,4.5,1.07500000000001));
#4592=CARTESIAN_POINT('',(1.8,10.,1.07500000000001));
#4593=CARTESIAN_POINT('',(1.8,4.5,3.07500000000001));
#4594=CARTESIAN_POINT('',(1.8,4.5,3.07500000000001));
#4595=CARTESIAN_POINT('',(1.8,5.,3.07500000000001));
#4596=CARTESIAN_POINT('Origin',(-2.775,9.8,2.87500000000001));
#4597=CARTESIAN_POINT('',(1.2,9.8,3.07500000000001));
#4598=CARTESIAN_POINT('Origin',(1.2,9.8,2.87500000000001));
#4599=CARTESIAN_POINT('',(0.8,9.8,3.07500000000001));
#4600=CARTESIAN_POINT('Origin',(0.8,9.8,2.87500000000001));
#4601=CARTESIAN_POINT('',(-2.775,9.8,3.07500000000001));
#4602=CARTESIAN_POINT('Origin',(0.8,10.,1.07500000000001));
#4603=CARTESIAN_POINT('',(0.8,4.5,1.07500000000001));
#4604=CARTESIAN_POINT('',(0.8,10.,1.07500000000001));
#4605=CARTESIAN_POINT('',(0.8,4.5,3.07500000000001));
#4606=CARTESIAN_POINT('',(0.8,4.5,3.07500000000001));
#4607=CARTESIAN_POINT('',(0.8,5.,3.07500000000001));
#4608=CARTESIAN_POINT('Origin',(-2.775,9.8,2.87500000000001));
#4609=CARTESIAN_POINT('',(0.2,9.8,3.07500000000001));
#4610=CARTESIAN_POINT('Origin',(0.2,9.8,2.87500000000001));
#4611=CARTESIAN_POINT('',(-0.2,9.8,3.07500000000001));
#4612=CARTESIAN_POINT('Origin',(-0.2,9.8,2.87500000000001));
#4613=CARTESIAN_POINT('',(-2.775,9.8,3.07500000000001));
#4614=CARTESIAN_POINT('Origin',(-0.2,10.,1.07500000000001));
#4615=CARTESIAN_POINT('',(-0.2,4.5,1.07500000000001));
#4616=CARTESIAN_POINT('',(-0.2,10.,1.07500000000001));
#4617=CARTESIAN_POINT('',(-0.2,4.5,3.07500000000001));
#4618=CARTESIAN_POINT('',(-0.2,4.5,3.07500000000001));
#4619=CARTESIAN_POINT('',(-0.2,5.,3.07500000000001));
#4620=CARTESIAN_POINT('Origin',(-2.775,9.8,2.87500000000001));
#4621=CARTESIAN_POINT('',(-0.8,9.8,3.07500000000001));
#4622=CARTESIAN_POINT('Origin',(-0.8,9.8,2.87500000000001));
#4623=CARTESIAN_POINT('',(-1.2,9.8,3.07500000000001));
#4624=CARTESIAN_POINT('Origin',(-1.2,9.8,2.87500000000001));
#4625=CARTESIAN_POINT('',(-2.775,9.8,3.07500000000001));
#4626=CARTESIAN_POINT('Origin',(-1.2,10.,1.07500000000001));
#4627=CARTESIAN_POINT('',(-1.2,4.5,1.07500000000001));
#4628=CARTESIAN_POINT('',(-1.2,10.,1.07500000000001));
#4629=CARTESIAN_POINT('',(-1.2,4.5,3.07500000000001));
#4630=CARTESIAN_POINT('',(-1.2,4.5,3.07500000000001));
#4631=CARTESIAN_POINT('',(-1.2,5.,3.07500000000001));
#4632=CARTESIAN_POINT('Origin',(-2.775,9.8,2.87500000000001));
#4633=CARTESIAN_POINT('',(-1.8,9.8,3.07500000000001));
#4634=CARTESIAN_POINT('Origin',(-1.8,9.8,2.87500000000001));
#4635=CARTESIAN_POINT('',(-2.2,9.8,3.07500000000001));
#4636=CARTESIAN_POINT('Origin',(-2.2,9.8,2.87500000000001));
#4637=CARTESIAN_POINT('',(-2.775,9.8,3.07500000000001));
#4638=CARTESIAN_POINT('Origin',(-2.2,10.,1.07500000000001));
#4639=CARTESIAN_POINT('',(-2.2,4.5,1.07500000000001));
#4640=CARTESIAN_POINT('',(-2.2,10.,1.07500000000001));
#4641=CARTESIAN_POINT('',(-2.2,4.5,3.07500000000001));
#4642=CARTESIAN_POINT('',(-2.2,4.5,3.07500000000001));
#4643=CARTESIAN_POINT('',(-2.2,5.,3.07500000000001));
#4644=CARTESIAN_POINT('Origin',(-2.775,9.8,2.87500000000001));
#4645=CARTESIAN_POINT('',(-2.8,9.8,3.07500000000001));
#4646=CARTESIAN_POINT('Origin',(-2.8,9.8,2.87500000000001));
#4647=CARTESIAN_POINT('',(-3.2,9.8,3.07500000000001));
#4648=CARTESIAN_POINT('Origin',(-3.2,9.8,2.87500000000001));
#4649=CARTESIAN_POINT('',(-2.775,9.8,3.07500000000001));
#4650=CARTESIAN_POINT('Origin',(-3.2,10.,1.07500000000001));
#4651=CARTESIAN_POINT('',(-3.2,4.5,1.07500000000001));
#4652=CARTESIAN_POINT('',(-3.2,10.,1.07500000000001));
#4653=CARTESIAN_POINT('',(-3.2,4.5,3.07500000000001));
#4654=CARTESIAN_POINT('',(-3.2,4.5,3.07500000000001));
#4655=CARTESIAN_POINT('',(-3.2,5.,3.07500000000001));
#4656=CARTESIAN_POINT('Origin',(-2.775,9.8,2.87500000000001));
#4657=CARTESIAN_POINT('',(3.8,9.8,3.07500000000001));
#4658=CARTESIAN_POINT('Origin',(3.8,9.8,2.87500000000001));
#4659=CARTESIAN_POINT('',(5.55,9.8,3.07500000000001));
#4660=CARTESIAN_POINT('',(-2.775,9.8,3.07500000000001));
#4661=CARTESIAN_POINT('Origin',(5.55,9.8,2.87500000000001));
#4662=CARTESIAN_POINT('Ctrl Pts',(5.55,9.8,3.07500000000001));
#4663=CARTESIAN_POINT('Ctrl Pts',(5.85,9.8,3.07500000000001));
#4664=CARTESIAN_POINT('Ctrl Pts',(5.85,9.8,2.77500000000001));
#4665=CARTESIAN_POINT('Ctrl Pts',(5.55,10.,3.07500000000001));
#4666=CARTESIAN_POINT('Ctrl Pts',(5.85,10.,3.07500000000001));
#4667=CARTESIAN_POINT('Ctrl Pts',(5.85,10.,2.77500000000001));
#4668=CARTESIAN_POINT('Ctrl Pts',(5.55,10.,2.87500000000001));
#4669=CARTESIAN_POINT('Ctrl Pts',(5.65,10.,2.87500000000001));
#4670=CARTESIAN_POINT('Ctrl Pts',(5.65,10.,2.77500000000001));
#4671=CARTESIAN_POINT('',(5.85,9.8,2.77500000000001));
#4672=CARTESIAN_POINT('Origin',(5.65,9.8,2.77500000000001));
#4673=CARTESIAN_POINT('Origin',(5.55,9.8,2.77500000000001));
#4674=CARTESIAN_POINT('Origin',(5.65,9.8,1.275));
#4675=CARTESIAN_POINT('',(5.85,9.8,-1.52500000000001));
#4676=CARTESIAN_POINT('',(5.85,9.8,1.275));
#4677=CARTESIAN_POINT('Origin',(5.65,9.8,-1.52500000000001));
#4678=CARTESIAN_POINT('Origin',(5.65,5.,-1.52500000000001));
#4679=CARTESIAN_POINT('',(5.65,8.5,-1.72500000000001));
#4680=CARTESIAN_POINT('',(5.65,5.,-1.72500000000001));
#4681=CARTESIAN_POINT('',(5.85,8.3,-1.52500000000001));
#4682=CARTESIAN_POINT('',(5.85,5.,-1.52500000000001));
#4683=CARTESIAN_POINT('Origin',(5.65,8.3,-1.52500000000001));
#4684=CARTESIAN_POINT('Origin',(5.,8.3,-3.325));
#4685=CARTESIAN_POINT('',(5.55,8.5,-3.325));
#4686=CARTESIAN_POINT('',(5.55,8.3,-3.525));
#4687=CARTESIAN_POINT('Origin',(5.55,8.3,-3.325));
#4688=CARTESIAN_POINT('',(3.05,8.3,-3.525));
#4689=CARTESIAN_POINT('',(5.,8.3,-3.525));
#4690=CARTESIAN_POINT('',(3.05,8.5,-3.325));
#4691=CARTESIAN_POINT('Origin',(3.05,8.3,-3.325));
#4692=CARTESIAN_POINT('',(5.,8.5,-3.325));
#4693=CARTESIAN_POINT('Ctrl Pts',(5.55,8.5,-3.325));
#4694=CARTESIAN_POINT('Ctrl Pts',(5.65,8.5,-3.325));
#4695=CARTESIAN_POINT('Ctrl Pts',(5.65,8.5,-3.225));
#4696=CARTESIAN_POINT('Ctrl Pts',(5.55,8.5,-3.525));
#4697=CARTESIAN_POINT('Ctrl Pts',(5.85,8.5,-3.525));
#4698=CARTESIAN_POINT('Ctrl Pts',(5.85,8.5,-3.225));
#4699=CARTESIAN_POINT('Ctrl Pts',(5.55,8.3,-3.525));
#4700=CARTESIAN_POINT('Ctrl Pts',(5.85,8.3,-3.525));
#4701=CARTESIAN_POINT('Ctrl Pts',(5.85,8.3,-3.225));
#4702=CARTESIAN_POINT('',(5.65,8.5,-3.225));
#4703=CARTESIAN_POINT('',(5.85,8.3,-3.225));
#4704=CARTESIAN_POINT('Origin',(5.65,8.3,-3.225));
#4705=CARTESIAN_POINT('Origin',(5.55,8.3,-3.225));
#4706=CARTESIAN_POINT('Origin',(5.55,8.5,-3.225));
#4707=CARTESIAN_POINT('Origin',(5.65,8.3,0.075000000000002));
#4708=CARTESIAN_POINT('',(5.85,8.3,0.075000000000002));
#4709=CARTESIAN_POINT('',(5.65,8.5,0.075000000000002));
#4710=CARTESIAN_POINT('Origin',(3.8,10.,1.07500000000001));
#4711=CARTESIAN_POINT('',(3.8,4.5,1.07500000000001));
#4712=CARTESIAN_POINT('',(3.8,10.,1.07500000000001));
#4713=CARTESIAN_POINT('',(3.8,4.5,3.07500000000001));
#4714=CARTESIAN_POINT('',(3.8,4.5,3.07500000000001));
#4715=CARTESIAN_POINT('',(3.8,5.,3.07500000000001));
#4716=CARTESIAN_POINT('Origin',(5.85,10.,-1.72500000000001));
#4717=CARTESIAN_POINT('',(3.05,8.5,-1.725));
#4718=CARTESIAN_POINT('',(3.05,8.5,-1.725));
#4719=CARTESIAN_POINT('',(3.05,10.,-1.725));
#4720=CARTESIAN_POINT('Origin',(4.45,8.5,-2.625));
#4721=CARTESIAN_POINT('',(3.05,8.5,-4.725));
#4722=CARTESIAN_POINT('Origin',(-5.65,9.8,-1.725));
#4723=CARTESIAN_POINT('',(-5.85,9.8,-1.525));
#4724=CARTESIAN_POINT('',(-5.85,9.8,2.77500000000001));
#4725=CARTESIAN_POINT('',(-5.85,9.8,-1.725));
#4726=CARTESIAN_POINT('Origin',(-5.65,9.8,2.77500000000001));
#4727=CARTESIAN_POINT('Origin',(-5.65,9.8,-1.525));
#4728=CARTESIAN_POINT('Ctrl Pts',(-5.85,9.8,2.77500000000001));
#4729=CARTESIAN_POINT('Ctrl Pts',(-5.85,9.8,3.07500000000001));
#4730=CARTESIAN_POINT('Ctrl Pts',(-5.55,9.8,3.07500000000001));
#4731=CARTESIAN_POINT('Ctrl Pts',(-5.85,10.,2.77500000000001));
#4732=CARTESIAN_POINT('Ctrl Pts',(-5.85,10.,3.07500000000001));
#4733=CARTESIAN_POINT('Ctrl Pts',(-5.55,10.,3.07500000000001));
#4734=CARTESIAN_POINT('Ctrl Pts',(-5.65,10.,2.77500000000001));
#4735=CARTESIAN_POINT('Ctrl Pts',(-5.65,10.,2.87500000000001));
#4736=CARTESIAN_POINT('Ctrl Pts',(-5.55,10.,2.87500000000001));
#4737=CARTESIAN_POINT('',(-5.55,9.8,3.07500000000001));
#4738=CARTESIAN_POINT('Origin',(-5.55,9.8,2.87500000000001));
#4739=CARTESIAN_POINT('Origin',(-5.55,9.8,2.77500000000001));
#4740=CARTESIAN_POINT('Origin',(-2.775,9.8,2.87500000000001));
#4741=CARTESIAN_POINT('',(-3.8,9.8,3.07500000000001));
#4742=CARTESIAN_POINT('Origin',(-3.8,9.8,2.87500000000001));
#4743=CARTESIAN_POINT('',(-2.775,9.8,3.07500000000001));
#4744=CARTESIAN_POINT('Origin',(-5.65,5.,-1.525));
#4745=CARTESIAN_POINT('',(-5.85,8.3,-1.525));
#4746=CARTESIAN_POINT('',(-5.85,5.,-1.525));
#4747=CARTESIAN_POINT('',(-5.65,8.5,-1.725));
#4748=CARTESIAN_POINT('',(-5.65,5.,-1.725));
#4749=CARTESIAN_POINT('Origin',(-5.65,8.3,-1.525));
#4750=CARTESIAN_POINT('Origin',(-5.65,8.3,-2.925));
#4751=CARTESIAN_POINT('',(-5.65,8.5,-3.225));
#4752=CARTESIAN_POINT('',(-5.65,8.5,-2.925));
#4753=CARTESIAN_POINT('',(-5.85,8.3,-3.225));
#4754=CARTESIAN_POINT('Origin',(-5.65,8.3,-3.225));
#4755=CARTESIAN_POINT('',(-5.85,8.3,-2.925));
#4756=CARTESIAN_POINT('Ctrl Pts',(-5.65,8.5,-3.225));
#4757=CARTESIAN_POINT('Ctrl Pts',(-5.65,8.5,-3.325));
#4758=CARTESIAN_POINT('Ctrl Pts',(-5.55,8.5,-3.325));
#4759=CARTESIAN_POINT('Ctrl Pts',(-5.85,8.5,-3.225));
#4760=CARTESIAN_POINT('Ctrl Pts',(-5.85,8.5,-3.525));
#4761=CARTESIAN_POINT('Ctrl Pts',(-5.55,8.5,-3.525));
#4762=CARTESIAN_POINT('Ctrl Pts',(-5.85,8.3,-3.225));
#4763=CARTESIAN_POINT('Ctrl Pts',(-5.85,8.3,-3.525));
#4764=CARTESIAN_POINT('Ctrl Pts',(-5.55,8.3,-3.525));
#4765=CARTESIAN_POINT('',(-5.55,8.5,-3.325));
#4766=CARTESIAN_POINT('',(-5.55,8.3,-3.525));
#4767=CARTESIAN_POINT('Origin',(-5.55,8.3,-3.325));
#4768=CARTESIAN_POINT('Origin',(-5.55,8.3,-3.225));
#4769=CARTESIAN_POINT('Origin',(-5.55,8.5,-3.225));
#4770=CARTESIAN_POINT('Origin',(-3.75,8.3,-3.325));
#4771=CARTESIAN_POINT('',(-3.05,8.5,-3.325));
#4772=CARTESIAN_POINT('',(-3.05,8.3,-3.525));
#4773=CARTESIAN_POINT('Origin',(-3.05,8.3,-3.325));
#4774=CARTESIAN_POINT('',(-3.75,8.3,-3.525));
#4775=CARTESIAN_POINT('',(-3.75,8.5,-3.325));
#4776=CARTESIAN_POINT('Origin',(-4.45,8.5,-2.625));
#4777=CARTESIAN_POINT('',(-3.05,8.5,-1.725));
#4778=CARTESIAN_POINT('',(-5.85,8.5,-1.725));
#4779=CARTESIAN_POINT('',(-3.05,8.5,-1.725));
#4780=CARTESIAN_POINT('Origin',(-3.05,10.,-1.725));
#4781=CARTESIAN_POINT('',(-3.05,10.,-1.725));
#4782=CARTESIAN_POINT('Origin',(-3.8,10.,3.07500000000001));
#4783=CARTESIAN_POINT('',(-3.8,4.5,3.07500000000001));
#4784=CARTESIAN_POINT('',(-3.8,5.,3.07500000000001));
#4785=CARTESIAN_POINT('',(-3.8,4.5,1.07500000000001));
#4786=CARTESIAN_POINT('',(-3.8,4.5,1.07500000000001));
#4787=CARTESIAN_POINT('',(-3.8,10.,1.07500000000001));
#4788=CARTESIAN_POINT('Origin',(-2.85,10.8,-3.975));
#4789=CARTESIAN_POINT('',(-2.85,11.,-1.925));
#4790=CARTESIAN_POINT('',(-2.85,11.,-4.525));
#4791=CARTESIAN_POINT('',(-2.85,11.,-3.975));
#4792=CARTESIAN_POINT('',(-3.05,10.8,-4.725));
#4793=CARTESIAN_POINT('Origin',(-2.85,10.8,-4.525));
#4794=CARTESIAN_POINT('',(-3.05,10.8,-1.725));
#4795=CARTESIAN_POINT('',(-3.05,10.8,-3.975));
#4796=CARTESIAN_POINT('Origin',(-2.85,10.8,-1.925));
#4797=CARTESIAN_POINT('Origin',(2.85,10.8,-4.525));
#4798=CARTESIAN_POINT('',(3.05,10.8,-4.525));
#4799=CARTESIAN_POINT('',(2.85,11.,-4.525));
#4800=CARTESIAN_POINT('Origin',(2.85,10.8,-4.525));
#4801=CARTESIAN_POINT('',(2.85,10.8,-4.725));
#4802=CARTESIAN_POINT('Origin',(2.85,10.8,-4.525));
#4803=CARTESIAN_POINT('Origin',(2.85,10.8,-4.525));
#4804=CARTESIAN_POINT('Origin',(2.85,0.,-4.525));
#4805=CARTESIAN_POINT('',(3.05,0.,-4.525));
#4806=CARTESIAN_POINT('',(2.85,0.,-4.725));
#4807=CARTESIAN_POINT('Origin',(2.85,0.,-4.525));
#4808=CARTESIAN_POINT('',(2.85,0.,-4.725));
#4809=CARTESIAN_POINT('',(3.05,0.,-4.525));
#4810=CARTESIAN_POINT('Origin',(1.525,10.8,-4.525));
#4811=CARTESIAN_POINT('',(1.525,11.,-4.525));
#4812=CARTESIAN_POINT('',(1.525,10.8,-4.725));
#4813=CARTESIAN_POINT('Origin',(2.85,10.8,-3.375));
#4814=CARTESIAN_POINT('',(3.05,10.8,-1.725));
#4815=CARTESIAN_POINT('',(3.05,10.8,-3.375));
#4816=CARTESIAN_POINT('',(2.85,11.,-1.925));
#4817=CARTESIAN_POINT('',(2.85,11.,-3.375));
#4818=CARTESIAN_POINT('Origin',(2.85,10.8,-1.925));
#4819=CARTESIAN_POINT('Origin',(-1.525,10.8,-1.925));
#4820=CARTESIAN_POINT('',(-1.525,10.8,-1.725));
#4821=CARTESIAN_POINT('',(-1.525,11.,-1.925));
#4822=CARTESIAN_POINT('Origin',(3.05,0.,-4.725));
#4823=CARTESIAN_POINT('',(-3.05,0.,-4.725));
#4824=CARTESIAN_POINT('',(3.05,0.,-4.725));
#4825=CARTESIAN_POINT('',(-3.05,0.,-4.725));
#4826=CARTESIAN_POINT('Origin',(0.,0.,-0.224999999999998));
#4827=CARTESIAN_POINT('',(3.05,0.,-3.525));
#4828=CARTESIAN_POINT('',(3.05,0.,-3.525));
#4829=CARTESIAN_POINT('',(5.55,0.,-3.525));
#4830=CARTESIAN_POINT('',(5.55,0.,-3.525));
#4831=CARTESIAN_POINT('',(5.85,0.,-3.225));
#4832=CARTESIAN_POINT('Origin',(5.55,0.,-3.225));
#4833=CARTESIAN_POINT('',(5.85,0.,2.77500000000001));
#4834=CARTESIAN_POINT('',(5.85,0.,2.77500000000001));
#4835=CARTESIAN_POINT('',(5.55,0.,3.07500000000001));
#4836=CARTESIAN_POINT('Origin',(5.55,0.,2.77500000000001));
#4837=CARTESIAN_POINT('',(-5.55,0.,3.07500000000001));
#4838=CARTESIAN_POINT('',(-5.55,0.,3.07500000000001));
#4839=CARTESIAN_POINT('',(-5.85,0.,2.77500000000001));
#4840=CARTESIAN_POINT('Origin',(-5.55,0.,2.77500000000001));
#4841=CARTESIAN_POINT('',(-5.85,0.,-3.225));
#4842=CARTESIAN_POINT('',(-5.85,0.,-3.225));
#4843=CARTESIAN_POINT('',(-5.55,0.,-3.525));
#4844=CARTESIAN_POINT('Origin',(-5.55,0.,-3.225));
#4845=CARTESIAN_POINT('',(-3.05,0.,-3.525));
#4846=CARTESIAN_POINT('',(5.55,0.,-3.525));
#4847=CARTESIAN_POINT('',(-3.05,0.,-4.725));
#4848=CARTESIAN_POINT('',(-4.03145471872475,0.,-1.52));
#4849=CARTESIAN_POINT('',(-5.74854528127525,0.,-1.52));
#4850=CARTESIAN_POINT('Origin',(-4.89,0.,-1.25));
#4851=CARTESIAN_POINT('',(-1.90939286785929,0.,-1.52));
#4852=CARTESIAN_POINT('',(4.02541917671047,0.,0.884999999999999));
#4853=CARTESIAN_POINT('',(5.75458082328953,0.,0.884999999999999));
#4854=CARTESIAN_POINT('Origin',(4.89,0.,0.635));
#4855=CARTESIAN_POINT('',(1.90939286785929,0.,0.884999999999999));
#4856=CARTESIAN_POINT('',(-4.01988506506324,0.,-1.02));
#4857=CARTESIAN_POINT('',(-5.76011493493676,0.,-1.02));
#4858=CARTESIAN_POINT('',(-2.98060713214071,0.,-1.02));
#4859=CARTESIAN_POINT('Origin',(-4.89,0.,-1.25));
#4860=CARTESIAN_POINT('',(4.02541917671047,0.,0.384999999999999));
#4861=CARTESIAN_POINT('',(5.75458082328953,0.,0.384999999999999));
#4862=CARTESIAN_POINT('',(2.98060713214071,0.,0.384999999999999));
#4863=CARTESIAN_POINT('Origin',(4.89,0.,0.635));
#4864=CARTESIAN_POINT('Origin',(0.,11.,-3.225));
#4865=CARTESIAN_POINT('Origin',(-1.8,10.,1.07500000000001));
#4866=CARTESIAN_POINT('',(-1.8,4.5,1.07500000000001));
#4867=CARTESIAN_POINT('',(-1.8,10.,1.07500000000001));
#4868=CARTESIAN_POINT('',(-1.2,4.5,1.07500000000001));
#4869=CARTESIAN_POINT('Origin',(-1.8,10.,3.07500000000001));
#4870=CARTESIAN_POINT('',(-1.8,4.5,3.07500000000001));
#4871=CARTESIAN_POINT('',(-1.8,5.,3.07500000000001));
#4872=CARTESIAN_POINT('',(-1.8,4.5,1.07500000000001));
#4873=CARTESIAN_POINT('Origin',(-1.5,4.5,2.07500000000001));
#4874=CARTESIAN_POINT('',(-3.525,4.5,3.07500000000001));
#4875=CARTESIAN_POINT('Origin',(1.2,10.,1.07500000000001));
#4876=CARTESIAN_POINT('',(1.2,4.5,1.07500000000001));
#4877=CARTESIAN_POINT('',(1.2,10.,1.07500000000001));
#4878=CARTESIAN_POINT('',(1.8,4.5,1.07500000000001));
#4879=CARTESIAN_POINT('Origin',(1.2,10.,3.07500000000001));
#4880=CARTESIAN_POINT('',(1.2,4.5,3.07500000000001));
#4881=CARTESIAN_POINT('',(1.2,5.,3.07500000000001));
#4882=CARTESIAN_POINT('',(1.2,4.5,1.07500000000001));
#4883=CARTESIAN_POINT('Origin',(1.5,4.5,2.07500000000001));
#4884=CARTESIAN_POINT('',(-2.025,4.5,3.07500000000001));
#4885=CARTESIAN_POINT('Origin',(2.2,10.,1.07500000000001));
#4886=CARTESIAN_POINT('',(2.2,4.5,1.07500000000001));
#4887=CARTESIAN_POINT('',(2.2,10.,1.07500000000001));
#4888=CARTESIAN_POINT('',(2.8,4.5,1.07500000000001));
#4889=CARTESIAN_POINT('Origin',(2.2,10.,3.07500000000001));
#4890=CARTESIAN_POINT('',(2.2,4.5,3.07500000000001));
#4891=CARTESIAN_POINT('',(2.2,5.,3.07500000000001));
#4892=CARTESIAN_POINT('',(2.2,4.5,1.07500000000001));
#4893=CARTESIAN_POINT('Origin',(2.5,4.5,2.07500000000001));
#4894=CARTESIAN_POINT('',(-1.525,4.5,3.07500000000001));
#4895=CARTESIAN_POINT('Origin',(-2.8,10.,1.07500000000001));
#4896=CARTESIAN_POINT('',(-2.8,4.5,1.07500000000001));
#4897=CARTESIAN_POINT('',(-2.8,10.,1.07500000000001));
#4898=CARTESIAN_POINT('',(-2.2,4.5,1.07500000000001));
#4899=CARTESIAN_POINT('Origin',(-2.8,10.,3.07500000000001));
#4900=CARTESIAN_POINT('',(-2.8,4.5,3.07500000000001));
#4901=CARTESIAN_POINT('',(-2.8,5.,3.07500000000001));
#4902=CARTESIAN_POINT('',(-2.8,4.5,1.07500000000001));
#4903=CARTESIAN_POINT('Origin',(-2.5,4.5,2.07500000000001));
#4904=CARTESIAN_POINT('',(-4.025,4.5,3.07500000000001));
#4905=CARTESIAN_POINT('Origin',(-0.8,10.,1.07500000000001));
#4906=CARTESIAN_POINT('',(-0.8,4.5,1.07500000000001));
#4907=CARTESIAN_POINT('',(-0.8,10.,1.07500000000001));
#4908=CARTESIAN_POINT('',(-0.2,4.5,1.07500000000001));
#4909=CARTESIAN_POINT('Origin',(-0.8,10.,3.07500000000001));
#4910=CARTESIAN_POINT('',(-0.8,4.5,3.07500000000001));
#4911=CARTESIAN_POINT('',(-0.8,5.,3.07500000000001));
#4912=CARTESIAN_POINT('',(-0.8,4.5,1.07500000000001));
#4913=CARTESIAN_POINT('Origin',(-0.5,4.5,2.07500000000001));
#4914=CARTESIAN_POINT('',(-3.025,4.5,3.07500000000001));
#4915=CARTESIAN_POINT('Origin',(3.2,10.,1.07500000000001));
#4916=CARTESIAN_POINT('',(3.2,4.5,1.07500000000001));
#4917=CARTESIAN_POINT('',(3.2,10.,1.07500000000001));
#4918=CARTESIAN_POINT('',(3.8,4.5,1.07500000000001));
#4919=CARTESIAN_POINT('Origin',(3.2,10.,3.07500000000001));
#4920=CARTESIAN_POINT('',(3.2,4.5,3.07500000000001));
#4921=CARTESIAN_POINT('',(3.2,5.,3.07500000000001));
#4922=CARTESIAN_POINT('',(3.2,4.5,1.07500000000001));
#4923=CARTESIAN_POINT('Origin',(3.5,4.5,2.07500000000001));
#4924=CARTESIAN_POINT('',(-1.025,4.5,3.07500000000001));
#4925=CARTESIAN_POINT('Origin',(0.2,10.,1.07500000000001));
#4926=CARTESIAN_POINT('',(0.2,4.5,1.07500000000001));
#4927=CARTESIAN_POINT('',(0.2,10.,1.07500000000001));
#4928=CARTESIAN_POINT('',(0.8,4.5,1.07500000000001));
#4929=CARTESIAN_POINT('Origin',(0.2,10.,3.07500000000001));
#4930=CARTESIAN_POINT('',(0.2,4.5,3.07500000000001));
#4931=CARTESIAN_POINT('',(0.2,5.,3.07500000000001));
#4932=CARTESIAN_POINT('',(0.2,4.5,1.07500000000001));
#4933=CARTESIAN_POINT('Origin',(0.5,4.5,2.07500000000001));
#4934=CARTESIAN_POINT('',(-2.525,4.5,3.07500000000001));
#4935=CARTESIAN_POINT('Origin',(-3.8,10.,1.07500000000001));
#4936=CARTESIAN_POINT('',(-3.2,4.5,1.07500000000001));
#4937=CARTESIAN_POINT('Origin',(-3.5,4.5,2.07500000000001));
#4938=CARTESIAN_POINT('',(-4.525,4.5,3.07500000000001));
#4939=CARTESIAN_POINT('Origin',(4.89,-1.7,0.635));
#4940=CARTESIAN_POINT('',(3.81878573571857,-1.7,0.884999999999999));
#4941=CARTESIAN_POINT('',(4.02541917671047,-1.7,0.884999999999999));
#4942=CARTESIAN_POINT('',(4.35439286785929,-1.7,0.884999999999999));
#4943=CARTESIAN_POINT('',(5.96121426428143,-1.7,0.884999999999999));
#4944=CARTESIAN_POINT('Origin',(4.89,-1.7,0.634999999999999));
#4945=CARTESIAN_POINT('',(5.75458082328953,-1.7,0.884999999999999));
#4946=CARTESIAN_POINT('',(4.35439286785929,-1.7,0.884999999999999));
#4947=CARTESIAN_POINT('Origin',(4.89,-1.7,0.635));
#4948=CARTESIAN_POINT('Origin',(4.89,-1.7,0.635));
#4949=CARTESIAN_POINT('',(4.02541917671047,-1.7,0.384999999999999));
#4950=CARTESIAN_POINT('',(3.81878573571857,-1.7,0.385));
#4951=CARTESIAN_POINT('',(5.42560713214071,-1.7,0.384999999999999));
#4952=CARTESIAN_POINT('',(5.75458082328953,-1.7,0.384999999999999));
#4953=CARTESIAN_POINT('Origin',(4.89,-1.7,0.635));
#4954=CARTESIAN_POINT('',(5.96121426428143,-1.7,0.384999999999999));
#4955=CARTESIAN_POINT('',(5.42560713214071,-1.7,0.384999999999999));
#4956=CARTESIAN_POINT('Origin',(4.89,-1.7,0.634999999999999));
#4957=CARTESIAN_POINT('Origin',(4.89,0.,0.635));
#4958=CARTESIAN_POINT('',(4.02541917671047,0.,0.884999999999999));
#4959=CARTESIAN_POINT('',(5.75458082328953,0.,0.884999999999999));
#4960=CARTESIAN_POINT('Origin',(4.89,0.,0.635));
#4961=CARTESIAN_POINT('',(4.02541917671047,0.,0.384999999999999));
#4962=CARTESIAN_POINT('',(5.75458082328953,0.,0.384999999999999));
#4963=CARTESIAN_POINT('Origin',(-4.89,-1.7,-1.25));
#4964=CARTESIAN_POINT('',(-3.81878573571857,-1.7,-1.52));
#4965=CARTESIAN_POINT('',(-4.03145471872475,-1.7,-1.52));
#4966=CARTESIAN_POINT('',(-4.35439286785929,-1.7,-1.52));
#4967=CARTESIAN_POINT('',(-5.96121426428143,-1.7,-1.52));
#4968=CARTESIAN_POINT('Origin',(-4.89,-1.7,-1.27));
#4969=CARTESIAN_POINT('',(-5.74854528127525,-1.7,-1.52));
#4970=CARTESIAN_POINT('',(-4.35439286785929,-1.7,-1.52));
#4971=CARTESIAN_POINT('Origin',(-4.89,-1.7,-1.25));
#4972=CARTESIAN_POINT('Origin',(-4.89,-1.7,-1.25));
#4973=CARTESIAN_POINT('',(-4.01988506506324,-1.7,-1.02));
#4974=CARTESIAN_POINT('',(-3.81878573571857,-1.7,-1.02));
#4975=CARTESIAN_POINT('',(-5.42560713214071,-1.7,-1.02));
#4976=CARTESIAN_POINT('',(-5.76011493493676,-1.7,-1.02));
#4977=CARTESIAN_POINT('Origin',(-4.89,-1.7,-1.25));
#4978=CARTESIAN_POINT('',(-5.96121426428143,-1.7,-1.02));
#4979=CARTESIAN_POINT('',(-5.42560713214071,-1.7,-1.02));
#4980=CARTESIAN_POINT('Origin',(-4.89,-1.7,-1.27));
#4981=CARTESIAN_POINT('Origin',(-4.89,0.,-1.25));
#4982=CARTESIAN_POINT('',(-4.03145471872475,0.,-1.52));
#4983=CARTESIAN_POINT('',(-5.74854528127525,0.,-1.52));
#4984=CARTESIAN_POINT('Origin',(-4.89,0.,-1.25));
#4985=CARTESIAN_POINT('',(-4.01988506506324,0.,-1.02));
#4986=CARTESIAN_POINT('',(-5.76011493493676,0.,-1.02));
#4987=CARTESIAN_POINT('Origin',(4.89,0.,0.634999999999999));
#4988=CARTESIAN_POINT('',(5.96121426428143,-2.,0.384999999999999));
#4989=CARTESIAN_POINT('',(5.96121426428143,0.,0.384999999999999));
#4990=CARTESIAN_POINT('',(3.81878573571857,-2.,0.385));
#4991=CARTESIAN_POINT('Origin',(4.89,-2.,0.634999999999999));
#4992=CARTESIAN_POINT('',(3.81878573571857,0.,0.385));
#4993=CARTESIAN_POINT('Origin',(3.81878573571857,0.,0.884999999999999));
#4994=CARTESIAN_POINT('',(5.96121426428143,-2.,0.884999999999999));
#4995=CARTESIAN_POINT('',(5.96121426428143,0.,0.884999999999999));
#4996=CARTESIAN_POINT('',(5.75458082328953,-3.3,0.885));
#4997=CARTESIAN_POINT('Ctrl Pts',(5.75458082328953,-3.3,0.884999999999999));
#4998=CARTESIAN_POINT('Ctrl Pts',(5.84756587173611,-2.71938324076978,0.884999999999999));
#4999=CARTESIAN_POINT('Ctrl Pts',(5.96121426428143,-2.,0.884999999999999));
#5000=CARTESIAN_POINT('',(4.02541917671047,-3.3,0.884999999999999));
#5001=CARTESIAN_POINT('',(5.99,-3.3,0.884999999999999));
#5002=CARTESIAN_POINT('',(3.81878573571857,-2.,0.884999999999999));
#5003=CARTESIAN_POINT('Ctrl Pts',(3.81878573571857,-2.,0.884999999999999));
#5004=CARTESIAN_POINT('Ctrl Pts',(3.93243412826439,-2.71938324077303,0.884999999999999));
#5005=CARTESIAN_POINT('Ctrl Pts',(4.02541917671047,-3.3,0.884999999999999));
#5006=CARTESIAN_POINT('',(3.81878573571857,0.,0.884999999999999));
#5007=CARTESIAN_POINT('Origin',(-4.89,0.,-1.27));
#5008=CARTESIAN_POINT('',(-5.96121426428143,-2.,-1.02));
#5009=CARTESIAN_POINT('',(-5.96121426428143,0.,-1.02));
#5010=CARTESIAN_POINT('',(-3.81878573571857,-2.,-1.02));
#5011=CARTESIAN_POINT('Origin',(-4.89,-2.,-1.27));
#5012=CARTESIAN_POINT('',(-3.81878573571857,0.,-1.02));
#5013=CARTESIAN_POINT('Origin',(-3.81878573571857,0.,-1.52));
#5014=CARTESIAN_POINT('',(-5.96121426428143,-2.,-1.52));
#5015=CARTESIAN_POINT('',(-5.96121426428143,0.,-1.52));
#5016=CARTESIAN_POINT('',(-5.75458082328953,-3.3,-1.52));
#5017=CARTESIAN_POINT('Ctrl Pts',(-5.75458082328953,-3.3,-1.52));
#5018=CARTESIAN_POINT('Ctrl Pts',(-5.84756587173617,-2.71938324076942,-1.52));
#5019=CARTESIAN_POINT('Ctrl Pts',(-5.96121426428143,-2.,-1.52));
#5020=CARTESIAN_POINT('',(-4.02541917671047,-3.3,-1.52));
#5021=CARTESIAN_POINT('',(-5.99,-3.3,-1.52));
#5022=CARTESIAN_POINT('',(-3.81878573571857,-2.,-1.52));
#5023=CARTESIAN_POINT('Ctrl Pts',(-3.81878573571857,-2.,-1.52));
#5024=CARTESIAN_POINT('Ctrl Pts',(-3.93243412826386,-2.71938324076961,-1.52));
#5025=CARTESIAN_POINT('Ctrl Pts',(-4.02541917671047,-3.3,-1.52));
#5026=CARTESIAN_POINT('',(-3.81878573571857,0.,-1.52));
#5027=CARTESIAN_POINT('Origin',(4.89,-2.65,0.634999999999999));
#5028=CARTESIAN_POINT('Origin',(4.89,-3.3,0.634999999999999));
#5029=CARTESIAN_POINT('Origin',(4.89,-2.,0.634999999999999));
#5030=CARTESIAN_POINT('Origin',(4.89,-3.3,1.31));
#5031=CARTESIAN_POINT('Origin',(4.89,-2.65,0.634999999999999));
#5032=CARTESIAN_POINT('',(5.75458082328953,-3.3,0.384999999999999));
#5033=CARTESIAN_POINT('Ctrl Pts',(5.96121426428143,-2.,0.384999999999999));
#5034=CARTESIAN_POINT('Ctrl Pts',(5.84756587173612,-2.71938324076972,0.384999999999999));
#5035=CARTESIAN_POINT('Ctrl Pts',(5.75458082328953,-3.3,0.384999999999999));
#5036=CARTESIAN_POINT('',(4.02541917671047,-3.3,0.384999999999999));
#5037=CARTESIAN_POINT('Origin',(4.89,-3.3,0.634999999999999));
#5038=CARTESIAN_POINT('Ctrl Pts',(4.02541917671047,-3.3,0.384999999999999));
#5039=CARTESIAN_POINT('Ctrl Pts',(3.93243412826389,-2.71938324076983,0.385));
#5040=CARTESIAN_POINT('Ctrl Pts',(3.81878573571857,-2.,0.385));
#5041=CARTESIAN_POINT('Origin',(4.89,-3.3,-0.0400000000000006));
#5042=CARTESIAN_POINT('',(3.79,-3.3,0.384999999999999));
#5043=CARTESIAN_POINT('Origin',(-4.89,-2.65,-1.27));
#5044=CARTESIAN_POINT('',(-5.75458082328953,-3.3,-1.02));
#5045=CARTESIAN_POINT('Ctrl Pts',(-5.96121426428143,-2.,-1.02));
#5046=CARTESIAN_POINT('Ctrl Pts',(-5.84756587173575,-2.71938324077215,-1.02));
#5047=CARTESIAN_POINT('Ctrl Pts',(-5.75458082328953,-3.3,-1.02));
#5048=CARTESIAN_POINT('',(-4.02541917671047,-3.3,-1.02));
#5049=CARTESIAN_POINT('Origin',(-4.89,-3.3,-1.27));
#5050=CARTESIAN_POINT('Ctrl Pts',(-4.02541917671047,-3.3,-1.02));
#5051=CARTESIAN_POINT('Ctrl Pts',(-3.93243412826424,-2.71938324077206,-1.02));
#5052=CARTESIAN_POINT('Ctrl Pts',(-3.81878573571857,-2.,-1.02));
#5053=CARTESIAN_POINT('Origin',(-4.89,-3.3,-0.595));
#5054=CARTESIAN_POINT('',(-3.79,-3.3,-1.02));
#5055=CARTESIAN_POINT('Origin',(-4.89,-2.65,-1.27));
#5056=CARTESIAN_POINT('Origin',(-4.89,-3.3,-1.27));
#5057=CARTESIAN_POINT('Origin',(-4.89,-2.,-1.27));
#5058=CARTESIAN_POINT('Origin',(-4.89,-3.3,-1.945));
#5059=CARTESIAN_POINT('Origin',(-4.89,0.,-1.27));
#5060=CARTESIAN_POINT('Origin',(5.96121426428143,0.,0.384999999999999));
#5061=CARTESIAN_POINT('Origin',(-5.96121426428143,0.,-1.02));
#5062=CARTESIAN_POINT('Origin',(4.89,0.,0.634999999999999));
#5063=CARTESIAN_POINT('Origin',(5.55,0.,-3.525));
#5064=CARTESIAN_POINT('',(5.55,0.,-3.525));
#5065=CARTESIAN_POINT('',(3.05,0.,-3.525));
#5066=CARTESIAN_POINT('Origin',(-5.85,0.,-3.225));
#5067=CARTESIAN_POINT('',(-5.85,0.,-3.225));
#5068=CARTESIAN_POINT('',(-5.85,0.,2.77500000000001));
#5069=CARTESIAN_POINT('Origin',(-3.05,10.,-1.725));
#5070=CARTESIAN_POINT('',(-3.05,10.,-1.725));
#5071=CARTESIAN_POINT('',(3.05,10.,-1.725));
#5072=CARTESIAN_POINT('Origin',(5.55,0.,-3.225));
#5073=CARTESIAN_POINT('',(5.85,0.,-3.225));
#5074=CARTESIAN_POINT('Origin',(5.85,0.,2.77500000000001));
#5075=CARTESIAN_POINT('',(5.85,0.,2.77500000000001));
#5076=CARTESIAN_POINT('Origin',(5.55,0.,2.77500000000001));
#5077=CARTESIAN_POINT('',(5.55,0.,3.07500000000001));
#5078=CARTESIAN_POINT('Origin',(-5.55,0.,3.07500000000001));
#5079=CARTESIAN_POINT('',(-5.55,0.,3.07500000000001));
#5080=CARTESIAN_POINT('Origin',(-5.55,0.,2.77500000000001));
#5081=CARTESIAN_POINT('Origin',(-5.55,0.,-3.225));
#5082=CARTESIAN_POINT('',(-5.55,0.,-3.525));
#5083=CARTESIAN_POINT('Origin',(-3.05,0.,-3.525));
#5084=CARTESIAN_POINT('',(-3.05,0.,-3.525));
#5085=CARTESIAN_POINT('Origin',(-3.05,0.,-4.725));
#5086=CARTESIAN_POINT('Origin',(3.05,0.,-3.525));
#5087=CARTESIAN_POINT('Origin',(-0.508,-3.15,-1.27));
#5088=CARTESIAN_POINT('',(-0.608,-3.25,-1.27));
#5089=CARTESIAN_POINT('Origin',(-0.508,-3.25,-1.27));
#5090=CARTESIAN_POINT('',(-0.808,-3.05,-1.27));
#5091=CARTESIAN_POINT('',(-0.708,-3.15,-1.27));
#5092=CARTESIAN_POINT('',(-0.208,-3.05,-1.27));
#5093=CARTESIAN_POINT('Origin',(-0.508,-3.05,-1.27));
#5094=CARTESIAN_POINT('Origin',(-0.508,-3.05,-1.27));
#5095=CARTESIAN_POINT('Origin',(-0.508,0.,-1.27));
#5096=CARTESIAN_POINT('',(-0.208,0.,-1.27));
#5097=CARTESIAN_POINT('',(-0.208,0.,-1.27));
#5098=CARTESIAN_POINT('Origin',(-0.508,0.,-1.27));
#5099=CARTESIAN_POINT('Origin',(-0.508,-3.25,-1.27));
#5100=CARTESIAN_POINT('Origin',(-0.508,0.,-1.27));
#5101=CARTESIAN_POINT('Origin',(3.556,-3.15,-1.27));
#5102=CARTESIAN_POINT('',(3.456,-3.25,-1.27));
#5103=CARTESIAN_POINT('Origin',(3.556,-3.25,-1.27));
#5104=CARTESIAN_POINT('',(3.256,-3.05,-1.27));
#5105=CARTESIAN_POINT('',(3.356,-3.15,-1.27));
#5106=CARTESIAN_POINT('',(3.856,-3.05,-1.27));
#5107=CARTESIAN_POINT('Origin',(3.556,-3.05,-1.27));
#5108=CARTESIAN_POINT('Origin',(3.556,-3.05,-1.27));
#5109=CARTESIAN_POINT('Origin',(3.556,0.,-1.27));
#5110=CARTESIAN_POINT('',(3.856,0.,-1.27));
#5111=CARTESIAN_POINT('',(3.856,0.,-1.27));
#5112=CARTESIAN_POINT('Origin',(3.556,0.,-1.27));
#5113=CARTESIAN_POINT('Origin',(3.556,-3.25,-1.27));
#5114=CARTESIAN_POINT('Origin',(3.556,0.,-1.27));
#5115=CARTESIAN_POINT('Origin',(1.524,-3.15,-1.27));
#5116=CARTESIAN_POINT('',(1.424,-3.25,-1.27));
#5117=CARTESIAN_POINT('Origin',(1.524,-3.25,-1.27));
#5118=CARTESIAN_POINT('',(1.224,-3.05,-1.27));
#5119=CARTESIAN_POINT('',(1.324,-3.15,-1.27));
#5120=CARTESIAN_POINT('',(1.824,-3.05,-1.27));
#5121=CARTESIAN_POINT('Origin',(1.524,-3.05,-1.27));
#5122=CARTESIAN_POINT('Origin',(1.524,-3.05,-1.27));
#5123=CARTESIAN_POINT('Origin',(1.524,0.,-1.27));
#5124=CARTESIAN_POINT('',(1.824,0.,-1.27));
#5125=CARTESIAN_POINT('',(1.824,0.,-1.27));
#5126=CARTESIAN_POINT('Origin',(1.524,0.,-1.27));
#5127=CARTESIAN_POINT('Origin',(1.524,-3.25,-1.27));
#5128=CARTESIAN_POINT('Origin',(1.524,0.,-1.27));
#5129=CARTESIAN_POINT('Origin',(-2.54,-3.15,-1.27));
#5130=CARTESIAN_POINT('',(-2.64,-3.25,-1.27));
#5131=CARTESIAN_POINT('Origin',(-2.54,-3.25,-1.27));
#5132=CARTESIAN_POINT('',(-2.84,-3.05,-1.27));
#5133=CARTESIAN_POINT('',(-2.74,-3.15,-1.27));
#5134=CARTESIAN_POINT('',(-2.24,-3.05,-1.27));
#5135=CARTESIAN_POINT('Origin',(-2.54,-3.05,-1.27));
#5136=CARTESIAN_POINT('Origin',(-2.54,-3.05,-1.27));
#5137=CARTESIAN_POINT('Origin',(-2.54,0.,-1.27));
#5138=CARTESIAN_POINT('',(-2.24,0.,-1.27));
#5139=CARTESIAN_POINT('',(-2.24,0.,-1.27));
#5140=CARTESIAN_POINT('Origin',(-2.54,0.,-1.27));
#5141=CARTESIAN_POINT('Origin',(-2.54,-3.25,-1.27));
#5142=CARTESIAN_POINT('Origin',(-2.54,0.,-1.27));
#5143=CARTESIAN_POINT('Origin',(-1.524,-3.15,1.27));
#5144=CARTESIAN_POINT('',(-1.624,-3.25,1.27));
#5145=CARTESIAN_POINT('Origin',(-1.524,-3.25,1.27));
#5146=CARTESIAN_POINT('',(-1.824,-3.05,1.27));
#5147=CARTESIAN_POINT('',(-1.724,-3.15,1.27));
#5148=CARTESIAN_POINT('',(-1.224,-3.05,1.27));
#5149=CARTESIAN_POINT('Origin',(-1.524,-3.05,1.27));
#5150=CARTESIAN_POINT('Origin',(-1.524,-3.05,1.27));
#5151=CARTESIAN_POINT('Origin',(-1.524,0.,1.27));
#5152=CARTESIAN_POINT('',(-1.224,0.,1.27));
#5153=CARTESIAN_POINT('',(-1.224,0.,1.27));
#5154=CARTESIAN_POINT('Origin',(-1.524,0.,1.27));
#5155=CARTESIAN_POINT('Origin',(-1.524,-3.25,1.27));
#5156=CARTESIAN_POINT('Origin',(-1.524,0.,1.27));
#5157=CARTESIAN_POINT('Origin',(2.54,-3.15,1.27));
#5158=CARTESIAN_POINT('',(2.44,-3.25,1.27));
#5159=CARTESIAN_POINT('Origin',(2.54,-3.25,1.27));
#5160=CARTESIAN_POINT('',(2.24,-3.05,1.27));
#5161=CARTESIAN_POINT('',(2.34,-3.15,1.27));
#5162=CARTESIAN_POINT('',(2.84,-3.05,1.27));
#5163=CARTESIAN_POINT('Origin',(2.54,-3.05,1.27));
#5164=CARTESIAN_POINT('Origin',(2.54,-3.05,1.27));
#5165=CARTESIAN_POINT('Origin',(2.54,0.,1.27));
#5166=CARTESIAN_POINT('',(2.84,0.,1.27));
#5167=CARTESIAN_POINT('',(2.84,0.,1.27));
#5168=CARTESIAN_POINT('Origin',(2.54,0.,1.27));
#5169=CARTESIAN_POINT('Origin',(2.54,-3.25,1.27));
#5170=CARTESIAN_POINT('Origin',(2.54,0.,1.27));
#5171=CARTESIAN_POINT('Origin',(0.508,-3.15,1.27));
#5172=CARTESIAN_POINT('',(0.408,-3.25,1.27));
#5173=CARTESIAN_POINT('Origin',(0.508,-3.25,1.27));
#5174=CARTESIAN_POINT('',(0.208,-3.05,1.27));
#5175=CARTESIAN_POINT('',(0.308,-3.15,1.27));
#5176=CARTESIAN_POINT('',(0.808,-3.05,1.27));
#5177=CARTESIAN_POINT('Origin',(0.508,-3.05,1.27));
#5178=CARTESIAN_POINT('Origin',(0.508,-3.05,1.27));
#5179=CARTESIAN_POINT('Origin',(0.508,0.,1.27));
#5180=CARTESIAN_POINT('',(0.808,0.,1.27));
#5181=CARTESIAN_POINT('',(0.808,0.,1.27));
#5182=CARTESIAN_POINT('Origin',(0.508,0.,1.27));
#5183=CARTESIAN_POINT('Origin',(0.508,-3.25,1.27));
#5184=CARTESIAN_POINT('Origin',(0.508,0.,1.27));
#5185=CARTESIAN_POINT('Origin',(-3.556,-3.15,1.27));
#5186=CARTESIAN_POINT('',(-3.656,-3.25,1.27));
#5187=CARTESIAN_POINT('Origin',(-3.556,-3.25,1.27));
#5188=CARTESIAN_POINT('',(-3.856,-3.05,1.27));
#5189=CARTESIAN_POINT('',(-3.756,-3.15,1.27));
#5190=CARTESIAN_POINT('',(-3.256,-3.05,1.27));
#5191=CARTESIAN_POINT('Origin',(-3.556,-3.05,1.27));
#5192=CARTESIAN_POINT('Origin',(-3.556,-3.05,1.27));
#5193=CARTESIAN_POINT('Origin',(-3.556,0.,1.27));
#5194=CARTESIAN_POINT('',(-3.256,0.,1.27));
#5195=CARTESIAN_POINT('',(-3.256,0.,1.27));
#5196=CARTESIAN_POINT('Origin',(-3.556,0.,1.27));
#5197=CARTESIAN_POINT('Origin',(-3.556,-3.25,1.27));
#5198=CARTESIAN_POINT('Origin',(-3.556,0.,1.27));
#5199=CARTESIAN_POINT('Origin',(3.35,8.2,2.27500000000001));
#5200=CARTESIAN_POINT('',(3.8,8.2,2.57500000000001));
#5201=CARTESIAN_POINT('',(3.8,8.5,2.27500000000001));
#5202=CARTESIAN_POINT('Origin',(3.8,8.2,2.27500000000001));
#5203=CARTESIAN_POINT('',(3.2,8.5,2.27500000000001));
#5204=CARTESIAN_POINT('',(3.35,8.5,2.27500000000001));
#5205=CARTESIAN_POINT('',(3.2,8.2,2.57500000000001));
#5206=CARTESIAN_POINT('Origin',(3.2,8.2,2.27500000000001));
#5207=CARTESIAN_POINT('',(3.35,8.2,2.57500000000001));
#5208=CARTESIAN_POINT('Origin',(3.8,4.5,2.57500000000001));
#5209=CARTESIAN_POINT('',(3.8,4.5,2.57500000000001));
#5210=CARTESIAN_POINT('',(3.8,4.5,2.57500000000001));
#5211=CARTESIAN_POINT('',(3.8,4.5,1.07500000000001));
#5212=CARTESIAN_POINT('',(3.8,4.5,3.07500000000001));
#5213=CARTESIAN_POINT('',(3.8,8.5,1.07500000000001));
#5214=CARTESIAN_POINT('',(3.8,4.5,1.07500000000001));
#5215=CARTESIAN_POINT('',(3.8,8.5,3.07500000000001));
#5216=CARTESIAN_POINT('Origin',(3.2,4.5,2.57500000000001));
#5217=CARTESIAN_POINT('',(3.2,4.5,2.57500000000001));
#5218=CARTESIAN_POINT('',(3.2,4.5,2.57500000000001));
#5219=CARTESIAN_POINT('',(3.2,4.5,2.57500000000001));
#5220=CARTESIAN_POINT('Origin',(3.2,4.5,1.07500000000001));
#5221=CARTESIAN_POINT('',(3.2,8.5,1.07500000000001));
#5222=CARTESIAN_POINT('',(3.2,8.5,1.07500000000001));
#5223=CARTESIAN_POINT('',(3.2,4.5,1.07500000000001));
#5224=CARTESIAN_POINT('',(3.2,4.5,1.07500000000001));
#5225=CARTESIAN_POINT('',(3.2,4.5,1.07500000000001));
#5226=CARTESIAN_POINT('Origin',(3.8,4.5,1.07500000000001));
#5227=CARTESIAN_POINT('',(3.8,4.5,1.07500000000001));
#5228=CARTESIAN_POINT('',(3.8,8.5,1.07500000000001));
#5229=CARTESIAN_POINT('Origin',(3.5,8.5,1.82500000000001));
#5230=CARTESIAN_POINT('Origin',(3.5,4.5,1.82500000000001));
#5231=CARTESIAN_POINT('Origin',(-3.65,8.2,2.27500000000001));
#5232=CARTESIAN_POINT('',(-3.2,8.2,2.57500000000001));
#5233=CARTESIAN_POINT('',(-3.2,8.5,2.27500000000001));
#5234=CARTESIAN_POINT('Origin',(-3.2,8.2,2.27500000000001));
#5235=CARTESIAN_POINT('',(-3.8,8.5,2.27500000000001));
#5236=CARTESIAN_POINT('',(-3.65,8.5,2.27500000000001));
#5237=CARTESIAN_POINT('',(-3.8,8.2,2.57500000000001));
#5238=CARTESIAN_POINT('Origin',(-3.8,8.2,2.27500000000001));
#5239=CARTESIAN_POINT('',(-3.65,8.2,2.57500000000001));
#5240=CARTESIAN_POINT('Origin',(-3.2,4.5,2.57500000000001));
#5241=CARTESIAN_POINT('',(-3.2,4.5,2.57500000000001));
#5242=CARTESIAN_POINT('',(-3.2,4.5,2.57500000000001));
#5243=CARTESIAN_POINT('',(-3.2,4.5,1.07500000000001));
#5244=CARTESIAN_POINT('',(-3.2,4.5,3.07500000000001));
#5245=CARTESIAN_POINT('',(-3.2,8.5,1.07500000000001));
#5246=CARTESIAN_POINT('',(-3.2,4.5,1.07500000000001));
#5247=CARTESIAN_POINT('',(-3.2,8.5,3.07500000000001));
#5248=CARTESIAN_POINT('Origin',(-3.8,4.5,2.57500000000001));
#5249=CARTESIAN_POINT('',(-3.8,4.5,2.57500000000001));
#5250=CARTESIAN_POINT('',(-3.8,4.5,2.57500000000001));
#5251=CARTESIAN_POINT('',(-3.8,4.5,2.57500000000001));
#5252=CARTESIAN_POINT('Origin',(-3.8,4.5,1.07500000000001));
#5253=CARTESIAN_POINT('',(-3.8,8.5,1.07500000000001));
#5254=CARTESIAN_POINT('',(-3.8,8.5,1.07500000000001));
#5255=CARTESIAN_POINT('',(-3.8,4.5,1.07500000000001));
#5256=CARTESIAN_POINT('',(-3.8,4.5,1.07500000000001));
#5257=CARTESIAN_POINT('',(-3.8,4.5,1.07500000000001));
#5258=CARTESIAN_POINT('Origin',(-3.2,4.5,1.07500000000001));
#5259=CARTESIAN_POINT('',(-3.2,4.5,1.07500000000001));
#5260=CARTESIAN_POINT('',(-3.2,8.5,1.07500000000001));
#5261=CARTESIAN_POINT('Origin',(-3.5,8.5,1.82500000000001));
#5262=CARTESIAN_POINT('Origin',(-3.5,4.5,1.82500000000001));
#5263=CARTESIAN_POINT('Origin',(-1.65,8.2,2.27500000000001));
#5264=CARTESIAN_POINT('',(-1.2,8.2,2.57500000000001));
#5265=CARTESIAN_POINT('',(-1.2,8.5,2.27500000000001));
#5266=CARTESIAN_POINT('Origin',(-1.2,8.2,2.27500000000001));
#5267=CARTESIAN_POINT('',(-1.8,8.5,2.27500000000001));
#5268=CARTESIAN_POINT('',(-1.65,8.5,2.27500000000001));
#5269=CARTESIAN_POINT('',(-1.8,8.2,2.57500000000001));
#5270=CARTESIAN_POINT('Origin',(-1.8,8.2,2.27500000000001));
#5271=CARTESIAN_POINT('',(-1.65,8.2,2.57500000000001));
#5272=CARTESIAN_POINT('Origin',(-1.2,4.5,2.57500000000001));
#5273=CARTESIAN_POINT('',(-1.2,4.5,2.57500000000001));
#5274=CARTESIAN_POINT('',(-1.2,4.5,2.57500000000001));
#5275=CARTESIAN_POINT('',(-1.2,4.5,1.07500000000001));
#5276=CARTESIAN_POINT('',(-1.2,4.5,3.07500000000001));
#5277=CARTESIAN_POINT('',(-1.2,8.5,1.07500000000001));
#5278=CARTESIAN_POINT('',(-1.2,4.5,1.07500000000001));
#5279=CARTESIAN_POINT('',(-1.2,8.5,3.07500000000001));
#5280=CARTESIAN_POINT('Origin',(-1.8,4.5,2.57500000000001));
#5281=CARTESIAN_POINT('',(-1.8,4.5,2.57500000000001));
#5282=CARTESIAN_POINT('',(-1.8,4.5,2.57500000000001));
#5283=CARTESIAN_POINT('',(-1.8,4.5,2.57500000000001));
#5284=CARTESIAN_POINT('Origin',(-1.8,4.5,1.07500000000001));
#5285=CARTESIAN_POINT('',(-1.8,8.5,1.07500000000001));
#5286=CARTESIAN_POINT('',(-1.8,8.5,1.07500000000001));
#5287=CARTESIAN_POINT('',(-1.8,4.5,1.07500000000001));
#5288=CARTESIAN_POINT('',(-1.8,4.5,1.07500000000001));
#5289=CARTESIAN_POINT('',(-1.8,4.5,1.07500000000001));
#5290=CARTESIAN_POINT('Origin',(-1.2,4.5,1.07500000000001));
#5291=CARTESIAN_POINT('',(-1.2,4.5,1.07500000000001));
#5292=CARTESIAN_POINT('',(-1.2,8.5,1.07500000000001));
#5293=CARTESIAN_POINT('Origin',(-1.5,8.5,1.82500000000001));
#5294=CARTESIAN_POINT('Origin',(-1.5,4.5,1.82500000000001));
#5295=CARTESIAN_POINT('Origin',(1.35,8.2,2.27500000000001));
#5296=CARTESIAN_POINT('',(1.8,8.2,2.57500000000001));
#5297=CARTESIAN_POINT('',(1.8,8.5,2.27500000000001));
#5298=CARTESIAN_POINT('Origin',(1.8,8.2,2.27500000000001));
#5299=CARTESIAN_POINT('',(1.2,8.5,2.27500000000001));
#5300=CARTESIAN_POINT('',(1.35,8.5,2.27500000000001));
#5301=CARTESIAN_POINT('',(1.2,8.2,2.57500000000001));
#5302=CARTESIAN_POINT('Origin',(1.2,8.2,2.27500000000001));
#5303=CARTESIAN_POINT('',(1.35,8.2,2.57500000000001));
#5304=CARTESIAN_POINT('Origin',(1.8,4.5,2.57500000000001));
#5305=CARTESIAN_POINT('',(1.8,4.5,2.57500000000001));
#5306=CARTESIAN_POINT('',(1.8,4.5,2.57500000000001));
#5307=CARTESIAN_POINT('',(1.8,4.5,1.07500000000001));
#5308=CARTESIAN_POINT('',(1.8,4.5,3.07500000000001));
#5309=CARTESIAN_POINT('',(1.8,8.5,1.07500000000001));
#5310=CARTESIAN_POINT('',(1.8,4.5,1.07500000000001));
#5311=CARTESIAN_POINT('',(1.8,8.5,3.07500000000001));
#5312=CARTESIAN_POINT('Origin',(1.2,4.5,2.57500000000001));
#5313=CARTESIAN_POINT('',(1.2,4.5,2.57500000000001));
#5314=CARTESIAN_POINT('',(1.2,4.5,2.57500000000001));
#5315=CARTESIAN_POINT('',(1.2,4.5,2.57500000000001));
#5316=CARTESIAN_POINT('Origin',(1.2,4.5,1.07500000000001));
#5317=CARTESIAN_POINT('',(1.2,8.5,1.07500000000001));
#5318=CARTESIAN_POINT('',(1.2,8.5,1.07500000000001));
#5319=CARTESIAN_POINT('',(1.2,4.5,1.07500000000001));
#5320=CARTESIAN_POINT('',(1.2,4.5,1.07500000000001));
#5321=CARTESIAN_POINT('',(1.2,4.5,1.07500000000001));
#5322=CARTESIAN_POINT('Origin',(1.8,4.5,1.07500000000001));
#5323=CARTESIAN_POINT('',(1.8,4.5,1.07500000000001));
#5324=CARTESIAN_POINT('',(1.8,8.5,1.07500000000001));
#5325=CARTESIAN_POINT('Origin',(1.5,8.5,1.82500000000001));
#5326=CARTESIAN_POINT('Origin',(1.5,4.5,1.82500000000001));
#5327=CARTESIAN_POINT('Origin',(-0.65,8.2,2.27500000000001));
#5328=CARTESIAN_POINT('',(-0.2,8.2,2.57500000000001));
#5329=CARTESIAN_POINT('',(-0.2,8.5,2.27500000000001));
#5330=CARTESIAN_POINT('Origin',(-0.2,8.2,2.27500000000001));
#5331=CARTESIAN_POINT('',(-0.8,8.5,2.27500000000001));
#5332=CARTESIAN_POINT('',(-0.65,8.5,2.27500000000001));
#5333=CARTESIAN_POINT('',(-0.8,8.2,2.57500000000001));
#5334=CARTESIAN_POINT('Origin',(-0.8,8.2,2.27500000000001));
#5335=CARTESIAN_POINT('',(-0.65,8.2,2.57500000000001));
#5336=CARTESIAN_POINT('Origin',(-0.2,4.5,2.57500000000001));
#5337=CARTESIAN_POINT('',(-0.2,4.5,2.57500000000001));
#5338=CARTESIAN_POINT('',(-0.2,4.5,2.57500000000001));
#5339=CARTESIAN_POINT('',(-0.2,4.5,1.07500000000001));
#5340=CARTESIAN_POINT('',(-0.2,4.5,3.07500000000001));
#5341=CARTESIAN_POINT('',(-0.2,8.5,1.07500000000001));
#5342=CARTESIAN_POINT('',(-0.2,4.5,1.07500000000001));
#5343=CARTESIAN_POINT('',(-0.2,8.5,3.07500000000001));
#5344=CARTESIAN_POINT('Origin',(-0.8,4.5,2.57500000000001));
#5345=CARTESIAN_POINT('',(-0.8,4.5,2.57500000000001));
#5346=CARTESIAN_POINT('',(-0.8,4.5,2.57500000000001));
#5347=CARTESIAN_POINT('',(-0.8,4.5,2.57500000000001));
#5348=CARTESIAN_POINT('Origin',(-0.8,4.5,1.07500000000001));
#5349=CARTESIAN_POINT('',(-0.8,8.5,1.07500000000001));
#5350=CARTESIAN_POINT('',(-0.8,8.5,1.07500000000001));
#5351=CARTESIAN_POINT('',(-0.8,4.5,1.07500000000001));
#5352=CARTESIAN_POINT('',(-0.8,4.5,1.07500000000001));
#5353=CARTESIAN_POINT('',(-0.8,4.5,1.07500000000001));
#5354=CARTESIAN_POINT('Origin',(-0.2,4.5,1.07500000000001));
#5355=CARTESIAN_POINT('',(-0.2,4.5,1.07500000000001));
#5356=CARTESIAN_POINT('',(-0.2,8.5,1.07500000000001));
#5357=CARTESIAN_POINT('Origin',(-0.5,8.5,1.82500000000001));
#5358=CARTESIAN_POINT('Origin',(-0.5,4.5,1.82500000000001));
#5359=CARTESIAN_POINT('Origin',(2.35,8.2,2.27500000000001));
#5360=CARTESIAN_POINT('',(2.8,8.2,2.57500000000001));
#5361=CARTESIAN_POINT('',(2.8,8.5,2.27500000000001));
#5362=CARTESIAN_POINT('Origin',(2.8,8.2,2.27500000000001));
#5363=CARTESIAN_POINT('',(2.2,8.5,2.27500000000001));
#5364=CARTESIAN_POINT('',(2.35,8.5,2.27500000000001));
#5365=CARTESIAN_POINT('',(2.2,8.2,2.57500000000001));
#5366=CARTESIAN_POINT('Origin',(2.2,8.2,2.27500000000001));
#5367=CARTESIAN_POINT('',(2.35,8.2,2.57500000000001));
#5368=CARTESIAN_POINT('Origin',(2.8,4.5,2.57500000000001));
#5369=CARTESIAN_POINT('',(2.8,4.5,2.57500000000001));
#5370=CARTESIAN_POINT('',(2.8,4.5,2.57500000000001));
#5371=CARTESIAN_POINT('',(2.8,4.5,1.07500000000001));
#5372=CARTESIAN_POINT('',(2.8,4.5,3.07500000000001));
#5373=CARTESIAN_POINT('',(2.8,8.5,1.07500000000001));
#5374=CARTESIAN_POINT('',(2.8,4.5,1.07500000000001));
#5375=CARTESIAN_POINT('',(2.8,8.5,3.07500000000001));
#5376=CARTESIAN_POINT('Origin',(2.2,4.5,2.57500000000001));
#5377=CARTESIAN_POINT('',(2.2,4.5,2.57500000000001));
#5378=CARTESIAN_POINT('',(2.2,4.5,2.57500000000001));
#5379=CARTESIAN_POINT('',(2.2,4.5,2.57500000000001));
#5380=CARTESIAN_POINT('Origin',(2.2,4.5,1.07500000000001));
#5381=CARTESIAN_POINT('',(2.2,8.5,1.07500000000001));
#5382=CARTESIAN_POINT('',(2.2,8.5,1.07500000000001));
#5383=CARTESIAN_POINT('',(2.2,4.5,1.07500000000001));
#5384=CARTESIAN_POINT('',(2.2,4.5,1.07500000000001));
#5385=CARTESIAN_POINT('',(2.2,4.5,1.07500000000001));
#5386=CARTESIAN_POINT('Origin',(2.8,4.5,1.07500000000001));
#5387=CARTESIAN_POINT('',(2.8,4.5,1.07500000000001));
#5388=CARTESIAN_POINT('',(2.8,8.5,1.07500000000001));
#5389=CARTESIAN_POINT('Origin',(2.5,8.5,1.82500000000001));
#5390=CARTESIAN_POINT('Origin',(2.5,4.5,1.82500000000001));
#5391=CARTESIAN_POINT('Origin',(0.35,8.2,2.27500000000001));
#5392=CARTESIAN_POINT('',(0.8,8.2,2.57500000000001));
#5393=CARTESIAN_POINT('',(0.8,8.5,2.27500000000001));
#5394=CARTESIAN_POINT('Origin',(0.8,8.2,2.27500000000001));
#5395=CARTESIAN_POINT('',(0.2,8.5,2.27500000000001));
#5396=CARTESIAN_POINT('',(0.35,8.5,2.27500000000001));
#5397=CARTESIAN_POINT('',(0.2,8.2,2.57500000000001));
#5398=CARTESIAN_POINT('Origin',(0.2,8.2,2.27500000000001));
#5399=CARTESIAN_POINT('',(0.35,8.2,2.57500000000001));
#5400=CARTESIAN_POINT('Origin',(0.8,4.5,2.57500000000001));
#5401=CARTESIAN_POINT('',(0.8,4.5,2.57500000000001));
#5402=CARTESIAN_POINT('',(0.8,4.5,2.57500000000001));
#5403=CARTESIAN_POINT('',(0.8,4.5,1.07500000000001));
#5404=CARTESIAN_POINT('',(0.8,4.5,3.07500000000001));
#5405=CARTESIAN_POINT('',(0.8,8.5,1.07500000000001));
#5406=CARTESIAN_POINT('',(0.8,4.5,1.07500000000001));
#5407=CARTESIAN_POINT('',(0.8,8.5,3.07500000000001));
#5408=CARTESIAN_POINT('Origin',(0.2,4.5,2.57500000000001));
#5409=CARTESIAN_POINT('',(0.2,4.5,2.57500000000001));
#5410=CARTESIAN_POINT('',(0.2,4.5,2.57500000000001));
#5411=CARTESIAN_POINT('',(0.2,4.5,2.57500000000001));
#5412=CARTESIAN_POINT('Origin',(0.2,4.5,1.07500000000001));
#5413=CARTESIAN_POINT('',(0.2,8.5,1.07500000000001));
#5414=CARTESIAN_POINT('',(0.2,8.5,1.07500000000001));
#5415=CARTESIAN_POINT('',(0.2,4.5,1.07500000000001));
#5416=CARTESIAN_POINT('',(0.2,4.5,1.07500000000001));
#5417=CARTESIAN_POINT('',(0.2,4.5,1.07500000000001));
#5418=CARTESIAN_POINT('Origin',(0.8,4.5,1.07500000000001));
#5419=CARTESIAN_POINT('',(0.8,4.5,1.07500000000001));
#5420=CARTESIAN_POINT('',(0.8,8.5,1.07500000000001));
#5421=CARTESIAN_POINT('Origin',(0.5,8.5,1.82500000000001));
#5422=CARTESIAN_POINT('Origin',(0.5,4.5,1.82500000000001));
#5423=CARTESIAN_POINT('Origin',(-2.65,8.2,2.27500000000001));
#5424=CARTESIAN_POINT('',(-2.2,8.2,2.57500000000001));
#5425=CARTESIAN_POINT('',(-2.2,8.5,2.27500000000001));
#5426=CARTESIAN_POINT('Origin',(-2.2,8.2,2.27500000000001));
#5427=CARTESIAN_POINT('',(-2.8,8.5,2.27500000000001));
#5428=CARTESIAN_POINT('',(-2.65,8.5,2.27500000000001));
#5429=CARTESIAN_POINT('',(-2.8,8.2,2.57500000000001));
#5430=CARTESIAN_POINT('Origin',(-2.8,8.2,2.27500000000001));
#5431=CARTESIAN_POINT('',(-2.65,8.2,2.57500000000001));
#5432=CARTESIAN_POINT('Origin',(-2.2,4.5,2.57500000000001));
#5433=CARTESIAN_POINT('',(-2.2,4.5,2.57500000000001));
#5434=CARTESIAN_POINT('',(-2.2,4.5,2.57500000000001));
#5435=CARTESIAN_POINT('',(-2.2,4.5,1.07500000000001));
#5436=CARTESIAN_POINT('',(-2.2,4.5,3.07500000000001));
#5437=CARTESIAN_POINT('',(-2.2,8.5,1.07500000000001));
#5438=CARTESIAN_POINT('',(-2.2,4.5,1.07500000000001));
#5439=CARTESIAN_POINT('',(-2.2,8.5,3.07500000000001));
#5440=CARTESIAN_POINT('Origin',(-2.8,4.5,2.57500000000001));
#5441=CARTESIAN_POINT('',(-2.8,4.5,2.57500000000001));
#5442=CARTESIAN_POINT('',(-2.8,4.5,2.57500000000001));
#5443=CARTESIAN_POINT('',(-2.8,4.5,2.57500000000001));
#5444=CARTESIAN_POINT('Origin',(-2.8,4.5,1.07500000000001));
#5445=CARTESIAN_POINT('',(-2.8,8.5,1.07500000000001));
#5446=CARTESIAN_POINT('',(-2.8,8.5,1.07500000000001));
#5447=CARTESIAN_POINT('',(-2.8,4.5,1.07500000000001));
#5448=CARTESIAN_POINT('',(-2.8,4.5,1.07500000000001));
#5449=CARTESIAN_POINT('',(-2.8,4.5,1.07500000000001));
#5450=CARTESIAN_POINT('Origin',(-2.2,4.5,1.07500000000001));
#5451=CARTESIAN_POINT('',(-2.2,4.5,1.07500000000001));
#5452=CARTESIAN_POINT('',(-2.2,8.5,1.07500000000001));
#5453=CARTESIAN_POINT('Origin',(-2.5,8.5,1.82500000000001));
#5454=CARTESIAN_POINT('Origin',(-2.5,4.5,1.82500000000001));
#5455=UNCERTAINTY_MEASURE_WITH_UNIT(LENGTH_MEASURE(0.01),#5459,
'DISTANCE_ACCURACY_VALUE',
'Maximum model space distance between geometric entities at asserted c
onnectivities');
#5456=UNCERTAINTY_MEASURE_WITH_UNIT(LENGTH_MEASURE(0.01),#5459,
'DISTANCE_ACCURACY_VALUE',
'Maximum model space distance between geometric entities at asserted c
onnectivities');
#5457=(
GEOMETRIC_REPRESENTATION_CONTEXT(3)
GLOBAL_UNCERTAINTY_ASSIGNED_CONTEXT((#5455))
GLOBAL_UNIT_ASSIGNED_CONTEXT((#5459,#5461,#5462))
REPRESENTATION_CONTEXT('','3D')
);
#5458=(
GEOMETRIC_REPRESENTATION_CONTEXT(3)
GLOBAL_UNCERTAINTY_ASSIGNED_CONTEXT((#5456))
GLOBAL_UNIT_ASSIGNED_CONTEXT((#5459,#5461,#5462))
REPRESENTATION_CONTEXT('','3D')
);
#5459=(
LENGTH_UNIT()
NAMED_UNIT(*)
SI_UNIT(.MILLI.,.METRE.)
);
#5460=(
LENGTH_UNIT()
NAMED_UNIT(*)
SI_UNIT(.CENTI.,.METRE.)
);
#5461=(
NAMED_UNIT(*)
PLANE_ANGLE_UNIT()
SI_UNIT($,.RADIAN.)
);
#5462=(
NAMED_UNIT(*)
SI_UNIT($,.STERADIAN.)
SOLID_ANGLE_UNIT()
);
#5463=SHAPE_DEFINITION_REPRESENTATION(#5464,#5465);
#5464=PRODUCT_DEFINITION_SHAPE('',$,#5467);
#5465=SHAPE_REPRESENTATION('',(#3261),#5457);
#5466=PRODUCT_DEFINITION_CONTEXT('part definition',#5471,'design');
#5467=PRODUCT_DEFINITION('KINSUN AJP92A8813',
'RJ45 PLUG METZ AJP92A8813',#5468,#5466);
#5468=PRODUCT_DEFINITION_FORMATION('',$,#5473);
#5469=PRODUCT_RELATED_PRODUCT_CATEGORY('RJ45 PLUG METZ AJP92A8813',
'RJ45 PLUG METZ AJP92A8813',(#5473));
#5470=APPLICATION_PROTOCOL_DEFINITION('international standard',
'automotive_design',2009,#5471);
#5471=APPLICATION_CONTEXT(
'Core Data for Automotive Mechanical Design Process');
#5472=PRODUCT_CONTEXT('part definition',#5471,'mechanical');
#5473=PRODUCT('KINSUN AJP92A8813','RJ45 PLUG METZ AJP92A8813',$,(#5472));
#5474=PRESENTATION_STYLE_ASSIGNMENT((#5477));
#5475=PRESENTATION_STYLE_ASSIGNMENT((#5478));
#5476=PRESENTATION_STYLE_ASSIGNMENT((#5479));
#5477=SURFACE_STYLE_USAGE(.BOTH.,#5486);
#5478=SURFACE_STYLE_USAGE(.BOTH.,#5487);
#5479=SURFACE_STYLE_USAGE(.BOTH.,#5488);
#5480=SURFACE_STYLE_RENDERING_WITH_PROPERTIES($,#5498,(#5483));
#5481=SURFACE_STYLE_RENDERING_WITH_PROPERTIES($,#5499,(#5484));
#5482=SURFACE_STYLE_RENDERING_WITH_PROPERTIES($,#5500,(#5485));
#5483=SURFACE_STYLE_TRANSPARENT(0.);
#5484=SURFACE_STYLE_TRANSPARENT(0.);
#5485=SURFACE_STYLE_TRANSPARENT(0.);
#5486=SURFACE_SIDE_STYLE('',(#5489,#5480));
#5487=SURFACE_SIDE_STYLE('',(#5490,#5481));
#5488=SURFACE_SIDE_STYLE('',(#5491,#5482));
#5489=SURFACE_STYLE_FILL_AREA(#5492);
#5490=SURFACE_STYLE_FILL_AREA(#5493);
#5491=SURFACE_STYLE_FILL_AREA(#5494);
#5492=FILL_AREA_STYLE('',(#5495));
#5493=FILL_AREA_STYLE('',(#5496));
#5494=FILL_AREA_STYLE('',(#5497));
#5495=FILL_AREA_STYLE_COLOUR('',#5498);
#5496=FILL_AREA_STYLE_COLOUR('',#5499);
#5497=FILL_AREA_STYLE_COLOUR('',#5500);
#5498=COLOUR_RGB('',0.274509803921569,0.274509803921569,0.274509803921569);
#5499=COLOUR_RGB('',0.788235294117647,0.788235294117647,0.788235294117647);
#5500=COLOUR_RGB('',1.,0.937254901960784,0.23921568627451);
ENDSEC;
END-ISO-10303-21;
