ISO-10303-21;
HEADER;
FILE_DESCRIPTION((''),'2;1');
FILE_NAME('0-A_ASM','2018-02-02T',('eng604'),(''),
'PRO/ENGINEER BY PARAMETRIC TECHNOLOGY CORPORATION, 2014000',
'PRO/ENGINEER BY PARAMETRIC TECHNOLOGY CORPORATION, 2014000','');
FILE_SCHEMA(('AUTOMOTIVE_DESIGN { 1 0 10303 214 1 1 1 1 }'));
ENDSEC;
DATA;
#61=DIRECTION('',(8.682659368209E-2,8.682659289870E-2,-9.924325092394E-1));
#62=VECTOR('',#61,1.831289414390E0);
#63=CARTESIAN_POINT('',(-6.6E0,-4.E0,-1.174060848541E-13));
#64=LINE('',#63,#62);
#65=DRAUGHTING_PRE_DEFINED_CURVE_FONT('continuous');
#66=CURVE_STYLE('',#65,POSITIVE_LENGTH_MEASURE(2.E-2),#24);
#67=PRESENTATION_STYLE_ASSIGNMENT((#66));
#68=STYLED_ITEM('',(#67),#64);
#69=DIRECTION('',(-8.682659368208E-2,8.682659289878E-2,9.924325092394E-1));
#70=VECTOR('',#69,1.831289414390E0);
#71=CARTESIAN_POINT('',(-6.440995378102E0,3.840995379537E0,-1.817431148667E0));
#72=LINE('',#71,#70);
#73=CURVE_STYLE('',#65,POSITIVE_LENGTH_MEASURE(2.E-2),#24);
#74=PRESENTATION_STYLE_ASSIGNMENT((#73));
#75=STYLED_ITEM('',(#74),#72);
#76=DIRECTION('',(0.E0,-1.E0,0.E0));
#77=VECTOR('',#76,7.961587153560E0);
#78=CARTESIAN_POINT('',(-6.580793576780E0,3.980793576780E0,5.500000000005E-1));
#79=LINE('',#78,#77);
#80=CURVE_STYLE('',#65,POSITIVE_LENGTH_MEASURE(2.E-2),#24);
#81=PRESENTATION_STYLE_ASSIGNMENT((#80));
#82=STYLED_ITEM('',(#81),#79);
#83=DIRECTION('',(0.E0,1.E0,1.619537837172E-14));
#84=VECTOR('',#83,8.E0);
#85=CARTESIAN_POINT('',(-6.6E0,-4.E0,-1.174060848541E-13));
#86=LINE('',#85,#84);
#87=CURVE_STYLE('',#65,POSITIVE_LENGTH_MEASURE(2.E-2),#24);
#88=PRESENTATION_STYLE_ASSIGNMENT((#87));
#89=STYLED_ITEM('',(#88),#86);
#90=DIRECTION('',(3.487826274211E-2,-3.487826274189E-2,9.987827659587E-1));
#91=VECTOR('',#90,5.506702946286E-1);
#92=CARTESIAN_POINT('',(-6.6E0,4.E0,1.215694211965E-14));
#93=LINE('',#92,#91);
#94=CURVE_STYLE('',#65,POSITIVE_LENGTH_MEASURE(2.E-2),#24);
#95=PRESENTATION_STYLE_ASSIGNMENT((#94));
#96=STYLED_ITEM('',(#95),#93);
#97=CARTESIAN_POINT('',(6.580793576780E0,-3.980793576780E0,5.500000000005E-1));
#98=CARTESIAN_POINT('',(6.580793576780E0,-4.028706878968E0,5.500000000005E-1));
#99=CARTESIAN_POINT('',(6.557119859218E0,-4.111421663713E0,5.500000000005E-1));
#100=CARTESIAN_POINT('',(6.461968838334E0,-4.206855501974E0,5.500000000005E-1));
#101=CARTESIAN_POINT('',(6.378952438234E0,-4.230793576779E0,5.500000000005E-1));
#102=CARTESIAN_POINT('',(6.330793576780E0,-4.230793576780E0,5.500000000005E-1));
#104=CURVE_STYLE('',#65,POSITIVE_LENGTH_MEASURE(2.E-2),#24);
#105=PRESENTATION_STYLE_ASSIGNMENT((#104));
#106=STYLED_ITEM('',(#105),#103);
#107=DIRECTION('',(-1.E0,0.E0,0.E0));
#108=VECTOR('',#107,1.266158715356E1);
#109=CARTESIAN_POINT('',(6.330793576780E0,-4.230793576780E0,5.500000000005E-1));
#110=LINE('',#109,#108);
#111=CURVE_STYLE('',#65,POSITIVE_LENGTH_MEASURE(2.E-2),#24);
#112=PRESENTATION_STYLE_ASSIGNMENT((#111));
#113=STYLED_ITEM('',(#112),#110);
#114=CARTESIAN_POINT('',(-6.330793576780E0,-4.230793576780E0,
5.500000000005E-1));
#115=CARTESIAN_POINT('',(-6.378682487337E0,-4.230793576779E0,
5.500000000005E-1));
#116=CARTESIAN_POINT('',(-6.461368044126E0,-4.207143294218E0,
5.500000000005E-1));
#117=CARTESIAN_POINT('',(-6.556806545985E0,-4.112052651812E0,
5.500000000005E-1));
#118=CARTESIAN_POINT('',(-6.580793576780E0,-4.028989933673E0,
5.500000000005E-1));
#119=CARTESIAN_POINT('',(-6.580793576780E0,-3.980793576780E0,
5.500000000005E-1));
#121=CURVE_STYLE('',#65,POSITIVE_LENGTH_MEASURE(2.E-2),#24);
#122=PRESENTATION_STYLE_ASSIGNMENT((#121));
#123=STYLED_ITEM('',(#122),#120);
#124=CARTESIAN_POINT('',(-6.580793576780E0,3.980793576780E0,5.500000000005E-1));
#125=CARTESIAN_POINT('',(-6.580793576780E0,4.028706878968E0,5.500000000005E-1));
#126=CARTESIAN_POINT('',(-6.557119859218E0,4.111421663713E0,5.500000000005E-1));
#127=CARTESIAN_POINT('',(-6.461968838334E0,4.206855501974E0,5.500000000005E-1));
#128=CARTESIAN_POINT('',(-6.378952438234E0,4.230793576779E0,5.500000000005E-1));
#129=CARTESIAN_POINT('',(-6.330793576780E0,4.230793576780E0,5.500000000005E-1));
#131=CURVE_STYLE('',#65,POSITIVE_LENGTH_MEASURE(2.E-2),#24);
#132=PRESENTATION_STYLE_ASSIGNMENT((#131));
#133=STYLED_ITEM('',(#132),#130);
#134=CARTESIAN_POINT('',(6.330793576780E0,4.230793576780E0,5.500000000005E-1));
#135=CARTESIAN_POINT('',(6.378682487337E0,4.230793576779E0,5.500000000005E-1));
#136=CARTESIAN_POINT('',(6.461368044126E0,4.207143294218E0,5.500000000005E-1));
#137=CARTESIAN_POINT('',(6.556806545985E0,4.112052651812E0,5.500000000005E-1));
#138=CARTESIAN_POINT('',(6.580793576780E0,4.028989933673E0,5.500000000005E-1));
#139=CARTESIAN_POINT('',(6.580793576780E0,3.980793576780E0,5.500000000005E-1));
#141=CURVE_STYLE('',#65,POSITIVE_LENGTH_MEASURE(2.E-2),#24);
#142=PRESENTATION_STYLE_ASSIGNMENT((#141));
#143=STYLED_ITEM('',(#142),#140);
#144=DIRECTION('',(7.071067811865E-1,-7.071067811865E-1,0.E0));
#145=VECTOR('',#144,1.671644601898E0);
#146=CARTESIAN_POINT('',(-6.1E0,-2.567968766264E0,5.500000000005E-1));
#147=LINE('',#146,#145);
#148=CURVE_STYLE('',#65,POSITIVE_LENGTH_MEASURE(2.E-2),#24);
#149=PRESENTATION_STYLE_ASSIGNMENT((#148));
#150=STYLED_ITEM('',(#149),#147);
#151=DIRECTION('',(0.E0,1.E0,0.E0));
#152=VECTOR('',#151,7.5E0);
#153=CARTESIAN_POINT('',(6.1E0,-3.75E0,5.500000000005E-1));
#154=LINE('',#153,#152);
#155=CURVE_STYLE('',#65,POSITIVE_LENGTH_MEASURE(2.E-2),#24);
#156=PRESENTATION_STYLE_ASSIGNMENT((#155));
#157=STYLED_ITEM('',(#156),#154);
#158=DIRECTION('',(-1.E0,0.E0,0.E0));
#159=VECTOR('',#158,1.22E1);
#160=CARTESIAN_POINT('',(6.1E0,3.75E0,5.500000000005E-1));
#161=LINE('',#160,#159);
#162=CURVE_STYLE('',#65,POSITIVE_LENGTH_MEASURE(2.E-2),#24);
#163=PRESENTATION_STYLE_ASSIGNMENT((#162));
#164=STYLED_ITEM('',(#163),#161);
#165=DIRECTION('',(0.E0,-1.E0,1.178224184883E-14));
#166=VECTOR('',#165,8.E0);
#167=CARTESIAN_POINT('',(6.6E0,4.E0,-8.565370634983E-14));
#168=LINE('',#167,#166);
#169=CURVE_STYLE('',#65,POSITIVE_LENGTH_MEASURE(2.E-2),#24);
#170=PRESENTATION_STYLE_ASSIGNMENT((#169));
#171=STYLED_ITEM('',(#170),#168);
#172=DIRECTION('',(-3.487826274216E-2,3.487826274188E-2,9.987827659587E-1));
#173=VECTOR('',#172,5.506702946286E-1);
#174=CARTESIAN_POINT('',(6.6E0,-4.E0,0.E0));
#175=LINE('',#174,#173);
#176=CURVE_STYLE('',#65,POSITIVE_LENGTH_MEASURE(2.E-2),#24);
#177=PRESENTATION_STYLE_ASSIGNMENT((#176));
#178=STYLED_ITEM('',(#177),#175);
#179=DIRECTION('',(0.E0,1.E0,0.E0));
#180=VECTOR('',#179,7.961587153560E0);
#181=CARTESIAN_POINT('',(6.580793576780E0,-3.980793576780E0,5.500000000005E-1));
#182=LINE('',#181,#180);
#183=CURVE_STYLE('',#65,POSITIVE_LENGTH_MEASURE(2.E-2),#24);
#184=PRESENTATION_STYLE_ASSIGNMENT((#183));
#185=STYLED_ITEM('',(#184),#182);
#186=DIRECTION('',(8.682659167231E-2,-8.682659855068E-2,9.924325089207E-1));
#187=VECTOR('',#186,1.831289414953E0);
#188=CARTESIAN_POINT('',(6.440995381734E0,-3.840995369138E0,-1.817431148641E0));
#189=LINE('',#188,#187);
#190=CURVE_STYLE('',#65,POSITIVE_LENGTH_MEASURE(2.E-2),#24);
#191=PRESENTATION_STYLE_ASSIGNMENT((#190));
#192=STYLED_ITEM('',(#191),#189);
#193=DIRECTION('',(-8.682659167231E-2,-8.682659855061E-2,-9.924325089207E-1));
#194=VECTOR('',#193,1.831289414953E0);
#195=CARTESIAN_POINT('',(6.6E0,4.E0,-8.565370634983E-14));
#196=LINE('',#195,#194);
#197=CURVE_STYLE('',#65,POSITIVE_LENGTH_MEASURE(2.E-2),#24);
#198=PRESENTATION_STYLE_ASSIGNMENT((#197));
#199=STYLED_ITEM('',(#198),#196);
#200=DIRECTION('',(0.E0,1.E0,0.E0));
#201=VECTOR('',#200,7.681990738276E0);
#202=CARTESIAN_POINT('',(6.440995381734E0,-3.840995369138E0,-1.817431148641E0));
#203=LINE('',#202,#201);
#204=CURVE_STYLE('',#65,POSITIVE_LENGTH_MEASURE(2.E-2),#24);
#205=PRESENTATION_STYLE_ASSIGNMENT((#204));
#206=STYLED_ITEM('',(#205),#203);
#207=DIRECTION('',(0.E0,-1.E0,0.E0));
#208=VECTOR('',#207,7.681990750212E0);
#209=CARTESIAN_POINT('',(6.241756438145E0,3.840995375106E0,-2.E0));
#210=LINE('',#209,#208);
#211=CURVE_STYLE('',#65,POSITIVE_LENGTH_MEASURE(2.E-2),#24);
#212=PRESENTATION_STYLE_ASSIGNMENT((#211));
#213=STYLED_ITEM('',(#212),#210);
#214=CARTESIAN_POINT('',(6.190995377763E0,3.891756438145E0,-1.8E0));
#215=DIRECTION('',(-1.E0,0.E0,0.E0));
#216=DIRECTION('',(0.E0,9.961946980917E-1,-8.715574274766E-2));
#217=AXIS2_PLACEMENT_3D('',#214,#215,#216);
#219=CURVE_STYLE('',#65,POSITIVE_LENGTH_MEASURE(2.E-2),#24);
#220=PRESENTATION_STYLE_ASSIGNMENT((#219));
#221=STYLED_ITEM('',(#220),#218);
#222=CARTESIAN_POINT('',(6.241756438145E0,3.840995365360E0,-1.8E0));
#223=DIRECTION('',(0.E0,-1.E0,0.E0));
#224=DIRECTION('',(0.E0,0.E0,-1.E0));
#225=AXIS2_PLACEMENT_3D('',#222,#223,#224);
#227=CURVE_STYLE('',#65,POSITIVE_LENGTH_MEASURE(2.E-2),#24);
#228=PRESENTATION_STYLE_ASSIGNMENT((#227));
#229=STYLED_ITEM('',(#228),#226);
#230=CARTESIAN_POINT('',(6.190995380982E0,4.090995379997E0,-1.817431148904E0));
#231=CARTESIAN_POINT('',(6.232000470544E0,4.090752637698E0,-1.820205706074E0));
#232=CARTESIAN_POINT('',(6.315004779133E0,4.068978645059E0,-1.824504772118E0));
#233=CARTESIAN_POINT('',(6.408732602394E0,3.985227029471E0,-1.825179966854E0));
#234=CARTESIAN_POINT('',(6.440690924051E0,3.891115702618E0,-1.820911115885E0));
#235=CARTESIAN_POINT('',(6.440995381734E0,3.840995369138E0,-1.817431148641E0));
#237=CURVE_STYLE('',#65,POSITIVE_LENGTH_MEASURE(2.E-2),#24);
#238=PRESENTATION_STYLE_ASSIGNMENT((#237));
#239=STYLED_ITEM('',(#238),#236);
#240=CARTESIAN_POINT('',(6.35E0,4.25E0,0.E0));
#241=CARTESIAN_POINT('',(6.393942148137E0,4.25E0,-7.915147482719E-13));
#242=CARTESIAN_POINT('',(6.481440046279E0,4.226673418376E0,2.780359241543E-13));
#243=CARTESIAN_POINT('',(6.576632350682E0,4.131525475509E0,1.162247170958E-13));
#244=CARTESIAN_POINT('',(6.6E0,4.043980325482E0,-5.222734923842E-13));
#245=CARTESIAN_POINT('',(6.6E0,4.E0,-8.565370634983E-14));
#247=CURVE_STYLE('',#65,POSITIVE_LENGTH_MEASURE(2.E-2),#24);
#248=PRESENTATION_STYLE_ASSIGNMENT((#247));
#249=STYLED_ITEM('',(#248),#246);
#250=DIRECTION('',(-3.487826274214E-2,-3.487826274160E-2,9.987827659588E-1));
#251=VECTOR('',#250,5.506702946287E-1);
#252=CARTESIAN_POINT('',(6.6E0,4.E0,-8.565370634983E-14));
#253=LINE('',#252,#251);
#254=CURVE_STYLE('',#65,POSITIVE_LENGTH_MEASURE(2.E-2),#24);
#255=PRESENTATION_STYLE_ASSIGNMENT((#254));
#256=STYLED_ITEM('',(#255),#253);
#257=DIRECTION('',(1.E0,0.E0,0.E0));
#258=VECTOR('',#257,6.E-1);
#259=CARTESIAN_POINT('',(3.51E0,4.236031692203E0,4.E-1));
#260=LINE('',#259,#258);
#261=CURVE_STYLE('',#65,POSITIVE_LENGTH_MEASURE(2.E-2),#24);
#262=PRESENTATION_STYLE_ASSIGNMENT((#261));
#263=STYLED_ITEM('',(#262),#260);
#264=DIRECTION('',(0.E0,3.489949670250E-2,-9.993908270191E-1));
#265=VECTOR('',#264,4.002438177195E-1);
#266=CARTESIAN_POINT('',(4.11E0,4.236031692203E0,4.E-1));
#267=LINE('',#266,#265);
#268=CURVE_STYLE('',#65,POSITIVE_LENGTH_MEASURE(2.E-2),#24);
#269=PRESENTATION_STYLE_ASSIGNMENT((#268));
#270=STYLED_ITEM('',(#269),#267);
#271=DIRECTION('',(1.E0,0.E0,0.E0));
#272=VECTOR('',#271,2.24E0);
#273=CARTESIAN_POINT('',(4.11E0,4.25E0,0.E0));
#274=LINE('',#273,#272);
#275=CURVE_STYLE('',#65,POSITIVE_LENGTH_MEASURE(2.E-2),#24);
#276=PRESENTATION_STYLE_ASSIGNMENT((#275));
#277=STYLED_ITEM('',(#276),#274);
#278=DIRECTION('',(-3.487826274189E-2,-3.487826274215E-2,9.987827659587E-1));
#279=VECTOR('',#278,5.506702946286E-1);
#280=CARTESIAN_POINT('',(6.35E0,4.25E0,0.E0));
#281=LINE('',#280,#279);
#282=CURVE_STYLE('',#65,POSITIVE_LENGTH_MEASURE(2.E-2),#24);
#283=PRESENTATION_STYLE_ASSIGNMENT((#282));
#284=STYLED_ITEM('',(#283),#281);
#285=DIRECTION('',(-1.E0,0.E0,0.E0));
#286=VECTOR('',#285,1.266158715356E1);
#287=CARTESIAN_POINT('',(6.330793576780E0,4.230793576780E0,5.500000000005E-1));
#288=LINE('',#287,#286);
#289=CURVE_STYLE('',#65,POSITIVE_LENGTH_MEASURE(2.E-2),#24);
#290=PRESENTATION_STYLE_ASSIGNMENT((#289));
#291=STYLED_ITEM('',(#290),#288);
#292=DIRECTION('',(1.E0,1.903239470786E-14,3.614420271017E-14));
#293=VECTOR('',#292,2.24E0);
#294=CARTESIAN_POINT('',(-6.35E0,4.25E0,-8.096301407079E-14));
#295=LINE('',#294,#293);
#296=CURVE_STYLE('',#65,POSITIVE_LENGTH_MEASURE(2.E-2),#24);
#297=PRESENTATION_STYLE_ASSIGNMENT((#296));
#298=STYLED_ITEM('',(#297),#295);
#299=DIRECTION('',(1.E0,0.E0,0.E0));
#300=VECTOR('',#299,6.E-1);
#301=CARTESIAN_POINT('',(-4.11E0,4.236031692203E0,4.E-1));
#302=LINE('',#301,#300);
#303=CURVE_STYLE('',#65,POSITIVE_LENGTH_MEASURE(2.E-2),#24);
#304=PRESENTATION_STYLE_ASSIGNMENT((#303));
#305=STYLED_ITEM('',(#304),#302);
#306=DIRECTION('',(0.E0,3.489949670250E-2,-9.993908270191E-1));
#307=VECTOR('',#306,4.002438177195E-1);
#308=CARTESIAN_POINT('',(-3.51E0,4.236031692203E0,4.E-1));
#309=LINE('',#308,#307);
#310=CURVE_STYLE('',#65,POSITIVE_LENGTH_MEASURE(2.E-2),#24);
#311=PRESENTATION_STYLE_ASSIGNMENT((#310));
#312=STYLED_ITEM('',(#311),#309);
#313=DIRECTION('',(-1.E0,0.E0,0.E0));
#314=VECTOR('',#313,7.02E0);
#315=CARTESIAN_POINT('',(3.51E0,4.25E0,0.E0));
#316=LINE('',#315,#314);
#317=CURVE_STYLE('',#65,POSITIVE_LENGTH_MEASURE(2.E-2),#24);
#318=PRESENTATION_STYLE_ASSIGNMENT((#317));
#319=STYLED_ITEM('',(#318),#316);
#320=DIRECTION('',(8.682659279934E-2,-8.682659036770E-2,-9.924325095380E-1));
#321=VECTOR('',#320,1.831289414345E0);
#322=CARTESIAN_POINT('',(-6.35E0,4.25E0,-8.096301407079E-14));
#323=LINE('',#322,#321);
#324=CURVE_STYLE('',#65,POSITIVE_LENGTH_MEASURE(2.E-2),#24);
#325=PRESENTATION_STYLE_ASSIGNMENT((#324));
#326=STYLED_ITEM('',(#325),#323);
#327=DIRECTION('',(8.682659211233E-2,8.682659265033E-2,9.924325093984E-1));
#328=VECTOR('',#327,1.831289414335E0);
#329=CARTESIAN_POINT('',(6.190995380982E0,4.090995379997E0,-1.817431148904E0));
#330=LINE('',#329,#328);
#331=CURVE_STYLE('',#65,POSITIVE_LENGTH_MEASURE(2.E-2),#24);
#332=PRESENTATION_STYLE_ASSIGNMENT((#331));
#333=STYLED_ITEM('',(#332),#330);
#334=DIRECTION('',(1.E0,0.E0,0.E0));
#335=VECTOR('',#334,6.E-1);
#336=CARTESIAN_POINT('',(-4.11E0,4.25E0,0.E0));
#337=LINE('',#336,#335);
#338=CURVE_STYLE('',#65,POSITIVE_LENGTH_MEASURE(2.E-2),#24);
#339=PRESENTATION_STYLE_ASSIGNMENT((#338));
#340=STYLED_ITEM('',(#339),#337);
#341=DIRECTION('',(1.E0,0.E0,0.E0));
#342=VECTOR('',#341,6.E-1);
#343=CARTESIAN_POINT('',(3.51E0,4.25E0,0.E0));
#344=LINE('',#343,#342);
#345=CURVE_STYLE('',#65,POSITIVE_LENGTH_MEASURE(2.E-2),#24);
#346=PRESENTATION_STYLE_ASSIGNMENT((#345));
#347=STYLED_ITEM('',(#346),#344);
#348=DIRECTION('',(0.E0,1.E0,0.E0));
#349=VECTOR('',#348,2.E-1);
#350=CARTESIAN_POINT('',(4.11E0,4.25E0,0.E0));
#351=LINE('',#350,#349);
#352=CURVE_STYLE('',#65,POSITIVE_LENGTH_MEASURE(2.E-2),#24);
#353=PRESENTATION_STYLE_ASSIGNMENT((#352));
#354=STYLED_ITEM('',(#353),#351);
#355=DIRECTION('',(0.E0,-1.E0,0.E0));
#356=VECTOR('',#355,2.E-1);
#357=CARTESIAN_POINT('',(-3.51E0,4.45E0,0.E0));
#358=LINE('',#357,#356);
#359=CURVE_STYLE('',#65,POSITIVE_LENGTH_MEASURE(2.E-2),#24);
#360=PRESENTATION_STYLE_ASSIGNMENT((#359));
#361=STYLED_ITEM('',(#360),#358);
#362=DIRECTION('',(0.E0,1.E0,0.E0));
#363=VECTOR('',#362,2.139683077967E-1);
#364=CARTESIAN_POINT('',(-3.51E0,4.236031692203E0,4.E-1));
#365=LINE('',#364,#363);
#366=CURVE_STYLE('',#65,POSITIVE_LENGTH_MEASURE(2.E-2),#24);
#367=PRESENTATION_STYLE_ASSIGNMENT((#366));
#368=STYLED_ITEM('',(#367),#365);
#369=DIRECTION('',(1.E0,0.E0,0.E0));
#370=VECTOR('',#369,6.E-1);
#371=CARTESIAN_POINT('',(3.51E0,5.179777974947E0,-1.755233595624E0));
#372=LINE('',#371,#370);
#373=CURVE_STYLE('',#65,POSITIVE_LENGTH_MEASURE(2.E-2),#24);
#374=PRESENTATION_STYLE_ASSIGNMENT((#373));
#375=STYLED_ITEM('',(#374),#372);
#376=DIRECTION('',(0.E0,-5.233595624291E-2,9.986295347546E-1));
#377=VECTOR('',#376,1.541364353459E0);
#378=CARTESIAN_POINT('',(3.51E0,5.179777974947E0,-1.755233595624E0));
#379=LINE('',#378,#377);
#380=CURVE_STYLE('',#65,POSITIVE_LENGTH_MEASURE(2.E-2),#24);
#381=PRESENTATION_STYLE_ASSIGNMENT((#380));
#382=STYLED_ITEM('',(#381),#379);
#383=DIRECTION('',(1.E0,0.E0,0.E0));
#384=VECTOR('',#383,6.E-1);
#385=CARTESIAN_POINT('',(-4.11E0,5.179777974947E0,-1.755233595624E0));
#386=LINE('',#385,#384);
#387=CURVE_STYLE('',#65,POSITIVE_LENGTH_MEASURE(2.E-2),#24);
#388=PRESENTATION_STYLE_ASSIGNMENT((#387));
#389=STYLED_ITEM('',(#388),#386);
#390=DIRECTION('',(0.E0,-5.233595624291E-2,9.986295347546E-1));
#391=VECTOR('',#390,1.541364353459E0);
#392=CARTESIAN_POINT('',(-3.51E0,5.179777974947E0,-1.755233595624E0));
#393=LINE('',#392,#391);
#394=CURVE_STYLE('',#65,POSITIVE_LENGTH_MEASURE(2.E-2),#24);
#395=PRESENTATION_STYLE_ASSIGNMENT((#394));
#396=STYLED_ITEM('',(#395),#393);
#397=CARTESIAN_POINT('',(3.51E0,5.279640928423E0,-1.75E0));
#398=DIRECTION('',(1.E0,0.E0,0.E0));
#399=DIRECTION('',(0.E0,-9.986295347546E-1,-5.233595624291E-2));
#400=AXIS2_PLACEMENT_3D('',#397,#398,#399);
#402=CURVE_STYLE('',#65,POSITIVE_LENGTH_MEASURE(2.E-2),#24);
#403=PRESENTATION_STYLE_ASSIGNMENT((#402));
#404=STYLED_ITEM('',(#403),#401);
#405=CARTESIAN_POINT('',(4.11E0,5.279640928423E0,-1.75E0));
#406=DIRECTION('',(-1.E0,0.E0,0.E0));
#407=DIRECTION('',(0.E0,0.E0,-1.E0));
#408=AXIS2_PLACEMENT_3D('',#405,#406,#407);
#410=CURVE_STYLE('',#65,POSITIVE_LENGTH_MEASURE(2.E-2),#24);
#411=PRESENTATION_STYLE_ASSIGNMENT((#410));
#412=STYLED_ITEM('',(#411),#409);
#413=DIRECTION('',(0.E0,-1.E0,0.E0));
#414=VECTOR('',#413,2.139683077967E-1);
#415=CARTESIAN_POINT('',(3.51E0,4.45E0,4.E-1));
#416=LINE('',#415,#414);
#417=CURVE_STYLE('',#65,POSITIVE_LENGTH_MEASURE(2.E-2),#24);
#418=PRESENTATION_STYLE_ASSIGNMENT((#417));
#419=STYLED_ITEM('',(#418),#416);
#420=DIRECTION('',(0.E0,3.489949670250E-2,-9.993908270191E-1));
#421=VECTOR('',#420,4.002438177195E-1);
#422=CARTESIAN_POINT('',(3.51E0,4.236031692203E0,4.E-1));
#423=LINE('',#422,#421);
#424=CURVE_STYLE('',#65,POSITIVE_LENGTH_MEASURE(2.E-2),#24);
#425=PRESENTATION_STYLE_ASSIGNMENT((#424));
#426=STYLED_ITEM('',(#425),#423);
#427=DIRECTION('',(0.E0,1.E0,0.E0));
#428=VECTOR('',#427,2.E-1);
#429=CARTESIAN_POINT('',(3.51E0,4.25E0,0.E0));
#430=LINE('',#429,#428);
#431=CURVE_STYLE('',#65,POSITIVE_LENGTH_MEASURE(2.E-2),#24);
#432=PRESENTATION_STYLE_ASSIGNMENT((#431));
#433=STYLED_ITEM('',(#432),#430);
#434=DIRECTION('',(1.E0,0.E0,0.E0));
#435=VECTOR('',#434,6.E-1);
#436=CARTESIAN_POINT('',(3.51E0,5.279640928423E0,-1.85E0));
#437=LINE('',#436,#435);
#438=CURVE_STYLE('',#65,POSITIVE_LENGTH_MEASURE(2.E-2),#24);
#439=PRESENTATION_STYLE_ASSIGNMENT((#438));
#440=STYLED_ITEM('',(#439),#437);
#441=DIRECTION('',(0.E0,-1.E0,0.E0));
#442=VECTOR('',#441,4.203590715770E-1);
#443=CARTESIAN_POINT('',(3.51E0,5.7E0,-1.85E0));
#444=LINE('',#443,#442);
#445=CURVE_STYLE('',#65,POSITIVE_LENGTH_MEASURE(2.E-2),#24);
#446=PRESENTATION_STYLE_ASSIGNMENT((#445));
#447=STYLED_ITEM('',(#446),#444);
#448=DIRECTION('',(-1.E0,0.E0,0.E0));
#449=VECTOR('',#448,6.E-1);
#450=CARTESIAN_POINT('',(4.11E0,5.7E0,-1.85E0));
#451=LINE('',#450,#449);
#452=CURVE_STYLE('',#65,POSITIVE_LENGTH_MEASURE(2.E-2),#24);
#453=PRESENTATION_STYLE_ASSIGNMENT((#452));
#454=STYLED_ITEM('',(#453),#451);
#455=DIRECTION('',(1.E0,0.E0,0.E0));
#456=VECTOR('',#455,6.E-1);
#457=CARTESIAN_POINT('',(-4.11E0,5.279640928423E0,-1.85E0));
#458=LINE('',#457,#456);
#459=CURVE_STYLE('',#65,POSITIVE_LENGTH_MEASURE(2.E-2),#24);
#460=PRESENTATION_STYLE_ASSIGNMENT((#459));
#461=STYLED_ITEM('',(#460),#458);
#462=DIRECTION('',(-1.E0,0.E0,0.E0));
#463=VECTOR('',#462,6.E-1);
#464=CARTESIAN_POINT('',(-3.51E0,5.7E0,-1.85E0));
#465=LINE('',#464,#463);
#466=CURVE_STYLE('',#65,POSITIVE_LENGTH_MEASURE(2.E-2),#24);
#467=PRESENTATION_STYLE_ASSIGNMENT((#466));
#468=STYLED_ITEM('',(#467),#465);
#469=DIRECTION('',(0.E0,-1.E0,0.E0));
#470=VECTOR('',#469,4.203590715770E-1);
#471=CARTESIAN_POINT('',(-3.51E0,5.7E0,-1.85E0));
#472=LINE('',#471,#470);
#473=CURVE_STYLE('',#65,POSITIVE_LENGTH_MEASURE(2.E-2),#24);
#474=PRESENTATION_STYLE_ASSIGNMENT((#473));
#475=STYLED_ITEM('',(#474),#472);
#476=DIRECTION('',(0.E0,0.E0,1.E0));
#477=VECTOR('',#476,4.E-1);
#478=CARTESIAN_POINT('',(-3.51E0,5.7E0,-2.25E0));
#479=LINE('',#478,#477);
#480=CURVE_STYLE('',#65,POSITIVE_LENGTH_MEASURE(2.E-2),#24);
#481=PRESENTATION_STYLE_ASSIGNMENT((#480));
#482=STYLED_ITEM('',(#481),#479);
#483=DIRECTION('',(-1.E0,0.E0,0.E0));
#484=VECTOR('',#483,6.E-1);
#485=CARTESIAN_POINT('',(-3.51E0,5.7E0,-2.25E0));
#486=LINE('',#485,#484);
#487=CURVE_STYLE('',#65,POSITIVE_LENGTH_MEASURE(2.E-2),#24);
#488=PRESENTATION_STYLE_ASSIGNMENT((#487));
#489=STYLED_ITEM('',(#488),#486);
#490=DIRECTION('',(0.E0,0.E0,1.E0));
#491=VECTOR('',#490,4.E-1);
#492=CARTESIAN_POINT('',(3.51E0,5.7E0,-2.25E0));
#493=LINE('',#492,#491);
#494=CURVE_STYLE('',#65,POSITIVE_LENGTH_MEASURE(2.E-2),#24);
#495=PRESENTATION_STYLE_ASSIGNMENT((#494));
#496=STYLED_ITEM('',(#495),#493);
#497=DIRECTION('',(-1.E0,0.E0,0.E0));
#498=VECTOR('',#497,6.E-1);
#499=CARTESIAN_POINT('',(4.11E0,5.7E0,-2.25E0));
#500=LINE('',#499,#498);
#501=CURVE_STYLE('',#65,POSITIVE_LENGTH_MEASURE(2.E-2),#24);
#502=PRESENTATION_STYLE_ASSIGNMENT((#501));
#503=STYLED_ITEM('',(#502),#500);
#504=DIRECTION('',(0.E0,-1.E0,0.E0));
#505=VECTOR('',#504,4.203590715770E-1);
#506=CARTESIAN_POINT('',(-4.11E0,5.7E0,-1.85E0));
#507=LINE('',#506,#505);
#508=CURVE_STYLE('',#65,POSITIVE_LENGTH_MEASURE(2.E-2),#24);
#509=PRESENTATION_STYLE_ASSIGNMENT((#508));
#510=STYLED_ITEM('',(#509),#507);
#511=DIRECTION('',(0.E0,-5.233595624291E-2,9.986295347546E-1));
#512=VECTOR('',#511,1.541364353459E0);
#513=CARTESIAN_POINT('',(-4.11E0,5.179777974947E0,-1.755233595624E0));
#514=LINE('',#513,#512);
#515=CURVE_STYLE('',#65,POSITIVE_LENGTH_MEASURE(2.E-2),#24);
#516=PRESENTATION_STYLE_ASSIGNMENT((#515));
#517=STYLED_ITEM('',(#516),#514);
#518=CARTESIAN_POINT('',(-4.11E0,4.45E0,-2.5E-1));
#519=DIRECTION('',(1.E0,0.E0,0.E0));
#520=DIRECTION('',(0.E0,9.986295347546E-1,5.233595624291E-2));
#521=AXIS2_PLACEMENT_3D('',#518,#519,#520);
#523=CURVE_STYLE('',#65,POSITIVE_LENGTH_MEASURE(2.E-2),#24);
#524=PRESENTATION_STYLE_ASSIGNMENT((#523));
#525=STYLED_ITEM('',(#524),#522);
#526=DIRECTION('',(0.E0,-1.E0,0.E0));
#527=VECTOR('',#526,2.139683077967E-1);
#528=CARTESIAN_POINT('',(-4.11E0,4.45E0,4.E-1));
#529=LINE('',#528,#527);
#530=CURVE_STYLE('',#65,POSITIVE_LENGTH_MEASURE(2.E-2),#24);
#531=PRESENTATION_STYLE_ASSIGNMENT((#530));
#532=STYLED_ITEM('',(#531),#529);
#533=DIRECTION('',(0.E0,3.489949670250E-2,-9.993908270191E-1));
#534=VECTOR('',#533,4.002438177195E-1);
#535=CARTESIAN_POINT('',(-4.11E0,4.236031692203E0,4.E-1));
#536=LINE('',#535,#534);
#537=CURVE_STYLE('',#65,POSITIVE_LENGTH_MEASURE(2.E-2),#24);
#538=PRESENTATION_STYLE_ASSIGNMENT((#537));
#539=STYLED_ITEM('',(#538),#536);
#540=DIRECTION('',(0.E0,1.E0,0.E0));
#541=VECTOR('',#540,2.E-1);
#542=CARTESIAN_POINT('',(-4.11E0,4.25E0,0.E0));
#543=LINE('',#542,#541);
#544=CURVE_STYLE('',#65,POSITIVE_LENGTH_MEASURE(2.E-2),#24);
#545=PRESENTATION_STYLE_ASSIGNMENT((#544));
#546=STYLED_ITEM('',(#545),#543);
#547=CARTESIAN_POINT('',(-4.11E0,4.45E0,-2.5E-1));
#548=DIRECTION('',(-1.E0,0.E0,0.E0));
#549=DIRECTION('',(0.E0,0.E0,1.E0));
#550=AXIS2_PLACEMENT_3D('',#547,#548,#549);
#552=CURVE_STYLE('',#65,POSITIVE_LENGTH_MEASURE(2.E-2),#24);
#553=PRESENTATION_STYLE_ASSIGNMENT((#552));
#554=STYLED_ITEM('',(#553),#551);
#555=DIRECTION('',(0.E0,5.233595624291E-2,-9.986295347546E-1));
#556=VECTOR('',#555,1.636260810131E0);
#557=CARTESIAN_POINT('',(-4.11E0,4.699657383689E0,-2.369160109393E-1));
#558=LINE('',#557,#556);
#559=CURVE_STYLE('',#65,POSITIVE_LENGTH_MEASURE(2.E-2),#24);
#560=PRESENTATION_STYLE_ASSIGNMENT((#559));
#561=STYLED_ITEM('',(#560),#558);
#562=CARTESIAN_POINT('',(-4.11E0,5.184744471751E0,-1.85E0));
#563=DIRECTION('',(1.E0,0.E0,0.E0));
#564=DIRECTION('',(0.E0,-9.986295347546E-1,-5.233595624291E-2));
#565=AXIS2_PLACEMENT_3D('',#562,#563,#564);
#567=CURVE_STYLE('',#65,POSITIVE_LENGTH_MEASURE(2.E-2),#24);
#568=PRESENTATION_STYLE_ASSIGNMENT((#567));
#569=STYLED_ITEM('',(#568),#566);
#570=DIRECTION('',(0.E0,1.E0,0.E0));
#571=VECTOR('',#570,5.152555282485E-1);
#572=CARTESIAN_POINT('',(-4.11E0,5.184744471751E0,-2.25E0));
#573=LINE('',#572,#571);
#574=CURVE_STYLE('',#65,POSITIVE_LENGTH_MEASURE(2.E-2),#24);
#575=PRESENTATION_STYLE_ASSIGNMENT((#574));
#576=STYLED_ITEM('',(#575),#573);
#577=DIRECTION('',(0.E0,0.E0,1.E0));
#578=VECTOR('',#577,4.E-1);
#579=CARTESIAN_POINT('',(-4.11E0,5.7E0,-2.25E0));
#580=LINE('',#579,#578);
#581=CURVE_STYLE('',#65,POSITIVE_LENGTH_MEASURE(2.E-2),#24);
#582=PRESENTATION_STYLE_ASSIGNMENT((#581));
#583=STYLED_ITEM('',(#582),#580);
#584=DIRECTION('',(0.E0,-5.233595624291E-2,-9.986295347546E-1));
#585=VECTOR('',#584,1.541364353459E0);
#586=CARTESIAN_POINT('',(-4.11E0,-5.099109197590E0,-2.159816284421E-1));
#587=LINE('',#586,#585);
#588=CURVE_STYLE('',#65,POSITIVE_LENGTH_MEASURE(2.E-2),#24);
#589=PRESENTATION_STYLE_ASSIGNMENT((#588));
#590=STYLED_ITEM('',(#589),#587);
#591=DIRECTION('',(0.E0,-1.E0,0.E0));
#592=VECTOR('',#591,4.203590715770E-1);
#593=CARTESIAN_POINT('',(-4.11E0,-5.279640928423E0,-1.85E0));
#594=LINE('',#593,#592);
#595=CURVE_STYLE('',#65,POSITIVE_LENGTH_MEASURE(2.E-2),#24);
#596=PRESENTATION_STYLE_ASSIGNMENT((#595));
#597=STYLED_ITEM('',(#596),#594);
#598=DIRECTION('',(0.E0,0.E0,-1.E0));
#599=VECTOR('',#598,4.E-1);
#600=CARTESIAN_POINT('',(-4.11E0,-5.7E0,-1.85E0));
#601=LINE('',#600,#599);
#602=CURVE_STYLE('',#65,POSITIVE_LENGTH_MEASURE(2.E-2),#24);
#603=PRESENTATION_STYLE_ASSIGNMENT((#602));
#604=STYLED_ITEM('',(#603),#601);
#605=DIRECTION('',(0.E0,1.E0,0.E0));
#606=VECTOR('',#605,5.152555282485E-1);
#607=CARTESIAN_POINT('',(-4.11E0,-5.7E0,-2.25E0));
#608=LINE('',#607,#606);
#609=CURVE_STYLE('',#65,POSITIVE_LENGTH_MEASURE(2.E-2),#24);
#610=PRESENTATION_STYLE_ASSIGNMENT((#609));
#611=STYLED_ITEM('',(#610),#608);
#612=CARTESIAN_POINT('',(-4.11E0,-5.184744471751E0,-1.85E0));
#613=DIRECTION('',(1.E0,0.E0,0.E0));
#614=DIRECTION('',(0.E0,0.E0,-1.E0));
#615=AXIS2_PLACEMENT_3D('',#612,#613,#614);
#617=CURVE_STYLE('',#65,POSITIVE_LENGTH_MEASURE(2.E-2),#24);
#618=PRESENTATION_STYLE_ASSIGNMENT((#617));
#619=STYLED_ITEM('',(#618),#616);
#620=DIRECTION('',(0.E0,5.233595624291E-2,9.986295347546E-1));
#621=VECTOR('',#620,1.636260810131E0);
#622=CARTESIAN_POINT('',(-4.11E0,-4.785292657850E0,-1.870934382497E0));
#623=LINE('',#622,#621);
#624=CURVE_STYLE('',#65,POSITIVE_LENGTH_MEASURE(2.E-2),#24);
#625=PRESENTATION_STYLE_ASSIGNMENT((#624));
#626=STYLED_ITEM('',(#625),#623);
#627=CARTESIAN_POINT('',(-4.11E0,-4.45E0,-2.5E-1));
#628=DIRECTION('',(-1.E0,0.E0,0.E0));
#629=DIRECTION('',(0.E0,-9.986295347546E-1,5.233595624291E-2));
#630=AXIS2_PLACEMENT_3D('',#627,#628,#629);
#632=CURVE_STYLE('',#65,POSITIVE_LENGTH_MEASURE(2.E-2),#24);
#633=PRESENTATION_STYLE_ASSIGNMENT((#632));
#634=STYLED_ITEM('',(#633),#631);
#635=DIRECTION('',(0.E0,1.E0,0.E0));
#636=VECTOR('',#635,2.E-1);
#637=CARTESIAN_POINT('',(-4.11E0,-4.45E0,0.E0));
#638=LINE('',#637,#636);
#639=CURVE_STYLE('',#65,POSITIVE_LENGTH_MEASURE(2.E-2),#24);
#640=PRESENTATION_STYLE_ASSIGNMENT((#639));
#641=STYLED_ITEM('',(#640),#638);
#642=DIRECTION('',(0.E0,-1.E0,0.E0));
#643=VECTOR('',#642,2.139683077967E-1);
#644=CARTESIAN_POINT('',(-4.11E0,-4.236031692203E0,4.E-1));
#645=LINE('',#644,#643);
#646=CURVE_STYLE('',#65,POSITIVE_LENGTH_MEASURE(2.E-2),#24);
#647=PRESENTATION_STYLE_ASSIGNMENT((#646));
#648=STYLED_ITEM('',(#647),#645);
#649=CARTESIAN_POINT('',(-4.11E0,-4.45E0,-2.5E-1));
#650=DIRECTION('',(1.E0,0.E0,0.E0));
#651=DIRECTION('',(0.E0,0.E0,1.E0));
#652=AXIS2_PLACEMENT_3D('',#649,#650,#651);
#654=CURVE_STYLE('',#65,POSITIVE_LENGTH_MEASURE(2.E-2),#24);
#655=PRESENTATION_STYLE_ASSIGNMENT((#654));
#656=STYLED_ITEM('',(#655),#653);
#657=CARTESIAN_POINT('',(-4.11E0,5.279640928423E0,-1.75E0));
#658=DIRECTION('',(1.E0,0.E0,0.E0));
#659=DIRECTION('',(0.E0,-9.986295347546E-1,-5.233595624291E-2));
#660=AXIS2_PLACEMENT_3D('',#657,#658,#659);
#662=CURVE_STYLE('',#65,POSITIVE_LENGTH_MEASURE(2.E-2),#24);
#663=PRESENTATION_STYLE_ASSIGNMENT((#662));
#664=STYLED_ITEM('',(#663),#661);
#665=CARTESIAN_POINT('',(-3.51E0,5.279640928423E0,-1.75E0));
#666=DIRECTION('',(-1.E0,0.E0,0.E0));
#667=DIRECTION('',(0.E0,0.E0,-1.E0));
#668=AXIS2_PLACEMENT_3D('',#665,#666,#667);
#670=CURVE_STYLE('',#65,POSITIVE_LENGTH_MEASURE(2.E-2),#24);
#671=PRESENTATION_STYLE_ASSIGNMENT((#670));
#672=STYLED_ITEM('',(#671),#669);
#673=CARTESIAN_POINT('',(-3.51E0,4.45E0,-2.5E-1));
#674=DIRECTION('',(1.E0,0.E0,0.E0));
#675=DIRECTION('',(0.E0,9.986295347546E-1,5.233595624291E-2));
#676=AXIS2_PLACEMENT_3D('',#673,#674,#675);
#678=CURVE_STYLE('',#65,POSITIVE_LENGTH_MEASURE(2.E-2),#24);
#679=PRESENTATION_STYLE_ASSIGNMENT((#678));
#680=STYLED_ITEM('',(#679),#677);
#681=DIRECTION('',(-1.E0,0.E0,0.E0));
#682=VECTOR('',#681,6.E-1);
#683=CARTESIAN_POINT('',(-3.51E0,5.099109197590E0,-2.159816284421E-1));
#684=LINE('',#683,#682);
#685=CURVE_STYLE('',#65,POSITIVE_LENGTH_MEASURE(2.E-2),#24);
#686=PRESENTATION_STYLE_ASSIGNMENT((#685));
#687=STYLED_ITEM('',(#686),#684);
#688=CARTESIAN_POINT('',(3.51E0,4.45E0,-2.5E-1));
#689=DIRECTION('',(1.E0,0.E0,0.E0));
#690=DIRECTION('',(0.E0,9.986295347546E-1,5.233595624291E-2));
#691=AXIS2_PLACEMENT_3D('',#688,#689,#690);
#693=CURVE_STYLE('',#65,POSITIVE_LENGTH_MEASURE(2.E-2),#24);
#694=PRESENTATION_STYLE_ASSIGNMENT((#693));
#695=STYLED_ITEM('',(#694),#692);
#696=DIRECTION('',(-1.E0,0.E0,0.E0));
#697=VECTOR('',#696,6.E-1);
#698=CARTESIAN_POINT('',(4.11E0,5.099109197590E0,-2.159816284421E-1));
#699=LINE('',#698,#697);
#700=CURVE_STYLE('',#65,POSITIVE_LENGTH_MEASURE(2.E-2),#24);
#701=PRESENTATION_STYLE_ASSIGNMENT((#700));
#702=STYLED_ITEM('',(#701),#699);
#703=DIRECTION('',(-1.E0,0.E0,0.E0));
#704=VECTOR('',#703,6.E-1);
#705=CARTESIAN_POINT('',(-3.51E0,4.45E0,4.E-1));
#706=LINE('',#705,#704);
#707=CURVE_STYLE('',#65,POSITIVE_LENGTH_MEASURE(2.E-2),#24);
#708=PRESENTATION_STYLE_ASSIGNMENT((#707));
#709=STYLED_ITEM('',(#708),#706);
#710=DIRECTION('',(-1.E0,0.E0,0.E0));
#711=VECTOR('',#710,6.E-1);
#712=CARTESIAN_POINT('',(4.11E0,4.45E0,4.E-1));
#713=LINE('',#712,#711);
#714=CURVE_STYLE('',#65,POSITIVE_LENGTH_MEASURE(2.E-2),#24);
#715=PRESENTATION_STYLE_ASSIGNMENT((#714));
#716=STYLED_ITEM('',(#715),#713);
#717=DIRECTION('',(0.E0,-1.E0,0.E0));
#718=VECTOR('',#717,2.139683077967E-1);
#719=CARTESIAN_POINT('',(4.11E0,4.45E0,4.E-1));
#720=LINE('',#719,#718);
#721=CURVE_STYLE('',#65,POSITIVE_LENGTH_MEASURE(2.E-2),#24);
#722=PRESENTATION_STYLE_ASSIGNMENT((#721));
#723=STYLED_ITEM('',(#722),#720);
#724=DIRECTION('',(0.E0,-5.233595624291E-2,9.986295347546E-1));
#725=VECTOR('',#724,1.541364353459E0);
#726=CARTESIAN_POINT('',(4.11E0,5.179777974947E0,-1.755233595624E0));
#727=LINE('',#726,#725);
#728=CURVE_STYLE('',#65,POSITIVE_LENGTH_MEASURE(2.E-2),#24);
#729=PRESENTATION_STYLE_ASSIGNMENT((#728));
#730=STYLED_ITEM('',(#729),#727);
#731=DIRECTION('',(0.E0,-1.E0,0.E0));
#732=VECTOR('',#731,4.203590715770E-1);
#733=CARTESIAN_POINT('',(4.11E0,5.7E0,-1.85E0));
#734=LINE('',#733,#732);
#735=CURVE_STYLE('',#65,POSITIVE_LENGTH_MEASURE(2.E-2),#24);
#736=PRESENTATION_STYLE_ASSIGNMENT((#735));
#737=STYLED_ITEM('',(#736),#734);
#738=DIRECTION('',(0.E0,0.E0,1.E0));
#739=VECTOR('',#738,4.E-1);
#740=CARTESIAN_POINT('',(4.11E0,5.7E0,-2.25E0));
#741=LINE('',#740,#739);
#742=CURVE_STYLE('',#65,POSITIVE_LENGTH_MEASURE(2.E-2),#24);
#743=PRESENTATION_STYLE_ASSIGNMENT((#742));
#744=STYLED_ITEM('',(#743),#741);
#745=DIRECTION('',(0.E0,1.E0,0.E0));
#746=VECTOR('',#745,5.152555282485E-1);
#747=CARTESIAN_POINT('',(4.11E0,5.184744471751E0,-2.25E0));
#748=LINE('',#747,#746);
#749=CURVE_STYLE('',#65,POSITIVE_LENGTH_MEASURE(2.E-2),#24);
#750=PRESENTATION_STYLE_ASSIGNMENT((#749));
#751=STYLED_ITEM('',(#750),#748);
#752=CARTESIAN_POINT('',(4.11E0,5.184744471751E0,-1.85E0));
#753=DIRECTION('',(1.E0,0.E0,0.E0));
#754=DIRECTION('',(0.E0,-9.986295347546E-1,-5.233595624291E-2));
#755=AXIS2_PLACEMENT_3D('',#752,#753,#754);
#757=CURVE_STYLE('',#65,POSITIVE_LENGTH_MEASURE(2.E-2),#24);
#758=PRESENTATION_STYLE_ASSIGNMENT((#757));
#759=STYLED_ITEM('',(#758),#756);
#760=DIRECTION('',(0.E0,5.233595624291E-2,-9.986295347546E-1));
#761=VECTOR('',#760,1.636260810131E0);
#762=CARTESIAN_POINT('',(4.11E0,4.699657383689E0,-2.369160109393E-1));
#763=LINE('',#762,#761);
#764=CURVE_STYLE('',#65,POSITIVE_LENGTH_MEASURE(2.E-2),#24);
#765=PRESENTATION_STYLE_ASSIGNMENT((#764));
#766=STYLED_ITEM('',(#765),#763);
#767=CARTESIAN_POINT('',(4.11E0,4.45E0,-2.5E-1));
#768=DIRECTION('',(-1.E0,0.E0,0.E0));
#769=DIRECTION('',(0.E0,0.E0,1.E0));
#770=AXIS2_PLACEMENT_3D('',#767,#768,#769);
#772=CURVE_STYLE('',#65,POSITIVE_LENGTH_MEASURE(2.E-2),#24);
#773=PRESENTATION_STYLE_ASSIGNMENT((#772));
#774=STYLED_ITEM('',(#773),#771);
#775=CARTESIAN_POINT('',(4.11E0,4.45E0,-2.5E-1));
#776=DIRECTION('',(1.E0,0.E0,0.E0));
#777=DIRECTION('',(0.E0,9.986295347546E-1,5.233595624291E-2));
#778=AXIS2_PLACEMENT_3D('',#775,#776,#777);
#780=CURVE_STYLE('',#65,POSITIVE_LENGTH_MEASURE(2.E-2),#24);
#781=PRESENTATION_STYLE_ASSIGNMENT((#780));
#782=STYLED_ITEM('',(#781),#779);
#783=DIRECTION('',(0.E0,-1.E0,0.E0));
#784=VECTOR('',#783,4.203590715770E-1);
#785=CARTESIAN_POINT('',(4.11E0,-5.279640928423E0,-1.85E0));
#786=LINE('',#785,#784);
#787=CURVE_STYLE('',#65,POSITIVE_LENGTH_MEASURE(2.E-2),#24);
#788=PRESENTATION_STYLE_ASSIGNMENT((#787));
#789=STYLED_ITEM('',(#788),#786);
#790=DIRECTION('',(0.E0,-5.233595624291E-2,-9.986295347546E-1));
#791=VECTOR('',#790,1.541364353459E0);
#792=CARTESIAN_POINT('',(4.11E0,-5.099109197590E0,-2.159816284421E-1));
#793=LINE('',#792,#791);
#794=CURVE_STYLE('',#65,POSITIVE_LENGTH_MEASURE(2.E-2),#24);
#795=PRESENTATION_STYLE_ASSIGNMENT((#794));
#796=STYLED_ITEM('',(#795),#793);
#797=CARTESIAN_POINT('',(4.11E0,-4.45E0,-2.5E-1));
#798=DIRECTION('',(1.E0,0.E0,0.E0));
#799=DIRECTION('',(0.E0,0.E0,1.E0));
#800=AXIS2_PLACEMENT_3D('',#797,#798,#799);
#802=CURVE_STYLE('',#65,POSITIVE_LENGTH_MEASURE(2.E-2),#24);
#803=PRESENTATION_STYLE_ASSIGNMENT((#802));
#804=STYLED_ITEM('',(#803),#801);
#805=DIRECTION('',(0.E0,-3.489949670250E-2,-9.993908270191E-1));
#806=VECTOR('',#805,4.002438177195E-1);
#807=CARTESIAN_POINT('',(4.11E0,-4.236031692203E0,4.E-1));
#808=LINE('',#807,#806);
#809=CURVE_STYLE('',#65,POSITIVE_LENGTH_MEASURE(2.E-2),#24);
#810=PRESENTATION_STYLE_ASSIGNMENT((#809));
#811=STYLED_ITEM('',(#810),#808);
#812=CARTESIAN_POINT('',(4.11E0,-4.45E0,-2.5E-1));
#813=DIRECTION('',(-1.E0,0.E0,0.E0));
#814=DIRECTION('',(0.E0,-9.986295347546E-1,5.233595624291E-2));
#815=AXIS2_PLACEMENT_3D('',#812,#813,#814);
#817=CURVE_STYLE('',#65,POSITIVE_LENGTH_MEASURE(2.E-2),#24);
#818=PRESENTATION_STYLE_ASSIGNMENT((#817));
#819=STYLED_ITEM('',(#818),#816);
#820=DIRECTION('',(0.E0,5.233595624291E-2,9.986295347546E-1));
#821=VECTOR('',#820,1.636260810131E0);
#822=CARTESIAN_POINT('',(4.11E0,-4.785292657850E0,-1.870934382497E0));
#823=LINE('',#822,#821);
#824=CURVE_STYLE('',#65,POSITIVE_LENGTH_MEASURE(2.E-2),#24);
#825=PRESENTATION_STYLE_ASSIGNMENT((#824));
#826=STYLED_ITEM('',(#825),#823);
#827=CARTESIAN_POINT('',(4.11E0,-5.184744471751E0,-1.85E0));
#828=DIRECTION('',(1.E0,0.E0,0.E0));
#829=DIRECTION('',(0.E0,0.E0,-1.E0));
#830=AXIS2_PLACEMENT_3D('',#827,#828,#829);
#832=CURVE_STYLE('',#65,POSITIVE_LENGTH_MEASURE(2.E-2),#24);
#833=PRESENTATION_STYLE_ASSIGNMENT((#832));
#834=STYLED_ITEM('',(#833),#831);
#835=DIRECTION('',(0.E0,1.E0,0.E0));
#836=VECTOR('',#835,5.152555282485E-1);
#837=CARTESIAN_POINT('',(4.11E0,-5.7E0,-2.25E0));
#838=LINE('',#837,#836);
#839=CURVE_STYLE('',#65,POSITIVE_LENGTH_MEASURE(2.E-2),#24);
#840=PRESENTATION_STYLE_ASSIGNMENT((#839));
#841=STYLED_ITEM('',(#840),#838);
#842=DIRECTION('',(0.E0,0.E0,-1.E0));
#843=VECTOR('',#842,4.E-1);
#844=CARTESIAN_POINT('',(4.11E0,-5.7E0,-1.85E0));
#845=LINE('',#844,#843);
#846=CURVE_STYLE('',#65,POSITIVE_LENGTH_MEASURE(2.E-2),#24);
#847=PRESENTATION_STYLE_ASSIGNMENT((#846));
#848=STYLED_ITEM('',(#847),#845);
#849=DIRECTION('',(0.E0,1.E0,0.E0));
#850=VECTOR('',#849,5.152555282485E-1);
#851=CARTESIAN_POINT('',(-3.51E0,5.184744471751E0,-2.25E0));
#852=LINE('',#851,#850);
#853=CURVE_STYLE('',#65,POSITIVE_LENGTH_MEASURE(2.E-2),#24);
#854=PRESENTATION_STYLE_ASSIGNMENT((#853));
#855=STYLED_ITEM('',(#854),#852);
#856=DIRECTION('',(-1.E0,0.E0,0.E0));
#857=VECTOR('',#856,6.E-1);
#858=CARTESIAN_POINT('',(-3.51E0,5.184744471751E0,-2.25E0));
#859=LINE('',#858,#857);
#860=CURVE_STYLE('',#65,POSITIVE_LENGTH_MEASURE(2.E-2),#24);
#861=PRESENTATION_STYLE_ASSIGNMENT((#860));
#862=STYLED_ITEM('',(#861),#859);
#863=DIRECTION('',(0.E0,1.E0,0.E0));
#864=VECTOR('',#863,5.152555282485E-1);
#865=CARTESIAN_POINT('',(3.51E0,5.184744471751E0,-2.25E0));
#866=LINE('',#865,#864);
#867=CURVE_STYLE('',#65,POSITIVE_LENGTH_MEASURE(2.E-2),#24);
#868=PRESENTATION_STYLE_ASSIGNMENT((#867));
#869=STYLED_ITEM('',(#868),#866);
#870=DIRECTION('',(-1.E0,0.E0,0.E0));
#871=VECTOR('',#870,6.E-1);
#872=CARTESIAN_POINT('',(4.11E0,5.184744471751E0,-2.25E0));
#873=LINE('',#872,#871);
#874=CURVE_STYLE('',#65,POSITIVE_LENGTH_MEASURE(2.E-2),#24);
#875=PRESENTATION_STYLE_ASSIGNMENT((#874));
#876=STYLED_ITEM('',(#875),#873);
#877=CARTESIAN_POINT('',(-3.51E0,5.184744471751E0,-1.85E0));
#878=DIRECTION('',(1.E0,0.E0,0.E0));
#879=DIRECTION('',(0.E0,-9.986295347546E-1,-5.233595624292E-2));
#880=AXIS2_PLACEMENT_3D('',#877,#878,#879);
#882=CURVE_STYLE('',#65,POSITIVE_LENGTH_MEASURE(2.E-2),#24);
#883=PRESENTATION_STYLE_ASSIGNMENT((#882));
#884=STYLED_ITEM('',(#883),#881);
#885=DIRECTION('',(-1.E0,0.E0,0.E0));
#886=VECTOR('',#885,6.E-1);
#887=CARTESIAN_POINT('',(-3.51E0,4.785292657850E0,-1.870934382497E0));
#888=LINE('',#887,#886);
#889=CURVE_STYLE('',#65,POSITIVE_LENGTH_MEASURE(2.E-2),#24);
#890=PRESENTATION_STYLE_ASSIGNMENT((#889));
#891=STYLED_ITEM('',(#890),#888);
#892=CARTESIAN_POINT('',(3.51E0,5.184744471751E0,-1.85E0));
#893=DIRECTION('',(1.E0,0.E0,0.E0));
#894=DIRECTION('',(0.E0,-9.986295347546E-1,-5.233595624290E-2));
#895=AXIS2_PLACEMENT_3D('',#892,#893,#894);
#897=CURVE_STYLE('',#65,POSITIVE_LENGTH_MEASURE(2.E-2),#24);
#898=PRESENTATION_STYLE_ASSIGNMENT((#897));
#899=STYLED_ITEM('',(#898),#896);
#900=DIRECTION('',(-1.E0,0.E0,0.E0));
#901=VECTOR('',#900,6.E-1);
#902=CARTESIAN_POINT('',(4.11E0,4.785292657850E0,-1.870934382497E0));
#903=LINE('',#902,#901);
#904=CURVE_STYLE('',#65,POSITIVE_LENGTH_MEASURE(2.E-2),#24);
#905=PRESENTATION_STYLE_ASSIGNMENT((#904));
#906=STYLED_ITEM('',(#905),#903);
#907=DIRECTION('',(0.E0,5.233595624291E-2,-9.986295347546E-1));
#908=VECTOR('',#907,1.636260810131E0);
#909=CARTESIAN_POINT('',(-3.51E0,4.699657383689E0,-2.369160109393E-1));
#910=LINE('',#909,#908);
#911=CURVE_STYLE('',#65,POSITIVE_LENGTH_MEASURE(2.E-2),#24);
#912=PRESENTATION_STYLE_ASSIGNMENT((#911));
#913=STYLED_ITEM('',(#912),#910);
#914=DIRECTION('',(-1.E0,0.E0,0.E0));
#915=VECTOR('',#914,6.E-1);
#916=CARTESIAN_POINT('',(-3.51E0,4.699657383689E0,-2.369160109393E-1));
#917=LINE('',#916,#915);
#918=CURVE_STYLE('',#65,POSITIVE_LENGTH_MEASURE(2.E-2),#24);
#919=PRESENTATION_STYLE_ASSIGNMENT((#918));
#920=STYLED_ITEM('',(#919),#917);
#921=DIRECTION('',(0.E0,5.233595624291E-2,-9.986295347546E-1));
#922=VECTOR('',#921,1.636260810131E0);
#923=CARTESIAN_POINT('',(3.51E0,4.699657383689E0,-2.369160109393E-1));
#924=LINE('',#923,#922);
#925=CURVE_STYLE('',#65,POSITIVE_LENGTH_MEASURE(2.E-2),#24);
#926=PRESENTATION_STYLE_ASSIGNMENT((#925));
#927=STYLED_ITEM('',(#926),#924);
#928=DIRECTION('',(-1.E0,0.E0,0.E0));
#929=VECTOR('',#928,6.E-1);
#930=CARTESIAN_POINT('',(4.11E0,4.699657383689E0,-2.369160109393E-1));
#931=LINE('',#930,#929);
#932=CURVE_STYLE('',#65,POSITIVE_LENGTH_MEASURE(2.E-2),#24);
#933=PRESENTATION_STYLE_ASSIGNMENT((#932));
#934=STYLED_ITEM('',(#933),#931);
#935=CARTESIAN_POINT('',(-3.51E0,4.45E0,-2.5E-1));
#936=DIRECTION('',(1.E0,0.E0,0.E0));
#937=DIRECTION('',(0.E0,9.986295347546E-1,5.233595624293E-2));
#938=AXIS2_PLACEMENT_3D('',#935,#936,#937);
#940=CURVE_STYLE('',#65,POSITIVE_LENGTH_MEASURE(2.E-2),#24);
#941=PRESENTATION_STYLE_ASSIGNMENT((#940));
#942=STYLED_ITEM('',(#941),#939);
#943=DIRECTION('',(-1.E0,0.E0,0.E0));
#944=VECTOR('',#943,6.E-1);
#945=CARTESIAN_POINT('',(-3.51E0,4.45E0,0.E0));
#946=LINE('',#945,#944);
#947=CURVE_STYLE('',#65,POSITIVE_LENGTH_MEASURE(2.E-2),#24);
#948=PRESENTATION_STYLE_ASSIGNMENT((#947));
#949=STYLED_ITEM('',(#948),#946);
#950=CARTESIAN_POINT('',(3.51E0,4.45E0,-2.5E-1));
#951=DIRECTION('',(1.E0,0.E0,0.E0));
#952=DIRECTION('',(0.E0,9.986295347546E-1,5.233595624293E-2));
#953=AXIS2_PLACEMENT_3D('',#950,#951,#952);
#955=CURVE_STYLE('',#65,POSITIVE_LENGTH_MEASURE(2.E-2),#24);
#956=PRESENTATION_STYLE_ASSIGNMENT((#955));
#957=STYLED_ITEM('',(#956),#954);
#958=DIRECTION('',(-1.E0,0.E0,0.E0));
#959=VECTOR('',#958,6.E-1);
#960=CARTESIAN_POINT('',(4.11E0,4.45E0,0.E0));
#961=LINE('',#960,#959);
#962=CURVE_STYLE('',#65,POSITIVE_LENGTH_MEASURE(2.E-2),#24);
#963=PRESENTATION_STYLE_ASSIGNMENT((#962));
#964=STYLED_ITEM('',(#963),#961);
#965=DIRECTION('',(1.E0,0.E0,0.E0));
#966=VECTOR('',#965,6.E-1);
#967=CARTESIAN_POINT('',(3.51E0,-5.279640928423E0,-1.85E0));
#968=LINE('',#967,#966);
#969=CURVE_STYLE('',#65,POSITIVE_LENGTH_MEASURE(2.E-2),#24);
#970=PRESENTATION_STYLE_ASSIGNMENT((#969));
#971=STYLED_ITEM('',(#970),#968);
#972=DIRECTION('',(0.E0,-1.E0,0.E0));
#973=VECTOR('',#972,4.203590715770E-1);
#974=CARTESIAN_POINT('',(3.51E0,-5.279640928423E0,-1.85E0));
#975=LINE('',#974,#973);
#976=CURVE_STYLE('',#65,POSITIVE_LENGTH_MEASURE(2.E-2),#24);
#977=PRESENTATION_STYLE_ASSIGNMENT((#976));
#978=STYLED_ITEM('',(#977),#975);
#979=DIRECTION('',(1.E0,0.E0,0.E0));
#980=VECTOR('',#979,6.E-1);
#981=CARTESIAN_POINT('',(-1.57E0,-5.279640928423E0,-1.85E0));
#982=LINE('',#981,#980);
#983=CURVE_STYLE('',#65,POSITIVE_LENGTH_MEASURE(2.E-2),#24);
#984=PRESENTATION_STYLE_ASSIGNMENT((#983));
#985=STYLED_ITEM('',(#984),#982);
#986=DIRECTION('',(0.E0,-1.E0,0.E0));
#987=VECTOR('',#986,4.203590715770E-1);
#988=CARTESIAN_POINT('',(-9.7E-1,-5.279640928423E0,-1.85E0));
#989=LINE('',#988,#987);
#990=CURVE_STYLE('',#65,POSITIVE_LENGTH_MEASURE(2.E-2),#24);
#991=PRESENTATION_STYLE_ASSIGNMENT((#990));
#992=STYLED_ITEM('',(#991),#989);
#993=DIRECTION('',(0.E0,-1.E0,0.E0));
#994=VECTOR('',#993,4.203590715770E-1);
#995=CARTESIAN_POINT('',(-1.57E0,-5.279640928423E0,-1.85E0));
#996=LINE('',#995,#994);
#997=CURVE_STYLE('',#65,POSITIVE_LENGTH_MEASURE(2.E-2),#24);
#998=PRESENTATION_STYLE_ASSIGNMENT((#997));
#999=STYLED_ITEM('',(#998),#996);
#1000=DIRECTION('',(1.E0,0.E0,0.E0));
#1001=VECTOR('',#1000,6.E-1);
#1002=CARTESIAN_POINT('',(-4.11E0,-5.279640928423E0,-1.85E0));
#1003=LINE('',#1002,#1001);
#1004=CURVE_STYLE('',#65,POSITIVE_LENGTH_MEASURE(2.E-2),#24);
#1005=PRESENTATION_STYLE_ASSIGNMENT((#1004));
#1006=STYLED_ITEM('',(#1005),#1003);
#1007=DIRECTION('',(0.E0,-1.E0,0.E0));
#1008=VECTOR('',#1007,4.203590715770E-1);
#1009=CARTESIAN_POINT('',(-3.51E0,-5.279640928423E0,-1.85E0));
#1010=LINE('',#1009,#1008);
#1011=CURVE_STYLE('',#65,POSITIVE_LENGTH_MEASURE(2.E-2),#24);
#1012=PRESENTATION_STYLE_ASSIGNMENT((#1011));
#1013=STYLED_ITEM('',(#1012),#1010);
#1014=CARTESIAN_POINT('',(3.51E0,-5.279640928423E0,-1.75E0));
#1015=DIRECTION('',(1.E0,0.E0,0.E0));
#1016=DIRECTION('',(0.E0,0.E0,-1.E0));
#1017=AXIS2_PLACEMENT_3D('',#1014,#1015,#1016);
#1019=CURVE_STYLE('',#65,POSITIVE_LENGTH_MEASURE(2.E-2),#24);
#1020=PRESENTATION_STYLE_ASSIGNMENT((#1019));
#1021=STYLED_ITEM('',(#1020),#1018);
#1022=CARTESIAN_POINT('',(4.11E0,-5.279640928423E0,-1.75E0));
#1023=DIRECTION('',(-1.E0,0.E0,0.E0));
#1024=DIRECTION('',(0.E0,9.986295347546E-1,-5.233595624291E-2));
#1025=AXIS2_PLACEMENT_3D('',#1022,#1023,#1024);
#1027=CURVE_STYLE('',#65,POSITIVE_LENGTH_MEASURE(2.E-2),#24);
#1028=PRESENTATION_STYLE_ASSIGNMENT((#1027));
#1029=STYLED_ITEM('',(#1028),#1026);
#1030=DIRECTION('',(0.E0,1.E0,0.E0));
#1031=VECTOR('',#1030,2.E-1);
#1032=CARTESIAN_POINT('',(3.51E0,-4.45E0,0.E0));
#1033=LINE('',#1032,#1031);
#1034=CURVE_STYLE('',#65,POSITIVE_LENGTH_MEASURE(2.E-2),#24);
#1035=PRESENTATION_STYLE_ASSIGNMENT((#1034));
#1036=STYLED_ITEM('',(#1035),#1033);
#1037=DIRECTION('',(0.E0,-1.E0,0.E0));
#1038=VECTOR('',#1037,2.139683077967E-1);
#1039=CARTESIAN_POINT('',(3.51E0,-4.236031692203E0,4.E-1));
#1040=LINE('',#1039,#1038);
#1041=CURVE_STYLE('',#65,POSITIVE_LENGTH_MEASURE(2.E-2),#24);
#1042=PRESENTATION_STYLE_ASSIGNMENT((#1041));
#1043=STYLED_ITEM('',(#1042),#1040);
#1044=DIRECTION('',(1.E0,0.E0,0.E0));
#1045=VECTOR('',#1044,6.E-1);
#1046=CARTESIAN_POINT('',(3.51E0,-5.179777974947E0,-1.755233595624E0));
#1047=LINE('',#1046,#1045);
#1048=CURVE_STYLE('',#65,POSITIVE_LENGTH_MEASURE(2.E-2),#24);
#1049=PRESENTATION_STYLE_ASSIGNMENT((#1048));
#1050=STYLED_ITEM('',(#1049),#1047);
#1051=DIRECTION('',(0.E0,-5.233595624291E-2,-9.986295347546E-1));
#1052=VECTOR('',#1051,1.541364353459E0);
#1053=CARTESIAN_POINT('',(3.51E0,-5.099109197590E0,-2.159816284421E-1));
#1054=LINE('',#1053,#1052);
#1055=CURVE_STYLE('',#65,POSITIVE_LENGTH_MEASURE(2.E-2),#24);
#1056=PRESENTATION_STYLE_ASSIGNMENT((#1055));
#1057=STYLED_ITEM('',(#1056),#1054);
#1058=DIRECTION('',(-1.E0,0.E0,0.E0));
#1059=VECTOR('',#1058,6.E-1);
#1060=CARTESIAN_POINT('',(4.11E0,-5.099109197590E0,-2.159816284421E-1));
#1061=LINE('',#1060,#1059);
#1062=CURVE_STYLE('',#65,POSITIVE_LENGTH_MEASURE(2.E-2),#24);
#1063=PRESENTATION_STYLE_ASSIGNMENT((#1062));
#1064=STYLED_ITEM('',(#1063),#1061);
#1065=DIRECTION('',(1.E0,0.E0,0.E0));
#1066=VECTOR('',#1065,6.E-1);
#1067=CARTESIAN_POINT('',(-1.57E0,-5.179777974947E0,-1.755233595624E0));
#1068=LINE('',#1067,#1066);
#1069=CURVE_STYLE('',#65,POSITIVE_LENGTH_MEASURE(2.E-2),#24);
#1070=PRESENTATION_STYLE_ASSIGNMENT((#1069));
#1071=STYLED_ITEM('',(#1070),#1068);
#1072=DIRECTION('',(0.E0,-5.233595624291E-2,-9.986295347546E-1));
#1073=VECTOR('',#1072,1.541364353459E0);
#1074=CARTESIAN_POINT('',(-1.57E0,-5.099109197590E0,-2.159816284421E-1));
#1075=LINE('',#1074,#1073);
#1076=CURVE_STYLE('',#65,POSITIVE_LENGTH_MEASURE(2.E-2),#24);
#1077=PRESENTATION_STYLE_ASSIGNMENT((#1076));
#1078=STYLED_ITEM('',(#1077),#1075);
#1079=DIRECTION('',(-1.E0,0.E0,0.E0));
#1080=VECTOR('',#1079,6.E-1);
#1081=CARTESIAN_POINT('',(-9.7E-1,-5.099109197590E0,-2.159816284421E-1));
#1082=LINE('',#1081,#1080);
#1083=CURVE_STYLE('',#65,POSITIVE_LENGTH_MEASURE(2.E-2),#24);
#1084=PRESENTATION_STYLE_ASSIGNMENT((#1083));
#1085=STYLED_ITEM('',(#1084),#1082);
#1086=DIRECTION('',(0.E0,-5.233595624291E-2,-9.986295347546E-1));
#1087=VECTOR('',#1086,1.541364353459E0);
#1088=CARTESIAN_POINT('',(-9.7E-1,-5.099109197590E0,-2.159816284421E-1));
#1089=LINE('',#1088,#1087);
#1090=CURVE_STYLE('',#65,POSITIVE_LENGTH_MEASURE(2.E-2),#24);
#1091=PRESENTATION_STYLE_ASSIGNMENT((#1090));
#1092=STYLED_ITEM('',(#1091),#1089);
#1093=DIRECTION('',(1.E0,0.E0,0.E0));
#1094=VECTOR('',#1093,6.E-1);
#1095=CARTESIAN_POINT('',(-4.11E0,-5.179777974947E0,-1.755233595624E0));
#1096=LINE('',#1095,#1094);
#1097=CURVE_STYLE('',#65,POSITIVE_LENGTH_MEASURE(2.E-2),#24);
#1098=PRESENTATION_STYLE_ASSIGNMENT((#1097));
#1099=STYLED_ITEM('',(#1098),#1096);
#1100=DIRECTION('',(-1.E0,0.E0,0.E0));
#1101=VECTOR('',#1100,6.E-1);
#1102=CARTESIAN_POINT('',(-3.51E0,-5.099109197590E0,-2.159816284421E-1));
#1103=LINE('',#1102,#1101);
#1104=CURVE_STYLE('',#65,POSITIVE_LENGTH_MEASURE(2.E-2),#24);
#1105=PRESENTATION_STYLE_ASSIGNMENT((#1104));
#1106=STYLED_ITEM('',(#1105),#1103);
#1107=DIRECTION('',(0.E0,-5.233595624291E-2,-9.986295347546E-1));
#1108=VECTOR('',#1107,1.541364353459E0);
#1109=CARTESIAN_POINT('',(-3.51E0,-5.099109197590E0,-2.159816284421E-1));
#1110=LINE('',#1109,#1108);
#1111=CURVE_STYLE('',#65,POSITIVE_LENGTH_MEASURE(2.E-2),#24);
#1112=PRESENTATION_STYLE_ASSIGNMENT((#1111));
#1113=STYLED_ITEM('',(#1112),#1110);
#1114=CARTESIAN_POINT('',(-3.51E0,-4.45E0,-2.5E-1));
#1115=DIRECTION('',(1.E0,0.E0,0.E0));
#1116=DIRECTION('',(0.E0,0.E0,1.E0));
#1117=AXIS2_PLACEMENT_3D('',#1114,#1115,#1116);
#1119=CURVE_STYLE('',#65,POSITIVE_LENGTH_MEASURE(2.E-2),#24);
#1120=PRESENTATION_STYLE_ASSIGNMENT((#1119));
#1121=STYLED_ITEM('',(#1120),#1118);
#1122=DIRECTION('',(-1.E0,0.E0,0.E0));
#1123=VECTOR('',#1122,6.E-1);
#1124=CARTESIAN_POINT('',(-3.51E0,-4.45E0,4.E-1));
#1125=LINE('',#1124,#1123);
#1126=CURVE_STYLE('',#65,POSITIVE_LENGTH_MEASURE(2.E-2),#24);
#1127=PRESENTATION_STYLE_ASSIGNMENT((#1126));
#1128=STYLED_ITEM('',(#1127),#1125);
#1129=CARTESIAN_POINT('',(-1.57E0,-4.45E0,-2.5E-1));
#1130=DIRECTION('',(1.E0,0.E0,0.E0));
#1131=DIRECTION('',(0.E0,0.E0,1.E0));
#1132=AXIS2_PLACEMENT_3D('',#1129,#1130,#1131);
#1134=CURVE_STYLE('',#65,POSITIVE_LENGTH_MEASURE(2.E-2),#24);
#1135=PRESENTATION_STYLE_ASSIGNMENT((#1134));
#1136=STYLED_ITEM('',(#1135),#1133);
#1137=DIRECTION('',(-1.E0,0.E0,0.E0));
#1138=VECTOR('',#1137,6.E-1);
#1139=CARTESIAN_POINT('',(-9.7E-1,-4.45E0,4.E-1));
#1140=LINE('',#1139,#1138);
#1141=CURVE_STYLE('',#65,POSITIVE_LENGTH_MEASURE(2.E-2),#24);
#1142=PRESENTATION_STYLE_ASSIGNMENT((#1141));
#1143=STYLED_ITEM('',(#1142),#1140);
#1144=CARTESIAN_POINT('',(-9.7E-1,-4.45E0,-2.5E-1));
#1145=DIRECTION('',(1.E0,0.E0,0.E0));
#1146=DIRECTION('',(0.E0,0.E0,1.E0));
#1147=AXIS2_PLACEMENT_3D('',#1144,#1145,#1146);
#1149=CURVE_STYLE('',#65,POSITIVE_LENGTH_MEASURE(2.E-2),#24);
#1150=PRESENTATION_STYLE_ASSIGNMENT((#1149));
#1151=STYLED_ITEM('',(#1150),#1148);
#1152=CARTESIAN_POINT('',(3.51E0,-4.45E0,-2.5E-1));
#1153=DIRECTION('',(1.E0,0.E0,0.E0));
#1154=DIRECTION('',(0.E0,0.E0,1.E0));
#1155=AXIS2_PLACEMENT_3D('',#1152,#1153,#1154);
#1157=CURVE_STYLE('',#65,POSITIVE_LENGTH_MEASURE(2.E-2),#24);
#1158=PRESENTATION_STYLE_ASSIGNMENT((#1157));
#1159=STYLED_ITEM('',(#1158),#1156);
#1160=DIRECTION('',(-1.E0,0.E0,0.E0));
#1161=VECTOR('',#1160,6.E-1);
#1162=CARTESIAN_POINT('',(4.11E0,-4.45E0,4.E-1));
#1163=LINE('',#1162,#1161);
#1164=CURVE_STYLE('',#65,POSITIVE_LENGTH_MEASURE(2.E-2),#24);
#1165=PRESENTATION_STYLE_ASSIGNMENT((#1164));
#1166=STYLED_ITEM('',(#1165),#1163);
#1167=DIRECTION('',(0.E0,1.E0,0.E0));
#1168=VECTOR('',#1167,2.139683077967E-1);
#1169=CARTESIAN_POINT('',(-3.51E0,-4.45E0,4.E-1));
#1170=LINE('',#1169,#1168);
#1171=CURVE_STYLE('',#65,POSITIVE_LENGTH_MEASURE(2.E-2),#24);
#1172=PRESENTATION_STYLE_ASSIGNMENT((#1171));
#1173=STYLED_ITEM('',(#1172),#1170);
#1174=DIRECTION('',(0.E0,-3.489949670250E-2,-9.993908270191E-1));
#1175=VECTOR('',#1174,4.002438177195E-1);
#1176=CARTESIAN_POINT('',(-3.51E0,-4.236031692203E0,4.E-1));
#1177=LINE('',#1176,#1175);
#1178=CURVE_STYLE('',#65,POSITIVE_LENGTH_MEASURE(2.E-2),#24);
#1179=PRESENTATION_STYLE_ASSIGNMENT((#1178));
#1180=STYLED_ITEM('',(#1179),#1177);
#1181=DIRECTION('',(0.E0,-1.E0,0.E0));
#1182=VECTOR('',#1181,2.E-1);
#1183=CARTESIAN_POINT('',(-3.51E0,-4.25E0,0.E0));
#1184=LINE('',#1183,#1182);
#1185=CURVE_STYLE('',#65,POSITIVE_LENGTH_MEASURE(2.E-2),#24);
#1186=PRESENTATION_STYLE_ASSIGNMENT((#1185));
#1187=STYLED_ITEM('',(#1186),#1184);
#1188=CARTESIAN_POINT('',(-4.11E0,-5.279640928423E0,-1.75E0));
#1189=DIRECTION('',(1.E0,0.E0,0.E0));
#1190=DIRECTION('',(0.E0,0.E0,-1.E0));
#1191=AXIS2_PLACEMENT_3D('',#1188,#1189,#1190);
#1193=CURVE_STYLE('',#65,POSITIVE_LENGTH_MEASURE(2.E-2),#24);
#1194=PRESENTATION_STYLE_ASSIGNMENT((#1193));
#1195=STYLED_ITEM('',(#1194),#1192);
#1196=CARTESIAN_POINT('',(-3.51E0,-5.279640928423E0,-1.75E0));
#1197=DIRECTION('',(-1.E0,0.E0,0.E0));
#1198=DIRECTION('',(0.E0,9.986295347546E-1,-5.233595624291E-2));
#1199=AXIS2_PLACEMENT_3D('',#1196,#1197,#1198);
#1201=CURVE_STYLE('',#65,POSITIVE_LENGTH_MEASURE(2.E-2),#24);
#1202=PRESENTATION_STYLE_ASSIGNMENT((#1201));
#1203=STYLED_ITEM('',(#1202),#1200);
#1204=DIRECTION('',(1.E0,0.E0,0.E0));
#1205=VECTOR('',#1204,6.E-1);
#1206=CARTESIAN_POINT('',(-4.11E0,-4.236031692203E0,4.E-1));
#1207=LINE('',#1206,#1205);
#1208=CURVE_STYLE('',#65,POSITIVE_LENGTH_MEASURE(2.E-2),#24);
#1209=PRESENTATION_STYLE_ASSIGNMENT((#1208));
#1210=STYLED_ITEM('',(#1209),#1207);
#1211=DIRECTION('',(1.E0,0.E0,0.E0));
#1212=VECTOR('',#1211,6.E-1);
#1213=CARTESIAN_POINT('',(-1.57E0,-4.236031692203E0,4.E-1));
#1214=LINE('',#1213,#1212);
#1215=CURVE_STYLE('',#65,POSITIVE_LENGTH_MEASURE(2.E-2),#24);
#1216=PRESENTATION_STYLE_ASSIGNMENT((#1215));
#1217=STYLED_ITEM('',(#1216),#1214);
#1218=DIRECTION('',(1.E0,0.E0,0.E0));
#1219=VECTOR('',#1218,6.E-1);
#1220=CARTESIAN_POINT('',(3.51E0,-4.236031692203E0,4.E-1));
#1221=LINE('',#1220,#1219);
#1222=CURVE_STYLE('',#65,POSITIVE_LENGTH_MEASURE(2.E-2),#24);
#1223=PRESENTATION_STYLE_ASSIGNMENT((#1222));
#1224=STYLED_ITEM('',(#1223),#1221);
#1225=DIRECTION('',(0.E0,-1.E0,0.E0));
#1226=VECTOR('',#1225,2.139683077967E-1);
#1227=CARTESIAN_POINT('',(4.11E0,-4.236031692203E0,4.E-1));
#1228=LINE('',#1227,#1226);
#1229=CURVE_STYLE('',#65,POSITIVE_LENGTH_MEASURE(2.E-2),#24);
#1230=PRESENTATION_STYLE_ASSIGNMENT((#1229));
#1231=STYLED_ITEM('',(#1230),#1228);
#1232=DIRECTION('',(0.E0,-3.489949670250E-2,-9.993908270191E-1));
#1233=VECTOR('',#1232,4.002438177195E-1);
#1234=CARTESIAN_POINT('',(3.51E0,-4.236031692203E0,4.E-1));
#1235=LINE('',#1234,#1233);
#1236=CURVE_STYLE('',#65,POSITIVE_LENGTH_MEASURE(2.E-2),#24);
#1237=PRESENTATION_STYLE_ASSIGNMENT((#1236));
#1238=STYLED_ITEM('',(#1237),#1235);
#1239=DIRECTION('',(0.E0,-3.489949670250E-2,-9.993908270191E-1));
#1240=VECTOR('',#1239,4.002438177195E-1);
#1241=CARTESIAN_POINT('',(-1.57E0,-4.236031692203E0,4.E-1));
#1242=LINE('',#1241,#1240);
#1243=CURVE_STYLE('',#65,POSITIVE_LENGTH_MEASURE(2.E-2),#24);
#1244=PRESENTATION_STYLE_ASSIGNMENT((#1243));
#1245=STYLED_ITEM('',(#1244),#1242);
#1246=DIRECTION('',(0.E0,-3.489949670250E-2,-9.993908270191E-1));
#1247=VECTOR('',#1246,4.002438177195E-1);
#1248=CARTESIAN_POINT('',(-4.11E0,-4.236031692203E0,4.E-1));
#1249=LINE('',#1248,#1247);
#1250=CURVE_STYLE('',#65,POSITIVE_LENGTH_MEASURE(2.E-2),#24);
#1251=PRESENTATION_STYLE_ASSIGNMENT((#1250));
#1252=STYLED_ITEM('',(#1251),#1249);
#1253=DIRECTION('',(3.487826274188E-2,3.487826274210E-2,9.987827659587E-1));
#1254=VECTOR('',#1253,5.506702946286E-1);
#1255=CARTESIAN_POINT('',(-6.35E0,-4.25E0,1.221245327088E-14));
#1256=LINE('',#1255,#1254);
#1257=CURVE_STYLE('',#65,POSITIVE_LENGTH_MEASURE(2.E-2),#24);
#1258=PRESENTATION_STYLE_ASSIGNMENT((#1257));
#1259=STYLED_ITEM('',(#1258),#1256);
#1260=DIRECTION('',(1.E0,0.E0,-2.791665708125E-14));
#1261=VECTOR('',#1260,2.24E0);
#1262=CARTESIAN_POINT('',(4.11E0,-4.25E0,0.E0));
#1263=LINE('',#1262,#1261);
#1264=CURVE_STYLE('',#65,POSITIVE_LENGTH_MEASURE(2.E-2),#24);
#1265=PRESENTATION_STYLE_ASSIGNMENT((#1264));
#1266=STYLED_ITEM('',(#1265),#1263);
#1267=DIRECTION('',(-8.682659211224E-2,8.682659265034E-2,-9.924325093985E-1));
#1268=VECTOR('',#1267,1.831289414335E0);
#1269=CARTESIAN_POINT('',(6.35E0,-4.25E0,-6.253331186201E-14));
#1270=LINE('',#1269,#1268);
#1271=CURVE_STYLE('',#65,POSITIVE_LENGTH_MEASURE(2.E-2),#24);
#1272=PRESENTATION_STYLE_ASSIGNMENT((#1271));
#1273=STYLED_ITEM('',(#1272),#1270);
#1274=DIRECTION('',(-8.682659279942E-2,-8.682659036770E-2,9.924325095380E-1));
#1275=VECTOR('',#1274,1.831289414345E0);
#1276=CARTESIAN_POINT('',(-6.190995379723E0,-4.090995384176E0,
-1.817431149169E0));
#1277=LINE('',#1276,#1275);
#1278=CURVE_STYLE('',#65,POSITIVE_LENGTH_MEASURE(2.E-2),#24);
#1279=PRESENTATION_STYLE_ASSIGNMENT((#1278));
#1280=STYLED_ITEM('',(#1279),#1277);
#1281=DIRECTION('',(1.E0,-1.586032892322E-14,0.E0));
#1282=VECTOR('',#1281,2.24E0);
#1283=CARTESIAN_POINT('',(-6.35E0,-4.25E0,1.221245327088E-14));
#1284=LINE('',#1283,#1282);
#1285=CURVE_STYLE('',#65,POSITIVE_LENGTH_MEASURE(2.E-2),#24);
#1286=PRESENTATION_STYLE_ASSIGNMENT((#1285));
#1287=STYLED_ITEM('',(#1286),#1284);
#1288=DIRECTION('',(1.E0,0.E0,0.E0));
#1289=VECTOR('',#1288,6.E-1);
#1290=CARTESIAN_POINT('',(-4.11E0,-4.25E0,0.E0));
#1291=LINE('',#1290,#1289);
#1292=CURVE_STYLE('',#65,POSITIVE_LENGTH_MEASURE(2.E-2),#24);
#1293=PRESENTATION_STYLE_ASSIGNMENT((#1292));
#1294=STYLED_ITEM('',(#1293),#1291);
#1295=DIRECTION('',(1.E0,0.E0,0.E0));
#1296=VECTOR('',#1295,1.94E0);
#1297=CARTESIAN_POINT('',(-3.51E0,-4.25E0,0.E0));
#1298=LINE('',#1297,#1296);
#1299=CURVE_STYLE('',#65,POSITIVE_LENGTH_MEASURE(2.E-2),#24);
#1300=PRESENTATION_STYLE_ASSIGNMENT((#1299));
#1301=STYLED_ITEM('',(#1300),#1298);
#1302=DIRECTION('',(1.E0,0.E0,0.E0));
#1303=VECTOR('',#1302,6.E-1);
#1304=CARTESIAN_POINT('',(-1.57E0,-4.25E0,0.E0));
#1305=LINE('',#1304,#1303);
#1306=CURVE_STYLE('',#65,POSITIVE_LENGTH_MEASURE(2.E-2),#24);
#1307=PRESENTATION_STYLE_ASSIGNMENT((#1306));
#1308=STYLED_ITEM('',(#1307),#1305);
#1309=DIRECTION('',(1.E0,0.E0,0.E0));
#1310=VECTOR('',#1309,4.48E0);
#1311=CARTESIAN_POINT('',(-9.7E-1,-4.25E0,0.E0));
#1312=LINE('',#1311,#1310);
#1313=CURVE_STYLE('',#65,POSITIVE_LENGTH_MEASURE(2.E-2),#24);
#1314=PRESENTATION_STYLE_ASSIGNMENT((#1313));
#1315=STYLED_ITEM('',(#1314),#1312);
#1316=DIRECTION('',(1.E0,0.E0,0.E0));
#1317=VECTOR('',#1316,6.E-1);
#1318=CARTESIAN_POINT('',(3.51E0,-4.25E0,0.E0));
#1319=LINE('',#1318,#1317);
#1320=CURVE_STYLE('',#65,POSITIVE_LENGTH_MEASURE(2.E-2),#24);
#1321=PRESENTATION_STYLE_ASSIGNMENT((#1320));
#1322=STYLED_ITEM('',(#1321),#1319);
#1323=CARTESIAN_POINT('',(6.35E0,-4.25E0,-6.253331186201E-14));
#1324=CARTESIAN_POINT('',(6.393955705059E0,-4.25E0,-5.995300573115E-13));
#1325=CARTESIAN_POINT('',(6.481433719714E0,-4.226675212833E0,
2.015058733503E-13));
#1326=CARTESIAN_POINT('',(6.576634158272E0,-4.131519194913E0,
2.446506991641E-13));
#1327=CARTESIAN_POINT('',(6.6E0,-4.043993783902E0,-6.696617434950E-13));
#1328=CARTESIAN_POINT('',(6.6E0,-4.E0,0.E0));
#1330=CURVE_STYLE('',#65,POSITIVE_LENGTH_MEASURE(2.E-2),#24);
#1331=PRESENTATION_STYLE_ASSIGNMENT((#1330));
#1332=STYLED_ITEM('',(#1331),#1329);
#1333=CARTESIAN_POINT('',(6.190995380982E0,-4.090995379997E0,
-1.817431148904E0));
#1334=CARTESIAN_POINT('',(6.232131671270E0,-4.090735709111E0,
-1.820397296083E0));
#1335=CARTESIAN_POINT('',(6.314912377938E0,-4.069017638996E0,
-1.824395686492E0));
#1336=CARTESIAN_POINT('',(6.408715526680E0,-3.985191508132E0,
-1.825269496274E0));
#1337=CARTESIAN_POINT('',(6.440702457998E0,-3.891286403365E0,
-1.820776314034E0));
#1338=CARTESIAN_POINT('',(6.440995381734E0,-3.840995369138E0,
-1.817431148641E0));
#1340=CURVE_STYLE('',#65,POSITIVE_LENGTH_MEASURE(2.E-2),#24);
#1341=PRESENTATION_STYLE_ASSIGNMENT((#1340));
#1342=STYLED_ITEM('',(#1341),#1339);
#1343=CARTESIAN_POINT('',(6.241756438145E0,-3.840995365360E0,-1.8E0));
#1344=DIRECTION('',(0.E0,1.E0,0.E0));
#1345=DIRECTION('',(9.961946980917E-1,0.E0,-8.715574274766E-2));
#1346=AXIS2_PLACEMENT_3D('',#1343,#1344,#1345);
#1348=CURVE_STYLE('',#65,POSITIVE_LENGTH_MEASURE(2.E-2),#24);
#1349=PRESENTATION_STYLE_ASSIGNMENT((#1348));
#1350=STYLED_ITEM('',(#1349),#1347);
#1351=CARTESIAN_POINT('',(6.190995377763E0,-3.891756438145E0,-1.8E0));
#1352=DIRECTION('',(-1.E0,0.E0,0.E0));
#1353=DIRECTION('',(0.E0,0.E0,-1.E0));
#1354=AXIS2_PLACEMENT_3D('',#1351,#1352,#1353);
#1356=CURVE_STYLE('',#65,POSITIVE_LENGTH_MEASURE(2.E-2),#24);
#1357=PRESENTATION_STYLE_ASSIGNMENT((#1356));
#1358=STYLED_ITEM('',(#1357),#1355);
#1359=CARTESIAN_POINT('',(-6.241756438145E0,-3.840995374963E0,-2.E0));
#1360=CARTESIAN_POINT('',(-6.241758019708E0,-3.866913153362E0,-2.E0));
#1361=CARTESIAN_POINT('',(-6.216912774929E0,-3.891757320937E0,-2.E0));
#1362=CARTESIAN_POINT('',(-6.190995378367E0,-3.891756438145E0,-2.E0));
#1364=CURVE_STYLE('',#65,POSITIVE_LENGTH_MEASURE(2.E-2),#24);
#1365=PRESENTATION_STYLE_ASSIGNMENT((#1364));
#1366=STYLED_ITEM('',(#1365),#1363);
#1367=CARTESIAN_POINT('',(6.190995372683E0,-3.891756438145E0,-2.E0));
#1368=CARTESIAN_POINT('',(6.216912719365E0,-3.891757559838E0,-2.E0));
#1369=CARTESIAN_POINT('',(6.241757941351E0,-3.866912942317E0,-2.E0));
#1370=CARTESIAN_POINT('',(6.241756438145E0,-3.840995375106E0,-2.E0));
#1372=CURVE_STYLE('',#65,POSITIVE_LENGTH_MEASURE(2.E-2),#24);
#1373=PRESENTATION_STYLE_ASSIGNMENT((#1372));
#1374=STYLED_ITEM('',(#1373),#1371);
#1375=CARTESIAN_POINT('',(6.241756438145E0,3.840995375106E0,-2.E0));
#1376=CARTESIAN_POINT('',(6.241757941351E0,3.866912942317E0,-2.E0));
#1377=CARTESIAN_POINT('',(6.216912719365E0,3.891757559838E0,-2.E0));
#1378=CARTESIAN_POINT('',(6.190995372683E0,3.891756438145E0,-2.E0));
#1380=CURVE_STYLE('',#65,POSITIVE_LENGTH_MEASURE(2.E-2),#24);
#1381=PRESENTATION_STYLE_ASSIGNMENT((#1380));
#1382=STYLED_ITEM('',(#1381),#1379);
#1383=CARTESIAN_POINT('',(-6.190995378367E0,3.891756438145E0,-2.E0));
#1384=CARTESIAN_POINT('',(-6.216912774929E0,3.891757320937E0,-2.E0));
#1385=CARTESIAN_POINT('',(-6.241758019708E0,3.866913153362E0,-2.E0));
#1386=CARTESIAN_POINT('',(-6.241756438145E0,3.840995374963E0,-2.E0));
#1388=CURVE_STYLE('',#65,POSITIVE_LENGTH_MEASURE(2.E-2),#24);
#1389=PRESENTATION_STYLE_ASSIGNMENT((#1388));
#1390=STYLED_ITEM('',(#1389),#1387);
#1391=DIRECTION('',(0.E0,1.E0,0.E0));
#1392=VECTOR('',#1391,7.681990749927E0);
#1393=CARTESIAN_POINT('',(-6.241756438145E0,-3.840995374963E0,-2.E0));
#1394=LINE('',#1393,#1392);
#1395=CURVE_STYLE('',#65,POSITIVE_LENGTH_MEASURE(2.E-2),#24);
#1396=PRESENTATION_STYLE_ASSIGNMENT((#1395));
#1397=STYLED_ITEM('',(#1396),#1394);
#1398=DIRECTION('',(0.E0,-1.E0,0.E0));
#1399=VECTOR('',#1398,7.681990759074E0);
#1400=CARTESIAN_POINT('',(-6.440995378102E0,3.840995379537E0,
-1.817431148667E0));
#1401=LINE('',#1400,#1399);
#1402=CURVE_STYLE('',#65,POSITIVE_LENGTH_MEASURE(2.E-2),#24);
#1403=PRESENTATION_STYLE_ASSIGNMENT((#1402));
#1404=STYLED_ITEM('',(#1403),#1401);
#1405=CARTESIAN_POINT('',(-6.241756438145E0,3.840995377763E0,-1.8E0));
#1406=DIRECTION('',(0.E0,-1.E0,0.E0));
#1407=DIRECTION('',(-9.961946980917E-1,0.E0,-8.715574274766E-2));
#1408=AXIS2_PLACEMENT_3D('',#1405,#1406,#1407);
#1410=CURVE_STYLE('',#65,POSITIVE_LENGTH_MEASURE(2.E-2),#24);
#1411=PRESENTATION_STYLE_ASSIGNMENT((#1410));
#1412=STYLED_ITEM('',(#1411),#1409);
#1413=CARTESIAN_POINT('',(-6.190995380582E0,3.891756438145E0,-1.8E0));
#1414=DIRECTION('',(1.E0,0.E0,0.E0));
#1415=DIRECTION('',(0.E0,0.E0,-1.E0));
#1416=AXIS2_PLACEMENT_3D('',#1413,#1414,#1415);
#1418=CURVE_STYLE('',#65,POSITIVE_LENGTH_MEASURE(2.E-2),#24);
#1419=PRESENTATION_STYLE_ASSIGNMENT((#1418));
#1420=STYLED_ITEM('',(#1419),#1417);
#1421=CARTESIAN_POINT('',(-6.440995378102E0,3.840995379537E0,
-1.817431148667E0));
#1422=CARTESIAN_POINT('',(-6.440752751447E0,3.882000684206E0,
-1.820204384032E0));
#1423=CARTESIAN_POINT('',(-6.419040292919E0,3.965057380549E0,
-1.824511700911E0));
#1424=CARTESIAN_POINT('',(-6.334702375070E0,4.059116782796E0,
-1.825171888020E0));
#1425=CARTESIAN_POINT('',(-6.240848303268E0,4.090692797921E0,
-1.820889725891E0));
#1426=CARTESIAN_POINT('',(-6.190995379723E0,4.090995384176E0,
-1.817431149169E0));
#1428=CURVE_STYLE('',#65,POSITIVE_LENGTH_MEASURE(2.E-2),#24);
#1429=PRESENTATION_STYLE_ASSIGNMENT((#1428));
#1430=STYLED_ITEM('',(#1429),#1427);
#1431=CARTESIAN_POINT('',(-6.35E0,4.25E0,-8.096301407079E-14));
#1432=CARTESIAN_POINT('',(-6.393955705059E0,4.25E0,-1.070878497671E-12));
#1433=CARTESIAN_POINT('',(-6.481433719714E0,4.226675212833E0,
3.603598006087E-13));
#1434=CARTESIAN_POINT('',(-6.576634158272E0,4.131519194913E0,
3.956846142987E-13));
#1435=CARTESIAN_POINT('',(-6.6E0,4.043993783902E0,-1.131529543994E-12));
#1436=CARTESIAN_POINT('',(-6.6E0,4.E0,1.215694211965E-14));
#1438=CURVE_STYLE('',#65,POSITIVE_LENGTH_MEASURE(2.E-2),#24);
#1439=PRESENTATION_STYLE_ASSIGNMENT((#1438));
#1440=STYLED_ITEM('',(#1439),#1437);
#1441=DIRECTION('',(3.487826274160E-2,-3.487826274208E-2,9.987827659588E-1));
#1442=VECTOR('',#1441,5.506702946287E-1);
#1443=CARTESIAN_POINT('',(-6.35E0,4.25E0,-8.096301407079E-14));
#1444=LINE('',#1443,#1442);
#1445=CURVE_STYLE('',#65,POSITIVE_LENGTH_MEASURE(2.E-2),#24);
#1446=PRESENTATION_STYLE_ASSIGNMENT((#1445));
#1447=STYLED_ITEM('',(#1446),#1444);
#1448=DIRECTION('',(-1.E0,3.375317944475E-10,-2.139577644939E-11));
#1449=VECTOR('',#1448,1.238199076071E1);
#1450=CARTESIAN_POINT('',(6.190995380982E0,4.090995379997E0,-1.817431148904E0));
#1451=LINE('',#1450,#1449);
#1452=CURVE_STYLE('',#65,POSITIVE_LENGTH_MEASURE(2.E-2),#24);
#1453=PRESENTATION_STYLE_ASSIGNMENT((#1452));
#1454=STYLED_ITEM('',(#1453),#1451);
#1455=DIRECTION('',(1.E0,-1.940336310690E-14,0.E0));
#1456=VECTOR('',#1455,1.238199075105E1);
#1457=CARTESIAN_POINT('',(-6.190995378367E0,3.891756438145E0,-2.E0));
#1458=LINE('',#1457,#1456);
#1459=CURVE_STYLE('',#65,POSITIVE_LENGTH_MEASURE(2.E-2),#24);
#1460=PRESENTATION_STYLE_ASSIGNMENT((#1459));
#1461=STYLED_ITEM('',(#1460),#1458);
#1462=CARTESIAN_POINT('',(-6.440995378102E0,-3.840995379537E0,
-1.817431148667E0));
#1463=CARTESIAN_POINT('',(-6.440735419715E0,-3.882135911946E0,
-1.820400302891E0));
#1464=CARTESIAN_POINT('',(-6.419078901748E0,-3.964962583064E0,
-1.824402539694E0));
#1465=CARTESIAN_POINT('',(-6.334676869003E0,-4.059096173875E0,
-1.825255478838E0));
#1466=CARTESIAN_POINT('',(-6.241024253232E0,-4.090703062730E0,
-1.820770268993E0));
#1467=CARTESIAN_POINT('',(-6.190995379723E0,-4.090995384176E0,
-1.817431149169E0));
#1469=CURVE_STYLE('',#65,POSITIVE_LENGTH_MEASURE(2.E-2),#24);
#1470=PRESENTATION_STYLE_ASSIGNMENT((#1469));
#1471=STYLED_ITEM('',(#1470),#1468);
#1472=CARTESIAN_POINT('',(-6.190995380582E0,-3.891756438145E0,-1.8E0));
#1473=DIRECTION('',(1.E0,0.E0,0.E0));
#1474=DIRECTION('',(0.E0,-9.961946980917E-1,-8.715574274766E-2));
#1475=AXIS2_PLACEMENT_3D('',#1472,#1473,#1474);
#1477=CURVE_STYLE('',#65,POSITIVE_LENGTH_MEASURE(2.E-2),#24);
#1478=PRESENTATION_STYLE_ASSIGNMENT((#1477));
#1479=STYLED_ITEM('',(#1478),#1476);
#1480=CARTESIAN_POINT('',(-6.241756438145E0,-3.840995377763E0,-1.8E0));
#1481=DIRECTION('',(0.E0,1.E0,0.E0));
#1482=DIRECTION('',(0.E0,0.E0,-1.E0));
#1483=AXIS2_PLACEMENT_3D('',#1480,#1481,#1482);
#1485=CURVE_STYLE('',#65,POSITIVE_LENGTH_MEASURE(2.E-2),#24);
#1486=PRESENTATION_STYLE_ASSIGNMENT((#1485));
#1487=STYLED_ITEM('',(#1486),#1484);
#1488=CARTESIAN_POINT('',(-6.35E0,-4.25E0,1.221245327088E-14));
#1489=CARTESIAN_POINT('',(-6.393942148137E0,-4.25E0,-1.251036676100E-12));
#1490=CARTESIAN_POINT('',(-6.481440046279E0,-4.226673418376E0,
4.312425684022E-13));
#1491=CARTESIAN_POINT('',(-6.576632350682E0,-4.131525475509E0,
2.692843539703E-13));
#1492=CARTESIAN_POINT('',(-6.6E0,-4.043980325482E0,-9.815504079233E-13));
#1493=CARTESIAN_POINT('',(-6.6E0,-4.E0,-1.174060848541E-13));
#1495=CURVE_STYLE('',#65,POSITIVE_LENGTH_MEASURE(2.E-2),#24);
#1496=PRESENTATION_STYLE_ASSIGNMENT((#1495));
#1497=STYLED_ITEM('',(#1496),#1494);
#1498=DIRECTION('',(3.487826274208E-2,3.487826274162E-2,9.987827659588E-1));
#1499=VECTOR('',#1498,5.506702946287E-1);
#1500=CARTESIAN_POINT('',(-6.6E0,-4.E0,-1.174060848541E-13));
#1501=LINE('',#1500,#1499);
#1502=CURVE_STYLE('',#65,POSITIVE_LENGTH_MEASURE(2.E-2),#24);
#1503=PRESENTATION_STYLE_ASSIGNMENT((#1502));
#1504=STYLED_ITEM('',(#1503),#1501);
#1505=DIRECTION('',(1.E0,3.375319379104E-10,2.139391143113E-11));
#1506=VECTOR('',#1505,1.238199076071E1);
#1507=CARTESIAN_POINT('',(-6.190995379723E0,-4.090995384176E0,
-1.817431149169E0));
#1508=LINE('',#1507,#1506);
#1509=CURVE_STYLE('',#65,POSITIVE_LENGTH_MEASURE(2.E-2),#24);
#1510=PRESENTATION_STYLE_ASSIGNMENT((#1509));
#1511=STYLED_ITEM('',(#1510),#1508);
#1512=DIRECTION('',(-1.E0,-1.233781314006E-14,0.E0));
#1513=VECTOR('',#1512,1.238199075105E1);
#1514=CARTESIAN_POINT('',(6.190995372683E0,-3.891756438145E0,-2.E0));
#1515=LINE('',#1514,#1513);
#1516=CURVE_STYLE('',#65,POSITIVE_LENGTH_MEASURE(2.E-2),#24);
#1517=PRESENTATION_STYLE_ASSIGNMENT((#1516));
#1518=STYLED_ITEM('',(#1517),#1515);
#1519=DIRECTION('',(-3.487826274160E-2,3.487826274214E-2,9.987827659588E-1));
#1520=VECTOR('',#1519,5.506702946287E-1);
#1521=CARTESIAN_POINT('',(6.35E0,-4.25E0,-6.253331186201E-14));
#1522=LINE('',#1521,#1520);
#1523=CURVE_STYLE('',#65,POSITIVE_LENGTH_MEASURE(2.E-2),#24);
#1524=PRESENTATION_STYLE_ASSIGNMENT((#1523));
#1525=STYLED_ITEM('',(#1524),#1522);
#1526=DIRECTION('',(-1.E0,0.E0,0.E0));
#1527=VECTOR('',#1526,6.E-1);
#1528=CARTESIAN_POINT('',(-3.51E0,-4.45E0,0.E0));
#1529=LINE('',#1528,#1527);
#1530=CURVE_STYLE('',#65,POSITIVE_LENGTH_MEASURE(2.E-2),#24);
#1531=PRESENTATION_STYLE_ASSIGNMENT((#1530));
#1532=STYLED_ITEM('',(#1531),#1529);
#1533=DIRECTION('',(-1.E0,0.E0,0.E0));
#1534=VECTOR('',#1533,6.E-1);
#1535=CARTESIAN_POINT('',(-9.7E-1,-4.45E0,0.E0));
#1536=LINE('',#1535,#1534);
#1537=CURVE_STYLE('',#65,POSITIVE_LENGTH_MEASURE(2.E-2),#24);
#1538=PRESENTATION_STYLE_ASSIGNMENT((#1537));
#1539=STYLED_ITEM('',(#1538),#1536);
#1540=DIRECTION('',(-1.E0,0.E0,0.E0));
#1541=VECTOR('',#1540,6.E-1);
#1542=CARTESIAN_POINT('',(4.11E0,-4.45E0,0.E0));
#1543=LINE('',#1542,#1541);
#1544=CURVE_STYLE('',#65,POSITIVE_LENGTH_MEASURE(2.E-2),#24);
#1545=PRESENTATION_STYLE_ASSIGNMENT((#1544));
#1546=STYLED_ITEM('',(#1545),#1543);
#1547=DIRECTION('',(0.E0,1.E0,0.E0));
#1548=VECTOR('',#1547,2.E-1);
#1549=CARTESIAN_POINT('',(4.11E0,-4.45E0,0.E0));
#1550=LINE('',#1549,#1548);
#1551=CURVE_STYLE('',#65,POSITIVE_LENGTH_MEASURE(2.E-2),#24);
#1552=PRESENTATION_STYLE_ASSIGNMENT((#1551));
#1553=STYLED_ITEM('',(#1552),#1550);
#1554=CARTESIAN_POINT('',(-3.51E0,-4.45E0,-2.5E-1));
#1555=DIRECTION('',(1.E0,0.E0,0.E0));
#1556=DIRECTION('',(0.E0,0.E0,1.E0));
#1557=AXIS2_PLACEMENT_3D('',#1554,#1555,#1556);
#1559=CURVE_STYLE('',#65,POSITIVE_LENGTH_MEASURE(2.E-2),#24);
#1560=PRESENTATION_STYLE_ASSIGNMENT((#1559));
#1561=STYLED_ITEM('',(#1560),#1558);
#1562=DIRECTION('',(-1.E0,0.E0,0.E0));
#1563=VECTOR('',#1562,6.E-1);
#1564=CARTESIAN_POINT('',(-3.51E0,-4.699657383689E0,-2.369160109393E-1));
#1565=LINE('',#1564,#1563);
#1566=CURVE_STYLE('',#65,POSITIVE_LENGTH_MEASURE(2.E-2),#24);
#1567=PRESENTATION_STYLE_ASSIGNMENT((#1566));
#1568=STYLED_ITEM('',(#1567),#1565);
#1569=CARTESIAN_POINT('',(-1.57E0,-4.45E0,-2.5E-1));
#1570=DIRECTION('',(1.E0,0.E0,0.E0));
#1571=DIRECTION('',(0.E0,0.E0,1.E0));
#1572=AXIS2_PLACEMENT_3D('',#1569,#1570,#1571);
#1574=CURVE_STYLE('',#65,POSITIVE_LENGTH_MEASURE(2.E-2),#24);
#1575=PRESENTATION_STYLE_ASSIGNMENT((#1574));
#1576=STYLED_ITEM('',(#1575),#1573);
#1577=DIRECTION('',(-1.E0,0.E0,0.E0));
#1578=VECTOR('',#1577,6.E-1);
#1579=CARTESIAN_POINT('',(-9.7E-1,-4.699657383689E0,-2.369160109393E-1));
#1580=LINE('',#1579,#1578);
#1581=CURVE_STYLE('',#65,POSITIVE_LENGTH_MEASURE(2.E-2),#24);
#1582=PRESENTATION_STYLE_ASSIGNMENT((#1581));
#1583=STYLED_ITEM('',(#1582),#1580);
#1584=CARTESIAN_POINT('',(-9.7E-1,-4.45E0,-2.5E-1));
#1585=DIRECTION('',(1.E0,0.E0,0.E0));
#1586=DIRECTION('',(0.E0,0.E0,1.E0));
#1587=AXIS2_PLACEMENT_3D('',#1584,#1585,#1586);
#1589=CURVE_STYLE('',#65,POSITIVE_LENGTH_MEASURE(2.E-2),#24);
#1590=PRESENTATION_STYLE_ASSIGNMENT((#1589));
#1591=STYLED_ITEM('',(#1590),#1588);
#1592=CARTESIAN_POINT('',(3.51E0,-4.45E0,-2.5E-1));
#1593=DIRECTION('',(1.E0,0.E0,0.E0));
#1594=DIRECTION('',(0.E0,0.E0,1.E0));
#1595=AXIS2_PLACEMENT_3D('',#1592,#1593,#1594);
#1597=CURVE_STYLE('',#65,POSITIVE_LENGTH_MEASURE(2.E-2),#24);
#1598=PRESENTATION_STYLE_ASSIGNMENT((#1597));
#1599=STYLED_ITEM('',(#1598),#1596);
#1600=DIRECTION('',(-1.E0,0.E0,0.E0));
#1601=VECTOR('',#1600,6.E-1);
#1602=CARTESIAN_POINT('',(4.11E0,-4.699657383689E0,-2.369160109393E-1));
#1603=LINE('',#1602,#1601);
#1604=CURVE_STYLE('',#65,POSITIVE_LENGTH_MEASURE(2.E-2),#24);
#1605=PRESENTATION_STYLE_ASSIGNMENT((#1604));
#1606=STYLED_ITEM('',(#1605),#1603);
#1607=DIRECTION('',(0.E0,5.233595624291E-2,9.986295347546E-1));
#1608=VECTOR('',#1607,1.636260810131E0);
#1609=CARTESIAN_POINT('',(-3.51E0,-4.785292657850E0,-1.870934382497E0));
#1610=LINE('',#1609,#1608);
#1611=CURVE_STYLE('',#65,POSITIVE_LENGTH_MEASURE(2.E-2),#24);
#1612=PRESENTATION_STYLE_ASSIGNMENT((#1611));
#1613=STYLED_ITEM('',(#1612),#1610);
#1614=DIRECTION('',(-1.E0,0.E0,0.E0));
#1615=VECTOR('',#1614,6.E-1);
#1616=CARTESIAN_POINT('',(-3.51E0,-4.785292657850E0,-1.870934382497E0));
#1617=LINE('',#1616,#1615);
#1618=CURVE_STYLE('',#65,POSITIVE_LENGTH_MEASURE(2.E-2),#24);
#1619=PRESENTATION_STYLE_ASSIGNMENT((#1618));
#1620=STYLED_ITEM('',(#1619),#1617);
#1621=DIRECTION('',(0.E0,5.233595624291E-2,9.986295347546E-1));
#1622=VECTOR('',#1621,1.636260810131E0);
#1623=CARTESIAN_POINT('',(-1.57E0,-4.785292657850E0,-1.870934382497E0));
#1624=LINE('',#1623,#1622);
#1625=CURVE_STYLE('',#65,POSITIVE_LENGTH_MEASURE(2.E-2),#24);
#1626=PRESENTATION_STYLE_ASSIGNMENT((#1625));
#1627=STYLED_ITEM('',(#1626),#1624);
#1628=DIRECTION('',(-1.E0,0.E0,0.E0));
#1629=VECTOR('',#1628,6.E-1);
#1630=CARTESIAN_POINT('',(-9.7E-1,-4.785292657850E0,-1.870934382497E0));
#1631=LINE('',#1630,#1629);
#1632=CURVE_STYLE('',#65,POSITIVE_LENGTH_MEASURE(2.E-2),#24);
#1633=PRESENTATION_STYLE_ASSIGNMENT((#1632));
#1634=STYLED_ITEM('',(#1633),#1631);
#1635=DIRECTION('',(0.E0,5.233595624291E-2,9.986295347546E-1));
#1636=VECTOR('',#1635,1.636260810131E0);
#1637=CARTESIAN_POINT('',(-9.7E-1,-4.785292657850E0,-1.870934382497E0));
#1638=LINE('',#1637,#1636);
#1639=CURVE_STYLE('',#65,POSITIVE_LENGTH_MEASURE(2.E-2),#24);
#1640=PRESENTATION_STYLE_ASSIGNMENT((#1639));
#1641=STYLED_ITEM('',(#1640),#1638);
#1642=DIRECTION('',(0.E0,5.233595624291E-2,9.986295347546E-1));
#1643=VECTOR('',#1642,1.636260810131E0);
#1644=CARTESIAN_POINT('',(3.51E0,-4.785292657850E0,-1.870934382497E0));
#1645=LINE('',#1644,#1643);
#1646=CURVE_STYLE('',#65,POSITIVE_LENGTH_MEASURE(2.E-2),#24);
#1647=PRESENTATION_STYLE_ASSIGNMENT((#1646));
#1648=STYLED_ITEM('',(#1647),#1645);
#1649=DIRECTION('',(-1.E0,0.E0,0.E0));
#1650=VECTOR('',#1649,6.E-1);
#1651=CARTESIAN_POINT('',(4.11E0,-4.785292657850E0,-1.870934382497E0));
#1652=LINE('',#1651,#1650);
#1653=CURVE_STYLE('',#65,POSITIVE_LENGTH_MEASURE(2.E-2),#24);
#1654=PRESENTATION_STYLE_ASSIGNMENT((#1653));
#1655=STYLED_ITEM('',(#1654),#1652);
#1656=CARTESIAN_POINT('',(-3.51E0,-5.184744471751E0,-1.85E0));
#1657=DIRECTION('',(1.E0,0.E0,0.E0));
#1658=DIRECTION('',(0.E0,0.E0,-1.E0));
#1659=AXIS2_PLACEMENT_3D('',#1656,#1657,#1658);
#1661=CURVE_STYLE('',#65,POSITIVE_LENGTH_MEASURE(2.E-2),#24);
#1662=PRESENTATION_STYLE_ASSIGNMENT((#1661));
#1663=STYLED_ITEM('',(#1662),#1660);
#1664=DIRECTION('',(-1.E0,0.E0,0.E0));
#1665=VECTOR('',#1664,6.E-1);
#1666=CARTESIAN_POINT('',(-3.51E0,-5.184744471751E0,-2.25E0));
#1667=LINE('',#1666,#1665);
#1668=CURVE_STYLE('',#65,POSITIVE_LENGTH_MEASURE(2.E-2),#24);
#1669=PRESENTATION_STYLE_ASSIGNMENT((#1668));
#1670=STYLED_ITEM('',(#1669),#1667);
#1671=CARTESIAN_POINT('',(-1.57E0,-5.184744471751E0,-1.85E0));
#1672=DIRECTION('',(1.E0,0.E0,0.E0));
#1673=DIRECTION('',(0.E0,0.E0,-1.E0));
#1674=AXIS2_PLACEMENT_3D('',#1671,#1672,#1673);
#1676=CURVE_STYLE('',#65,POSITIVE_LENGTH_MEASURE(2.E-2),#24);
#1677=PRESENTATION_STYLE_ASSIGNMENT((#1676));
#1678=STYLED_ITEM('',(#1677),#1675);
#1679=DIRECTION('',(-1.E0,0.E0,0.E0));
#1680=VECTOR('',#1679,6.E-1);
#1681=CARTESIAN_POINT('',(-9.7E-1,-5.184744471751E0,-2.25E0));
#1682=LINE('',#1681,#1680);
#1683=CURVE_STYLE('',#65,POSITIVE_LENGTH_MEASURE(2.E-2),#24);
#1684=PRESENTATION_STYLE_ASSIGNMENT((#1683));
#1685=STYLED_ITEM('',(#1684),#1682);
#1686=CARTESIAN_POINT('',(-9.7E-1,-5.184744471751E0,-1.85E0));
#1687=DIRECTION('',(1.E0,0.E0,0.E0));
#1688=DIRECTION('',(0.E0,0.E0,-1.E0));
#1689=AXIS2_PLACEMENT_3D('',#1686,#1687,#1688);
#1691=CURVE_STYLE('',#65,POSITIVE_LENGTH_MEASURE(2.E-2),#24);
#1692=PRESENTATION_STYLE_ASSIGNMENT((#1691));
#1693=STYLED_ITEM('',(#1692),#1690);
#1694=CARTESIAN_POINT('',(3.51E0,-5.184744471751E0,-1.85E0));
#1695=DIRECTION('',(1.E0,0.E0,0.E0));
#1696=DIRECTION('',(0.E0,0.E0,-1.E0));
#1697=AXIS2_PLACEMENT_3D('',#1694,#1695,#1696);
#1699=CURVE_STYLE('',#65,POSITIVE_LENGTH_MEASURE(2.E-2),#24);
#1700=PRESENTATION_STYLE_ASSIGNMENT((#1699));
#1701=STYLED_ITEM('',(#1700),#1698);
#1702=DIRECTION('',(-1.E0,0.E0,0.E0));
#1703=VECTOR('',#1702,6.E-1);
#1704=CARTESIAN_POINT('',(4.11E0,-5.184744471751E0,-2.25E0));
#1705=LINE('',#1704,#1703);
#1706=CURVE_STYLE('',#65,POSITIVE_LENGTH_MEASURE(2.E-2),#24);
#1707=PRESENTATION_STYLE_ASSIGNMENT((#1706));
#1708=STYLED_ITEM('',(#1707),#1705);
#1709=DIRECTION('',(0.E0,1.E0,0.E0));
#1710=VECTOR('',#1709,5.152555282485E-1);
#1711=CARTESIAN_POINT('',(-3.51E0,-5.7E0,-2.25E0));
#1712=LINE('',#1711,#1710);
#1713=CURVE_STYLE('',#65,POSITIVE_LENGTH_MEASURE(2.E-2),#24);
#1714=PRESENTATION_STYLE_ASSIGNMENT((#1713));
#1715=STYLED_ITEM('',(#1714),#1712);
#1716=DIRECTION('',(-1.E0,0.E0,0.E0));
#1717=VECTOR('',#1716,6.E-1);
#1718=CARTESIAN_POINT('',(-3.51E0,-5.7E0,-2.25E0));
#1719=LINE('',#1718,#1717);
#1720=CURVE_STYLE('',#65,POSITIVE_LENGTH_MEASURE(2.E-2),#24);
#1721=PRESENTATION_STYLE_ASSIGNMENT((#1720));
#1722=STYLED_ITEM('',(#1721),#1719);
#1723=DIRECTION('',(0.E0,1.E0,0.E0));
#1724=VECTOR('',#1723,5.152555282485E-1);
#1725=CARTESIAN_POINT('',(-1.57E0,-5.7E0,-2.25E0));
#1726=LINE('',#1725,#1724);
#1727=CURVE_STYLE('',#65,POSITIVE_LENGTH_MEASURE(2.E-2),#24);
#1728=PRESENTATION_STYLE_ASSIGNMENT((#1727));
#1729=STYLED_ITEM('',(#1728),#1726);
#1730=DIRECTION('',(-1.E0,0.E0,0.E0));
#1731=VECTOR('',#1730,6.E-1);
#1732=CARTESIAN_POINT('',(-9.7E-1,-5.7E0,-2.25E0));
#1733=LINE('',#1732,#1731);
#1734=CURVE_STYLE('',#65,POSITIVE_LENGTH_MEASURE(2.E-2),#24);
#1735=PRESENTATION_STYLE_ASSIGNMENT((#1734));
#1736=STYLED_ITEM('',(#1735),#1733);
#1737=DIRECTION('',(0.E0,1.E0,0.E0));
#1738=VECTOR('',#1737,5.152555282485E-1);
#1739=CARTESIAN_POINT('',(-9.7E-1,-5.7E0,-2.25E0));
#1740=LINE('',#1739,#1738);
#1741=CURVE_STYLE('',#65,POSITIVE_LENGTH_MEASURE(2.E-2),#24);
#1742=PRESENTATION_STYLE_ASSIGNMENT((#1741));
#1743=STYLED_ITEM('',(#1742),#1740);
#1744=DIRECTION('',(0.E0,1.E0,0.E0));
#1745=VECTOR('',#1744,5.152555282485E-1);
#1746=CARTESIAN_POINT('',(3.51E0,-5.7E0,-2.25E0));
#1747=LINE('',#1746,#1745);
#1748=CURVE_STYLE('',#65,POSITIVE_LENGTH_MEASURE(2.E-2),#24);
#1749=PRESENTATION_STYLE_ASSIGNMENT((#1748));
#1750=STYLED_ITEM('',(#1749),#1747);
#1751=DIRECTION('',(-1.E0,0.E0,0.E0));
#1752=VECTOR('',#1751,6.E-1);
#1753=CARTESIAN_POINT('',(4.11E0,-5.7E0,-2.25E0));
#1754=LINE('',#1753,#1752);
#1755=CURVE_STYLE('',#65,POSITIVE_LENGTH_MEASURE(2.E-2),#24);
#1756=PRESENTATION_STYLE_ASSIGNMENT((#1755));
#1757=STYLED_ITEM('',(#1756),#1754);
#1758=DIRECTION('',(0.E0,0.E0,-1.E0));
#1759=VECTOR('',#1758,4.E-1);
#1760=CARTESIAN_POINT('',(-3.51E0,-5.7E0,-1.85E0));
#1761=LINE('',#1760,#1759);
#1762=CURVE_STYLE('',#65,POSITIVE_LENGTH_MEASURE(2.E-2),#24);
#1763=PRESENTATION_STYLE_ASSIGNMENT((#1762));
#1764=STYLED_ITEM('',(#1763),#1761);
#1765=DIRECTION('',(-1.E0,0.E0,0.E0));
#1766=VECTOR('',#1765,6.E-1);
#1767=CARTESIAN_POINT('',(-3.51E0,-5.7E0,-1.85E0));
#1768=LINE('',#1767,#1766);
#1769=CURVE_STYLE('',#65,POSITIVE_LENGTH_MEASURE(2.E-2),#24);
#1770=PRESENTATION_STYLE_ASSIGNMENT((#1769));
#1771=STYLED_ITEM('',(#1770),#1768);
#1772=DIRECTION('',(0.E0,0.E0,-1.E0));
#1773=VECTOR('',#1772,4.E-1);
#1774=CARTESIAN_POINT('',(-1.57E0,-5.7E0,-1.85E0));
#1775=LINE('',#1774,#1773);
#1776=CURVE_STYLE('',#65,POSITIVE_LENGTH_MEASURE(2.E-2),#24);
#1777=PRESENTATION_STYLE_ASSIGNMENT((#1776));
#1778=STYLED_ITEM('',(#1777),#1775);
#1779=DIRECTION('',(-1.E0,0.E0,0.E0));
#1780=VECTOR('',#1779,6.E-1);
#1781=CARTESIAN_POINT('',(-9.7E-1,-5.7E0,-1.85E0));
#1782=LINE('',#1781,#1780);
#1783=CURVE_STYLE('',#65,POSITIVE_LENGTH_MEASURE(2.E-2),#24);
#1784=PRESENTATION_STYLE_ASSIGNMENT((#1783));
#1785=STYLED_ITEM('',(#1784),#1782);
#1786=DIRECTION('',(0.E0,0.E0,-1.E0));
#1787=VECTOR('',#1786,4.E-1);
#1788=CARTESIAN_POINT('',(-9.7E-1,-5.7E0,-1.85E0));
#1789=LINE('',#1788,#1787);
#1790=CURVE_STYLE('',#65,POSITIVE_LENGTH_MEASURE(2.E-2),#24);
#1791=PRESENTATION_STYLE_ASSIGNMENT((#1790));
#1792=STYLED_ITEM('',(#1791),#1789);
#1793=DIRECTION('',(0.E0,0.E0,-1.E0));
#1794=VECTOR('',#1793,4.E-1);
#1795=CARTESIAN_POINT('',(3.51E0,-5.7E0,-1.85E0));
#1796=LINE('',#1795,#1794);
#1797=CURVE_STYLE('',#65,POSITIVE_LENGTH_MEASURE(2.E-2),#24);
#1798=PRESENTATION_STYLE_ASSIGNMENT((#1797));
#1799=STYLED_ITEM('',(#1798),#1796);
#1800=DIRECTION('',(-1.E0,0.E0,0.E0));
#1801=VECTOR('',#1800,6.E-1);
#1802=CARTESIAN_POINT('',(4.11E0,-5.7E0,-1.85E0));
#1803=LINE('',#1802,#1801);
#1804=CURVE_STYLE('',#65,POSITIVE_LENGTH_MEASURE(2.E-2),#24);
#1805=PRESENTATION_STYLE_ASSIGNMENT((#1804));
#1806=STYLED_ITEM('',(#1805),#1803);
#1807=DIRECTION('',(0.E0,1.E0,0.E0));
#1808=VECTOR('',#1807,2.E-1);
#1809=CARTESIAN_POINT('',(-1.57E0,-4.45E0,0.E0));
#1810=LINE('',#1809,#1808);
#1811=CURVE_STYLE('',#65,POSITIVE_LENGTH_MEASURE(2.E-2),#24);
#1812=PRESENTATION_STYLE_ASSIGNMENT((#1811));
#1813=STYLED_ITEM('',(#1812),#1810);
#1814=DIRECTION('',(0.E0,-1.E0,0.E0));
#1815=VECTOR('',#1814,2.139683077967E-1);
#1816=CARTESIAN_POINT('',(-1.57E0,-4.236031692203E0,4.E-1));
#1817=LINE('',#1816,#1815);
#1818=CURVE_STYLE('',#65,POSITIVE_LENGTH_MEASURE(2.E-2),#24);
#1819=PRESENTATION_STYLE_ASSIGNMENT((#1818));
#1820=STYLED_ITEM('',(#1819),#1817);
#1821=CARTESIAN_POINT('',(-1.57E0,-5.279640928423E0,-1.75E0));
#1822=DIRECTION('',(1.E0,0.E0,0.E0));
#1823=DIRECTION('',(0.E0,0.E0,-1.E0));
#1824=AXIS2_PLACEMENT_3D('',#1821,#1822,#1823);
#1826=CURVE_STYLE('',#65,POSITIVE_LENGTH_MEASURE(2.E-2),#24);
#1827=PRESENTATION_STYLE_ASSIGNMENT((#1826));
#1828=STYLED_ITEM('',(#1827),#1825);
#1829=CARTESIAN_POINT('',(-9.7E-1,-5.279640928423E0,-1.75E0));
#1830=DIRECTION('',(-1.E0,0.E0,0.E0));
#1831=DIRECTION('',(0.E0,9.986295347546E-1,-5.233595624291E-2));
#1832=AXIS2_PLACEMENT_3D('',#1829,#1830,#1831);
#1834=CURVE_STYLE('',#65,POSITIVE_LENGTH_MEASURE(2.E-2),#24);
#1835=PRESENTATION_STYLE_ASSIGNMENT((#1834));
#1836=STYLED_ITEM('',(#1835),#1833);
#1837=DIRECTION('',(0.E0,1.E0,0.E0));
#1838=VECTOR('',#1837,2.139683077967E-1);
#1839=CARTESIAN_POINT('',(-9.7E-1,-4.45E0,4.E-1));
#1840=LINE('',#1839,#1838);
#1841=CURVE_STYLE('',#65,POSITIVE_LENGTH_MEASURE(2.E-2),#24);
#1842=PRESENTATION_STYLE_ASSIGNMENT((#1841));
#1843=STYLED_ITEM('',(#1842),#1840);
#1844=DIRECTION('',(0.E0,-3.489949670250E-2,-9.993908270191E-1));
#1845=VECTOR('',#1844,4.002438177195E-1);
#1846=CARTESIAN_POINT('',(-9.7E-1,-4.236031692203E0,4.E-1));
#1847=LINE('',#1846,#1845);
#1848=CURVE_STYLE('',#65,POSITIVE_LENGTH_MEASURE(2.E-2),#24);
#1849=PRESENTATION_STYLE_ASSIGNMENT((#1848));
#1850=STYLED_ITEM('',(#1849),#1847);
#1851=DIRECTION('',(0.E0,-1.E0,0.E0));
#1852=VECTOR('',#1851,2.E-1);
#1853=CARTESIAN_POINT('',(-9.7E-1,-4.25E0,0.E0));
#1854=LINE('',#1853,#1852);
#1855=CURVE_STYLE('',#65,POSITIVE_LENGTH_MEASURE(2.E-2),#24);
#1856=PRESENTATION_STYLE_ASSIGNMENT((#1855));
#1857=STYLED_ITEM('',(#1856),#1854);
#1858=DIRECTION('',(-1.237101730400E-14,1.E0,0.E0));
#1859=VECTOR('',#1858,6.317968766264E0);
#1860=CARTESIAN_POINT('',(-6.1E0,-2.567968766264E0,5.500000000005E-1));
#1861=LINE('',#1860,#1859);
#1862=CURVE_STYLE('',#65,POSITIVE_LENGTH_MEASURE(2.E-2),#24);
#1863=PRESENTATION_STYLE_ASSIGNMENT((#1862));
#1864=STYLED_ITEM('',(#1863),#1861);
#1865=DIRECTION('',(1.288846405809E-14,-1.E0,0.E0));
#1866=VECTOR('',#1865,6.271052611732E0);
#1867=CARTESIAN_POINT('',(-6.066825268983E0,3.716825268983E0,1.5E0));
#1868=LINE('',#1867,#1866);
#1869=CURVE_STYLE('',#65,POSITIVE_LENGTH_MEASURE(2.E-2),#24);
#1870=PRESENTATION_STYLE_ASSIGNMENT((#1869));
#1871=STYLED_ITEM('',(#1870),#1868);
#1872=DIRECTION('',(3.489585077464E-2,1.445433466129E-2,9.992864213068E-1));
#1873=VECTOR('',#1872,9.506783838383E-1);
#1874=CARTESIAN_POINT('',(-6.1E0,-2.567968766264E0,5.500000000005E-1));
#1875=LINE('',#1874,#1873);
#1876=CURVE_STYLE('',#65,POSITIVE_LENGTH_MEASURE(2.E-2),#24);
#1877=PRESENTATION_STYLE_ASSIGNMENT((#1876));
#1878=STYLED_ITEM('',(#1877),#1875);
#1879=DIRECTION('',(-7.071067811865E-1,7.071067811865E-1,0.E0));
#1880=VECTOR('',#1879,1.644161754867E0);
#1881=CARTESIAN_POINT('',(-4.904227342749E0,-3.716825268983E0,1.5E0));
#1882=LINE('',#1881,#1880);
#1883=CURVE_STYLE('',#65,POSITIVE_LENGTH_MEASURE(2.E-2),#24);
#1884=PRESENTATION_STYLE_ASSIGNMENT((#1883));
#1885=STYLED_ITEM('',(#1884),#1882);
#1886=DIRECTION('',(1.E0,5.123459642116E-14,0.E0));
#1887=VECTOR('',#1886,1.256825268983E0);
#1888=CARTESIAN_POINT('',(-6.066825268983E0,3.716825268983E0,1.5E0));
#1889=LINE('',#1888,#1887);
#1890=CURVE_STYLE('',#65,POSITIVE_LENGTH_MEASURE(2.E-2),#24);
#1891=PRESENTATION_STYLE_ASSIGNMENT((#1890));
#1892=STYLED_ITEM('',(#1891),#1889);
#1893=DIRECTION('',(1.638402935454E-13,-1.E0,0.E0));
#1894=VECTOR('',#1893,8.239921747760E-1);
#1895=CARTESIAN_POINT('',(-4.81E0,3.716825268983E0,1.5E0));
#1896=LINE('',#1895,#1894);
#1897=CURVE_STYLE('',#65,POSITIVE_LENGTH_MEASURE(2.E-2),#24);
#1898=PRESENTATION_STYLE_ASSIGNMENT((#1897));
#1899=STYLED_ITEM('',(#1898),#1896);
#1900=CARTESIAN_POINT('',(-4.81E0,2.892833094207E0,1.5E0));
#1901=CARTESIAN_POINT('',(-4.81E0,2.792894011505E0,1.5E0));
#1902=CARTESIAN_POINT('',(-4.734354482882E0,2.668661363219E0,1.5E0));
#1903=CARTESIAN_POINT('',(-4.610121834596E0,2.593015846101E0,1.5E0));
#1904=CARTESIAN_POINT('',(-4.510182751894E0,2.593015846101E0,1.5E0));
#1906=CURVE_STYLE('',#65,POSITIVE_LENGTH_MEASURE(2.E-2),#24);
#1907=PRESENTATION_STYLE_ASSIGNMENT((#1906));
#1908=STYLED_ITEM('',(#1907),#1905);
#1909=DIRECTION('',(-1.E0,1.590560032121E-12,1.565995398420E-13));
#1910=VECTOR('',#1909,7.231358957121E-2);
#1911=CARTESIAN_POINT('',(-4.437869162323E0,-2.593015846102E0,1.5E0));
#1912=LINE('',#1911,#1910);
#1913=CURVE_STYLE('',#65,POSITIVE_LENGTH_MEASURE(2.E-2),#24);
#1914=PRESENTATION_STYLE_ASSIGNMENT((#1913));
#1915=STYLED_ITEM('',(#1914),#1912);
#1916=CARTESIAN_POINT('',(-4.510182751894E0,-2.593015846102E0,1.5E0));
#1917=CARTESIAN_POINT('',(-4.610121834596E0,-2.593015846101E0,1.5E0));
#1918=CARTESIAN_POINT('',(-4.734354482882E0,-2.668661363219E0,1.5E0));
#1919=CARTESIAN_POINT('',(-4.81E0,-2.792894011505E0,1.5E0));
#1920=CARTESIAN_POINT('',(-4.81E0,-2.892833094207E0,1.5E0));
#1922=CURVE_STYLE('',#65,POSITIVE_LENGTH_MEASURE(2.E-2),#24);
#1923=PRESENTATION_STYLE_ASSIGNMENT((#1922));
#1924=STYLED_ITEM('',(#1923),#1921);
#1925=DIRECTION('',(1.185686334868E-13,-1.E0,0.E0));
#1926=VECTOR('',#1925,8.239921747760E-1);
#1927=CARTESIAN_POINT('',(-4.81E0,-2.892833094207E0,1.5E0));
#1928=LINE('',#1927,#1926);
#1929=CURVE_STYLE('',#65,POSITIVE_LENGTH_MEASURE(2.E-2),#24);
#1930=PRESENTATION_STYLE_ASSIGNMENT((#1929));
#1931=STYLED_ITEM('',(#1930),#1928);
#1932=CARTESIAN_POINT('',(-5.4E0,1.8E0,1.5E0));
#1933=DIRECTION('',(0.E0,0.E0,1.E0));
#1934=DIRECTION('',(1.E0,0.E0,0.E0));
#1935=AXIS2_PLACEMENT_3D('',#1932,#1933,#1934);
#1937=CURVE_STYLE('',#65,POSITIVE_LENGTH_MEASURE(2.E-2),#24);
#1938=PRESENTATION_STYLE_ASSIGNMENT((#1937));
#1939=STYLED_ITEM('',(#1938),#1936);
#1940=CARTESIAN_POINT('',(-5.4E0,1.8E0,1.5E0));
#1941=DIRECTION('',(0.E0,0.E0,1.E0));
#1942=DIRECTION('',(-1.E0,0.E0,0.E0));
#1943=AXIS2_PLACEMENT_3D('',#1940,#1941,#1942);
#1945=CURVE_STYLE('',#65,POSITIVE_LENGTH_MEASURE(2.E-2),#24);
#1946=PRESENTATION_STYLE_ASSIGNMENT((#1945));
#1947=STYLED_ITEM('',(#1946),#1944);
#1948=CARTESIAN_POINT('',(-5.4E0,-1.8E0,1.5E0));
#1949=DIRECTION('',(0.E0,0.E0,1.E0));
#1950=DIRECTION('',(-1.E0,0.E0,0.E0));
#1951=AXIS2_PLACEMENT_3D('',#1948,#1949,#1950);
#1953=CURVE_STYLE('',#65,POSITIVE_LENGTH_MEASURE(2.E-2),#24);
#1954=PRESENTATION_STYLE_ASSIGNMENT((#1953));
#1955=STYLED_ITEM('',(#1954),#1952);
#1956=CARTESIAN_POINT('',(-5.4E0,-1.8E0,1.5E0));
#1957=DIRECTION('',(0.E0,0.E0,1.E0));
#1958=DIRECTION('',(1.E0,0.E0,0.E0));
#1959=AXIS2_PLACEMENT_3D('',#1956,#1957,#1958);
#1961=CURVE_STYLE('',#65,POSITIVE_LENGTH_MEASURE(2.E-2),#24);
#1962=PRESENTATION_STYLE_ASSIGNMENT((#1961));
#1963=STYLED_ITEM('',(#1962),#1960);
#1964=CARTESIAN_POINT('',(-5.4E0,0.E0,1.5E0));
#1965=DIRECTION('',(0.E0,0.E0,1.E0));
#1966=DIRECTION('',(-1.E0,0.E0,0.E0));
#1967=AXIS2_PLACEMENT_3D('',#1964,#1965,#1966);
#1969=CURVE_STYLE('',#65,POSITIVE_LENGTH_MEASURE(2.E-2),#24);
#1970=PRESENTATION_STYLE_ASSIGNMENT((#1969));
#1971=STYLED_ITEM('',(#1970),#1968);
#1972=CARTESIAN_POINT('',(-5.4E0,0.E0,1.5E0));
#1973=DIRECTION('',(0.E0,0.E0,1.E0));
#1974=DIRECTION('',(1.E0,0.E0,0.E0));
#1975=AXIS2_PLACEMENT_3D('',#1972,#1973,#1974);
#1977=CURVE_STYLE('',#65,POSITIVE_LENGTH_MEASURE(2.E-2),#24);
#1978=PRESENTATION_STYLE_ASSIGNMENT((#1977));
#1979=STYLED_ITEM('',(#1978),#1976);
#1980=DIRECTION('',(-3.487826274235E-2,-3.487826274234E-2,9.987827659587E-1));
#1981=VECTOR('',#1980,6.007312305034E-1);
#1982=CARTESIAN_POINT('',(4.81E0,3.716825268983E0,1.5E0));
#1983=LINE('',#1982,#1981);
#1984=CURVE_STYLE('',#65,POSITIVE_LENGTH_MEASURE(2.E-2),#24);
#1985=PRESENTATION_STYLE_ASSIGNMENT((#1984));
#1986=STYLED_ITEM('',(#1985),#1983);
#1987=DIRECTION('',(-3.487826274232E-2,3.487826274233E-2,-9.987827659587E-1));
#1988=VECTOR('',#1987,9.511577816299E-1);
#1989=CARTESIAN_POINT('',(-6.066825268983E0,3.716825268983E0,1.5E0));
#1990=LINE('',#1989,#1988);
#1991=CURVE_STYLE('',#65,POSITIVE_LENGTH_MEASURE(2.E-2),#24);
#1992=PRESENTATION_STYLE_ASSIGNMENT((#1991));
#1993=STYLED_ITEM('',(#1992),#1990);
#1994=DIRECTION('',(-1.616845002093E-13,1.E0,0.E0));
#1995=VECTOR('',#1994,8.239921747760E-1);
#1996=CARTESIAN_POINT('',(4.81E0,-3.716825268983E0,1.5E0));
#1997=LINE('',#1996,#1995);
#1998=CURVE_STYLE('',#65,POSITIVE_LENGTH_MEASURE(2.E-2),#24);
#1999=PRESENTATION_STYLE_ASSIGNMENT((#1998));
#2000=STYLED_ITEM('',(#1999),#1997);
#2001=CARTESIAN_POINT('',(4.81E0,-2.892833094207E0,1.5E0));
#2002=CARTESIAN_POINT('',(4.81E0,-2.792894011505E0,1.5E0));
#2003=CARTESIAN_POINT('',(4.734354482882E0,-2.668661363219E0,1.5E0));
#2004=CARTESIAN_POINT('',(4.610121834596E0,-2.593015846101E0,1.5E0));
#2005=CARTESIAN_POINT('',(4.510182751894E0,-2.593015846101E0,1.5E0));
#2007=CURVE_STYLE('',#65,POSITIVE_LENGTH_MEASURE(2.E-2),#24);
#2008=PRESENTATION_STYLE_ASSIGNMENT((#2007));
#2009=STYLED_ITEM('',(#2008),#2006);
#2010=DIRECTION('',(-1.E0,-2.265510776646E-7,-1.010234518643E-14));
#2011=VECTOR('',#2010,6.374058126100E-1);
#2012=CARTESIAN_POINT('',(4.510182751894E0,-2.593015846102E0,1.5E0));
#2013=LINE('',#2012,#2011);
#2014=CURVE_STYLE('',#65,POSITIVE_LENGTH_MEASURE(2.E-2),#24);
#2015=PRESENTATION_STYLE_ASSIGNMENT((#2014));
#2016=STYLED_ITEM('',(#2015),#2013);
#2017=CARTESIAN_POINT('',(1.27E0,0.E0,1.5E0));
#2018=DIRECTION('',(0.E0,0.E0,1.E0));
#2019=DIRECTION('',(7.084362903491E-1,-7.057747675544E-1,0.E0));
#2020=AXIS2_PLACEMENT_3D('',#2017,#2018,#2019);
#2022=CURVE_STYLE('',#65,POSITIVE_LENGTH_MEASURE(2.E-2),#24);
#2023=PRESENTATION_STYLE_ASSIGNMENT((#2022));
#2024=STYLED_ITEM('',(#2023),#2021);
#2025=CARTESIAN_POINT('',(4.510182751894E0,2.593015846102E0,1.5E0));
#2026=CARTESIAN_POINT('',(4.610121834596E0,2.593015846101E0,1.5E0));
#2027=CARTESIAN_POINT('',(4.734354482882E0,2.668661363219E0,1.5E0));
#2028=CARTESIAN_POINT('',(4.81E0,2.792894011505E0,1.5E0));
#2029=CARTESIAN_POINT('',(4.81E0,2.892833094207E0,1.5E0));
#2031=CURVE_STYLE('',#65,POSITIVE_LENGTH_MEASURE(2.E-2),#24);
#2032=PRESENTATION_STYLE_ASSIGNMENT((#2031));
#2033=STYLED_ITEM('',(#2032),#2030);
#2034=DIRECTION('',(-1.185686334868E-13,1.E0,0.E0));
#2035=VECTOR('',#2034,8.239921747760E-1);
#2036=CARTESIAN_POINT('',(4.81E0,2.892833094207E0,1.5E0));
#2037=LINE('',#2036,#2035);
#2038=CURVE_STYLE('',#65,POSITIVE_LENGTH_MEASURE(2.E-2),#24);
#2039=PRESENTATION_STYLE_ASSIGNMENT((#2038));
#2040=STYLED_ITEM('',(#2039),#2037);
#2041=DIRECTION('',(1.E0,-5.123459642116E-14,0.E0));
#2042=VECTOR('',#2041,1.256825268983E0);
#2043=CARTESIAN_POINT('',(4.81E0,3.716825268983E0,1.5E0));
#2044=LINE('',#2043,#2042);
#2045=CURVE_STYLE('',#65,POSITIVE_LENGTH_MEASURE(2.E-2),#24);
#2046=PRESENTATION_STYLE_ASSIGNMENT((#2045));
#2047=STYLED_ITEM('',(#2046),#2044);
#2048=CARTESIAN_POINT('',(5.4E0,1.8E0,1.5E0));
#2049=DIRECTION('',(0.E0,0.E0,1.E0));
#2050=DIRECTION('',(1.E0,0.E0,0.E0));
#2051=AXIS2_PLACEMENT_3D('',#2048,#2049,#2050);
#2053=CURVE_STYLE('',#65,POSITIVE_LENGTH_MEASURE(2.E-2),#24);
#2054=PRESENTATION_STYLE_ASSIGNMENT((#2053));
#2055=STYLED_ITEM('',(#2054),#2052);
#2056=CARTESIAN_POINT('',(5.4E0,1.8E0,1.5E0));
#2057=DIRECTION('',(0.E0,0.E0,1.E0));
#2058=DIRECTION('',(-1.E0,0.E0,0.E0));
#2059=AXIS2_PLACEMENT_3D('',#2056,#2057,#2058);
#2061=CURVE_STYLE('',#65,POSITIVE_LENGTH_MEASURE(2.E-2),#24);
#2062=PRESENTATION_STYLE_ASSIGNMENT((#2061));
#2063=STYLED_ITEM('',(#2062),#2060);
#2064=CARTESIAN_POINT('',(5.4E0,-1.8E0,1.5E0));
#2065=DIRECTION('',(0.E0,0.E0,1.E0));
#2066=DIRECTION('',(-1.E0,0.E0,0.E0));
#2067=AXIS2_PLACEMENT_3D('',#2064,#2065,#2066);
#2069=CURVE_STYLE('',#65,POSITIVE_LENGTH_MEASURE(2.E-2),#24);
#2070=PRESENTATION_STYLE_ASSIGNMENT((#2069));
#2071=STYLED_ITEM('',(#2070),#2068);
#2072=CARTESIAN_POINT('',(5.4E0,-1.8E0,1.5E0));
#2073=DIRECTION('',(0.E0,0.E0,1.E0));
#2074=DIRECTION('',(1.E0,0.E0,0.E0));
#2075=AXIS2_PLACEMENT_3D('',#2072,#2073,#2074);
#2077=CURVE_STYLE('',#65,POSITIVE_LENGTH_MEASURE(2.E-2),#24);
#2078=PRESENTATION_STYLE_ASSIGNMENT((#2077));
#2079=STYLED_ITEM('',(#2078),#2076);
#2080=CARTESIAN_POINT('',(5.4E0,0.E0,1.5E0));
#2081=DIRECTION('',(0.E0,0.E0,1.E0));
#2082=DIRECTION('',(-1.E0,0.E0,0.E0));
#2083=AXIS2_PLACEMENT_3D('',#2080,#2081,#2082);
#2085=CURVE_STYLE('',#65,POSITIVE_LENGTH_MEASURE(2.E-2),#24);
#2086=PRESENTATION_STYLE_ASSIGNMENT((#2085));
#2087=STYLED_ITEM('',(#2086),#2084);
#2088=CARTESIAN_POINT('',(5.4E0,0.E0,1.5E0));
#2089=DIRECTION('',(0.E0,0.E0,1.E0));
#2090=DIRECTION('',(1.E0,0.E0,0.E0));
#2091=AXIS2_PLACEMENT_3D('',#2088,#2089,#2090);
#2093=CURVE_STYLE('',#65,POSITIVE_LENGTH_MEASURE(2.E-2),#24);
#2094=PRESENTATION_STYLE_ASSIGNMENT((#2093));
#2095=STYLED_ITEM('',(#2094),#2092);
#2096=DIRECTION('',(-3.487826274235E-2,3.487826274235E-2,9.987827659587E-1));
#2097=VECTOR('',#2096,6.007312305034E-1);
#2098=CARTESIAN_POINT('',(4.81E0,-3.716825268983E0,1.5E0));
#2099=LINE('',#2098,#2097);
#2100=CURVE_STYLE('',#65,POSITIVE_LENGTH_MEASURE(2.E-2),#24);
#2101=PRESENTATION_STYLE_ASSIGNMENT((#2100));
#2102=STYLED_ITEM('',(#2101),#2099);
#2103=DIRECTION('',(-3.487826274235E-2,-3.487826274235E-2,9.987827659587E-1));
#2104=VECTOR('',#2103,6.007312305034E-1);
#2105=CARTESIAN_POINT('',(4.81E0,-2.892833094207E0,1.5E0));
#2106=LINE('',#2105,#2104);
#2107=CURVE_STYLE('',#65,POSITIVE_LENGTH_MEASURE(2.E-2),#24);
#2108=PRESENTATION_STYLE_ASSIGNMENT((#2107));
#2109=STYLED_ITEM('',(#2108),#2106);
#2110=CARTESIAN_POINT('',(4.489230290199E0,-2.613968307796E0,2.1E0));
#2111=CARTESIAN_POINT('',(4.589169372901E0,-2.613968307796E0,2.1E0));
#2112=CARTESIAN_POINT('',(4.713402021187E0,-2.689613824914E0,2.1E0));
#2113=CARTESIAN_POINT('',(4.789047538305E0,-2.813846473200E0,2.1E0));
#2114=CARTESIAN_POINT('',(4.789047538305E0,-2.913785555902E0,2.1E0));
#2116=CURVE_STYLE('',#65,POSITIVE_LENGTH_MEASURE(2.E-2),#24);
#2117=PRESENTATION_STYLE_ASSIGNMENT((#2116));
#2118=STYLED_ITEM('',(#2117),#2115);
#2119=DIRECTION('',(1.692120467388E-13,-1.E0,0.E0));
#2120=VECTOR('',#2119,7.820872513859E-1);
#2121=CARTESIAN_POINT('',(4.789047538305E0,-2.913785555902E0,2.1E0));
#2122=LINE('',#2121,#2120);
#2123=CURVE_STYLE('',#65,POSITIVE_LENGTH_MEASURE(2.E-2),#24);
#2124=PRESENTATION_STYLE_ASSIGNMENT((#2123));
#2125=STYLED_ITEM('',(#2124),#2122);
#2126=CARTESIAN_POINT('',(-4.789047538305E0,-2.913785555902E0,2.1E0));
#2127=CARTESIAN_POINT('',(-4.789047538305E0,-2.813846473199E0,2.1E0));
#2128=CARTESIAN_POINT('',(-4.713402021186E0,-2.689613824913E0,2.1E0));
#2129=CARTESIAN_POINT('',(-4.589169372900E0,-2.613968307796E0,2.1E0));
#2130=CARTESIAN_POINT('',(-4.489230290197E0,-2.613968307797E0,2.1E0));
#2132=CURVE_STYLE('',#65,POSITIVE_LENGTH_MEASURE(2.E-2),#24);
#2133=PRESENTATION_STYLE_ASSIGNMENT((#2132));
#2134=STYLED_ITEM('',(#2133),#2131);
#2135=CARTESIAN_POINT('',(1.27E0,0.E0,2.1E0));
#2136=DIRECTION('',(0.E0,0.E0,1.E0));
#2137=DIRECTION('',(-6.348451009276E-1,-7.726394358485E-1,0.E0));
#2138=AXIS2_PLACEMENT_3D('',#2135,#2136,#2137);
#2140=CURVE_STYLE('',#65,POSITIVE_LENGTH_MEASURE(2.E-2),#24);
#2141=PRESENTATION_STYLE_ASSIGNMENT((#2140));
#2142=STYLED_ITEM('',(#2141),#2139);
#2143=CARTESIAN_POINT('',(3.643699295213E-1,-3.412414912823E0,
2.099999999799E0));
#2144=CARTESIAN_POINT('',(3.922968349877E-1,-3.419826487288E0,
2.099999999799E0));
#2145=CARTESIAN_POINT('',(4.485411407003E-1,-3.432175732754E0,
2.100000000285E0));
#2146=CARTESIAN_POINT('',(5.344489383474E-1,-3.443381466006E0,
2.099999999305E0));
#2147=CARTESIAN_POINT('',(5.919803168248E-1,-3.445872864683E0,
2.100000001431E0));
#2148=CARTESIAN_POINT('',(6.208739748652E-1,-3.445872762531E0,
2.100000001431E0));
#2150=CURVE_STYLE('',#65,POSITIVE_LENGTH_MEASURE(2.E-2),#24);
#2151=PRESENTATION_STYLE_ASSIGNMENT((#2150));
#2152=STYLED_ITEM('',(#2151),#2149);
#2153=DIRECTION('',(1.E0,-1.639185159120E-12,-1.436681483369E-14));
#2154=VECTOR('',#2153,1.298252050271E0);
#2155=CARTESIAN_POINT('',(6.208739748652E-1,-3.445872762531E0,
2.100000001431E0));
#2156=LINE('',#2155,#2154);
#2157=CURVE_STYLE('',#65,POSITIVE_LENGTH_MEASURE(2.E-2),#24);
#2158=PRESENTATION_STYLE_ASSIGNMENT((#2157));
#2159=STYLED_ITEM('',(#2158),#2156);
#2160=CARTESIAN_POINT('',(1.919126025136E0,-3.445872762533E0,2.100000001431E0));
#2161=CARTESIAN_POINT('',(1.948019683175E0,-3.445872864685E0,2.100000001431E0));
#2162=CARTESIAN_POINT('',(2.005551061657E0,-3.443381466003E0,2.099999999305E0));
#2163=CARTESIAN_POINT('',(2.091458859268E0,-3.432175732764E0,2.100000000285E0));
#2164=CARTESIAN_POINT('',(2.147703165059E0,-3.419826487272E0,2.099999999799E0));
#2165=CARTESIAN_POINT('',(2.175630070357E0,-3.412414912853E0,2.099999999799E0));
#2167=CURVE_STYLE('',#65,POSITIVE_LENGTH_MEASURE(2.E-2),#24);
#2168=PRESENTATION_STYLE_ASSIGNMENT((#2167));
#2169=STYLED_ITEM('',(#2168),#2166);
#2170=CARTESIAN_POINT('',(1.27E0,0.E0,2.1E0));
#2171=DIRECTION('',(0.E0,0.E0,1.E0));
#2172=DIRECTION('',(2.565128928821E-1,-9.665408091670E-1,0.E0));
#2173=AXIS2_PLACEMENT_3D('',#2170,#2171,#2172);
#2175=CURVE_STYLE('',#65,POSITIVE_LENGTH_MEASURE(2.E-2),#24);
#2176=PRESENTATION_STYLE_ASSIGNMENT((#2175));
#2177=STYLED_ITEM('',(#2176),#2174);
#2178=DIRECTION('',(1.E0,2.005070153210E-13,-2.466971130913E-14));
#2179=VECTOR('',#2178,8.460655498320E-1);
#2180=CARTESIAN_POINT('',(3.643164740367E0,-2.613968307797E0,2.1E0));
#2181=LINE('',#2180,#2179);
#2182=CURVE_STYLE('',#65,POSITIVE_LENGTH_MEASURE(2.E-2),#24);
#2183=PRESENTATION_STYLE_ASSIGNMENT((#2182));
#2184=STYLED_ITEM('',(#2183),#2181);
#2185=DIRECTION('',(0.E0,-1.E0,0.E0));
#2186=VECTOR('',#2185,2.5E-1);
#2187=CARTESIAN_POINT('',(-4.11E0,-2.9E0,2.1E0));
#2188=LINE('',#2187,#2186);
#2189=CURVE_STYLE('',#65,POSITIVE_LENGTH_MEASURE(2.E-2),#24);
#2190=PRESENTATION_STYLE_ASSIGNMENT((#2189));
#2191=STYLED_ITEM('',(#2190),#2188);
#2192=DIRECTION('',(0.E0,-1.E0,0.E0));
#2193=VECTOR('',#2192,2.5E-1);
#2194=CARTESIAN_POINT('',(-1.57E0,-2.9E0,2.1E0));
#2195=LINE('',#2194,#2193);
#2196=CURVE_STYLE('',#65,POSITIVE_LENGTH_MEASURE(2.E-2),#24);
#2197=PRESENTATION_STYLE_ASSIGNMENT((#2196));
#2198=STYLED_ITEM('',(#2197),#2195);
#2199=DIRECTION('',(0.E0,-1.E0,0.E0));
#2200=VECTOR('',#2199,2.5E-1);
#2201=CARTESIAN_POINT('',(3.51E0,-2.9E0,2.1E0));
#2202=LINE('',#2201,#2200);
#2203=CURVE_STYLE('',#65,POSITIVE_LENGTH_MEASURE(2.E-2),#24);
#2204=PRESENTATION_STYLE_ASSIGNMENT((#2203));
#2205=STYLED_ITEM('',(#2204),#2202);
#2206=DIRECTION('',(1.445433466129E-2,3.489585077464E-2,9.992864213068E-1));
#2207=VECTOR('',#2206,9.506783838383E-1);
#2208=CARTESIAN_POINT('',(-4.917968766264E0,-3.75E0,5.500000000005E-1));
#2209=LINE('',#2208,#2207);
#2210=CURVE_STYLE('',#65,POSITIVE_LENGTH_MEASURE(2.E-2),#24);
#2211=PRESENTATION_STYLE_ASSIGNMENT((#2210));
#2212=STYLED_ITEM('',(#2211),#2209);
#2213=DIRECTION('',(1.E0,-1.503432589835E-12,7.069432240603E-14));
#2214=VECTOR('',#2213,9.422734274886E-2);
#2215=CARTESIAN_POINT('',(-4.904227342749E0,-3.716825268983E0,1.5E0));
#2216=LINE('',#2215,#2214);
#2217=CURVE_STYLE('',#65,POSITIVE_LENGTH_MEASURE(2.E-2),#24);
#2218=PRESENTATION_STYLE_ASSIGNMENT((#2217));
#2219=STYLED_ITEM('',(#2218),#2216);
#2220=DIRECTION('',(3.487826274235E-2,3.487826274235E-2,9.987827659587E-1));
#2221=VECTOR('',#2220,6.007312305034E-1);
#2222=CARTESIAN_POINT('',(-4.81E0,-3.716825268983E0,1.5E0));
#2223=LINE('',#2222,#2221);
#2224=CURVE_STYLE('',#65,POSITIVE_LENGTH_MEASURE(2.E-2),#24);
#2225=PRESENTATION_STYLE_ASSIGNMENT((#2224));
#2226=STYLED_ITEM('',(#2225),#2223);
#2227=DIRECTION('',(1.E0,0.E0,0.E0));
#2228=VECTOR('',#2227,9.578095076610E0);
#2229=CARTESIAN_POINT('',(-4.789047538305E0,-3.695872807288E0,2.1E0));
#2230=LINE('',#2229,#2228);
#2231=CURVE_STYLE('',#65,POSITIVE_LENGTH_MEASURE(2.E-2),#24);
#2232=PRESENTATION_STYLE_ASSIGNMENT((#2231));
#2233=STYLED_ITEM('',(#2232),#2230);
#2234=DIRECTION('',(1.E0,5.123459642116E-14,0.E0));
#2235=VECTOR('',#2234,1.256825268983E0);
#2236=CARTESIAN_POINT('',(4.81E0,-3.716825268983E0,1.5E0));
#2237=LINE('',#2236,#2235);
#2238=CURVE_STYLE('',#65,POSITIVE_LENGTH_MEASURE(2.E-2),#24);
#2239=PRESENTATION_STYLE_ASSIGNMENT((#2238));
#2240=STYLED_ITEM('',(#2239),#2237);
#2241=DIRECTION('',(3.487826274232E-2,-3.487826274233E-2,-9.987827659587E-1));
#2242=VECTOR('',#2241,9.511577816299E-1);
#2243=CARTESIAN_POINT('',(6.066825268983E0,-3.716825268983E0,1.5E0));
#2244=LINE('',#2243,#2242);
#2245=CURVE_STYLE('',#65,POSITIVE_LENGTH_MEASURE(2.E-2),#24);
#2246=PRESENTATION_STYLE_ASSIGNMENT((#2245));
#2247=STYLED_ITEM('',(#2246),#2244);
#2248=DIRECTION('',(-1.E0,0.E0,0.E0));
#2249=VECTOR('',#2248,1.101796876626E1);
#2250=CARTESIAN_POINT('',(6.1E0,-3.75E0,5.500000000005E-1));
#2251=LINE('',#2250,#2249);
#2252=CURVE_STYLE('',#65,POSITIVE_LENGTH_MEASURE(2.E-2),#24);
#2253=PRESENTATION_STYLE_ASSIGNMENT((#2252));
#2254=STYLED_ITEM('',(#2253),#2251);
#2255=DIRECTION('',(1.283285992046E-13,-1.E0,0.E0));
#2256=VECTOR('',#2255,7.820872513859E-1);
#2257=CARTESIAN_POINT('',(-4.789047538305E0,-2.913785555902E0,2.1E0));
#2258=LINE('',#2257,#2256);
#2259=CURVE_STYLE('',#65,POSITIVE_LENGTH_MEASURE(2.E-2),#24);
#2260=PRESENTATION_STYLE_ASSIGNMENT((#2259));
#2261=STYLED_ITEM('',(#2260),#2258);
#2262=DIRECTION('',(-3.487826274235E-2,3.487826274235E-2,-9.987827659587E-1));
#2263=VECTOR('',#2262,6.007312305034E-1);
#2264=CARTESIAN_POINT('',(-4.789047538305E0,-2.913785555902E0,2.1E0));
#2265=LINE('',#2264,#2263);
#2266=CURVE_STYLE('',#65,POSITIVE_LENGTH_MEASURE(2.E-2),#24);
#2267=PRESENTATION_STYLE_ASSIGNMENT((#2266));
#2268=STYLED_ITEM('',(#2267),#2265);
#2269=DIRECTION('',(-3.487826274346E-2,3.487826274205E-2,-9.987827659587E-1));
#2270=VECTOR('',#2269,6.007312305097E-1);
#2271=CARTESIAN_POINT('',(-4.489230290198E0,-2.613968307797E0,
2.100000000006E0));
#2272=LINE('',#2271,#2270);
#2273=CURVE_STYLE('',#65,POSITIVE_LENGTH_MEASURE(2.E-2),#24);
#2274=PRESENTATION_STYLE_ASSIGNMENT((#2273));
#2275=STYLED_ITEM('',(#2274),#2272);
#2276=DIRECTION('',(3.487826274236E-2,3.487826274255E-2,-9.987827659587E-1));
#2277=VECTOR('',#2276,2.758592777546E0);
#2278=CARTESIAN_POINT('',(-4.287960538270E0,-2.587960538270E0,
1.355234924505E0));
#2279=LINE('',#2278,#2277);
#2280=CURVE_STYLE('',#65,POSITIVE_LENGTH_MEASURE(2.E-2),#24);
#2281=PRESENTATION_STYLE_ASSIGNMENT((#2280));
#2282=STYLED_ITEM('',(#2281),#2279);
#2283=DIRECTION('',(2.741930345795E-2,-3.488637461032E-2,9.990150762949E-1));
#2284=VECTOR('',#2283,3.503450615128E0);
#2285=CARTESIAN_POINT('',(-1.385219758482E0,-2.491713315899E0,
-1.399998872599E0));
#2286=LINE('',#2285,#2284);
#2287=CURVE_STYLE('',#65,POSITIVE_LENGTH_MEASURE(2.E-2),#24);
#2288=PRESENTATION_STYLE_ASSIGNMENT((#2287));
#2289=STYLED_ITEM('',(#2288),#2286);
#2290=DIRECTION('',(-9.999999999490E-1,-1.009392986868E-5,-3.471678701141E-7));
#2291=VECTOR('',#2290,3.200072707445E0);
#2292=CARTESIAN_POINT('',(-1.289157582916E0,-2.613936006487E0,
2.100001110969E0));
#2293=LINE('',#2292,#2291);
#2294=CURVE_STYLE('',#65,POSITIVE_LENGTH_MEASURE(2.E-2),#24);
#2295=PRESENTATION_STYLE_ASSIGNMENT((#2294));
#2296=STYLED_ITEM('',(#2295),#2293);
#2297=DIRECTION('',(0.E0,1.E0,0.E0));
#2298=VECTOR('',#2297,5.186031692204E0);
#2299=CARTESIAN_POINT('',(-4.437869162323E0,-2.593015846102E0,1.5E0));
#2300=LINE('',#2299,#2298);
#2301=CURVE_STYLE('',#65,POSITIVE_LENGTH_MEASURE(2.E-2),#24);
#2302=PRESENTATION_STYLE_ASSIGNMENT((#2301));
#2303=STYLED_ITEM('',(#2302),#2300);
#2304=DIRECTION('',(0.E0,-1.E0,-1.613022498164E-14));
#2305=VECTOR('',#2304,5.175921076540E0);
#2306=CARTESIAN_POINT('',(-4.287960538270E0,2.587960538270E0,1.355234924506E0));
#2307=LINE('',#2306,#2305);
#2308=CURVE_STYLE('',#65,POSITIVE_LENGTH_MEASURE(2.E-2),#24);
#2309=PRESENTATION_STYLE_ASSIGNMENT((#2308));
#2310=STYLED_ITEM('',(#2309),#2307);
#2311=CARTESIAN_POINT('',(-4.287960538270E0,-2.587960538270E0,
1.355234924506E0));
#2312=CARTESIAN_POINT('',(-4.291329718222E0,-2.591329718221E0,
1.451715614948E0));
#2313=CARTESIAN_POINT('',(-4.341270889174E0,-2.593015846102E0,1.5E0));
#2314=CARTESIAN_POINT('',(-4.437869162323E0,-2.593015846102E0,1.5E0));
#2316=CURVE_STYLE('',#65,POSITIVE_LENGTH_MEASURE(2.E-2),#24);
#2317=PRESENTATION_STYLE_ASSIGNMENT((#2316));
#2318=STYLED_ITEM('',(#2317),#2315);
#2319=DIRECTION('',(3.487826274346E-2,3.487826274205E-2,9.987827659587E-1));
#2320=VECTOR('',#2319,6.007312305097E-1);
#2321=CARTESIAN_POINT('',(-4.510182751894E0,2.593015846102E0,1.5E0));
#2322=LINE('',#2321,#2320);
#2323=CURVE_STYLE('',#65,POSITIVE_LENGTH_MEASURE(2.E-2),#24);
#2324=PRESENTATION_STYLE_ASSIGNMENT((#2323));
#2325=STYLED_ITEM('',(#2324),#2322);
#2326=DIRECTION('',(-2.741930258231E-2,-3.488637464012E-2,-9.990150763179E-1));
#2327=VECTOR('',#2326,3.503450650223E0);
#2328=CARTESIAN_POINT('',(-1.289157573258E0,2.613928586639E0,2.100001386511E0));
#2329=LINE('',#2328,#2327);
#2330=CURVE_STYLE('',#65,POSITIVE_LENGTH_MEASURE(2.E-2),#24);
#2331=PRESENTATION_STYLE_ASSIGNMENT((#2330));
#2332=STYLED_ITEM('',(#2331),#2329);
#2333=DIRECTION('',(-9.999999998997E-1,1.415267643371E-5,-4.873673015993E-7));
#2334=VECTOR('',#2333,2.806525868138E0);
#2335=CARTESIAN_POINT('',(-1.385219746719E0,2.491705894723E0,
-1.399998632197E0));
#2336=LINE('',#2335,#2334);
#2337=CURVE_STYLE('',#65,POSITIVE_LENGTH_MEASURE(2.E-2),#24);
#2338=PRESENTATION_STYLE_ASSIGNMENT((#2337));
#2339=STYLED_ITEM('',(#2338),#2336);
#2340=CARTESIAN_POINT('',(-4.287960538270E0,2.587960538270E0,1.355234924506E0));
#2341=CARTESIAN_POINT('',(-4.291329718222E0,2.591329718221E0,1.451715614948E0));
#2342=CARTESIAN_POINT('',(-4.341270889174E0,2.593015846102E0,1.5E0));
#2343=CARTESIAN_POINT('',(-4.437869162323E0,2.593015846102E0,1.5E0));
#2345=CURVE_STYLE('',#65,POSITIVE_LENGTH_MEASURE(2.E-2),#24);
#2346=PRESENTATION_STYLE_ASSIGNMENT((#2345));
#2347=STYLED_ITEM('',(#2346),#2344);
#2348=DIRECTION('',(-1.E0,-3.009167628346E-12,9.211737637794E-14));
#2349=VECTOR('',#2348,7.231358957099E-2);
#2350=CARTESIAN_POINT('',(-4.437869162323E0,2.593015846102E0,1.5E0));
#2351=LINE('',#2350,#2349);
#2352=CURVE_STYLE('',#65,POSITIVE_LENGTH_MEASURE(2.E-2),#24);
#2353=PRESENTATION_STYLE_ASSIGNMENT((#2352));
#2354=STYLED_ITEM('',(#2353),#2351);
#2355=DIRECTION('',(3.487826274235E-2,3.487826274235E-2,9.987827659587E-1));
#2356=VECTOR('',#2355,6.007312305034E-1);
#2357=CARTESIAN_POINT('',(-4.81E0,2.892833094207E0,1.5E0));
#2358=LINE('',#2357,#2356);
#2359=CURVE_STYLE('',#65,POSITIVE_LENGTH_MEASURE(2.E-2),#24);
#2360=PRESENTATION_STYLE_ASSIGNMENT((#2359));
#2361=STYLED_ITEM('',(#2360),#2358);
#2362=DIRECTION('',(3.487826274235E-2,-3.487826274235E-2,9.987827659587E-1));
#2363=VECTOR('',#2362,6.007312305034E-1);
#2364=CARTESIAN_POINT('',(-4.81E0,3.716825268983E0,1.5E0));
#2365=LINE('',#2364,#2363);
#2366=CURVE_STYLE('',#65,POSITIVE_LENGTH_MEASURE(2.E-2),#24);
#2367=PRESENTATION_STYLE_ASSIGNMENT((#2366));
#2368=STYLED_ITEM('',(#2367),#2365);
#2369=CARTESIAN_POINT('',(4.789047538305E0,2.913785555902E0,2.1E0));
#2370=CARTESIAN_POINT('',(4.789047538305E0,2.813846473200E0,2.1E0));
#2371=CARTESIAN_POINT('',(4.713402021187E0,2.689613824914E0,2.1E0));
#2372=CARTESIAN_POINT('',(4.589169372901E0,2.613968307797E0,2.1E0));
#2373=CARTESIAN_POINT('',(4.489230290199E0,2.613968307797E0,2.1E0));
#2375=CURVE_STYLE('',#65,POSITIVE_LENGTH_MEASURE(2.E-2),#24);
#2376=PRESENTATION_STYLE_ASSIGNMENT((#2375));
#2377=STYLED_ITEM('',(#2376),#2374);
#2378=CARTESIAN_POINT('',(1.27E0,0.E0,2.1E0));
#2379=DIRECTION('',(0.E0,0.E0,1.E0));
#2380=DIRECTION('',(6.721810336640E-1,7.403868299628E-1,0.E0));
#2381=AXIS2_PLACEMENT_3D('',#2378,#2379,#2380);
#2383=CURVE_STYLE('',#65,POSITIVE_LENGTH_MEASURE(2.E-2),#24);
#2384=PRESENTATION_STYLE_ASSIGNMENT((#2383));
#2385=STYLED_ITEM('',(#2384),#2382);
#2386=CARTESIAN_POINT('',(2.175630070357E0,3.412414912853E0,2.099999999799E0));
#2387=CARTESIAN_POINT('',(2.147703165059E0,3.419826487272E0,2.099999999799E0));
#2388=CARTESIAN_POINT('',(2.091458859268E0,3.432175732764E0,2.100000000285E0));
#2389=CARTESIAN_POINT('',(2.005551061657E0,3.443381466003E0,2.099999999305E0));
#2390=CARTESIAN_POINT('',(1.948019683175E0,3.445872864685E0,2.100000001431E0));
#2391=CARTESIAN_POINT('',(1.919126025136E0,3.445872762533E0,2.100000001431E0));
#2393=CURVE_STYLE('',#65,POSITIVE_LENGTH_MEASURE(2.E-2),#24);
#2394=PRESENTATION_STYLE_ASSIGNMENT((#2393));
#2395=STYLED_ITEM('',(#2394),#2392);
#2396=CARTESIAN_POINT('',(6.208739748652E-1,3.445872762531E0,2.100000001431E0));
#2397=CARTESIAN_POINT('',(5.919803168248E-1,3.445872864683E0,2.100000001431E0));
#2398=CARTESIAN_POINT('',(5.344489383474E-1,3.443381466006E0,2.099999999305E0));
#2399=CARTESIAN_POINT('',(4.485411407002E-1,3.432175732754E0,2.100000000285E0));
#2400=CARTESIAN_POINT('',(3.922968349878E-1,3.419826487288E0,2.099999999799E0));
#2401=CARTESIAN_POINT('',(3.643699295213E-1,3.412414912823E0,2.099999999799E0));
#2403=CURVE_STYLE('',#65,POSITIVE_LENGTH_MEASURE(2.E-2),#24);
#2404=PRESENTATION_STYLE_ASSIGNMENT((#2403));
#2405=STYLED_ITEM('',(#2404),#2402);
#2406=CARTESIAN_POINT('',(1.27E0,0.E0,2.1E0));
#2407=DIRECTION('',(0.E0,0.E0,1.E0));
#2408=DIRECTION('',(-2.565128929793E-1,9.665408091412E-1,0.E0));
#2409=AXIS2_PLACEMENT_3D('',#2406,#2407,#2408);
#2411=CURVE_STYLE('',#65,POSITIVE_LENGTH_MEASURE(2.E-2),#24);
#2412=PRESENTATION_STYLE_ASSIGNMENT((#2411));
#2413=STYLED_ITEM('',(#2412),#2410);
#2414=CARTESIAN_POINT('',(-9.713776607750E-1,2.727841319173E0,
2.099999789450E0));
#2415=CARTESIAN_POINT('',(-1.001440955197E0,2.703114613953E0,2.099999789450E0));
#2416=CARTESIAN_POINT('',(-1.065295611095E0,2.661951848957E0,2.100000283125E0));
#2417=CARTESIAN_POINT('',(-1.174779094684E0,2.622742183552E0,2.099999324888E0));
#2418=CARTESIAN_POINT('',(-1.250253097498E0,2.613950030132E0,2.100001386511E0));
#2419=CARTESIAN_POINT('',(-1.289157573258E0,2.613928586639E0,2.100001386511E0));
#2421=CURVE_STYLE('',#65,POSITIVE_LENGTH_MEASURE(2.E-2),#24);
#2422=PRESENTATION_STYLE_ASSIGNMENT((#2421));
#2423=STYLED_ITEM('',(#2422),#2420);
#2424=DIRECTION('',(-9.999999999229E-1,1.241257959414E-5,-4.332729877530E-7));
#2425=VECTOR('',#2424,3.200072717187E0);
#2426=CARTESIAN_POINT('',(-1.289157573258E0,2.613928586639E0,2.100001386511E0));
#2427=LINE('',#2426,#2425);
#2428=CURVE_STYLE('',#65,POSITIVE_LENGTH_MEASURE(2.E-2),#24);
#2429=PRESENTATION_STYLE_ASSIGNMENT((#2428));
#2430=STYLED_ITEM('',(#2429),#2427);
#2431=CARTESIAN_POINT('',(-4.489230290197E0,2.613968307796E0,2.1E0));
#2432=CARTESIAN_POINT('',(-4.589169372899E0,2.613968307796E0,2.1E0));
#2433=CARTESIAN_POINT('',(-4.713402021186E0,2.689613824914E0,2.1E0));
#2434=CARTESIAN_POINT('',(-4.789047538305E0,2.813846473200E0,2.1E0));
#2435=CARTESIAN_POINT('',(-4.789047538305E0,2.913785555902E0,2.1E0));
#2437=CURVE_STYLE('',#65,POSITIVE_LENGTH_MEASURE(2.E-2),#24);
#2438=PRESENTATION_STYLE_ASSIGNMENT((#2437));
#2439=STYLED_ITEM('',(#2438),#2436);
#2440=DIRECTION('',(-1.692120467388E-13,1.E0,0.E0));
#2441=VECTOR('',#2440,7.820872513859E-1);
#2442=CARTESIAN_POINT('',(-4.789047538305E0,2.913785555902E0,2.1E0));
#2443=LINE('',#2442,#2441);
#2444=CURVE_STYLE('',#65,POSITIVE_LENGTH_MEASURE(2.E-2),#24);
#2445=PRESENTATION_STYLE_ASSIGNMENT((#2444));
#2446=STYLED_ITEM('',(#2445),#2443);
#2447=DIRECTION('',(1.E0,0.E0,0.E0));
#2448=VECTOR('',#2447,9.578095076610E0);
#2449=CARTESIAN_POINT('',(-4.789047538305E0,3.695872807288E0,2.1E0));
#2450=LINE('',#2449,#2448);
#2451=CURVE_STYLE('',#65,POSITIVE_LENGTH_MEASURE(2.E-2),#24);
#2452=PRESENTATION_STYLE_ASSIGNMENT((#2451));
#2453=STYLED_ITEM('',(#2452),#2450);
#2454=DIRECTION('',(0.E0,1.E0,0.E0));
#2455=VECTOR('',#2454,2.5E-1);
#2456=CARTESIAN_POINT('',(-3.51E0,2.9E0,2.1E0));
#2457=LINE('',#2456,#2455);
#2458=CURVE_STYLE('',#65,POSITIVE_LENGTH_MEASURE(2.E-2),#24);
#2459=PRESENTATION_STYLE_ASSIGNMENT((#2458));
#2460=STYLED_ITEM('',(#2459),#2457);
#2461=DIRECTION('',(-1.E0,0.E0,0.E0));
#2462=VECTOR('',#2461,6.E-1);
#2463=CARTESIAN_POINT('',(-3.51E0,3.15E0,2.1E0));
#2464=LINE('',#2463,#2462);
#2465=CURVE_STYLE('',#65,POSITIVE_LENGTH_MEASURE(2.E-2),#24);
#2466=PRESENTATION_STYLE_ASSIGNMENT((#2465));
#2467=STYLED_ITEM('',(#2466),#2464);
#2468=DIRECTION('',(1.E0,0.E0,0.E0));
#2469=VECTOR('',#2468,6.E-1);
#2470=CARTESIAN_POINT('',(-4.11E0,2.9E0,2.1E0));
#2471=LINE('',#2470,#2469);
#2472=CURVE_STYLE('',#65,POSITIVE_LENGTH_MEASURE(2.E-2),#24);
#2473=PRESENTATION_STYLE_ASSIGNMENT((#2472));
#2474=STYLED_ITEM('',(#2473),#2471);
#2475=DIRECTION('',(0.E0,1.E0,0.E0));
#2476=VECTOR('',#2475,2.5E-1);
#2477=CARTESIAN_POINT('',(4.11E0,2.9E0,2.1E0));
#2478=LINE('',#2477,#2476);
#2479=CURVE_STYLE('',#65,POSITIVE_LENGTH_MEASURE(2.E-2),#24);
#2480=PRESENTATION_STYLE_ASSIGNMENT((#2479));
#2481=STYLED_ITEM('',(#2480),#2478);
#2482=DIRECTION('',(-1.E0,0.E0,0.E0));
#2483=VECTOR('',#2482,6.E-1);
#2484=CARTESIAN_POINT('',(4.11E0,3.15E0,2.1E0));
#2485=LINE('',#2484,#2483);
#2486=CURVE_STYLE('',#65,POSITIVE_LENGTH_MEASURE(2.E-2),#24);
#2487=PRESENTATION_STYLE_ASSIGNMENT((#2486));
#2488=STYLED_ITEM('',(#2487),#2485);
#2489=DIRECTION('',(1.E0,0.E0,0.E0));
#2490=VECTOR('',#2489,6.E-1);
#2491=CARTESIAN_POINT('',(3.51E0,2.9E0,2.1E0));
#2492=LINE('',#2491,#2490);
#2493=CURVE_STYLE('',#65,POSITIVE_LENGTH_MEASURE(2.E-2),#24);
#2494=PRESENTATION_STYLE_ASSIGNMENT((#2493));
#2495=STYLED_ITEM('',(#2494),#2492);
#2496=DIRECTION('',(3.487826274235E-2,-3.487826274235E-2,-9.987827659587E-1));
#2497=VECTOR('',#2496,6.007312305034E-1);
#2498=CARTESIAN_POINT('',(4.789047538305E0,2.913785555902E0,2.1E0));
#2499=LINE('',#2498,#2497);
#2500=CURVE_STYLE('',#65,POSITIVE_LENGTH_MEASURE(2.E-2),#24);
#2501=PRESENTATION_STYLE_ASSIGNMENT((#2500));
#2502=STYLED_ITEM('',(#2501),#2499);
#2503=DIRECTION('',(-1.283285992046E-13,1.E0,0.E0));
#2504=VECTOR('',#2503,7.820872513859E-1);
#2505=CARTESIAN_POINT('',(4.789047538305E0,2.913785555902E0,2.1E0));
#2506=LINE('',#2505,#2504);
#2507=CURVE_STYLE('',#65,POSITIVE_LENGTH_MEASURE(2.E-2),#24);
#2508=PRESENTATION_STYLE_ASSIGNMENT((#2507));
#2509=STYLED_ITEM('',(#2508),#2506);
#2510=DIRECTION('',(3.487826274234E-2,-3.487826274235E-2,-9.987827659587E-1));
#2511=VECTOR('',#2510,6.007312305034E-1);
#2512=CARTESIAN_POINT('',(4.489230290199E0,2.613968307797E0,2.1E0));
#2513=LINE('',#2512,#2511);
#2514=CURVE_STYLE('',#65,POSITIVE_LENGTH_MEASURE(2.E-2),#24);
#2515=PRESENTATION_STYLE_ASSIGNMENT((#2514));
#2516=STYLED_ITEM('',(#2515),#2513);
#2517=DIRECTION('',(-1.E0,2.244781045443E-7,-1.776604853424E-14));
#2518=VECTOR('',#2517,6.374110050050E-1);
#2519=CARTESIAN_POINT('',(4.510182751894E0,2.593015846102E0,1.5E0));
#2520=LINE('',#2519,#2518);
#2521=CURVE_STYLE('',#65,POSITIVE_LENGTH_MEASURE(2.E-2),#24);
#2522=PRESENTATION_STYLE_ASSIGNMENT((#2521));
#2523=STYLED_ITEM('',(#2522),#2520);
#2524=CARTESIAN_POINT('',(3.872771746889E0,2.593015989187E0,1.5E0));
#2525=CARTESIAN_POINT('',(3.842601202483E0,2.593015989187E0,1.5E0));
#2526=CARTESIAN_POINT('',(3.787720802285E0,2.592709860521E0,1.491239621779E0));
#2527=CARTESIAN_POINT('',(3.719903784244E0,2.591605960391E0,1.459625643510E0));
#2528=CARTESIAN_POINT('',(3.672615902381E0,2.589888876377E0,1.410455449301E0));
#2529=CARTESIAN_POINT('',(3.661509929229E0,2.588555369274E0,1.372268655812E0));
#2530=CARTESIAN_POINT('',(3.662032294892E0,2.587823441278E0,1.351308980325E0));
#2532=CURVE_STYLE('',#65,POSITIVE_LENGTH_MEASURE(2.E-2),#24);
#2533=PRESENTATION_STYLE_ASSIGNMENT((#2532));
#2534=STYLED_ITEM('',(#2533),#2531);
#2535=DIRECTION('',(1.E0,-7.978289614865E-14,-1.889594908784E-14));
#2536=VECTOR('',#2535,8.460655498322E-1);
#2537=CARTESIAN_POINT('',(3.643164740367E0,2.613968307797E0,2.1E0));
#2538=LINE('',#2537,#2536);
#2539=CURVE_STYLE('',#65,POSITIVE_LENGTH_MEASURE(2.E-2),#24);
#2540=PRESENTATION_STYLE_ASSIGNMENT((#2539));
#2541=STYLED_ITEM('',(#2540),#2538);
#2542=CARTESIAN_POINT('',(1.27E0,0.E0,1.351308980325E0));
#2543=DIRECTION('',(0.E0,0.E0,1.E0));
#2544=DIRECTION('',(6.787812987641E-1,-7.343404853663E-1,0.E0));
#2545=AXIS2_PLACEMENT_3D('',#2542,#2543,#2544);
#2547=CURVE_STYLE('',#65,POSITIVE_LENGTH_MEASURE(2.E-2),#24);
#2548=PRESENTATION_STYLE_ASSIGNMENT((#2547));
#2549=STYLED_ITEM('',(#2548),#2546);
#2550=CARTESIAN_POINT('',(1.27E0,0.E0,1.351308980325E0));
#2551=DIRECTION('',(0.E0,0.E0,1.E0));
#2552=DIRECTION('',(1.E0,0.E0,0.E0));
#2553=AXIS2_PLACEMENT_3D('',#2550,#2551,#2552);
#2555=CURVE_STYLE('',#65,POSITIVE_LENGTH_MEASURE(2.E-2),#24);
#2556=PRESENTATION_STYLE_ASSIGNMENT((#2555));
#2557=STYLED_ITEM('',(#2556),#2554);
#2558=CARTESIAN_POINT('',(3.872776939284E0,-2.593015990507E0,1.5E0));
#2559=CARTESIAN_POINT('',(3.842530583092E0,-2.593015990507E0,1.5E0));
#2560=CARTESIAN_POINT('',(3.787541508895E0,-2.592708879016E0,1.491211532718E0));
#2561=CARTESIAN_POINT('',(3.719788760166E0,-2.591602130177E0,1.459515955805E0));
#2562=CARTESIAN_POINT('',(3.672583861822E0,-2.589887620004E0,1.410419472830E0));
#2563=CARTESIAN_POINT('',(3.661510296499E0,-2.588554854663E0,1.372253919278E0));
#2564=CARTESIAN_POINT('',(3.662032294892E0,-2.587823441278E0,1.351308980325E0));
#2566=CURVE_STYLE('',#65,POSITIVE_LENGTH_MEASURE(2.E-2),#24);
#2567=PRESENTATION_STYLE_ASSIGNMENT((#2566));
#2568=STYLED_ITEM('',(#2567),#2565);
#2569=CARTESIAN_POINT('',(2.173168970860E0,3.381462105387E0,-1.400000000199E0));
#2570=CARTESIAN_POINT('',(2.173983337350E0,3.391782296822E0,
-2.333333522284E-1));
#2571=CARTESIAN_POINT('',(2.174803762994E0,3.402099866283E0,9.333333147245E-1));
#2572=CARTESIAN_POINT('',(2.175630070357E0,3.412414912853E0,2.099999999799E0));
#2574=CURVE_STYLE('',#65,POSITIVE_LENGTH_MEASURE(2.E-2),#24);
#2575=PRESENTATION_STYLE_ASSIGNMENT((#2574));
#2576=STYLED_ITEM('',(#2575),#2573);
#2577=CARTESIAN_POINT('',(3.643164740367E0,2.613968307797E0,2.1E0));
#2578=CARTESIAN_POINT('',(3.649523888753E0,2.605253413788E0,1.850438087835E0));
#2579=CARTESIAN_POINT('',(3.655812522721E0,2.596538457798E0,1.600874400743E0));
#2580=CARTESIAN_POINT('',(3.662032294892E0,2.587823441278E0,1.351308980321E0));
#2582=CURVE_STYLE('',#65,POSITIVE_LENGTH_MEASURE(2.E-2),#24);
#2583=PRESENTATION_STYLE_ASSIGNMENT((#2582));
#2584=STYLED_ITEM('',(#2583),#2581);
#2585=CARTESIAN_POINT('',(1.27E0,0.E0,-1.4E0));
#2586=DIRECTION('',(0.E0,0.E0,-1.E0));
#2587=DIRECTION('',(2.580482757028E-1,9.661320237974E-1,0.E0));
#2588=AXIS2_PLACEMENT_3D('',#2585,#2586,#2587);
#2590=CURVE_STYLE('',#65,POSITIVE_LENGTH_MEASURE(2.E-2),#24);
#2591=PRESENTATION_STYLE_ASSIGNMENT((#2590));
#2592=STYLED_ITEM('',(#2591),#2589);
#2593=CARTESIAN_POINT('',(1.27E0,0.E0,-1.4E0));
#2594=DIRECTION('',(0.E0,0.E0,-1.E0));
#2595=DIRECTION('',(1.E0,0.E0,0.E0));
#2596=AXIS2_PLACEMENT_3D('',#2593,#2594,#2595);
#2598=CURVE_STYLE('',#65,POSITIVE_LENGTH_MEASURE(2.E-2),#24);
#2599=PRESENTATION_STYLE_ASSIGNMENT((#2598));
#2600=STYLED_ITEM('',(#2599),#2597);
#2601=CARTESIAN_POINT('',(2.173168970707E0,-3.381462105421E0,
-1.400000000200E0));
#2602=CARTESIAN_POINT('',(2.145082053118E0,-3.388963935783E0,
-1.400000000200E0));
#2603=CARTESIAN_POINT('',(2.088510479649E0,-3.401463529526E0,
-1.399999999715E0));
#2604=CARTESIAN_POINT('',(2.002083433709E0,-3.412806829016E0,
-1.400000000697E0));
#2605=CARTESIAN_POINT('',(1.944201105524E0,-3.415328827852E0,
-1.399999998563E0));
#2606=CARTESIAN_POINT('',(1.915129600368E0,-3.415328725266E0,
-1.399999998563E0));
#2608=CURVE_STYLE('',#65,POSITIVE_LENGTH_MEASURE(2.E-2),#24);
#2609=PRESENTATION_STYLE_ASSIGNMENT((#2608));
#2610=STYLED_ITEM('',(#2609),#2607);
#2611=CARTESIAN_POINT('',(6.248703996338E-1,-3.415328725269E0,
-1.399999998563E0));
#2612=CARTESIAN_POINT('',(5.957988944763E-1,-3.415328827854E0,
-1.399999998563E0));
#2613=CARTESIAN_POINT('',(5.379165662990E-1,-3.412806829019E0,
-1.400000000697E0));
#2614=CARTESIAN_POINT('',(4.514895203114E-1,-3.401463529512E0,
-1.399999999715E0));
#2615=CARTESIAN_POINT('',(3.949179469461E-1,-3.388963935810E0,
-1.400000000200E0));
#2616=CARTESIAN_POINT('',(3.668310291308E-1,-3.381462105387E0,
-1.400000000200E0));
#2618=CURVE_STYLE('',#65,POSITIVE_LENGTH_MEASURE(2.E-2),#24);
#2619=PRESENTATION_STYLE_ASSIGNMENT((#2618));
#2620=STYLED_ITEM('',(#2619),#2617);
#2621=CARTESIAN_POINT('',(1.27E0,0.E0,-1.4E0));
#2622=DIRECTION('',(0.E0,0.E0,-1.E0));
#2623=DIRECTION('',(-2.580482757043E-1,-9.661320237970E-1,0.E0));
#2624=AXIS2_PLACEMENT_3D('',#2621,#2622,#2623);
#2626=CURVE_STYLE('',#65,POSITIVE_LENGTH_MEASURE(2.E-2),#24);
#2627=PRESENTATION_STYLE_ASSIGNMENT((#2626));
#2628=STYLED_ITEM('',(#2627),#2625);
#2629=DIRECTION('',(-9.999999999337E-1,-1.150841911930E-5,-4.017091358919E-7));
#2630=VECTOR('',#2629,2.806525856280E0);
#2631=CARTESIAN_POINT('',(-1.385219758482E0,-2.491713315899E0,
-1.399998872599E0));
#2632=LINE('',#2631,#2630);
#2633=CURVE_STYLE('',#65,POSITIVE_LENGTH_MEASURE(2.E-2),#24);
#2634=PRESENTATION_STYLE_ASSIGNMENT((#2633));
#2635=STYLED_ITEM('',(#2634),#2632);
#2636=DIRECTION('',(0.E0,1.E0,0.E0));
#2637=VECTOR('',#2636,4.983491229150E0);
#2638=CARTESIAN_POINT('',(-4.191745614576E0,-2.491745614575E0,
-1.400000000006E0));
#2639=LINE('',#2638,#2637);
#2640=CURVE_STYLE('',#65,POSITIVE_LENGTH_MEASURE(2.E-2),#24);
#2641=PRESENTATION_STYLE_ASSIGNMENT((#2640));
#2642=STYLED_ITEM('',(#2641),#2639);
#2643=CARTESIAN_POINT('',(-1.385219746719E0,2.491705894723E0,
-1.399998632197E0));
#2644=CARTESIAN_POINT('',(-1.344097060480E0,2.491729420201E0,
-1.399998632197E0));
#2645=CARTESIAN_POINT('',(-1.264588596391E0,2.501509851221E0,
-1.400000659214E0));
#2646=CARTESIAN_POINT('',(-1.149720827371E0,2.545127287410E0,
-1.399999744455E0));
#2647=CARTESIAN_POINT('',(-1.083802721211E0,2.590623937782E0,
-1.400000156795E0));
#2648=CARTESIAN_POINT('',(-1.053036457042E0,2.617944763813E0,
-1.400000156795E0));
#2650=CURVE_STYLE('',#65,POSITIVE_LENGTH_MEASURE(2.E-2),#24);
#2651=PRESENTATION_STYLE_ASSIGNMENT((#2650));
#2652=STYLED_ITEM('',(#2651),#2649);
#2653=CARTESIAN_POINT('',(1.27E0,0.E0,-1.4E0));
#2654=DIRECTION('',(0.E0,0.E0,-1.E0));
#2655=DIRECTION('',(-6.637163353825E-1,7.479843756031E-1,0.E0));
#2656=AXIS2_PLACEMENT_3D('',#2653,#2654,#2655);
#2658=CURVE_STYLE('',#65,POSITIVE_LENGTH_MEASURE(2.E-2),#24);
#2659=PRESENTATION_STYLE_ASSIGNMENT((#2658));
#2660=STYLED_ITEM('',(#2659),#2657);
#2661=CARTESIAN_POINT('',(3.668310291308E-1,3.381462105387E0,
-1.400000000200E0));
#2662=CARTESIAN_POINT('',(3.949179469461E-1,3.388963935810E0,
-1.400000000200E0));
#2663=CARTESIAN_POINT('',(4.514895203114E-1,3.401463529512E0,
-1.399999999715E0));
#2664=CARTESIAN_POINT('',(5.379165662990E-1,3.412806829019E0,
-1.400000000697E0));
#2665=CARTESIAN_POINT('',(5.957988944763E-1,3.415328827854E0,
-1.399999998563E0));
#2666=CARTESIAN_POINT('',(6.248703996338E-1,3.415328725269E0,
-1.399999998563E0));
#2668=CURVE_STYLE('',#65,POSITIVE_LENGTH_MEASURE(2.E-2),#24);
#2669=PRESENTATION_STYLE_ASSIGNMENT((#2668));
#2670=STYLED_ITEM('',(#2669),#2667);
#2671=DIRECTION('',(1.E0,-1.671367428967E-12,1.462790686390E-14));
#2672=VECTOR('',#2671,1.290259200734E0);
#2673=CARTESIAN_POINT('',(6.248703996338E-1,3.415328725269E0,
-1.399999998563E0));
#2674=LINE('',#2673,#2672);
#2675=CURVE_STYLE('',#65,POSITIVE_LENGTH_MEASURE(2.E-2),#24);
#2676=PRESENTATION_STYLE_ASSIGNMENT((#2675));
#2677=STYLED_ITEM('',(#2676),#2674);
#2678=CARTESIAN_POINT('',(1.915129600368E0,3.415328725266E0,-1.399999998563E0));
#2679=CARTESIAN_POINT('',(1.944201105524E0,3.415328827852E0,-1.399999998563E0));
#2680=CARTESIAN_POINT('',(2.002083433699E0,3.412806829020E0,-1.400000000697E0));
#2681=CARTESIAN_POINT('',(2.088510479683E0,3.401463529514E0,-1.399999999715E0));
#2682=CARTESIAN_POINT('',(2.145082053044E0,3.388963935810E0,-1.400000000199E0));
#2683=CARTESIAN_POINT('',(2.173168970860E0,3.381462105387E0,-1.400000000199E0));
#2685=CURVE_STYLE('',#65,POSITIVE_LENGTH_MEASURE(2.E-2),#24);
#2686=PRESENTATION_STYLE_ASSIGNMENT((#2685));
#2687=STYLED_ITEM('',(#2686),#2684);
#2688=CARTESIAN_POINT('',(2.173168970707E0,-3.381462105421E0,
-1.400000000200E0));
#2689=CARTESIAN_POINT('',(2.173983337197E0,-3.391782296856E0,
-2.333333522284E-1));
#2690=CARTESIAN_POINT('',(2.174803762994E0,-3.402099866283E0,
9.333333147244E-1));
#2691=CARTESIAN_POINT('',(2.175630070357E0,-3.412414912853E0,2.099999999799E0));
#2693=CURVE_STYLE('',#65,POSITIVE_LENGTH_MEASURE(2.E-2),#24);
#2694=PRESENTATION_STYLE_ASSIGNMENT((#2693));
#2695=STYLED_ITEM('',(#2694),#2692);
#2696=DIRECTION('',(1.141791426306E-3,8.726529808420E-3,-9.999612712450E-1));
#2697=VECTOR('',#2696,3.500135555886E0);
#2698=CARTESIAN_POINT('',(6.208739748652E-1,-3.445872762531E0,
2.100000001431E0));
#2699=LINE('',#2698,#2697);
#2700=CURVE_STYLE('',#65,POSITIVE_LENGTH_MEASURE(2.E-2),#24);
#2701=PRESENTATION_STYLE_ASSIGNMENT((#2700));
#2702=STYLED_ITEM('',(#2701),#2699);
#2703=DIRECTION('',(1.E0,1.675497661493E-12,1.479999988583E-14));
#2704=VECTOR('',#2703,1.290259200734E0);
#2705=CARTESIAN_POINT('',(6.248703996338E-1,-3.415328725269E0,
-1.399999998563E0));
#2706=LINE('',#2705,#2704);
#2707=CURVE_STYLE('',#65,POSITIVE_LENGTH_MEASURE(2.E-2),#24);
#2708=PRESENTATION_STYLE_ASSIGNMENT((#2707));
#2709=STYLED_ITEM('',(#2708),#2706);
#2710=DIRECTION('',(1.141791426238E-3,-8.726529809646E-3,9.999612712450E-1));
#2711=VECTOR('',#2710,3.500135555886E0);
#2712=CARTESIAN_POINT('',(1.915129600368E0,-3.415328725266E0,
-1.399999998563E0));
#2713=LINE('',#2712,#2711);
#2714=CURVE_STYLE('',#65,POSITIVE_LENGTH_MEASURE(2.E-2),#24);
#2715=PRESENTATION_STYLE_ASSIGNMENT((#2714));
#2716=STYLED_ITEM('',(#2715),#2713);
#2717=CARTESIAN_POINT('',(3.643699295213E-1,-3.412414912823E0,
2.099999999799E0));
#2718=CARTESIAN_POINT('',(3.651962368851E-1,-3.402099866256E0,
9.333333147244E-1));
#2719=CARTESIAN_POINT('',(3.660166626405E-1,-3.391782296820E0,
-2.333333522284E-1));
#2720=CARTESIAN_POINT('',(3.668310291308E-1,-3.381462105387E0,
-1.400000000200E0));
#2722=CURVE_STYLE('',#65,POSITIVE_LENGTH_MEASURE(2.E-2),#24);
#2723=PRESENTATION_STYLE_ASSIGNMENT((#2722));
#2724=STYLED_ITEM('',(#2723),#2721);
#2725=CARTESIAN_POINT('',(-9.713798173411E-1,-2.727843946582E0,
2.099999757016E0));
#2726=CARTESIAN_POINT('',(-9.804733492087E-1,-2.715543007073E0,
1.709391298443E0));
#2727=CARTESIAN_POINT('',(-9.987004003439E-1,-2.691046737683E0,
9.293200742756E-1));
#2728=CARTESIAN_POINT('',(-1.025893155095E0,-2.654432525409E0,
-2.373483986707E-1));
#2729=CARTESIAN_POINT('',(-1.043974376314E0,-2.630079474308E0,
-1.012831766781E0));
#2730=CARTESIAN_POINT('',(-1.053038781662E0,-2.617947392602E0,
-1.400000184490E0));
#2732=CURVE_STYLE('',#65,POSITIVE_LENGTH_MEASURE(2.E-2),#24);
#2733=PRESENTATION_STYLE_ASSIGNMENT((#2732));
#2734=STYLED_ITEM('',(#2733),#2731);
#2735=CARTESIAN_POINT('',(-9.713798173411E-1,-2.727843946582E0,
2.099999757016E0));
#2736=CARTESIAN_POINT('',(-1.001465915413E0,-2.703099965894E0,
2.099999757016E0));
#2737=CARTESIAN_POINT('',(-1.065357423882E0,-2.661924030291E0,
2.100000261522E0));
#2738=CARTESIAN_POINT('',(-1.174812304844E0,-2.622728838597E0,
2.099999449150E0));
#2739=CARTESIAN_POINT('',(-1.250267286275E0,-2.613955962838E0,
2.100001110969E0));
#2740=CARTESIAN_POINT('',(-1.289157582916E0,-2.613936006487E0,
2.100001110969E0));
#2742=CURVE_STYLE('',#65,POSITIVE_LENGTH_MEASURE(2.E-2),#24);
#2743=PRESENTATION_STYLE_ASSIGNMENT((#2742));
#2744=STYLED_ITEM('',(#2743),#2741);
#2745=CARTESIAN_POINT('',(-1.385219758482E0,-2.491713315899E0,
-1.399998872599E0));
#2746=CARTESIAN_POINT('',(-1.344110693788E0,-2.491735378401E0,
-1.399998872599E0));
#2747=CARTESIAN_POINT('',(-1.264620479120E0,-2.501495952224E0,
-1.400000550719E0));
#2748=CARTESIAN_POINT('',(-1.149786433418E0,-2.545096092356E0,
-1.399999763584E0));
#2749=CARTESIAN_POINT('',(-1.083828588029E0,-2.590607116689E0,
-1.400000184490E0));
#2750=CARTESIAN_POINT('',(-1.053038781662E0,-2.617947392602E0,
-1.400000184490E0));
#2752=CURVE_STYLE('',#65,POSITIVE_LENGTH_MEASURE(2.E-2),#24);
#2753=PRESENTATION_STYLE_ASSIGNMENT((#2752));
#2754=STYLED_ITEM('',(#2753),#2751);
#2755=DIRECTION('',(3.487826274236E-2,-3.487826274255E-2,-9.987827659587E-1));
#2756=VECTOR('',#2755,2.758592777546E0);
#2757=CARTESIAN_POINT('',(-4.287960538270E0,2.587960538270E0,1.355234924506E0));
#2758=LINE('',#2757,#2756);
#2759=CURVE_STYLE('',#65,POSITIVE_LENGTH_MEASURE(2.E-2),#24);
#2760=PRESENTATION_STYLE_ASSIGNMENT((#2759));
#2761=STYLED_ITEM('',(#2760),#2758);
#2762=CARTESIAN_POINT('',(-1.053036457042E0,2.617944763813E0,
-1.400000156795E0));
#2763=CARTESIAN_POINT('',(-1.043972105908E0,2.630076853493E0,
-1.012831737796E0));
#2764=CARTESIAN_POINT('',(-1.025884728407E0,2.654422921676E0,
-2.373482943234E-1));
#2765=CARTESIAN_POINT('',(-9.986923509153E-1,2.691037129538E0,
9.293201890232E-1));
#2766=CARTESIAN_POINT('',(-9.804711320300E-1,2.715540388124E0,
1.709391328996E0));
#2767=CARTESIAN_POINT('',(-9.713776607750E-1,2.727841319173E0,
2.099999789450E0));
#2769=CURVE_STYLE('',#65,POSITIVE_LENGTH_MEASURE(2.E-2),#24);
#2770=PRESENTATION_STYLE_ASSIGNMENT((#2769));
#2771=STYLED_ITEM('',(#2770),#2768);
#2772=CARTESIAN_POINT('',(3.643699295213E-1,3.412414912823E0,2.099999999799E0));
#2773=CARTESIAN_POINT('',(3.651962368851E-1,3.402099866256E0,
9.333333147244E-1));
#2774=CARTESIAN_POINT('',(3.660166626405E-1,3.391782296820E0,
-2.333333522284E-1));
#2775=CARTESIAN_POINT('',(3.668310291308E-1,3.381462105387E0,
-1.400000000200E0));
#2777=CURVE_STYLE('',#65,POSITIVE_LENGTH_MEASURE(2.E-2),#24);
#2778=PRESENTATION_STYLE_ASSIGNMENT((#2777));
#2779=STYLED_ITEM('',(#2778),#2776);
#2780=DIRECTION('',(1.141791426306E-3,-8.726529808419E-3,-9.999612712450E-1));
#2781=VECTOR('',#2780,3.500135555886E0);
#2782=CARTESIAN_POINT('',(6.208739748652E-1,3.445872762531E0,2.100000001431E0));
#2783=LINE('',#2782,#2781);
#2784=CURVE_STYLE('',#65,POSITIVE_LENGTH_MEASURE(2.E-2),#24);
#2785=PRESENTATION_STYLE_ASSIGNMENT((#2784));
#2786=STYLED_ITEM('',(#2785),#2783);
#2787=DIRECTION('',(1.E0,1.635764488922E-12,-1.470888185354E-14));
#2788=VECTOR('',#2787,1.298252050271E0);
#2789=CARTESIAN_POINT('',(6.208739748652E-1,3.445872762531E0,2.100000001431E0));
#2790=LINE('',#2789,#2788);
#2791=CURVE_STYLE('',#65,POSITIVE_LENGTH_MEASURE(2.E-2),#24);
#2792=PRESENTATION_STYLE_ASSIGNMENT((#2791));
#2793=STYLED_ITEM('',(#2792),#2790);
#2794=DIRECTION('',(1.141791426238E-3,8.726529809642E-3,9.999612712450E-1));
#2795=VECTOR('',#2794,3.500135555886E0);
#2796=CARTESIAN_POINT('',(1.915129600368E0,3.415328725266E0,-1.399999998563E0));
#2797=LINE('',#2796,#2795);
#2798=CURVE_STYLE('',#65,POSITIVE_LENGTH_MEASURE(2.E-2),#24);
#2799=PRESENTATION_STYLE_ASSIGNMENT((#2798));
#2800=STYLED_ITEM('',(#2799),#2797);
#2801=DIRECTION('',(-3.487826274234E-2,-3.487826274235E-2,9.987827659587E-1));
#2802=VECTOR('',#2801,6.007312305034E-1);
#2803=CARTESIAN_POINT('',(4.510182751894E0,-2.593015846102E0,1.5E0));
#2804=LINE('',#2803,#2802);
#2805=CURVE_STYLE('',#65,POSITIVE_LENGTH_MEASURE(2.E-2),#24);
#2806=PRESENTATION_STYLE_ASSIGNMENT((#2805));
#2807=STYLED_ITEM('',(#2806),#2804);
#2808=CARTESIAN_POINT('',(3.643164740367E0,-2.613968307797E0,2.1E0));
#2809=CARTESIAN_POINT('',(3.649523888753E0,-2.605253413788E0,1.850438087835E0));
#2810=CARTESIAN_POINT('',(3.655812522721E0,-2.596538457798E0,1.600874400743E0));
#2811=CARTESIAN_POINT('',(3.662032294892E0,-2.587823441278E0,1.351308980321E0));
#2813=CURVE_STYLE('',#65,POSITIVE_LENGTH_MEASURE(2.E-2),#24);
#2814=PRESENTATION_STYLE_ASSIGNMENT((#2813));
#2815=STYLED_ITEM('',(#2814),#2812);
#2816=DIRECTION('',(0.E0,0.E0,1.E0));
#2817=VECTOR('',#2816,2.E-1);
#2818=CARTESIAN_POINT('',(-3.51E0,2.9E0,2.1E0));
#2819=LINE('',#2818,#2817);
#2820=CURVE_STYLE('',#65,POSITIVE_LENGTH_MEASURE(2.E-2),#24);
#2821=PRESENTATION_STYLE_ASSIGNMENT((#2820));
#2822=STYLED_ITEM('',(#2821),#2819);
#2823=DIRECTION('',(0.E0,1.E0,0.E0));
#2824=VECTOR('',#2823,2.5E-1);
#2825=CARTESIAN_POINT('',(-4.11E0,2.9E0,2.3E0));
#2826=LINE('',#2825,#2824);
#2827=CURVE_STYLE('',#65,POSITIVE_LENGTH_MEASURE(2.E-2),#24);
#2828=PRESENTATION_STYLE_ASSIGNMENT((#2827));
#2829=STYLED_ITEM('',(#2828),#2826);
#2830=DIRECTION('',(0.E0,-1.E0,0.E0));
#2831=VECTOR('',#2830,2.5E-1);
#2832=CARTESIAN_POINT('',(-3.51E0,3.15E0,2.3E0));
#2833=LINE('',#2832,#2831);
#2834=CURVE_STYLE('',#65,POSITIVE_LENGTH_MEASURE(2.E-2),#24);
#2835=PRESENTATION_STYLE_ASSIGNMENT((#2834));
#2836=STYLED_ITEM('',(#2835),#2833);
#2837=CARTESIAN_POINT('',(-3.81E0,2.9E0,2.3E0));
#2838=DIRECTION('',(0.E0,1.E0,0.E0));
#2839=DIRECTION('',(-1.E0,0.E0,0.E0));
#2840=AXIS2_PLACEMENT_3D('',#2837,#2838,#2839);
#2842=CURVE_STYLE('',#65,POSITIVE_LENGTH_MEASURE(2.E-2),#24);
#2843=PRESENTATION_STYLE_ASSIGNMENT((#2842));
#2844=STYLED_ITEM('',(#2843),#2841);
#2845=CARTESIAN_POINT('',(-3.81E0,2.9E0,2.3E0));
#2846=DIRECTION('',(0.E0,1.E0,0.E0));
#2847=DIRECTION('',(0.E0,0.E0,1.E0));
#2848=AXIS2_PLACEMENT_3D('',#2845,#2846,#2847);
#2850=CURVE_STYLE('',#65,POSITIVE_LENGTH_MEASURE(2.E-2),#24);
#2851=PRESENTATION_STYLE_ASSIGNMENT((#2850));
#2852=STYLED_ITEM('',(#2851),#2849);
#2853=DIRECTION('',(0.E0,0.E0,-1.E0));
#2854=VECTOR('',#2853,2.E-1);
#2855=CARTESIAN_POINT('',(-4.11E0,2.9E0,2.3E0));
#2856=LINE('',#2855,#2854);
#2857=CURVE_STYLE('',#65,POSITIVE_LENGTH_MEASURE(2.E-2),#24);
#2858=PRESENTATION_STYLE_ASSIGNMENT((#2857));
#2859=STYLED_ITEM('',(#2858),#2856);
#2860=DIRECTION('',(0.E0,1.E0,0.E0));
#2861=VECTOR('',#2860,2.5E-1);
#2862=CARTESIAN_POINT('',(-4.11E0,2.9E0,2.1E0));
#2863=LINE('',#2862,#2861);
#2864=CURVE_STYLE('',#65,POSITIVE_LENGTH_MEASURE(2.E-2),#24);
#2865=PRESENTATION_STYLE_ASSIGNMENT((#2864));
#2866=STYLED_ITEM('',(#2865),#2863);
#2867=DIRECTION('',(0.E0,0.E0,1.E0));
#2868=VECTOR('',#2867,2.E-1);
#2869=CARTESIAN_POINT('',(-4.11E0,3.15E0,2.1E0));
#2870=LINE('',#2869,#2868);
#2871=CURVE_STYLE('',#65,POSITIVE_LENGTH_MEASURE(2.E-2),#24);
#2872=PRESENTATION_STYLE_ASSIGNMENT((#2871));
#2873=STYLED_ITEM('',(#2872),#2870);
#2874=CARTESIAN_POINT('',(-3.81E0,3.15E0,2.3E0));
#2875=DIRECTION('',(0.E0,-1.E0,0.E0));
#2876=DIRECTION('',(1.E0,0.E0,0.E0));
#2877=AXIS2_PLACEMENT_3D('',#2874,#2875,#2876);
#2879=CURVE_STYLE('',#65,POSITIVE_LENGTH_MEASURE(2.E-2),#24);
#2880=PRESENTATION_STYLE_ASSIGNMENT((#2879));
#2881=STYLED_ITEM('',(#2880),#2878);
#2882=CARTESIAN_POINT('',(-3.81E0,3.15E0,2.3E0));
#2883=DIRECTION('',(0.E0,-1.E0,0.E0));
#2884=DIRECTION('',(0.E0,0.E0,1.E0));
#2885=AXIS2_PLACEMENT_3D('',#2882,#2883,#2884);
#2887=CURVE_STYLE('',#65,POSITIVE_LENGTH_MEASURE(2.E-2),#24);
#2888=PRESENTATION_STYLE_ASSIGNMENT((#2887));
#2889=STYLED_ITEM('',(#2888),#2886);
#2890=DIRECTION('',(0.E0,0.E0,1.E0));
#2891=VECTOR('',#2890,2.E-1);
#2892=CARTESIAN_POINT('',(-3.51E0,3.15E0,2.1E0));
#2893=LINE('',#2892,#2891);
#2894=CURVE_STYLE('',#65,POSITIVE_LENGTH_MEASURE(2.E-2),#24);
#2895=PRESENTATION_STYLE_ASSIGNMENT((#2894));
#2896=STYLED_ITEM('',(#2895),#2893);
#2897=DIRECTION('',(0.E0,0.E0,1.E0));
#2898=VECTOR('',#2897,2.E-1);
#2899=CARTESIAN_POINT('',(4.11E0,2.9E0,2.1E0));
#2900=LINE('',#2899,#2898);
#2901=CURVE_STYLE('',#65,POSITIVE_LENGTH_MEASURE(2.E-2),#24);
#2902=PRESENTATION_STYLE_ASSIGNMENT((#2901));
#2903=STYLED_ITEM('',(#2902),#2900);
#2904=DIRECTION('',(0.E0,1.E0,0.E0));
#2905=VECTOR('',#2904,2.5E-1);
#2906=CARTESIAN_POINT('',(3.51E0,2.9E0,2.3E0));
#2907=LINE('',#2906,#2905);
#2908=CURVE_STYLE('',#65,POSITIVE_LENGTH_MEASURE(2.E-2),#24);
#2909=PRESENTATION_STYLE_ASSIGNMENT((#2908));
#2910=STYLED_ITEM('',(#2909),#2907);
#2911=DIRECTION('',(0.E0,-1.E0,0.E0));
#2912=VECTOR('',#2911,2.5E-1);
#2913=CARTESIAN_POINT('',(4.11E0,3.15E0,2.3E0));
#2914=LINE('',#2913,#2912);
#2915=CURVE_STYLE('',#65,POSITIVE_LENGTH_MEASURE(2.E-2),#24);
#2916=PRESENTATION_STYLE_ASSIGNMENT((#2915));
#2917=STYLED_ITEM('',(#2916),#2914);
#2918=CARTESIAN_POINT('',(3.81E0,2.9E0,2.3E0));
#2919=DIRECTION('',(0.E0,1.E0,0.E0));
#2920=DIRECTION('',(-1.E0,0.E0,0.E0));
#2921=AXIS2_PLACEMENT_3D('',#2918,#2919,#2920);
#2923=CURVE_STYLE('',#65,POSITIVE_LENGTH_MEASURE(2.E-2),#24);
#2924=PRESENTATION_STYLE_ASSIGNMENT((#2923));
#2925=STYLED_ITEM('',(#2924),#2922);
#2926=CARTESIAN_POINT('',(3.81E0,2.9E0,2.3E0));
#2927=DIRECTION('',(0.E0,1.E0,0.E0));
#2928=DIRECTION('',(0.E0,0.E0,1.E0));
#2929=AXIS2_PLACEMENT_3D('',#2926,#2927,#2928);
#2931=CURVE_STYLE('',#65,POSITIVE_LENGTH_MEASURE(2.E-2),#24);
#2932=PRESENTATION_STYLE_ASSIGNMENT((#2931));
#2933=STYLED_ITEM('',(#2932),#2930);
#2934=DIRECTION('',(0.E0,0.E0,-1.E0));
#2935=VECTOR('',#2934,2.E-1);
#2936=CARTESIAN_POINT('',(3.51E0,2.9E0,2.3E0));
#2937=LINE('',#2936,#2935);
#2938=CURVE_STYLE('',#65,POSITIVE_LENGTH_MEASURE(2.E-2),#24);
#2939=PRESENTATION_STYLE_ASSIGNMENT((#2938));
#2940=STYLED_ITEM('',(#2939),#2937);
#2941=DIRECTION('',(0.E0,1.E0,0.E0));
#2942=VECTOR('',#2941,2.5E-1);
#2943=CARTESIAN_POINT('',(3.51E0,2.9E0,2.1E0));
#2944=LINE('',#2943,#2942);
#2945=CURVE_STYLE('',#65,POSITIVE_LENGTH_MEASURE(2.E-2),#24);
#2946=PRESENTATION_STYLE_ASSIGNMENT((#2945));
#2947=STYLED_ITEM('',(#2946),#2944);
#2948=DIRECTION('',(0.E0,0.E0,1.E0));
#2949=VECTOR('',#2948,2.E-1);
#2950=CARTESIAN_POINT('',(3.51E0,3.15E0,2.1E0));
#2951=LINE('',#2950,#2949);
#2952=CURVE_STYLE('',#65,POSITIVE_LENGTH_MEASURE(2.E-2),#24);
#2953=PRESENTATION_STYLE_ASSIGNMENT((#2952));
#2954=STYLED_ITEM('',(#2953),#2951);
#2955=CARTESIAN_POINT('',(3.81E0,3.15E0,2.3E0));
#2956=DIRECTION('',(0.E0,-1.E0,0.E0));
#2957=DIRECTION('',(1.E0,0.E0,0.E0));
#2958=AXIS2_PLACEMENT_3D('',#2955,#2956,#2957);
#2960=CURVE_STYLE('',#65,POSITIVE_LENGTH_MEASURE(2.E-2),#24);
#2961=PRESENTATION_STYLE_ASSIGNMENT((#2960));
#2962=STYLED_ITEM('',(#2961),#2959);
#2963=CARTESIAN_POINT('',(3.81E0,3.15E0,2.3E0));
#2964=DIRECTION('',(0.E0,-1.E0,0.E0));
#2965=DIRECTION('',(0.E0,0.E0,1.E0));
#2966=AXIS2_PLACEMENT_3D('',#2963,#2964,#2965);
#2968=CURVE_STYLE('',#65,POSITIVE_LENGTH_MEASURE(2.E-2),#24);
#2969=PRESENTATION_STYLE_ASSIGNMENT((#2968));
#2970=STYLED_ITEM('',(#2969),#2967);
#2971=DIRECTION('',(0.E0,0.E0,1.E0));
#2972=VECTOR('',#2971,2.E-1);
#2973=CARTESIAN_POINT('',(4.11E0,3.15E0,2.1E0));
#2974=LINE('',#2973,#2972);
#2975=CURVE_STYLE('',#65,POSITIVE_LENGTH_MEASURE(2.E-2),#24);
#2976=PRESENTATION_STYLE_ASSIGNMENT((#2975));
#2977=STYLED_ITEM('',(#2976),#2974);
#2978=DIRECTION('',(0.E0,1.E0,0.E0));
#2979=VECTOR('',#2978,7.433650537966E0);
#2980=CARTESIAN_POINT('',(6.066825268983E0,-3.716825268983E0,1.5E0));
#2981=LINE('',#2980,#2979);
#2982=CURVE_STYLE('',#65,POSITIVE_LENGTH_MEASURE(2.E-2),#24);
#2983=PRESENTATION_STYLE_ASSIGNMENT((#2982));
#2984=STYLED_ITEM('',(#2983),#2981);
#2985=DIRECTION('',(3.487826274232E-2,3.487826274233E-2,-9.987827659587E-1));
#2986=VECTOR('',#2985,9.511577816299E-1);
#2987=CARTESIAN_POINT('',(6.066825268983E0,3.716825268983E0,1.5E0));
#2988=LINE('',#2987,#2986);
#2989=CURVE_STYLE('',#65,POSITIVE_LENGTH_MEASURE(2.E-2),#24);
#2990=PRESENTATION_STYLE_ASSIGNMENT((#2989));
#2991=STYLED_ITEM('',(#2990),#2988);
#2992=DIRECTION('',(0.E0,-1.E0,0.E0));
#2993=VECTOR('',#2992,2.5E-1);
#2994=CARTESIAN_POINT('',(-3.51E0,-2.9E0,2.1E0));
#2995=LINE('',#2994,#2993);
#2996=CURVE_STYLE('',#65,POSITIVE_LENGTH_MEASURE(2.E-2),#24);
#2997=PRESENTATION_STYLE_ASSIGNMENT((#2996));
#2998=STYLED_ITEM('',(#2997),#2995);
#2999=DIRECTION('',(0.E0,0.E0,1.E0));
#3000=VECTOR('',#2999,2.E-1);
#3001=CARTESIAN_POINT('',(-3.51E0,-3.15E0,2.1E0));
#3002=LINE('',#3001,#3000);
#3003=CURVE_STYLE('',#65,POSITIVE_LENGTH_MEASURE(2.E-2),#24);
#3004=PRESENTATION_STYLE_ASSIGNMENT((#3003));
#3005=STYLED_ITEM('',(#3004),#3002);
#3006=DIRECTION('',(0.E0,1.E0,0.E0));
#3007=VECTOR('',#3006,2.5E-1);
#3008=CARTESIAN_POINT('',(-4.11E0,-3.15E0,2.3E0));
#3009=LINE('',#3008,#3007);
#3010=CURVE_STYLE('',#65,POSITIVE_LENGTH_MEASURE(2.E-2),#24);
#3011=PRESENTATION_STYLE_ASSIGNMENT((#3010));
#3012=STYLED_ITEM('',(#3011),#3009);
#3013=DIRECTION('',(0.E0,-1.E0,0.E0));
#3014=VECTOR('',#3013,2.5E-1);
#3015=CARTESIAN_POINT('',(-3.51E0,-2.9E0,2.3E0));
#3016=LINE('',#3015,#3014);
#3017=CURVE_STYLE('',#65,POSITIVE_LENGTH_MEASURE(2.E-2),#24);
#3018=PRESENTATION_STYLE_ASSIGNMENT((#3017));
#3019=STYLED_ITEM('',(#3018),#3016);
#3020=CARTESIAN_POINT('',(-3.81E0,-3.15E0,2.3E0));
#3021=DIRECTION('',(0.E0,1.E0,0.E0));
#3022=DIRECTION('',(-1.E0,0.E0,0.E0));
#3023=AXIS2_PLACEMENT_3D('',#3020,#3021,#3022);
#3025=CURVE_STYLE('',#65,POSITIVE_LENGTH_MEASURE(2.E-2),#24);
#3026=PRESENTATION_STYLE_ASSIGNMENT((#3025));
#3027=STYLED_ITEM('',(#3026),#3024);
#3028=CARTESIAN_POINT('',(-3.81E0,-3.15E0,2.3E0));
#3029=DIRECTION('',(0.E0,1.E0,0.E0));
#3030=DIRECTION('',(0.E0,0.E0,1.E0));
#3031=AXIS2_PLACEMENT_3D('',#3028,#3029,#3030);
#3033=CURVE_STYLE('',#65,POSITIVE_LENGTH_MEASURE(2.E-2),#24);
#3034=PRESENTATION_STYLE_ASSIGNMENT((#3033));
#3035=STYLED_ITEM('',(#3034),#3032);
#3036=DIRECTION('',(-1.E0,0.E0,0.E0));
#3037=VECTOR('',#3036,6.E-1);
#3038=CARTESIAN_POINT('',(-3.51E0,-3.15E0,2.1E0));
#3039=LINE('',#3038,#3037);
#3040=CURVE_STYLE('',#65,POSITIVE_LENGTH_MEASURE(2.E-2),#24);
#3041=PRESENTATION_STYLE_ASSIGNMENT((#3040));
#3042=STYLED_ITEM('',(#3041),#3039);
#3043=DIRECTION('',(0.E0,0.E0,1.E0));
#3044=VECTOR('',#3043,2.E-1);
#3045=CARTESIAN_POINT('',(-4.11E0,-3.15E0,2.1E0));
#3046=LINE('',#3045,#3044);
#3047=CURVE_STYLE('',#65,POSITIVE_LENGTH_MEASURE(2.E-2),#24);
#3048=PRESENTATION_STYLE_ASSIGNMENT((#3047));
#3049=STYLED_ITEM('',(#3048),#3046);
#3050=CARTESIAN_POINT('',(-3.81E0,-2.9E0,2.3E0));
#3051=DIRECTION('',(0.E0,-1.E0,0.E0));
#3052=DIRECTION('',(1.E0,0.E0,0.E0));
#3053=AXIS2_PLACEMENT_3D('',#3050,#3051,#3052);
#3055=CURVE_STYLE('',#65,POSITIVE_LENGTH_MEASURE(2.E-2),#24);
#3056=PRESENTATION_STYLE_ASSIGNMENT((#3055));
#3057=STYLED_ITEM('',(#3056),#3054);
#3058=CARTESIAN_POINT('',(-3.81E0,-2.9E0,2.3E0));
#3059=DIRECTION('',(0.E0,-1.E0,0.E0));
#3060=DIRECTION('',(0.E0,0.E0,1.E0));
#3061=AXIS2_PLACEMENT_3D('',#3058,#3059,#3060);
#3063=CURVE_STYLE('',#65,POSITIVE_LENGTH_MEASURE(2.E-2),#24);
#3064=PRESENTATION_STYLE_ASSIGNMENT((#3063));
#3065=STYLED_ITEM('',(#3064),#3062);
#3066=DIRECTION('',(0.E0,0.E0,-1.E0));
#3067=VECTOR('',#3066,2.E-1);
#3068=CARTESIAN_POINT('',(-4.11E0,-2.9E0,2.3E0));
#3069=LINE('',#3068,#3067);
#3070=CURVE_STYLE('',#65,POSITIVE_LENGTH_MEASURE(2.E-2),#24);
#3071=PRESENTATION_STYLE_ASSIGNMENT((#3070));
#3072=STYLED_ITEM('',(#3071),#3069);
#3073=DIRECTION('',(1.E0,0.E0,0.E0));
#3074=VECTOR('',#3073,6.E-1);
#3075=CARTESIAN_POINT('',(-4.11E0,-2.9E0,2.1E0));
#3076=LINE('',#3075,#3074);
#3077=CURVE_STYLE('',#65,POSITIVE_LENGTH_MEASURE(2.E-2),#24);
#3078=PRESENTATION_STYLE_ASSIGNMENT((#3077));
#3079=STYLED_ITEM('',(#3078),#3076);
#3080=DIRECTION('',(0.E0,0.E0,1.E0));
#3081=VECTOR('',#3080,2.E-1);
#3082=CARTESIAN_POINT('',(-3.51E0,-2.9E0,2.1E0));
#3083=LINE('',#3082,#3081);
#3084=CURVE_STYLE('',#65,POSITIVE_LENGTH_MEASURE(2.E-2),#24);
#3085=PRESENTATION_STYLE_ASSIGNMENT((#3084));
#3086=STYLED_ITEM('',(#3085),#3083);
#3087=CARTESIAN_POINT('',(-1.27E0,-3.15E0,2.3E0));
#3088=DIRECTION('',(0.E0,1.E0,0.E0));
#3089=DIRECTION('',(-1.E0,0.E0,0.E0));
#3090=AXIS2_PLACEMENT_3D('',#3087,#3088,#3089);
#3092=CURVE_STYLE('',#65,POSITIVE_LENGTH_MEASURE(2.E-2),#24);
#3093=PRESENTATION_STYLE_ASSIGNMENT((#3092));
#3094=STYLED_ITEM('',(#3093),#3091);
#3095=CARTESIAN_POINT('',(-1.27E0,-3.15E0,2.3E0));
#3096=DIRECTION('',(0.E0,1.E0,0.E0));
#3097=DIRECTION('',(0.E0,0.E0,1.E0));
#3098=AXIS2_PLACEMENT_3D('',#3095,#3096,#3097);
#3100=CURVE_STYLE('',#65,POSITIVE_LENGTH_MEASURE(2.E-2),#24);
#3101=PRESENTATION_STYLE_ASSIGNMENT((#3100));
#3102=STYLED_ITEM('',(#3101),#3099);
#3103=DIRECTION('',(-1.E0,0.E0,0.E0));
#3104=VECTOR('',#3103,6.E-1);
#3105=CARTESIAN_POINT('',(-9.7E-1,-3.15E0,2.1E0));
#3106=LINE('',#3105,#3104);
#3107=CURVE_STYLE('',#65,POSITIVE_LENGTH_MEASURE(2.E-2),#24);
#3108=PRESENTATION_STYLE_ASSIGNMENT((#3107));
#3109=STYLED_ITEM('',(#3108),#3106);
#3110=DIRECTION('',(0.E0,0.E0,1.E0));
#3111=VECTOR('',#3110,2.E-1);
#3112=CARTESIAN_POINT('',(-1.57E0,-3.15E0,2.1E0));
#3113=LINE('',#3112,#3111);
#3114=CURVE_STYLE('',#65,POSITIVE_LENGTH_MEASURE(2.E-2),#24);
#3115=PRESENTATION_STYLE_ASSIGNMENT((#3114));
#3116=STYLED_ITEM('',(#3115),#3113);
#3117=DIRECTION('',(0.E0,1.E0,0.E0));
#3118=VECTOR('',#3117,2.5E-1);
#3119=CARTESIAN_POINT('',(-1.57E0,-3.15E0,2.3E0));
#3120=LINE('',#3119,#3118);
#3121=CURVE_STYLE('',#65,POSITIVE_LENGTH_MEASURE(2.E-2),#24);
#3122=PRESENTATION_STYLE_ASSIGNMENT((#3121));
#3123=STYLED_ITEM('',(#3122),#3120);
#3124=DIRECTION('',(0.E0,-1.E0,0.E0));
#3125=VECTOR('',#3124,2.5E-1);
#3126=CARTESIAN_POINT('',(-9.7E-1,-2.9E0,2.3E0));
#3127=LINE('',#3126,#3125);
#3128=CURVE_STYLE('',#65,POSITIVE_LENGTH_MEASURE(2.E-2),#24);
#3129=PRESENTATION_STYLE_ASSIGNMENT((#3128));
#3130=STYLED_ITEM('',(#3129),#3127);
#3131=CARTESIAN_POINT('',(-1.27E0,-2.9E0,2.3E0));
#3132=DIRECTION('',(0.E0,-1.E0,0.E0));
#3133=DIRECTION('',(1.E0,0.E0,0.E0));
#3134=AXIS2_PLACEMENT_3D('',#3131,#3132,#3133);
#3136=CURVE_STYLE('',#65,POSITIVE_LENGTH_MEASURE(2.E-2),#24);
#3137=PRESENTATION_STYLE_ASSIGNMENT((#3136));
#3138=STYLED_ITEM('',(#3137),#3135);
#3139=CARTESIAN_POINT('',(-1.27E0,-2.9E0,2.3E0));
#3140=DIRECTION('',(0.E0,-1.E0,0.E0));
#3141=DIRECTION('',(0.E0,0.E0,1.E0));
#3142=AXIS2_PLACEMENT_3D('',#3139,#3140,#3141);
#3144=CURVE_STYLE('',#65,POSITIVE_LENGTH_MEASURE(2.E-2),#24);
#3145=PRESENTATION_STYLE_ASSIGNMENT((#3144));
#3146=STYLED_ITEM('',(#3145),#3143);
#3147=DIRECTION('',(0.E0,0.E0,-1.E0));
#3148=VECTOR('',#3147,2.E-1);
#3149=CARTESIAN_POINT('',(-1.57E0,-2.9E0,2.3E0));
#3150=LINE('',#3149,#3148);
#3151=CURVE_STYLE('',#65,POSITIVE_LENGTH_MEASURE(2.E-2),#24);
#3152=PRESENTATION_STYLE_ASSIGNMENT((#3151));
#3153=STYLED_ITEM('',(#3152),#3150);
#3154=DIRECTION('',(1.E0,0.E0,0.E0));
#3155=VECTOR('',#3154,6.E-1);
#3156=CARTESIAN_POINT('',(-1.57E0,-2.9E0,2.1E0));
#3157=LINE('',#3156,#3155);
#3158=CURVE_STYLE('',#65,POSITIVE_LENGTH_MEASURE(2.E-2),#24);
#3159=PRESENTATION_STYLE_ASSIGNMENT((#3158));
#3160=STYLED_ITEM('',(#3159),#3157);
#3161=DIRECTION('',(0.E0,0.E0,1.E0));
#3162=VECTOR('',#3161,2.E-1);
#3163=CARTESIAN_POINT('',(-9.7E-1,-2.9E0,2.1E0));
#3164=LINE('',#3163,#3162);
#3165=CURVE_STYLE('',#65,POSITIVE_LENGTH_MEASURE(2.E-2),#24);
#3166=PRESENTATION_STYLE_ASSIGNMENT((#3165));
#3167=STYLED_ITEM('',(#3166),#3164);
#3168=DIRECTION('',(0.E0,-1.E0,0.E0));
#3169=VECTOR('',#3168,2.5E-1);
#3170=CARTESIAN_POINT('',(-9.7E-1,-2.9E0,2.1E0));
#3171=LINE('',#3170,#3169);
#3172=CURVE_STYLE('',#65,POSITIVE_LENGTH_MEASURE(2.E-2),#24);
#3173=PRESENTATION_STYLE_ASSIGNMENT((#3172));
#3174=STYLED_ITEM('',(#3173),#3171);
#3175=DIRECTION('',(0.E0,0.E0,1.E0));
#3176=VECTOR('',#3175,2.E-1);
#3177=CARTESIAN_POINT('',(-9.7E-1,-3.15E0,2.1E0));
#3178=LINE('',#3177,#3176);
#3179=CURVE_STYLE('',#65,POSITIVE_LENGTH_MEASURE(2.E-2),#24);
#3180=PRESENTATION_STYLE_ASSIGNMENT((#3179));
#3181=STYLED_ITEM('',(#3180),#3178);
#3182=DIRECTION('',(0.E0,-1.E0,0.E0));
#3183=VECTOR('',#3182,2.5E-1);
#3184=CARTESIAN_POINT('',(4.11E0,-2.9E0,2.1E0));
#3185=LINE('',#3184,#3183);
#3186=CURVE_STYLE('',#65,POSITIVE_LENGTH_MEASURE(2.E-2),#24);
#3187=PRESENTATION_STYLE_ASSIGNMENT((#3186));
#3188=STYLED_ITEM('',(#3187),#3185);
#3189=DIRECTION('',(0.E0,0.E0,1.E0));
#3190=VECTOR('',#3189,2.E-1);
#3191=CARTESIAN_POINT('',(4.11E0,-3.15E0,2.1E0));
#3192=LINE('',#3191,#3190);
#3193=CURVE_STYLE('',#65,POSITIVE_LENGTH_MEASURE(2.E-2),#24);
#3194=PRESENTATION_STYLE_ASSIGNMENT((#3193));
#3195=STYLED_ITEM('',(#3194),#3192);
#3196=DIRECTION('',(0.E0,1.E0,0.E0));
#3197=VECTOR('',#3196,2.5E-1);
#3198=CARTESIAN_POINT('',(3.51E0,-3.15E0,2.3E0));
#3199=LINE('',#3198,#3197);
#3200=CURVE_STYLE('',#65,POSITIVE_LENGTH_MEASURE(2.E-2),#24);
#3201=PRESENTATION_STYLE_ASSIGNMENT((#3200));
#3202=STYLED_ITEM('',(#3201),#3199);
#3203=DIRECTION('',(0.E0,-1.E0,0.E0));
#3204=VECTOR('',#3203,2.5E-1);
#3205=CARTESIAN_POINT('',(4.11E0,-2.9E0,2.3E0));
#3206=LINE('',#3205,#3204);
#3207=CURVE_STYLE('',#65,POSITIVE_LENGTH_MEASURE(2.E-2),#24);
#3208=PRESENTATION_STYLE_ASSIGNMENT((#3207));
#3209=STYLED_ITEM('',(#3208),#3206);
#3210=CARTESIAN_POINT('',(3.81E0,-3.15E0,2.3E0));
#3211=DIRECTION('',(0.E0,1.E0,0.E0));
#3212=DIRECTION('',(-1.E0,0.E0,0.E0));
#3213=AXIS2_PLACEMENT_3D('',#3210,#3211,#3212);
#3215=CURVE_STYLE('',#65,POSITIVE_LENGTH_MEASURE(2.E-2),#24);
#3216=PRESENTATION_STYLE_ASSIGNMENT((#3215));
#3217=STYLED_ITEM('',(#3216),#3214);
#3218=CARTESIAN_POINT('',(3.81E0,-3.15E0,2.3E0));
#3219=DIRECTION('',(0.E0,1.E0,0.E0));
#3220=DIRECTION('',(0.E0,0.E0,1.E0));
#3221=AXIS2_PLACEMENT_3D('',#3218,#3219,#3220);
#3223=CURVE_STYLE('',#65,POSITIVE_LENGTH_MEASURE(2.E-2),#24);
#3224=PRESENTATION_STYLE_ASSIGNMENT((#3223));
#3225=STYLED_ITEM('',(#3224),#3222);
#3226=DIRECTION('',(-1.E0,0.E0,0.E0));
#3227=VECTOR('',#3226,6.E-1);
#3228=CARTESIAN_POINT('',(4.11E0,-3.15E0,2.1E0));
#3229=LINE('',#3228,#3227);
#3230=CURVE_STYLE('',#65,POSITIVE_LENGTH_MEASURE(2.E-2),#24);
#3231=PRESENTATION_STYLE_ASSIGNMENT((#3230));
#3232=STYLED_ITEM('',(#3231),#3229);
#3233=DIRECTION('',(0.E0,0.E0,1.E0));
#3234=VECTOR('',#3233,2.E-1);
#3235=CARTESIAN_POINT('',(3.51E0,-3.15E0,2.1E0));
#3236=LINE('',#3235,#3234);
#3237=CURVE_STYLE('',#65,POSITIVE_LENGTH_MEASURE(2.E-2),#24);
#3238=PRESENTATION_STYLE_ASSIGNMENT((#3237));
#3239=STYLED_ITEM('',(#3238),#3236);
#3240=CARTESIAN_POINT('',(3.81E0,-2.9E0,2.3E0));
#3241=DIRECTION('',(0.E0,-1.E0,0.E0));
#3242=DIRECTION('',(1.E0,0.E0,0.E0));
#3243=AXIS2_PLACEMENT_3D('',#3240,#3241,#3242);
#3245=CURVE_STYLE('',#65,POSITIVE_LENGTH_MEASURE(2.E-2),#24);
#3246=PRESENTATION_STYLE_ASSIGNMENT((#3245));
#3247=STYLED_ITEM('',(#3246),#3244);
#3248=CARTESIAN_POINT('',(3.81E0,-2.9E0,2.3E0));
#3249=DIRECTION('',(0.E0,-1.E0,0.E0));
#3250=DIRECTION('',(0.E0,0.E0,1.E0));
#3251=AXIS2_PLACEMENT_3D('',#3248,#3249,#3250);
#3253=CURVE_STYLE('',#65,POSITIVE_LENGTH_MEASURE(2.E-2),#24);
#3254=PRESENTATION_STYLE_ASSIGNMENT((#3253));
#3255=STYLED_ITEM('',(#3254),#3252);
#3256=DIRECTION('',(0.E0,0.E0,-1.E0));
#3257=VECTOR('',#3256,2.E-1);
#3258=CARTESIAN_POINT('',(3.51E0,-2.9E0,2.3E0));
#3259=LINE('',#3258,#3257);
#3260=CURVE_STYLE('',#65,POSITIVE_LENGTH_MEASURE(2.E-2),#24);
#3261=PRESENTATION_STYLE_ASSIGNMENT((#3260));
#3262=STYLED_ITEM('',(#3261),#3259);
#3263=DIRECTION('',(1.E0,0.E0,0.E0));
#3264=VECTOR('',#3263,6.E-1);
#3265=CARTESIAN_POINT('',(3.51E0,-2.9E0,2.1E0));
#3266=LINE('',#3265,#3264);
#3267=CURVE_STYLE('',#65,POSITIVE_LENGTH_MEASURE(2.E-2),#24);
#3268=PRESENTATION_STYLE_ASSIGNMENT((#3267));
#3269=STYLED_ITEM('',(#3268),#3266);
#3270=DIRECTION('',(0.E0,0.E0,1.E0));
#3271=VECTOR('',#3270,2.E-1);
#3272=CARTESIAN_POINT('',(4.11E0,-2.9E0,2.1E0));
#3273=LINE('',#3272,#3271);
#3274=CURVE_STYLE('',#65,POSITIVE_LENGTH_MEASURE(2.E-2),#24);
#3275=PRESENTATION_STYLE_ASSIGNMENT((#3274));
#3276=STYLED_ITEM('',(#3275),#3273);
#3277=DIRECTION('',(0.E0,0.E0,-1.E0));
#3278=VECTOR('',#3277,1.1E0);
#3279=CARTESIAN_POINT('',(5.15E0,1.8E0,2.6E0));
#3280=LINE('',#3279,#3278);
#3281=CURVE_STYLE('',#65,POSITIVE_LENGTH_MEASURE(2.E-2),#24);
#3282=PRESENTATION_STYLE_ASSIGNMENT((#3281));
#3283=STYLED_ITEM('',(#3282),#3280);
#3284=DIRECTION('',(0.E0,0.E0,-1.E0));
#3285=VECTOR('',#3284,1.1E0);
#3286=CARTESIAN_POINT('',(5.65E0,1.8E0,2.6E0));
#3287=LINE('',#3286,#3285);
#3288=CURVE_STYLE('',#65,POSITIVE_LENGTH_MEASURE(2.E-2),#24);
#3289=PRESENTATION_STYLE_ASSIGNMENT((#3288));
#3290=STYLED_ITEM('',(#3289),#3287);
#3291=CARTESIAN_POINT('',(5.4E0,1.8E0,2.6E0));
#3292=DIRECTION('',(0.E0,0.E0,-1.E0));
#3293=DIRECTION('',(-1.E0,0.E0,0.E0));
#3294=AXIS2_PLACEMENT_3D('',#3291,#3292,#3293);
#3296=CURVE_STYLE('',#65,POSITIVE_LENGTH_MEASURE(2.E-2),#24);
#3297=PRESENTATION_STYLE_ASSIGNMENT((#3296));
#3298=STYLED_ITEM('',(#3297),#3295);
#3299=CARTESIAN_POINT('',(5.4E0,1.8E0,2.6E0));
#3300=DIRECTION('',(0.E0,0.E0,-1.E0));
#3301=DIRECTION('',(1.E0,0.E0,0.E0));
#3302=AXIS2_PLACEMENT_3D('',#3299,#3300,#3301);
#3304=CURVE_STYLE('',#65,POSITIVE_LENGTH_MEASURE(2.E-2),#24);
#3305=PRESENTATION_STYLE_ASSIGNMENT((#3304));
#3306=STYLED_ITEM('',(#3305),#3303);
#3307=DIRECTION('',(0.E0,0.E0,-1.E0));
#3308=VECTOR('',#3307,1.1E0);
#3309=CARTESIAN_POINT('',(5.65E0,-1.8E0,2.6E0));
#3310=LINE('',#3309,#3308);
#3311=CURVE_STYLE('',#65,POSITIVE_LENGTH_MEASURE(2.E-2),#24);
#3312=PRESENTATION_STYLE_ASSIGNMENT((#3311));
#3313=STYLED_ITEM('',(#3312),#3310);
#3314=DIRECTION('',(0.E0,0.E0,-1.E0));
#3315=VECTOR('',#3314,1.1E0);
#3316=CARTESIAN_POINT('',(5.15E0,-1.8E0,2.6E0));
#3317=LINE('',#3316,#3315);
#3318=CURVE_STYLE('',#65,POSITIVE_LENGTH_MEASURE(2.E-2),#24);
#3319=PRESENTATION_STYLE_ASSIGNMENT((#3318));
#3320=STYLED_ITEM('',(#3319),#3317);
#3321=CARTESIAN_POINT('',(5.4E0,-1.8E0,2.6E0));
#3322=DIRECTION('',(0.E0,0.E0,-1.E0));
#3323=DIRECTION('',(1.E0,0.E0,0.E0));
#3324=AXIS2_PLACEMENT_3D('',#3321,#3322,#3323);
#3326=CURVE_STYLE('',#65,POSITIVE_LENGTH_MEASURE(2.E-2),#24);
#3327=PRESENTATION_STYLE_ASSIGNMENT((#3326));
#3328=STYLED_ITEM('',(#3327),#3325);
#3329=CARTESIAN_POINT('',(5.4E0,-1.8E0,2.6E0));
#3330=DIRECTION('',(0.E0,0.E0,-1.E0));
#3331=DIRECTION('',(-1.E0,0.E0,0.E0));
#3332=AXIS2_PLACEMENT_3D('',#3329,#3330,#3331);
#3334=CURVE_STYLE('',#65,POSITIVE_LENGTH_MEASURE(2.E-2),#24);
#3335=PRESENTATION_STYLE_ASSIGNMENT((#3334));
#3336=STYLED_ITEM('',(#3335),#3333);
#3337=DIRECTION('',(0.E0,0.E0,1.E0));
#3338=VECTOR('',#3337,1.1E0);
#3339=CARTESIAN_POINT('',(5.15E0,0.E0,1.5E0));
#3340=LINE('',#3339,#3338);
#3341=CURVE_STYLE('',#65,POSITIVE_LENGTH_MEASURE(2.E-2),#24);
#3342=PRESENTATION_STYLE_ASSIGNMENT((#3341));
#3343=STYLED_ITEM('',(#3342),#3340);
#3344=DIRECTION('',(0.E0,0.E0,1.E0));
#3345=VECTOR('',#3344,1.1E0);
#3346=CARTESIAN_POINT('',(5.65E0,0.E0,1.5E0));
#3347=LINE('',#3346,#3345);
#3348=CURVE_STYLE('',#65,POSITIVE_LENGTH_MEASURE(2.E-2),#24);
#3349=PRESENTATION_STYLE_ASSIGNMENT((#3348));
#3350=STYLED_ITEM('',(#3349),#3347);
#3351=CARTESIAN_POINT('',(5.4E0,0.E0,2.6E0));
#3352=DIRECTION('',(0.E0,0.E0,-1.E0));
#3353=DIRECTION('',(1.E0,0.E0,0.E0));
#3354=AXIS2_PLACEMENT_3D('',#3351,#3352,#3353);
#3356=CURVE_STYLE('',#65,POSITIVE_LENGTH_MEASURE(2.E-2),#24);
#3357=PRESENTATION_STYLE_ASSIGNMENT((#3356));
#3358=STYLED_ITEM('',(#3357),#3355);
#3359=CARTESIAN_POINT('',(5.4E0,0.E0,2.6E0));
#3360=DIRECTION('',(0.E0,0.E0,-1.E0));
#3361=DIRECTION('',(-1.E0,0.E0,0.E0));
#3362=AXIS2_PLACEMENT_3D('',#3359,#3360,#3361);
#3364=CURVE_STYLE('',#65,POSITIVE_LENGTH_MEASURE(2.E-2),#24);
#3365=PRESENTATION_STYLE_ASSIGNMENT((#3364));
#3366=STYLED_ITEM('',(#3365),#3363);
#3367=DIRECTION('',(0.E0,0.E0,-1.E0));
#3368=VECTOR('',#3367,1.1E0);
#3369=CARTESIAN_POINT('',(-5.65E0,1.8E0,2.6E0));
#3370=LINE('',#3369,#3368);
#3371=CURVE_STYLE('',#65,POSITIVE_LENGTH_MEASURE(2.E-2),#24);
#3372=PRESENTATION_STYLE_ASSIGNMENT((#3371));
#3373=STYLED_ITEM('',(#3372),#3370);
#3374=DIRECTION('',(0.E0,0.E0,-1.E0));
#3375=VECTOR('',#3374,1.1E0);
#3376=CARTESIAN_POINT('',(-5.15E0,1.8E0,2.6E0));
#3377=LINE('',#3376,#3375);
#3378=CURVE_STYLE('',#65,POSITIVE_LENGTH_MEASURE(2.E-2),#24);
#3379=PRESENTATION_STYLE_ASSIGNMENT((#3378));
#3380=STYLED_ITEM('',(#3379),#3377);
#3381=CARTESIAN_POINT('',(-5.4E0,1.8E0,2.6E0));
#3382=DIRECTION('',(0.E0,0.E0,-1.E0));
#3383=DIRECTION('',(-1.E0,0.E0,0.E0));
#3384=AXIS2_PLACEMENT_3D('',#3381,#3382,#3383);
#3386=CURVE_STYLE('',#65,POSITIVE_LENGTH_MEASURE(2.E-2),#24);
#3387=PRESENTATION_STYLE_ASSIGNMENT((#3386));
#3388=STYLED_ITEM('',(#3387),#3385);
#3389=CARTESIAN_POINT('',(-5.4E0,1.8E0,2.6E0));
#3390=DIRECTION('',(0.E0,0.E0,-1.E0));
#3391=DIRECTION('',(1.E0,0.E0,0.E0));
#3392=AXIS2_PLACEMENT_3D('',#3389,#3390,#3391);
#3394=CURVE_STYLE('',#65,POSITIVE_LENGTH_MEASURE(2.E-2),#24);
#3395=PRESENTATION_STYLE_ASSIGNMENT((#3394));
#3396=STYLED_ITEM('',(#3395),#3393);
#3397=DIRECTION('',(0.E0,0.E0,-1.E0));
#3398=VECTOR('',#3397,1.1E0);
#3399=CARTESIAN_POINT('',(-5.15E0,-1.8E0,2.6E0));
#3400=LINE('',#3399,#3398);
#3401=CURVE_STYLE('',#65,POSITIVE_LENGTH_MEASURE(2.E-2),#24);
#3402=PRESENTATION_STYLE_ASSIGNMENT((#3401));
#3403=STYLED_ITEM('',(#3402),#3400);
#3404=DIRECTION('',(0.E0,0.E0,-1.E0));
#3405=VECTOR('',#3404,1.1E0);
#3406=CARTESIAN_POINT('',(-5.65E0,-1.8E0,2.6E0));
#3407=LINE('',#3406,#3405);
#3408=CURVE_STYLE('',#65,POSITIVE_LENGTH_MEASURE(2.E-2),#24);
#3409=PRESENTATION_STYLE_ASSIGNMENT((#3408));
#3410=STYLED_ITEM('',(#3409),#3407);
#3411=CARTESIAN_POINT('',(-5.4E0,-1.8E0,2.6E0));
#3412=DIRECTION('',(0.E0,0.E0,-1.E0));
#3413=DIRECTION('',(1.E0,0.E0,0.E0));
#3414=AXIS2_PLACEMENT_3D('',#3411,#3412,#3413);
#3416=CURVE_STYLE('',#65,POSITIVE_LENGTH_MEASURE(2.E-2),#24);
#3417=PRESENTATION_STYLE_ASSIGNMENT((#3416));
#3418=STYLED_ITEM('',(#3417),#3415);
#3419=CARTESIAN_POINT('',(-5.4E0,-1.8E0,2.6E0));
#3420=DIRECTION('',(0.E0,0.E0,-1.E0));
#3421=DIRECTION('',(-1.E0,0.E0,0.E0));
#3422=AXIS2_PLACEMENT_3D('',#3419,#3420,#3421);
#3424=CURVE_STYLE('',#65,POSITIVE_LENGTH_MEASURE(2.E-2),#24);
#3425=PRESENTATION_STYLE_ASSIGNMENT((#3424));
#3426=STYLED_ITEM('',(#3425),#3423);
#3427=DIRECTION('',(0.E0,0.E0,1.E0));
#3428=VECTOR('',#3427,1.1E0);
#3429=CARTESIAN_POINT('',(-5.65E0,0.E0,1.5E0));
#3430=LINE('',#3429,#3428);
#3431=CURVE_STYLE('',#65,POSITIVE_LENGTH_MEASURE(2.E-2),#24);
#3432=PRESENTATION_STYLE_ASSIGNMENT((#3431));
#3433=STYLED_ITEM('',(#3432),#3430);
#3434=DIRECTION('',(0.E0,0.E0,1.E0));
#3435=VECTOR('',#3434,1.1E0);
#3436=CARTESIAN_POINT('',(-5.15E0,0.E0,1.5E0));
#3437=LINE('',#3436,#3435);
#3438=CURVE_STYLE('',#65,POSITIVE_LENGTH_MEASURE(2.E-2),#24);
#3439=PRESENTATION_STYLE_ASSIGNMENT((#3438));
#3440=STYLED_ITEM('',(#3439),#3437);
#3441=CARTESIAN_POINT('',(-5.4E0,0.E0,2.6E0));
#3442=DIRECTION('',(0.E0,0.E0,-1.E0));
#3443=DIRECTION('',(1.E0,0.E0,0.E0));
#3444=AXIS2_PLACEMENT_3D('',#3441,#3442,#3443);
#3446=CURVE_STYLE('',#65,POSITIVE_LENGTH_MEASURE(2.E-2),#24);
#3447=PRESENTATION_STYLE_ASSIGNMENT((#3446));
#3448=STYLED_ITEM('',(#3447),#3445);
#3449=CARTESIAN_POINT('',(-5.4E0,0.E0,2.6E0));
#3450=DIRECTION('',(0.E0,0.E0,-1.E0));
#3451=DIRECTION('',(-1.E0,0.E0,0.E0));
#3452=AXIS2_PLACEMENT_3D('',#3449,#3450,#3451);
#3454=CURVE_STYLE('',#65,POSITIVE_LENGTH_MEASURE(2.E-2),#24);
#3455=PRESENTATION_STYLE_ASSIGNMENT((#3454));
#3456=STYLED_ITEM('',(#3455),#3453);
#3457=CARTESIAN_POINT('',(-6.6E0,-4.E0,-1.174060848541E-13));
#3458=CARTESIAN_POINT('',(-6.6E0,4.E0,1.215694211965E-14));
#3459=VERTEX_POINT('',#3457);
#3460=VERTEX_POINT('',#3458);
#3461=CARTESIAN_POINT('',(-6.440995378102E0,-3.840995379537E0,
-1.817431148667E0));
#3462=VERTEX_POINT('',#3461);
#3463=CARTESIAN_POINT('',(-6.440995378102E0,3.840995379537E0,
-1.817431148667E0));
#3464=VERTEX_POINT('',#3463);
#3465=CARTESIAN_POINT('',(-6.580793576780E0,3.980793576780E0,
5.500000000005E-1));
#3466=CARTESIAN_POINT('',(-6.580793576780E0,-3.980793576780E0,
5.500000000005E-1));
#3467=VERTEX_POINT('',#3465);
#3468=VERTEX_POINT('',#3466);
#3469=CARTESIAN_POINT('',(6.580793576780E0,-3.980793576780E0,
5.500000000005E-1));
#3470=CARTESIAN_POINT('',(6.580793576780E0,3.980793576780E0,5.500000000005E-1));
#3471=VERTEX_POINT('',#3469);
#3472=VERTEX_POINT('',#3470);
#3473=VERTEX_POINT('',#102);
#3474=CARTESIAN_POINT('',(-6.330793576780E0,-4.230793576780E0,
5.500000000005E-1));
#3475=VERTEX_POINT('',#3474);
#3476=VERTEX_POINT('',#129);
#3477=CARTESIAN_POINT('',(6.330793576780E0,4.230793576780E0,5.500000000005E-1));
#3478=VERTEX_POINT('',#3477);
#3479=CARTESIAN_POINT('',(-6.1E0,-2.567968766264E0,5.500000000005E-1));
#3480=CARTESIAN_POINT('',(-6.1E0,3.75E0,5.500000000005E-1));
#3481=VERTEX_POINT('',#3479);
#3482=VERTEX_POINT('',#3480);
#3483=CARTESIAN_POINT('',(-4.917968766264E0,-3.75E0,5.500000000005E-1));
#3484=VERTEX_POINT('',#3483);
#3485=CARTESIAN_POINT('',(6.1E0,-3.75E0,5.500000000005E-1));
#3486=VERTEX_POINT('',#3485);
#3487=CARTESIAN_POINT('',(6.1E0,3.75E0,5.500000000005E-1));
#3488=VERTEX_POINT('',#3487);
#3489=CARTESIAN_POINT('',(6.6E0,4.E0,-8.565370634983E-14));
#3490=CARTESIAN_POINT('',(6.6E0,-4.E0,0.E0));
#3491=VERTEX_POINT('',#3489);
#3492=VERTEX_POINT('',#3490);
#3493=CARTESIAN_POINT('',(6.440995381734E0,-3.840995369138E0,
-1.817431148641E0));
#3494=CARTESIAN_POINT('',(6.440995381734E0,3.840995369138E0,-1.817431148641E0));
#3495=VERTEX_POINT('',#3493);
#3496=VERTEX_POINT('',#3494);
#3497=CARTESIAN_POINT('',(6.241756438145E0,3.840995365360E0,-2.E0));
#3498=VERTEX_POINT('',#3497);
#3499=CARTESIAN_POINT('',(6.241756438145E0,-3.840995375106E0,-2.E0));
#3500=VERTEX_POINT('',#3499);
#3501=VERTEX_POINT('',#230);
#3502=CARTESIAN_POINT('',(6.190995377763E0,3.891756438145E0,-2.E0));
#3503=VERTEX_POINT('',#3502);
#3504=VERTEX_POINT('',#240);
#3505=CARTESIAN_POINT('',(3.51E0,4.25E0,0.E0));
#3506=CARTESIAN_POINT('',(-3.51E0,4.25E0,0.E0));
#3507=VERTEX_POINT('',#3505);
#3508=VERTEX_POINT('',#3506);
#3509=CARTESIAN_POINT('',(4.11E0,4.25E0,0.E0));
#3510=VERTEX_POINT('',#3509);
#3511=CARTESIAN_POINT('',(-6.35E0,4.25E0,-8.096301407079E-14));
#3512=VERTEX_POINT('',#3511);
#3513=CARTESIAN_POINT('',(-4.11E0,4.25E0,0.E0));
#3514=VERTEX_POINT('',#3513);
#3515=CARTESIAN_POINT('',(-6.190995379723E0,4.090995384176E0,
-1.817431149169E0));
#3516=VERTEX_POINT('',#3515);
#3517=CARTESIAN_POINT('',(3.51E0,-4.25E0,0.E0));
#3518=CARTESIAN_POINT('',(4.11E0,-4.25E0,0.E0));
#3519=VERTEX_POINT('',#3517);
#3520=VERTEX_POINT('',#3518);
#3521=CARTESIAN_POINT('',(-1.57E0,-4.25E0,0.E0));
#3522=CARTESIAN_POINT('',(-9.7E-1,-4.25E0,0.E0));
#3523=VERTEX_POINT('',#3521);
#3524=VERTEX_POINT('',#3522);
#3525=CARTESIAN_POINT('',(-4.11E0,-4.25E0,0.E0));
#3526=CARTESIAN_POINT('',(-3.51E0,-4.25E0,0.E0));
#3527=VERTEX_POINT('',#3525);
#3528=VERTEX_POINT('',#3526);
#3529=CARTESIAN_POINT('',(-1.57E0,-3.15E0,2.3E0));
#3530=CARTESIAN_POINT('',(-1.57E0,-2.9E0,2.3E0));
#3531=VERTEX_POINT('',#3529);
#3532=VERTEX_POINT('',#3530);
#3533=CARTESIAN_POINT('',(-1.57E0,-3.15E0,2.1E0));
#3534=VERTEX_POINT('',#3533);
#3535=CARTESIAN_POINT('',(-1.57E0,-2.9E0,2.1E0));
#3536=VERTEX_POINT('',#3535);
#3537=CARTESIAN_POINT('',(-1.27E0,-3.15E0,2.6E0));
#3538=VERTEX_POINT('',#3537);
#3539=CARTESIAN_POINT('',(-9.7E-1,-3.15E0,2.3E0));
#3540=VERTEX_POINT('',#3539);
#3541=CARTESIAN_POINT('',(-9.7E-1,-2.9E0,2.3E0));
#3542=CARTESIAN_POINT('',(-1.27E0,-2.9E0,2.6E0));
#3543=VERTEX_POINT('',#3541);
#3544=VERTEX_POINT('',#3542);
#3545=CARTESIAN_POINT('',(-9.7E-1,-3.15E0,2.1E0));
#3546=VERTEX_POINT('',#3545);
#3547=CARTESIAN_POINT('',(-9.7E-1,-2.9E0,2.1E0));
#3548=VERTEX_POINT('',#3547);
#3549=VERTEX_POINT('',#2110);
#3550=VERTEX_POINT('',#2114);
#3551=CARTESIAN_POINT('',(4.789047538305E0,-3.695872807288E0,2.1E0));
#3552=VERTEX_POINT('',#3551);
#3553=CARTESIAN_POINT('',(-4.789047538305E0,-3.695872807288E0,2.1E0));
#3554=VERTEX_POINT('',#3553);
#3555=CARTESIAN_POINT('',(-4.789047538305E0,-2.913785555902E0,2.1E0));
#3556=VERTEX_POINT('',#3555);
#3557=VERTEX_POINT('',#2130);
#3558=CARTESIAN_POINT('',(-1.289157582916E0,-2.613936006487E0,
2.100001110969E0));
#3559=VERTEX_POINT('',#3558);
#3560=VERTEX_POINT('',#2735);
#3561=CARTESIAN_POINT('',(3.643699352096E-1,-3.412414890490E0,2.1E0));
#3562=VERTEX_POINT('',#3561);
#3563=VERTEX_POINT('',#2148);
#3564=CARTESIAN_POINT('',(1.919126025136E0,-3.445872762533E0,2.100000001431E0));
#3565=VERTEX_POINT('',#3564);
#3566=VERTEX_POINT('',#2165);
#3567=CARTESIAN_POINT('',(3.643164740367E0,-2.613968307797E0,2.1E0));
#3568=VERTEX_POINT('',#3567);
#3569=CARTESIAN_POINT('',(-3.51E0,-2.9E0,2.1E0));
#3570=CARTESIAN_POINT('',(-3.51E0,-3.15E0,2.1E0));
#3571=VERTEX_POINT('',#3569);
#3572=VERTEX_POINT('',#3570);
#3573=CARTESIAN_POINT('',(-4.11E0,-2.9E0,2.1E0));
#3574=VERTEX_POINT('',#3573);
#3575=CARTESIAN_POINT('',(-4.11E0,-3.15E0,2.1E0));
#3576=VERTEX_POINT('',#3575);
#3577=CARTESIAN_POINT('',(4.11E0,-2.9E0,2.1E0));
#3578=CARTESIAN_POINT('',(4.11E0,-3.15E0,2.1E0));
#3579=VERTEX_POINT('',#3577);
#3580=VERTEX_POINT('',#3578);
#3581=CARTESIAN_POINT('',(3.51E0,-2.9E0,2.1E0));
#3582=VERTEX_POINT('',#3581);
#3583=CARTESIAN_POINT('',(3.51E0,-3.15E0,2.1E0));
#3584=VERTEX_POINT('',#3583);
#3585=CARTESIAN_POINT('',(4.11E0,-2.9E0,2.3E0));
#3586=CARTESIAN_POINT('',(4.11E0,-3.15E0,2.3E0));
#3587=VERTEX_POINT('',#3585);
#3588=VERTEX_POINT('',#3586);
#3589=CARTESIAN_POINT('',(3.51E0,-3.15E0,2.3E0));
#3590=CARTESIAN_POINT('',(3.81E0,-3.15E0,2.6E0));
#3591=VERTEX_POINT('',#3589);
#3592=VERTEX_POINT('',#3590);
#3593=CARTESIAN_POINT('',(3.51E0,-2.9E0,2.3E0));
#3594=VERTEX_POINT('',#3593);
#3595=CARTESIAN_POINT('',(3.81E0,-2.9E0,2.6E0));
#3596=VERTEX_POINT('',#3595);
#3597=CARTESIAN_POINT('',(6.35E0,-4.25E0,-6.253331186201E-14));
#3598=VERTEX_POINT('',#3597);
#3599=CARTESIAN_POINT('',(-6.35E0,-4.25E0,1.221245327088E-14));
#3600=VERTEX_POINT('',#3599);
#3601=CARTESIAN_POINT('',(6.190995380982E0,-4.090995379997E0,
-1.817431148904E0));
#3602=VERTEX_POINT('',#3601);
#3603=CARTESIAN_POINT('',(-6.190995379723E0,-4.090995384176E0,
-1.817431149169E0));
#3604=VERTEX_POINT('',#3603);
#3605=VERTEX_POINT('',#1367);
#3606=CARTESIAN_POINT('',(-6.241756438145E0,-3.840995374963E0,-2.E0));
#3607=CARTESIAN_POINT('',(-6.241756438145E0,3.840995374963E0,-2.E0));
#3608=VERTEX_POINT('',#3606);
#3609=VERTEX_POINT('',#3607);
#3610=VERTEX_POINT('',#1362);
#3611=CARTESIAN_POINT('',(-6.190995378367E0,3.891756438145E0,-2.E0));
#3612=VERTEX_POINT('',#3611);
#3613=CARTESIAN_POINT('',(-3.51E0,-2.9E0,2.3E0));
#3614=CARTESIAN_POINT('',(-3.51E0,-3.15E0,2.3E0));
#3615=VERTEX_POINT('',#3613);
#3616=VERTEX_POINT('',#3614);
#3617=CARTESIAN_POINT('',(-4.11E0,-3.15E0,2.3E0));
#3618=CARTESIAN_POINT('',(-3.81E0,-3.15E0,2.6E0));
#3619=VERTEX_POINT('',#3617);
#3620=VERTEX_POINT('',#3618);
#3621=CARTESIAN_POINT('',(-4.11E0,-2.9E0,2.3E0));
#3622=VERTEX_POINT('',#3621);
#3623=CARTESIAN_POINT('',(-3.81E0,-2.9E0,2.6E0));
#3624=VERTEX_POINT('',#3623);
#3625=CARTESIAN_POINT('',(4.81E0,-2.892833094207E0,1.5E0));
#3626=VERTEX_POINT('',#3625);
#3627=CARTESIAN_POINT('',(4.510182751894E0,-2.593015846102E0,1.5E0));
#3628=VERTEX_POINT('',#3627);
#3629=CARTESIAN_POINT('',(4.81E0,-3.716825268983E0,1.5E0));
#3630=VERTEX_POINT('',#3629);
#3631=CARTESIAN_POINT('',(3.872776939284E0,-2.593015990507E0,1.5E0));
#3632=VERTEX_POINT('',#3631);
#3633=CARTESIAN_POINT('',(3.872790426973E0,2.593027531809E0,1.5E0));
#3634=VERTEX_POINT('',#3633);
#3635=CARTESIAN_POINT('',(4.510182751894E0,2.593015846102E0,1.5E0));
#3636=VERTEX_POINT('',#3635);
#3637=VERTEX_POINT('',#2029);
#3638=CARTESIAN_POINT('',(4.81E0,3.716825268983E0,1.5E0));
#3639=VERTEX_POINT('',#3638);
#3640=CARTESIAN_POINT('',(6.066825268983E0,3.716825268983E0,1.5E0));
#3641=VERTEX_POINT('',#3640);
#3642=CARTESIAN_POINT('',(6.066825268983E0,-3.716825268983E0,1.5E0));
#3643=VERTEX_POINT('',#3642);
#3644=CARTESIAN_POINT('',(5.65E0,1.8E0,1.5E0));
#3645=CARTESIAN_POINT('',(5.15E0,1.8E0,1.5E0));
#3646=VERTEX_POINT('',#3644);
#3647=VERTEX_POINT('',#3645);
#3648=CARTESIAN_POINT('',(5.15E0,-1.8E0,1.5E0));
#3649=CARTESIAN_POINT('',(5.65E0,-1.8E0,1.5E0));
#3650=VERTEX_POINT('',#3648);
#3651=VERTEX_POINT('',#3649);
#3652=CARTESIAN_POINT('',(5.15E0,0.E0,1.5E0));
#3653=CARTESIAN_POINT('',(5.65E0,0.E0,1.5E0));
#3654=VERTEX_POINT('',#3652);
#3655=VERTEX_POINT('',#3653);
#3656=CARTESIAN_POINT('',(-4.904227342749E0,-3.716825268983E0,1.5E0));
#3657=CARTESIAN_POINT('',(-6.066825268983E0,-2.554227342749E0,1.5E0));
#3658=VERTEX_POINT('',#3656);
#3659=VERTEX_POINT('',#3657);
#3660=CARTESIAN_POINT('',(-6.066825268983E0,3.716825268983E0,1.5E0));
#3661=VERTEX_POINT('',#3660);
#3662=CARTESIAN_POINT('',(-4.81E0,3.716825268983E0,1.5E0));
#3663=VERTEX_POINT('',#3662);
#3664=CARTESIAN_POINT('',(-4.81E0,2.892833094207E0,1.5E0));
#3665=VERTEX_POINT('',#3664);
#3666=VERTEX_POINT('',#1904);
#3667=CARTESIAN_POINT('',(-4.437869162323E0,2.593015846102E0,1.5E0));
#3668=VERTEX_POINT('',#3667);
#3669=CARTESIAN_POINT('',(-4.437869162323E0,-2.593015846102E0,1.5E0));
#3670=VERTEX_POINT('',#3669);
#3671=CARTESIAN_POINT('',(-4.510182751894E0,-2.593015846102E0,1.5E0));
#3672=VERTEX_POINT('',#3671);
#3673=VERTEX_POINT('',#1920);
#3674=CARTESIAN_POINT('',(-4.81E0,-3.716825268983E0,1.5E0));
#3675=VERTEX_POINT('',#3674);
#3676=CARTESIAN_POINT('',(-5.15E0,1.8E0,1.5E0));
#3677=CARTESIAN_POINT('',(-5.65E0,1.8E0,1.5E0));
#3678=VERTEX_POINT('',#3676);
#3679=VERTEX_POINT('',#3677);
#3680=CARTESIAN_POINT('',(-5.65E0,-1.8E0,1.5E0));
#3681=CARTESIAN_POINT('',(-5.15E0,-1.8E0,1.5E0));
#3682=VERTEX_POINT('',#3680);
#3683=VERTEX_POINT('',#3681);
#3684=CARTESIAN_POINT('',(-5.65E0,0.E0,1.5E0));
#3685=CARTESIAN_POINT('',(-5.15E0,0.E0,1.5E0));
#3686=VERTEX_POINT('',#3684);
#3687=VERTEX_POINT('',#3685);
#3688=CARTESIAN_POINT('',(5.65E0,1.8E0,2.6E0));
#3689=VERTEX_POINT('',#3688);
#3690=CARTESIAN_POINT('',(5.15E0,1.8E0,2.6E0));
#3691=VERTEX_POINT('',#3690);
#3692=CARTESIAN_POINT('',(-5.65E0,1.8E0,2.6E0));
#3693=CARTESIAN_POINT('',(-5.15E0,1.8E0,2.6E0));
#3694=VERTEX_POINT('',#3692);
#3695=VERTEX_POINT('',#3693);
#3696=CARTESIAN_POINT('',(5.65E0,-1.8E0,2.6E0));
#3697=CARTESIAN_POINT('',(5.15E0,-1.8E0,2.6E0));
#3698=VERTEX_POINT('',#3696);
#3699=VERTEX_POINT('',#3697);
#3700=CARTESIAN_POINT('',(-5.15E0,-1.8E0,2.6E0));
#3701=CARTESIAN_POINT('',(-5.65E0,-1.8E0,2.6E0));
#3702=VERTEX_POINT('',#3700);
#3703=VERTEX_POINT('',#3701);
#3704=CARTESIAN_POINT('',(5.65E0,0.E0,2.6E0));
#3705=CARTESIAN_POINT('',(5.15E0,0.E0,2.6E0));
#3706=VERTEX_POINT('',#3704);
#3707=VERTEX_POINT('',#3705);
#3708=CARTESIAN_POINT('',(-5.15E0,0.E0,2.6E0));
#3709=CARTESIAN_POINT('',(-5.65E0,0.E0,2.6E0));
#3710=VERTEX_POINT('',#3708);
#3711=VERTEX_POINT('',#3709);
#3712=VERTEX_POINT('',#2811);
#3713=VERTEX_POINT('',#2311);
#3714=CARTESIAN_POINT('',(-4.191745614576E0,-2.491745614575E0,
-1.400000000006E0));
#3715=VERTEX_POINT('',#3714);
#3716=CARTESIAN_POINT('',(-1.385219758482E0,-2.491713315899E0,
-1.399998872599E0));
#3717=VERTEX_POINT('',#3716);
#3718=VERTEX_POINT('',#2762);
#3719=VERTEX_POINT('',#2767);
#3720=CARTESIAN_POINT('',(3.643699352096E-1,3.412414890490E0,2.1E0));
#3721=VERTEX_POINT('',#3720);
#3722=VERTEX_POINT('',#2775);
#3723=VERTEX_POINT('',#2730);
#3724=CARTESIAN_POINT('',(3.668310350348E-1,-3.381462083290E0,-1.4E0));
#3725=VERTEX_POINT('',#3724);
#3726=CARTESIAN_POINT('',(4.77E0,0.E0,-1.4E0));
#3727=CARTESIAN_POINT('',(2.173168964506E0,-3.381462083412E0,-1.4E0));
#3728=VERTEX_POINT('',#3726);
#3729=VERTEX_POINT('',#3727);
#3730=CARTESIAN_POINT('',(2.173168964960E0,3.381462083291E0,-1.4E0));
#3731=VERTEX_POINT('',#3730);
#3732=VERTEX_POINT('',#2572);
#3733=CARTESIAN_POINT('',(3.643164740367E0,2.613968307797E0,2.1E0));
#3734=VERTEX_POINT('',#3733);
#3735=VERTEX_POINT('',#2580);
#3736=CARTESIAN_POINT('',(4.794010309722E0,0.E0,1.351308980325E0));
#3737=VERTEX_POINT('',#3736);
#3738=VERTEX_POINT('',#2643);
#3739=CARTESIAN_POINT('',(-1.289157573258E0,2.613928586639E0,2.100001386511E0));
#3740=VERTEX_POINT('',#3739);
#3741=VERTEX_POINT('',#2606);
#3742=CARTESIAN_POINT('',(6.248703996338E-1,-3.415328725269E0,
-1.399999998563E0));
#3743=VERTEX_POINT('',#3742);
#3744=CARTESIAN_POINT('',(-4.191745614576E0,2.491745614575E0,
-1.400000000006E0));
#3745=VERTEX_POINT('',#3744);
#3746=VERTEX_POINT('',#2666);
#3747=CARTESIAN_POINT('',(1.915129600368E0,3.415328725266E0,-1.399999998563E0));
#3748=VERTEX_POINT('',#3747);
#3749=CARTESIAN_POINT('',(-4.287960538270E0,2.587960538270E0,1.355234924506E0));
#3750=VERTEX_POINT('',#3749);
#3751=CARTESIAN_POINT('',(4.489230290199E0,2.613968307797E0,2.1E0));
#3752=VERTEX_POINT('',#3751);
#3753=CARTESIAN_POINT('',(-4.489230290198E0,2.613968307797E0,2.100000000006E0));
#3754=VERTEX_POINT('',#3753);
#3755=CARTESIAN_POINT('',(4.789047538305E0,2.913785555902E0,2.1E0));
#3756=VERTEX_POINT('',#3755);
#3757=CARTESIAN_POINT('',(4.789047538305E0,3.695872807288E0,2.1E0));
#3758=VERTEX_POINT('',#3757);
#3759=VERTEX_POINT('',#2391);
#3760=CARTESIAN_POINT('',(6.208739748652E-1,3.445872762531E0,2.100000001431E0));
#3761=VERTEX_POINT('',#3760);
#3762=VERTEX_POINT('',#2435);
#3763=CARTESIAN_POINT('',(-4.789047538305E0,3.695872807288E0,2.1E0));
#3764=VERTEX_POINT('',#3763);
#3765=CARTESIAN_POINT('',(-3.51E0,2.9E0,2.1E0));
#3766=CARTESIAN_POINT('',(-3.51E0,3.15E0,2.1E0));
#3767=VERTEX_POINT('',#3765);
#3768=VERTEX_POINT('',#3766);
#3769=CARTESIAN_POINT('',(-4.11E0,3.15E0,2.1E0));
#3770=VERTEX_POINT('',#3769);
#3771=CARTESIAN_POINT('',(-4.11E0,2.9E0,2.1E0));
#3772=VERTEX_POINT('',#3771);
#3773=CARTESIAN_POINT('',(4.11E0,2.9E0,2.1E0));
#3774=CARTESIAN_POINT('',(4.11E0,3.15E0,2.1E0));
#3775=VERTEX_POINT('',#3773);
#3776=VERTEX_POINT('',#3774);
#3777=CARTESIAN_POINT('',(3.51E0,3.15E0,2.1E0));
#3778=VERTEX_POINT('',#3777);
#3779=CARTESIAN_POINT('',(3.51E0,2.9E0,2.1E0));
#3780=VERTEX_POINT('',#3779);
#3781=CARTESIAN_POINT('',(4.11E0,3.15E0,2.3E0));
#3782=CARTESIAN_POINT('',(4.11E0,2.9E0,2.3E0));
#3783=VERTEX_POINT('',#3781);
#3784=VERTEX_POINT('',#3782);
#3785=CARTESIAN_POINT('',(3.51E0,2.9E0,2.3E0));
#3786=CARTESIAN_POINT('',(3.81E0,2.9E0,2.6E0));
#3787=VERTEX_POINT('',#3785);
#3788=VERTEX_POINT('',#3786);
#3789=CARTESIAN_POINT('',(3.51E0,3.15E0,2.3E0));
#3790=VERTEX_POINT('',#3789);
#3791=CARTESIAN_POINT('',(3.81E0,3.15E0,2.6E0));
#3792=VERTEX_POINT('',#3791);
#3793=CARTESIAN_POINT('',(-3.51E0,3.15E0,2.3E0));
#3794=CARTESIAN_POINT('',(-3.51E0,2.9E0,2.3E0));
#3795=VERTEX_POINT('',#3793);
#3796=VERTEX_POINT('',#3794);
#3797=CARTESIAN_POINT('',(-4.11E0,2.9E0,2.3E0));
#3798=CARTESIAN_POINT('',(-3.81E0,2.9E0,2.6E0));
#3799=VERTEX_POINT('',#3797);
#3800=VERTEX_POINT('',#3798);
#3801=CARTESIAN_POINT('',(-4.11E0,3.15E0,2.3E0));
#3802=VERTEX_POINT('',#3801);
#3803=CARTESIAN_POINT('',(-3.81E0,3.15E0,2.6E0));
#3804=VERTEX_POINT('',#3803);
#3805=CARTESIAN_POINT('',(4.11E0,4.45E0,0.E0));
#3806=CARTESIAN_POINT('',(4.11E0,4.699657383689E0,-2.369160109393E-1));
#3807=VERTEX_POINT('',#3805);
#3808=VERTEX_POINT('',#3806);
#3809=CARTESIAN_POINT('',(4.11E0,4.785292657850E0,-1.870934382497E0));
#3810=VERTEX_POINT('',#3809);
#3811=CARTESIAN_POINT('',(4.11E0,5.184744471751E0,-2.25E0));
#3812=VERTEX_POINT('',#3811);
#3813=CARTESIAN_POINT('',(4.11E0,5.7E0,-2.25E0));
#3814=VERTEX_POINT('',#3813);
#3815=CARTESIAN_POINT('',(4.11E0,-5.7E0,-2.25E0));
#3816=CARTESIAN_POINT('',(4.11E0,-5.184744471751E0,-2.25E0));
#3817=VERTEX_POINT('',#3815);
#3818=VERTEX_POINT('',#3816);
#3819=CARTESIAN_POINT('',(4.11E0,-4.785292657850E0,-1.870934382497E0));
#3820=VERTEX_POINT('',#3819);
#3821=CARTESIAN_POINT('',(4.11E0,-4.699657383689E0,-2.369160109393E-1));
#3822=VERTEX_POINT('',#3821);
#3823=CARTESIAN_POINT('',(4.11E0,-4.45E0,0.E0));
#3824=VERTEX_POINT('',#3823);
#3825=CARTESIAN_POINT('',(-4.11E0,4.45E0,0.E0));
#3826=CARTESIAN_POINT('',(-4.11E0,4.699657383689E0,-2.369160109393E-1));
#3827=VERTEX_POINT('',#3825);
#3828=VERTEX_POINT('',#3826);
#3829=CARTESIAN_POINT('',(-4.11E0,4.785292657850E0,-1.870934382497E0));
#3830=VERTEX_POINT('',#3829);
#3831=CARTESIAN_POINT('',(-4.11E0,5.184744471751E0,-2.25E0));
#3832=VERTEX_POINT('',#3831);
#3833=CARTESIAN_POINT('',(-4.11E0,5.7E0,-2.25E0));
#3834=VERTEX_POINT('',#3833);
#3835=CARTESIAN_POINT('',(-4.11E0,-5.7E0,-2.25E0));
#3836=CARTESIAN_POINT('',(-4.11E0,-5.184744471751E0,-2.25E0));
#3837=VERTEX_POINT('',#3835);
#3838=VERTEX_POINT('',#3836);
#3839=CARTESIAN_POINT('',(-4.11E0,-4.785292657850E0,-1.870934382497E0));
#3840=VERTEX_POINT('',#3839);
#3841=CARTESIAN_POINT('',(-4.11E0,-4.699657383689E0,-2.369160109393E-1));
#3842=VERTEX_POINT('',#3841);
#3843=CARTESIAN_POINT('',(-4.11E0,-4.45E0,0.E0));
#3844=VERTEX_POINT('',#3843);
#3845=CARTESIAN_POINT('',(-3.51E0,4.699657383689E0,-2.369160109393E-1));
#3846=CARTESIAN_POINT('',(-3.51E0,4.45E0,0.E0));
#3847=VERTEX_POINT('',#3845);
#3848=VERTEX_POINT('',#3846);
#3849=CARTESIAN_POINT('',(3.51E0,4.699657383689E0,-2.369160109393E-1));
#3850=CARTESIAN_POINT('',(3.51E0,4.45E0,0.E0));
#3851=VERTEX_POINT('',#3849);
#3852=VERTEX_POINT('',#3850);
#3853=CARTESIAN_POINT('',(-3.51E0,4.785292657850E0,-1.870934382497E0));
#3854=VERTEX_POINT('',#3853);
#3855=CARTESIAN_POINT('',(3.51E0,4.785292657850E0,-1.870934382497E0));
#3856=VERTEX_POINT('',#3855);
#3857=CARTESIAN_POINT('',(-3.51E0,5.184744471751E0,-2.25E0));
#3858=VERTEX_POINT('',#3857);
#3859=CARTESIAN_POINT('',(3.51E0,5.184744471751E0,-2.25E0));
#3860=VERTEX_POINT('',#3859);
#3861=CARTESIAN_POINT('',(-3.51E0,5.7E0,-2.25E0));
#3862=VERTEX_POINT('',#3861);
#3863=CARTESIAN_POINT('',(3.51E0,5.7E0,-2.25E0));
#3864=VERTEX_POINT('',#3863);
#3865=CARTESIAN_POINT('',(-3.51E0,-5.7E0,-2.25E0));
#3866=CARTESIAN_POINT('',(-3.51E0,-5.184744471751E0,-2.25E0));
#3867=VERTEX_POINT('',#3865);
#3868=VERTEX_POINT('',#3866);
#3869=CARTESIAN_POINT('',(-1.57E0,-5.7E0,-2.25E0));
#3870=CARTESIAN_POINT('',(-1.57E0,-5.184744471751E0,-2.25E0));
#3871=VERTEX_POINT('',#3869);
#3872=VERTEX_POINT('',#3870);
#3873=CARTESIAN_POINT('',(-9.7E-1,-5.7E0,-2.25E0));
#3874=CARTESIAN_POINT('',(-9.7E-1,-5.184744471751E0,-2.25E0));
#3875=VERTEX_POINT('',#3873);
#3876=VERTEX_POINT('',#3874);
#3877=CARTESIAN_POINT('',(3.51E0,-5.7E0,-2.25E0));
#3878=CARTESIAN_POINT('',(3.51E0,-5.184744471751E0,-2.25E0));
#3879=VERTEX_POINT('',#3877);
#3880=VERTEX_POINT('',#3878);
#3881=CARTESIAN_POINT('',(-3.51E0,-4.785292657850E0,-1.870934382497E0));
#3882=VERTEX_POINT('',#3881);
#3883=CARTESIAN_POINT('',(-1.57E0,-4.785292657850E0,-1.870934382497E0));
#3884=VERTEX_POINT('',#3883);
#3885=CARTESIAN_POINT('',(-9.7E-1,-4.785292657850E0,-1.870934382497E0));
#3886=VERTEX_POINT('',#3885);
#3887=CARTESIAN_POINT('',(3.51E0,-4.785292657850E0,-1.870934382497E0));
#3888=VERTEX_POINT('',#3887);
#3889=CARTESIAN_POINT('',(-3.51E0,-4.699657383689E0,-2.369160109393E-1));
#3890=VERTEX_POINT('',#3889);
#3891=CARTESIAN_POINT('',(-1.57E0,-4.699657383689E0,-2.369160109393E-1));
#3892=VERTEX_POINT('',#3891);
#3893=CARTESIAN_POINT('',(-9.7E-1,-4.699657383689E0,-2.369160109393E-1));
#3894=VERTEX_POINT('',#3893);
#3895=CARTESIAN_POINT('',(3.51E0,-4.699657383689E0,-2.369160109393E-1));
#3896=VERTEX_POINT('',#3895);
#3897=CARTESIAN_POINT('',(-3.51E0,-4.45E0,0.E0));
#3898=VERTEX_POINT('',#3897);
#3899=CARTESIAN_POINT('',(-1.57E0,-4.45E0,0.E0));
#3900=VERTEX_POINT('',#3899);
#3901=CARTESIAN_POINT('',(-9.7E-1,-4.45E0,0.E0));
#3902=VERTEX_POINT('',#3901);
#3903=CARTESIAN_POINT('',(3.51E0,-4.45E0,0.E0));
#3904=VERTEX_POINT('',#3903);
#3905=CARTESIAN_POINT('',(3.51E0,4.236031692203E0,4.E-1));
#3906=VERTEX_POINT('',#3905);
#3907=CARTESIAN_POINT('',(4.11E0,4.236031692203E0,4.E-1));
#3908=VERTEX_POINT('',#3907);
#3909=CARTESIAN_POINT('',(-4.11E0,4.236031692203E0,4.E-1));
#3910=VERTEX_POINT('',#3909);
#3911=CARTESIAN_POINT('',(-3.51E0,4.236031692203E0,4.E-1));
#3912=VERTEX_POINT('',#3911);
#3913=CARTESIAN_POINT('',(-4.11E0,-4.236031692203E0,4.E-1));
#3914=CARTESIAN_POINT('',(-3.51E0,-4.236031692203E0,4.E-1));
#3915=VERTEX_POINT('',#3913);
#3916=VERTEX_POINT('',#3914);
#3917=CARTESIAN_POINT('',(-1.57E0,-4.236031692203E0,4.E-1));
#3918=CARTESIAN_POINT('',(-9.7E-1,-4.236031692203E0,4.E-1));
#3919=VERTEX_POINT('',#3917);
#3920=VERTEX_POINT('',#3918);
#3921=CARTESIAN_POINT('',(3.51E0,-4.236031692203E0,4.E-1));
#3922=CARTESIAN_POINT('',(4.11E0,-4.236031692203E0,4.E-1));
#3923=VERTEX_POINT('',#3921);
#3924=VERTEX_POINT('',#3922);
#3925=CARTESIAN_POINT('',(4.11E0,5.7E0,-1.85E0));
#3926=VERTEX_POINT('',#3925);
#3927=CARTESIAN_POINT('',(4.11E0,5.099109197590E0,-2.159816284421E-1));
#3928=CARTESIAN_POINT('',(4.11E0,4.45E0,4.E-1));
#3929=VERTEX_POINT('',#3927);
#3930=VERTEX_POINT('',#3928);
#3931=CARTESIAN_POINT('',(4.11E0,-4.45E0,4.E-1));
#3932=CARTESIAN_POINT('',(4.11E0,-5.099109197590E0,-2.159816284421E-1));
#3933=VERTEX_POINT('',#3931);
#3934=VERTEX_POINT('',#3932);
#3935=CARTESIAN_POINT('',(4.11E0,-5.7E0,-1.85E0));
#3936=VERTEX_POINT('',#3935);
#3937=CARTESIAN_POINT('',(-4.11E0,5.7E0,-1.85E0));
#3938=VERTEX_POINT('',#3937);
#3939=CARTESIAN_POINT('',(-4.11E0,5.099109197590E0,-2.159816284421E-1));
#3940=CARTESIAN_POINT('',(-4.11E0,4.45E0,4.E-1));
#3941=VERTEX_POINT('',#3939);
#3942=VERTEX_POINT('',#3940);
#3943=CARTESIAN_POINT('',(-4.11E0,-4.45E0,4.E-1));
#3944=CARTESIAN_POINT('',(-4.11E0,-5.099109197590E0,-2.159816284421E-1));
#3945=VERTEX_POINT('',#3943);
#3946=VERTEX_POINT('',#3944);
#3947=CARTESIAN_POINT('',(-4.11E0,-5.7E0,-1.85E0));
#3948=VERTEX_POINT('',#3947);
#3949=CARTESIAN_POINT('',(-3.51E0,5.7E0,-1.85E0));
#3950=VERTEX_POINT('',#3949);
#3951=CARTESIAN_POINT('',(3.51E0,5.7E0,-1.85E0));
#3952=VERTEX_POINT('',#3951);
#3953=CARTESIAN_POINT('',(-3.51E0,5.099109197590E0,-2.159816284421E-1));
#3954=CARTESIAN_POINT('',(-3.51E0,4.45E0,4.E-1));
#3955=VERTEX_POINT('',#3953);
#3956=VERTEX_POINT('',#3954);
#3957=CARTESIAN_POINT('',(3.51E0,5.099109197590E0,-2.159816284421E-1));
#3958=CARTESIAN_POINT('',(3.51E0,4.45E0,4.E-1));
#3959=VERTEX_POINT('',#3957);
#3960=VERTEX_POINT('',#3958);
#3961=CARTESIAN_POINT('',(-3.51E0,-4.45E0,4.E-1));
#3962=CARTESIAN_POINT('',(-3.51E0,-5.099109197590E0,-2.159816284421E-1));
#3963=VERTEX_POINT('',#3961);
#3964=VERTEX_POINT('',#3962);
#3965=CARTESIAN_POINT('',(-1.57E0,-4.45E0,4.E-1));
#3966=CARTESIAN_POINT('',(-1.57E0,-5.099109197590E0,-2.159816284421E-1));
#3967=VERTEX_POINT('',#3965);
#3968=VERTEX_POINT('',#3966);
#3969=CARTESIAN_POINT('',(-9.7E-1,-4.45E0,4.E-1));
#3970=CARTESIAN_POINT('',(-9.7E-1,-5.099109197590E0,-2.159816284421E-1));
#3971=VERTEX_POINT('',#3969);
#3972=VERTEX_POINT('',#3970);
#3973=CARTESIAN_POINT('',(3.51E0,-4.45E0,4.E-1));
#3974=CARTESIAN_POINT('',(3.51E0,-5.099109197590E0,-2.159816284421E-1));
#3975=VERTEX_POINT('',#3973);
#3976=VERTEX_POINT('',#3974);
#3977=CARTESIAN_POINT('',(-3.51E0,-5.7E0,-1.85E0));
#3978=VERTEX_POINT('',#3977);
#3979=CARTESIAN_POINT('',(-1.57E0,-5.7E0,-1.85E0));
#3980=VERTEX_POINT('',#3979);
#3981=CARTESIAN_POINT('',(-9.7E-1,-5.7E0,-1.85E0));
#3982=VERTEX_POINT('',#3981);
#3983=CARTESIAN_POINT('',(3.51E0,-5.7E0,-1.85E0));
#3984=VERTEX_POINT('',#3983);
#3985=CARTESIAN_POINT('',(3.51E0,5.179777974947E0,-1.755233595624E0));
#3986=CARTESIAN_POINT('',(4.11E0,5.179777974947E0,-1.755233595624E0));
#3987=VERTEX_POINT('',#3985);
#3988=VERTEX_POINT('',#3986);
#3989=CARTESIAN_POINT('',(3.51E0,5.279640928423E0,-1.85E0));
#3990=CARTESIAN_POINT('',(4.11E0,5.279640928423E0,-1.85E0));
#3991=VERTEX_POINT('',#3989);
#3992=VERTEX_POINT('',#3990);
#3993=CARTESIAN_POINT('',(-4.11E0,5.179777974947E0,-1.755233595624E0));
#3994=CARTESIAN_POINT('',(-3.51E0,5.179777974947E0,-1.755233595624E0));
#3995=VERTEX_POINT('',#3993);
#3996=VERTEX_POINT('',#3994);
#3997=CARTESIAN_POINT('',(-4.11E0,5.279640928423E0,-1.85E0));
#3998=CARTESIAN_POINT('',(-3.51E0,5.279640928423E0,-1.85E0));
#3999=VERTEX_POINT('',#3997);
#4000=VERTEX_POINT('',#3998);
#4001=CARTESIAN_POINT('',(3.51E0,-5.279640928423E0,-1.85E0));
#4002=CARTESIAN_POINT('',(4.11E0,-5.279640928423E0,-1.85E0));
#4003=VERTEX_POINT('',#4001);
#4004=VERTEX_POINT('',#4002);
#4005=CARTESIAN_POINT('',(3.51E0,-5.179777974947E0,-1.755233595624E0));
#4006=CARTESIAN_POINT('',(4.11E0,-5.179777974947E0,-1.755233595624E0));
#4007=VERTEX_POINT('',#4005);
#4008=VERTEX_POINT('',#4006);
#4009=CARTESIAN_POINT('',(-1.57E0,-5.279640928423E0,-1.85E0));
#4010=CARTESIAN_POINT('',(-9.7E-1,-5.279640928423E0,-1.85E0));
#4011=VERTEX_POINT('',#4009);
#4012=VERTEX_POINT('',#4010);
#4013=CARTESIAN_POINT('',(-1.57E0,-5.179777974947E0,-1.755233595624E0));
#4014=CARTESIAN_POINT('',(-9.7E-1,-5.179777974947E0,-1.755233595624E0));
#4015=VERTEX_POINT('',#4013);
#4016=VERTEX_POINT('',#4014);
#4017=CARTESIAN_POINT('',(-4.11E0,-5.279640928423E0,-1.85E0));
#4018=CARTESIAN_POINT('',(-3.51E0,-5.279640928423E0,-1.85E0));
#4019=VERTEX_POINT('',#4017);
#4020=VERTEX_POINT('',#4018);
#4021=CARTESIAN_POINT('',(-4.11E0,-5.179777974947E0,-1.755233595624E0));
#4022=CARTESIAN_POINT('',(-3.51E0,-5.179777974947E0,-1.755233595624E0));
#4023=VERTEX_POINT('',#4021);
#4024=VERTEX_POINT('',#4022);
#4025=CARTESIAN_POINT('',(-6.6E0,4.25E0,0.E0));
#4026=DIRECTION('',(-9.961946980917E-1,0.E0,-8.715574274766E-2));
#4027=DIRECTION('',(0.E0,-1.E0,0.E0));
#4028=AXIS2_PLACEMENT_3D('',#4025,#4026,#4027);
#4029=PLANE('',#4028);
#4031=ORIENTED_EDGE('',*,*,#4030,.F.);
#4033=ORIENTED_EDGE('',*,*,#4032,.T.);
#4035=ORIENTED_EDGE('',*,*,#4034,.F.);
#4037=ORIENTED_EDGE('',*,*,#4036,.T.);
#4038=EDGE_LOOP('',(#4031,#4033,#4035,#4037));
#4039=FACE_OUTER_BOUND('',#4038,.F.);
#4041=CARTESIAN_POINT('',(-6.6E0,4.25E0,0.E0));
#4042=DIRECTION('',(-9.993908270191E-1,0.E0,3.489949670250E-2));
#4043=DIRECTION('',(0.E0,-1.E0,0.E0));
#4044=AXIS2_PLACEMENT_3D('',#4041,#4042,#4043);
#4045=PLANE('',#4044);
#4047=ORIENTED_EDGE('',*,*,#4046,.T.);
#4049=ORIENTED_EDGE('',*,*,#4048,.F.);
#4050=ORIENTED_EDGE('',*,*,#4030,.T.);
#4052=ORIENTED_EDGE('',*,*,#4051,.T.);
#4053=EDGE_LOOP('',(#4047,#4049,#4050,#4052));
#4054=FACE_OUTER_BOUND('',#4053,.F.);
#4056=CARTESIAN_POINT('',(0.E0,0.E0,5.500000000005E-1));
#4057=DIRECTION('',(0.E0,0.E0,1.E0));
#4058=DIRECTION('',(0.E0,1.E0,0.E0));
#4059=AXIS2_PLACEMENT_3D('',#4056,#4057,#4058);
#4060=PLANE('',#4059);
#4062=ORIENTED_EDGE('',*,*,#4061,.F.);
#4064=ORIENTED_EDGE('',*,*,#4063,.T.);
#4066=ORIENTED_EDGE('',*,*,#4065,.T.);
#4068=ORIENTED_EDGE('',*,*,#4067,.T.);
#4069=ORIENTED_EDGE('',*,*,#4046,.F.);
#4071=ORIENTED_EDGE('',*,*,#4070,.T.);
#4073=ORIENTED_EDGE('',*,*,#4072,.F.);
#4075=ORIENTED_EDGE('',*,*,#4074,.T.);
#4076=EDGE_LOOP('',(#4062,#4064,#4066,#4068,#4069,#4071,#4073,#4075));
#4077=FACE_OUTER_BOUND('',#4076,.F.);
#4079=ORIENTED_EDGE('',*,*,#4078,.F.);
#4081=ORIENTED_EDGE('',*,*,#4080,.T.);
#4083=ORIENTED_EDGE('',*,*,#4082,.F.);
#4085=ORIENTED_EDGE('',*,*,#4084,.T.);
#4087=ORIENTED_EDGE('',*,*,#4086,.T.);
#4088=EDGE_LOOP('',(#4079,#4081,#4083,#4085,#4087));
#4089=FACE_BOUND('',#4088,.F.);
#4091=CARTESIAN_POINT('',(6.6E0,4.25E0,0.E0));
#4092=DIRECTION('',(-9.993908270191E-1,0.E0,-3.489949670250E-2));
#4093=DIRECTION('',(0.E0,-1.E0,0.E0));
#4094=AXIS2_PLACEMENT_3D('',#4091,#4092,#4093);
#4095=PLANE('',#4094);
#4097=ORIENTED_EDGE('',*,*,#4096,.T.);
#4099=ORIENTED_EDGE('',*,*,#4098,.T.);
#4100=ORIENTED_EDGE('',*,*,#4061,.T.);
#4102=ORIENTED_EDGE('',*,*,#4101,.F.);
#4103=EDGE_LOOP('',(#4097,#4099,#4100,#4102));
#4104=FACE_OUTER_BOUND('',#4103,.F.);
#4106=CARTESIAN_POINT('',(6.6E0,4.25E0,0.E0));
#4107=DIRECTION('',(-9.961946980917E-1,0.E0,8.715574274766E-2));
#4108=DIRECTION('',(0.E0,-1.E0,0.E0));
#4109=AXIS2_PLACEMENT_3D('',#4106,#4107,#4108);
#4110=PLANE('',#4109);
#4112=ORIENTED_EDGE('',*,*,#4111,.F.);
#4114=ORIENTED_EDGE('',*,*,#4113,.T.);
#4115=ORIENTED_EDGE('',*,*,#4096,.F.);
#4117=ORIENTED_EDGE('',*,*,#4116,.T.);
#4118=EDGE_LOOP('',(#4112,#4114,#4115,#4117));
#4119=FACE_OUTER_BOUND('',#4118,.F.);
#4121=CARTESIAN_POINT('',(6.241756438145E0,3.189806657881E-2,-1.8E0));
#4122=DIRECTION('',(0.E0,1.E0,0.E0));
#4123=DIRECTION('',(9.961946980917E-1,0.E0,-8.715574274766E-2));
#4124=AXIS2_PLACEMENT_3D('',#4121,#4122,#4123);
#4125=CYLINDRICAL_SURFACE('',#4124,2.E-1);
#4126=ORIENTED_EDGE('',*,*,#4111,.T.);
#4128=ORIENTED_EDGE('',*,*,#4127,.F.);
#4130=ORIENTED_EDGE('',*,*,#4129,.T.);
#4132=ORIENTED_EDGE('',*,*,#4131,.F.);
#4133=EDGE_LOOP('',(#4126,#4128,#4130,#4132));
#4134=FACE_OUTER_BOUND('',#4133,.F.);
#4136=CARTESIAN_POINT('',(6.393918856995E0,3.746587037461E0,-1.701409760179E0));
#4137=CARTESIAN_POINT('',(6.409875761243E0,3.778566109605E0,-1.701409760179E0));
#4138=CARTESIAN_POINT('',(6.418280554210E0,3.821351343668E0,-1.701409760179E0));
#4139=CARTESIAN_POINT('',(6.414060652786E0,3.872032023312E0,-1.701409760179E0));
#4140=CARTESIAN_POINT('',(6.409234764431E0,3.897104338702E0,-1.701409760179E0));
#4141=CARTESIAN_POINT('',(6.400928392877E0,3.923352255608E0,-1.701409760179E0));
#4142=CARTESIAN_POINT('',(6.388675382589E0,3.949893683987E0,-1.701409760179E0));
#4143=CARTESIAN_POINT('',(6.372248674722E0,3.975493965908E0,-1.701409760179E0));
#4144=CARTESIAN_POINT('',(6.352212466230E0,3.998916732104E0,-1.701409760179E0));
#4145=CARTESIAN_POINT('',(6.329119204285E0,4.019502382478E0,-1.701409760179E0));
#4146=CARTESIAN_POINT('',(6.303616838873E0,4.036609133209E0,-1.701409760179E0));
#4147=CARTESIAN_POINT('',(6.276853438741E0,4.049563608139E0,-1.701409760179E0));
#4148=CARTESIAN_POINT('',(6.250265004123E0,4.058426891636E0,-1.701409760179E0));
#4149=CARTESIAN_POINT('',(6.224829657470E0,4.063669915233E0,-1.701409760179E0));
#4150=CARTESIAN_POINT('',(6.172365243025E0,4.068646276987E0,-1.701409760179E0));
#4151=CARTESIAN_POINT('',(6.127767111374E0,4.059951882291E0,-1.701409760179E0));
#4152=CARTESIAN_POINT('',(6.094411922419E0,4.042849651154E0,-1.701409760179E0));
#4153=CARTESIAN_POINT('',(6.498712656307E0,3.693073477096E0,-1.908035677227E0));
#4154=CARTESIAN_POINT('',(6.523913432120E0,3.745239053836E0,-1.908035677227E0));
#4155=CARTESIAN_POINT('',(6.536649072178E0,3.811314386663E0,-1.908035677227E0));
#4156=CARTESIAN_POINT('',(6.530244391498E0,3.888124210671E0,-1.908035677227E0));
#4157=CARTESIAN_POINT('',(6.522949051562E0,3.926015027269E0,-1.908035677227E0));
#4158=CARTESIAN_POINT('',(6.510386290909E0,3.965745056788E0,-1.908035677227E0));
#4159=CARTESIAN_POINT('',(6.491660478565E0,4.006337157337E0,-1.908035677227E0));
#4160=CARTESIAN_POINT('',(6.466415808157E0,4.045672865963E0,-1.908035677227E0));
#4161=CARTESIAN_POINT('',(6.436080722416E0,4.081095702096E0,-1.908035677227E0));
#4162=CARTESIAN_POINT('',(6.401167722263E0,4.112246180936E0,-1.908035677227E0));
#4163=CARTESIAN_POINT('',(6.362103494756E0,4.138459985975E0,-1.908035677227E0));
#4164=CARTESIAN_POINT('',(6.321053657094E0,4.158322235136E0,-1.908035677227E0));
#4165=CARTESIAN_POINT('',(6.280794643464E0,4.171726659411E0,-1.908035677227E0));
#4166=CARTESIAN_POINT('',(6.242353814880E0,4.179653526643E0,-1.908035677227E0));
#4167=CARTESIAN_POINT('',(6.162885742672E0,4.187199073969E0,-1.908035677227E0));
#4168=CARTESIAN_POINT('',(6.094075332238E0,4.174048678023E0,-1.908035677227E0));
#4169=CARTESIAN_POINT('',(6.039509344091E0,4.147061326400E0,-1.908035677227E0));
#4170=CARTESIAN_POINT('',(6.355573323646E0,3.766168404993E0,-2.093634147871E0));
#4171=CARTESIAN_POINT('',(6.368147764695E0,3.790760950631E0,-2.093634147871E0));
#4172=CARTESIAN_POINT('',(6.374967839488E0,3.825024008186E0,-2.093634147871E0));
#4173=CARTESIAN_POINT('',(6.371547379686E0,3.866143664376E0,-2.093634147871E0));
#4174=CARTESIAN_POINT('',(6.367625098588E0,3.886525508891E0,-2.093634147871E0));
#4175=CARTESIAN_POINT('',(6.360876200004E0,3.907840130126E0,-2.093634147871E0));
#4176=CARTESIAN_POINT('',(6.350991679526E0,3.929240218849E0,-2.093634147871E0));
#4177=CARTESIAN_POINT('',(6.337791588857E0,3.949814513887E0,-2.093634147871E0));
#4178=CARTESIAN_POINT('',(6.321523885201E0,3.968846284787E0,-2.093634147871E0));
#4179=CARTESIAN_POINT('',(6.302755632626E0,3.985566115010E0,-2.093634147871E0));
#4180=CARTESIAN_POINT('',(6.282215744350E0,3.999340465778E0,-2.093634147871E0));
#4181=CARTESIAN_POINT('',(6.260679953754E0,4.009767288425E0,-2.093634147871E0));
#4182=CARTESIAN_POINT('',(6.239093777332E0,4.016968904286E0,-2.093634147871E0));
#4183=CARTESIAN_POINT('',(6.218417320444E0,4.021229871543E0,-2.093634147871E0));
#4184=CARTESIAN_POINT('',(6.175833926261E0,4.025266131961E0,-2.093634147871E0));
#4185=CARTESIAN_POINT('',(6.140095409888E0,4.018202251140E0,-2.093634147871E0));
#4186=CARTESIAN_POINT('',(6.114501551259E0,4.004717125472E0,-2.093634147871E0));
#4187=CARTESIAN_POINT('',(6.155557564894E0,3.868307606415E0,-1.977443529370E0));
#4188=CARTESIAN_POINT('',(6.150488595022E0,3.854370977403E0,-1.977443529370E0));
#4189=CARTESIAN_POINT('',(6.149042554292E0,3.844181149057E0,-1.977443529370E0));
#4190=CARTESIAN_POINT('',(6.149792095771E0,3.835429146E0,-1.977443529370E0));
#4191=CARTESIAN_POINT('',(6.150583158750E0,3.831344826793E0,-1.977443529370E0));
#4192=CARTESIAN_POINT('',(6.151958260861E0,3.826926675580E0,-1.977443529370E0));
#4193=CARTESIAN_POINT('',(6.154428120390E0,3.821508804830E0,-1.977443529370E0));
#4194=CARTESIAN_POINT('',(6.158058524316E0,3.815866836884E0,-1.977443529370E0));
#4195=CARTESIAN_POINT('',(6.161447878288E0,3.811994551289E0,-1.977443529370E0));
#4196=CARTESIAN_POINT('',(6.165239490211E0,3.808549713355E0,-1.977443529370E0));
#4197=CARTESIAN_POINT('',(6.170584589042E0,3.804941791554E0,-1.977443529370E0));
#4198=CARTESIAN_POINT('',(6.176316753893E0,3.802184020109E0,-1.977443529370E0));
#4199=CARTESIAN_POINT('',(6.180823068244E0,3.800718141061E0,-1.977443529370E0));
#4200=CARTESIAN_POINT('',(6.184969657764E0,3.799856562659E0,-1.977443529370E0));
#4201=CARTESIAN_POINT('',(6.193927071774E0,3.798989120708E0,-1.977443529370E0));
#4202=CARTESIAN_POINT('',(6.204401569598E0,3.800430232390E0,-1.977443529370E0));
#4203=CARTESIAN_POINT('',(6.219291917312E0,3.805812443560E0,-1.977443529370E0));
#4204=(BOUNDED_SURFACE()B_SPLINE_SURFACE(3,3,((#4136,#4137,#4138,#4139,#4140,
#4141,#4142,#4143,#4144,#4145,#4146,#4147,#4148,#4149,#4150,#4151,#4152),(#4153,
#4154,#4155,#4156,#4157,#4158,#4159,#4160,#4161,#4162,#4163,#4164,#4165,#4166,
#4167,#4168,#4169),(#4170,#4171,#4172,#4173,#4174,#4175,#4176,#4177,#4178,#4179,
#4180,#4181,#4182,#4183,#4184,#4185,#4186),(#4187,#4188,#4189,#4190,#4191,#4192,
#4193,#4194,#4195,#4196,#4197,#4198,#4199,#4200,#4201,#4202,#4203)),
.UNSPECIFIED.,.F.,.F.,.F.)B_SPLINE_SURFACE_WITH_KNOTS((4,4),(4,1,1,1,1,1,1,1,1,
1,1,1,1,1,4),(-4.800708717171E-1,1.361790517189E0),(-1.599273014930E-1,
9.186555279026E-2,1.485255691657E-1,2.109617819494E-1,2.781047689109E-1,
3.488988034023E-1,4.223456290005E-1,4.973334816183E-1,5.726565940771E-1,
6.469860902375E-1,7.189312156764E-1,7.873206773747E-1,8.508805964232E-1,
9.083241682925E-1,1.171708812603E0),.UNSPECIFIED.)GEOMETRIC_REPRESENTATION_ITEM(
)RATIONAL_B_SPLINE_SURFACE(((1.633506214644E0,1.633506214644E0,1.633506214644E0,
1.633506214644E0,1.633506214644E0,1.633506214644E0,1.633506214644E0,
1.633506214644E0,1.633506214644E0,1.633506214644E0,1.633506214644E0,
1.633506214644E0,1.633506214644E0,1.633506214644E0,1.633506214644E0,
1.633506214644E0,1.633506214644E0),(8.398012761835E-1,8.398012761835E-1,
8.398012761835E-1,8.398012761835E-1,8.398012761835E-1,8.398012761835E-1,
8.398012761835E-1,8.398012761835E-1,8.398012761835E-1,8.398012761835E-1,
8.398012761835E-1,8.398012761835E-1,8.398012761835E-1,8.398012761835E-1,
8.398012761835E-1,8.398012761835E-1,8.398012761835E-1),(7.919069329164E-1,
7.919069329164E-1,7.919069329164E-1,7.919069329164E-1,7.919069329164E-1,
7.919069329164E-1,7.919069329164E-1,7.919069329164E-1,7.919069329164E-1,
7.919069329164E-1,7.919069329164E-1,7.919069329164E-1,7.919069329164E-1,
7.919069329164E-1,7.919069329164E-1,7.919069329164E-1,7.919069329164E-1),(
1.489823184843E0,1.489823184843E0,1.489823184843E0,1.489823184843E0,
1.489823184843E0,1.489823184843E0,1.489823184843E0,1.489823184843E0,
1.489823184843E0,1.489823184843E0,1.489823184843E0,1.489823184843E0,
1.489823184843E0,1.489823184843E0,1.489823184843E0,1.489823184843E0,
1.489823184843E0)))REPRESENTATION_ITEM('')SURFACE());
#4206=ORIENTED_EDGE('',*,*,#4205,.F.);
#4208=ORIENTED_EDGE('',*,*,#4207,.T.);
#4210=ORIENTED_EDGE('',*,*,#4209,.F.);
#4211=ORIENTED_EDGE('',*,*,#4127,.T.);
#4212=EDGE_LOOP('',(#4206,#4208,#4210,#4211));
#4213=FACE_OUTER_BOUND('',#4212,.F.);
#4215=CARTESIAN_POINT('',(6.398045892606E0,3.716399675010E0,-2.025247577237E0));
#4216=CARTESIAN_POINT('',(6.414396501127E0,3.749221217689E0,-2.029549583028E0));
#4217=CARTESIAN_POINT('',(6.431283598273E0,3.828724750311E0,-2.037982670403E0));
#4218=CARTESIAN_POINT('',(6.398163928017E0,3.951909928400E0,-2.045862381313E0));
#4219=CARTESIAN_POINT('',(6.301909928400E0,4.048163928017E0,-2.045862381313E0));
#4220=CARTESIAN_POINT('',(6.178845826732E0,4.081251045565E0,-2.037990415224E0));
#4221=CARTESIAN_POINT('',(6.099462487372E0,4.064447660051E0,-2.029575167216E0));
#4222=CARTESIAN_POINT('',(6.066727270515E0,4.048208745999E0,-2.025290485955E0));
#4224=DIRECTION('',(8.682659386428E-2,8.682659386428E-2,9.924325091390E-1));
#4225=VECTOR('',#4224,1.E0);
#4226=SURFACE_OF_LINEAR_EXTRUSION('',#4223,#4225);
#4227=ORIENTED_EDGE('',*,*,#4205,.T.);
#4228=ORIENTED_EDGE('',*,*,#4116,.F.);
#4230=ORIENTED_EDGE('',*,*,#4229,.F.);
#4232=ORIENTED_EDGE('',*,*,#4231,.F.);
#4233=EDGE_LOOP('',(#4227,#4228,#4230,#4232));
#4234=FACE_OUTER_BOUND('',#4233,.F.);
#4236=CARTESIAN_POINT('',(6.132250805791E0,4.123519000361E0,7.585861692599E-1));
#4237=CARTESIAN_POINT('',(6.178110302786E0,4.191719710045E0,7.625692394455E-1));
#4238=CARTESIAN_POINT('',(6.294170562834E0,4.242181942570E0,7.683843330238E-1));
#4239=CARTESIAN_POINT('',(6.453923532052E0,4.200177531668E0,7.724962032867E-1));
#4240=CARTESIAN_POINT('',(6.550177531668E0,4.103923532052E0,7.724962032867E-1));
#4241=CARTESIAN_POINT('',(6.592181942570E0,3.944170562834E0,7.683843330238E-1));
#4242=CARTESIAN_POINT('',(6.541719710045E0,3.828110302786E0,7.625692394455E-1));
#4243=CARTESIAN_POINT('',(6.473519000361E0,3.782250805792E0,7.585861692599E-1));
#4245=DIRECTION('',(3.487826274228E-2,3.487826274226E-2,-9.987827659587E-1));
#4246=VECTOR('',#4245,1.E0);
#4247=SURFACE_OF_LINEAR_EXTRUSION('',#4244,#4246);
#4248=ORIENTED_EDGE('',*,*,#4074,.F.);
#4250=ORIENTED_EDGE('',*,*,#4249,.F.);
#4251=ORIENTED_EDGE('',*,*,#4229,.T.);
#4252=ORIENTED_EDGE('',*,*,#4101,.T.);
#4253=EDGE_LOOP('',(#4248,#4250,#4251,#4252));
#4254=FACE_OUTER_BOUND('',#4253,.F.);
#4256=CARTESIAN_POINT('',(0.E0,4.25E0,0.E0));
#4257=DIRECTION('',(0.E0,-9.993908270191E-1,-3.489949670250E-2));
#4258=DIRECTION('',(1.E0,0.E0,0.E0));
#4259=AXIS2_PLACEMENT_3D('',#4256,#4257,#4258);
#4260=PLANE('',#4259);
#4262=ORIENTED_EDGE('',*,*,#4261,.F.);
#4264=ORIENTED_EDGE('',*,*,#4263,.F.);
#4266=ORIENTED_EDGE('',*,*,#4265,.T.);
#4268=ORIENTED_EDGE('',*,*,#4267,.T.);
#4270=ORIENTED_EDGE('',*,*,#4269,.T.);
#4271=ORIENTED_EDGE('',*,*,#4249,.T.);
#4272=ORIENTED_EDGE('',*,*,#4072,.T.);
#4274=ORIENTED_EDGE('',*,*,#4273,.F.);
#4276=ORIENTED_EDGE('',*,*,#4275,.T.);
#4278=ORIENTED_EDGE('',*,*,#4277,.F.);
#4280=ORIENTED_EDGE('',*,*,#4279,.T.);
#4282=ORIENTED_EDGE('',*,*,#4281,.T.);
#4283=EDGE_LOOP('',(#4262,#4264,#4266,#4268,#4270,#4271,#4272,#4274,#4276,#4278,
#4280,#4282));
#4284=FACE_OUTER_BOUND('',#4283,.F.);
#4286=CARTESIAN_POINT('',(0.E0,4.25E0,0.E0));
#4287=DIRECTION('',(0.E0,-9.961946980917E-1,8.715574274766E-2));
#4288=DIRECTION('',(1.E0,0.E0,0.E0));
#4289=AXIS2_PLACEMENT_3D('',#4286,#4287,#4288);
#4290=PLANE('',#4289);
#4291=ORIENTED_EDGE('',*,*,#4261,.T.);
#4293=ORIENTED_EDGE('',*,*,#4292,.F.);
#4294=ORIENTED_EDGE('',*,*,#4275,.F.);
#4296=ORIENTED_EDGE('',*,*,#4295,.T.);
#4298=ORIENTED_EDGE('',*,*,#4297,.F.);
#4299=ORIENTED_EDGE('',*,*,#4231,.T.);
#4300=ORIENTED_EDGE('',*,*,#4269,.F.);
#4302=ORIENTED_EDGE('',*,*,#4301,.F.);
#4303=EDGE_LOOP('',(#4291,#4293,#4294,#4296,#4298,#4299,#4300,#4302));
#4304=FACE_OUTER_BOUND('',#4303,.F.);
#4306=CARTESIAN_POINT('',(0.E0,0.E0,0.E0));
#4307=DIRECTION('',(0.E0,0.E0,-1.E0));
#4308=DIRECTION('',(-1.E0,0.E0,0.E0));
#4309=AXIS2_PLACEMENT_3D('',#4306,#4307,#4308);
#4310=PLANE('',#4309);
#4312=ORIENTED_EDGE('',*,*,#4311,.F.);
#4314=ORIENTED_EDGE('',*,*,#4313,.T.);
#4316=ORIENTED_EDGE('',*,*,#4315,.F.);
#4317=ORIENTED_EDGE('',*,*,#4292,.T.);
#4318=EDGE_LOOP('',(#4312,#4314,#4316,#4317));
#4319=FACE_OUTER_BOUND('',#4318,.F.);
#4321=FILL_AREA_STYLE_COLOUR('',#59);
#4322=FILL_AREA_STYLE('',(#4321));
#4323=SURFACE_STYLE_FILL_AREA(#4322);
#4324=SURFACE_SIDE_STYLE('',(#4323));
#4325=SURFACE_STYLE_USAGE(.POSITIVE.,#4324);
#4326=FILL_AREA_STYLE_COLOUR('',#24);
#4327=FILL_AREA_STYLE('',(#4326));
#4328=SURFACE_STYLE_FILL_AREA(#4327);
#4329=SURFACE_SIDE_STYLE('',(#4328));
#4330=SURFACE_STYLE_USAGE(.NEGATIVE.,#4329);
#4331=PRESENTATION_STYLE_ASSIGNMENT((#4325,#4330));
#4332=OVER_RIDING_STYLED_ITEM('',(#4331),#4320,#60);
#4333=CARTESIAN_POINT('',(0.E0,0.E0,0.E0));
#4334=DIRECTION('',(0.E0,0.E0,-1.E0));
#4335=DIRECTION('',(-1.E0,0.E0,0.E0));
#4336=AXIS2_PLACEMENT_3D('',#4333,#4334,#4335);
#4337=PLANE('',#4336);
#4339=ORIENTED_EDGE('',*,*,#4338,.F.);
#4340=ORIENTED_EDGE('',*,*,#4301,.T.);
#4342=ORIENTED_EDGE('',*,*,#4341,.T.);
#4344=ORIENTED_EDGE('',*,*,#4343,.T.);
#4345=EDGE_LOOP('',(#4339,#4340,#4342,#4344));
#4346=FACE_OUTER_BOUND('',#4345,.F.);
#4348=FILL_AREA_STYLE_COLOUR('',#59);
#4349=FILL_AREA_STYLE('',(#4348));
#4350=SURFACE_STYLE_FILL_AREA(#4349);
#4351=SURFACE_SIDE_STYLE('',(#4350));
#4352=SURFACE_STYLE_USAGE(.POSITIVE.,#4351);
#4353=FILL_AREA_STYLE_COLOUR('',#24);
#4354=FILL_AREA_STYLE('',(#4353));
#4355=SURFACE_STYLE_FILL_AREA(#4354);
#4356=SURFACE_SIDE_STYLE('',(#4355));
#4357=SURFACE_STYLE_USAGE(.NEGATIVE.,#4356);
#4358=PRESENTATION_STYLE_ASSIGNMENT((#4352,#4357));
#4359=OVER_RIDING_STYLED_ITEM('',(#4358),#4347,#60);
#4360=CARTESIAN_POINT('',(-3.51E0,8.25E0,0.E0));
#4361=DIRECTION('',(1.E0,0.E0,0.E0));
#4362=DIRECTION('',(0.E0,-1.E0,0.E0));
#4363=AXIS2_PLACEMENT_3D('',#4360,#4361,#4362);
#4364=PLANE('',#4363);
#4366=ORIENTED_EDGE('',*,*,#4365,.F.);
#4368=ORIENTED_EDGE('',*,*,#4367,.F.);
#4370=ORIENTED_EDGE('',*,*,#4369,.F.);
#4372=ORIENTED_EDGE('',*,*,#4371,.F.);
#4374=ORIENTED_EDGE('',*,*,#4373,.F.);
#4376=ORIENTED_EDGE('',*,*,#4375,.F.);
#4378=ORIENTED_EDGE('',*,*,#4377,.F.);
#4380=ORIENTED_EDGE('',*,*,#4379,.T.);
#4381=ORIENTED_EDGE('',*,*,#4311,.T.);
#4382=ORIENTED_EDGE('',*,*,#4281,.F.);
#4384=ORIENTED_EDGE('',*,*,#4383,.T.);
#4386=ORIENTED_EDGE('',*,*,#4385,.F.);
#4387=EDGE_LOOP('',(#4366,#4368,#4370,#4372,#4374,#4376,#4378,#4380,#4381,#4382,
#4384,#4386));
#4388=FACE_OUTER_BOUND('',#4387,.F.);
#4390=FILL_AREA_STYLE_COLOUR('',#59);
#4391=FILL_AREA_STYLE('',(#4390));
#4392=SURFACE_STYLE_FILL_AREA(#4391);
#4393=SURFACE_SIDE_STYLE('',(#4392));
#4394=SURFACE_STYLE_USAGE(.POSITIVE.,#4393);
#4395=FILL_AREA_STYLE_COLOUR('',#24);
#4396=FILL_AREA_STYLE('',(#4395));
#4397=SURFACE_STYLE_FILL_AREA(#4396);
#4398=SURFACE_SIDE_STYLE('',(#4397));
#4399=SURFACE_STYLE_USAGE(.NEGATIVE.,#4398);
#4400=PRESENTATION_STYLE_ASSIGNMENT((#4394,#4399));
#4401=OVER_RIDING_STYLED_ITEM('',(#4400),#4389,#60);
#4402=CARTESIAN_POINT('',(4.11E0,5.184744471751E0,-1.85E0));
#4403=DIRECTION('',(0.E0,9.986295347546E-1,5.233595624291E-2));
#4404=DIRECTION('',(0.E0,-5.233595624291E-2,9.986295347546E-1));
#4405=AXIS2_PLACEMENT_3D('',#4402,#4403,#4404);
#4406=PLANE('',#4405);
#4408=ORIENTED_EDGE('',*,*,#4407,.T.);
#4410=ORIENTED_EDGE('',*,*,#4409,.T.);
#4412=ORIENTED_EDGE('',*,*,#4411,.T.);
#4414=ORIENTED_EDGE('',*,*,#4413,.F.);
#4415=EDGE_LOOP('',(#4408,#4410,#4412,#4414));
#4416=FACE_OUTER_BOUND('',#4415,.F.);
#4418=FILL_AREA_STYLE_COLOUR('',#58);
#4419=FILL_AREA_STYLE('',(#4418));
#4420=SURFACE_STYLE_FILL_AREA(#4419);
#4421=SURFACE_SIDE_STYLE('',(#4420));
#4422=SURFACE_STYLE_USAGE(.POSITIVE.,#4421);
#4423=FILL_AREA_STYLE_COLOUR('',#24);
#4424=FILL_AREA_STYLE('',(#4423));
#4425=SURFACE_STYLE_FILL_AREA(#4424);
#4426=SURFACE_SIDE_STYLE('',(#4425));
#4427=SURFACE_STYLE_USAGE(.NEGATIVE.,#4426);
#4428=PRESENTATION_STYLE_ASSIGNMENT((#4422,#4427));
#4429=OVER_RIDING_STYLED_ITEM('',(#4428),#4417,#60);
#4430=CARTESIAN_POINT('',(4.11E0,5.184744471751E0,-1.85E0));
#4431=DIRECTION('',(0.E0,9.986295347546E-1,5.233595624291E-2));
#4432=DIRECTION('',(0.E0,-5.233595624291E-2,9.986295347546E-1));
#4433=AXIS2_PLACEMENT_3D('',#4430,#4431,#4432);
#4434=PLANE('',#4433);
#4436=ORIENTED_EDGE('',*,*,#4435,.T.);
#4437=ORIENTED_EDGE('',*,*,#4365,.T.);
#4439=ORIENTED_EDGE('',*,*,#4438,.T.);
#4441=ORIENTED_EDGE('',*,*,#4440,.F.);
#4442=EDGE_LOOP('',(#4436,#4437,#4439,#4441));
#4443=FACE_OUTER_BOUND('',#4442,.F.);
#4445=FILL_AREA_STYLE_COLOUR('',#58);
#4446=FILL_AREA_STYLE('',(#4445));
#4447=SURFACE_STYLE_FILL_AREA(#4446);
#4448=SURFACE_SIDE_STYLE('',(#4447));
#4449=SURFACE_STYLE_USAGE(.POSITIVE.,#4448);
#4450=FILL_AREA_STYLE_COLOUR('',#24);
#4451=FILL_AREA_STYLE('',(#4450));
#4452=SURFACE_STYLE_FILL_AREA(#4451);
#4453=SURFACE_SIDE_STYLE('',(#4452));
#4454=SURFACE_STYLE_USAGE(.NEGATIVE.,#4453);
#4455=PRESENTATION_STYLE_ASSIGNMENT((#4449,#4454));
#4456=OVER_RIDING_STYLED_ITEM('',(#4455),#4444,#60);
#4457=CARTESIAN_POINT('',(-2.401945418911E1,5.279640928423E0,-1.75E0));
#4458=DIRECTION('',(1.E0,0.E0,0.E0));
#4459=DIRECTION('',(0.E0,-9.986295347546E-1,-5.233595624291E-2));
#4460=AXIS2_PLACEMENT_3D('',#4457,#4458,#4459);
#4461=CYLINDRICAL_SURFACE('',#4460,1.E-1);
#4462=ORIENTED_EDGE('',*,*,#4407,.F.);
#4464=ORIENTED_EDGE('',*,*,#4463,.T.);
#4466=ORIENTED_EDGE('',*,*,#4465,.T.);
#4468=ORIENTED_EDGE('',*,*,#4467,.T.);
#4469=EDGE_LOOP('',(#4462,#4464,#4466,#4468));
#4470=FACE_OUTER_BOUND('',#4469,.F.);
#4472=FILL_AREA_STYLE_COLOUR('',#58);
#4473=FILL_AREA_STYLE('',(#4472));
#4474=SURFACE_STYLE_FILL_AREA(#4473);
#4475=SURFACE_SIDE_STYLE('',(#4474));
#4476=SURFACE_STYLE_USAGE(.POSITIVE.,#4475);
#4477=FILL_AREA_STYLE_COLOUR('',#24);
#4478=FILL_AREA_STYLE('',(#4477));
#4479=SURFACE_STYLE_FILL_AREA(#4478);
#4480=SURFACE_SIDE_STYLE('',(#4479));
#4481=SURFACE_STYLE_USAGE(.NEGATIVE.,#4480);
#4482=PRESENTATION_STYLE_ASSIGNMENT((#4476,#4481));
#4483=OVER_RIDING_STYLED_ITEM('',(#4482),#4471,#60);
#4484=CARTESIAN_POINT('',(3.51E0,2.9E0,0.E0));
#4485=DIRECTION('',(-1.E0,0.E0,0.E0));
#4486=DIRECTION('',(0.E0,1.E0,0.E0));
#4487=AXIS2_PLACEMENT_3D('',#4484,#4485,#4486);
#4488=PLANE('',#4487);
#4490=ORIENTED_EDGE('',*,*,#4489,.T.);
#4491=ORIENTED_EDGE('',*,*,#4463,.F.);
#4492=ORIENTED_EDGE('',*,*,#4413,.T.);
#4494=ORIENTED_EDGE('',*,*,#4493,.T.);
#4496=ORIENTED_EDGE('',*,*,#4495,.T.);
#4497=ORIENTED_EDGE('',*,*,#4263,.T.);
#4498=ORIENTED_EDGE('',*,*,#4338,.T.);
#4500=ORIENTED_EDGE('',*,*,#4499,.F.);
#4502=ORIENTED_EDGE('',*,*,#4501,.T.);
#4504=ORIENTED_EDGE('',*,*,#4503,.T.);
#4506=ORIENTED_EDGE('',*,*,#4505,.T.);
#4508=ORIENTED_EDGE('',*,*,#4507,.T.);
#4509=EDGE_LOOP('',(#4490,#4491,#4492,#4494,#4496,#4497,#4498,#4500,#4502,#4504,
#4506,#4508));
#4510=FACE_OUTER_BOUND('',#4509,.F.);
#4512=FILL_AREA_STYLE_COLOUR('',#58);
#4513=FILL_AREA_STYLE('',(#4512));
#4514=SURFACE_STYLE_FILL_AREA(#4513);
#4515=SURFACE_SIDE_STYLE('',(#4514));
#4516=SURFACE_STYLE_USAGE(.POSITIVE.,#4515);
#4517=FILL_AREA_STYLE_COLOUR('',#24);
#4518=FILL_AREA_STYLE('',(#4517));
#4519=SURFACE_STYLE_FILL_AREA(#4518);
#4520=SURFACE_SIDE_STYLE('',(#4519));
#4521=SURFACE_STYLE_USAGE(.NEGATIVE.,#4520);
#4522=PRESENTATION_STYLE_ASSIGNMENT((#4516,#4521));
#4523=OVER_RIDING_STYLED_ITEM('',(#4522),#4511,#60);
#4524=CARTESIAN_POINT('',(4.11E0,5.7E0,-1.85E0));
#4525=DIRECTION('',(0.E0,0.E0,1.E0));
#4526=DIRECTION('',(0.E0,-1.E0,0.E0));
#4527=AXIS2_PLACEMENT_3D('',#4524,#4525,#4526);
#4528=PLANE('',#4527);
#4529=ORIENTED_EDGE('',*,*,#4465,.F.);
#4530=ORIENTED_EDGE('',*,*,#4489,.F.);
#4532=ORIENTED_EDGE('',*,*,#4531,.F.);
#4534=ORIENTED_EDGE('',*,*,#4533,.T.);
#4535=EDGE_LOOP('',(#4529,#4530,#4532,#4534));
#4536=FACE_OUTER_BOUND('',#4535,.F.);
#4538=FILL_AREA_STYLE_COLOUR('',#58);
#4539=FILL_AREA_STYLE('',(#4538));
#4540=SURFACE_STYLE_FILL_AREA(#4539);
#4541=SURFACE_SIDE_STYLE('',(#4540));
#4542=SURFACE_STYLE_USAGE(.POSITIVE.,#4541);
#4543=FILL_AREA_STYLE_COLOUR('',#24);
#4544=FILL_AREA_STYLE('',(#4543));
#4545=SURFACE_STYLE_FILL_AREA(#4544);
#4546=SURFACE_SIDE_STYLE('',(#4545));
#4547=SURFACE_STYLE_USAGE(.NEGATIVE.,#4546);
#4548=PRESENTATION_STYLE_ASSIGNMENT((#4542,#4547));
#4549=OVER_RIDING_STYLED_ITEM('',(#4548),#4537,#60);
#4550=CARTESIAN_POINT('',(4.11E0,5.7E0,-1.85E0));
#4551=DIRECTION('',(0.E0,0.E0,1.E0));
#4552=DIRECTION('',(0.E0,-1.E0,0.E0));
#4553=AXIS2_PLACEMENT_3D('',#4550,#4551,#4552);
#4554=PLANE('',#4553);
#4556=ORIENTED_EDGE('',*,*,#4555,.F.);
#4558=ORIENTED_EDGE('',*,*,#4557,.F.);
#4560=ORIENTED_EDGE('',*,*,#4559,.F.);
#4561=ORIENTED_EDGE('',*,*,#4369,.T.);
#4562=EDGE_LOOP('',(#4556,#4558,#4560,#4561));
#4563=FACE_OUTER_BOUND('',#4562,.F.);
#4565=FILL_AREA_STYLE_COLOUR('',#58);
#4566=FILL_AREA_STYLE('',(#4565));
#4567=SURFACE_STYLE_FILL_AREA(#4566);
#4568=SURFACE_SIDE_STYLE('',(#4567));
#4569=SURFACE_STYLE_USAGE(.POSITIVE.,#4568);
#4570=FILL_AREA_STYLE_COLOUR('',#24);
#4571=FILL_AREA_STYLE('',(#4570));
#4572=SURFACE_STYLE_FILL_AREA(#4571);
#4573=SURFACE_SIDE_STYLE('',(#4572));
#4574=SURFACE_STYLE_USAGE(.NEGATIVE.,#4573);
#4575=PRESENTATION_STYLE_ASSIGNMENT((#4569,#4574));
#4576=OVER_RIDING_STYLED_ITEM('',(#4575),#4564,#60);
#4577=CARTESIAN_POINT('',(4.11E0,5.7E0,-2.25E0));
#4578=DIRECTION('',(0.E0,1.E0,0.E0));
#4579=DIRECTION('',(0.E0,0.E0,1.E0));
#4580=AXIS2_PLACEMENT_3D('',#4577,#4578,#4579);
#4581=PLANE('',#4580);
#4582=ORIENTED_EDGE('',*,*,#4371,.T.);
#4583=ORIENTED_EDGE('',*,*,#4559,.T.);
#4585=ORIENTED_EDGE('',*,*,#4584,.F.);
#4587=ORIENTED_EDGE('',*,*,#4586,.F.);
#4588=EDGE_LOOP('',(#4582,#4583,#4585,#4587));
#4589=FACE_OUTER_BOUND('',#4588,.F.);
#4591=FILL_AREA_STYLE_COLOUR('',#58);
#4592=FILL_AREA_STYLE('',(#4591));
#4593=SURFACE_STYLE_FILL_AREA(#4592);
#4594=SURFACE_SIDE_STYLE('',(#4593));
#4595=SURFACE_STYLE_USAGE(.POSITIVE.,#4594);
#4596=FILL_AREA_STYLE_COLOUR('',#24);
#4597=FILL_AREA_STYLE('',(#4596));
#4598=SURFACE_STYLE_FILL_AREA(#4597);
#4599=SURFACE_SIDE_STYLE('',(#4598));
#4600=SURFACE_STYLE_USAGE(.NEGATIVE.,#4599);
#4601=PRESENTATION_STYLE_ASSIGNMENT((#4595,#4600));
#4602=OVER_RIDING_STYLED_ITEM('',(#4601),#4590,#60);
#4603=CARTESIAN_POINT('',(4.11E0,5.7E0,-2.25E0));
#4604=DIRECTION('',(0.E0,1.E0,0.E0));
#4605=DIRECTION('',(0.E0,0.E0,1.E0));
#4606=AXIS2_PLACEMENT_3D('',#4603,#4604,#4605);
#4607=PLANE('',#4606);
#4608=ORIENTED_EDGE('',*,*,#4507,.F.);
#4610=ORIENTED_EDGE('',*,*,#4609,.F.);
#4612=ORIENTED_EDGE('',*,*,#4611,.T.);
#4613=ORIENTED_EDGE('',*,*,#4531,.T.);
#4614=EDGE_LOOP('',(#4608,#4610,#4612,#4613));
#4615=FACE_OUTER_BOUND('',#4614,.F.);
#4617=FILL_AREA_STYLE_COLOUR('',#58);
#4618=FILL_AREA_STYLE('',(#4617));
#4619=SURFACE_STYLE_FILL_AREA(#4618);
#4620=SURFACE_SIDE_STYLE('',(#4619));
#4621=SURFACE_STYLE_USAGE(.POSITIVE.,#4620);
#4622=FILL_AREA_STYLE_COLOUR('',#24);
#4623=FILL_AREA_STYLE('',(#4622));
#4624=SURFACE_STYLE_FILL_AREA(#4623);
#4625=SURFACE_SIDE_STYLE('',(#4624));
#4626=SURFACE_STYLE_USAGE(.NEGATIVE.,#4625);
#4627=PRESENTATION_STYLE_ASSIGNMENT((#4621,#4626));
#4628=OVER_RIDING_STYLED_ITEM('',(#4627),#4616,#60);
#4629=CARTESIAN_POINT('',(-4.11E0,-2.9E0,0.E0));
#4630=DIRECTION('',(1.E0,0.E0,0.E0));
#4631=DIRECTION('',(0.E0,-1.E0,0.E0));
#4632=AXIS2_PLACEMENT_3D('',#4629,#4630,#4631);
#4633=PLANE('',#4632);
#4634=ORIENTED_EDGE('',*,*,#4557,.T.);
#4636=ORIENTED_EDGE('',*,*,#4635,.F.);
#4637=ORIENTED_EDGE('',*,*,#4440,.T.);
#4639=ORIENTED_EDGE('',*,*,#4638,.T.);
#4641=ORIENTED_EDGE('',*,*,#4640,.T.);
#4642=ORIENTED_EDGE('',*,*,#4277,.T.);
#4643=ORIENTED_EDGE('',*,*,#4315,.T.);
#4645=ORIENTED_EDGE('',*,*,#4644,.T.);
#4647=ORIENTED_EDGE('',*,*,#4646,.T.);
#4649=ORIENTED_EDGE('',*,*,#4648,.T.);
#4651=ORIENTED_EDGE('',*,*,#4650,.T.);
#4652=ORIENTED_EDGE('',*,*,#4584,.T.);
#4653=EDGE_LOOP('',(#4634,#4636,#4637,#4639,#4641,#4642,#4643,#4645,#4647,#4649,
#4651,#4652));
#4654=FACE_OUTER_BOUND('',#4653,.F.);
#4656=FILL_AREA_STYLE_COLOUR('',#58);
#4657=FILL_AREA_STYLE('',(#4656));
#4658=SURFACE_STYLE_FILL_AREA(#4657);
#4659=SURFACE_SIDE_STYLE('',(#4658));
#4660=SURFACE_STYLE_USAGE(.POSITIVE.,#4659);
#4661=FILL_AREA_STYLE_COLOUR('',#24);
#4662=FILL_AREA_STYLE('',(#4661));
#4663=SURFACE_STYLE_FILL_AREA(#4662);
#4664=SURFACE_SIDE_STYLE('',(#4663));
#4665=SURFACE_STYLE_USAGE(.NEGATIVE.,#4664);
#4666=PRESENTATION_STYLE_ASSIGNMENT((#4660,#4665));
#4667=OVER_RIDING_STYLED_ITEM('',(#4666),#4655,#60);
#4668=CARTESIAN_POINT('',(-4.11E0,-2.9E0,0.E0));
#4669=DIRECTION('',(1.E0,0.E0,0.E0));
#4670=DIRECTION('',(0.E0,-1.E0,0.E0));
#4671=AXIS2_PLACEMENT_3D('',#4668,#4669,#4670);
#4672=PLANE('',#4671);
#4674=ORIENTED_EDGE('',*,*,#4673,.T.);
#4676=ORIENTED_EDGE('',*,*,#4675,.F.);
#4678=ORIENTED_EDGE('',*,*,#4677,.T.);
#4680=ORIENTED_EDGE('',*,*,#4679,.T.);
#4682=ORIENTED_EDGE('',*,*,#4681,.T.);
#4684=ORIENTED_EDGE('',*,*,#4683,.T.);
#4686=ORIENTED_EDGE('',*,*,#4685,.T.);
#4688=ORIENTED_EDGE('',*,*,#4687,.T.);
#4690=ORIENTED_EDGE('',*,*,#4689,.T.);
#4692=ORIENTED_EDGE('',*,*,#4691,.F.);
#4694=ORIENTED_EDGE('',*,*,#4693,.T.);
#4696=ORIENTED_EDGE('',*,*,#4695,.T.);
#4697=EDGE_LOOP('',(#4674,#4676,#4678,#4680,#4682,#4684,#4686,#4688,#4690,#4692,
#4694,#4696));
#4698=FACE_OUTER_BOUND('',#4697,.F.);
#4700=FILL_AREA_STYLE_COLOUR('',#58);
#4701=FILL_AREA_STYLE('',(#4700));
#4702=SURFACE_STYLE_FILL_AREA(#4701);
#4703=SURFACE_SIDE_STYLE('',(#4702));
#4704=SURFACE_STYLE_USAGE(.POSITIVE.,#4703);
#4705=FILL_AREA_STYLE_COLOUR('',#24);
#4706=FILL_AREA_STYLE('',(#4705));
#4707=SURFACE_STYLE_FILL_AREA(#4706);
#4708=SURFACE_SIDE_STYLE('',(#4707));
#4709=SURFACE_STYLE_USAGE(.NEGATIVE.,#4708);
#4710=PRESENTATION_STYLE_ASSIGNMENT((#4704,#4709));
#4711=OVER_RIDING_STYLED_ITEM('',(#4710),#4699,#60);
#4712=CARTESIAN_POINT('',(-2.401945418911E1,5.279640928423E0,-1.75E0));
#4713=DIRECTION('',(1.E0,0.E0,0.E0));
#4714=DIRECTION('',(0.E0,-9.986295347546E-1,-5.233595624291E-2));
#4715=AXIS2_PLACEMENT_3D('',#4712,#4713,#4714);
#4716=CYLINDRICAL_SURFACE('',#4715,1.E-1);
#4717=ORIENTED_EDGE('',*,*,#4435,.F.);
#4718=ORIENTED_EDGE('',*,*,#4635,.T.);
#4719=ORIENTED_EDGE('',*,*,#4555,.T.);
#4720=ORIENTED_EDGE('',*,*,#4367,.T.);
#4721=EDGE_LOOP('',(#4717,#4718,#4719,#4720));
#4722=FACE_OUTER_BOUND('',#4721,.F.);
#4724=FILL_AREA_STYLE_COLOUR('',#58);
#4725=FILL_AREA_STYLE('',(#4724));
#4726=SURFACE_STYLE_FILL_AREA(#4725);
#4727=SURFACE_SIDE_STYLE('',(#4726));
#4728=SURFACE_STYLE_USAGE(.POSITIVE.,#4727);
#4729=FILL_AREA_STYLE_COLOUR('',#24);
#4730=FILL_AREA_STYLE('',(#4729));
#4731=SURFACE_STYLE_FILL_AREA(#4730);
#4732=SURFACE_SIDE_STYLE('',(#4731));
#4733=SURFACE_STYLE_USAGE(.NEGATIVE.,#4732);
#4734=PRESENTATION_STYLE_ASSIGNMENT((#4728,#4733));
#4735=OVER_RIDING_STYLED_ITEM('',(#4734),#4723,#60);
#4736=CARTESIAN_POINT('',(4.11E0,4.45E0,-2.5E-1));
#4737=DIRECTION('',(1.E0,0.E0,0.E0));
#4738=DIRECTION('',(0.E0,1.E0,0.E0));
#4739=AXIS2_PLACEMENT_3D('',#4736,#4737,#4738);
#4740=CYLINDRICAL_SURFACE('',#4739,6.5E-1);
#4741=ORIENTED_EDGE('',*,*,#4385,.T.);
#4743=ORIENTED_EDGE('',*,*,#4742,.T.);
#4744=ORIENTED_EDGE('',*,*,#4638,.F.);
#4745=ORIENTED_EDGE('',*,*,#4438,.F.);
#4746=EDGE_LOOP('',(#4741,#4743,#4744,#4745));
#4747=FACE_OUTER_BOUND('',#4746,.F.);
#4749=FILL_AREA_STYLE_COLOUR('',#58);
#4750=FILL_AREA_STYLE('',(#4749));
#4751=SURFACE_STYLE_FILL_AREA(#4750);
#4752=SURFACE_SIDE_STYLE('',(#4751));
#4753=SURFACE_STYLE_USAGE(.POSITIVE.,#4752);
#4754=FILL_AREA_STYLE_COLOUR('',#24);
#4755=FILL_AREA_STYLE('',(#4754));
#4756=SURFACE_STYLE_FILL_AREA(#4755);
#4757=SURFACE_SIDE_STYLE('',(#4756));
#4758=SURFACE_STYLE_USAGE(.NEGATIVE.,#4757);
#4759=PRESENTATION_STYLE_ASSIGNMENT((#4753,#4758));
#4760=OVER_RIDING_STYLED_ITEM('',(#4759),#4748,#60);
#4761=CARTESIAN_POINT('',(4.11E0,4.45E0,-2.5E-1));
#4762=DIRECTION('',(1.E0,0.E0,0.E0));
#4763=DIRECTION('',(0.E0,1.E0,0.E0));
#4764=AXIS2_PLACEMENT_3D('',#4761,#4762,#4763);
#4765=CYLINDRICAL_SURFACE('',#4764,6.5E-1);
#4766=ORIENTED_EDGE('',*,*,#4493,.F.);
#4767=ORIENTED_EDGE('',*,*,#4411,.F.);
#4769=ORIENTED_EDGE('',*,*,#4768,.T.);
#4771=ORIENTED_EDGE('',*,*,#4770,.T.);
#4772=EDGE_LOOP('',(#4766,#4767,#4769,#4771));
#4773=FACE_OUTER_BOUND('',#4772,.F.);
#4775=FILL_AREA_STYLE_COLOUR('',#58);
#4776=FILL_AREA_STYLE('',(#4775));
#4777=SURFACE_STYLE_FILL_AREA(#4776);
#4778=SURFACE_SIDE_STYLE('',(#4777));
#4779=SURFACE_STYLE_USAGE(.POSITIVE.,#4778);
#4780=FILL_AREA_STYLE_COLOUR('',#24);
#4781=FILL_AREA_STYLE('',(#4780));
#4782=SURFACE_STYLE_FILL_AREA(#4781);
#4783=SURFACE_SIDE_STYLE('',(#4782));
#4784=SURFACE_STYLE_USAGE(.NEGATIVE.,#4783);
#4785=PRESENTATION_STYLE_ASSIGNMENT((#4779,#4784));
#4786=OVER_RIDING_STYLED_ITEM('',(#4785),#4774,#60);
#4787=CARTESIAN_POINT('',(0.E0,0.E0,4.E-1));
#4788=DIRECTION('',(0.E0,0.E0,-1.E0));
#4789=DIRECTION('',(-1.E0,0.E0,0.E0));
#4790=AXIS2_PLACEMENT_3D('',#4787,#4788,#4789);
#4791=PLANE('',#4790);
#4792=ORIENTED_EDGE('',*,*,#4383,.F.);
#4793=ORIENTED_EDGE('',*,*,#4279,.F.);
#4794=ORIENTED_EDGE('',*,*,#4640,.F.);
#4795=ORIENTED_EDGE('',*,*,#4742,.F.);
#4796=EDGE_LOOP('',(#4792,#4793,#4794,#4795));
#4797=FACE_OUTER_BOUND('',#4796,.F.);
#4799=FILL_AREA_STYLE_COLOUR('',#58);
#4800=FILL_AREA_STYLE('',(#4799));
#4801=SURFACE_STYLE_FILL_AREA(#4800);
#4802=SURFACE_SIDE_STYLE('',(#4801));
#4803=SURFACE_STYLE_USAGE(.POSITIVE.,#4802);
#4804=FILL_AREA_STYLE_COLOUR('',#24);
#4805=FILL_AREA_STYLE('',(#4804));
#4806=SURFACE_STYLE_FILL_AREA(#4805);
#4807=SURFACE_SIDE_STYLE('',(#4806));
#4808=SURFACE_STYLE_USAGE(.NEGATIVE.,#4807);
#4809=PRESENTATION_STYLE_ASSIGNMENT((#4803,#4808));
#4810=OVER_RIDING_STYLED_ITEM('',(#4809),#4798,#60);
#4811=CARTESIAN_POINT('',(0.E0,0.E0,4.E-1));
#4812=DIRECTION('',(0.E0,0.E0,-1.E0));
#4813=DIRECTION('',(-1.E0,0.E0,0.E0));
#4814=AXIS2_PLACEMENT_3D('',#4811,#4812,#4813);
#4815=PLANE('',#4814);
#4816=ORIENTED_EDGE('',*,*,#4495,.F.);
#4817=ORIENTED_EDGE('',*,*,#4770,.F.);
#4819=ORIENTED_EDGE('',*,*,#4818,.T.);
#4820=ORIENTED_EDGE('',*,*,#4265,.F.);
#4821=EDGE_LOOP('',(#4816,#4817,#4819,#4820));
#4822=FACE_OUTER_BOUND('',#4821,.F.);
#4824=FILL_AREA_STYLE_COLOUR('',#58);
#4825=FILL_AREA_STYLE('',(#4824));
#4826=SURFACE_STYLE_FILL_AREA(#4825);
#4827=SURFACE_SIDE_STYLE('',(#4826));
#4828=SURFACE_STYLE_USAGE(.POSITIVE.,#4827);
#4829=FILL_AREA_STYLE_COLOUR('',#24);
#4830=FILL_AREA_STYLE('',(#4829));
#4831=SURFACE_STYLE_FILL_AREA(#4830);
#4832=SURFACE_SIDE_STYLE('',(#4831));
#4833=SURFACE_STYLE_USAGE(.NEGATIVE.,#4832);
#4834=PRESENTATION_STYLE_ASSIGNMENT((#4828,#4833));
#4835=OVER_RIDING_STYLED_ITEM('',(#4834),#4823,#60);
#4836=CARTESIAN_POINT('',(4.11E0,-8.25E0,0.E0));
#4837=DIRECTION('',(-1.E0,0.E0,0.E0));
#4838=DIRECTION('',(0.E0,1.E0,0.E0));
#4839=AXIS2_PLACEMENT_3D('',#4836,#4837,#4838);
#4840=PLANE('',#4839);
#4841=ORIENTED_EDGE('',*,*,#4409,.F.);
#4842=ORIENTED_EDGE('',*,*,#4467,.F.);
#4843=ORIENTED_EDGE('',*,*,#4533,.F.);
#4844=ORIENTED_EDGE('',*,*,#4611,.F.);
#4846=ORIENTED_EDGE('',*,*,#4845,.F.);
#4848=ORIENTED_EDGE('',*,*,#4847,.F.);
#4850=ORIENTED_EDGE('',*,*,#4849,.F.);
#4852=ORIENTED_EDGE('',*,*,#4851,.F.);
#4853=ORIENTED_EDGE('',*,*,#4341,.F.);
#4854=ORIENTED_EDGE('',*,*,#4267,.F.);
#4855=ORIENTED_EDGE('',*,*,#4818,.F.);
#4856=ORIENTED_EDGE('',*,*,#4768,.F.);
#4857=EDGE_LOOP('',(#4841,#4842,#4843,#4844,#4846,#4848,#4850,#4852,#4853,#4854,
#4855,#4856));
#4858=FACE_OUTER_BOUND('',#4857,.F.);
#4860=FILL_AREA_STYLE_COLOUR('',#58);
#4861=FILL_AREA_STYLE('',(#4860));
#4862=SURFACE_STYLE_FILL_AREA(#4861);
#4863=SURFACE_SIDE_STYLE('',(#4862));
#4864=SURFACE_STYLE_USAGE(.POSITIVE.,#4863);
#4865=FILL_AREA_STYLE_COLOUR('',#24);
#4866=FILL_AREA_STYLE('',(#4865));
#4867=SURFACE_STYLE_FILL_AREA(#4866);
#4868=SURFACE_SIDE_STYLE('',(#4867));
#4869=SURFACE_STYLE_USAGE(.NEGATIVE.,#4868);
#4870=PRESENTATION_STYLE_ASSIGNMENT((#4864,#4869));
#4871=OVER_RIDING_STYLED_ITEM('',(#4870),#4859,#60);
#4872=CARTESIAN_POINT('',(4.11E0,-8.25E0,0.E0));
#4873=DIRECTION('',(-1.E0,0.E0,0.E0));
#4874=DIRECTION('',(0.E0,1.E0,0.E0));
#4875=AXIS2_PLACEMENT_3D('',#4872,#4873,#4874);
#4876=PLANE('',#4875);
#4878=ORIENTED_EDGE('',*,*,#4877,.F.);
#4880=ORIENTED_EDGE('',*,*,#4879,.F.);
#4882=ORIENTED_EDGE('',*,*,#4881,.F.);
#4884=ORIENTED_EDGE('',*,*,#4883,.F.);
#4886=ORIENTED_EDGE('',*,*,#4885,.F.);
#4888=ORIENTED_EDGE('',*,*,#4887,.T.);
#4890=ORIENTED_EDGE('',*,*,#4889,.F.);
#4892=ORIENTED_EDGE('',*,*,#4891,.F.);
#4894=ORIENTED_EDGE('',*,*,#4893,.F.);
#4896=ORIENTED_EDGE('',*,*,#4895,.F.);
#4898=ORIENTED_EDGE('',*,*,#4897,.F.);
#4900=ORIENTED_EDGE('',*,*,#4899,.F.);
#4901=EDGE_LOOP('',(#4878,#4880,#4882,#4884,#4886,#4888,#4890,#4892,#4894,#4896,
#4898,#4900));
#4902=FACE_OUTER_BOUND('',#4901,.F.);
#4904=FILL_AREA_STYLE_COLOUR('',#58);
#4905=FILL_AREA_STYLE('',(#4904));
#4906=SURFACE_STYLE_FILL_AREA(#4905);
#4907=SURFACE_SIDE_STYLE('',(#4906));
#4908=SURFACE_STYLE_USAGE(.POSITIVE.,#4907);
#4909=FILL_AREA_STYLE_COLOUR('',#24);
#4910=FILL_AREA_STYLE('',(#4909));
#4911=SURFACE_STYLE_FILL_AREA(#4910);
#4912=SURFACE_SIDE_STYLE('',(#4911));
#4913=SURFACE_STYLE_USAGE(.NEGATIVE.,#4912);
#4914=PRESENTATION_STYLE_ASSIGNMENT((#4908,#4913));
#4915=OVER_RIDING_STYLED_ITEM('',(#4914),#4903,#60);
#4916=CARTESIAN_POINT('',(4.11E0,5.184744471751E0,-2.25E0));
#4917=DIRECTION('',(0.E0,0.E0,-1.E0));
#4918=DIRECTION('',(0.E0,1.E0,0.E0));
#4919=AXIS2_PLACEMENT_3D('',#4916,#4917,#4918);
#4920=PLANE('',#4919);
#4921=ORIENTED_EDGE('',*,*,#4373,.T.);
#4922=ORIENTED_EDGE('',*,*,#4586,.T.);
#4923=ORIENTED_EDGE('',*,*,#4650,.F.);
#4925=ORIENTED_EDGE('',*,*,#4924,.F.);
#4926=EDGE_LOOP('',(#4921,#4922,#4923,#4925));
#4927=FACE_OUTER_BOUND('',#4926,.F.);
#4929=FILL_AREA_STYLE_COLOUR('',#58);
#4930=FILL_AREA_STYLE('',(#4929));
#4931=SURFACE_STYLE_FILL_AREA(#4930);
#4932=SURFACE_SIDE_STYLE('',(#4931));
#4933=SURFACE_STYLE_USAGE(.POSITIVE.,#4932);
#4934=FILL_AREA_STYLE_COLOUR('',#24);
#4935=FILL_AREA_STYLE('',(#4934));
#4936=SURFACE_STYLE_FILL_AREA(#4935);
#4937=SURFACE_SIDE_STYLE('',(#4936));
#4938=SURFACE_STYLE_USAGE(.NEGATIVE.,#4937);
#4939=PRESENTATION_STYLE_ASSIGNMENT((#4933,#4938));
#4940=OVER_RIDING_STYLED_ITEM('',(#4939),#4928,#60);
#4941=CARTESIAN_POINT('',(4.11E0,5.184744471751E0,-2.25E0));
#4942=DIRECTION('',(0.E0,0.E0,-1.E0));
#4943=DIRECTION('',(0.E0,1.E0,0.E0));
#4944=AXIS2_PLACEMENT_3D('',#4941,#4942,#4943);
#4945=PLANE('',#4944);
#4946=ORIENTED_EDGE('',*,*,#4505,.F.);
#4948=ORIENTED_EDGE('',*,*,#4947,.F.);
#4949=ORIENTED_EDGE('',*,*,#4845,.T.);
#4950=ORIENTED_EDGE('',*,*,#4609,.T.);
#4951=EDGE_LOOP('',(#4946,#4948,#4949,#4950));
#4952=FACE_OUTER_BOUND('',#4951,.F.);
#4954=FILL_AREA_STYLE_COLOUR('',#58);
#4955=FILL_AREA_STYLE('',(#4954));
#4956=SURFACE_STYLE_FILL_AREA(#4955);
#4957=SURFACE_SIDE_STYLE('',(#4956));
#4958=SURFACE_STYLE_USAGE(.POSITIVE.,#4957);
#4959=FILL_AREA_STYLE_COLOUR('',#24);
#4960=FILL_AREA_STYLE('',(#4959));
#4961=SURFACE_STYLE_FILL_AREA(#4960);
#4962=SURFACE_SIDE_STYLE('',(#4961));
#4963=SURFACE_STYLE_USAGE(.NEGATIVE.,#4962);
#4964=PRESENTATION_STYLE_ASSIGNMENT((#4958,#4963));
#4965=OVER_RIDING_STYLED_ITEM('',(#4964),#4953,#60);
#4966=CARTESIAN_POINT('',(4.11E0,5.184744471751E0,-1.85E0));
#4967=DIRECTION('',(1.E0,0.E0,0.E0));
#4968=DIRECTION('',(0.E0,1.E0,0.E0));
#4969=AXIS2_PLACEMENT_3D('',#4966,#4967,#4968);
#4970=CYLINDRICAL_SURFACE('',#4969,4.E-1);
#4971=ORIENTED_EDGE('',*,*,#4375,.T.);
#4972=ORIENTED_EDGE('',*,*,#4924,.T.);
#4973=ORIENTED_EDGE('',*,*,#4648,.F.);
#4975=ORIENTED_EDGE('',*,*,#4974,.F.);
#4976=EDGE_LOOP('',(#4971,#4972,#4973,#4975));
#4977=FACE_OUTER_BOUND('',#4976,.F.);
#4979=FILL_AREA_STYLE_COLOUR('',#58);
#4980=FILL_AREA_STYLE('',(#4979));
#4981=SURFACE_STYLE_FILL_AREA(#4980);
#4982=SURFACE_SIDE_STYLE('',(#4981));
#4983=SURFACE_STYLE_USAGE(.POSITIVE.,#4982);
#4984=FILL_AREA_STYLE_COLOUR('',#24);
#4985=FILL_AREA_STYLE('',(#4984));
#4986=SURFACE_STYLE_FILL_AREA(#4985);
#4987=SURFACE_SIDE_STYLE('',(#4986));
#4988=SURFACE_STYLE_USAGE(.NEGATIVE.,#4987);
#4989=PRESENTATION_STYLE_ASSIGNMENT((#4983,#4988));
#4990=OVER_RIDING_STYLED_ITEM('',(#4989),#4978,#60);
#4991=CARTESIAN_POINT('',(4.11E0,5.184744471751E0,-1.85E0));
#4992=DIRECTION('',(1.E0,0.E0,0.E0));
#4993=DIRECTION('',(0.E0,1.E0,0.E0));
#4994=AXIS2_PLACEMENT_3D('',#4991,#4992,#4993);
#4995=CYLINDRICAL_SURFACE('',#4994,4.E-1);
#4996=ORIENTED_EDGE('',*,*,#4503,.F.);
#4998=ORIENTED_EDGE('',*,*,#4997,.F.);
#4999=ORIENTED_EDGE('',*,*,#4847,.T.);
#5000=ORIENTED_EDGE('',*,*,#4947,.T.);
#5001=EDGE_LOOP('',(#4996,#4998,#4999,#5000));
#5002=FACE_OUTER_BOUND('',#5001,.F.);
#5004=FILL_AREA_STYLE_COLOUR('',#58);
#5005=FILL_AREA_STYLE('',(#5004));
#5006=SURFACE_STYLE_FILL_AREA(#5005);
#5007=SURFACE_SIDE_STYLE('',(#5006));
#5008=SURFACE_STYLE_USAGE(.POSITIVE.,#5007);
#5009=FILL_AREA_STYLE_COLOUR('',#24);
#5010=FILL_AREA_STYLE('',(#5009));
#5011=SURFACE_STYLE_FILL_AREA(#5010);
#5012=SURFACE_SIDE_STYLE('',(#5011));
#5013=SURFACE_STYLE_USAGE(.NEGATIVE.,#5012);
#5014=PRESENTATION_STYLE_ASSIGNMENT((#5008,#5013));
#5015=OVER_RIDING_STYLED_ITEM('',(#5014),#5003,#60);
#5016=CARTESIAN_POINT('',(4.11E0,4.699657383689E0,-2.369160109393E-1));
#5017=DIRECTION('',(0.E0,-9.986295347546E-1,-5.233595624291E-2));
#5018=DIRECTION('',(0.E0,5.233595624291E-2,-9.986295347546E-1));
#5019=AXIS2_PLACEMENT_3D('',#5016,#5017,#5018);
#5020=PLANE('',#5019);
#5021=ORIENTED_EDGE('',*,*,#4377,.T.);
#5022=ORIENTED_EDGE('',*,*,#4974,.T.);
#5023=ORIENTED_EDGE('',*,*,#4646,.F.);
#5025=ORIENTED_EDGE('',*,*,#5024,.F.);
#5026=EDGE_LOOP('',(#5021,#5022,#5023,#5025));
#5027=FACE_OUTER_BOUND('',#5026,.F.);
#5029=FILL_AREA_STYLE_COLOUR('',#58);
#5030=FILL_AREA_STYLE('',(#5029));
#5031=SURFACE_STYLE_FILL_AREA(#5030);
#5032=SURFACE_SIDE_STYLE('',(#5031));
#5033=SURFACE_STYLE_USAGE(.POSITIVE.,#5032);
#5034=FILL_AREA_STYLE_COLOUR('',#24);
#5035=FILL_AREA_STYLE('',(#5034));
#5036=SURFACE_STYLE_FILL_AREA(#5035);
#5037=SURFACE_SIDE_STYLE('',(#5036));
#5038=SURFACE_STYLE_USAGE(.NEGATIVE.,#5037);
#5039=PRESENTATION_STYLE_ASSIGNMENT((#5033,#5038));
#5040=OVER_RIDING_STYLED_ITEM('',(#5039),#5028,#60);
#5041=CARTESIAN_POINT('',(4.11E0,4.699657383689E0,-2.369160109393E-1));
#5042=DIRECTION('',(0.E0,-9.986295347546E-1,-5.233595624291E-2));
#5043=DIRECTION('',(0.E0,5.233595624291E-2,-9.986295347546E-1));
#5044=AXIS2_PLACEMENT_3D('',#5041,#5042,#5043);
#5045=PLANE('',#5044);
#5046=ORIENTED_EDGE('',*,*,#4501,.F.);
#5048=ORIENTED_EDGE('',*,*,#5047,.F.);
#5049=ORIENTED_EDGE('',*,*,#4849,.T.);
#5050=ORIENTED_EDGE('',*,*,#4997,.T.);
#5051=EDGE_LOOP('',(#5046,#5048,#5049,#5050));
#5052=FACE_OUTER_BOUND('',#5051,.F.);
#5054=FILL_AREA_STYLE_COLOUR('',#58);
#5055=FILL_AREA_STYLE('',(#5054));
#5056=SURFACE_STYLE_FILL_AREA(#5055);
#5057=SURFACE_SIDE_STYLE('',(#5056));
#5058=SURFACE_STYLE_USAGE(.POSITIVE.,#5057);
#5059=FILL_AREA_STYLE_COLOUR('',#24);
#5060=FILL_AREA_STYLE('',(#5059));
#5061=SURFACE_STYLE_FILL_AREA(#5060);
#5062=SURFACE_SIDE_STYLE('',(#5061));
#5063=SURFACE_STYLE_USAGE(.NEGATIVE.,#5062);
#5064=PRESENTATION_STYLE_ASSIGNMENT((#5058,#5063));
#5065=OVER_RIDING_STYLED_ITEM('',(#5064),#5053,#60);
#5066=CARTESIAN_POINT('',(4.11E0,4.45E0,-2.5E-1));
#5067=DIRECTION('',(1.E0,0.E0,0.E0));
#5068=DIRECTION('',(0.E0,1.E0,0.E0));
#5069=AXIS2_PLACEMENT_3D('',#5066,#5067,#5068);
#5070=CYLINDRICAL_SURFACE('',#5069,2.5E-1);
#5071=ORIENTED_EDGE('',*,*,#4379,.F.);
#5072=ORIENTED_EDGE('',*,*,#5024,.T.);
#5073=ORIENTED_EDGE('',*,*,#4644,.F.);
#5074=ORIENTED_EDGE('',*,*,#4313,.F.);
#5075=EDGE_LOOP('',(#5071,#5072,#5073,#5074));
#5076=FACE_OUTER_BOUND('',#5075,.F.);
#5078=FILL_AREA_STYLE_COLOUR('',#58);
#5079=FILL_AREA_STYLE('',(#5078));
#5080=SURFACE_STYLE_FILL_AREA(#5079);
#5081=SURFACE_SIDE_STYLE('',(#5080));
#5082=SURFACE_STYLE_USAGE(.POSITIVE.,#5081);
#5083=FILL_AREA_STYLE_COLOUR('',#24);
#5084=FILL_AREA_STYLE('',(#5083));
#5085=SURFACE_STYLE_FILL_AREA(#5084);
#5086=SURFACE_SIDE_STYLE('',(#5085));
#5087=SURFACE_STYLE_USAGE(.NEGATIVE.,#5086);
#5088=PRESENTATION_STYLE_ASSIGNMENT((#5082,#5087));
#5089=OVER_RIDING_STYLED_ITEM('',(#5088),#5077,#60);
#5090=CARTESIAN_POINT('',(4.11E0,4.45E0,-2.5E-1));
#5091=DIRECTION('',(1.E0,0.E0,0.E0));
#5092=DIRECTION('',(0.E0,1.E0,0.E0));
#5093=AXIS2_PLACEMENT_3D('',#5090,#5091,#5092);
#5094=CYLINDRICAL_SURFACE('',#5093,2.5E-1);
#5095=ORIENTED_EDGE('',*,*,#4499,.T.);
#5096=ORIENTED_EDGE('',*,*,#4343,.F.);
#5097=ORIENTED_EDGE('',*,*,#4851,.T.);
#5098=ORIENTED_EDGE('',*,*,#5047,.T.);
#5099=EDGE_LOOP('',(#5095,#5096,#5097,#5098));
#5100=FACE_OUTER_BOUND('',#5099,.F.);
#5102=FILL_AREA_STYLE_COLOUR('',#58);
#5103=FILL_AREA_STYLE('',(#5102));
#5104=SURFACE_STYLE_FILL_AREA(#5103);
#5105=SURFACE_SIDE_STYLE('',(#5104));
#5106=SURFACE_STYLE_USAGE(.POSITIVE.,#5105);
#5107=FILL_AREA_STYLE_COLOUR('',#24);
#5108=FILL_AREA_STYLE('',(#5107));
#5109=SURFACE_STYLE_FILL_AREA(#5108);
#5110=SURFACE_SIDE_STYLE('',(#5109));
#5111=SURFACE_STYLE_USAGE(.NEGATIVE.,#5110);
#5112=PRESENTATION_STYLE_ASSIGNMENT((#5106,#5111));
#5113=OVER_RIDING_STYLED_ITEM('',(#5112),#5101,#60);
#5114=CARTESIAN_POINT('',(4.11E0,-5.184744471751E0,-1.85E0));
#5115=DIRECTION('',(0.E0,0.E0,1.E0));
#5116=DIRECTION('',(0.E0,-1.E0,0.E0));
#5117=AXIS2_PLACEMENT_3D('',#5114,#5115,#5116);
#5118=PLANE('',#5117);
#5120=ORIENTED_EDGE('',*,*,#5119,.T.);
#5121=ORIENTED_EDGE('',*,*,#4877,.T.);
#5123=ORIENTED_EDGE('',*,*,#5122,.T.);
#5125=ORIENTED_EDGE('',*,*,#5124,.F.);
#5126=EDGE_LOOP('',(#5120,#5121,#5123,#5125));
#5127=FACE_OUTER_BOUND('',#5126,.F.);
#5129=FILL_AREA_STYLE_COLOUR('',#58);
#5130=FILL_AREA_STYLE('',(#5129));
#5131=SURFACE_STYLE_FILL_AREA(#5130);
#5132=SURFACE_SIDE_STYLE('',(#5131));
#5133=SURFACE_STYLE_USAGE(.POSITIVE.,#5132);
#5134=FILL_AREA_STYLE_COLOUR('',#24);
#5135=FILL_AREA_STYLE('',(#5134));
#5136=SURFACE_STYLE_FILL_AREA(#5135);
#5137=SURFACE_SIDE_STYLE('',(#5136));
#5138=SURFACE_STYLE_USAGE(.NEGATIVE.,#5137);
#5139=PRESENTATION_STYLE_ASSIGNMENT((#5133,#5138));
#5140=OVER_RIDING_STYLED_ITEM('',(#5139),#5128,#60);
#5141=CARTESIAN_POINT('',(4.11E0,-5.184744471751E0,-1.85E0));
#5142=DIRECTION('',(0.E0,0.E0,1.E0));
#5143=DIRECTION('',(0.E0,-1.E0,0.E0));
#5144=AXIS2_PLACEMENT_3D('',#5141,#5142,#5143);
#5145=PLANE('',#5144);
#5147=ORIENTED_EDGE('',*,*,#5146,.T.);
#5149=ORIENTED_EDGE('',*,*,#5148,.T.);
#5151=ORIENTED_EDGE('',*,*,#5150,.T.);
#5153=ORIENTED_EDGE('',*,*,#5152,.F.);
#5154=EDGE_LOOP('',(#5147,#5149,#5151,#5153));
#5155=FACE_OUTER_BOUND('',#5154,.F.);
#5157=FILL_AREA_STYLE_COLOUR('',#58);
#5158=FILL_AREA_STYLE('',(#5157));
#5159=SURFACE_STYLE_FILL_AREA(#5158);
#5160=SURFACE_SIDE_STYLE('',(#5159));
#5161=SURFACE_STYLE_USAGE(.POSITIVE.,#5160);
#5162=FILL_AREA_STYLE_COLOUR('',#24);
#5163=FILL_AREA_STYLE('',(#5162));
#5164=SURFACE_STYLE_FILL_AREA(#5163);
#5165=SURFACE_SIDE_STYLE('',(#5164));
#5166=SURFACE_STYLE_USAGE(.NEGATIVE.,#5165);
#5167=PRESENTATION_STYLE_ASSIGNMENT((#5161,#5166));
#5168=OVER_RIDING_STYLED_ITEM('',(#5167),#5156,#60);
#5169=CARTESIAN_POINT('',(4.11E0,-5.184744471751E0,-1.85E0));
#5170=DIRECTION('',(0.E0,0.E0,1.E0));
#5171=DIRECTION('',(0.E0,-1.E0,0.E0));
#5172=AXIS2_PLACEMENT_3D('',#5169,#5170,#5171);
#5173=PLANE('',#5172);
#5175=ORIENTED_EDGE('',*,*,#5174,.T.);
#5177=ORIENTED_EDGE('',*,*,#5176,.T.);
#5179=ORIENTED_EDGE('',*,*,#5178,.T.);
#5180=ORIENTED_EDGE('',*,*,#4677,.F.);
#5181=EDGE_LOOP('',(#5175,#5177,#5179,#5180));
#5182=FACE_OUTER_BOUND('',#5181,.F.);
#5184=FILL_AREA_STYLE_COLOUR('',#58);
#5185=FILL_AREA_STYLE('',(#5184));
#5186=SURFACE_STYLE_FILL_AREA(#5185);
#5187=SURFACE_SIDE_STYLE('',(#5186));
#5188=SURFACE_STYLE_USAGE(.POSITIVE.,#5187);
#5189=FILL_AREA_STYLE_COLOUR('',#24);
#5190=FILL_AREA_STYLE('',(#5189));
#5191=SURFACE_STYLE_FILL_AREA(#5190);
#5192=SURFACE_SIDE_STYLE('',(#5191));
#5193=SURFACE_STYLE_USAGE(.NEGATIVE.,#5192);
#5194=PRESENTATION_STYLE_ASSIGNMENT((#5188,#5193));
#5195=OVER_RIDING_STYLED_ITEM('',(#5194),#5183,#60);
#5196=CARTESIAN_POINT('',(-2.401945418911E1,-5.279640928423E0,-1.75E0));
#5197=DIRECTION('',(1.E0,0.E0,0.E0));
#5198=DIRECTION('',(0.E0,0.E0,-1.E0));
#5199=AXIS2_PLACEMENT_3D('',#5196,#5197,#5198);
#5200=CYLINDRICAL_SURFACE('',#5199,1.E-1);
#5201=ORIENTED_EDGE('',*,*,#5119,.F.);
#5203=ORIENTED_EDGE('',*,*,#5202,.T.);
#5205=ORIENTED_EDGE('',*,*,#5204,.T.);
#5206=ORIENTED_EDGE('',*,*,#4879,.T.);
#5207=EDGE_LOOP('',(#5201,#5203,#5205,#5206));
#5208=FACE_OUTER_BOUND('',#5207,.F.);
#5210=FILL_AREA_STYLE_COLOUR('',#58);
#5211=FILL_AREA_STYLE('',(#5210));
#5212=SURFACE_STYLE_FILL_AREA(#5211);
#5213=SURFACE_SIDE_STYLE('',(#5212));
#5214=SURFACE_STYLE_USAGE(.POSITIVE.,#5213);
#5215=FILL_AREA_STYLE_COLOUR('',#24);
#5216=FILL_AREA_STYLE('',(#5215));
#5217=SURFACE_STYLE_FILL_AREA(#5216);
#5218=SURFACE_SIDE_STYLE('',(#5217));
#5219=SURFACE_STYLE_USAGE(.NEGATIVE.,#5218);
#5220=PRESENTATION_STYLE_ASSIGNMENT((#5214,#5219));
#5221=OVER_RIDING_STYLED_ITEM('',(#5220),#5209,#60);
#5222=CARTESIAN_POINT('',(3.51E0,-2.9E0,0.E0));
#5223=DIRECTION('',(1.E0,0.E0,0.E0));
#5224=DIRECTION('',(0.E0,-1.E0,0.E0));
#5225=AXIS2_PLACEMENT_3D('',#5222,#5223,#5224);
#5226=PLANE('',#5225);
#5228=ORIENTED_EDGE('',*,*,#5227,.T.);
#5229=ORIENTED_EDGE('',*,*,#5202,.F.);
#5230=ORIENTED_EDGE('',*,*,#5124,.T.);
#5232=ORIENTED_EDGE('',*,*,#5231,.T.);
#5234=ORIENTED_EDGE('',*,*,#5233,.T.);
#5236=ORIENTED_EDGE('',*,*,#5235,.T.);
#5238=ORIENTED_EDGE('',*,*,#5237,.T.);
#5240=ORIENTED_EDGE('',*,*,#5239,.F.);
#5242=ORIENTED_EDGE('',*,*,#5241,.T.);
#5244=ORIENTED_EDGE('',*,*,#5243,.F.);
#5246=ORIENTED_EDGE('',*,*,#5245,.T.);
#5248=ORIENTED_EDGE('',*,*,#5247,.T.);
#5249=EDGE_LOOP('',(#5228,#5229,#5230,#5232,#5234,#5236,#5238,#5240,#5242,#5244,
#5246,#5248));
#5250=FACE_OUTER_BOUND('',#5249,.F.);
#5252=FILL_AREA_STYLE_COLOUR('',#58);
#5253=FILL_AREA_STYLE('',(#5252));
#5254=SURFACE_STYLE_FILL_AREA(#5253);
#5255=SURFACE_SIDE_STYLE('',(#5254));
#5256=SURFACE_STYLE_USAGE(.POSITIVE.,#5255);
#5257=FILL_AREA_STYLE_COLOUR('',#24);
#5258=FILL_AREA_STYLE('',(#5257));
#5259=SURFACE_STYLE_FILL_AREA(#5258);
#5260=SURFACE_SIDE_STYLE('',(#5259));
#5261=SURFACE_STYLE_USAGE(.NEGATIVE.,#5260);
#5262=PRESENTATION_STYLE_ASSIGNMENT((#5256,#5261));
#5263=OVER_RIDING_STYLED_ITEM('',(#5262),#5251,#60);
#5264=CARTESIAN_POINT('',(4.11E0,-5.099109197590E0,-2.159816284421E-1));
#5265=DIRECTION('',(0.E0,-9.986295347546E-1,5.233595624291E-2));
#5266=DIRECTION('',(0.E0,-5.233595624291E-2,-9.986295347546E-1));
#5267=AXIS2_PLACEMENT_3D('',#5264,#5265,#5266);
#5268=PLANE('',#5267);
#5269=ORIENTED_EDGE('',*,*,#5204,.F.);
#5270=ORIENTED_EDGE('',*,*,#5227,.F.);
#5272=ORIENTED_EDGE('',*,*,#5271,.F.);
#5273=ORIENTED_EDGE('',*,*,#4881,.T.);
#5274=EDGE_LOOP('',(#5269,#5270,#5272,#5273));
#5275=FACE_OUTER_BOUND('',#5274,.F.);
#5277=FILL_AREA_STYLE_COLOUR('',#58);
#5278=FILL_AREA_STYLE('',(#5277));
#5279=SURFACE_STYLE_FILL_AREA(#5278);
#5280=SURFACE_SIDE_STYLE('',(#5279));
#5281=SURFACE_STYLE_USAGE(.POSITIVE.,#5280);
#5282=FILL_AREA_STYLE_COLOUR('',#24);
#5283=FILL_AREA_STYLE('',(#5282));
#5284=SURFACE_STYLE_FILL_AREA(#5283);
#5285=SURFACE_SIDE_STYLE('',(#5284));
#5286=SURFACE_STYLE_USAGE(.NEGATIVE.,#5285);
#5287=PRESENTATION_STYLE_ASSIGNMENT((#5281,#5286));
#5288=OVER_RIDING_STYLED_ITEM('',(#5287),#5276,#60);
#5289=CARTESIAN_POINT('',(4.11E0,-5.099109197590E0,-2.159816284421E-1));
#5290=DIRECTION('',(0.E0,-9.986295347546E-1,5.233595624291E-2));
#5291=DIRECTION('',(0.E0,-5.233595624291E-2,-9.986295347546E-1));
#5292=AXIS2_PLACEMENT_3D('',#5289,#5290,#5291);
#5293=PLANE('',#5292);
#5295=ORIENTED_EDGE('',*,*,#5294,.F.);
#5297=ORIENTED_EDGE('',*,*,#5296,.F.);
#5299=ORIENTED_EDGE('',*,*,#5298,.F.);
#5301=ORIENTED_EDGE('',*,*,#5300,.T.);
#5302=EDGE_LOOP('',(#5295,#5297,#5299,#5301));
#5303=FACE_OUTER_BOUND('',#5302,.F.);
#5305=FILL_AREA_STYLE_COLOUR('',#58);
#5306=FILL_AREA_STYLE('',(#5305));
#5307=SURFACE_STYLE_FILL_AREA(#5306);
#5308=SURFACE_SIDE_STYLE('',(#5307));
#5309=SURFACE_STYLE_USAGE(.POSITIVE.,#5308);
#5310=FILL_AREA_STYLE_COLOUR('',#24);
#5311=FILL_AREA_STYLE('',(#5310));
#5312=SURFACE_STYLE_FILL_AREA(#5311);
#5313=SURFACE_SIDE_STYLE('',(#5312));
#5314=SURFACE_STYLE_USAGE(.NEGATIVE.,#5313);
#5315=PRESENTATION_STYLE_ASSIGNMENT((#5309,#5314));
#5316=OVER_RIDING_STYLED_ITEM('',(#5315),#5304,#60);
#5317=CARTESIAN_POINT('',(4.11E0,-5.099109197590E0,-2.159816284421E-1));
#5318=DIRECTION('',(0.E0,-9.986295347546E-1,5.233595624291E-2));
#5319=DIRECTION('',(0.E0,-5.233595624291E-2,-9.986295347546E-1));
#5320=AXIS2_PLACEMENT_3D('',#5317,#5318,#5319);
#5321=PLANE('',#5320);
#5323=ORIENTED_EDGE('',*,*,#5322,.F.);
#5324=ORIENTED_EDGE('',*,*,#4673,.F.);
#5326=ORIENTED_EDGE('',*,*,#5325,.F.);
#5328=ORIENTED_EDGE('',*,*,#5327,.T.);
#5329=EDGE_LOOP('',(#5323,#5324,#5326,#5328));
#5330=FACE_OUTER_BOUND('',#5329,.F.);
#5332=FILL_AREA_STYLE_COLOUR('',#58);
#5333=FILL_AREA_STYLE('',(#5332));
#5334=SURFACE_STYLE_FILL_AREA(#5333);
#5335=SURFACE_SIDE_STYLE('',(#5334));
#5336=SURFACE_STYLE_USAGE(.POSITIVE.,#5335);
#5337=FILL_AREA_STYLE_COLOUR('',#24);
#5338=FILL_AREA_STYLE('',(#5337));
#5339=SURFACE_STYLE_FILL_AREA(#5338);
#5340=SURFACE_SIDE_STYLE('',(#5339));
#5341=SURFACE_STYLE_USAGE(.NEGATIVE.,#5340);
#5342=PRESENTATION_STYLE_ASSIGNMENT((#5336,#5341));
#5343=OVER_RIDING_STYLED_ITEM('',(#5342),#5331,#60);
#5344=CARTESIAN_POINT('',(4.11E0,-4.45E0,-2.5E-1));
#5345=DIRECTION('',(1.E0,0.E0,0.E0));
#5346=DIRECTION('',(0.E0,1.E0,0.E0));
#5347=AXIS2_PLACEMENT_3D('',#5344,#5345,#5346);
#5348=CYLINDRICAL_SURFACE('',#5347,6.5E-1);
#5350=ORIENTED_EDGE('',*,*,#5349,.T.);
#5351=ORIENTED_EDGE('',*,*,#5325,.T.);
#5352=ORIENTED_EDGE('',*,*,#4695,.F.);
#5354=ORIENTED_EDGE('',*,*,#5353,.F.);
#5355=EDGE_LOOP('',(#5350,#5351,#5352,#5354));
#5356=FACE_OUTER_BOUND('',#5355,.F.);
#5358=FILL_AREA_STYLE_COLOUR('',#58);
#5359=FILL_AREA_STYLE('',(#5358));
#5360=SURFACE_STYLE_FILL_AREA(#5359);
#5361=SURFACE_SIDE_STYLE('',(#5360));
#5362=SURFACE_STYLE_USAGE(.POSITIVE.,#5361);
#5363=FILL_AREA_STYLE_COLOUR('',#24);
#5364=FILL_AREA_STYLE('',(#5363));
#5365=SURFACE_STYLE_FILL_AREA(#5364);
#5366=SURFACE_SIDE_STYLE('',(#5365));
#5367=SURFACE_STYLE_USAGE(.NEGATIVE.,#5366);
#5368=PRESENTATION_STYLE_ASSIGNMENT((#5362,#5367));
#5369=OVER_RIDING_STYLED_ITEM('',(#5368),#5357,#60);
#5370=CARTESIAN_POINT('',(4.11E0,-4.45E0,-2.5E-1));
#5371=DIRECTION('',(1.E0,0.E0,0.E0));
#5372=DIRECTION('',(0.E0,1.E0,0.E0));
#5373=AXIS2_PLACEMENT_3D('',#5370,#5371,#5372);
#5374=CYLINDRICAL_SURFACE('',#5373,6.5E-1);
#5376=ORIENTED_EDGE('',*,*,#5375,.F.);
#5378=ORIENTED_EDGE('',*,*,#5377,.F.);
#5380=ORIENTED_EDGE('',*,*,#5379,.T.);
#5381=ORIENTED_EDGE('',*,*,#5298,.T.);
#5382=EDGE_LOOP('',(#5376,#5378,#5380,#5381));
#5383=FACE_OUTER_BOUND('',#5382,.F.);
#5385=FILL_AREA_STYLE_COLOUR('',#58);
#5386=FILL_AREA_STYLE('',(#5385));
#5387=SURFACE_STYLE_FILL_AREA(#5386);
#5388=SURFACE_SIDE_STYLE('',(#5387));
#5389=SURFACE_STYLE_USAGE(.POSITIVE.,#5388);
#5390=FILL_AREA_STYLE_COLOUR('',#24);
#5391=FILL_AREA_STYLE('',(#5390));
#5392=SURFACE_STYLE_FILL_AREA(#5391);
#5393=SURFACE_SIDE_STYLE('',(#5392));
#5394=SURFACE_STYLE_USAGE(.NEGATIVE.,#5393);
#5395=PRESENTATION_STYLE_ASSIGNMENT((#5389,#5394));
#5396=OVER_RIDING_STYLED_ITEM('',(#5395),#5384,#60);
#5397=CARTESIAN_POINT('',(4.11E0,-4.45E0,-2.5E-1));
#5398=DIRECTION('',(1.E0,0.E0,0.E0));
#5399=DIRECTION('',(0.E0,1.E0,0.E0));
#5400=AXIS2_PLACEMENT_3D('',#5397,#5398,#5399);
#5401=CYLINDRICAL_SURFACE('',#5400,6.5E-1);
#5402=ORIENTED_EDGE('',*,*,#5247,.F.);
#5404=ORIENTED_EDGE('',*,*,#5403,.F.);
#5405=ORIENTED_EDGE('',*,*,#4883,.T.);
#5406=ORIENTED_EDGE('',*,*,#5271,.T.);
#5407=EDGE_LOOP('',(#5402,#5404,#5405,#5406));
#5408=FACE_OUTER_BOUND('',#5407,.F.);
#5410=FILL_AREA_STYLE_COLOUR('',#58);
#5411=FILL_AREA_STYLE('',(#5410));
#5412=SURFACE_STYLE_FILL_AREA(#5411);
#5413=SURFACE_SIDE_STYLE('',(#5412));
#5414=SURFACE_STYLE_USAGE(.POSITIVE.,#5413);
#5415=FILL_AREA_STYLE_COLOUR('',#24);
#5416=FILL_AREA_STYLE('',(#5415));
#5417=SURFACE_STYLE_FILL_AREA(#5416);
#5418=SURFACE_SIDE_STYLE('',(#5417));
#5419=SURFACE_STYLE_USAGE(.NEGATIVE.,#5418);
#5420=PRESENTATION_STYLE_ASSIGNMENT((#5414,#5419));
#5421=OVER_RIDING_STYLED_ITEM('',(#5420),#5409,#60);
#5422=CARTESIAN_POINT('',(-3.51E0,-8.25E0,0.E0));
#5423=DIRECTION('',(-1.E0,0.E0,0.E0));
#5424=DIRECTION('',(0.E0,1.E0,0.E0));
#5425=AXIS2_PLACEMENT_3D('',#5422,#5423,#5424);
#5426=PLANE('',#5425);
#5427=ORIENTED_EDGE('',*,*,#5176,.F.);
#5429=ORIENTED_EDGE('',*,*,#5428,.F.);
#5430=ORIENTED_EDGE('',*,*,#5327,.F.);
#5431=ORIENTED_EDGE('',*,*,#5349,.F.);
#5433=ORIENTED_EDGE('',*,*,#5432,.T.);
#5435=ORIENTED_EDGE('',*,*,#5434,.T.);
#5437=ORIENTED_EDGE('',*,*,#5436,.T.);
#5439=ORIENTED_EDGE('',*,*,#5438,.T.);
#5441=ORIENTED_EDGE('',*,*,#5440,.F.);
#5443=ORIENTED_EDGE('',*,*,#5442,.F.);
#5445=ORIENTED_EDGE('',*,*,#5444,.F.);
#5447=ORIENTED_EDGE('',*,*,#5446,.F.);
#5448=EDGE_LOOP('',(#5427,#5429,#5430,#5431,#5433,#5435,#5437,#5439,#5441,#5443,
#5445,#5447));
#5449=FACE_OUTER_BOUND('',#5448,.F.);
#5451=FILL_AREA_STYLE_COLOUR('',#59);
#5452=FILL_AREA_STYLE('',(#5451));
#5453=SURFACE_STYLE_FILL_AREA(#5452);
#5454=SURFACE_SIDE_STYLE('',(#5453));
#5455=SURFACE_STYLE_USAGE(.POSITIVE.,#5454);
#5456=FILL_AREA_STYLE_COLOUR('',#24);
#5457=FILL_AREA_STYLE('',(#5456));
#5458=SURFACE_STYLE_FILL_AREA(#5457);
#5459=SURFACE_SIDE_STYLE('',(#5458));
#5460=SURFACE_STYLE_USAGE(.NEGATIVE.,#5459);
#5461=PRESENTATION_STYLE_ASSIGNMENT((#5455,#5460));
#5462=OVER_RIDING_STYLED_ITEM('',(#5461),#5450,#60);
#5463=CARTESIAN_POINT('',(-2.401945418911E1,-5.279640928423E0,-1.75E0));
#5464=DIRECTION('',(1.E0,0.E0,0.E0));
#5465=DIRECTION('',(0.E0,0.E0,-1.E0));
#5466=AXIS2_PLACEMENT_3D('',#5463,#5464,#5465);
#5467=CYLINDRICAL_SURFACE('',#5466,1.E-1);
#5468=ORIENTED_EDGE('',*,*,#5174,.F.);
#5469=ORIENTED_EDGE('',*,*,#4675,.T.);
#5470=ORIENTED_EDGE('',*,*,#5322,.T.);
#5471=ORIENTED_EDGE('',*,*,#5428,.T.);
#5472=EDGE_LOOP('',(#5468,#5469,#5470,#5471));
#5473=FACE_OUTER_BOUND('',#5472,.F.);
#5475=FILL_AREA_STYLE_COLOUR('',#58);
#5476=FILL_AREA_STYLE('',(#5475));
#5477=SURFACE_STYLE_FILL_AREA(#5476);
#5478=SURFACE_SIDE_STYLE('',(#5477));
#5479=SURFACE_STYLE_USAGE(.POSITIVE.,#5478);
#5480=FILL_AREA_STYLE_COLOUR('',#24);
#5481=FILL_AREA_STYLE('',(#5480));
#5482=SURFACE_STYLE_FILL_AREA(#5481);
#5483=SURFACE_SIDE_STYLE('',(#5482));
#5484=SURFACE_STYLE_USAGE(.NEGATIVE.,#5483);
#5485=PRESENTATION_STYLE_ASSIGNMENT((#5479,#5484));
#5486=OVER_RIDING_STYLED_ITEM('',(#5485),#5474,#60);
#5487=CARTESIAN_POINT('',(0.E0,0.E0,4.E-1));
#5488=DIRECTION('',(0.E0,0.E0,-1.E0));
#5489=DIRECTION('',(-1.E0,0.E0,0.E0));
#5490=AXIS2_PLACEMENT_3D('',#5487,#5488,#5489);
#5491=PLANE('',#5490);
#5492=ORIENTED_EDGE('',*,*,#5432,.F.);
#5493=ORIENTED_EDGE('',*,*,#5353,.T.);
#5494=ORIENTED_EDGE('',*,*,#4693,.F.);
#5496=ORIENTED_EDGE('',*,*,#5495,.T.);
#5497=EDGE_LOOP('',(#5492,#5493,#5494,#5496));
#5498=FACE_OUTER_BOUND('',#5497,.F.);
#5500=FILL_AREA_STYLE_COLOUR('',#58);
#5501=FILL_AREA_STYLE('',(#5500));
#5502=SURFACE_STYLE_FILL_AREA(#5501);
#5503=SURFACE_SIDE_STYLE('',(#5502));
#5504=SURFACE_STYLE_USAGE(.POSITIVE.,#5503);
#5505=FILL_AREA_STYLE_COLOUR('',#24);
#5506=FILL_AREA_STYLE('',(#5505));
#5507=SURFACE_STYLE_FILL_AREA(#5506);
#5508=SURFACE_SIDE_STYLE('',(#5507));
#5509=SURFACE_STYLE_USAGE(.NEGATIVE.,#5508);
#5510=PRESENTATION_STYLE_ASSIGNMENT((#5504,#5509));
#5511=OVER_RIDING_STYLED_ITEM('',(#5510),#5499,#60);
#5512=CARTESIAN_POINT('',(0.E0,0.E0,4.E-1));
#5513=DIRECTION('',(0.E0,0.E0,-1.E0));
#5514=DIRECTION('',(-1.E0,0.E0,0.E0));
#5515=AXIS2_PLACEMENT_3D('',#5512,#5513,#5514);
#5516=PLANE('',#5515);
#5518=ORIENTED_EDGE('',*,*,#5517,.F.);
#5520=ORIENTED_EDGE('',*,*,#5519,.T.);
#5522=ORIENTED_EDGE('',*,*,#5521,.F.);
#5523=ORIENTED_EDGE('',*,*,#5377,.T.);
#5524=EDGE_LOOP('',(#5518,#5520,#5522,#5523));
#5525=FACE_OUTER_BOUND('',#5524,.F.);
#5527=FILL_AREA_STYLE_COLOUR('',#58);
#5528=FILL_AREA_STYLE('',(#5527));
#5529=SURFACE_STYLE_FILL_AREA(#5528);
#5530=SURFACE_SIDE_STYLE('',(#5529));
#5531=SURFACE_STYLE_USAGE(.POSITIVE.,#5530);
#5532=FILL_AREA_STYLE_COLOUR('',#24);
#5533=FILL_AREA_STYLE('',(#5532));
#5534=SURFACE_STYLE_FILL_AREA(#5533);
#5535=SURFACE_SIDE_STYLE('',(#5534));
#5536=SURFACE_STYLE_USAGE(.NEGATIVE.,#5535);
#5537=PRESENTATION_STYLE_ASSIGNMENT((#5531,#5536));
#5538=OVER_RIDING_STYLED_ITEM('',(#5537),#5526,#60);
#5539=CARTESIAN_POINT('',(0.E0,0.E0,4.E-1));
#5540=DIRECTION('',(0.E0,0.E0,-1.E0));
#5541=DIRECTION('',(-1.E0,0.E0,0.E0));
#5542=AXIS2_PLACEMENT_3D('',#5539,#5540,#5541);
#5543=PLANE('',#5542);
#5544=ORIENTED_EDGE('',*,*,#5245,.F.);
#5546=ORIENTED_EDGE('',*,*,#5545,.T.);
#5547=ORIENTED_EDGE('',*,*,#4885,.T.);
#5548=ORIENTED_EDGE('',*,*,#5403,.T.);
#5549=EDGE_LOOP('',(#5544,#5546,#5547,#5548));
#5550=FACE_OUTER_BOUND('',#5549,.F.);
#5552=FILL_AREA_STYLE_COLOUR('',#58);
#5553=FILL_AREA_STYLE('',(#5552));
#5554=SURFACE_STYLE_FILL_AREA(#5553);
#5555=SURFACE_SIDE_STYLE('',(#5554));
#5556=SURFACE_STYLE_USAGE(.POSITIVE.,#5555);
#5557=FILL_AREA_STYLE_COLOUR('',#24);
#5558=FILL_AREA_STYLE('',(#5557));
#5559=SURFACE_STYLE_FILL_AREA(#5558);
#5560=SURFACE_SIDE_STYLE('',(#5559));
#5561=SURFACE_STYLE_USAGE(.NEGATIVE.,#5560);
#5562=PRESENTATION_STYLE_ASSIGNMENT((#5556,#5561));
#5563=OVER_RIDING_STYLED_ITEM('',(#5562),#5551,#60);
#5564=CARTESIAN_POINT('',(0.E0,-4.25E0,0.E0));
#5565=DIRECTION('',(0.E0,-9.993908270191E-1,3.489949670250E-2));
#5566=DIRECTION('',(1.E0,0.E0,0.E0));
#5567=AXIS2_PLACEMENT_3D('',#5564,#5565,#5566);
#5568=PLANE('',#5567);
#5570=ORIENTED_EDGE('',*,*,#5569,.F.);
#5571=ORIENTED_EDGE('',*,*,#4887,.F.);
#5572=ORIENTED_EDGE('',*,*,#5545,.F.);
#5573=ORIENTED_EDGE('',*,*,#5243,.T.);
#5575=ORIENTED_EDGE('',*,*,#5574,.F.);
#5577=ORIENTED_EDGE('',*,*,#5576,.F.);
#5578=ORIENTED_EDGE('',*,*,#5519,.F.);
#5580=ORIENTED_EDGE('',*,*,#5579,.T.);
#5582=ORIENTED_EDGE('',*,*,#5581,.F.);
#5583=ORIENTED_EDGE('',*,*,#5434,.F.);
#5584=ORIENTED_EDGE('',*,*,#5495,.F.);
#5585=ORIENTED_EDGE('',*,*,#4691,.T.);
#5587=ORIENTED_EDGE('',*,*,#5586,.F.);
#5589=ORIENTED_EDGE('',*,*,#5588,.T.);
#5590=ORIENTED_EDGE('',*,*,#4065,.F.);
#5592=ORIENTED_EDGE('',*,*,#5591,.F.);
#5593=EDGE_LOOP('',(#5570,#5571,#5572,#5573,#5575,#5577,#5578,#5580,#5582,#5583,
#5584,#5585,#5587,#5589,#5590,#5592));
#5594=FACE_OUTER_BOUND('',#5593,.F.);
#5596=CARTESIAN_POINT('',(0.E0,-4.25E0,0.E0));
#5597=DIRECTION('',(0.E0,-9.961946980917E-1,-8.715574274766E-2));
#5598=DIRECTION('',(1.E0,0.E0,0.E0));
#5599=AXIS2_PLACEMENT_3D('',#5596,#5597,#5598);
#5600=PLANE('',#5599);
#5601=ORIENTED_EDGE('',*,*,#5569,.T.);
#5603=ORIENTED_EDGE('',*,*,#5602,.T.);
#5605=ORIENTED_EDGE('',*,*,#5604,.F.);
#5607=ORIENTED_EDGE('',*,*,#5606,.T.);
#5608=ORIENTED_EDGE('',*,*,#5586,.T.);
#5610=ORIENTED_EDGE('',*,*,#5609,.T.);
#5611=ORIENTED_EDGE('',*,*,#5581,.T.);
#5613=ORIENTED_EDGE('',*,*,#5612,.T.);
#5614=ORIENTED_EDGE('',*,*,#5574,.T.);
#5616=ORIENTED_EDGE('',*,*,#5615,.T.);
#5617=EDGE_LOOP('',(#5601,#5603,#5605,#5607,#5608,#5610,#5611,#5613,#5614,
#5616));
#5618=FACE_OUTER_BOUND('',#5617,.F.);
#5620=CARTESIAN_POINT('',(6.398045892606E0,-3.716399675011E0,
-2.025247577237E0));
#5621=CARTESIAN_POINT('',(6.414396501127E0,-3.749221217689E0,
-2.029549583028E0));
#5622=CARTESIAN_POINT('',(6.431283598273E0,-3.828724750311E0,
-2.037982670403E0));
#5623=CARTESIAN_POINT('',(6.398163928017E0,-3.951909928400E0,
-2.045862381313E0));
#5624=CARTESIAN_POINT('',(6.301909928400E0,-4.048163928017E0,
-2.045862381313E0));
#5625=CARTESIAN_POINT('',(6.178845826732E0,-4.081251045565E0,
-2.037990415224E0));
#5626=CARTESIAN_POINT('',(6.099462487371E0,-4.064447660051E0,
-2.029575167216E0));
#5627=CARTESIAN_POINT('',(6.066727270515E0,-4.048208745998E0,
-2.025290485955E0));
#5629=DIRECTION('',(8.682659386428E-2,-8.682659386428E-2,9.924325091390E-1));
#5630=VECTOR('',#5629,1.E0);
#5631=SURFACE_OF_LINEAR_EXTRUSION('',#5628,#5630);
#5633=ORIENTED_EDGE('',*,*,#5632,.F.);
#5634=ORIENTED_EDGE('',*,*,#5602,.F.);
#5636=ORIENTED_EDGE('',*,*,#5635,.T.);
#5637=ORIENTED_EDGE('',*,*,#4113,.F.);
#5638=EDGE_LOOP('',(#5633,#5634,#5636,#5637));
#5639=FACE_OUTER_BOUND('',#5638,.F.);
#5641=CARTESIAN_POINT('',(6.212379389054E0,-3.839291213946E0,
-1.997916613644E0));
#5642=CARTESIAN_POINT('',(6.212322678184E0,-3.836300212498E0,
-1.997916613644E0));
#5643=CARTESIAN_POINT('',(6.213224931240E0,-3.838738859428E0,
-1.997916613644E0));
#5644=CARTESIAN_POINT('',(6.212789830662E0,-3.844154733286E0,
-1.997916613644E0));
#5645=CARTESIAN_POINT('',(6.212241895106E0,-3.847020926684E0,
-1.997916613644E0));
#5646=CARTESIAN_POINT('',(6.211309076372E0,-3.849913114814E0,
-1.997916613644E0));
#5647=CARTESIAN_POINT('',(6.210269220405E0,-3.852113870649E0,
-1.997916613644E0));
#5648=CARTESIAN_POINT('',(6.209118304049E0,-3.853919595295E0,
-1.997916613644E0));
#5649=CARTESIAN_POINT('',(6.206923348672E0,-3.856554048361E0,
-1.997916613644E0));
#5650=CARTESIAN_POINT('',(6.204306002315E0,-3.858837725194E0,
-1.997916613644E0));
#5651=CARTESIAN_POINT('',(6.202297519636E0,-3.860167876479E0,
-1.997916613644E0));
#5652=CARTESIAN_POINT('',(6.200283220016E0,-3.861155673341E0,
-1.997916613644E0));
#5653=CARTESIAN_POINT('',(6.197377003818E0,-3.862152114635E0,
-1.997916613644E0));
#5654=CARTESIAN_POINT('',(6.194471695096E0,-3.862745783511E0,
-1.997916613644E0));
#5655=CARTESIAN_POINT('',(6.188787049113E0,-3.863271418363E0,
-1.997916613644E0));
#5656=CARTESIAN_POINT('',(6.186133042554E0,-3.862296374483E0,
-1.997916613644E0));
#5657=CARTESIAN_POINT('',(6.189522364172E0,-3.862318625510E0,
-1.997916613644E0));
#5658=CARTESIAN_POINT('',(6.374966186714E0,-3.756265327177E0,
-2.024340057482E0));
#5659=CARTESIAN_POINT('',(6.389251274061E0,-3.784593533961E0,
-2.024340057482E0));
#5660=CARTESIAN_POINT('',(6.396872803954E0,-3.823166595501E0,
-2.024340057482E0));
#5661=CARTESIAN_POINT('',(6.393048034687E0,-3.869121641952E0,
-2.024340057482E0));
#5662=CARTESIAN_POINT('',(6.388668763420E0,-3.891875644354E0,
-2.024340057482E0));
#5663=CARTESIAN_POINT('',(6.381132188740E0,-3.915685229645E0,
-2.024340057482E0));
#5664=CARTESIAN_POINT('',(6.370049828657E0,-3.939685498550E0,
-2.024340057482E0));
#5665=CARTESIAN_POINT('',(6.355217909193E0,-3.962801635279E0,
-2.024340057482E0));
#5666=CARTESIAN_POINT('',(6.337044322586E0,-3.984054107342E0,
-2.024340057482E0));
#5667=CARTESIAN_POINT('',(6.316088740560E0,-4.002729036744E0,
-2.024340057482E0));
#5668=CARTESIAN_POINT('',(6.29303913E0,-4.018188714863E0,-2.024340057482E0));
#5669=CARTESIAN_POINT('',(6.268859529109E0,-4.029893871916E0,
-2.024340057482E0));
#5670=CARTESIAN_POINT('',(6.244743511537E0,-4.037935859263E0,
-2.024340057482E0));
#5671=CARTESIAN_POINT('',(6.221660294605E0,-4.042693491516E0,
-2.024340057482E0));
#5672=CARTESIAN_POINT('',(6.174079675030E0,-4.047205198613E0,
-2.024340057482E0));
#5673=CARTESIAN_POINT('',(6.133860498458E0,-4.039316702005E0,
-2.024340057482E0));
#5674=CARTESIAN_POINT('',(6.104341425560E0,-4.024002262118E0,
-2.024340057482E0));
#5675=CARTESIAN_POINT('',(6.460538075779E0,-3.712567547549E0,
-1.877083096166E0));
#5676=CARTESIAN_POINT('',(6.482371468018E0,-3.757379527626E0,
-1.877083096166E0));
#5677=CARTESIAN_POINT('',(6.493529454897E0,-3.814970677645E0,
-1.877083096166E0));
#5678=CARTESIAN_POINT('',(6.487920651760E0,-3.882262103313E0,
-1.877083096166E0));
#5679=CARTESIAN_POINT('',(6.481524890605E0,-3.915483360169E0,
-1.877083096166E0));
#5680=CARTESIAN_POINT('',(6.470512659367E0,-3.950302087713E0,
-1.877083096166E0));
#5681=CARTESIAN_POINT('',(6.454144777596E0,-3.985775769810E0,
-1.877083096166E0));
#5682=CARTESIAN_POINT('',(6.432112339431E0,-4.020107898490E0,
-1.877083096166E0));
#5683=CARTESIAN_POINT('',(6.405528957716E0,-4.051159315332E0,
-1.877083096166E0));
#5684=CARTESIAN_POINT('',(6.374921685105E0,-4.078461208686E0,
-1.877083096166E0));
#5685=CARTESIAN_POINT('',(6.340797810938E0,-4.101357470319E0,
-1.877083096166E0));
#5686=CARTESIAN_POINT('',(6.304952276999E0,-4.118703336017E0,
-1.877083096166E0));
#5687=CARTESIAN_POINT('',(6.269673220414E0,-4.130453500733E0,
-1.877083096166E0));
#5688=CARTESIAN_POINT('',(6.235970065437E0,-4.137402689843E0,
-1.877083096166E0));
#5689=CARTESIAN_POINT('',(6.166338961773E0,-4.144012327008E0,
-1.877083096166E0));
#5690=CARTESIAN_POINT('',(6.106348668488E0,-4.132485175755E0,
-1.877083096166E0));
#5691=CARTESIAN_POINT('',(6.059509409928E0,-4.109098803687E0,
-1.877083096166E0));
#5692=CARTESIAN_POINT('',(6.403544514636E0,-3.741671639647E0,
-1.723435892756E0));
#5693=CARTESIAN_POINT('',(6.420350499113E0,-3.775504909122E0,
-1.723435892756E0));
#5694=CARTESIAN_POINT('',(6.429153094733E0,-3.820429415916E0,
-1.723435892756E0));
#5695=CARTESIAN_POINT('',(6.424732514097E0,-3.873510144033E0,
-1.723435892756E0));
#5696=CARTESIAN_POINT('',(6.419679798433E0,-3.899759881226E0,
-1.723435892756E0));
#5697=CARTESIAN_POINT('',(6.410982463439E0,-3.927246174841E0,
-1.723435892756E0));
#5698=CARTESIAN_POINT('',(6.398134904838E0,-3.955078204008E0,
-1.723435892756E0));
#5699=CARTESIAN_POINT('',(6.380898237898E0,-3.981940130377E0,
-1.723435892756E0));
#5700=CARTESIAN_POINT('',(6.359916043411E0,-4.006465142752E0,
-1.723435892756E0));
#5701=CARTESIAN_POINT('',(6.335737099354E0,-4.028021207621E0,
-1.723435892756E0));
#5702=CARTESIAN_POINT('',(6.308989031978E0,-4.045964471462E0,
-1.723435892756E0));
#5703=CARTESIAN_POINT('',(6.280913375230E0,-4.059553448340E0,
-1.723435892756E0));
#5704=CARTESIAN_POINT('',(6.253069252639E0,-4.068833850661E0,
-1.723435892756E0));
#5705=CARTESIAN_POINT('',(6.226439309385E0,-4.074323394188E0,
-1.723435892756E0));
#5706=CARTESIAN_POINT('',(6.171494519513E0,-4.079535744148E0,
-1.723435892756E0));
#5707=CARTESIAN_POINT('',(6.124672409841E0,-4.070432050975E0,
-1.723435892756E0));
#5708=CARTESIAN_POINT('',(6.089368938704E0,-4.052421838773E0,
-1.723435892756E0));
#5709=(BOUNDED_SURFACE()B_SPLINE_SURFACE(3,3,((#5641,#5642,#5643,#5644,#5645,
#5646,#5647,#5648,#5649,#5650,#5651,#5652,#5653,#5654,#5655,#5656,#5657),(#5658,
#5659,#5660,#5661,#5662,#5663,#5664,#5665,#5666,#5667,#5668,#5669,#5670,#5671,
#5672,#5673,#5674),(#5675,#5676,#5677,#5678,#5679,#5680,#5681,#5682,#5683,#5684,
#5685,#5686,#5687,#5688,#5689,#5690,#5691),(#5692,#5693,#5694,#5695,#5696,#5697,
#5698,#5699,#5700,#5701,#5702,#5703,#5704,#5705,#5706,#5707,#5708)),
.UNSPECIFIED.,.F.,.F.,.F.)B_SPLINE_SURFACE_WITH_KNOTS((4,4),(4,1,1,1,1,1,1,1,1,
1,1,1,1,1,4),(-8.438891283397E-2,1.362337785063E0),(-1.599273014930E-1,
9.186555279026E-2,1.485255691657E-1,2.109617819494E-1,2.781047689109E-1,
3.488988034023E-1,4.223456290005E-1,4.973334816183E-1,5.726565940771E-1,
6.469860902375E-1,7.189312156764E-1,7.873206773747E-1,8.508805964232E-1,
9.083241682925E-1,1.171708812603E0),.UNSPECIFIED.)GEOMETRIC_REPRESENTATION_ITEM(
)RATIONAL_B_SPLINE_SURFACE(((1.225237060799E0,1.225237060799E0,1.225237060799E0,
1.225237060799E0,1.225237060799E0,1.225237060799E0,1.225237060799E0,
1.225237060799E0,1.225237060799E0,1.225237060799E0,1.225237060799E0,
1.225237060799E0,1.225237060799E0,1.225237060799E0,1.225237060799E0,
1.225237060799E0,1.225237060799E0),(8.535023454892E-1,8.535023454892E-1,
8.535023454892E-1,8.535023454892E-1,8.535023454892E-1,8.535023454892E-1,
8.535023454892E-1,8.535023454892E-1,8.535023454892E-1,8.535023454892E-1,
8.535023454892E-1,8.535023454892E-1,8.535023454892E-1,8.535023454892E-1,
8.535023454892E-1,8.535023454892E-1,8.535023454892E-1),(9.419051562027E-1,
9.419051562027E-1,9.419051562027E-1,9.419051562027E-1,9.419051562027E-1,
9.419051562027E-1,9.419051562027E-1,9.419051562027E-1,9.419051562027E-1,
9.419051562027E-1,9.419051562027E-1,9.419051562027E-1,9.419051562027E-1,
9.419051562027E-1,9.419051562027E-1,9.419051562027E-1,9.419051562027E-1),(
1.490445492940E0,1.490445492940E0,1.490445492940E0,1.490445492940E0,
1.490445492940E0,1.490445492940E0,1.490445492940E0,1.490445492940E0,
1.490445492940E0,1.490445492940E0,1.490445492940E0,1.490445492940E0,
1.490445492940E0,1.490445492940E0,1.490445492940E0,1.490445492940E0,
1.490445492940E0)))REPRESENTATION_ITEM('')SURFACE());
#5710=ORIENTED_EDGE('',*,*,#5632,.T.);
#5711=ORIENTED_EDGE('',*,*,#4131,.T.);
#5713=ORIENTED_EDGE('',*,*,#5712,.F.);
#5715=ORIENTED_EDGE('',*,*,#5714,.T.);
#5716=EDGE_LOOP('',(#5710,#5711,#5713,#5715));
#5717=FACE_OUTER_BOUND('',#5716,.F.);
#5719=CARTESIAN_POINT('',(0.E0,4.25E0,-2.E0));
#5720=DIRECTION('',(0.E0,0.E0,-1.E0));
#5721=DIRECTION('',(0.E0,-1.E0,0.E0));
#5722=AXIS2_PLACEMENT_3D('',#5719,#5720,#5721);
#5723=PLANE('',#5722);
#5725=ORIENTED_EDGE('',*,*,#5724,.F.);
#5727=ORIENTED_EDGE('',*,*,#5726,.T.);
#5729=ORIENTED_EDGE('',*,*,#5728,.F.);
#5730=ORIENTED_EDGE('',*,*,#5712,.T.);
#5731=ORIENTED_EDGE('',*,*,#4129,.F.);
#5732=ORIENTED_EDGE('',*,*,#4209,.T.);
#5734=ORIENTED_EDGE('',*,*,#5733,.F.);
#5736=ORIENTED_EDGE('',*,*,#5735,.T.);
#5737=EDGE_LOOP('',(#5725,#5727,#5729,#5730,#5731,#5732,#5734,#5736));
#5738=FACE_OUTER_BOUND('',#5737,.F.);
#5740=CARTESIAN_POINT('',(-6.241756438145E0,-4.034774355189E0,-1.8E0));
#5741=DIRECTION('',(0.E0,-1.E0,0.E0));
#5742=DIRECTION('',(-9.961946980917E-1,0.E0,-8.715574274766E-2));
#5743=AXIS2_PLACEMENT_3D('',#5740,#5741,#5742);
#5744=CYLINDRICAL_SURFACE('',#5743,2.E-1);
#5745=ORIENTED_EDGE('',*,*,#5724,.T.);
#5747=ORIENTED_EDGE('',*,*,#5746,.F.);
#5748=ORIENTED_EDGE('',*,*,#4034,.T.);
#5750=ORIENTED_EDGE('',*,*,#5749,.F.);
#5751=EDGE_LOOP('',(#5745,#5747,#5748,#5750));
#5752=FACE_OUTER_BOUND('',#5751,.F.);
#5754=CARTESIAN_POINT('',(-6.096537570541E0,4.043937123701E0,
-1.701409758593E0));
#5755=CARTESIAN_POINT('',(-6.129397441363E0,4.060282023694E0,
-1.701409758593E0));
#5756=CARTESIAN_POINT('',(-6.173124820306E0,4.068566956056E0,
-1.701409758593E0));
#5757=CARTESIAN_POINT('',(-6.224548726927E0,4.063694249764E0,
-1.701409758593E0));
#5758=CARTESIAN_POINT('',(-6.249459014992E0,4.058617705017E0,
-1.701409758593E0));
#5759=CARTESIAN_POINT('',(-6.275500213795E0,4.050078529009E0,
-1.701409758593E0));
#5760=CARTESIAN_POINT('',(-6.301819814542E0,4.037600616170E0,
-1.701409758593E0));
#5761=CARTESIAN_POINT('',(-6.327159563019E0,4.020989863768E0,
-1.701409758593E0));
#5762=CARTESIAN_POINT('',(-6.350362034767E0,4.000782055406E0,
-1.701409758593E0));
#5763=CARTESIAN_POINT('',(-6.370749121578E0,3.977503501103E0,
-1.701409758593E0));
#5764=CARTESIAN_POINT('',(-6.387660037867E0,3.951773454660E0,
-1.701409758593E0));
#5765=CARTESIAN_POINT('',(-6.400384665297E0,3.924815809717E0,
-1.701409758593E0));
#5766=CARTESIAN_POINT('',(-6.409020296307E0,3.898036351095E0,
-1.701409758593E0));
#5767=CARTESIAN_POINT('',(-6.414022361204E0,3.872438420829E0,
-1.701409758593E0));
#5768=CARTESIAN_POINT('',(-6.418364809206E0,3.820684323206E0,
-1.701409758593E0));
#5769=CARTESIAN_POINT('',(-6.409556956221E0,3.776994335948E0,
-1.701409758593E0));
#5770=CARTESIAN_POINT('',(-6.392845550900E0,3.744489384862E0,
-1.701409758593E0));
#5771=CARTESIAN_POINT('',(-6.042970902183E0,4.148788971388E0,
-1.908034996559E0));
#5772=CARTESIAN_POINT('',(-6.096597414047E0,4.174547611014E0,
-1.908034996559E0));
#5773=CARTESIAN_POINT('',(-6.164034154890E0,4.187078680285E0,
-1.908034996559E0));
#5774=CARTESIAN_POINT('',(-6.241928749613E0,4.179689871190E0,
-1.908034996559E0));
#5775=CARTESIAN_POINT('',(-6.279575383220E0,4.172015505455E0,
-1.908034996559E0));
#5776=CARTESIAN_POINT('',(-6.319004836660E0,4.159098781497E0,
-1.908034996559E0));
#5777=CARTESIAN_POINT('',(-6.359317584683E0,4.139997193835E0,
-1.908034996559E0));
#5778=CARTESIAN_POINT('',(-6.398197688587E0,4.114503875408E0,
-1.908034996559E0));
#5779=CARTESIAN_POINT('',(-6.433281808303E0,4.083916330582E0,
-1.908034996559E0));
#5780=CARTESIAN_POINT('',(-6.464136533008E0,4.048721856212E0,
-1.908034996559E0));
#5781=CARTESIAN_POINT('',(-6.490088621088E0,4.009245971993E0,
-1.908034996559E0));
#5782=CARTESIAN_POINT('',(-6.509565393363E0,3.967960352312E0,
-1.908034996559E0));
#5783=CARTESIAN_POINT('',(-6.522623812696E0,3.927424329075E0,
-1.908034996559E0));
#5784=CARTESIAN_POINT('',(-6.530186119597E0,3.888739135166E0,
-1.908034996559E0));
#5785=CARTESIAN_POINT('',(-6.536776164495E0,3.810307360040E0,
-1.908034996559E0));
#5786=CARTESIAN_POINT('',(-6.523430706670E0,3.742807771437E0,
-1.908034996559E0));
#5787=CARTESIAN_POINT('',(-6.497006547329E0,3.689657450722E0,
-1.908034996559E0));
#5788=CARTESIAN_POINT('',(-6.116138171683E0,4.005570739078E0,
-2.093633484186E0));
#5789=CARTESIAN_POINT('',(-6.141399313080E0,4.018471054969E0,
-2.093633484186E0));
#5790=CARTESIAN_POINT('',(-6.176451189482E0,4.025202281564E0,
-2.093633484186E0));
#5791=CARTESIAN_POINT('',(-6.218189195570E0,4.021250243501E0,
-2.093633484186E0));
#5792=CARTESIAN_POINT('',(-6.238439122118E0,4.017124268520E0,
-2.093633484186E0));
#5793=CARTESIAN_POINT('',(-6.259581419078E0,4.010186882908E0,
-2.093633484186E0));
#5794=CARTESIAN_POINT('',(-6.280780781468E0,4.000132641689E0,
-2.093633484186E0));
#5795=CARTESIAN_POINT('',(-6.301165972834E0,3.986772112727E0,
-2.093633484186E0));
#5796=CARTESIAN_POINT('',(-6.320020825814E0,3.970362358072E0,
-2.093633484186E0));
#5797=CARTESIAN_POINT('',(-6.336577694874E0,3.951443963052E0,
-2.093633484186E0));
#5798=CARTESIAN_POINT('',(-6.350180352218E0,3.930743661851E0,
-2.093633484186E0));
#5799=CARTESIAN_POINT('',(-6.360434299509E0,3.909028772125E0,
-2.093633484186E0));
#5800=CARTESIAN_POINT('',(-6.367451586197E0,3.887282983803E0,
-2.093633484186E0));
#5801=CARTESIAN_POINT('',(-6.371516831873E0,3.866473819641E0,
-2.093633484186E0));
#5802=CARTESIAN_POINT('',(-6.375036860748E0,3.824481362132E0,
-2.093633484186E0));
#5803=CARTESIAN_POINT('',(-6.367889364712E0,3.789503556047E0,
-2.093633484186E0));
#5804=CARTESIAN_POINT('',(-6.354731955602E0,3.764552960308E0,
-2.093633484186E0));
#5805=CARTESIAN_POINT('',(-6.218379065741E0,3.805443548468E0,
-1.977443842296E0));
#5806=CARTESIAN_POINT('',(-6.204003618393E0,3.800376184587E0,
-1.977443842296E0));
#5807=CARTESIAN_POINT('',(-6.193802235792E0,3.799002952695E0,
-1.977443842296E0));
#5808=CARTESIAN_POINT('',(-6.185016532755E0,3.799853315162E0,
-1.977443842296E0));
#5809=CARTESIAN_POINT('',(-6.180957026352E0,3.800685713449E0,
-1.977443842296E0));
#5810=CARTESIAN_POINT('',(-6.176545613480E0,3.802103605876E0,
-1.977443842296E0));
#5811=CARTESIAN_POINT('',(-6.171036727869E0,3.804691749295E0,
-1.977443842296E0));
#5812=CARTESIAN_POINT('',(-6.165577899751E0,3.808285074345E0,
-1.977443842296E0));
#5813=CARTESIAN_POINT('',(-6.161754652213E0,3.811686772418E0,
-1.977443842296E0));
#5814=CARTESIAN_POINT('',(-6.158332294044E0,3.815511891931E0,
-1.977443842296E0));
#5815=CARTESIAN_POINT('',(-6.154678371889E0,3.821047807439E0,
-1.977443842296E0));
#5816=CARTESIAN_POINT('',(-6.152044728165E0,3.826680239595E0,
-1.977443842296E0));
#5817=CARTESIAN_POINT('',(-6.150620388019E0,3.831191141933E0,
-1.977443842296E0));
#5818=CARTESIAN_POINT('',(-6.149798986186E0,3.835361196264E0,
-1.977443842296E0));
#5819=CARTESIAN_POINT('',(-6.149029102700E0,3.844287521542E0,
-1.977443842296E0));
#5820=CARTESIAN_POINT('',(-6.150542380076E0,3.854754298184E0,
-1.977443842296E0));
#5821=CARTESIAN_POINT('',(-6.155923366662E0,3.869208817234E0,
-1.977443842296E0));
#5822=(BOUNDED_SURFACE()B_SPLINE_SURFACE(3,3,((#5754,#5755,#5756,#5757,#5758,
#5759,#5760,#5761,#5762,#5763,#5764,#5765,#5766,#5767,#5768,#5769,#5770),(#5771,
#5772,#5773,#5774,#5775,#5776,#5777,#5778,#5779,#5780,#5781,#5782,#5783,#5784,
#5785,#5786,#5787),(#5788,#5789,#5790,#5791,#5792,#5793,#5794,#5795,#5796,#5797,
#5798,#5799,#5800,#5801,#5802,#5803,#5804),(#5805,#5806,#5807,#5808,#5809,#5810,
#5811,#5812,#5813,#5814,#5815,#5816,#5817,#5818,#5819,#5820,#5821)),
.UNSPECIFIED.,.F.,.F.,.F.)B_SPLINE_SURFACE_WITH_KNOTS((4,4),(4,1,1,1,1,1,1,1,1,
1,1,1,1,1,4),(-4.800708754248E-1,1.361787399310E0),(-1.660501530367E-1,
9.211281585191E-2,1.485814713871E-1,2.107284856654E-1,2.775329737173E-1,
3.479934254418E-1,4.211924828649E-1,4.960421783041E-1,5.713881706288E-1,
6.458663328194E-1,7.180732269726E-1,7.867624921205E-1,8.506137638432E-1,
9.082985219212E-1,1.165511640228E0),.UNSPECIFIED.)GEOMETRIC_REPRESENTATION_ITEM(
)RATIONAL_B_SPLINE_SURFACE(((1.633506228159E0,1.633506228159E0,1.633506228159E0,
1.633506228159E0,1.633506228159E0,1.633506228159E0,1.633506228159E0,
1.633506228159E0,1.633506228159E0,1.633506228159E0,1.633506228159E0,
1.633506228159E0,1.633506228159E0,1.633506228159E0,1.633506228159E0,
1.633506228159E0,1.633506228159E0),(8.398026177439E-1,8.398026177439E-1,
8.398026177439E-1,8.398026177439E-1,8.398026177439E-1,8.398026177439E-1,
8.398026177439E-1,8.398026177439E-1,8.398026177439E-1,8.398026177439E-1,
8.398026177439E-1,8.398026177439E-1,8.398026177439E-1,8.398026177439E-1,
8.398026177439E-1,8.398026177439E-1,8.398026177439E-1),(7.919070907986E-1,
7.919070907985E-1,7.919070907985E-1,7.919070907985E-1,7.919070907985E-1,
7.919070907985E-1,7.919070907985E-1,7.919070907985E-1,7.919070907985E-1,
7.919070907985E-1,7.919070907985E-1,7.919070907985E-1,7.919070907985E-1,
7.919070907985E-1,7.919070907985E-1,7.919070907986E-1,7.919070907986E-1),(
1.489819647323E0,1.489819647323E0,1.489819647323E0,1.489819647323E0,
1.489819647323E0,1.489819647323E0,1.489819647323E0,1.489819647323E0,
1.489819647323E0,1.489819647323E0,1.489819647323E0,1.489819647323E0,
1.489819647323E0,1.489819647323E0,1.489819647323E0,1.489819647323E0,
1.489819647323E0)))REPRESENTATION_ITEM('')SURFACE());
#5824=ORIENTED_EDGE('',*,*,#5823,.F.);
#5825=ORIENTED_EDGE('',*,*,#5746,.T.);
#5826=ORIENTED_EDGE('',*,*,#5735,.F.);
#5828=ORIENTED_EDGE('',*,*,#5827,.T.);
#5829=EDGE_LOOP('',(#5824,#5825,#5826,#5828));
#5830=FACE_OUTER_BOUND('',#5829,.F.);
#5832=CARTESIAN_POINT('',(-6.398046198808E0,3.716399981213E0,
-2.025244077328E0));
#5833=CARTESIAN_POINT('',(-6.414396807330E0,3.749221523891E0,
-2.029546083119E0));
#5834=CARTESIAN_POINT('',(-6.431283904475E0,3.828725056513E0,
-2.037979170494E0));
#5835=CARTESIAN_POINT('',(-6.398164234220E0,3.951910234603E0,
-2.045858881404E0));
#5836=CARTESIAN_POINT('',(-6.301910234603E0,4.048164234220E0,
-2.045858881404E0));
#5837=CARTESIAN_POINT('',(-6.178846132934E0,4.081251351767E0,
-2.037986915315E0));
#5838=CARTESIAN_POINT('',(-6.099462793574E0,4.064447966253E0,
-2.029571667307E0));
#5839=CARTESIAN_POINT('',(-6.066727576717E0,4.048209052201E0,
-2.025286986046E0));
#5841=DIRECTION('',(-8.682659386420E-2,8.682659386420E-2,9.924325091390E-1));
#5842=VECTOR('',#5841,1.E0);
#5843=SURFACE_OF_LINEAR_EXTRUSION('',#5840,#5842);
#5844=ORIENTED_EDGE('',*,*,#5823,.T.);
#5845=ORIENTED_EDGE('',*,*,#4295,.F.);
#5847=ORIENTED_EDGE('',*,*,#5846,.T.);
#5848=ORIENTED_EDGE('',*,*,#4036,.F.);
#5849=EDGE_LOOP('',(#5844,#5845,#5847,#5848));
#5850=FACE_OUTER_BOUND('',#5849,.F.);
#5852=CARTESIAN_POINT('',(-6.132250805791E0,4.123519000361E0,
7.585861692599E-1));
#5853=CARTESIAN_POINT('',(-6.178110302786E0,4.191719710045E0,
7.625692394455E-1));
#5854=CARTESIAN_POINT('',(-6.294170562834E0,4.242181942570E0,
7.683843330238E-1));
#5855=CARTESIAN_POINT('',(-6.453923532052E0,4.200177531668E0,
7.724962032867E-1));
#5856=CARTESIAN_POINT('',(-6.550177531668E0,4.103923532052E0,
7.724962032867E-1));
#5857=CARTESIAN_POINT('',(-6.592181942570E0,3.944170562834E0,
7.683843330238E-1));
#5858=CARTESIAN_POINT('',(-6.541719710045E0,3.828110302787E0,
7.625692394455E-1));
#5859=CARTESIAN_POINT('',(-6.473519000361E0,3.782250805793E0,
7.585861692599E-1));
#5861=DIRECTION('',(-3.487826274228E-2,3.487826274226E-2,-9.987827659587E-1));
#5862=VECTOR('',#5861,1.E0);
#5863=SURFACE_OF_LINEAR_EXTRUSION('',#5860,#5862);
#5864=ORIENTED_EDGE('',*,*,#4070,.F.);
#5865=ORIENTED_EDGE('',*,*,#4051,.F.);
#5866=ORIENTED_EDGE('',*,*,#5846,.F.);
#5867=ORIENTED_EDGE('',*,*,#4273,.T.);
#5868=EDGE_LOOP('',(#5864,#5865,#5866,#5867));
#5869=FACE_OUTER_BOUND('',#5868,.F.);
#5871=CARTESIAN_POINT('',(6.381898066579E0,3.891756438145E0,-1.8E0));
#5872=DIRECTION('',(-1.E0,0.E0,0.E0));
#5873=DIRECTION('',(0.E0,9.961946980917E-1,-8.715574274766E-2));
#5874=AXIS2_PLACEMENT_3D('',#5871,#5872,#5873);
#5875=CYLINDRICAL_SURFACE('',#5874,2.E-1);
#5876=ORIENTED_EDGE('',*,*,#4297,.T.);
#5877=ORIENTED_EDGE('',*,*,#5827,.F.);
#5878=ORIENTED_EDGE('',*,*,#5733,.T.);
#5879=ORIENTED_EDGE('',*,*,#4207,.F.);
#5880=EDGE_LOOP('',(#5876,#5877,#5878,#5879));
#5881=FACE_OUTER_BOUND('',#5880,.F.);
#5883=CARTESIAN_POINT('',(-6.189333929945E0,-3.862296742912E0,
-1.997916653655E0));
#5884=CARTESIAN_POINT('',(-6.186218655031E0,-3.862333733033E0,
-1.997916653655E0));
#5885=CARTESIAN_POINT('',(-6.188873058456E0,-3.863262858721E0,
-1.997916653655E0));
#5886=CARTESIAN_POINT('',(-6.194440398890E0,-3.862748929754E0,
-1.997916653655E0));
#5887=CARTESIAN_POINT('',(-6.197286845236E0,-3.862172727044E0,
-1.997916653655E0));
#5888=CARTESIAN_POINT('',(-6.200134865894E0,-3.861217007735E0,
-1.997916653655E0));
#5889=CARTESIAN_POINT('',(-6.202213401144E0,-3.860213635420E0,
-1.997916653655E0));
#5890=CARTESIAN_POINT('',(-6.204096479263E0,-3.858990619630E0,
-1.997916653655E0));
#5891=CARTESIAN_POINT('',(-6.206715746897E0,-3.856764175051E0,
-1.997916653655E0));
#5892=CARTESIAN_POINT('',(-6.208969193651E0,-3.854128196232E0,
-1.997916653655E0));
#5893=CARTESIAN_POINT('',(-6.210217612199E0,-3.852210788033E0,
-1.997916653655E0));
#5894=CARTESIAN_POINT('',(-6.211245143738E0,-3.850074247828E0,
-1.997916653655E0));
#5895=CARTESIAN_POINT('',(-6.212218945752E0,-3.847126010111E0,
-1.997916653655E0));
#5896=CARTESIAN_POINT('',(-6.212785768682E0,-3.844199835461E0,
-1.997916653655E0));
#5897=CARTESIAN_POINT('',(-6.213234586271E0,-3.838660882644E0,
-1.997916653655E0));
#5898=CARTESIAN_POINT('',(-6.212287465166E0,-3.836217521004E0,
-1.997916653655E0));
#5899=CARTESIAN_POINT('',(-6.212401965677E0,-3.839477625739E0,
-1.997916653655E0));
#5900=CARTESIAN_POINT('',(-6.106225426760E0,-4.024974029969E0,
-2.024339822081E0));
#5901=CARTESIAN_POINT('',(-6.135329525152E0,-4.039616399617E0,
-2.024339822081E0));
#5902=CARTESIAN_POINT('',(-6.174768922251E0,-4.047133392332E0,
-2.024339822081E0));
#5903=CARTESIAN_POINT('',(-6.221405444470E0,-4.042715738486E0,
-2.024339822081E0));
#5904=CARTESIAN_POINT('',(-6.244012287236E0,-4.038109025417E0,
-2.024339822081E0));
#5905=CARTESIAN_POINT('',(-6.267632139032E0,-4.030361555488E0,
-2.024339822081E0));
#5906=CARTESIAN_POINT('',(-6.291420994274E0,-4.019081574394E0,
-2.024339822081E0));
#5907=CARTESIAN_POINT('',(-6.314311887391E0,-4.004077287899E0,
-2.024339822081E0));
#5908=CARTESIAN_POINT('',(-6.335365491081E0,-3.985746717800E0,
-2.024339822081E0));
#5909=CARTESIAN_POINT('',(-6.353859442126E0,-3.964623229871E0,
-2.024339822081E0));
#5910=CARTESIAN_POINT('',(-6.369135207691E0,-3.941379201516E0,
-2.024339822081E0));
#5911=CARTESIAN_POINT('',(-6.380638668795E0,-3.917012857657E0,
-2.024339822081E0));
#5912=CARTESIAN_POINT('',(-6.388474411726E0,-3.892721357133E0,
-2.024339822081E0));
#5913=CARTESIAN_POINT('',(-6.393013441337E0,-3.869490337830E0,
-2.024339822081E0));
#5914=CARTESIAN_POINT('',(-6.396949397810E0,-3.822561059898E0,
-2.024339822081E0));
#5915=CARTESIAN_POINT('',(-6.388962198229E0,-3.783177183383E0,
-2.024339822081E0));
#5916=CARTESIAN_POINT('',(-6.374007401328E0,-3.754406071754E0,
-2.024339822081E0));
#5917=CARTESIAN_POINT('',(-6.062484240639E0,-4.110593398102E0,
-1.877082919323E0));
#5918=CARTESIAN_POINT('',(-6.108545852439E0,-4.132922788059E0,
-1.877082919323E0));
#5919=CARTESIAN_POINT('',(-6.167345714804E0,-4.143907068820E0,
-1.877082919323E0));
#5920=CARTESIAN_POINT('',(-6.235597531402E0,-4.137434829063E0,
-1.877082919323E0));
#5921=CARTESIAN_POINT('',(-6.268604551799E0,-4.130706801077E0,
-1.877082919323E0));
#5922=CARTESIAN_POINT('',(-6.303156913702E0,-4.119384736217E0,
-1.877082919323E0));
#5923=CARTESIAN_POINT('',(-6.338372219077E0,-4.102696029794E0,
-1.877082919323E0));
#5924=CARTESIAN_POINT('',(-6.372319823961E0,-4.080438464553E0,
-1.877082919323E0));
#5925=CARTESIAN_POINT('',(-6.403075680857E0,-4.053632064188E0,
-1.877082919323E0));
#5926=CARTESIAN_POINT('',(-6.430117240248E0,-4.022778337325E0,
-1.877082919323E0));
#5927=CARTESIAN_POINT('',(-6.452775798019E0,-3.988309805514E0,
-1.877082919323E0));
#5928=CARTESIAN_POINT('',(-6.469792889822E0,-3.952243599882E0,
-1.877082919323E0));
#5929=CARTESIAN_POINT('',(-6.481240169832E0,-3.916718836641E0,
-1.877082919323E0));
#5930=CARTESIAN_POINT('',(-6.487869828308E0,-3.882801088863E0,
-1.877082919323E0));
#5931=CARTESIAN_POINT('',(-6.493641115563E0,-3.814087494241E0,
-1.877082919323E0));
#5932=CARTESIAN_POINT('',(-6.481948622584E0,-3.755261299475E0,
-1.877082919323E0));
#5933=CARTESIAN_POINT('',(-6.459062638228E0,-3.709631701905E0,
-1.877082919323E0));
#5934=CARTESIAN_POINT('',(-6.091617278235E0,-4.053568145271E0,
-1.723435892081E0));
#5935=CARTESIAN_POINT('',(-6.126384640179E0,-4.070777731320E0,
-1.723435892081E0));
#5936=CARTESIAN_POINT('',(-6.172289809796E0,-4.079452686720E0,
-1.723435892081E0));
#5937=CARTESIAN_POINT('',(-6.226145144894E0,-4.074348867282E0,
-1.723435892081E0));
#5938=CARTESIAN_POINT('',(-6.252225312379E0,-4.069033703278E0,
-1.723435892081E0));
#5939=CARTESIAN_POINT('',(-6.279496270812E0,-4.060092433652E0,
-1.723435892081E0));
#5940=CARTESIAN_POINT('',(-6.307101192765E0,-4.047006112315E0,
-1.723435892081E0));
#5941=CARTESIAN_POINT('',(-6.333684671879E0,-4.029579464085E0,
-1.723435892081E0));
#5942=CARTESIAN_POINT('',(-6.357978515983E0,-4.008418239374E0,
-1.723435892081E0));
#5943=CARTESIAN_POINT('',(-6.379327093208E0,-3.984045164699E0,
-1.723435892081E0));
#5944=CARTESIAN_POINT('',(-6.397068473838E0,-3.957052513321E0,
-1.723435892081E0));
#5945=CARTESIAN_POINT('',(-6.410413310203E0,-3.928778792058E0,
-1.723435892081E0));
#5946=CARTESIAN_POINT('',(-6.419455190322E0,-3.900735743203E0,
-1.723435892081E0));
#5947=CARTESIAN_POINT('',(-6.424692422710E0,-3.873935700419E0,
-1.723435892081E0));
#5948=CARTESIAN_POINT('',(-6.429241320619E0,-3.819731161594E0,
-1.723435892081E0));
#5949=CARTESIAN_POINT('',(-6.420016672213E0,-3.773854176306E0,
-1.723435892081E0));
#5950=CARTESIAN_POINT('',(-6.402413115280E0,-3.739452873316E0,
-1.723435892081E0));
#5951=(BOUNDED_SURFACE()B_SPLINE_SURFACE(3,3,((#5883,#5884,#5885,#5886,#5887,
#5888,#5889,#5890,#5891,#5892,#5893,#5894,#5895,#5896,#5897,#5898,#5899),(#5900,
#5901,#5902,#5903,#5904,#5905,#5906,#5907,#5908,#5909,#5910,#5911,#5912,#5913,
#5914,#5915,#5916),(#5917,#5918,#5919,#5920,#5921,#5922,#5923,#5924,#5925,#5926,
#5927,#5928,#5929,#5930,#5931,#5932,#5933),(#5934,#5935,#5936,#5937,#5938,#5939,
#5940,#5941,#5942,#5943,#5944,#5945,#5946,#5947,#5948,#5949,#5950)),
.UNSPECIFIED.,.F.,.F.,.F.)B_SPLINE_SURFACE_WITH_KNOTS((4,4),(4,1,1,1,1,1,1,1,1,
1,1,1,1,1,4),(-8.438785959130E-2,1.362337783655E0),(-1.660501530367E-1,
9.211281585191E-2,1.485814713871E-1,2.107284856654E-1,2.775329737173E-1,
3.479934254418E-1,4.211924828649E-1,4.960421783041E-1,5.713881706288E-1,
6.458663328194E-1,7.180732269726E-1,7.867624921205E-1,8.506137638432E-1,
9.082985219212E-1,1.165511640228E0),.UNSPECIFIED.)GEOMETRIC_REPRESENTATION_ITEM(
)RATIONAL_B_SPLINE_SURFACE(((1.225236252012E0,1.225236252012E0,1.225236252012E0,
1.225236252012E0,1.225236252012E0,1.225236252012E0,1.225236252012E0,
1.225236252012E0,1.225236252012E0,1.225236252012E0,1.225236252012E0,
1.225236252012E0,1.225236252012E0,1.225236252012E0,1.225236252012E0,
1.225236252012E0,1.225236252012E0),(8.535024725518E-1,8.535024725518E-1,
8.535024725518E-1,8.535024725518E-1,8.535024725518E-1,8.535024725518E-1,
8.535024725518E-1,8.535024725518E-1,8.535024725518E-1,8.535024725518E-1,
8.535024725518E-1,8.535024725518E-1,8.535024725518E-1,8.535024725518E-1,
8.535024725518E-1,8.535024725518E-1,8.535024725518E-1),(9.419055545779E-1,
9.419055545779E-1,9.419055545779E-1,9.419055545779E-1,9.419055545779E-1,
9.419055545779E-1,9.419055545779E-1,9.419055545779E-1,9.419055545779E-1,
9.419055545779E-1,9.419055545779E-1,9.419055545779E-1,9.419055545779E-1,
9.419055545779E-1,9.419055545779E-1,9.419055545779E-1,9.419055545779E-1),(
1.490445498091E0,1.490445498091E0,1.490445498091E0,1.490445498091E0,
1.490445498091E0,1.490445498091E0,1.490445498091E0,1.490445498091E0,
1.490445498091E0,1.490445498091E0,1.490445498091E0,1.490445498091E0,
1.490445498091E0,1.490445498091E0,1.490445498091E0,1.490445498091E0,
1.490445498091E0)))REPRESENTATION_ITEM('')SURFACE());
#5953=ORIENTED_EDGE('',*,*,#5952,.T.);
#5955=ORIENTED_EDGE('',*,*,#5954,.T.);
#5956=ORIENTED_EDGE('',*,*,#5726,.F.);
#5957=ORIENTED_EDGE('',*,*,#5749,.T.);
#5958=EDGE_LOOP('',(#5953,#5955,#5956,#5957));
#5959=FACE_OUTER_BOUND('',#5958,.F.);
#5961=CARTESIAN_POINT('',(-6.398046198808E0,-3.716399981213E0,
-2.025244077328E0));
#5962=CARTESIAN_POINT('',(-6.414396807329E0,-3.749221523891E0,
-2.029546083119E0));
#5963=CARTESIAN_POINT('',(-6.431283904475E0,-3.828725056513E0,
-2.037979170494E0));
#5964=CARTESIAN_POINT('',(-6.398164234220E0,-3.951910234603E0,
-2.045858881404E0));
#5965=CARTESIAN_POINT('',(-6.301910234603E0,-4.048164234220E0,
-2.045858881404E0));
#5966=CARTESIAN_POINT('',(-6.178846132934E0,-4.081251351767E0,
-2.037986915315E0));
#5967=CARTESIAN_POINT('',(-6.099462793574E0,-4.064447966253E0,
-2.029571667307E0));
#5968=CARTESIAN_POINT('',(-6.066727576717E0,-4.048209052201E0,
-2.025286986046E0));
#5970=DIRECTION('',(-8.682659386420E-2,-8.682659386420E-2,9.924325091390E-1));
#5971=VECTOR('',#5970,1.E0);
#5972=SURFACE_OF_LINEAR_EXTRUSION('',#5969,#5971);
#5973=ORIENTED_EDGE('',*,*,#5952,.F.);
#5974=ORIENTED_EDGE('',*,*,#4032,.F.);
#5976=ORIENTED_EDGE('',*,*,#5975,.F.);
#5977=ORIENTED_EDGE('',*,*,#5606,.F.);
#5978=EDGE_LOOP('',(#5973,#5974,#5976,#5977));
#5979=FACE_OUTER_BOUND('',#5978,.F.);
#5981=CARTESIAN_POINT('',(-6.132250805791E0,-4.123519000361E0,
7.585861692599E-1));
#5982=CARTESIAN_POINT('',(-6.178110302786E0,-4.191719710045E0,
7.625692394455E-1));
#5983=CARTESIAN_POINT('',(-6.294170562834E0,-4.242181942570E0,
7.683843330238E-1));
#5984=CARTESIAN_POINT('',(-6.453923532052E0,-4.200177531668E0,
7.724962032867E-1));
#5985=CARTESIAN_POINT('',(-6.550177531668E0,-4.103923532052E0,
7.724962032867E-1));
#5986=CARTESIAN_POINT('',(-6.592181942570E0,-3.944170562834E0,
7.683843330238E-1));
#5987=CARTESIAN_POINT('',(-6.541719710045E0,-3.828110302786E0,
7.625692394455E-1));
#5988=CARTESIAN_POINT('',(-6.473519000361E0,-3.782250805792E0,
7.585861692599E-1));
#5990=DIRECTION('',(-3.487826274228E-2,-3.487826274226E-2,-9.987827659587E-1));
#5991=VECTOR('',#5990,1.E0);
#5992=SURFACE_OF_LINEAR_EXTRUSION('',#5989,#5991);
#5993=ORIENTED_EDGE('',*,*,#4067,.F.);
#5994=ORIENTED_EDGE('',*,*,#5588,.F.);
#5995=ORIENTED_EDGE('',*,*,#5975,.T.);
#5996=ORIENTED_EDGE('',*,*,#4048,.T.);
#5997=EDGE_LOOP('',(#5993,#5994,#5995,#5996));
#5998=FACE_OUTER_BOUND('',#5997,.F.);
#6000=CARTESIAN_POINT('',(6.381898066579E0,-3.891756438145E0,-1.8E0));
#6001=DIRECTION('',(1.E0,0.E0,0.E0));
#6002=DIRECTION('',(0.E0,-9.961946980917E-1,-8.715574274766E-2));
#6003=AXIS2_PLACEMENT_3D('',#6000,#6001,#6002);
#6004=CYLINDRICAL_SURFACE('',#6003,2.E-1);
#6005=ORIENTED_EDGE('',*,*,#5604,.T.);
#6006=ORIENTED_EDGE('',*,*,#5714,.F.);
#6007=ORIENTED_EDGE('',*,*,#5728,.T.);
#6008=ORIENTED_EDGE('',*,*,#5954,.F.);
#6009=EDGE_LOOP('',(#6005,#6006,#6007,#6008));
#6010=FACE_OUTER_BOUND('',#6009,.F.);
#6012=CARTESIAN_POINT('',(6.132250805791E0,-4.123519000361E0,
7.585861692599E-1));
#6013=CARTESIAN_POINT('',(6.178110302786E0,-4.191719710045E0,
7.625692394455E-1));
#6014=CARTESIAN_POINT('',(6.294170562834E0,-4.242181942570E0,
7.683843330238E-1));
#6015=CARTESIAN_POINT('',(6.453923532052E0,-4.200177531668E0,
7.724962032867E-1));
#6016=CARTESIAN_POINT('',(6.550177531668E0,-4.103923532052E0,
7.724962032867E-1));
#6017=CARTESIAN_POINT('',(6.592181942570E0,-3.944170562834E0,
7.683843330238E-1));
#6018=CARTESIAN_POINT('',(6.541719710045E0,-3.828110302787E0,
7.625692394455E-1));
#6019=CARTESIAN_POINT('',(6.473519000361E0,-3.782250805793E0,
7.585861692599E-1));
#6021=DIRECTION('',(3.487826274228E-2,-3.487826274226E-2,-9.987827659587E-1));
#6022=VECTOR('',#6021,1.E0);
#6023=SURFACE_OF_LINEAR_EXTRUSION('',#6020,#6022);
#6024=ORIENTED_EDGE('',*,*,#4063,.F.);
#6025=ORIENTED_EDGE('',*,*,#4098,.F.);
#6026=ORIENTED_EDGE('',*,*,#5635,.F.);
#6027=ORIENTED_EDGE('',*,*,#5591,.T.);
#6028=EDGE_LOOP('',(#6024,#6025,#6026,#6027));
#6029=FACE_OUTER_BOUND('',#6028,.F.);
#6031=CARTESIAN_POINT('',(0.E0,0.E0,0.E0));
#6032=DIRECTION('',(0.E0,0.E0,-1.E0));
#6033=DIRECTION('',(-1.E0,0.E0,0.E0));
#6034=AXIS2_PLACEMENT_3D('',#6031,#6032,#6033);
#6035=PLANE('',#6034);
#6036=ORIENTED_EDGE('',*,*,#5436,.F.);
#6037=ORIENTED_EDGE('',*,*,#5609,.F.);
#6038=ORIENTED_EDGE('',*,*,#4689,.F.);
#6040=ORIENTED_EDGE('',*,*,#6039,.F.);
#6041=EDGE_LOOP('',(#6036,#6037,#6038,#6040));
#6042=FACE_OUTER_BOUND('',#6041,.F.);
#6044=FILL_AREA_STYLE_COLOUR('',#58);
#6045=FILL_AREA_STYLE('',(#6044));
#6046=SURFACE_STYLE_FILL_AREA(#6045);
#6047=SURFACE_SIDE_STYLE('',(#6046));
#6048=SURFACE_STYLE_USAGE(.POSITIVE.,#6047);
#6049=FILL_AREA_STYLE_COLOUR('',#59);
#6050=FILL_AREA_STYLE('',(#6049));
#6051=SURFACE_STYLE_FILL_AREA(#6050);
#6052=SURFACE_SIDE_STYLE('',(#6051));
#6053=SURFACE_STYLE_USAGE(.NEGATIVE.,#6052);
#6054=PRESENTATION_STYLE_ASSIGNMENT((#6048,#6053));
#6055=OVER_RIDING_STYLED_ITEM('',(#6054),#6043,#60);
#6056=CARTESIAN_POINT('',(0.E0,0.E0,0.E0));
#6057=DIRECTION('',(0.E0,0.E0,-1.E0));
#6058=DIRECTION('',(-1.E0,0.E0,0.E0));
#6059=AXIS2_PLACEMENT_3D('',#6056,#6057,#6058);
#6060=PLANE('',#6059);
#6062=ORIENTED_EDGE('',*,*,#6061,.F.);
#6064=ORIENTED_EDGE('',*,*,#6063,.F.);
#6066=ORIENTED_EDGE('',*,*,#6065,.F.);
#6067=ORIENTED_EDGE('',*,*,#5612,.F.);
#6068=EDGE_LOOP('',(#6062,#6064,#6066,#6067));
#6069=FACE_OUTER_BOUND('',#6068,.F.);
#6071=FILL_AREA_STYLE_COLOUR('',#58);
#6072=FILL_AREA_STYLE('',(#6071));
#6073=SURFACE_STYLE_FILL_AREA(#6072);
#6074=SURFACE_SIDE_STYLE('',(#6073));
#6075=SURFACE_STYLE_USAGE(.POSITIVE.,#6074);
#6076=FILL_AREA_STYLE_COLOUR('',#59);
#6077=FILL_AREA_STYLE('',(#6076));
#6078=SURFACE_STYLE_FILL_AREA(#6077);
#6079=SURFACE_SIDE_STYLE('',(#6078));
#6080=SURFACE_STYLE_USAGE(.NEGATIVE.,#6079);
#6081=PRESENTATION_STYLE_ASSIGNMENT((#6075,#6080));
#6082=OVER_RIDING_STYLED_ITEM('',(#6081),#6070,#60);
#6083=CARTESIAN_POINT('',(0.E0,0.E0,0.E0));
#6084=DIRECTION('',(0.E0,0.E0,-1.E0));
#6085=DIRECTION('',(-1.E0,0.E0,0.E0));
#6086=AXIS2_PLACEMENT_3D('',#6083,#6084,#6085);
#6087=PLANE('',#6086);
#6088=ORIENTED_EDGE('',*,*,#5241,.F.);
#6090=ORIENTED_EDGE('',*,*,#6089,.F.);
#6091=ORIENTED_EDGE('',*,*,#4889,.T.);
#6092=ORIENTED_EDGE('',*,*,#5615,.F.);
#6093=EDGE_LOOP('',(#6088,#6090,#6091,#6092));
#6094=FACE_OUTER_BOUND('',#6093,.F.);
#6096=FILL_AREA_STYLE_COLOUR('',#58);
#6097=FILL_AREA_STYLE('',(#6096));
#6098=SURFACE_STYLE_FILL_AREA(#6097);
#6099=SURFACE_SIDE_STYLE('',(#6098));
#6100=SURFACE_STYLE_USAGE(.POSITIVE.,#6099);
#6101=FILL_AREA_STYLE_COLOUR('',#59);
#6102=FILL_AREA_STYLE('',(#6101));
#6103=SURFACE_STYLE_FILL_AREA(#6102);
#6104=SURFACE_SIDE_STYLE('',(#6103));
#6105=SURFACE_STYLE_USAGE(.NEGATIVE.,#6104);
#6106=PRESENTATION_STYLE_ASSIGNMENT((#6100,#6105));
#6107=OVER_RIDING_STYLED_ITEM('',(#6106),#6095,#60);
#6108=CARTESIAN_POINT('',(4.11E0,-4.45E0,-2.5E-1));
#6109=DIRECTION('',(1.E0,0.E0,0.E0));
#6110=DIRECTION('',(0.E0,1.E0,0.E0));
#6111=AXIS2_PLACEMENT_3D('',#6108,#6109,#6110);
#6112=CYLINDRICAL_SURFACE('',#6111,2.5E-1);
#6113=ORIENTED_EDGE('',*,*,#5438,.F.);
#6114=ORIENTED_EDGE('',*,*,#6039,.T.);
#6115=ORIENTED_EDGE('',*,*,#4687,.F.);
#6117=ORIENTED_EDGE('',*,*,#6116,.F.);
#6118=EDGE_LOOP('',(#6113,#6114,#6115,#6117));
#6119=FACE_OUTER_BOUND('',#6118,.F.);
#6121=FILL_AREA_STYLE_COLOUR('',#58);
#6122=FILL_AREA_STYLE('',(#6121));
#6123=SURFACE_STYLE_FILL_AREA(#6122);
#6124=SURFACE_SIDE_STYLE('',(#6123));
#6125=SURFACE_STYLE_USAGE(.POSITIVE.,#6124);
#6126=FILL_AREA_STYLE_COLOUR('',#24);
#6127=FILL_AREA_STYLE('',(#6126));
#6128=SURFACE_STYLE_FILL_AREA(#6127);
#6129=SURFACE_SIDE_STYLE('',(#6128));
#6130=SURFACE_STYLE_USAGE(.NEGATIVE.,#6129);
#6131=PRESENTATION_STYLE_ASSIGNMENT((#6125,#6130));
#6132=OVER_RIDING_STYLED_ITEM('',(#6131),#6120,#60);
#6133=CARTESIAN_POINT('',(4.11E0,-4.45E0,-2.5E-1));
#6134=DIRECTION('',(1.E0,0.E0,0.E0));
#6135=DIRECTION('',(0.E0,1.E0,0.E0));
#6136=AXIS2_PLACEMENT_3D('',#6133,#6134,#6135);
#6137=CYLINDRICAL_SURFACE('',#6136,2.5E-1);
#6139=ORIENTED_EDGE('',*,*,#6138,.T.);
#6141=ORIENTED_EDGE('',*,*,#6140,.F.);
#6143=ORIENTED_EDGE('',*,*,#6142,.F.);
#6144=ORIENTED_EDGE('',*,*,#6063,.T.);
#6145=EDGE_LOOP('',(#6139,#6141,#6143,#6144));
#6146=FACE_OUTER_BOUND('',#6145,.F.);
#6148=FILL_AREA_STYLE_COLOUR('',#58);
#6149=FILL_AREA_STYLE('',(#6148));
#6150=SURFACE_STYLE_FILL_AREA(#6149);
#6151=SURFACE_SIDE_STYLE('',(#6150));
#6152=SURFACE_STYLE_USAGE(.POSITIVE.,#6151);
#6153=FILL_AREA_STYLE_COLOUR('',#24);
#6154=FILL_AREA_STYLE('',(#6153));
#6155=SURFACE_STYLE_FILL_AREA(#6154);
#6156=SURFACE_SIDE_STYLE('',(#6155));
#6157=SURFACE_STYLE_USAGE(.NEGATIVE.,#6156);
#6158=PRESENTATION_STYLE_ASSIGNMENT((#6152,#6157));
#6159=OVER_RIDING_STYLED_ITEM('',(#6158),#6147,#60);
#6160=CARTESIAN_POINT('',(4.11E0,-4.45E0,-2.5E-1));
#6161=DIRECTION('',(1.E0,0.E0,0.E0));
#6162=DIRECTION('',(0.E0,1.E0,0.E0));
#6163=AXIS2_PLACEMENT_3D('',#6160,#6161,#6162);
#6164=CYLINDRICAL_SURFACE('',#6163,2.5E-1);
#6165=ORIENTED_EDGE('',*,*,#5239,.T.);
#6167=ORIENTED_EDGE('',*,*,#6166,.F.);
#6168=ORIENTED_EDGE('',*,*,#4891,.T.);
#6169=ORIENTED_EDGE('',*,*,#6089,.T.);
#6170=EDGE_LOOP('',(#6165,#6167,#6168,#6169));
#6171=FACE_OUTER_BOUND('',#6170,.F.);
#6173=FILL_AREA_STYLE_COLOUR('',#58);
#6174=FILL_AREA_STYLE('',(#6173));
#6175=SURFACE_STYLE_FILL_AREA(#6174);
#6176=SURFACE_SIDE_STYLE('',(#6175));
#6177=SURFACE_STYLE_USAGE(.POSITIVE.,#6176);
#6178=FILL_AREA_STYLE_COLOUR('',#24);
#6179=FILL_AREA_STYLE('',(#6178));
#6180=SURFACE_STYLE_FILL_AREA(#6179);
#6181=SURFACE_SIDE_STYLE('',(#6180));
#6182=SURFACE_STYLE_USAGE(.NEGATIVE.,#6181);
#6183=PRESENTATION_STYLE_ASSIGNMENT((#6177,#6182));
#6184=OVER_RIDING_STYLED_ITEM('',(#6183),#6172,#60);
#6185=CARTESIAN_POINT('',(4.11E0,-4.785292657850E0,-1.870934382497E0));
#6186=DIRECTION('',(0.E0,9.986295347546E-1,-5.233595624291E-2));
#6187=DIRECTION('',(0.E0,5.233595624291E-2,9.986295347546E-1));
#6188=AXIS2_PLACEMENT_3D('',#6185,#6186,#6187);
#6189=PLANE('',#6188);
#6190=ORIENTED_EDGE('',*,*,#5440,.T.);
#6191=ORIENTED_EDGE('',*,*,#6116,.T.);
#6192=ORIENTED_EDGE('',*,*,#4685,.F.);
#6194=ORIENTED_EDGE('',*,*,#6193,.F.);
#6195=EDGE_LOOP('',(#6190,#6191,#6192,#6194));
#6196=FACE_OUTER_BOUND('',#6195,.F.);
#6198=FILL_AREA_STYLE_COLOUR('',#58);
#6199=FILL_AREA_STYLE('',(#6198));
#6200=SURFACE_STYLE_FILL_AREA(#6199);
#6201=SURFACE_SIDE_STYLE('',(#6200));
#6202=SURFACE_STYLE_USAGE(.POSITIVE.,#6201);
#6203=FILL_AREA_STYLE_COLOUR('',#24);
#6204=FILL_AREA_STYLE('',(#6203));
#6205=SURFACE_STYLE_FILL_AREA(#6204);
#6206=SURFACE_SIDE_STYLE('',(#6205));
#6207=SURFACE_STYLE_USAGE(.NEGATIVE.,#6206);
#6208=PRESENTATION_STYLE_ASSIGNMENT((#6202,#6207));
#6209=OVER_RIDING_STYLED_ITEM('',(#6208),#6197,#60);
#6210=CARTESIAN_POINT('',(4.11E0,-4.785292657850E0,-1.870934382497E0));
#6211=DIRECTION('',(0.E0,9.986295347546E-1,-5.233595624291E-2));
#6212=DIRECTION('',(0.E0,5.233595624291E-2,9.986295347546E-1));
#6213=AXIS2_PLACEMENT_3D('',#6210,#6211,#6212);
#6214=PLANE('',#6213);
#6216=ORIENTED_EDGE('',*,*,#6215,.F.);
#6218=ORIENTED_EDGE('',*,*,#6217,.F.);
#6220=ORIENTED_EDGE('',*,*,#6219,.T.);
#6221=ORIENTED_EDGE('',*,*,#6140,.T.);
#6222=EDGE_LOOP('',(#6216,#6218,#6220,#6221));
#6223=FACE_OUTER_BOUND('',#6222,.F.);
#6225=FILL_AREA_STYLE_COLOUR('',#58);
#6226=FILL_AREA_STYLE('',(#6225));
#6227=SURFACE_STYLE_FILL_AREA(#6226);
#6228=SURFACE_SIDE_STYLE('',(#6227));
#6229=SURFACE_STYLE_USAGE(.POSITIVE.,#6228);
#6230=FILL_AREA_STYLE_COLOUR('',#24);
#6231=FILL_AREA_STYLE('',(#6230));
#6232=SURFACE_STYLE_FILL_AREA(#6231);
#6233=SURFACE_SIDE_STYLE('',(#6232));
#6234=SURFACE_STYLE_USAGE(.NEGATIVE.,#6233);
#6235=PRESENTATION_STYLE_ASSIGNMENT((#6229,#6234));
#6236=OVER_RIDING_STYLED_ITEM('',(#6235),#6224,#60);
#6237=CARTESIAN_POINT('',(4.11E0,-4.785292657850E0,-1.870934382497E0));
#6238=DIRECTION('',(0.E0,9.986295347546E-1,-5.233595624291E-2));
#6239=DIRECTION('',(0.E0,5.233595624291E-2,9.986295347546E-1));
#6240=AXIS2_PLACEMENT_3D('',#6237,#6238,#6239);
#6241=PLANE('',#6240);
#6242=ORIENTED_EDGE('',*,*,#5237,.F.);
#6244=ORIENTED_EDGE('',*,*,#6243,.F.);
#6245=ORIENTED_EDGE('',*,*,#4893,.T.);
#6246=ORIENTED_EDGE('',*,*,#6166,.T.);
#6247=EDGE_LOOP('',(#6242,#6244,#6245,#6246));
#6248=FACE_OUTER_BOUND('',#6247,.F.);
#6250=FILL_AREA_STYLE_COLOUR('',#58);
#6251=FILL_AREA_STYLE('',(#6250));
#6252=SURFACE_STYLE_FILL_AREA(#6251);
#6253=SURFACE_SIDE_STYLE('',(#6252));
#6254=SURFACE_STYLE_USAGE(.POSITIVE.,#6253);
#6255=FILL_AREA_STYLE_COLOUR('',#24);
#6256=FILL_AREA_STYLE('',(#6255));
#6257=SURFACE_STYLE_FILL_AREA(#6256);
#6258=SURFACE_SIDE_STYLE('',(#6257));
#6259=SURFACE_STYLE_USAGE(.NEGATIVE.,#6258);
#6260=PRESENTATION_STYLE_ASSIGNMENT((#6254,#6259));
#6261=OVER_RIDING_STYLED_ITEM('',(#6260),#6249,#60);
#6262=CARTESIAN_POINT('',(4.11E0,-5.184744471751E0,-1.85E0));
#6263=DIRECTION('',(1.E0,0.E0,0.E0));
#6264=DIRECTION('',(0.E0,1.E0,0.E0));
#6265=AXIS2_PLACEMENT_3D('',#6262,#6263,#6264);
#6266=CYLINDRICAL_SURFACE('',#6265,4.E-1);
#6267=ORIENTED_EDGE('',*,*,#5442,.T.);
#6268=ORIENTED_EDGE('',*,*,#6193,.T.);
#6269=ORIENTED_EDGE('',*,*,#4683,.F.);
#6271=ORIENTED_EDGE('',*,*,#6270,.F.);
#6272=EDGE_LOOP('',(#6267,#6268,#6269,#6271));
#6273=FACE_OUTER_BOUND('',#6272,.F.);
#6275=FILL_AREA_STYLE_COLOUR('',#58);
#6276=FILL_AREA_STYLE('',(#6275));
#6277=SURFACE_STYLE_FILL_AREA(#6276);
#6278=SURFACE_SIDE_STYLE('',(#6277));
#6279=SURFACE_STYLE_USAGE(.POSITIVE.,#6278);
#6280=FILL_AREA_STYLE_COLOUR('',#24);
#6281=FILL_AREA_STYLE('',(#6280));
#6282=SURFACE_STYLE_FILL_AREA(#6281);
#6283=SURFACE_SIDE_STYLE('',(#6282));
#6284=SURFACE_STYLE_USAGE(.NEGATIVE.,#6283);
#6285=PRESENTATION_STYLE_ASSIGNMENT((#6279,#6284));
#6286=OVER_RIDING_STYLED_ITEM('',(#6285),#6274,#60);
#6287=CARTESIAN_POINT('',(4.11E0,-5.184744471751E0,-1.85E0));
#6288=DIRECTION('',(1.E0,0.E0,0.E0));
#6289=DIRECTION('',(0.E0,1.E0,0.E0));
#6290=AXIS2_PLACEMENT_3D('',#6287,#6288,#6289);
#6291=CYLINDRICAL_SURFACE('',#6290,4.E-1);
#6293=ORIENTED_EDGE('',*,*,#6292,.F.);
#6295=ORIENTED_EDGE('',*,*,#6294,.F.);
#6297=ORIENTED_EDGE('',*,*,#6296,.T.);
#6298=ORIENTED_EDGE('',*,*,#6217,.T.);
#6299=EDGE_LOOP('',(#6293,#6295,#6297,#6298));
#6300=FACE_OUTER_BOUND('',#6299,.F.);
#6302=FILL_AREA_STYLE_COLOUR('',#58);
#6303=FILL_AREA_STYLE('',(#6302));
#6304=SURFACE_STYLE_FILL_AREA(#6303);
#6305=SURFACE_SIDE_STYLE('',(#6304));
#6306=SURFACE_STYLE_USAGE(.POSITIVE.,#6305);
#6307=FILL_AREA_STYLE_COLOUR('',#24);
#6308=FILL_AREA_STYLE('',(#6307));
#6309=SURFACE_STYLE_FILL_AREA(#6308);
#6310=SURFACE_SIDE_STYLE('',(#6309));
#6311=SURFACE_STYLE_USAGE(.NEGATIVE.,#6310);
#6312=PRESENTATION_STYLE_ASSIGNMENT((#6306,#6311));
#6313=OVER_RIDING_STYLED_ITEM('',(#6312),#6301,#60);
#6314=CARTESIAN_POINT('',(4.11E0,-5.184744471751E0,-1.85E0));
#6315=DIRECTION('',(1.E0,0.E0,0.E0));
#6316=DIRECTION('',(0.E0,1.E0,0.E0));
#6317=AXIS2_PLACEMENT_3D('',#6314,#6315,#6316);
#6318=CYLINDRICAL_SURFACE('',#6317,4.E-1);
#6319=ORIENTED_EDGE('',*,*,#5235,.F.);
#6321=ORIENTED_EDGE('',*,*,#6320,.F.);
#6322=ORIENTED_EDGE('',*,*,#4895,.T.);
#6323=ORIENTED_EDGE('',*,*,#6243,.T.);
#6324=EDGE_LOOP('',(#6319,#6321,#6322,#6323));
#6325=FACE_OUTER_BOUND('',#6324,.F.);
#6327=FILL_AREA_STYLE_COLOUR('',#58);
#6328=FILL_AREA_STYLE('',(#6327));
#6329=SURFACE_STYLE_FILL_AREA(#6328);
#6330=SURFACE_SIDE_STYLE('',(#6329));
#6331=SURFACE_STYLE_USAGE(.POSITIVE.,#6330);
#6332=FILL_AREA_STYLE_COLOUR('',#24);
#6333=FILL_AREA_STYLE('',(#6332));
#6334=SURFACE_STYLE_FILL_AREA(#6333);
#6335=SURFACE_SIDE_STYLE('',(#6334));
#6336=SURFACE_STYLE_USAGE(.NEGATIVE.,#6335);
#6337=PRESENTATION_STYLE_ASSIGNMENT((#6331,#6336));
#6338=OVER_RIDING_STYLED_ITEM('',(#6337),#6326,#60);
#6339=CARTESIAN_POINT('',(4.11E0,-5.7E0,-2.25E0));
#6340=DIRECTION('',(0.E0,0.E0,-1.E0));
#6341=DIRECTION('',(0.E0,1.E0,0.E0));
#6342=AXIS2_PLACEMENT_3D('',#6339,#6340,#6341);
#6343=PLANE('',#6342);
#6344=ORIENTED_EDGE('',*,*,#5444,.T.);
#6345=ORIENTED_EDGE('',*,*,#6270,.T.);
#6346=ORIENTED_EDGE('',*,*,#4681,.F.);
#6348=ORIENTED_EDGE('',*,*,#6347,.F.);
#6349=EDGE_LOOP('',(#6344,#6345,#6346,#6348));
#6350=FACE_OUTER_BOUND('',#6349,.F.);
#6352=FILL_AREA_STYLE_COLOUR('',#58);
#6353=FILL_AREA_STYLE('',(#6352));
#6354=SURFACE_STYLE_FILL_AREA(#6353);
#6355=SURFACE_SIDE_STYLE('',(#6354));
#6356=SURFACE_STYLE_USAGE(.POSITIVE.,#6355);
#6357=FILL_AREA_STYLE_COLOUR('',#24);
#6358=FILL_AREA_STYLE('',(#6357));
#6359=SURFACE_STYLE_FILL_AREA(#6358);
#6360=SURFACE_SIDE_STYLE('',(#6359));
#6361=SURFACE_STYLE_USAGE(.NEGATIVE.,#6360);
#6362=PRESENTATION_STYLE_ASSIGNMENT((#6356,#6361));
#6363=OVER_RIDING_STYLED_ITEM('',(#6362),#6351,#60);
#6364=CARTESIAN_POINT('',(4.11E0,-5.7E0,-2.25E0));
#6365=DIRECTION('',(0.E0,0.E0,-1.E0));
#6366=DIRECTION('',(0.E0,1.E0,0.E0));
#6367=AXIS2_PLACEMENT_3D('',#6364,#6365,#6366);
#6368=PLANE('',#6367);
#6370=ORIENTED_EDGE('',*,*,#6369,.F.);
#6372=ORIENTED_EDGE('',*,*,#6371,.F.);
#6374=ORIENTED_EDGE('',*,*,#6373,.T.);
#6375=ORIENTED_EDGE('',*,*,#6294,.T.);
#6376=EDGE_LOOP('',(#6370,#6372,#6374,#6375));
#6377=FACE_OUTER_BOUND('',#6376,.F.);
#6379=FILL_AREA_STYLE_COLOUR('',#58);
#6380=FILL_AREA_STYLE('',(#6379));
#6381=SURFACE_STYLE_FILL_AREA(#6380);
#6382=SURFACE_SIDE_STYLE('',(#6381));
#6383=SURFACE_STYLE_USAGE(.POSITIVE.,#6382);
#6384=FILL_AREA_STYLE_COLOUR('',#24);
#6385=FILL_AREA_STYLE('',(#6384));
#6386=SURFACE_STYLE_FILL_AREA(#6385);
#6387=SURFACE_SIDE_STYLE('',(#6386));
#6388=SURFACE_STYLE_USAGE(.NEGATIVE.,#6387);
#6389=PRESENTATION_STYLE_ASSIGNMENT((#6383,#6388));
#6390=OVER_RIDING_STYLED_ITEM('',(#6389),#6378,#60);
#6391=CARTESIAN_POINT('',(4.11E0,-5.7E0,-2.25E0));
#6392=DIRECTION('',(0.E0,0.E0,-1.E0));
#6393=DIRECTION('',(0.E0,1.E0,0.E0));
#6394=AXIS2_PLACEMENT_3D('',#6391,#6392,#6393);
#6395=PLANE('',#6394);
#6396=ORIENTED_EDGE('',*,*,#5233,.F.);
#6398=ORIENTED_EDGE('',*,*,#6397,.F.);
#6399=ORIENTED_EDGE('',*,*,#4897,.T.);
#6400=ORIENTED_EDGE('',*,*,#6320,.T.);
#6401=EDGE_LOOP('',(#6396,#6398,#6399,#6400));
#6402=FACE_OUTER_BOUND('',#6401,.F.);
#6404=FILL_AREA_STYLE_COLOUR('',#58);
#6405=FILL_AREA_STYLE('',(#6404));
#6406=SURFACE_STYLE_FILL_AREA(#6405);
#6407=SURFACE_SIDE_STYLE('',(#6406));
#6408=SURFACE_STYLE_USAGE(.POSITIVE.,#6407);
#6409=FILL_AREA_STYLE_COLOUR('',#24);
#6410=FILL_AREA_STYLE('',(#6409));
#6411=SURFACE_STYLE_FILL_AREA(#6410);
#6412=SURFACE_SIDE_STYLE('',(#6411));
#6413=SURFACE_STYLE_USAGE(.NEGATIVE.,#6412);
#6414=PRESENTATION_STYLE_ASSIGNMENT((#6408,#6413));
#6415=OVER_RIDING_STYLED_ITEM('',(#6414),#6403,#60);
#6416=CARTESIAN_POINT('',(4.11E0,-5.7E0,-2.E0));
#6417=DIRECTION('',(0.E0,-1.E0,0.E0));
#6418=DIRECTION('',(0.E0,0.E0,-1.E0));
#6419=AXIS2_PLACEMENT_3D('',#6416,#6417,#6418);
#6420=PLANE('',#6419);
#6421=ORIENTED_EDGE('',*,*,#5446,.T.);
#6422=ORIENTED_EDGE('',*,*,#6347,.T.);
#6423=ORIENTED_EDGE('',*,*,#4679,.F.);
#6424=ORIENTED_EDGE('',*,*,#5178,.F.);
#6425=EDGE_LOOP('',(#6421,#6422,#6423,#6424));
#6426=FACE_OUTER_BOUND('',#6425,.F.);
#6428=FILL_AREA_STYLE_COLOUR('',#58);
#6429=FILL_AREA_STYLE('',(#6428));
#6430=SURFACE_STYLE_FILL_AREA(#6429);
#6431=SURFACE_SIDE_STYLE('',(#6430));
#6432=SURFACE_STYLE_USAGE(.POSITIVE.,#6431);
#6433=FILL_AREA_STYLE_COLOUR('',#24);
#6434=FILL_AREA_STYLE('',(#6433));
#6435=SURFACE_STYLE_FILL_AREA(#6434);
#6436=SURFACE_SIDE_STYLE('',(#6435));
#6437=SURFACE_STYLE_USAGE(.NEGATIVE.,#6436);
#6438=PRESENTATION_STYLE_ASSIGNMENT((#6432,#6437));
#6439=OVER_RIDING_STYLED_ITEM('',(#6438),#6427,#60);
#6440=CARTESIAN_POINT('',(4.11E0,-5.7E0,-2.E0));
#6441=DIRECTION('',(0.E0,-1.E0,0.E0));
#6442=DIRECTION('',(0.E0,0.E0,-1.E0));
#6443=AXIS2_PLACEMENT_3D('',#6440,#6441,#6442);
#6444=PLANE('',#6443);
#6446=ORIENTED_EDGE('',*,*,#6445,.F.);
#6447=ORIENTED_EDGE('',*,*,#5150,.F.);
#6449=ORIENTED_EDGE('',*,*,#6448,.T.);
#6450=ORIENTED_EDGE('',*,*,#6371,.T.);
#6451=EDGE_LOOP('',(#6446,#6447,#6449,#6450));
#6452=FACE_OUTER_BOUND('',#6451,.F.);
#6454=FILL_AREA_STYLE_COLOUR('',#58);
#6455=FILL_AREA_STYLE('',(#6454));
#6456=SURFACE_STYLE_FILL_AREA(#6455);
#6457=SURFACE_SIDE_STYLE('',(#6456));
#6458=SURFACE_STYLE_USAGE(.POSITIVE.,#6457);
#6459=FILL_AREA_STYLE_COLOUR('',#24);
#6460=FILL_AREA_STYLE('',(#6459));
#6461=SURFACE_STYLE_FILL_AREA(#6460);
#6462=SURFACE_SIDE_STYLE('',(#6461));
#6463=SURFACE_STYLE_USAGE(.NEGATIVE.,#6462);
#6464=PRESENTATION_STYLE_ASSIGNMENT((#6458,#6463));
#6465=OVER_RIDING_STYLED_ITEM('',(#6464),#6453,#60);
#6466=CARTESIAN_POINT('',(4.11E0,-5.7E0,-2.E0));
#6467=DIRECTION('',(0.E0,-1.E0,0.E0));
#6468=DIRECTION('',(0.E0,0.E0,-1.E0));
#6469=AXIS2_PLACEMENT_3D('',#6466,#6467,#6468);
#6470=PLANE('',#6469);
#6471=ORIENTED_EDGE('',*,*,#5231,.F.);
#6472=ORIENTED_EDGE('',*,*,#5122,.F.);
#6473=ORIENTED_EDGE('',*,*,#4899,.T.);
#6474=ORIENTED_EDGE('',*,*,#6397,.T.);
#6475=EDGE_LOOP('',(#6471,#6472,#6473,#6474));
#6476=FACE_OUTER_BOUND('',#6475,.F.);
#6478=FILL_AREA_STYLE_COLOUR('',#58);
#6479=FILL_AREA_STYLE('',(#6478));
#6480=SURFACE_STYLE_FILL_AREA(#6479);
#6481=SURFACE_SIDE_STYLE('',(#6480));
#6482=SURFACE_STYLE_USAGE(.POSITIVE.,#6481);
#6483=FILL_AREA_STYLE_COLOUR('',#24);
#6484=FILL_AREA_STYLE('',(#6483));
#6485=SURFACE_STYLE_FILL_AREA(#6484);
#6486=SURFACE_SIDE_STYLE('',(#6485));
#6487=SURFACE_STYLE_USAGE(.NEGATIVE.,#6486);
#6488=PRESENTATION_STYLE_ASSIGNMENT((#6482,#6487));
#6489=OVER_RIDING_STYLED_ITEM('',(#6488),#6477,#60);
#6490=CARTESIAN_POINT('',(-1.57E0,-2.9E0,0.E0));
#6491=DIRECTION('',(1.E0,0.E0,0.E0));
#6492=DIRECTION('',(0.E0,-1.E0,0.E0));
#6493=AXIS2_PLACEMENT_3D('',#6490,#6491,#6492);
#6494=PLANE('',#6493);
#6495=ORIENTED_EDGE('',*,*,#5296,.T.);
#6497=ORIENTED_EDGE('',*,*,#6496,.F.);
#6498=ORIENTED_EDGE('',*,*,#5152,.T.);
#6499=ORIENTED_EDGE('',*,*,#6445,.T.);
#6500=ORIENTED_EDGE('',*,*,#6369,.T.);
#6501=ORIENTED_EDGE('',*,*,#6292,.T.);
#6502=ORIENTED_EDGE('',*,*,#6215,.T.);
#6503=ORIENTED_EDGE('',*,*,#6138,.F.);
#6504=ORIENTED_EDGE('',*,*,#6061,.T.);
#6505=ORIENTED_EDGE('',*,*,#5579,.F.);
#6506=ORIENTED_EDGE('',*,*,#5517,.T.);
#6507=ORIENTED_EDGE('',*,*,#5375,.T.);
#6508=EDGE_LOOP('',(#6495,#6497,#6498,#6499,#6500,#6501,#6502,#6503,#6504,#6505,
#6506,#6507));
#6509=FACE_OUTER_BOUND('',#6508,.F.);
#6511=FILL_AREA_STYLE_COLOUR('',#58);
#6512=FILL_AREA_STYLE('',(#6511));
#6513=SURFACE_STYLE_FILL_AREA(#6512);
#6514=SURFACE_SIDE_STYLE('',(#6513));
#6515=SURFACE_STYLE_USAGE(.POSITIVE.,#6514);
#6516=FILL_AREA_STYLE_COLOUR('',#24);
#6517=FILL_AREA_STYLE('',(#6516));
#6518=SURFACE_STYLE_FILL_AREA(#6517);
#6519=SURFACE_SIDE_STYLE('',(#6518));
#6520=SURFACE_STYLE_USAGE(.NEGATIVE.,#6519);
#6521=PRESENTATION_STYLE_ASSIGNMENT((#6515,#6520));
#6522=OVER_RIDING_STYLED_ITEM('',(#6521),#6510,#60);
#6523=CARTESIAN_POINT('',(-2.401945418911E1,-5.279640928423E0,-1.75E0));
#6524=DIRECTION('',(1.E0,0.E0,0.E0));
#6525=DIRECTION('',(0.E0,0.E0,-1.E0));
#6526=AXIS2_PLACEMENT_3D('',#6523,#6524,#6525);
#6527=CYLINDRICAL_SURFACE('',#6526,1.E-1);
#6528=ORIENTED_EDGE('',*,*,#5146,.F.);
#6529=ORIENTED_EDGE('',*,*,#6496,.T.);
#6530=ORIENTED_EDGE('',*,*,#5294,.T.);
#6532=ORIENTED_EDGE('',*,*,#6531,.T.);
#6533=EDGE_LOOP('',(#6528,#6529,#6530,#6532));
#6534=FACE_OUTER_BOUND('',#6533,.F.);
#6536=FILL_AREA_STYLE_COLOUR('',#58);
#6537=FILL_AREA_STYLE('',(#6536));
#6538=SURFACE_STYLE_FILL_AREA(#6537);
#6539=SURFACE_SIDE_STYLE('',(#6538));
#6540=SURFACE_STYLE_USAGE(.POSITIVE.,#6539);
#6541=FILL_AREA_STYLE_COLOUR('',#24);
#6542=FILL_AREA_STYLE('',(#6541));
#6543=SURFACE_STYLE_FILL_AREA(#6542);
#6544=SURFACE_SIDE_STYLE('',(#6543));
#6545=SURFACE_STYLE_USAGE(.NEGATIVE.,#6544);
#6546=PRESENTATION_STYLE_ASSIGNMENT((#6540,#6545));
#6547=OVER_RIDING_STYLED_ITEM('',(#6546),#6535,#60);
#6548=CARTESIAN_POINT('',(-9.7E-1,-8.25E0,0.E0));
#6549=DIRECTION('',(-1.E0,0.E0,0.E0));
#6550=DIRECTION('',(0.E0,1.E0,0.E0));
#6551=AXIS2_PLACEMENT_3D('',#6548,#6549,#6550);
#6552=PLANE('',#6551);
#6553=ORIENTED_EDGE('',*,*,#5148,.F.);
#6554=ORIENTED_EDGE('',*,*,#6531,.F.);
#6555=ORIENTED_EDGE('',*,*,#5300,.F.);
#6556=ORIENTED_EDGE('',*,*,#5379,.F.);
#6557=ORIENTED_EDGE('',*,*,#5521,.T.);
#6558=ORIENTED_EDGE('',*,*,#5576,.T.);
#6559=ORIENTED_EDGE('',*,*,#6065,.T.);
#6560=ORIENTED_EDGE('',*,*,#6142,.T.);
#6561=ORIENTED_EDGE('',*,*,#6219,.F.);
#6562=ORIENTED_EDGE('',*,*,#6296,.F.);
#6563=ORIENTED_EDGE('',*,*,#6373,.F.);
#6564=ORIENTED_EDGE('',*,*,#6448,.F.);
#6565=EDGE_LOOP('',(#6553,#6554,#6555,#6556,#6557,#6558,#6559,#6560,#6561,#6562,
#6563,#6564));
#6566=FACE_OUTER_BOUND('',#6565,.F.);
#6568=FILL_AREA_STYLE_COLOUR('',#59);
#6569=FILL_AREA_STYLE('',(#6568));
#6570=SURFACE_STYLE_FILL_AREA(#6569);
#6571=SURFACE_SIDE_STYLE('',(#6570));
#6572=SURFACE_STYLE_USAGE(.POSITIVE.,#6571);
#6573=FILL_AREA_STYLE_COLOUR('',#24);
#6574=FILL_AREA_STYLE('',(#6573));
#6575=SURFACE_STYLE_FILL_AREA(#6574);
#6576=SURFACE_SIDE_STYLE('',(#6575));
#6577=SURFACE_STYLE_USAGE(.NEGATIVE.,#6576);
#6578=PRESENTATION_STYLE_ASSIGNMENT((#6572,#6577));
#6579=OVER_RIDING_STYLED_ITEM('',(#6578),#6567,#60);
#6580=CARTESIAN_POINT('',(-6.1E0,-5.008902220214E0,5.500000000005E-1));
#6581=DIRECTION('',(-9.993908270191E-1,0.E0,3.489949670250E-2));
#6582=DIRECTION('',(0.E0,-1.E0,0.E0));
#6583=AXIS2_PLACEMENT_3D('',#6580,#6581,#6582);
#6584=PLANE('',#6583);
#6586=ORIENTED_EDGE('',*,*,#6585,.F.);
#6587=ORIENTED_EDGE('',*,*,#4078,.T.);
#6589=ORIENTED_EDGE('',*,*,#6588,.F.);
#6591=ORIENTED_EDGE('',*,*,#6590,.T.);
#6592=EDGE_LOOP('',(#6586,#6587,#6589,#6591));
#6593=FACE_OUTER_BOUND('',#6592,.F.);
#6595=CARTESIAN_POINT('',(-4.458349840660E0,-4.133071515577E0,2.1E0));
#6596=DIRECTION('',(7.066760308408E-1,7.066760308408E-1,-3.489949670250E-2));
#6597=DIRECTION('',(-7.071067811865E-1,7.071067811865E-1,0.E0));
#6598=AXIS2_PLACEMENT_3D('',#6595,#6596,#6597);
#6599=PLANE('',#6598);
#6600=ORIENTED_EDGE('',*,*,#6585,.T.);
#6602=ORIENTED_EDGE('',*,*,#6601,.F.);
#6604=ORIENTED_EDGE('',*,*,#6603,.F.);
#6605=ORIENTED_EDGE('',*,*,#4080,.F.);
#6606=EDGE_LOOP('',(#6600,#6602,#6604,#6605));
#6607=FACE_OUTER_BOUND('',#6606,.F.);
#6609=CARTESIAN_POINT('',(-6.79E0,0.E0,1.5E0));
#6610=DIRECTION('',(0.E0,0.E0,1.E0));
#6611=DIRECTION('',(1.E0,0.E0,0.E0));
#6612=AXIS2_PLACEMENT_3D('',#6609,#6610,#6611);
#6613=PLANE('',#6612);
#6614=ORIENTED_EDGE('',*,*,#6601,.T.);
#6615=ORIENTED_EDGE('',*,*,#6590,.F.);
#6617=ORIENTED_EDGE('',*,*,#6616,.T.);
#6619=ORIENTED_EDGE('',*,*,#6618,.T.);
#6621=ORIENTED_EDGE('',*,*,#6620,.T.);
#6623=ORIENTED_EDGE('',*,*,#6622,.F.);
#6625=ORIENTED_EDGE('',*,*,#6624,.F.);
#6627=ORIENTED_EDGE('',*,*,#6626,.T.);
#6629=ORIENTED_EDGE('',*,*,#6628,.T.);
#6631=ORIENTED_EDGE('',*,*,#6630,.T.);
#6633=ORIENTED_EDGE('',*,*,#6632,.F.);
#6634=EDGE_LOOP('',(#6614,#6615,#6617,#6619,#6621,#6623,#6625,#6627,#6629,#6631,
#6633));
#6635=FACE_OUTER_BOUND('',#6634,.F.);
#6637=ORIENTED_EDGE('',*,*,#6636,.T.);
#6639=ORIENTED_EDGE('',*,*,#6638,.T.);
#6640=EDGE_LOOP('',(#6637,#6639));
#6641=FACE_BOUND('',#6640,.F.);
#6643=ORIENTED_EDGE('',*,*,#6642,.T.);
#6645=ORIENTED_EDGE('',*,*,#6644,.T.);
#6646=EDGE_LOOP('',(#6643,#6645));
#6647=FACE_BOUND('',#6646,.F.);
#6649=ORIENTED_EDGE('',*,*,#6648,.T.);
#6651=ORIENTED_EDGE('',*,*,#6650,.T.);
#6652=EDGE_LOOP('',(#6649,#6651));
#6653=FACE_BOUND('',#6652,.F.);
#6655=CARTESIAN_POINT('',(-1.258902220214E0,3.75E0,5.500000000005E-1));
#6656=DIRECTION('',(0.E0,9.993908270191E-1,3.489949670250E-2));
#6657=DIRECTION('',(-1.E0,0.E0,0.E0));
#6658=AXIS2_PLACEMENT_3D('',#6655,#6656,#6657);
#6659=PLANE('',#6658);
#6661=ORIENTED_EDGE('',*,*,#6660,.F.);
#6663=ORIENTED_EDGE('',*,*,#6662,.T.);
#6665=ORIENTED_EDGE('',*,*,#6664,.F.);
#6667=ORIENTED_EDGE('',*,*,#6666,.F.);
#6668=ORIENTED_EDGE('',*,*,#6616,.F.);
#6669=ORIENTED_EDGE('',*,*,#6588,.T.);
#6670=ORIENTED_EDGE('',*,*,#4086,.F.);
#6672=ORIENTED_EDGE('',*,*,#6671,.F.);
#6673=EDGE_LOOP('',(#6661,#6663,#6665,#6667,#6668,#6669,#6670,#6672));
#6674=FACE_OUTER_BOUND('',#6673,.F.);
#6676=CARTESIAN_POINT('',(-6.79E0,0.E0,1.5E0));
#6677=DIRECTION('',(0.E0,0.E0,1.E0));
#6678=DIRECTION('',(1.E0,0.E0,0.E0));
#6679=AXIS2_PLACEMENT_3D('',#6676,#6677,#6678);
#6680=PLANE('',#6679);
#6682=ORIENTED_EDGE('',*,*,#6681,.T.);
#6684=ORIENTED_EDGE('',*,*,#6683,.T.);
#6686=ORIENTED_EDGE('',*,*,#6685,.T.);
#6688=ORIENTED_EDGE('',*,*,#6687,.T.);
#6690=ORIENTED_EDGE('',*,*,#6689,.F.);
#6692=ORIENTED_EDGE('',*,*,#6691,.T.);
#6694=ORIENTED_EDGE('',*,*,#6693,.T.);
#6695=ORIENTED_EDGE('',*,*,#6660,.T.);
#6697=ORIENTED_EDGE('',*,*,#6696,.F.);
#6699=ORIENTED_EDGE('',*,*,#6698,.F.);
#6700=EDGE_LOOP('',(#6682,#6684,#6686,#6688,#6690,#6692,#6694,#6695,#6697,
#6699));
#6701=FACE_OUTER_BOUND('',#6700,.F.);
#6703=ORIENTED_EDGE('',*,*,#6702,.T.);
#6705=ORIENTED_EDGE('',*,*,#6704,.T.);
#6706=EDGE_LOOP('',(#6703,#6705));
#6707=FACE_BOUND('',#6706,.F.);
#6709=ORIENTED_EDGE('',*,*,#6708,.T.);
#6711=ORIENTED_EDGE('',*,*,#6710,.T.);
#6712=EDGE_LOOP('',(#6709,#6711));
#6713=FACE_BOUND('',#6712,.F.);
#6715=ORIENTED_EDGE('',*,*,#6714,.T.);
#6717=ORIENTED_EDGE('',*,*,#6716,.T.);
#6718=EDGE_LOOP('',(#6715,#6717));
#6719=FACE_BOUND('',#6718,.F.);
#6721=CARTESIAN_POINT('',(4.81E0,-1.334113625888E0,1.5E0));
#6722=DIRECTION('',(-9.993908270191E-1,0.E0,-3.489949670250E-2));
#6723=DIRECTION('',(0.E0,-1.E0,0.E0));
#6724=AXIS2_PLACEMENT_3D('',#6721,#6722,#6723);
#6725=PLANE('',#6724);
#6727=ORIENTED_EDGE('',*,*,#6726,.F.);
#6728=ORIENTED_EDGE('',*,*,#6681,.F.);
#6730=ORIENTED_EDGE('',*,*,#6729,.T.);
#6732=ORIENTED_EDGE('',*,*,#6731,.F.);
#6733=EDGE_LOOP('',(#6727,#6728,#6730,#6732));
#6734=FACE_OUTER_BOUND('',#6733,.F.);
#6736=CARTESIAN_POINT('',(4.488052100672E0,-2.914963745429E0,2.123269084696E0));
#6737=DIRECTION('',(3.487826274237E-2,3.487826274238E-2,-9.987827659587E-1));
#6738=DIRECTION('',(0.E0,9.993908270191E-1,3.489949670251E-2));
#6739=AXIS2_PLACEMENT_3D('',#6736,#6737,#6738);
#6740=CYLINDRICAL_SURFACE('',#6739,3.E-1);
#6741=ORIENTED_EDGE('',*,*,#6726,.T.);
#6743=ORIENTED_EDGE('',*,*,#6742,.F.);
#6745=ORIENTED_EDGE('',*,*,#6744,.F.);
#6746=ORIENTED_EDGE('',*,*,#6683,.F.);
#6747=EDGE_LOOP('',(#6741,#6743,#6745,#6746));
#6748=FACE_OUTER_BOUND('',#6747,.F.);
#6750=CARTESIAN_POINT('',(0.E0,0.E0,2.1E0));
#6751=DIRECTION('',(0.E0,0.E0,-1.E0));
#6752=DIRECTION('',(-1.E0,0.E0,0.E0));
#6753=AXIS2_PLACEMENT_3D('',#6750,#6751,#6752);
#6754=PLANE('',#6753);
#6755=ORIENTED_EDGE('',*,*,#6742,.T.);
#6756=ORIENTED_EDGE('',*,*,#6731,.T.);
#6758=ORIENTED_EDGE('',*,*,#6757,.F.);
#6760=ORIENTED_EDGE('',*,*,#6759,.F.);
#6762=ORIENTED_EDGE('',*,*,#6761,.T.);
#6764=ORIENTED_EDGE('',*,*,#6763,.F.);
#6766=ORIENTED_EDGE('',*,*,#6765,.F.);
#6768=ORIENTED_EDGE('',*,*,#6767,.T.);
#6770=ORIENTED_EDGE('',*,*,#6769,.T.);
#6772=ORIENTED_EDGE('',*,*,#6771,.T.);
#6774=ORIENTED_EDGE('',*,*,#6773,.T.);
#6776=ORIENTED_EDGE('',*,*,#6775,.T.);
#6778=ORIENTED_EDGE('',*,*,#6777,.T.);
#6779=EDGE_LOOP('',(#6755,#6756,#6758,#6760,#6762,#6764,#6766,#6768,#6770,#6772,
#6774,#6776,#6778));
#6780=FACE_OUTER_BOUND('',#6779,.F.);
#6782=ORIENTED_EDGE('',*,*,#6781,.F.);
#6784=ORIENTED_EDGE('',*,*,#6783,.F.);
#6786=ORIENTED_EDGE('',*,*,#6785,.T.);
#6788=ORIENTED_EDGE('',*,*,#6787,.F.);
#6789=EDGE_LOOP('',(#6782,#6784,#6786,#6788));
#6790=FACE_BOUND('',#6789,.F.);
#6792=ORIENTED_EDGE('',*,*,#6791,.F.);
#6794=ORIENTED_EDGE('',*,*,#6793,.F.);
#6796=ORIENTED_EDGE('',*,*,#6795,.F.);
#6798=ORIENTED_EDGE('',*,*,#6797,.T.);
#6799=EDGE_LOOP('',(#6792,#6794,#6796,#6798));
#6800=FACE_BOUND('',#6799,.F.);
#6802=ORIENTED_EDGE('',*,*,#6801,.F.);
#6804=ORIENTED_EDGE('',*,*,#6803,.F.);
#6806=ORIENTED_EDGE('',*,*,#6805,.T.);
#6808=ORIENTED_EDGE('',*,*,#6807,.F.);
#6809=EDGE_LOOP('',(#6802,#6804,#6806,#6808));
#6810=FACE_BOUND('',#6809,.F.);
#6812=CARTESIAN_POINT('',(-1.258902220214E0,-3.75E0,5.500000000005E-1));
#6813=DIRECTION('',(0.E0,9.993908270191E-1,-3.489949670250E-2));
#6814=DIRECTION('',(-1.E0,0.E0,0.E0));
#6815=AXIS2_PLACEMENT_3D('',#6812,#6813,#6814);
#6816=PLANE('',#6815);
#6817=ORIENTED_EDGE('',*,*,#6603,.T.);
#6818=ORIENTED_EDGE('',*,*,#6632,.T.);
#6820=ORIENTED_EDGE('',*,*,#6819,.T.);
#6821=ORIENTED_EDGE('',*,*,#6757,.T.);
#6822=ORIENTED_EDGE('',*,*,#6729,.F.);
#6823=ORIENTED_EDGE('',*,*,#6698,.T.);
#6825=ORIENTED_EDGE('',*,*,#6824,.T.);
#6826=ORIENTED_EDGE('',*,*,#4082,.T.);
#6827=EDGE_LOOP('',(#6817,#6818,#6820,#6821,#6822,#6823,#6825,#6826));
#6828=FACE_OUTER_BOUND('',#6827,.F.);
#6830=CARTESIAN_POINT('',(-4.81E0,-5.008902220214E0,1.5E0));
#6831=DIRECTION('',(9.993908270191E-1,0.E0,-3.489949670250E-2));
#6832=DIRECTION('',(0.E0,1.E0,0.E0));
#6833=AXIS2_PLACEMENT_3D('',#6830,#6831,#6832);
#6834=PLANE('',#6833);
#6836=ORIENTED_EDGE('',*,*,#6835,.F.);
#6837=ORIENTED_EDGE('',*,*,#6759,.T.);
#6838=ORIENTED_EDGE('',*,*,#6819,.F.);
#6839=ORIENTED_EDGE('',*,*,#6630,.F.);
#6840=EDGE_LOOP('',(#6836,#6837,#6838,#6839));
#6841=FACE_OUTER_BOUND('',#6840,.F.);
#6843=CARTESIAN_POINT('',(-4.511189453406E0,-2.891826392696E0,
1.460701991529E0));
#6844=DIRECTION('',(3.487826274237E-2,-3.487826274238E-2,9.987827659587E-1));
#6845=DIRECTION('',(0.E0,9.993908270191E-1,3.489949670251E-2));
#6846=AXIS2_PLACEMENT_3D('',#6843,#6844,#6845);
#6847=CYLINDRICAL_SURFACE('',#6846,3.E-1);
#6848=ORIENTED_EDGE('',*,*,#6835,.T.);
#6849=ORIENTED_EDGE('',*,*,#6628,.F.);
#6851=ORIENTED_EDGE('',*,*,#6850,.F.);
#6852=ORIENTED_EDGE('',*,*,#6761,.F.);
#6853=EDGE_LOOP('',(#6848,#6849,#6851,#6852));
#6854=FACE_OUTER_BOUND('',#6853,.F.);
#6856=CARTESIAN_POINT('',(-4.558902220214E0,-2.6E0,1.7E0));
#6857=DIRECTION('',(0.E0,9.993908270191E-1,3.489949670250E-2));
#6858=DIRECTION('',(-1.E0,0.E0,0.E0));
#6859=AXIS2_PLACEMENT_3D('',#6856,#6857,#6858);
#6860=PLANE('',#6859);
#6861=ORIENTED_EDGE('',*,*,#6850,.T.);
#6862=ORIENTED_EDGE('',*,*,#6626,.F.);
#6864=ORIENTED_EDGE('',*,*,#6863,.F.);
#6866=ORIENTED_EDGE('',*,*,#6865,.T.);
#6868=ORIENTED_EDGE('',*,*,#6867,.F.);
#6870=ORIENTED_EDGE('',*,*,#6869,.T.);
#6871=ORIENTED_EDGE('',*,*,#6763,.T.);
#6872=EDGE_LOOP('',(#6861,#6862,#6864,#6866,#6868,#6870,#6871));
#6873=FACE_OUTER_BOUND('',#6872,.F.);
#6875=CARTESIAN_POINT('',(-4.437869162323E0,-2.621861577602E0,1.35E0));
#6876=DIRECTION('',(0.E0,-1.E0,0.E0));
#6877=DIRECTION('',(9.993908270191E-1,0.E0,3.489949670250E-2));
#6878=AXIS2_PLACEMENT_3D('',#6875,#6876,#6877);
#6879=CYLINDRICAL_SURFACE('',#6878,1.5E-1);
#6880=ORIENTED_EDGE('',*,*,#6624,.T.);
#6882=ORIENTED_EDGE('',*,*,#6881,.F.);
#6884=ORIENTED_EDGE('',*,*,#6883,.T.);
#6885=ORIENTED_EDGE('',*,*,#6863,.T.);
#6886=EDGE_LOOP('',(#6880,#6882,#6884,#6885));
#6887=FACE_OUTER_BOUND('',#6886,.F.);
#6889=CARTESIAN_POINT('',(-4.558902220214E0,2.6E0,1.7E0));
#6890=DIRECTION('',(0.E0,9.993908270191E-1,-3.489949670250E-2));
#6891=DIRECTION('',(-1.E0,0.E0,0.E0));
#6892=AXIS2_PLACEMENT_3D('',#6889,#6890,#6891);
#6893=PLANE('',#6892);
#6895=ORIENTED_EDGE('',*,*,#6894,.T.);
#6897=ORIENTED_EDGE('',*,*,#6896,.F.);
#6899=ORIENTED_EDGE('',*,*,#6898,.T.);
#6901=ORIENTED_EDGE('',*,*,#6900,.T.);
#6903=ORIENTED_EDGE('',*,*,#6902,.F.);
#6904=ORIENTED_EDGE('',*,*,#6881,.T.);
#6905=ORIENTED_EDGE('',*,*,#6622,.T.);
#6906=EDGE_LOOP('',(#6895,#6897,#6899,#6901,#6903,#6904,#6905));
#6907=FACE_OUTER_BOUND('',#6906,.F.);
#6909=CARTESIAN_POINT('',(-4.488052100672E0,2.914963745429E0,2.123269084696E0));
#6910=DIRECTION('',(-3.487826274237E-2,-3.487826274238E-2,-9.987827659587E-1));
#6911=DIRECTION('',(0.E0,-9.993908270191E-1,3.489949670251E-2));
#6912=AXIS2_PLACEMENT_3D('',#6909,#6910,#6911);
#6913=CYLINDRICAL_SURFACE('',#6912,3.E-1);
#6915=ORIENTED_EDGE('',*,*,#6914,.T.);
#6917=ORIENTED_EDGE('',*,*,#6916,.F.);
#6918=ORIENTED_EDGE('',*,*,#6894,.F.);
#6919=ORIENTED_EDGE('',*,*,#6620,.F.);
#6920=EDGE_LOOP('',(#6915,#6917,#6918,#6919));
#6921=FACE_OUTER_BOUND('',#6920,.F.);
#6923=CARTESIAN_POINT('',(-4.81E0,1.334113625888E0,1.5E0));
#6924=DIRECTION('',(9.993908270191E-1,0.E0,-3.489949670250E-2));
#6925=DIRECTION('',(0.E0,1.E0,0.E0));
#6926=AXIS2_PLACEMENT_3D('',#6923,#6924,#6925);
#6927=PLANE('',#6926);
#6928=ORIENTED_EDGE('',*,*,#6914,.F.);
#6929=ORIENTED_EDGE('',*,*,#6618,.F.);
#6930=ORIENTED_EDGE('',*,*,#6666,.T.);
#6932=ORIENTED_EDGE('',*,*,#6931,.F.);
#6933=EDGE_LOOP('',(#6928,#6929,#6930,#6932));
#6934=FACE_OUTER_BOUND('',#6933,.F.);
#6936=CARTESIAN_POINT('',(0.E0,0.E0,2.1E0));
#6937=DIRECTION('',(0.E0,0.E0,1.E0));
#6938=DIRECTION('',(-1.E0,0.E0,0.E0));
#6939=AXIS2_PLACEMENT_3D('',#6936,#6937,#6938);
#6940=PLANE('',#6939);
#6942=ORIENTED_EDGE('',*,*,#6941,.T.);
#6944=ORIENTED_EDGE('',*,*,#6943,.F.);
#6946=ORIENTED_EDGE('',*,*,#6945,.T.);
#6948=ORIENTED_EDGE('',*,*,#6947,.T.);
#6950=ORIENTED_EDGE('',*,*,#6949,.F.);
#6952=ORIENTED_EDGE('',*,*,#6951,.T.);
#6954=ORIENTED_EDGE('',*,*,#6953,.T.);
#6956=ORIENTED_EDGE('',*,*,#6955,.T.);
#6957=ORIENTED_EDGE('',*,*,#6896,.T.);
#6958=ORIENTED_EDGE('',*,*,#6916,.T.);
#6959=ORIENTED_EDGE('',*,*,#6931,.T.);
#6960=ORIENTED_EDGE('',*,*,#6664,.T.);
#6962=ORIENTED_EDGE('',*,*,#6961,.F.);
#6963=EDGE_LOOP('',(#6942,#6944,#6946,#6948,#6950,#6952,#6954,#6956,#6957,#6958,
#6959,#6960,#6962));
#6964=FACE_OUTER_BOUND('',#6963,.F.);
#6966=ORIENTED_EDGE('',*,*,#6965,.T.);
#6968=ORIENTED_EDGE('',*,*,#6967,.T.);
#6970=ORIENTED_EDGE('',*,*,#6969,.F.);
#6972=ORIENTED_EDGE('',*,*,#6971,.T.);
#6973=EDGE_LOOP('',(#6966,#6968,#6970,#6972));
#6974=FACE_BOUND('',#6973,.F.);
#6976=ORIENTED_EDGE('',*,*,#6975,.T.);
#6978=ORIENTED_EDGE('',*,*,#6977,.T.);
#6980=ORIENTED_EDGE('',*,*,#6979,.F.);
#6982=ORIENTED_EDGE('',*,*,#6981,.T.);
#6983=EDGE_LOOP('',(#6976,#6978,#6980,#6982));
#6984=FACE_BOUND('',#6983,.F.);
#6986=CARTESIAN_POINT('',(4.511189453406E0,2.891826392696E0,1.460701991529E0));
#6987=DIRECTION('',(-3.487826274237E-2,3.487826274238E-2,9.987827659587E-1));
#6988=DIRECTION('',(0.E0,-9.993908270191E-1,3.489949670251E-2));
#6989=AXIS2_PLACEMENT_3D('',#6986,#6987,#6988);
#6990=CYLINDRICAL_SURFACE('',#6989,3.E-1);
#6992=ORIENTED_EDGE('',*,*,#6991,.T.);
#6993=ORIENTED_EDGE('',*,*,#6691,.F.);
#6995=ORIENTED_EDGE('',*,*,#6994,.F.);
#6996=ORIENTED_EDGE('',*,*,#6941,.F.);
#6997=EDGE_LOOP('',(#6992,#6993,#6995,#6996));
#6998=FACE_OUTER_BOUND('',#6997,.F.);
#7000=CARTESIAN_POINT('',(4.81E0,5.008902220214E0,1.5E0));
#7001=DIRECTION('',(-9.993908270191E-1,0.E0,-3.489949670250E-2));
#7002=DIRECTION('',(0.E0,-1.E0,0.E0));
#7003=AXIS2_PLACEMENT_3D('',#7000,#7001,#7002);
#7004=PLANE('',#7003);
#7005=ORIENTED_EDGE('',*,*,#6991,.F.);
#7006=ORIENTED_EDGE('',*,*,#6961,.T.);
#7007=ORIENTED_EDGE('',*,*,#6662,.F.);
#7008=ORIENTED_EDGE('',*,*,#6693,.F.);
#7009=EDGE_LOOP('',(#7005,#7006,#7007,#7008));
#7010=FACE_OUTER_BOUND('',#7009,.F.);
#7012=CARTESIAN_POINT('',(-4.558902220214E0,2.6E0,1.7E0));
#7013=DIRECTION('',(0.E0,9.993908270191E-1,-3.489949670250E-2));
#7014=DIRECTION('',(-1.E0,0.E0,0.E0));
#7015=AXIS2_PLACEMENT_3D('',#7012,#7013,#7014);
#7016=PLANE('',#7015);
#7017=ORIENTED_EDGE('',*,*,#6994,.T.);
#7018=ORIENTED_EDGE('',*,*,#6689,.T.);
#7020=ORIENTED_EDGE('',*,*,#7019,.T.);
#7022=ORIENTED_EDGE('',*,*,#7021,.F.);
#7023=ORIENTED_EDGE('',*,*,#6943,.T.);
#7024=EDGE_LOOP('',(#7017,#7018,#7020,#7022,#7023));
#7025=FACE_OUTER_BOUND('',#7024,.F.);
#7027=CARTESIAN_POINT('',(1.27E0,0.E0,1.35E0));
#7028=DIRECTION('',(0.E0,0.E0,1.E0));
#7029=DIRECTION('',(-6.722908926255E-1,-7.402870765405E-1,0.E0));
#7030=AXIS2_PLACEMENT_3D('',#7027,#7028,#7029);
#7031=TOROIDAL_SURFACE('',#7030,3.674004598182E0,1.5E-1);
#7033=ORIENTED_EDGE('',*,*,#7032,.T.);
#7035=ORIENTED_EDGE('',*,*,#7034,.T.);
#7036=ORIENTED_EDGE('',*,*,#7019,.F.);
#7037=ORIENTED_EDGE('',*,*,#6687,.F.);
#7039=ORIENTED_EDGE('',*,*,#7038,.T.);
#7040=EDGE_LOOP('',(#7033,#7035,#7036,#7037,#7039));
#7041=FACE_OUTER_BOUND('',#7040,.F.);
#7043=CARTESIAN_POINT('',(1.27E0,0.E0,3.500000000001E-1));
#7044=DIRECTION('',(0.E0,0.E0,1.E0));
#7045=DIRECTION('',(-1.E0,0.E0,0.E0));
#7046=AXIS2_PLACEMENT_3D('',#7043,#7044,#7045);
#7047=CONICAL_SURFACE('',#7046,3.515272018634E0,5.E-1);
#7049=ORIENTED_EDGE('',*,*,#7048,.F.);
#7051=ORIENTED_EDGE('',*,*,#7050,.F.);
#7053=ORIENTED_EDGE('',*,*,#7052,.T.);
#7054=ORIENTED_EDGE('',*,*,#6945,.F.);
#7055=ORIENTED_EDGE('',*,*,#7021,.T.);
#7056=ORIENTED_EDGE('',*,*,#7034,.F.);
#7057=ORIENTED_EDGE('',*,*,#7032,.F.);
#7059=ORIENTED_EDGE('',*,*,#7058,.F.);
#7060=ORIENTED_EDGE('',*,*,#6775,.F.);
#7062=ORIENTED_EDGE('',*,*,#7061,.F.);
#7063=EDGE_LOOP('',(#7049,#7051,#7053,#7054,#7055,#7056,#7057,#7059,#7060,
#7062));
#7064=FACE_OUTER_BOUND('',#7063,.F.);
#7066=CARTESIAN_POINT('',(0.E0,0.E0,-1.4E0));
#7067=DIRECTION('',(0.E0,0.E0,-1.E0));
#7068=DIRECTION('',(-1.E0,0.E0,0.E0));
#7069=AXIS2_PLACEMENT_3D('',#7066,#7067,#7068);
#7070=PLANE('',#7069);
#7071=ORIENTED_EDGE('',*,*,#7050,.T.);
#7072=ORIENTED_EDGE('',*,*,#7048,.T.);
#7074=ORIENTED_EDGE('',*,*,#7073,.T.);
#7076=ORIENTED_EDGE('',*,*,#7075,.F.);
#7078=ORIENTED_EDGE('',*,*,#7077,.T.);
#7080=ORIENTED_EDGE('',*,*,#7079,.T.);
#7082=ORIENTED_EDGE('',*,*,#7081,.F.);
#7083=ORIENTED_EDGE('',*,*,#6867,.T.);
#7085=ORIENTED_EDGE('',*,*,#7084,.T.);
#7086=ORIENTED_EDGE('',*,*,#6900,.F.);
#7088=ORIENTED_EDGE('',*,*,#7087,.T.);
#7090=ORIENTED_EDGE('',*,*,#7089,.T.);
#7092=ORIENTED_EDGE('',*,*,#7091,.T.);
#7094=ORIENTED_EDGE('',*,*,#7093,.T.);
#7096=ORIENTED_EDGE('',*,*,#7095,.T.);
#7097=EDGE_LOOP('',(#7071,#7072,#7074,#7076,#7078,#7080,#7082,#7083,#7085,#7086,
#7088,#7090,#7092,#7094,#7096));
#7098=FACE_OUTER_BOUND('',#7097,.F.);
#7100=CARTESIAN_POINT('',(1.917128716880E0,-2.430632753960E0,
3.580262126876E-1));
#7101=DIRECTION('',(-1.141793321575E-3,8.726529808759E-3,-9.999612712428E-1));
#7102=DIRECTION('',(2.630801050076E-1,-9.647345897008E-1,-8.719505957131E-3));
#7103=AXIS2_PLACEMENT_3D('',#7100,#7101,#7102);
#7104=CYLINDRICAL_SURFACE('',#7103,9.999998657160E-1);
#7106=ORIENTED_EDGE('',*,*,#7105,.F.);
#7107=ORIENTED_EDGE('',*,*,#7073,.F.);
#7108=ORIENTED_EDGE('',*,*,#7061,.T.);
#7109=ORIENTED_EDGE('',*,*,#6773,.F.);
#7110=EDGE_LOOP('',(#7106,#7107,#7108,#7109));
#7111=FACE_OUTER_BOUND('',#7110,.F.);
#7113=CARTESIAN_POINT('',(2.297473488920E0,-3.445872807288E0,2.1E0));
#7114=DIRECTION('',(0.E0,-9.999619230642E-1,-8.726535498374E-3));
#7115=DIRECTION('',(1.E0,0.E0,0.E0));
#7116=AXIS2_PLACEMENT_3D('',#7113,#7114,#7115);
#7117=PLANE('',#7116);
#7119=ORIENTED_EDGE('',*,*,#7118,.T.);
#7120=ORIENTED_EDGE('',*,*,#7075,.T.);
#7121=ORIENTED_EDGE('',*,*,#7105,.T.);
#7122=ORIENTED_EDGE('',*,*,#6771,.F.);
#7123=EDGE_LOOP('',(#7119,#7120,#7121,#7122));
#7124=FACE_OUTER_BOUND('',#7123,.F.);
#7126=CARTESIAN_POINT('',(6.228712831209E-1,-2.430632753945E0,
3.580262126906E-1));
#7127=DIRECTION('',(-1.141793321300E-3,-8.726529805082E-3,9.999612712428E-1));
#7128=DIRECTION('',(-2.630801050117E-1,-9.647345896996E-1,-8.719505953505E-3));
#7129=AXIS2_PLACEMENT_3D('',#7126,#7127,#7128);
#7130=CYLINDRICAL_SURFACE('',#7129,9.999998657311E-1);
#7131=ORIENTED_EDGE('',*,*,#7118,.F.);
#7132=ORIENTED_EDGE('',*,*,#6769,.F.);
#7134=ORIENTED_EDGE('',*,*,#7133,.T.);
#7135=ORIENTED_EDGE('',*,*,#7077,.F.);
#7136=EDGE_LOOP('',(#7131,#7132,#7134,#7135));
#7137=FACE_OUTER_BOUND('',#7136,.F.);
#7139=CARTESIAN_POINT('',(1.27E0,0.E0,3.500000000001E-1));
#7140=DIRECTION('',(0.E0,0.E0,1.E0));
#7141=DIRECTION('',(-1.E0,0.E0,0.E0));
#7142=AXIS2_PLACEMENT_3D('',#7139,#7140,#7141);
#7143=CONICAL_SURFACE('',#7142,3.515272018634E0,5.E-1);
#7145=ORIENTED_EDGE('',*,*,#7144,.T.);
#7146=ORIENTED_EDGE('',*,*,#7079,.F.);
#7147=ORIENTED_EDGE('',*,*,#7133,.F.);
#7148=ORIENTED_EDGE('',*,*,#6767,.F.);
#7149=EDGE_LOOP('',(#7145,#7146,#7147,#7148));
#7150=FACE_OUTER_BOUND('',#7149,.F.);
#7152=CARTESIAN_POINT('',(-1.337384162952E0,-3.052643036481E0,
3.351464654755E-1));
#7153=DIRECTION('',(2.742273248095E-2,-3.488637191491E-2,9.990149822690E-1));
#7154=DIRECTION('',(9.131789530235E-1,4.074146645701E-1,-1.083931954616E-2));
#7155=AXIS2_PLACEMENT_3D('',#7152,#7153,#7154);
#7156=CYLINDRICAL_SURFACE('',#7155,5.000970270257E-1);
#7157=ORIENTED_EDGE('',*,*,#7144,.F.);
#7158=ORIENTED_EDGE('',*,*,#6765,.T.);
#7159=ORIENTED_EDGE('',*,*,#6869,.F.);
#7160=ORIENTED_EDGE('',*,*,#7081,.T.);
#7161=EDGE_LOOP('',(#7157,#7158,#7159,#7160));
#7162=FACE_OUTER_BOUND('',#7161,.F.);
#7164=CARTESIAN_POINT('',(-4.3E0,2.589022202136E-1,1.7E0));
#7165=DIRECTION('',(9.993908270191E-1,0.E0,3.489949670250E-2));
#7166=DIRECTION('',(0.E0,1.E0,0.E0));
#7167=AXIS2_PLACEMENT_3D('',#7164,#7165,#7166);
#7168=PLANE('',#7167);
#7169=ORIENTED_EDGE('',*,*,#6883,.F.);
#7170=ORIENTED_EDGE('',*,*,#6902,.T.);
#7171=ORIENTED_EDGE('',*,*,#7084,.F.);
#7172=ORIENTED_EDGE('',*,*,#6865,.F.);
#7173=EDGE_LOOP('',(#7169,#7170,#7171,#7172));
#7174=FACE_OUTER_BOUND('',#7173,.F.);
#7176=CARTESIAN_POINT('',(-1.337402514012E0,3.052643051244E0,
3.351468882147E-1));
#7177=DIRECTION('',(2.742235495788E-2,3.488637227512E-2,9.990149926193E-1));
#7178=DIRECTION('',(-3.506461168328E-2,-9.987422160249E-1,3.583934900646E-2));
#7179=AXIS2_PLACEMENT_3D('',#7176,#7177,#7178);
#7180=CYLINDRICAL_SURFACE('',#7179,5.001193119793E-1);
#7182=ORIENTED_EDGE('',*,*,#7181,.F.);
#7183=ORIENTED_EDGE('',*,*,#7087,.F.);
#7184=ORIENTED_EDGE('',*,*,#6898,.F.);
#7185=ORIENTED_EDGE('',*,*,#6955,.F.);
#7186=EDGE_LOOP('',(#7182,#7183,#7184,#7185));
#7187=FACE_OUTER_BOUND('',#7186,.F.);
#7189=CARTESIAN_POINT('',(1.27E0,0.E0,3.500000000001E-1));
#7190=DIRECTION('',(0.E0,0.E0,1.E0));
#7191=DIRECTION('',(-1.E0,0.E0,0.E0));
#7192=AXIS2_PLACEMENT_3D('',#7189,#7190,#7191);
#7193=CONICAL_SURFACE('',#7192,3.515272018634E0,5.E-1);
#7194=ORIENTED_EDGE('',*,*,#7181,.T.);
#7195=ORIENTED_EDGE('',*,*,#6953,.F.);
#7197=ORIENTED_EDGE('',*,*,#7196,.T.);
#7198=ORIENTED_EDGE('',*,*,#7089,.F.);
#7199=EDGE_LOOP('',(#7194,#7195,#7197,#7198));
#7200=FACE_OUTER_BOUND('',#7199,.F.);
#7202=CARTESIAN_POINT('',(6.228712831209E-1,2.430632753945E0,
3.580262126906E-1));
#7203=DIRECTION('',(-1.141793321300E-3,8.726529805080E-3,9.999612712428E-1));
#7204=DIRECTION('',(5.217507985885E-3,9.999483642641E-1,-8.720459621082E-3));
#7205=AXIS2_PLACEMENT_3D('',#7202,#7203,#7204);
#7206=CYLINDRICAL_SURFACE('',#7205,9.999998657311E-1);
#7208=ORIENTED_EDGE('',*,*,#7207,.T.);
#7209=ORIENTED_EDGE('',*,*,#7091,.F.);
#7210=ORIENTED_EDGE('',*,*,#7196,.F.);
#7211=ORIENTED_EDGE('',*,*,#6951,.F.);
#7212=EDGE_LOOP('',(#7208,#7209,#7210,#7211));
#7213=FACE_OUTER_BOUND('',#7212,.F.);
#7215=CARTESIAN_POINT('',(2.297473488920E0,3.445872807288E0,2.1E0));
#7216=DIRECTION('',(0.E0,-9.999619230642E-1,8.726535498374E-3));
#7217=DIRECTION('',(1.E0,0.E0,0.E0));
#7218=AXIS2_PLACEMENT_3D('',#7215,#7216,#7217);
#7219=PLANE('',#7218);
#7220=ORIENTED_EDGE('',*,*,#7207,.F.);
#7221=ORIENTED_EDGE('',*,*,#6949,.T.);
#7223=ORIENTED_EDGE('',*,*,#7222,.F.);
#7224=ORIENTED_EDGE('',*,*,#7093,.F.);
#7225=EDGE_LOOP('',(#7220,#7221,#7223,#7224));
#7226=FACE_OUTER_BOUND('',#7225,.F.);
#7228=CARTESIAN_POINT('',(1.917128716880E0,2.430632753960E0,3.580262126876E-1));
#7229=DIRECTION('',(-1.141793321574E-3,-8.726529808748E-3,-9.999612712428E-1));
#7230=DIRECTION('',(-5.217507987037E-3,9.999483642640E-1,-8.720459624748E-3));
#7231=AXIS2_PLACEMENT_3D('',#7228,#7229,#7230);
#7232=CYLINDRICAL_SURFACE('',#7231,9.999998657160E-1);
#7233=ORIENTED_EDGE('',*,*,#7222,.T.);
#7234=ORIENTED_EDGE('',*,*,#6947,.F.);
#7235=ORIENTED_EDGE('',*,*,#7052,.F.);
#7236=ORIENTED_EDGE('',*,*,#7095,.F.);
#7237=EDGE_LOOP('',(#7233,#7234,#7235,#7236));
#7238=FACE_OUTER_BOUND('',#7237,.F.);
#7240=CARTESIAN_POINT('',(-4.558902220214E0,-2.6E0,1.7E0));
#7241=DIRECTION('',(0.E0,9.993908270191E-1,3.489949670250E-2));
#7242=DIRECTION('',(-1.E0,0.E0,0.E0));
#7243=AXIS2_PLACEMENT_3D('',#7240,#7241,#7242);
#7244=PLANE('',#7243);
#7245=ORIENTED_EDGE('',*,*,#6744,.T.);
#7246=ORIENTED_EDGE('',*,*,#6777,.F.);
#7247=ORIENTED_EDGE('',*,*,#7058,.T.);
#7248=ORIENTED_EDGE('',*,*,#7038,.F.);
#7249=ORIENTED_EDGE('',*,*,#6685,.F.);
#7250=EDGE_LOOP('',(#7245,#7246,#7247,#7248,#7249));
#7251=FACE_OUTER_BOUND('',#7250,.F.);
#7253=CARTESIAN_POINT('',(-3.51E0,8.25E0,0.E0));
#7254=DIRECTION('',(1.E0,0.E0,0.E0));
#7255=DIRECTION('',(0.E0,-1.E0,0.E0));
#7256=AXIS2_PLACEMENT_3D('',#7253,#7254,#7255);
#7257=PLANE('',#7256);
#7259=ORIENTED_EDGE('',*,*,#7258,.F.);
#7261=ORIENTED_EDGE('',*,*,#7260,.F.);
#7262=ORIENTED_EDGE('',*,*,#6965,.F.);
#7264=ORIENTED_EDGE('',*,*,#7263,.T.);
#7265=EDGE_LOOP('',(#7259,#7261,#7262,#7264));
#7266=FACE_OUTER_BOUND('',#7265,.F.);
#7268=FILL_AREA_STYLE_COLOUR('',#59);
#7269=FILL_AREA_STYLE('',(#7268));
#7270=SURFACE_STYLE_FILL_AREA(#7269);
#7271=SURFACE_SIDE_STYLE('',(#7270));
#7272=SURFACE_STYLE_USAGE(.BOTH.,#7271);
#7273=PRESENTATION_STYLE_ASSIGNMENT((#7272));
#7274=OVER_RIDING_STYLED_ITEM('',(#7273),#7267,#60);
#7275=CARTESIAN_POINT('',(-3.81E0,2.866240500918E0,2.3E0));
#7276=DIRECTION('',(0.E0,1.E0,0.E0));
#7277=DIRECTION('',(0.E0,0.E0,1.E0));
#7278=AXIS2_PLACEMENT_3D('',#7275,#7276,#7277);
#7279=CYLINDRICAL_SURFACE('',#7278,3.E-1);
#7281=ORIENTED_EDGE('',*,*,#7280,.F.);
#7283=ORIENTED_EDGE('',*,*,#7282,.F.);
#7285=ORIENTED_EDGE('',*,*,#7284,.T.);
#7287=ORIENTED_EDGE('',*,*,#7286,.F.);
#7289=ORIENTED_EDGE('',*,*,#7288,.F.);
#7290=ORIENTED_EDGE('',*,*,#7258,.T.);
#7291=EDGE_LOOP('',(#7281,#7283,#7285,#7287,#7289,#7290));
#7292=FACE_OUTER_BOUND('',#7291,.F.);
#7294=FILL_AREA_STYLE_COLOUR('',#59);
#7295=FILL_AREA_STYLE('',(#7294));
#7296=SURFACE_STYLE_FILL_AREA(#7295);
#7297=SURFACE_SIDE_STYLE('',(#7296));
#7298=SURFACE_STYLE_USAGE(.POSITIVE.,#7297);
#7299=PRESENTATION_STYLE_ASSIGNMENT((#7298));
#7300=OVER_RIDING_STYLED_ITEM('',(#7299),#7293,#60);
#7301=CARTESIAN_POINT('',(-3.51E0,2.9E0,0.E0));
#7302=DIRECTION('',(0.E0,-1.E0,0.E0));
#7303=DIRECTION('',(-1.E0,0.E0,0.E0));
#7304=AXIS2_PLACEMENT_3D('',#7301,#7302,#7303);
#7305=PLANE('',#7304);
#7306=ORIENTED_EDGE('',*,*,#7282,.T.);
#7307=ORIENTED_EDGE('',*,*,#7280,.T.);
#7308=ORIENTED_EDGE('',*,*,#7263,.F.);
#7309=ORIENTED_EDGE('',*,*,#6971,.F.);
#7311=ORIENTED_EDGE('',*,*,#7310,.F.);
#7312=EDGE_LOOP('',(#7306,#7307,#7308,#7309,#7311));
#7313=FACE_OUTER_BOUND('',#7312,.F.);
#7315=FILL_AREA_STYLE_COLOUR('',#59);
#7316=FILL_AREA_STYLE('',(#7315));
#7317=SURFACE_STYLE_FILL_AREA(#7316);
#7318=SURFACE_SIDE_STYLE('',(#7317));
#7319=SURFACE_STYLE_USAGE(.BOTH.,#7318);
#7320=PRESENTATION_STYLE_ASSIGNMENT((#7319));
#7321=OVER_RIDING_STYLED_ITEM('',(#7320),#7314,#60);
#7322=CARTESIAN_POINT('',(-4.11E0,2.9E0,0.E0));
#7323=DIRECTION('',(-1.E0,0.E0,0.E0));
#7324=DIRECTION('',(0.E0,1.E0,0.E0));
#7325=AXIS2_PLACEMENT_3D('',#7322,#7323,#7324);
#7326=PLANE('',#7325);
#7327=ORIENTED_EDGE('',*,*,#7284,.F.);
#7328=ORIENTED_EDGE('',*,*,#7310,.T.);
#7329=ORIENTED_EDGE('',*,*,#6969,.T.);
#7331=ORIENTED_EDGE('',*,*,#7330,.T.);
#7332=EDGE_LOOP('',(#7327,#7328,#7329,#7331));
#7333=FACE_OUTER_BOUND('',#7332,.F.);
#7335=FILL_AREA_STYLE_COLOUR('',#59);
#7336=FILL_AREA_STYLE('',(#7335));
#7337=SURFACE_STYLE_FILL_AREA(#7336);
#7338=SURFACE_SIDE_STYLE('',(#7337));
#7339=SURFACE_STYLE_USAGE(.BOTH.,#7338);
#7340=PRESENTATION_STYLE_ASSIGNMENT((#7339));
#7341=OVER_RIDING_STYLED_ITEM('',(#7340),#7334,#60);
#7342=CARTESIAN_POINT('',(-3.51E0,3.15E0,0.E0));
#7343=DIRECTION('',(0.E0,1.E0,0.E0));
#7344=DIRECTION('',(-1.E0,0.E0,0.E0));
#7345=AXIS2_PLACEMENT_3D('',#7342,#7343,#7344);
#7346=PLANE('',#7345);
#7347=ORIENTED_EDGE('',*,*,#7288,.T.);
#7348=ORIENTED_EDGE('',*,*,#7286,.T.);
#7349=ORIENTED_EDGE('',*,*,#7330,.F.);
#7350=ORIENTED_EDGE('',*,*,#6967,.F.);
#7351=ORIENTED_EDGE('',*,*,#7260,.T.);
#7352=EDGE_LOOP('',(#7347,#7348,#7349,#7350,#7351));
#7353=FACE_OUTER_BOUND('',#7352,.F.);
#7355=FILL_AREA_STYLE_COLOUR('',#59);
#7356=FILL_AREA_STYLE('',(#7355));
#7357=SURFACE_STYLE_FILL_AREA(#7356);
#7358=SURFACE_SIDE_STYLE('',(#7357));
#7359=SURFACE_STYLE_USAGE(.BOTH.,#7358);
#7360=PRESENTATION_STYLE_ASSIGNMENT((#7359));
#7361=OVER_RIDING_STYLED_ITEM('',(#7360),#7354,#60);
#7362=CARTESIAN_POINT('',(4.11E0,8.25E0,0.E0));
#7363=DIRECTION('',(1.E0,0.E0,0.E0));
#7364=DIRECTION('',(0.E0,-1.E0,0.E0));
#7365=AXIS2_PLACEMENT_3D('',#7362,#7363,#7364);
#7366=PLANE('',#7365);
#7368=ORIENTED_EDGE('',*,*,#7367,.F.);
#7370=ORIENTED_EDGE('',*,*,#7369,.F.);
#7371=ORIENTED_EDGE('',*,*,#6975,.F.);
#7373=ORIENTED_EDGE('',*,*,#7372,.T.);
#7374=EDGE_LOOP('',(#7368,#7370,#7371,#7373));
#7375=FACE_OUTER_BOUND('',#7374,.F.);
#7377=FILL_AREA_STYLE_COLOUR('',#59);
#7378=FILL_AREA_STYLE('',(#7377));
#7379=SURFACE_STYLE_FILL_AREA(#7378);
#7380=SURFACE_SIDE_STYLE('',(#7379));
#7381=SURFACE_STYLE_USAGE(.BOTH.,#7380);
#7382=PRESENTATION_STYLE_ASSIGNMENT((#7381));
#7383=OVER_RIDING_STYLED_ITEM('',(#7382),#7376,#60);
#7384=CARTESIAN_POINT('',(3.81E0,2.866240500918E0,2.3E0));
#7385=DIRECTION('',(0.E0,1.E0,0.E0));
#7386=DIRECTION('',(0.E0,0.E0,1.E0));
#7387=AXIS2_PLACEMENT_3D('',#7384,#7385,#7386);
#7388=CYLINDRICAL_SURFACE('',#7387,3.E-1);
#7390=ORIENTED_EDGE('',*,*,#7389,.F.);
#7392=ORIENTED_EDGE('',*,*,#7391,.F.);
#7394=ORIENTED_EDGE('',*,*,#7393,.T.);
#7396=ORIENTED_EDGE('',*,*,#7395,.F.);
#7398=ORIENTED_EDGE('',*,*,#7397,.F.);
#7399=ORIENTED_EDGE('',*,*,#7367,.T.);
#7400=EDGE_LOOP('',(#7390,#7392,#7394,#7396,#7398,#7399));
#7401=FACE_OUTER_BOUND('',#7400,.F.);
#7403=FILL_AREA_STYLE_COLOUR('',#59);
#7404=FILL_AREA_STYLE('',(#7403));
#7405=SURFACE_STYLE_FILL_AREA(#7404);
#7406=SURFACE_SIDE_STYLE('',(#7405));
#7407=SURFACE_STYLE_USAGE(.POSITIVE.,#7406);
#7408=PRESENTATION_STYLE_ASSIGNMENT((#7407));
#7409=OVER_RIDING_STYLED_ITEM('',(#7408),#7402,#60);
#7410=CARTESIAN_POINT('',(4.11E0,2.9E0,0.E0));
#7411=DIRECTION('',(0.E0,-1.E0,0.E0));
#7412=DIRECTION('',(-1.E0,0.E0,0.E0));
#7413=AXIS2_PLACEMENT_3D('',#7410,#7411,#7412);
#7414=PLANE('',#7413);
#7415=ORIENTED_EDGE('',*,*,#7391,.T.);
#7416=ORIENTED_EDGE('',*,*,#7389,.T.);
#7417=ORIENTED_EDGE('',*,*,#7372,.F.);
#7418=ORIENTED_EDGE('',*,*,#6981,.F.);
#7420=ORIENTED_EDGE('',*,*,#7419,.F.);
#7421=EDGE_LOOP('',(#7415,#7416,#7417,#7418,#7420));
#7422=FACE_OUTER_BOUND('',#7421,.F.);
#7424=FILL_AREA_STYLE_COLOUR('',#59);
#7425=FILL_AREA_STYLE('',(#7424));
#7426=SURFACE_STYLE_FILL_AREA(#7425);
#7427=SURFACE_SIDE_STYLE('',(#7426));
#7428=SURFACE_STYLE_USAGE(.BOTH.,#7427);
#7429=PRESENTATION_STYLE_ASSIGNMENT((#7428));
#7430=OVER_RIDING_STYLED_ITEM('',(#7429),#7423,#60);
#7431=CARTESIAN_POINT('',(3.51E0,2.9E0,0.E0));
#7432=DIRECTION('',(-1.E0,0.E0,0.E0));
#7433=DIRECTION('',(0.E0,1.E0,0.E0));
#7434=AXIS2_PLACEMENT_3D('',#7431,#7432,#7433);
#7435=PLANE('',#7434);
#7436=ORIENTED_EDGE('',*,*,#7393,.F.);
#7437=ORIENTED_EDGE('',*,*,#7419,.T.);
#7438=ORIENTED_EDGE('',*,*,#6979,.T.);
#7440=ORIENTED_EDGE('',*,*,#7439,.T.);
#7441=EDGE_LOOP('',(#7436,#7437,#7438,#7440));
#7442=FACE_OUTER_BOUND('',#7441,.F.);
#7444=FILL_AREA_STYLE_COLOUR('',#59);
#7445=FILL_AREA_STYLE('',(#7444));
#7446=SURFACE_STYLE_FILL_AREA(#7445);
#7447=SURFACE_SIDE_STYLE('',(#7446));
#7448=SURFACE_STYLE_USAGE(.BOTH.,#7447);
#7449=PRESENTATION_STYLE_ASSIGNMENT((#7448));
#7450=OVER_RIDING_STYLED_ITEM('',(#7449),#7443,#60);
#7451=CARTESIAN_POINT('',(4.11E0,3.15E0,0.E0));
#7452=DIRECTION('',(0.E0,1.E0,0.E0));
#7453=DIRECTION('',(-1.E0,0.E0,0.E0));
#7454=AXIS2_PLACEMENT_3D('',#7451,#7452,#7453);
#7455=PLANE('',#7454);
#7456=ORIENTED_EDGE('',*,*,#7397,.T.);
#7457=ORIENTED_EDGE('',*,*,#7395,.T.);
#7458=ORIENTED_EDGE('',*,*,#7439,.F.);
#7459=ORIENTED_EDGE('',*,*,#6977,.F.);
#7460=ORIENTED_EDGE('',*,*,#7369,.T.);
#7461=EDGE_LOOP('',(#7456,#7457,#7458,#7459,#7460));
#7462=FACE_OUTER_BOUND('',#7461,.F.);
#7464=FILL_AREA_STYLE_COLOUR('',#59);
#7465=FILL_AREA_STYLE('',(#7464));
#7466=SURFACE_STYLE_FILL_AREA(#7465);
#7467=SURFACE_SIDE_STYLE('',(#7466));
#7468=SURFACE_STYLE_USAGE(.BOTH.,#7467);
#7469=PRESENTATION_STYLE_ASSIGNMENT((#7468));
#7470=OVER_RIDING_STYLED_ITEM('',(#7469),#7463,#60);
#7471=CARTESIAN_POINT('',(6.1E0,5.008902220214E0,5.500000000005E-1));
#7472=DIRECTION('',(9.993908270191E-1,0.E0,3.489949670250E-2));
#7473=DIRECTION('',(0.E0,1.E0,0.E0));
#7474=AXIS2_PLACEMENT_3D('',#7471,#7472,#7473);
#7475=PLANE('',#7474);
#7476=ORIENTED_EDGE('',*,*,#6696,.T.);
#7477=ORIENTED_EDGE('',*,*,#6671,.T.);
#7478=ORIENTED_EDGE('',*,*,#4084,.F.);
#7479=ORIENTED_EDGE('',*,*,#6824,.F.);
#7480=EDGE_LOOP('',(#7476,#7477,#7478,#7479));
#7481=FACE_OUTER_BOUND('',#7480,.F.);
#7483=CARTESIAN_POINT('',(-3.51E0,-8.25E0,0.E0));
#7484=DIRECTION('',(-1.E0,0.E0,0.E0));
#7485=DIRECTION('',(0.E0,1.E0,0.E0));
#7486=AXIS2_PLACEMENT_3D('',#7483,#7484,#7485);
#7487=PLANE('',#7486);
#7489=ORIENTED_EDGE('',*,*,#7488,.F.);
#7491=ORIENTED_EDGE('',*,*,#7490,.F.);
#7492=ORIENTED_EDGE('',*,*,#6781,.T.);
#7494=ORIENTED_EDGE('',*,*,#7493,.T.);
#7495=EDGE_LOOP('',(#7489,#7491,#7492,#7494));
#7496=FACE_OUTER_BOUND('',#7495,.F.);
#7498=FILL_AREA_STYLE_COLOUR('',#59);
#7499=FILL_AREA_STYLE('',(#7498));
#7500=SURFACE_STYLE_FILL_AREA(#7499);
#7501=SURFACE_SIDE_STYLE('',(#7500));
#7502=SURFACE_STYLE_USAGE(.BOTH.,#7501);
#7503=PRESENTATION_STYLE_ASSIGNMENT((#7502));
#7504=OVER_RIDING_STYLED_ITEM('',(#7503),#7497,#60);
#7505=CARTESIAN_POINT('',(-3.81E0,-3.182534940565E0,2.3E0));
#7506=DIRECTION('',(0.E0,1.E0,0.E0));
#7507=DIRECTION('',(0.E0,0.E0,1.E0));
#7508=AXIS2_PLACEMENT_3D('',#7505,#7506,#7507);
#7509=CYLINDRICAL_SURFACE('',#7508,3.E-1);
#7511=ORIENTED_EDGE('',*,*,#7510,.F.);
#7513=ORIENTED_EDGE('',*,*,#7512,.F.);
#7515=ORIENTED_EDGE('',*,*,#7514,.T.);
#7517=ORIENTED_EDGE('',*,*,#7516,.F.);
#7519=ORIENTED_EDGE('',*,*,#7518,.F.);
#7520=ORIENTED_EDGE('',*,*,#7488,.T.);
#7521=EDGE_LOOP('',(#7511,#7513,#7515,#7517,#7519,#7520));
#7522=FACE_OUTER_BOUND('',#7521,.F.);
#7524=FILL_AREA_STYLE_COLOUR('',#59);
#7525=FILL_AREA_STYLE('',(#7524));
#7526=SURFACE_STYLE_FILL_AREA(#7525);
#7527=SURFACE_SIDE_STYLE('',(#7526));
#7528=SURFACE_STYLE_USAGE(.POSITIVE.,#7527);
#7529=PRESENTATION_STYLE_ASSIGNMENT((#7528));
#7530=OVER_RIDING_STYLED_ITEM('',(#7529),#7523,#60);
#7531=CARTESIAN_POINT('',(-3.51E0,-3.15E0,0.E0));
#7532=DIRECTION('',(0.E0,1.E0,0.E0));
#7533=DIRECTION('',(-1.E0,0.E0,0.E0));
#7534=AXIS2_PLACEMENT_3D('',#7531,#7532,#7533);
#7535=PLANE('',#7534);
#7536=ORIENTED_EDGE('',*,*,#7512,.T.);
#7537=ORIENTED_EDGE('',*,*,#7510,.T.);
#7538=ORIENTED_EDGE('',*,*,#7493,.F.);
#7539=ORIENTED_EDGE('',*,*,#6787,.T.);
#7541=ORIENTED_EDGE('',*,*,#7540,.T.);
#7542=EDGE_LOOP('',(#7536,#7537,#7538,#7539,#7541));
#7543=FACE_OUTER_BOUND('',#7542,.F.);
#7545=FILL_AREA_STYLE_COLOUR('',#59);
#7546=FILL_AREA_STYLE('',(#7545));
#7547=SURFACE_STYLE_FILL_AREA(#7546);
#7548=SURFACE_SIDE_STYLE('',(#7547));
#7549=SURFACE_STYLE_USAGE(.BOTH.,#7548);
#7550=PRESENTATION_STYLE_ASSIGNMENT((#7549));
#7551=OVER_RIDING_STYLED_ITEM('',(#7550),#7544,#60);
#7552=CARTESIAN_POINT('',(-4.11E0,-2.9E0,0.E0));
#7553=DIRECTION('',(1.E0,0.E0,0.E0));
#7554=DIRECTION('',(0.E0,-1.E0,0.E0));
#7555=AXIS2_PLACEMENT_3D('',#7552,#7553,#7554);
#7556=PLANE('',#7555);
#7557=ORIENTED_EDGE('',*,*,#7514,.F.);
#7558=ORIENTED_EDGE('',*,*,#7540,.F.);
#7559=ORIENTED_EDGE('',*,*,#6785,.F.);
#7561=ORIENTED_EDGE('',*,*,#7560,.F.);
#7562=EDGE_LOOP('',(#7557,#7558,#7559,#7561));
#7563=FACE_OUTER_BOUND('',#7562,.F.);
#7565=FILL_AREA_STYLE_COLOUR('',#59);
#7566=FILL_AREA_STYLE('',(#7565));
#7567=SURFACE_STYLE_FILL_AREA(#7566);
#7568=SURFACE_SIDE_STYLE('',(#7567));
#7569=SURFACE_STYLE_USAGE(.BOTH.,#7568);
#7570=PRESENTATION_STYLE_ASSIGNMENT((#7569));
#7571=OVER_RIDING_STYLED_ITEM('',(#7570),#7564,#60);
#7572=CARTESIAN_POINT('',(-3.51E0,-2.9E0,0.E0));
#7573=DIRECTION('',(0.E0,-1.E0,0.E0));
#7574=DIRECTION('',(-1.E0,0.E0,0.E0));
#7575=AXIS2_PLACEMENT_3D('',#7572,#7573,#7574);
#7576=PLANE('',#7575);
#7577=ORIENTED_EDGE('',*,*,#7518,.T.);
#7578=ORIENTED_EDGE('',*,*,#7516,.T.);
#7579=ORIENTED_EDGE('',*,*,#7560,.T.);
#7580=ORIENTED_EDGE('',*,*,#6783,.T.);
#7581=ORIENTED_EDGE('',*,*,#7490,.T.);
#7582=EDGE_LOOP('',(#7577,#7578,#7579,#7580,#7581));
#7583=FACE_OUTER_BOUND('',#7582,.F.);
#7585=FILL_AREA_STYLE_COLOUR('',#59);
#7586=FILL_AREA_STYLE('',(#7585));
#7587=SURFACE_STYLE_FILL_AREA(#7586);
#7588=SURFACE_SIDE_STYLE('',(#7587));
#7589=SURFACE_STYLE_USAGE(.BOTH.,#7588);
#7590=PRESENTATION_STYLE_ASSIGNMENT((#7589));
#7591=OVER_RIDING_STYLED_ITEM('',(#7590),#7584,#60);
#7592=CARTESIAN_POINT('',(-9.7E-1,-3.15E0,0.E0));
#7593=DIRECTION('',(0.E0,1.E0,0.E0));
#7594=DIRECTION('',(-1.E0,0.E0,0.E0));
#7595=AXIS2_PLACEMENT_3D('',#7592,#7593,#7594);
#7596=PLANE('',#7595);
#7598=ORIENTED_EDGE('',*,*,#7597,.T.);
#7600=ORIENTED_EDGE('',*,*,#7599,.T.);
#7602=ORIENTED_EDGE('',*,*,#7601,.F.);
#7603=ORIENTED_EDGE('',*,*,#6791,.T.);
#7605=ORIENTED_EDGE('',*,*,#7604,.T.);
#7606=EDGE_LOOP('',(#7598,#7600,#7602,#7603,#7605));
#7607=FACE_OUTER_BOUND('',#7606,.F.);
#7609=FILL_AREA_STYLE_COLOUR('',#59);
#7610=FILL_AREA_STYLE('',(#7609));
#7611=SURFACE_STYLE_FILL_AREA(#7610);
#7612=SURFACE_SIDE_STYLE('',(#7611));
#7613=SURFACE_STYLE_USAGE(.BOTH.,#7612);
#7614=PRESENTATION_STYLE_ASSIGNMENT((#7613));
#7615=OVER_RIDING_STYLED_ITEM('',(#7614),#7608,#60);
#7616=CARTESIAN_POINT('',(-1.27E0,-3.182534940565E0,2.3E0));
#7617=DIRECTION('',(0.E0,1.E0,0.E0));
#7618=DIRECTION('',(0.E0,0.E0,1.E0));
#7619=AXIS2_PLACEMENT_3D('',#7616,#7617,#7618);
#7620=CYLINDRICAL_SURFACE('',#7619,3.E-1);
#7621=ORIENTED_EDGE('',*,*,#7599,.F.);
#7622=ORIENTED_EDGE('',*,*,#7597,.F.);
#7624=ORIENTED_EDGE('',*,*,#7623,.T.);
#7626=ORIENTED_EDGE('',*,*,#7625,.F.);
#7628=ORIENTED_EDGE('',*,*,#7627,.F.);
#7630=ORIENTED_EDGE('',*,*,#7629,.T.);
#7631=EDGE_LOOP('',(#7621,#7622,#7624,#7626,#7628,#7630));
#7632=FACE_OUTER_BOUND('',#7631,.F.);
#7634=FILL_AREA_STYLE_COLOUR('',#59);
#7635=FILL_AREA_STYLE('',(#7634));
#7636=SURFACE_STYLE_FILL_AREA(#7635);
#7637=SURFACE_SIDE_STYLE('',(#7636));
#7638=SURFACE_STYLE_USAGE(.POSITIVE.,#7637);
#7639=PRESENTATION_STYLE_ASSIGNMENT((#7638));
#7640=OVER_RIDING_STYLED_ITEM('',(#7639),#7633,#60);
#7641=CARTESIAN_POINT('',(-1.57E0,-2.9E0,0.E0));
#7642=DIRECTION('',(1.E0,0.E0,0.E0));
#7643=DIRECTION('',(0.E0,-1.E0,0.E0));
#7644=AXIS2_PLACEMENT_3D('',#7641,#7642,#7643);
#7645=PLANE('',#7644);
#7646=ORIENTED_EDGE('',*,*,#7623,.F.);
#7647=ORIENTED_EDGE('',*,*,#7604,.F.);
#7648=ORIENTED_EDGE('',*,*,#6797,.F.);
#7650=ORIENTED_EDGE('',*,*,#7649,.F.);
#7651=EDGE_LOOP('',(#7646,#7647,#7648,#7650));
#7652=FACE_OUTER_BOUND('',#7651,.F.);
#7654=FILL_AREA_STYLE_COLOUR('',#59);
#7655=FILL_AREA_STYLE('',(#7654));
#7656=SURFACE_STYLE_FILL_AREA(#7655);
#7657=SURFACE_SIDE_STYLE('',(#7656));
#7658=SURFACE_STYLE_USAGE(.BOTH.,#7657);
#7659=PRESENTATION_STYLE_ASSIGNMENT((#7658));
#7660=OVER_RIDING_STYLED_ITEM('',(#7659),#7653,#60);
#7661=CARTESIAN_POINT('',(-9.7E-1,-2.9E0,0.E0));
#7662=DIRECTION('',(0.E0,-1.E0,0.E0));
#7663=DIRECTION('',(-1.E0,0.E0,0.E0));
#7664=AXIS2_PLACEMENT_3D('',#7661,#7662,#7663);
#7665=PLANE('',#7664);
#7666=ORIENTED_EDGE('',*,*,#7627,.T.);
#7667=ORIENTED_EDGE('',*,*,#7625,.T.);
#7668=ORIENTED_EDGE('',*,*,#7649,.T.);
#7669=ORIENTED_EDGE('',*,*,#6795,.T.);
#7671=ORIENTED_EDGE('',*,*,#7670,.T.);
#7672=EDGE_LOOP('',(#7666,#7667,#7668,#7669,#7671));
#7673=FACE_OUTER_BOUND('',#7672,.F.);
#7675=FILL_AREA_STYLE_COLOUR('',#59);
#7676=FILL_AREA_STYLE('',(#7675));
#7677=SURFACE_STYLE_FILL_AREA(#7676);
#7678=SURFACE_SIDE_STYLE('',(#7677));
#7679=SURFACE_STYLE_USAGE(.BOTH.,#7678);
#7680=PRESENTATION_STYLE_ASSIGNMENT((#7679));
#7681=OVER_RIDING_STYLED_ITEM('',(#7680),#7674,#60);
#7682=CARTESIAN_POINT('',(-9.7E-1,-8.25E0,0.E0));
#7683=DIRECTION('',(-1.E0,0.E0,0.E0));
#7684=DIRECTION('',(0.E0,1.E0,0.E0));
#7685=AXIS2_PLACEMENT_3D('',#7682,#7683,#7684);
#7686=PLANE('',#7685);
#7687=ORIENTED_EDGE('',*,*,#7629,.F.);
#7688=ORIENTED_EDGE('',*,*,#7670,.F.);
#7689=ORIENTED_EDGE('',*,*,#6793,.T.);
#7690=ORIENTED_EDGE('',*,*,#7601,.T.);
#7691=EDGE_LOOP('',(#7687,#7688,#7689,#7690));
#7692=FACE_OUTER_BOUND('',#7691,.F.);
#7694=FILL_AREA_STYLE_COLOUR('',#59);
#7695=FILL_AREA_STYLE('',(#7694));
#7696=SURFACE_STYLE_FILL_AREA(#7695);
#7697=SURFACE_SIDE_STYLE('',(#7696));
#7698=SURFACE_STYLE_USAGE(.BOTH.,#7697);
#7699=PRESENTATION_STYLE_ASSIGNMENT((#7698));
#7700=OVER_RIDING_STYLED_ITEM('',(#7699),#7693,#60);
#7701=CARTESIAN_POINT('',(4.11E0,-8.25E0,0.E0));
#7702=DIRECTION('',(-1.E0,0.E0,0.E0));
#7703=DIRECTION('',(0.E0,1.E0,0.E0));
#7704=AXIS2_PLACEMENT_3D('',#7701,#7702,#7703);
#7705=PLANE('',#7704);
#7707=ORIENTED_EDGE('',*,*,#7706,.F.);
#7709=ORIENTED_EDGE('',*,*,#7708,.F.);
#7710=ORIENTED_EDGE('',*,*,#6801,.T.);
#7712=ORIENTED_EDGE('',*,*,#7711,.T.);
#7713=EDGE_LOOP('',(#7707,#7709,#7710,#7712));
#7714=FACE_OUTER_BOUND('',#7713,.F.);
#7716=FILL_AREA_STYLE_COLOUR('',#59);
#7717=FILL_AREA_STYLE('',(#7716));
#7718=SURFACE_STYLE_FILL_AREA(#7717);
#7719=SURFACE_SIDE_STYLE('',(#7718));
#7720=SURFACE_STYLE_USAGE(.BOTH.,#7719);
#7721=PRESENTATION_STYLE_ASSIGNMENT((#7720));
#7722=OVER_RIDING_STYLED_ITEM('',(#7721),#7715,#60);
#7723=CARTESIAN_POINT('',(3.81E0,-3.182534940565E0,2.3E0));
#7724=DIRECTION('',(0.E0,1.E0,0.E0));
#7725=DIRECTION('',(0.E0,0.E0,1.E0));
#7726=AXIS2_PLACEMENT_3D('',#7723,#7724,#7725);
#7727=CYLINDRICAL_SURFACE('',#7726,3.E-1);
#7729=ORIENTED_EDGE('',*,*,#7728,.F.);
#7731=ORIENTED_EDGE('',*,*,#7730,.F.);
#7733=ORIENTED_EDGE('',*,*,#7732,.T.);
#7735=ORIENTED_EDGE('',*,*,#7734,.F.);
#7737=ORIENTED_EDGE('',*,*,#7736,.F.);
#7738=ORIENTED_EDGE('',*,*,#7706,.T.);
#7739=EDGE_LOOP('',(#7729,#7731,#7733,#7735,#7737,#7738));
#7740=FACE_OUTER_BOUND('',#7739,.F.);
#7742=FILL_AREA_STYLE_COLOUR('',#59);
#7743=FILL_AREA_STYLE('',(#7742));
#7744=SURFACE_STYLE_FILL_AREA(#7743);
#7745=SURFACE_SIDE_STYLE('',(#7744));
#7746=SURFACE_STYLE_USAGE(.POSITIVE.,#7745);
#7747=PRESENTATION_STYLE_ASSIGNMENT((#7746));
#7748=OVER_RIDING_STYLED_ITEM('',(#7747),#7741,#60);
#7749=CARTESIAN_POINT('',(4.11E0,-3.15E0,0.E0));
#7750=DIRECTION('',(0.E0,1.E0,0.E0));
#7751=DIRECTION('',(-1.E0,0.E0,0.E0));
#7752=AXIS2_PLACEMENT_3D('',#7749,#7750,#7751);
#7753=PLANE('',#7752);
#7754=ORIENTED_EDGE('',*,*,#7730,.T.);
#7755=ORIENTED_EDGE('',*,*,#7728,.T.);
#7756=ORIENTED_EDGE('',*,*,#7711,.F.);
#7757=ORIENTED_EDGE('',*,*,#6807,.T.);
#7759=ORIENTED_EDGE('',*,*,#7758,.T.);
#7760=EDGE_LOOP('',(#7754,#7755,#7756,#7757,#7759));
#7761=FACE_OUTER_BOUND('',#7760,.F.);
#7763=FILL_AREA_STYLE_COLOUR('',#59);
#7764=FILL_AREA_STYLE('',(#7763));
#7765=SURFACE_STYLE_FILL_AREA(#7764);
#7766=SURFACE_SIDE_STYLE('',(#7765));
#7767=SURFACE_STYLE_USAGE(.BOTH.,#7766);
#7768=PRESENTATION_STYLE_ASSIGNMENT((#7767));
#7769=OVER_RIDING_STYLED_ITEM('',(#7768),#7762,#60);
#7770=CARTESIAN_POINT('',(3.51E0,-2.9E0,0.E0));
#7771=DIRECTION('',(1.E0,0.E0,0.E0));
#7772=DIRECTION('',(0.E0,-1.E0,0.E0));
#7773=AXIS2_PLACEMENT_3D('',#7770,#7771,#7772);
#7774=PLANE('',#7773);
#7775=ORIENTED_EDGE('',*,*,#7732,.F.);
#7776=ORIENTED_EDGE('',*,*,#7758,.F.);
#7777=ORIENTED_EDGE('',*,*,#6805,.F.);
#7779=ORIENTED_EDGE('',*,*,#7778,.F.);
#7780=EDGE_LOOP('',(#7775,#7776,#7777,#7779));
#7781=FACE_OUTER_BOUND('',#7780,.F.);
#7783=FILL_AREA_STYLE_COLOUR('',#59);
#7784=FILL_AREA_STYLE('',(#7783));
#7785=SURFACE_STYLE_FILL_AREA(#7784);
#7786=SURFACE_SIDE_STYLE('',(#7785));
#7787=SURFACE_STYLE_USAGE(.BOTH.,#7786);
#7788=PRESENTATION_STYLE_ASSIGNMENT((#7787));
#7789=OVER_RIDING_STYLED_ITEM('',(#7788),#7782,#60);
#7790=CARTESIAN_POINT('',(4.11E0,-2.9E0,0.E0));
#7791=DIRECTION('',(0.E0,-1.E0,0.E0));
#7792=DIRECTION('',(-1.E0,0.E0,0.E0));
#7793=AXIS2_PLACEMENT_3D('',#7790,#7791,#7792);
#7794=PLANE('',#7793);
#7795=ORIENTED_EDGE('',*,*,#7736,.T.);
#7796=ORIENTED_EDGE('',*,*,#7734,.T.);
#7797=ORIENTED_EDGE('',*,*,#7778,.T.);
#7798=ORIENTED_EDGE('',*,*,#6803,.T.);
#7799=ORIENTED_EDGE('',*,*,#7708,.T.);
#7800=EDGE_LOOP('',(#7795,#7796,#7797,#7798,#7799));
#7801=FACE_OUTER_BOUND('',#7800,.F.);
#7803=FILL_AREA_STYLE_COLOUR('',#59);
#7804=FILL_AREA_STYLE('',(#7803));
#7805=SURFACE_STYLE_FILL_AREA(#7804);
#7806=SURFACE_SIDE_STYLE('',(#7805));
#7807=SURFACE_STYLE_USAGE(.BOTH.,#7806);
#7808=PRESENTATION_STYLE_ASSIGNMENT((#7807));
#7809=OVER_RIDING_STYLED_ITEM('',(#7808),#7802,#60);
#7810=CARTESIAN_POINT('',(5.4E0,1.8E0,3.E-1));
#7811=DIRECTION('',(0.E0,0.E0,1.E0));
#7812=DIRECTION('',(1.E0,0.E0,0.E0));
#7813=AXIS2_PLACEMENT_3D('',#7810,#7811,#7812);
#7814=CYLINDRICAL_SURFACE('',#7813,2.5E-1);
#7816=ORIENTED_EDGE('',*,*,#7815,.F.);
#7818=ORIENTED_EDGE('',*,*,#7817,.F.);
#7820=ORIENTED_EDGE('',*,*,#7819,.T.);
#7821=ORIENTED_EDGE('',*,*,#6702,.F.);
#7822=EDGE_LOOP('',(#7816,#7818,#7820,#7821));
#7823=FACE_OUTER_BOUND('',#7822,.F.);
#7825=CARTESIAN_POINT('',(5.4E0,1.8E0,3.E-1));
#7826=DIRECTION('',(0.E0,0.E0,1.E0));
#7827=DIRECTION('',(1.E0,0.E0,0.E0));
#7828=AXIS2_PLACEMENT_3D('',#7825,#7826,#7827);
#7829=CYLINDRICAL_SURFACE('',#7828,2.5E-1);
#7830=ORIENTED_EDGE('',*,*,#7815,.T.);
#7831=ORIENTED_EDGE('',*,*,#6704,.F.);
#7832=ORIENTED_EDGE('',*,*,#7819,.F.);
#7834=ORIENTED_EDGE('',*,*,#7833,.F.);
#7835=EDGE_LOOP('',(#7830,#7831,#7832,#7834));
#7836=FACE_OUTER_BOUND('',#7835,.F.);
#7838=CARTESIAN_POINT('',(0.E0,0.E0,2.6E0));
#7839=DIRECTION('',(0.E0,0.E0,-1.E0));
#7840=DIRECTION('',(-1.E0,0.E0,0.E0));
#7841=AXIS2_PLACEMENT_3D('',#7838,#7839,#7840);
#7842=PLANE('',#7841);
#7843=ORIENTED_EDGE('',*,*,#7817,.T.);
#7844=ORIENTED_EDGE('',*,*,#7833,.T.);
#7845=EDGE_LOOP('',(#7843,#7844));
#7846=FACE_OUTER_BOUND('',#7845,.F.);
#7848=FILL_AREA_STYLE_COLOUR('',#59);
#7849=FILL_AREA_STYLE('',(#7848));
#7850=SURFACE_STYLE_FILL_AREA(#7849);
#7851=SURFACE_SIDE_STYLE('',(#7850));
#7852=SURFACE_STYLE_USAGE(.POSITIVE.,#7851);
#7853=PRESENTATION_STYLE_ASSIGNMENT((#7852));
#7854=OVER_RIDING_STYLED_ITEM('',(#7853),#7847,#60);
#7855=CARTESIAN_POINT('',(5.4E0,-1.8E0,3.E-1));
#7856=DIRECTION('',(0.E0,0.E0,-1.E0));
#7857=DIRECTION('',(1.E0,0.E0,0.E0));
#7858=AXIS2_PLACEMENT_3D('',#7855,#7856,#7857);
#7859=CYLINDRICAL_SURFACE('',#7858,2.5E-1);
#7861=ORIENTED_EDGE('',*,*,#7860,.T.);
#7862=ORIENTED_EDGE('',*,*,#6708,.F.);
#7864=ORIENTED_EDGE('',*,*,#7863,.F.);
#7866=ORIENTED_EDGE('',*,*,#7865,.F.);
#7867=EDGE_LOOP('',(#7861,#7862,#7864,#7866));
#7868=FACE_OUTER_BOUND('',#7867,.F.);
#7870=CARTESIAN_POINT('',(5.4E0,-1.8E0,3.E-1));
#7871=DIRECTION('',(0.E0,0.E0,-1.E0));
#7872=DIRECTION('',(1.E0,0.E0,0.E0));
#7873=AXIS2_PLACEMENT_3D('',#7870,#7871,#7872);
#7874=CYLINDRICAL_SURFACE('',#7873,2.5E-1);
#7875=ORIENTED_EDGE('',*,*,#7860,.F.);
#7877=ORIENTED_EDGE('',*,*,#7876,.F.);
#7878=ORIENTED_EDGE('',*,*,#7863,.T.);
#7879=ORIENTED_EDGE('',*,*,#6710,.F.);
#7880=EDGE_LOOP('',(#7875,#7877,#7878,#7879));
#7881=FACE_OUTER_BOUND('',#7880,.F.);
#7883=CARTESIAN_POINT('',(0.E0,0.E0,2.6E0));
#7884=DIRECTION('',(0.E0,0.E0,-1.E0));
#7885=DIRECTION('',(-1.E0,0.E0,0.E0));
#7886=AXIS2_PLACEMENT_3D('',#7883,#7884,#7885);
#7887=PLANE('',#7886);
#7888=ORIENTED_EDGE('',*,*,#7865,.T.);
#7889=ORIENTED_EDGE('',*,*,#7876,.T.);
#7890=EDGE_LOOP('',(#7888,#7889));
#7891=FACE_OUTER_BOUND('',#7890,.F.);
#7893=FILL_AREA_STYLE_COLOUR('',#59);
#7894=FILL_AREA_STYLE('',(#7893));
#7895=SURFACE_STYLE_FILL_AREA(#7894);
#7896=SURFACE_SIDE_STYLE('',(#7895));
#7897=SURFACE_STYLE_USAGE(.POSITIVE.,#7896);
#7898=PRESENTATION_STYLE_ASSIGNMENT((#7897));
#7899=OVER_RIDING_STYLED_ITEM('',(#7898),#7892,#60);
#7900=CARTESIAN_POINT('',(5.4E0,0.E0,3.E-1));
#7901=DIRECTION('',(0.E0,0.E0,-1.E0));
#7902=DIRECTION('',(1.E0,0.E0,0.E0));
#7903=AXIS2_PLACEMENT_3D('',#7900,#7901,#7902);
#7904=CYLINDRICAL_SURFACE('',#7903,2.5E-1);
#7906=ORIENTED_EDGE('',*,*,#7905,.F.);
#7907=ORIENTED_EDGE('',*,*,#6714,.F.);
#7909=ORIENTED_EDGE('',*,*,#7908,.T.);
#7911=ORIENTED_EDGE('',*,*,#7910,.F.);
#7912=EDGE_LOOP('',(#7906,#7907,#7909,#7911));
#7913=FACE_OUTER_BOUND('',#7912,.F.);
#7915=CARTESIAN_POINT('',(5.4E0,0.E0,3.E-1));
#7916=DIRECTION('',(0.E0,0.E0,1.E0));
#7917=DIRECTION('',(1.E0,0.E0,0.E0));
#7918=AXIS2_PLACEMENT_3D('',#7915,#7916,#7917);
#7919=CYLINDRICAL_SURFACE('',#7918,2.5E-1);
#7920=ORIENTED_EDGE('',*,*,#7905,.T.);
#7922=ORIENTED_EDGE('',*,*,#7921,.F.);
#7923=ORIENTED_EDGE('',*,*,#7908,.F.);
#7924=ORIENTED_EDGE('',*,*,#6716,.F.);
#7925=EDGE_LOOP('',(#7920,#7922,#7923,#7924));
#7926=FACE_OUTER_BOUND('',#7925,.F.);
#7928=CARTESIAN_POINT('',(0.E0,0.E0,2.6E0));
#7929=DIRECTION('',(0.E0,0.E0,-1.E0));
#7930=DIRECTION('',(-1.E0,0.E0,0.E0));
#7931=AXIS2_PLACEMENT_3D('',#7928,#7929,#7930);
#7932=PLANE('',#7931);
#7933=ORIENTED_EDGE('',*,*,#7910,.T.);
#7934=ORIENTED_EDGE('',*,*,#7921,.T.);
#7935=EDGE_LOOP('',(#7933,#7934));
#7936=FACE_OUTER_BOUND('',#7935,.F.);
#7938=FILL_AREA_STYLE_COLOUR('',#59);
#7939=FILL_AREA_STYLE('',(#7938));
#7940=SURFACE_STYLE_FILL_AREA(#7939);
#7941=SURFACE_SIDE_STYLE('',(#7940));
#7942=SURFACE_STYLE_USAGE(.POSITIVE.,#7941);
#7943=PRESENTATION_STYLE_ASSIGNMENT((#7942));
#7944=OVER_RIDING_STYLED_ITEM('',(#7943),#7937,#60);
#7945=CARTESIAN_POINT('',(-5.4E0,1.8E0,3.E-1));
#7946=DIRECTION('',(0.E0,0.E0,1.E0));
#7947=DIRECTION('',(1.E0,0.E0,0.E0));
#7948=AXIS2_PLACEMENT_3D('',#7945,#7946,#7947);
#7949=CYLINDRICAL_SURFACE('',#7948,2.5E-1);
#7951=ORIENTED_EDGE('',*,*,#7950,.F.);
#7953=ORIENTED_EDGE('',*,*,#7952,.F.);
#7955=ORIENTED_EDGE('',*,*,#7954,.T.);
#7956=ORIENTED_EDGE('',*,*,#6636,.F.);
#7957=EDGE_LOOP('',(#7951,#7953,#7955,#7956));
#7958=FACE_OUTER_BOUND('',#7957,.F.);
#7960=CARTESIAN_POINT('',(-5.4E0,1.8E0,3.E-1));
#7961=DIRECTION('',(0.E0,0.E0,1.E0));
#7962=DIRECTION('',(1.E0,0.E0,0.E0));
#7963=AXIS2_PLACEMENT_3D('',#7960,#7961,#7962);
#7964=CYLINDRICAL_SURFACE('',#7963,2.5E-1);
#7965=ORIENTED_EDGE('',*,*,#7950,.T.);
#7966=ORIENTED_EDGE('',*,*,#6638,.F.);
#7967=ORIENTED_EDGE('',*,*,#7954,.F.);
#7969=ORIENTED_EDGE('',*,*,#7968,.F.);
#7970=EDGE_LOOP('',(#7965,#7966,#7967,#7969));
#7971=FACE_OUTER_BOUND('',#7970,.F.);
#7973=CARTESIAN_POINT('',(0.E0,0.E0,2.6E0));
#7974=DIRECTION('',(0.E0,0.E0,-1.E0));
#7975=DIRECTION('',(-1.E0,0.E0,0.E0));
#7976=AXIS2_PLACEMENT_3D('',#7973,#7974,#7975);
#7977=PLANE('',#7976);
#7978=ORIENTED_EDGE('',*,*,#7952,.T.);
#7979=ORIENTED_EDGE('',*,*,#7968,.T.);
#7980=EDGE_LOOP('',(#7978,#7979));
#7981=FACE_OUTER_BOUND('',#7980,.F.);
#7983=FILL_AREA_STYLE_COLOUR('',#59);
#7984=FILL_AREA_STYLE('',(#7983));
#7985=SURFACE_STYLE_FILL_AREA(#7984);
#7986=SURFACE_SIDE_STYLE('',(#7985));
#7987=SURFACE_STYLE_USAGE(.POSITIVE.,#7986);
#7988=PRESENTATION_STYLE_ASSIGNMENT((#7987));
#7989=OVER_RIDING_STYLED_ITEM('',(#7988),#7982,#60);
#7990=CARTESIAN_POINT('',(-5.4E0,-1.8E0,3.E-1));
#7991=DIRECTION('',(0.E0,0.E0,-1.E0));
#7992=DIRECTION('',(1.E0,0.E0,0.E0));
#7993=AXIS2_PLACEMENT_3D('',#7990,#7991,#7992);
#7994=CYLINDRICAL_SURFACE('',#7993,2.5E-1);
#7996=ORIENTED_EDGE('',*,*,#7995,.T.);
#7997=ORIENTED_EDGE('',*,*,#6642,.F.);
#7999=ORIENTED_EDGE('',*,*,#7998,.F.);
#8001=ORIENTED_EDGE('',*,*,#8000,.F.);
#8002=EDGE_LOOP('',(#7996,#7997,#7999,#8001));
#8003=FACE_OUTER_BOUND('',#8002,.F.);
#8005=CARTESIAN_POINT('',(-5.4E0,-1.8E0,3.E-1));
#8006=DIRECTION('',(0.E0,0.E0,-1.E0));
#8007=DIRECTION('',(1.E0,0.E0,0.E0));
#8008=AXIS2_PLACEMENT_3D('',#8005,#8006,#8007);
#8009=CYLINDRICAL_SURFACE('',#8008,2.5E-1);
#8010=ORIENTED_EDGE('',*,*,#7995,.F.);
#8012=ORIENTED_EDGE('',*,*,#8011,.F.);
#8013=ORIENTED_EDGE('',*,*,#7998,.T.);
#8014=ORIENTED_EDGE('',*,*,#6644,.F.);
#8015=EDGE_LOOP('',(#8010,#8012,#8013,#8014));
#8016=FACE_OUTER_BOUND('',#8015,.F.);
#8018=CARTESIAN_POINT('',(0.E0,0.E0,2.6E0));
#8019=DIRECTION('',(0.E0,0.E0,-1.E0));
#8020=DIRECTION('',(-1.E0,0.E0,0.E0));
#8021=AXIS2_PLACEMENT_3D('',#8018,#8019,#8020);
#8022=PLANE('',#8021);
#8023=ORIENTED_EDGE('',*,*,#8000,.T.);
#8024=ORIENTED_EDGE('',*,*,#8011,.T.);
#8025=EDGE_LOOP('',(#8023,#8024));
#8026=FACE_OUTER_BOUND('',#8025,.F.);
#8028=FILL_AREA_STYLE_COLOUR('',#59);
#8029=FILL_AREA_STYLE('',(#8028));
#8030=SURFACE_STYLE_FILL_AREA(#8029);
#8031=SURFACE_SIDE_STYLE('',(#8030));
#8032=SURFACE_STYLE_USAGE(.POSITIVE.,#8031);
#8033=PRESENTATION_STYLE_ASSIGNMENT((#8032));
#8034=OVER_RIDING_STYLED_ITEM('',(#8033),#8027,#60);
#8035=CARTESIAN_POINT('',(-5.4E0,0.E0,3.E-1));
#8036=DIRECTION('',(0.E0,0.E0,-1.E0));
#8037=DIRECTION('',(1.E0,0.E0,0.E0));
#8038=AXIS2_PLACEMENT_3D('',#8035,#8036,#8037);
#8039=CYLINDRICAL_SURFACE('',#8038,2.5E-1);
#8041=ORIENTED_EDGE('',*,*,#8040,.F.);
#8042=ORIENTED_EDGE('',*,*,#6648,.F.);
#8044=ORIENTED_EDGE('',*,*,#8043,.T.);
#8046=ORIENTED_EDGE('',*,*,#8045,.F.);
#8047=EDGE_LOOP('',(#8041,#8042,#8044,#8046));
#8048=FACE_OUTER_BOUND('',#8047,.F.);
#8050=CARTESIAN_POINT('',(-5.4E0,0.E0,3.E-1));
#8051=DIRECTION('',(0.E0,0.E0,1.E0));
#8052=DIRECTION('',(1.E0,0.E0,0.E0));
#8053=AXIS2_PLACEMENT_3D('',#8050,#8051,#8052);
#8054=CYLINDRICAL_SURFACE('',#8053,2.5E-1);
#8055=ORIENTED_EDGE('',*,*,#8040,.T.);
#8057=ORIENTED_EDGE('',*,*,#8056,.F.);
#8058=ORIENTED_EDGE('',*,*,#8043,.F.);
#8059=ORIENTED_EDGE('',*,*,#6650,.F.);
#8060=EDGE_LOOP('',(#8055,#8057,#8058,#8059));
#8061=FACE_OUTER_BOUND('',#8060,.F.);
#8063=CARTESIAN_POINT('',(0.E0,0.E0,2.6E0));
#8064=DIRECTION('',(0.E0,0.E0,-1.E0));
#8065=DIRECTION('',(-1.E0,0.E0,0.E0));
#8066=AXIS2_PLACEMENT_3D('',#8063,#8064,#8065);
#8067=PLANE('',#8066);
#8068=ORIENTED_EDGE('',*,*,#8045,.T.);
#8069=ORIENTED_EDGE('',*,*,#8056,.T.);
#8070=EDGE_LOOP('',(#8068,#8069));
#8071=FACE_OUTER_BOUND('',#8070,.F.);
#8073=FILL_AREA_STYLE_COLOUR('',#59);
#8074=FILL_AREA_STYLE('',(#8073));
#8075=SURFACE_STYLE_FILL_AREA(#8074);
#8076=SURFACE_SIDE_STYLE('',(#8075));
#8077=SURFACE_STYLE_USAGE(.POSITIVE.,#8076);
#8078=PRESENTATION_STYLE_ASSIGNMENT((#8077));
#8079=OVER_RIDING_STYLED_ITEM('',(#8078),#8072,#60);
#8080=CLOSED_SHELL('',(#4040,#4055,#4090,#4105,#4120,#4135,#4214,#4235,#4255,
#4285,#4305,#4320,#4347,#4389,#4417,#4444,#4471,#4511,#4537,#4564,#4590,#4616,
#4655,#4699,#4723,#4748,#4774,#4798,#4823,#4859,#4903,#4928,#4953,#4978,#5003,
#5028,#5053,#5077,#5101,#5128,#5156,#5183,#5209,#5251,#5276,#5304,#5331,#5357,
#5384,#5409,#5450,#5474,#5499,#5526,#5551,#5595,#5619,#5640,#5718,#5739,#5753,
#5831,#5851,#5870,#5882,#5960,#5980,#5999,#6011,#6030,#6043,#6070,#6095,#6120,
#6147,#6172,#6197,#6224,#6249,#6274,#6301,#6326,#6351,#6378,#6403,#6427,#6453,
#6477,#6510,#6535,#6567,#6594,#6608,#6654,#6675,#6720,#6735,#6749,#6811,#6829,
#6842,#6855,#6874,#6888,#6908,#6922,#6935,#6985,#6999,#7011,#7026,#7042,#7065,
#7099,#7112,#7125,#7138,#7151,#7163,#7175,#7188,#7201,#7214,#7227,#7239,#7252,
#7267,#7293,#7314,#7334,#7354,#7376,#7402,#7423,#7443,#7463,#7482,#7497,#7523,
#7544,#7564,#7584,#7608,#7633,#7653,#7674,#7693,#7715,#7741,#7762,#7782,#7802,
#7824,#7837,#7847,#7869,#7882,#7892,#7914,#7927,#7937,#7959,#7972,#7982,#8004,
#8017,#8027,#8049,#8062,#8072));
#8081=MANIFOLD_SOLID_BREP('',#8080);
#8082=FILL_AREA_STYLE_COLOUR('',#24);
#8083=FILL_AREA_STYLE('',(#8082));
#8084=SURFACE_STYLE_FILL_AREA(#8083);
#8085=SURFACE_SIDE_STYLE('',(#8084));
#8086=SURFACE_STYLE_USAGE(.BOTH.,#8085);
#8087=PRESENTATION_STYLE_ASSIGNMENT((#8086));
#60=STYLED_ITEM('',(#8087),#8081);
#8090=PLANE_ANGLE_MEASURE_WITH_UNIT(PLANE_ANGLE_MEASURE(1.745329251994E-2),
#8089);
#8091=(CONVERSION_BASED_UNIT('DEGREE',#8090)NAMED_UNIT(*)PLANE_ANGLE_UNIT());
#8093=UNCERTAINTY_MEASURE_WITH_UNIT(LENGTH_MEASURE(1.814575060042E-2),#8088,
'distance_accuracy_value',
'Maximum model space distance between geometric entities at asserted connectivities');
#8095=CARTESIAN_POINT('',(0.E0,0.E0,0.E0));
#8096=DIRECTION('',(0.E0,0.E0,1.E0));
#8097=DIRECTION('',(1.E0,0.E0,0.E0));
#8100=APPLICATION_CONTEXT('automotive_design');
#8101=APPLICATION_PROTOCOL_DEFINITION('international standard',
'automotive_design',2001,#8100);
#8102=PRODUCT_DEFINITION_CONTEXT('part definition',#8100,'design');
#8103=PRODUCT_CONTEXT('',#8100,'mechanical');
#8104=PRODUCT('2','2','NOT SPECIFIED',(#8103));
#8105=PRODUCT_DEFINITION_FORMATION('2','LAST_VERSION',#8104);
#8113=DERIVED_UNIT_ELEMENT(#8112,2.E0);
#8114=DERIVED_UNIT((#8113));
#8115=MEASURE_REPRESENTATION_ITEM('surface area measure',AREA_MEASURE(
5.071838664939E2),#8114);
#8120=DERIVED_UNIT_ELEMENT(#8119,3.E0);
#8121=DERIVED_UNIT((#8120));
#8122=MEASURE_REPRESENTATION_ITEM('volume measure',VOLUME_MEASURE(
2.319324259428E2),#8121);
#8126=CARTESIAN_POINT('centre point',(-1.670706992411E-1,-8.597872707028E-3,
-4.387457856548E-1));
#8131=DERIVED_UNIT_ELEMENT(#8130,2.E0);
#8132=DERIVED_UNIT((#8131));
#8133=MEASURE_REPRESENTATION_ITEM('surface area measure',AREA_MEASURE(
5.071838664939E2),#8132);
#8138=DERIVED_UNIT_ELEMENT(#8137,3.E0);
#8139=DERIVED_UNIT((#8138));
#8140=MEASURE_REPRESENTATION_ITEM('volume measure',VOLUME_MEASURE(
2.319324259428E2),#8139);
#8144=CARTESIAN_POINT('centre point',(-1.670706992411E-1,-8.597872707028E-3,
-4.387457856548E-1));
#8154=CARTESIAN_POINT('centre point',(-1.670706992411E-1,-8.597872707028E-3,
-4.387457856548E-1));
#8158=CARTESIAN_POINT('',(0.E0,0.E0,0.E0));
#8159=DIRECTION('',(0.E0,0.E0,1.E0));
#8160=DIRECTION('',(1.E0,0.E0,0.E0));
#8161=AXIS2_PLACEMENT_3D('',#8158,#8159,#8160);
#8162=ITEM_DEFINED_TRANSFORMATION('','',#8098,#8161);
#8163=(REPRESENTATION_RELATIONSHIP('','',#8099,#8151)REPRESENTATION_RELATIONSHIP_WITH_TRANSFORMATION(#8162)SHAPE_REPRESENTATION_RELATIONSHIP());
#8164=CONTEXT_DEPENDENT_SHAPE_REPRESENTATION(#8163,#8153);
#8166=DIRECTION('',(0.E0,0.E0,1.E0));
#8167=VECTOR('',#8166,7.46159E0);
#8168=CARTESIAN_POINT('',(-6.08E0,0.E0,-3.730795E0));
#8169=LINE('',#8168,#8167);
#8170=CURVE_STYLE('',#65,POSITIVE_LENGTH_MEASURE(2.E-2),#18);
#8171=PRESENTATION_STYLE_ASSIGNMENT((#8170));
#8172=STYLED_ITEM('',(#8171),#8169);
#8173=DIRECTION('',(-1.E0,0.E0,0.E0));
#8174=VECTOR('',#8173,1.216E1);
#8175=CARTESIAN_POINT('',(6.08E0,0.E0,-3.730795E0));
#8176=LINE('',#8175,#8174);
#8177=CURVE_STYLE('',#65,POSITIVE_LENGTH_MEASURE(2.E-2),#18);
#8178=PRESENTATION_STYLE_ASSIGNMENT((#8177));
#8179=STYLED_ITEM('',(#8178),#8176);
#8180=DIRECTION('',(0.E0,0.E0,-1.E0));
#8181=VECTOR('',#8180,7.46159E0);
#8182=CARTESIAN_POINT('',(6.08E0,0.E0,3.730795E0));
#8183=LINE('',#8182,#8181);
#8184=CURVE_STYLE('',#65,POSITIVE_LENGTH_MEASURE(2.E-2),#18);
#8185=PRESENTATION_STYLE_ASSIGNMENT((#8184));
#8186=STYLED_ITEM('',(#8185),#8183);
#8187=DIRECTION('',(1.E0,0.E0,0.E0));
#8188=VECTOR('',#8187,1.216E1);
#8189=CARTESIAN_POINT('',(-6.08E0,0.E0,3.730795E0));
#8190=LINE('',#8189,#8188);
#8191=CURVE_STYLE('',#65,POSITIVE_LENGTH_MEASURE(2.E-2),#18);
#8192=PRESENTATION_STYLE_ASSIGNMENT((#8191));
#8193=STYLED_ITEM('',(#8192),#8190);
#8194=CARTESIAN_POINT('',(6.58E0,0.E0,3.980947293245E0));
#8195=CARTESIAN_POINT('',(6.58E0,0.E0,4.022588577704E0));
#8196=CARTESIAN_POINT('',(6.561939657652E0,0.E0,4.087810804275E0));
#8197=CARTESIAN_POINT('',(6.510520759631E0,0.E0,4.161315759631E0));
#8198=CARTESIAN_POINT('',(6.437015804275E0,0.E0,4.212734657652E0));
#8199=CARTESIAN_POINT('',(6.371793577704E0,0.E0,4.230795E0));
#8200=CARTESIAN_POINT('',(6.330152293245E0,0.E0,4.230795E0));
#8202=CURVE_STYLE('',#65,POSITIVE_LENGTH_MEASURE(2.E-2),#18);
#8203=PRESENTATION_STYLE_ASSIGNMENT((#8202));
#8204=STYLED_ITEM('',(#8203),#8201);
#8205=DIRECTION('',(0.E0,0.E0,1.E0));
#8206=VECTOR('',#8205,7.961894586490E0);
#8207=CARTESIAN_POINT('',(6.58E0,0.E0,-3.980947293245E0));
#8208=LINE('',#8207,#8206);
#8209=CURVE_STYLE('',#65,POSITIVE_LENGTH_MEASURE(2.E-2),#18);
#8210=PRESENTATION_STYLE_ASSIGNMENT((#8209));
#8211=STYLED_ITEM('',(#8210),#8208);
#8212=CARTESIAN_POINT('',(6.330152293245E0,0.E0,-4.230795E0));
#8213=CARTESIAN_POINT('',(6.371793577704E0,0.E0,-4.230795E0));
#8214=CARTESIAN_POINT('',(6.437015804275E0,0.E0,-4.212734657652E0));
#8215=CARTESIAN_POINT('',(6.510520759631E0,0.E0,-4.161315759631E0));
#8216=CARTESIAN_POINT('',(6.561939657652E0,0.E0,-4.087810804275E0));
#8217=CARTESIAN_POINT('',(6.58E0,0.E0,-4.022588577704E0));
#8218=CARTESIAN_POINT('',(6.58E0,0.E0,-3.980947293245E0));
#8220=CURVE_STYLE('',#65,POSITIVE_LENGTH_MEASURE(2.E-2),#18);
#8221=PRESENTATION_STYLE_ASSIGNMENT((#8220));
#8222=STYLED_ITEM('',(#8221),#8219);
#8223=DIRECTION('',(1.E0,0.E0,0.E0));
#8224=VECTOR('',#8223,1.266030458649E1);
#8225=CARTESIAN_POINT('',(-6.330152293245E0,0.E0,-4.230795E0));
#8226=LINE('',#8225,#8224);
#8227=CURVE_STYLE('',#65,POSITIVE_LENGTH_MEASURE(2.E-2),#18);
#8228=PRESENTATION_STYLE_ASSIGNMENT((#8227));
#8229=STYLED_ITEM('',(#8228),#8226);
#8230=CARTESIAN_POINT('',(-6.58E0,0.E0,-3.980947293245E0));
#8231=CARTESIAN_POINT('',(-6.58E0,0.E0,-4.022588577704E0));
#8232=CARTESIAN_POINT('',(-6.561939657652E0,0.E0,-4.087810804275E0));
#8233=CARTESIAN_POINT('',(-6.510520759631E0,0.E0,-4.161315759631E0));
#8234=CARTESIAN_POINT('',(-6.437015804275E0,0.E0,-4.212734657652E0));
#8235=CARTESIAN_POINT('',(-6.371793577704E0,0.E0,-4.230795E0));
#8236=CARTESIAN_POINT('',(-6.330152293245E0,0.E0,-4.230795E0));
#8238=CURVE_STYLE('',#65,POSITIVE_LENGTH_MEASURE(2.E-2),#18);
#8239=PRESENTATION_STYLE_ASSIGNMENT((#8238));
#8240=STYLED_ITEM('',(#8239),#8237);
#8241=DIRECTION('',(0.E0,0.E0,-1.E0));
#8242=VECTOR('',#8241,7.961894586490E0);
#8243=CARTESIAN_POINT('',(-6.58E0,0.E0,3.980947293245E0));
#8244=LINE('',#8243,#8242);
#8245=CURVE_STYLE('',#65,POSITIVE_LENGTH_MEASURE(2.E-2),#18);
#8246=PRESENTATION_STYLE_ASSIGNMENT((#8245));
#8247=STYLED_ITEM('',(#8246),#8244);
#8248=CARTESIAN_POINT('',(-6.330152293245E0,0.E0,4.230795E0));
#8249=CARTESIAN_POINT('',(-6.371793577704E0,0.E0,4.230795E0));
#8250=CARTESIAN_POINT('',(-6.437015804275E0,0.E0,4.212734657652E0));
#8251=CARTESIAN_POINT('',(-6.510520759631E0,0.E0,4.161315759631E0));
#8252=CARTESIAN_POINT('',(-6.561939657652E0,0.E0,4.087810804275E0));
#8253=CARTESIAN_POINT('',(-6.58E0,0.E0,4.022588577704E0));
#8254=CARTESIAN_POINT('',(-6.58E0,0.E0,3.980947293245E0));
#8256=CURVE_STYLE('',#65,POSITIVE_LENGTH_MEASURE(2.E-2),#18);
#8257=PRESENTATION_STYLE_ASSIGNMENT((#8256));
#8258=STYLED_ITEM('',(#8257),#8255);
#8259=DIRECTION('',(-1.E0,0.E0,0.E0));
#8260=VECTOR('',#8259,1.266030458649E1);
#8261=CARTESIAN_POINT('',(6.330152293245E0,0.E0,4.230795E0));
#8262=LINE('',#8261,#8260);
#8263=CURVE_STYLE('',#65,POSITIVE_LENGTH_MEASURE(2.E-2),#18);
#8264=PRESENTATION_STYLE_ASSIGNMENT((#8263));
#8265=STYLED_ITEM('',(#8264),#8262);
#8266=DIRECTION('',(0.E0,0.E0,1.E0));
#8267=VECTOR('',#8266,7.360319768474E0);
#8268=CARTESIAN_POINT('',(-6.029364884237E0,1.45E0,-3.680159884237E0));
#8269=LINE('',#8268,#8267);
#8270=CURVE_STYLE('',#65,POSITIVE_LENGTH_MEASURE(2.E-2),#18);
#8271=PRESENTATION_STYLE_ASSIGNMENT((#8270));
#8272=STYLED_ITEM('',(#8271),#8269);
#8273=DIRECTION('',(3.487826274238E-2,9.987827659587E-1,3.487826274237E-2));
#8274=VECTOR('',#8273,1.451767140383E0);
#8275=CARTESIAN_POINT('',(-6.08E0,0.E0,-3.730795E0));
#8276=LINE('',#8275,#8274);
#8277=CURVE_STYLE('',#65,POSITIVE_LENGTH_MEASURE(2.E-2),#18);
#8278=PRESENTATION_STYLE_ASSIGNMENT((#8277));
#8279=STYLED_ITEM('',(#8278),#8276);
#8280=DIRECTION('',(3.487826274238E-2,9.987827659587E-1,-3.487826274237E-2));
#8281=VECTOR('',#8280,1.451767140383E0);
#8282=CARTESIAN_POINT('',(-6.08E0,0.E0,3.730795E0));
#8283=LINE('',#8282,#8281);
#8284=CURVE_STYLE('',#65,POSITIVE_LENGTH_MEASURE(2.E-2),#18);
#8285=PRESENTATION_STYLE_ASSIGNMENT((#8284));
#8286=STYLED_ITEM('',(#8285),#8283);
#8287=DIRECTION('',(-3.487826274237E-2,9.987827659587E-1,-3.487826274237E-2));
#8288=VECTOR('',#8287,1.451767140383E0);
#8289=CARTESIAN_POINT('',(6.08E0,0.E0,3.730795E0));
#8290=LINE('',#8289,#8288);
#8291=CURVE_STYLE('',#65,POSITIVE_LENGTH_MEASURE(2.E-2),#18);
#8292=PRESENTATION_STYLE_ASSIGNMENT((#8291));
#8293=STYLED_ITEM('',(#8292),#8290);
#8294=DIRECTION('',(-1.E0,0.E0,0.E0));
#8295=VECTOR('',#8294,1.205872976847E1);
#8296=CARTESIAN_POINT('',(6.029364884237E0,1.45E0,-3.680159884237E0));
#8297=LINE('',#8296,#8295);
#8298=CURVE_STYLE('',#65,POSITIVE_LENGTH_MEASURE(2.E-2),#18);
#8299=PRESENTATION_STYLE_ASSIGNMENT((#8298));
#8300=STYLED_ITEM('',(#8299),#8297);
#8301=DIRECTION('',(-3.487826274237E-2,9.987827659587E-1,3.487826274237E-2));
#8302=VECTOR('',#8301,1.451767140383E0);
#8303=CARTESIAN_POINT('',(6.08E0,0.E0,-3.730795E0));
#8304=LINE('',#8303,#8302);
#8305=CURVE_STYLE('',#65,POSITIVE_LENGTH_MEASURE(2.E-2),#18);
#8306=PRESENTATION_STYLE_ASSIGNMENT((#8305));
#8307=STYLED_ITEM('',(#8306),#8304);
#8308=DIRECTION('',(-1.E0,0.E0,0.E0));
#8309=VECTOR('',#8308,1.205872976847E1);
#8310=CARTESIAN_POINT('',(6.029364884237E0,1.45E0,3.680159884237E0));
#8311=LINE('',#8310,#8309);
#8312=CURVE_STYLE('',#65,POSITIVE_LENGTH_MEASURE(2.E-2),#18);
#8313=PRESENTATION_STYLE_ASSIGNMENT((#8312));
#8314=STYLED_ITEM('',(#8313),#8311);
#8315=DIRECTION('',(0.E0,0.E0,1.E0));
#8316=VECTOR('',#8315,7.360319768474E0);
#8317=CARTESIAN_POINT('',(6.029364884237E0,1.45E0,-3.680159884237E0));
#8318=LINE('',#8317,#8316);
#8319=CURVE_STYLE('',#65,POSITIVE_LENGTH_MEASURE(2.E-2),#18);
#8320=PRESENTATION_STYLE_ASSIGNMENT((#8319));
#8321=STYLED_ITEM('',(#8320),#8318);
#8322=DIRECTION('',(0.E0,0.E0,-1.E0));
#8323=VECTOR('',#8322,5.6E0);
#8324=CARTESIAN_POINT('',(-5.5E0,1.45E0,2.8E0));
#8325=LINE('',#8324,#8323);
#8326=CURVE_STYLE('',#65,POSITIVE_LENGTH_MEASURE(2.E-2),#18);
#8327=PRESENTATION_STYLE_ASSIGNMENT((#8326));
#8328=STYLED_ITEM('',(#8327),#8325);
#8329=DIRECTION('',(1.E0,0.E0,0.E0));
#8330=VECTOR('',#8329,3.04E0);
#8331=CARTESIAN_POINT('',(-5.5E0,1.45E0,-2.8E0));
#8332=LINE('',#8331,#8330);
#8333=CURVE_STYLE('',#65,POSITIVE_LENGTH_MEASURE(2.E-2),#18);
#8334=PRESENTATION_STYLE_ASSIGNMENT((#8333));
#8335=STYLED_ITEM('',(#8334),#8332);
#8336=CARTESIAN_POINT('',(0.E0,1.45E0,1.552975993501E0));
#8337=DIRECTION('',(0.E0,-1.E0,0.E0));
#8338=DIRECTION('',(-4.92E-1,0.E0,-8.705951987003E-1));
#8339=AXIS2_PLACEMENT_3D('',#8336,#8337,#8338);
#8341=CURVE_STYLE('',#65,POSITIVE_LENGTH_MEASURE(2.E-2),#18);
#8342=PRESENTATION_STYLE_ASSIGNMENT((#8341));
#8343=STYLED_ITEM('',(#8342),#8340);
#8344=DIRECTION('',(1.E0,0.E0,0.E0));
#8345=VECTOR('',#8344,3.04E0);
#8346=CARTESIAN_POINT('',(2.46E0,1.45E0,-2.8E0));
#8347=LINE('',#8346,#8345);
#8348=CURVE_STYLE('',#65,POSITIVE_LENGTH_MEASURE(2.E-2),#18);
#8349=PRESENTATION_STYLE_ASSIGNMENT((#8348));
#8350=STYLED_ITEM('',(#8349),#8347);
#8351=DIRECTION('',(0.E0,0.E0,1.E0));
#8352=VECTOR('',#8351,5.6E0);
#8353=CARTESIAN_POINT('',(5.5E0,1.45E0,-2.8E0));
#8354=LINE('',#8353,#8352);
#8355=CURVE_STYLE('',#65,POSITIVE_LENGTH_MEASURE(2.E-2),#18);
#8356=PRESENTATION_STYLE_ASSIGNMENT((#8355));
#8357=STYLED_ITEM('',(#8356),#8354);
#8358=DIRECTION('',(-1.E0,0.E0,0.E0));
#8359=VECTOR('',#8358,3.04E0);
#8360=CARTESIAN_POINT('',(5.5E0,1.45E0,2.8E0));
#8361=LINE('',#8360,#8359);
#8362=CURVE_STYLE('',#65,POSITIVE_LENGTH_MEASURE(2.E-2),#18);
#8363=PRESENTATION_STYLE_ASSIGNMENT((#8362));
#8364=STYLED_ITEM('',(#8363),#8361);
#8365=CARTESIAN_POINT('',(0.E0,1.45E0,-1.552975993501E0));
#8366=DIRECTION('',(0.E0,-1.E0,0.E0));
#8367=DIRECTION('',(4.92E-1,0.E0,8.705951987003E-1));
#8368=AXIS2_PLACEMENT_3D('',#8365,#8366,#8367);
#8370=CURVE_STYLE('',#65,POSITIVE_LENGTH_MEASURE(2.E-2),#18);
#8371=PRESENTATION_STYLE_ASSIGNMENT((#8370));
#8372=STYLED_ITEM('',(#8371),#8369);
#8373=DIRECTION('',(-1.E0,0.E0,0.E0));
#8374=VECTOR('',#8373,3.04E0);
#8375=CARTESIAN_POINT('',(-2.46E0,1.45E0,2.8E0));
#8376=LINE('',#8375,#8374);
#8377=CURVE_STYLE('',#65,POSITIVE_LENGTH_MEASURE(2.E-2),#18);
#8378=PRESENTATION_STYLE_ASSIGNMENT((#8377));
#8379=STYLED_ITEM('',(#8378),#8376);
#8380=DIRECTION('',(0.E0,1.E0,0.E0));
#8381=VECTOR('',#8380,2.2E0);
#8382=CARTESIAN_POINT('',(-5.5E0,1.45E0,2.8E0));
#8383=LINE('',#8382,#8381);
#8384=CURVE_STYLE('',#65,POSITIVE_LENGTH_MEASURE(2.E-2),#18);
#8385=PRESENTATION_STYLE_ASSIGNMENT((#8384));
#8386=STYLED_ITEM('',(#8385),#8383);
#8387=DIRECTION('',(0.E0,1.E0,0.E0));
#8388=VECTOR('',#8387,2.2E0);
#8389=CARTESIAN_POINT('',(-2.46E0,1.45E0,2.8E0));
#8390=LINE('',#8389,#8388);
#8391=CURVE_STYLE('',#65,POSITIVE_LENGTH_MEASURE(2.E-2),#18);
#8392=PRESENTATION_STYLE_ASSIGNMENT((#8391));
#8393=STYLED_ITEM('',(#8392),#8390);
#8394=DIRECTION('',(0.E0,1.E0,0.E0));
#8395=VECTOR('',#8394,2.2E0);
#8396=CARTESIAN_POINT('',(2.46E0,1.45E0,2.8E0));
#8397=LINE('',#8396,#8395);
#8398=CURVE_STYLE('',#65,POSITIVE_LENGTH_MEASURE(2.E-2),#18);
#8399=PRESENTATION_STYLE_ASSIGNMENT((#8398));
#8400=STYLED_ITEM('',(#8399),#8397);
#8401=DIRECTION('',(0.E0,1.E0,0.E0));
#8402=VECTOR('',#8401,2.2E0);
#8403=CARTESIAN_POINT('',(5.5E0,1.45E0,2.8E0));
#8404=LINE('',#8403,#8402);
#8405=CURVE_STYLE('',#65,POSITIVE_LENGTH_MEASURE(2.E-2),#18);
#8406=PRESENTATION_STYLE_ASSIGNMENT((#8405));
#8407=STYLED_ITEM('',(#8406),#8404);
#8408=DIRECTION('',(0.E0,1.E0,0.E0));
#8409=VECTOR('',#8408,2.2E0);
#8410=CARTESIAN_POINT('',(5.5E0,1.45E0,-2.8E0));
#8411=LINE('',#8410,#8409);
#8412=CURVE_STYLE('',#65,POSITIVE_LENGTH_MEASURE(2.E-2),#18);
#8413=PRESENTATION_STYLE_ASSIGNMENT((#8412));
#8414=STYLED_ITEM('',(#8413),#8411);
#8415=DIRECTION('',(0.E0,1.E0,0.E0));
#8416=VECTOR('',#8415,2.2E0);
#8417=CARTESIAN_POINT('',(2.46E0,1.45E0,-2.8E0));
#8418=LINE('',#8417,#8416);
#8419=CURVE_STYLE('',#65,POSITIVE_LENGTH_MEASURE(2.E-2),#18);
#8420=PRESENTATION_STYLE_ASSIGNMENT((#8419));
#8421=STYLED_ITEM('',(#8420),#8418);
#8422=DIRECTION('',(0.E0,1.E0,0.E0));
#8423=VECTOR('',#8422,2.2E0);
#8424=CARTESIAN_POINT('',(-2.46E0,1.45E0,-2.8E0));
#8425=LINE('',#8424,#8423);
#8426=CURVE_STYLE('',#65,POSITIVE_LENGTH_MEASURE(2.E-2),#18);
#8427=PRESENTATION_STYLE_ASSIGNMENT((#8426));
#8428=STYLED_ITEM('',(#8427),#8425);
#8429=DIRECTION('',(0.E0,1.E0,0.E0));
#8430=VECTOR('',#8429,2.2E0);
#8431=CARTESIAN_POINT('',(-5.5E0,1.45E0,-2.8E0));
#8432=LINE('',#8431,#8430);
#8433=CURVE_STYLE('',#65,POSITIVE_LENGTH_MEASURE(2.E-2),#18);
#8434=PRESENTATION_STYLE_ASSIGNMENT((#8433));
#8435=STYLED_ITEM('',(#8434),#8432);
#8436=DIRECTION('',(0.E0,0.E0,-1.E0));
#8437=VECTOR('',#8436,5.6E0);
#8438=CARTESIAN_POINT('',(-5.5E0,3.65E0,2.8E0));
#8439=LINE('',#8438,#8437);
#8440=CURVE_STYLE('',#65,POSITIVE_LENGTH_MEASURE(2.E-2),#18);
#8441=PRESENTATION_STYLE_ASSIGNMENT((#8440));
#8442=STYLED_ITEM('',(#8441),#8439);
#8443=DIRECTION('',(-1.E0,0.E0,0.E0));
#8444=VECTOR('',#8443,3.04E0);
#8445=CARTESIAN_POINT('',(-2.46E0,3.65E0,2.8E0));
#8446=LINE('',#8445,#8444);
#8447=CURVE_STYLE('',#65,POSITIVE_LENGTH_MEASURE(2.E-2),#18);
#8448=PRESENTATION_STYLE_ASSIGNMENT((#8447));
#8449=STYLED_ITEM('',(#8448),#8446);
#8450=CARTESIAN_POINT('',(0.E0,3.65E0,-1.552975993501E0));
#8451=DIRECTION('',(0.E0,-1.E0,0.E0));
#8452=DIRECTION('',(4.92E-1,0.E0,8.705951987003E-1));
#8453=AXIS2_PLACEMENT_3D('',#8450,#8451,#8452);
#8455=CURVE_STYLE('',#65,POSITIVE_LENGTH_MEASURE(2.E-2),#18);
#8456=PRESENTATION_STYLE_ASSIGNMENT((#8455));
#8457=STYLED_ITEM('',(#8456),#8454);
#8458=DIRECTION('',(-1.E0,0.E0,0.E0));
#8459=VECTOR('',#8458,3.04E0);
#8460=CARTESIAN_POINT('',(5.5E0,3.65E0,2.8E0));
#8461=LINE('',#8460,#8459);
#8462=CURVE_STYLE('',#65,POSITIVE_LENGTH_MEASURE(2.E-2),#18);
#8463=PRESENTATION_STYLE_ASSIGNMENT((#8462));
#8464=STYLED_ITEM('',(#8463),#8461);
#8465=DIRECTION('',(0.E0,0.E0,1.E0));
#8466=VECTOR('',#8465,5.6E0);
#8467=CARTESIAN_POINT('',(5.5E0,3.65E0,-2.8E0));
#8468=LINE('',#8467,#8466);
#8469=CURVE_STYLE('',#65,POSITIVE_LENGTH_MEASURE(2.E-2),#18);
#8470=PRESENTATION_STYLE_ASSIGNMENT((#8469));
#8471=STYLED_ITEM('',(#8470),#8468);
#8472=DIRECTION('',(1.E0,0.E0,0.E0));
#8473=VECTOR('',#8472,3.04E0);
#8474=CARTESIAN_POINT('',(2.46E0,3.65E0,-2.8E0));
#8475=LINE('',#8474,#8473);
#8476=CURVE_STYLE('',#65,POSITIVE_LENGTH_MEASURE(2.E-2),#18);
#8477=PRESENTATION_STYLE_ASSIGNMENT((#8476));
#8478=STYLED_ITEM('',(#8477),#8475);
#8479=CARTESIAN_POINT('',(0.E0,3.65E0,1.552975993501E0));
#8480=DIRECTION('',(0.E0,-1.E0,0.E0));
#8481=DIRECTION('',(-4.92E-1,0.E0,-8.705951987003E-1));
#8482=AXIS2_PLACEMENT_3D('',#8479,#8480,#8481);
#8484=CURVE_STYLE('',#65,POSITIVE_LENGTH_MEASURE(2.E-2),#18);
#8485=PRESENTATION_STYLE_ASSIGNMENT((#8484));
#8486=STYLED_ITEM('',(#8485),#8483);
#8487=DIRECTION('',(1.E0,0.E0,0.E0));
#8488=VECTOR('',#8487,3.04E0);
#8489=CARTESIAN_POINT('',(-5.5E0,3.65E0,-2.8E0));
#8490=LINE('',#8489,#8488);
#8491=CURVE_STYLE('',#65,POSITIVE_LENGTH_MEASURE(2.E-2),#18);
#8492=PRESENTATION_STYLE_ASSIGNMENT((#8491));
#8493=STYLED_ITEM('',(#8492),#8490);
#8494=DIRECTION('',(-3.487870047506E-2,9.987827506633E-1,-3.487826301096E-2));
#8495=VECTOR('',#8494,4.262167955310E0);
#8496=CARTESIAN_POINT('',(6.58E0,0.E0,3.980947293245E0));
#8497=LINE('',#8496,#8495);
#8498=CURVE_STYLE('',#65,POSITIVE_LENGTH_MEASURE(2.E-2),#18);
#8499=PRESENTATION_STYLE_ASSIGNMENT((#8498));
#8500=STYLED_ITEM('',(#8499),#8497);
#8501=DIRECTION('',(-2.142129491632E-8,-7.479448638738E-10,-1.E0));
#8502=VECTOR('',#8501,7.664580556670E0);
#8503=CARTESIAN_POINT('',(6.431341120512E0,4.256979834193E0,3.832290278303E0));
#8504=LINE('',#8503,#8502);
#8505=CURVE_STYLE('',#65,POSITIVE_LENGTH_MEASURE(2.E-2),#18);
#8506=PRESENTATION_STYLE_ASSIGNMENT((#8505));
#8507=STYLED_ITEM('',(#8506),#8504);
#8508=DIRECTION('',(-3.487873899660E-2,9.987827493186E-1,3.487826299601E-2));
#8509=VECTOR('',#8508,4.262167955309E0);
#8510=CARTESIAN_POINT('',(6.58E0,0.E0,-3.980947293245E0));
#8511=LINE('',#8510,#8509);
#8512=CURVE_STYLE('',#65,POSITIVE_LENGTH_MEASURE(2.E-2),#18);
#8513=PRESENTATION_STYLE_ASSIGNMENT((#8512));
#8514=STYLED_ITEM('',(#8513),#8511);
#8515=CARTESIAN_POINT('',(6.231464820800E0,4.25E0,3.832290299439E0));
#8516=DIRECTION('',(0.E0,0.E0,1.E0));
#8517=DIRECTION('',(9.993908270191E-1,3.489949670250E-2,0.E0));
#8518=AXIS2_PLACEMENT_3D('',#8515,#8516,#8517);
#8520=CURVE_STYLE('',#65,POSITIVE_LENGTH_MEASURE(2.E-2),#18);
#8521=PRESENTATION_STYLE_ASSIGNMENT((#8520));
#8522=STYLED_ITEM('',(#8521),#8519);
#8523=CARTESIAN_POINT('',(6.231464820800E0,4.25E0,-3.832290296322E0));
#8524=DIRECTION('',(0.E0,0.E0,1.E0));
#8525=DIRECTION('',(9.993908270191E-1,3.489949670250E-2,0.E0));
#8526=AXIS2_PLACEMENT_3D('',#8523,#8524,#8525);
#8528=CURVE_STYLE('',#65,POSITIVE_LENGTH_MEASURE(2.E-2),#18);
#8529=PRESENTATION_STYLE_ASSIGNMENT((#8528));
#8530=STYLED_ITEM('',(#8529),#8527);
#8531=CARTESIAN_POINT('',(6.181495278367E0,4.256979828461E0,4.082135956327E0));
#8532=CARTESIAN_POINT('',(6.203287427530E0,4.257585644596E0,4.082111895988E0));
#8533=CARTESIAN_POINT('',(6.246867846729E0,4.258644984203E0,4.076343131812E0));
#8534=CARTESIAN_POINT('',(6.307787004952E0,4.259639439438E0,4.051066438970E0));
#8535=CARTESIAN_POINT('',(6.360108348584E0,4.259977892340E0,4.010903383832E0));
#8536=CARTESIAN_POINT('',(6.400271375054E0,4.259639377330E0,3.958582060524E0));
#8537=CARTESIAN_POINT('',(6.425548246226E0,4.258644745875E0,3.897662941413E0));
#8538=CARTESIAN_POINT('',(6.431316605075E0,4.257586027036E0,3.854082453614E0));
#8539=CARTESIAN_POINT('',(6.431341120512E0,4.256979834193E0,3.832290278303E0));
#8541=CURVE_STYLE('',#65,POSITIVE_LENGTH_MEASURE(2.E-2),#18);
#8542=PRESENTATION_STYLE_ASSIGNMENT((#8541));
#8543=STYLED_ITEM('',(#8542),#8540);
#8544=CARTESIAN_POINT('',(6.181495296322E0,4.25E0,3.882259820800E0));
#8545=DIRECTION('',(-1.E0,0.E0,0.E0));
#8546=DIRECTION('',(0.E0,3.489949670250E-2,9.993908270191E-1));
#8547=AXIS2_PLACEMENT_3D('',#8544,#8545,#8546);
#8549=CURVE_STYLE('',#65,POSITIVE_LENGTH_MEASURE(2.E-2),#18);
#8550=PRESENTATION_STYLE_ASSIGNMENT((#8549));
#8551=STYLED_ITEM('',(#8550),#8548);
#8552=CARTESIAN_POINT('',(-6.181495299439E0,4.25E0,3.882259820800E0));
#8553=DIRECTION('',(-1.E0,0.E0,0.E0));
#8554=DIRECTION('',(0.E0,3.489949670250E-2,9.993908270191E-1));
#8555=AXIS2_PLACEMENT_3D('',#8552,#8553,#8554);
#8557=CURVE_STYLE('',#65,POSITIVE_LENGTH_MEASURE(2.E-2),#18);
#8558=PRESENTATION_STYLE_ASSIGNMENT((#8557));
#8559=STYLED_ITEM('',(#8558),#8556);
#8560=DIRECTION('',(-3.487826299601E-2,9.987827493186E-1,-3.487873899660E-2));
#8561=VECTOR('',#8560,4.262167955309E0);
#8562=CARTESIAN_POINT('',(6.330152293245E0,0.E0,4.230795E0));
#8563=LINE('',#8562,#8561);
#8564=CURVE_STYLE('',#65,POSITIVE_LENGTH_MEASURE(2.E-2),#18);
#8565=PRESENTATION_STYLE_ASSIGNMENT((#8564));
#8566=STYLED_ITEM('',(#8565),#8563);
#8567=DIRECTION('',(3.487826301096E-2,9.987827506633E-1,-3.487870047506E-2));
#8568=VECTOR('',#8567,4.262167955310E0);
#8569=CARTESIAN_POINT('',(-6.330152293245E0,0.E0,4.230795E0));
#8570=LINE('',#8569,#8568);
#8571=CURVE_STYLE('',#65,POSITIVE_LENGTH_MEASURE(2.E-2),#18);
#8572=PRESENTATION_STYLE_ASSIGNMENT((#8571));
#8573=STYLED_ITEM('',(#8572),#8570);
#8574=DIRECTION('',(-1.E0,4.636971641150E-10,1.328038219180E-8));
#8575=VECTOR('',#8574,1.236299055667E1);
#8576=CARTESIAN_POINT('',(6.181495278367E0,4.256979828461E0,4.082135956327E0));
#8577=LINE('',#8576,#8575);
#8578=CURVE_STYLE('',#65,POSITIVE_LENGTH_MEASURE(2.E-2),#18);
#8579=PRESENTATION_STYLE_ASSIGNMENT((#8578));
#8580=STYLED_ITEM('',(#8579),#8577);
#8581=DIRECTION('',(0.E0,0.E0,-1.E0));
#8582=VECTOR('',#8581,2.E0);
#8583=CARTESIAN_POINT('',(-6.435078806609E0,4.15E0,1.E0));
#8584=LINE('',#8583,#8582);
#8585=CURVE_STYLE('',#65,POSITIVE_LENGTH_MEASURE(2.E-2),#18);
#8586=PRESENTATION_STYLE_ASSIGNMENT((#8585));
#8587=STYLED_ITEM('',(#8586),#8584);
#8588=DIRECTION('',(-3.489949670250E-2,-9.993908270191E-1,0.E0));
#8589=VECTOR('',#8588,1.070451083282E-1);
#8590=CARTESIAN_POINT('',(-6.431342986204E0,4.256979899341E0,1.E0));
#8591=LINE('',#8590,#8589);
#8592=CURVE_STYLE('',#65,POSITIVE_LENGTH_MEASURE(2.E-2),#18);
#8593=PRESENTATION_STYLE_ASSIGNMENT((#8592));
#8594=STYLED_ITEM('',(#8593),#8591);
#8595=DIRECTION('',(-7.166910209984E-7,2.502562721230E-8,-9.999999999997E-1));
#8596=VECTOR('',#8595,2.832290278368E0);
#8597=CARTESIAN_POINT('',(-6.431340956327E0,4.256979828461E0,3.832290278367E0));
#8598=LINE('',#8597,#8596);
#8599=CURVE_STYLE('',#65,POSITIVE_LENGTH_MEASURE(2.E-2),#18);
#8600=PRESENTATION_STYLE_ASSIGNMENT((#8599));
#8601=STYLED_ITEM('',(#8600),#8598);
#8602=DIRECTION('',(3.487873899660E-2,9.987827493186E-1,-3.487826299601E-2));
#8603=VECTOR('',#8602,4.262167955309E0);
#8604=CARTESIAN_POINT('',(-6.58E0,0.E0,3.980947293245E0));
#8605=LINE('',#8604,#8603);
#8606=CURVE_STYLE('',#65,POSITIVE_LENGTH_MEASURE(2.E-2),#18);
#8607=PRESENTATION_STYLE_ASSIGNMENT((#8606));
#8608=STYLED_ITEM('',(#8607),#8605);
#8609=DIRECTION('',(3.487870047506E-2,9.987827506633E-1,3.487826301096E-2));
#8610=VECTOR('',#8609,4.262167955310E0);
#8611=CARTESIAN_POINT('',(-6.58E0,0.E0,-3.980947293245E0));
#8612=LINE('',#8611,#8610);
#8613=CURVE_STYLE('',#65,POSITIVE_LENGTH_MEASURE(2.E-2),#18);
#8614=PRESENTATION_STYLE_ASSIGNMENT((#8613));
#8615=STYLED_ITEM('',(#8614),#8612);
#8616=DIRECTION('',(6.587219481902E-7,-2.300158228469E-8,-9.999999999998E-1));
#8617=VECTOR('',#8616,2.832290278304E0);
#8618=CARTESIAN_POINT('',(-6.431342986204E0,4.256979899341E0,-1.E0));
#8619=LINE('',#8618,#8617);
#8620=CURVE_STYLE('',#65,POSITIVE_LENGTH_MEASURE(2.E-2),#18);
#8621=PRESENTATION_STYLE_ASSIGNMENT((#8620));
#8622=STYLED_ITEM('',(#8621),#8619);
#8623=DIRECTION('',(-3.489949670250E-2,-9.993908270191E-1,0.E0));
#8624=VECTOR('',#8623,1.070451083282E-1);
#8625=CARTESIAN_POINT('',(-6.431342986204E0,4.256979899341E0,-1.E0));
#8626=LINE('',#8625,#8624);
#8627=CURVE_STYLE('',#65,POSITIVE_LENGTH_MEASURE(2.E-2),#18);
#8628=PRESENTATION_STYLE_ASSIGNMENT((#8627));
#8629=STYLED_ITEM('',(#8628),#8626);
#8630=DIRECTION('',(-1.E0,0.E0,0.E0));
#8631=VECTOR('',#8630,8.050788066092E-1);
#8632=CARTESIAN_POINT('',(-5.63E0,4.15E0,-1.E0));
#8633=LINE('',#8632,#8631);
#8634=CURVE_STYLE('',#65,POSITIVE_LENGTH_MEASURE(2.E-2),#18);
#8635=PRESENTATION_STYLE_ASSIGNMENT((#8634));
#8636=STYLED_ITEM('',(#8635),#8633);
#8637=CARTESIAN_POINT('',(-5.63E0,4.15E0,0.E0));
#8638=DIRECTION('',(0.E0,1.E0,0.E0));
#8639=DIRECTION('',(0.E0,0.E0,1.E0));
#8640=AXIS2_PLACEMENT_3D('',#8637,#8638,#8639);
#8642=CURVE_STYLE('',#65,POSITIVE_LENGTH_MEASURE(2.E-2),#18);
#8643=PRESENTATION_STYLE_ASSIGNMENT((#8642));
#8644=STYLED_ITEM('',(#8643),#8641);
#8645=DIRECTION('',(1.E0,0.E0,0.E0));
#8646=VECTOR('',#8645,8.050788066092E-1);
#8647=CARTESIAN_POINT('',(-6.435078806609E0,4.15E0,1.E0));
#8648=LINE('',#8647,#8646);
#8649=CURVE_STYLE('',#65,POSITIVE_LENGTH_MEASURE(2.E-2),#18);
#8650=PRESENTATION_STYLE_ASSIGNMENT((#8649));
#8651=STYLED_ITEM('',(#8650),#8648);
#8652=DIRECTION('',(0.E0,-1.E0,0.E0));
#8653=VECTOR('',#8652,3.E-1);
#8654=CARTESIAN_POINT('',(-5.63E0,4.45E0,-1.E0));
#8655=LINE('',#8654,#8653);
#8656=CURVE_STYLE('',#65,POSITIVE_LENGTH_MEASURE(2.E-2),#18);
#8657=PRESENTATION_STYLE_ASSIGNMENT((#8656));
#8658=STYLED_ITEM('',(#8657),#8655);
#8659=DIRECTION('',(1.E0,0.E0,0.E0));
#8660=VECTOR('',#8659,6.014648208003E-1);
#8661=CARTESIAN_POINT('',(-6.231464820800E0,4.45E0,1.E0));
#8662=LINE('',#8661,#8660);
#8663=CURVE_STYLE('',#65,POSITIVE_LENGTH_MEASURE(2.E-2),#18);
#8664=PRESENTATION_STYLE_ASSIGNMENT((#8663));
#8665=STYLED_ITEM('',(#8664),#8662);
#8666=CARTESIAN_POINT('',(-5.63E0,4.45E0,0.E0));
#8667=DIRECTION('',(0.E0,1.E0,0.E0));
#8668=DIRECTION('',(0.E0,0.E0,1.E0));
#8669=AXIS2_PLACEMENT_3D('',#8666,#8667,#8668);
#8671=CURVE_STYLE('',#65,POSITIVE_LENGTH_MEASURE(2.E-2),#18);
#8672=PRESENTATION_STYLE_ASSIGNMENT((#8671));
#8673=STYLED_ITEM('',(#8672),#8670);
#8674=DIRECTION('',(1.E0,0.E0,0.E0));
#8675=VECTOR('',#8674,6.014648208003E-1);
#8676=CARTESIAN_POINT('',(-6.231464820800E0,4.45E0,-1.E0));
#8677=LINE('',#8676,#8675);
#8678=CURVE_STYLE('',#65,POSITIVE_LENGTH_MEASURE(2.E-2),#18);
#8679=PRESENTATION_STYLE_ASSIGNMENT((#8678));
#8680=STYLED_ITEM('',(#8679),#8677);
#8681=DIRECTION('',(1.145006950008E-7,-1.186311133273E-12,-1.E0));
#8682=VECTOR('',#8681,2.832291519051E0);
#8683=CARTESIAN_POINT('',(-6.231464820800E0,4.45E0,-1.E0));
#8684=LINE('',#8683,#8682);
#8685=CURVE_STYLE('',#65,POSITIVE_LENGTH_MEASURE(2.E-2),#18);
#8686=PRESENTATION_STYLE_ASSIGNMENT((#8685));
#8687=STYLED_ITEM('',(#8686),#8684);
#8688=CARTESIAN_POINT('',(-6.181496606063E0,4.449999999996E0,
-3.882259473763E0));
#8689=CARTESIAN_POINT('',(-6.185912619637E0,4.449999999996E0,
-3.882258283020E0));
#8690=CARTESIAN_POINT('',(-6.194440082096E0,4.450000000002E0,
-3.881138451135E0));
#8691=CARTESIAN_POINT('',(-6.206748245541E0,4.449999999999E0,
-3.876091159064E0));
#8692=CARTESIAN_POINT('',(-6.217234018272E0,4.45E0,-3.868036485404E0));
#8693=CARTESIAN_POINT('',(-6.225294912232E0,4.45E0,-3.857546881886E0));
#8694=CARTESIAN_POINT('',(-6.230343398149E0,4.450000000002E0,
-3.845236095972E0));
#8695=CARTESIAN_POINT('',(-6.231463080391E0,4.449999999997E0,
-3.836707861840E0));
#8696=CARTESIAN_POINT('',(-6.231464496501E0,4.449999999997E0,
-3.832291519051E0));
#8698=CURVE_STYLE('',#65,POSITIVE_LENGTH_MEASURE(2.E-2),#18);
#8699=PRESENTATION_STYLE_ASSIGNMENT((#8698));
#8700=STYLED_ITEM('',(#8699),#8697);
#8701=DIRECTION('',(-1.E0,-3.922556716230E-14,1.839201963274E-9));
#8702=VECTOR('',#8701,1.236299312511E1);
#8703=CARTESIAN_POINT('',(6.181496519051E0,4.449999999997E0,-3.882259496501E0));
#8704=LINE('',#8703,#8702);
#8705=CURVE_STYLE('',#65,POSITIVE_LENGTH_MEASURE(2.E-2),#18);
#8706=PRESENTATION_STYLE_ASSIGNMENT((#8705));
#8707=STYLED_ITEM('',(#8706),#8704);
#8708=CARTESIAN_POINT('',(6.231464473763E0,4.449999999996E0,-3.832291606063E0));
#8709=CARTESIAN_POINT('',(6.231463283020E0,4.449999999996E0,-3.836707619637E0));
#8710=CARTESIAN_POINT('',(6.230343451135E0,4.450000000002E0,-3.845235082096E0));
#8711=CARTESIAN_POINT('',(6.225296159064E0,4.449999999999E0,-3.857543245541E0));
#8712=CARTESIAN_POINT('',(6.217241485404E0,4.45E0,-3.868029018272E0));
#8713=CARTESIAN_POINT('',(6.206751881886E0,4.45E0,-3.876089912232E0));
#8714=CARTESIAN_POINT('',(6.194441095972E0,4.450000000002E0,-3.881138398149E0));
#8715=CARTESIAN_POINT('',(6.185912861840E0,4.449999999997E0,-3.882258080391E0));
#8716=CARTESIAN_POINT('',(6.181496519051E0,4.449999999997E0,-3.882259496501E0));
#8718=CURVE_STYLE('',#65,POSITIVE_LENGTH_MEASURE(2.E-2),#18);
#8719=PRESENTATION_STYLE_ASSIGNMENT((#8718));
#8720=STYLED_ITEM('',(#8719),#8717);
#8721=DIRECTION('',(-2.966640651557E-9,-6.327094497381E-14,-1.E0));
#8722=VECTOR('',#8721,7.664583125114E0);
#8723=CARTESIAN_POINT('',(6.231464496501E0,4.449999999997E0,3.832291519051E0));
#8724=LINE('',#8723,#8722);
#8725=CURVE_STYLE('',#65,POSITIVE_LENGTH_MEASURE(2.E-2),#18);
#8726=PRESENTATION_STYLE_ASSIGNMENT((#8725));
#8727=STYLED_ITEM('',(#8726),#8724);
#8728=CARTESIAN_POINT('',(6.181496606063E0,4.449999999996E0,3.882259473763E0));
#8729=CARTESIAN_POINT('',(6.185912619637E0,4.449999999996E0,3.882258283020E0));
#8730=CARTESIAN_POINT('',(6.194440082096E0,4.450000000002E0,3.881138451135E0));
#8731=CARTESIAN_POINT('',(6.206748245541E0,4.449999999999E0,3.876091159064E0));
#8732=CARTESIAN_POINT('',(6.217234018272E0,4.45E0,3.868036485404E0));
#8733=CARTESIAN_POINT('',(6.225294912232E0,4.45E0,3.857546881886E0));
#8734=CARTESIAN_POINT('',(6.230343398149E0,4.450000000002E0,3.845236095972E0));
#8735=CARTESIAN_POINT('',(6.231463080391E0,4.449999999997E0,3.836707861840E0));
#8736=CARTESIAN_POINT('',(6.231464496501E0,4.449999999997E0,3.832291519051E0));
#8738=CURVE_STYLE('',#65,POSITIVE_LENGTH_MEASURE(2.E-2),#18);
#8739=PRESENTATION_STYLE_ASSIGNMENT((#8738));
#8740=STYLED_ITEM('',(#8739),#8737);
#8741=DIRECTION('',(-1.E0,3.922556716230E-14,1.839201963274E-9));
#8742=VECTOR('',#8741,1.236299312511E1);
#8743=CARTESIAN_POINT('',(6.181496606063E0,4.449999999996E0,3.882259473763E0));
#8744=LINE('',#8743,#8742);
#8745=CURVE_STYLE('',#65,POSITIVE_LENGTH_MEASURE(2.E-2),#18);
#8746=PRESENTATION_STYLE_ASSIGNMENT((#8745));
#8747=STYLED_ITEM('',(#8746),#8744);
#8748=CARTESIAN_POINT('',(-6.231464473763E0,4.449999999996E0,3.832291606063E0));
#8749=CARTESIAN_POINT('',(-6.231463283020E0,4.449999999996E0,3.836707619637E0));
#8750=CARTESIAN_POINT('',(-6.230343451135E0,4.450000000002E0,3.845235082096E0));
#8751=CARTESIAN_POINT('',(-6.225296159064E0,4.449999999999E0,3.857543245541E0));
#8752=CARTESIAN_POINT('',(-6.217241485404E0,4.45E0,3.868029018272E0));
#8753=CARTESIAN_POINT('',(-6.206751881886E0,4.45E0,3.876089912232E0));
#8754=CARTESIAN_POINT('',(-6.194441095972E0,4.450000000002E0,3.881138398149E0));
#8755=CARTESIAN_POINT('',(-6.185912861840E0,4.449999999997E0,3.882258080391E0));
#8756=CARTESIAN_POINT('',(-6.181496519051E0,4.449999999997E0,3.882259496501E0));
#8758=CURVE_STYLE('',#65,POSITIVE_LENGTH_MEASURE(2.E-2),#18);
#8759=PRESENTATION_STYLE_ASSIGNMENT((#8758));
#8760=STYLED_ITEM('',(#8759),#8757);
#8761=DIRECTION('',(-1.225288418824E-7,1.357531255133E-12,-1.E0));
#8762=VECTOR('',#8761,2.832291606063E0);
#8763=CARTESIAN_POINT('',(-6.231464473763E0,4.449999999996E0,3.832291606063E0));
#8764=LINE('',#8763,#8762);
#8765=CURVE_STYLE('',#65,POSITIVE_LENGTH_MEASURE(2.E-2),#18);
#8766=PRESENTATION_STYLE_ASSIGNMENT((#8765));
#8767=STYLED_ITEM('',(#8766),#8764);
#8768=CARTESIAN_POINT('',(-6.231464820800E0,4.25E0,1.E0));
#8769=DIRECTION('',(0.E0,0.E0,-1.E0));
#8770=DIRECTION('',(-9.993908270191E-1,3.489949670251E-2,0.E0));
#8771=AXIS2_PLACEMENT_3D('',#8768,#8769,#8770);
#8773=CURVE_STYLE('',#65,POSITIVE_LENGTH_MEASURE(2.E-2),#18);
#8774=PRESENTATION_STYLE_ASSIGNMENT((#8773));
#8775=STYLED_ITEM('',(#8774),#8772);
#8776=CARTESIAN_POINT('',(-6.231464820800E0,4.25E0,3.832290296322E0));
#8777=DIRECTION('',(0.E0,0.E0,-1.E0));
#8778=DIRECTION('',(-9.993908270191E-1,3.489949670250E-2,0.E0));
#8779=AXIS2_PLACEMENT_3D('',#8776,#8777,#8778);
#8781=CURVE_STYLE('',#65,POSITIVE_LENGTH_MEASURE(2.E-2),#18);
#8782=PRESENTATION_STYLE_ASSIGNMENT((#8781));
#8783=STYLED_ITEM('',(#8782),#8780);
#8784=CARTESIAN_POINT('',(-6.231464820800E0,4.25E0,-1.E0));
#8785=DIRECTION('',(0.E0,0.E0,-1.E0));
#8786=DIRECTION('',(-9.993908270191E-1,3.489949670251E-2,0.E0));
#8787=AXIS2_PLACEMENT_3D('',#8784,#8785,#8786);
#8789=CURVE_STYLE('',#65,POSITIVE_LENGTH_MEASURE(2.E-2),#18);
#8790=PRESENTATION_STYLE_ASSIGNMENT((#8789));
#8791=STYLED_ITEM('',(#8790),#8788);
#8792=CARTESIAN_POINT('',(-6.231464820800E0,4.25E0,-3.832290299439E0));
#8793=DIRECTION('',(0.E0,0.E0,-1.E0));
#8794=DIRECTION('',(-9.993908270191E-1,3.489949670250E-2,0.E0));
#8795=AXIS2_PLACEMENT_3D('',#8792,#8793,#8794);
#8797=CURVE_STYLE('',#65,POSITIVE_LENGTH_MEASURE(2.E-2),#18);
#8798=PRESENTATION_STYLE_ASSIGNMENT((#8797));
#8799=STYLED_ITEM('',(#8798),#8796);
#8800=CARTESIAN_POINT('',(-6.431340956327E0,4.256979828461E0,3.832290278367E0));
#8801=CARTESIAN_POINT('',(-6.431316895988E0,4.257585644596E0,3.854082427530E0));
#8802=CARTESIAN_POINT('',(-6.425548131812E0,4.258644984203E0,3.897662846729E0));
#8803=CARTESIAN_POINT('',(-6.400271438970E0,4.259639439438E0,3.958582004952E0));
#8804=CARTESIAN_POINT('',(-6.360108383832E0,4.259977892340E0,4.010903348584E0));
#8805=CARTESIAN_POINT('',(-6.307787060524E0,4.259639377330E0,4.051066375054E0));
#8806=CARTESIAN_POINT('',(-6.246867941413E0,4.258644745875E0,4.076343246226E0));
#8807=CARTESIAN_POINT('',(-6.203287453614E0,4.257586027036E0,4.082111605075E0));
#8808=CARTESIAN_POINT('',(-6.181495278303E0,4.256979834193E0,4.082136120512E0));
#8810=CURVE_STYLE('',#65,POSITIVE_LENGTH_MEASURE(2.E-2),#18);
#8811=PRESENTATION_STYLE_ASSIGNMENT((#8810));
#8812=STYLED_ITEM('',(#8811),#8809);
#8813=CARTESIAN_POINT('',(-6.181495278367E0,4.256979828461E0,
-4.082135956327E0));
#8814=CARTESIAN_POINT('',(-6.203287427530E0,4.257585644596E0,
-4.082111895988E0));
#8815=CARTESIAN_POINT('',(-6.246867846729E0,4.258644984203E0,
-4.076343131812E0));
#8816=CARTESIAN_POINT('',(-6.307787004952E0,4.259639439438E0,
-4.051066438970E0));
#8817=CARTESIAN_POINT('',(-6.360108348584E0,4.259977892340E0,
-4.010903383832E0));
#8818=CARTESIAN_POINT('',(-6.400271375054E0,4.259639377330E0,
-3.958582060524E0));
#8819=CARTESIAN_POINT('',(-6.425548246226E0,4.258644745875E0,
-3.897662941413E0));
#8820=CARTESIAN_POINT('',(-6.431316605075E0,4.257586027036E0,
-3.854082453614E0));
#8821=CARTESIAN_POINT('',(-6.431341120512E0,4.256979834193E0,
-3.832290278303E0));
#8823=CURVE_STYLE('',#65,POSITIVE_LENGTH_MEASURE(2.E-2),#18);
#8824=PRESENTATION_STYLE_ASSIGNMENT((#8823));
#8825=STYLED_ITEM('',(#8824),#8822);
#8826=CARTESIAN_POINT('',(-6.181495296322E0,4.25E0,-3.882259820800E0));
#8827=DIRECTION('',(1.E0,0.E0,0.E0));
#8828=DIRECTION('',(0.E0,3.489949670250E-2,-9.993908270191E-1));
#8829=AXIS2_PLACEMENT_3D('',#8826,#8827,#8828);
#8831=CURVE_STYLE('',#65,POSITIVE_LENGTH_MEASURE(2.E-2),#18);
#8832=PRESENTATION_STYLE_ASSIGNMENT((#8831));
#8833=STYLED_ITEM('',(#8832),#8830);
#8834=CARTESIAN_POINT('',(6.181495299439E0,4.25E0,-3.882259820800E0));
#8835=DIRECTION('',(1.E0,0.E0,0.E0));
#8836=DIRECTION('',(0.E0,3.489949670250E-2,-9.993908270191E-1));
#8837=AXIS2_PLACEMENT_3D('',#8834,#8835,#8836);
#8839=CURVE_STYLE('',#65,POSITIVE_LENGTH_MEASURE(2.E-2),#18);
#8840=PRESENTATION_STYLE_ASSIGNMENT((#8839));
#8841=STYLED_ITEM('',(#8840),#8838);
#8842=DIRECTION('',(3.487826299601E-2,9.987827493186E-1,3.487873899660E-2));
#8843=VECTOR('',#8842,4.262167955309E0);
#8844=CARTESIAN_POINT('',(-6.330152293245E0,0.E0,-4.230795E0));
#8845=LINE('',#8844,#8843);
#8846=CURVE_STYLE('',#65,POSITIVE_LENGTH_MEASURE(2.E-2),#18);
#8847=PRESENTATION_STYLE_ASSIGNMENT((#8846));
#8848=STYLED_ITEM('',(#8847),#8845);
#8849=DIRECTION('',(-3.487826301096E-2,9.987827506633E-1,3.487870047506E-2));
#8850=VECTOR('',#8849,4.262167955310E0);
#8851=CARTESIAN_POINT('',(6.330152293245E0,0.E0,-4.230795E0));
#8852=LINE('',#8851,#8850);
#8853=CURVE_STYLE('',#65,POSITIVE_LENGTH_MEASURE(2.E-2),#18);
#8854=PRESENTATION_STYLE_ASSIGNMENT((#8853));
#8855=STYLED_ITEM('',(#8854),#8852);
#8856=DIRECTION('',(-1.E0,-4.636971641150E-10,1.328038219180E-8));
#8857=VECTOR('',#8856,1.236299055667E1);
#8858=CARTESIAN_POINT('',(6.181495278303E0,4.256979834193E0,-4.082136120512E0));
#8859=LINE('',#8858,#8857);
#8860=CURVE_STYLE('',#65,POSITIVE_LENGTH_MEASURE(2.E-2),#18);
#8861=PRESENTATION_STYLE_ASSIGNMENT((#8860));
#8862=STYLED_ITEM('',(#8861),#8859);
#8863=CARTESIAN_POINT('',(6.431340956327E0,4.256979828461E0,-3.832290278367E0));
#8864=CARTESIAN_POINT('',(6.431316895988E0,4.257585644596E0,-3.854082427530E0));
#8865=CARTESIAN_POINT('',(6.425548131812E0,4.258644984203E0,-3.897662846729E0));
#8866=CARTESIAN_POINT('',(6.400271438970E0,4.259639439438E0,-3.958582004952E0));
#8867=CARTESIAN_POINT('',(6.360108383832E0,4.259977892340E0,-4.010903348584E0));
#8868=CARTESIAN_POINT('',(6.307787060524E0,4.259639377330E0,-4.051066375054E0));
#8869=CARTESIAN_POINT('',(6.246867941413E0,4.258644745875E0,-4.076343246226E0));
#8870=CARTESIAN_POINT('',(6.203287453614E0,4.257586027036E0,-4.082111605075E0));
#8871=CARTESIAN_POINT('',(6.181495278303E0,4.256979834193E0,-4.082136120512E0));
#8873=CURVE_STYLE('',#65,POSITIVE_LENGTH_MEASURE(2.E-2),#18);
#8874=PRESENTATION_STYLE_ASSIGNMENT((#8873));
#8875=STYLED_ITEM('',(#8874),#8872);
#8876=DIRECTION('',(0.E0,-1.E0,0.E0));
#8877=VECTOR('',#8876,3.E-1);
#8878=CARTESIAN_POINT('',(-5.63E0,4.45E0,1.E0));
#8879=LINE('',#8878,#8877);
#8880=CURVE_STYLE('',#65,POSITIVE_LENGTH_MEASURE(2.E-2),#18);
#8881=PRESENTATION_STYLE_ASSIGNMENT((#8880));
#8882=STYLED_ITEM('',(#8881),#8879);
#8883=CARTESIAN_POINT('',(-6.029364884237E0,1.45E0,-3.680159884237E0));
#8884=CARTESIAN_POINT('',(-6.029364884237E0,1.45E0,3.680159884237E0));
#8885=VERTEX_POINT('',#8883);
#8886=VERTEX_POINT('',#8884);
#8887=CARTESIAN_POINT('',(6.029364884237E0,1.45E0,-3.680159884237E0));
#8888=VERTEX_POINT('',#8887);
#8889=CARTESIAN_POINT('',(6.029364884237E0,1.45E0,3.680159884237E0));
#8890=VERTEX_POINT('',#8889);
#8891=CARTESIAN_POINT('',(-6.08E0,0.E0,-3.730795E0));
#8892=CARTESIAN_POINT('',(-6.08E0,0.E0,3.730795E0));
#8893=VERTEX_POINT('',#8891);
#8894=VERTEX_POINT('',#8892);
#8895=CARTESIAN_POINT('',(6.08E0,0.E0,-3.730795E0));
#8896=VERTEX_POINT('',#8895);
#8897=CARTESIAN_POINT('',(6.08E0,0.E0,3.730795E0));
#8898=VERTEX_POINT('',#8897);
#8899=CARTESIAN_POINT('',(-5.5E0,3.65E0,2.8E0));
#8900=CARTESIAN_POINT('',(-5.5E0,3.65E0,-2.8E0));
#8901=VERTEX_POINT('',#8899);
#8902=VERTEX_POINT('',#8900);
#8903=CARTESIAN_POINT('',(-2.46E0,3.65E0,-2.8E0));
#8904=VERTEX_POINT('',#8903);
#8905=CARTESIAN_POINT('',(2.46E0,3.65E0,-2.8E0));
#8906=VERTEX_POINT('',#8905);
#8907=CARTESIAN_POINT('',(5.5E0,3.65E0,-2.8E0));
#8908=VERTEX_POINT('',#8907);
#8909=CARTESIAN_POINT('',(5.5E0,3.65E0,2.8E0));
#8910=VERTEX_POINT('',#8909);
#8911=CARTESIAN_POINT('',(2.46E0,3.65E0,2.8E0));
#8912=VERTEX_POINT('',#8911);
#8913=CARTESIAN_POINT('',(-2.46E0,3.65E0,2.8E0));
#8914=VERTEX_POINT('',#8913);
#8915=CARTESIAN_POINT('',(-5.5E0,1.45E0,2.8E0));
#8916=CARTESIAN_POINT('',(-5.5E0,1.45E0,-2.8E0));
#8917=VERTEX_POINT('',#8915);
#8918=VERTEX_POINT('',#8916);
#8919=CARTESIAN_POINT('',(-2.46E0,1.45E0,-2.8E0));
#8920=VERTEX_POINT('',#8919);
#8921=CARTESIAN_POINT('',(2.46E0,1.45E0,-2.8E0));
#8922=VERTEX_POINT('',#8921);
#8923=CARTESIAN_POINT('',(5.5E0,1.45E0,-2.8E0));
#8924=VERTEX_POINT('',#8923);
#8925=CARTESIAN_POINT('',(5.5E0,1.45E0,2.8E0));
#8926=VERTEX_POINT('',#8925);
#8927=CARTESIAN_POINT('',(2.46E0,1.45E0,2.8E0));
#8928=VERTEX_POINT('',#8927);
#8929=CARTESIAN_POINT('',(-2.46E0,1.45E0,2.8E0));
#8930=VERTEX_POINT('',#8929);
#8931=CARTESIAN_POINT('',(6.58E0,0.E0,3.980947293245E0));
#8932=CARTESIAN_POINT('',(6.431341120512E0,4.256979834193E0,3.832290278303E0));
#8933=VERTEX_POINT('',#8931);
#8934=VERTEX_POINT('',#8932);
#8935=VERTEX_POINT('',#8200);
#8936=CARTESIAN_POINT('',(6.181495278367E0,4.256979828461E0,4.082135956327E0));
#8937=VERTEX_POINT('',#8936);
#8938=CARTESIAN_POINT('',(6.181495296322E0,4.449999999999E0,3.882259300244E0));
#8939=VERTEX_POINT('',#8938);
#8940=VERTEX_POINT('',#8736);
#8941=CARTESIAN_POINT('',(-6.330152293245E0,0.E0,4.230795E0));
#8942=CARTESIAN_POINT('',(-6.181495278303E0,4.256979834193E0,4.082136120512E0));
#8943=VERTEX_POINT('',#8941);
#8944=VERTEX_POINT('',#8942);
#8945=VERTEX_POINT('',#8254);
#8946=CARTESIAN_POINT('',(-6.431340956327E0,4.256979828461E0,3.832290278367E0));
#8947=VERTEX_POINT('',#8946);
#8948=CARTESIAN_POINT('',(-6.231464300244E0,4.449999999999E0,3.832290296322E0));
#8949=VERTEX_POINT('',#8948);
#8950=VERTEX_POINT('',#8756);
#8951=CARTESIAN_POINT('',(-6.58E0,0.E0,-3.980947293245E0));
#8952=CARTESIAN_POINT('',(-6.431341120512E0,4.256979834193E0,
-3.832290278303E0));
#8953=VERTEX_POINT('',#8951);
#8954=VERTEX_POINT('',#8952);
#8955=VERTEX_POINT('',#8236);
#8956=CARTESIAN_POINT('',(-6.181495278367E0,4.256979828461E0,
-4.082135956327E0));
#8957=VERTEX_POINT('',#8956);
#8958=CARTESIAN_POINT('',(-6.181495296322E0,4.449999999999E0,
-3.882259300244E0));
#8959=VERTEX_POINT('',#8958);
#8960=VERTEX_POINT('',#8696);
#8961=CARTESIAN_POINT('',(6.330152293245E0,0.E0,-4.230795E0));
#8962=CARTESIAN_POINT('',(6.181495278303E0,4.256979834193E0,-4.082136120512E0));
#8963=VERTEX_POINT('',#8961);
#8964=VERTEX_POINT('',#8962);
#8965=VERTEX_POINT('',#8218);
#8966=CARTESIAN_POINT('',(6.431340956327E0,4.256979828461E0,-3.832290278367E0));
#8967=VERTEX_POINT('',#8966);
#8968=CARTESIAN_POINT('',(6.231464300244E0,4.449999999999E0,-3.832290296322E0));
#8969=VERTEX_POINT('',#8968);
#8970=VERTEX_POINT('',#8716);
#8971=CARTESIAN_POINT('',(-5.63E0,4.15E0,1.E0));
#8972=CARTESIAN_POINT('',(-5.63E0,4.15E0,-1.E0));
#8973=VERTEX_POINT('',#8971);
#8974=VERTEX_POINT('',#8972);
#8975=CARTESIAN_POINT('',(-6.231464820800E0,4.45E0,1.E0));
#8976=CARTESIAN_POINT('',(-5.63E0,4.45E0,1.E0));
#8977=VERTEX_POINT('',#8975);
#8978=VERTEX_POINT('',#8976);
#8979=CARTESIAN_POINT('',(-5.63E0,4.45E0,-1.E0));
#8980=VERTEX_POINT('',#8979);
#8981=CARTESIAN_POINT('',(-6.231464820800E0,4.45E0,-1.E0));
#8982=VERTEX_POINT('',#8981);
#8983=CARTESIAN_POINT('',(-6.435078806609E0,4.15E0,1.E0));
#8984=CARTESIAN_POINT('',(-6.435078806609E0,4.15E0,-1.E0));
#8985=VERTEX_POINT('',#8983);
#8986=VERTEX_POINT('',#8984);
#8987=CARTESIAN_POINT('',(-6.431342986204E0,4.256979899341E0,1.E0));
#8988=VERTEX_POINT('',#8987);
#8989=CARTESIAN_POINT('',(-6.431342986204E0,4.256979899341E0,-1.E0));
#8990=VERTEX_POINT('',#8989);
#8991=CARTESIAN_POINT('',(0.E0,0.E0,0.E0));
#8992=DIRECTION('',(0.E0,1.E0,0.E0));
#8993=DIRECTION('',(1.E0,0.E0,0.E0));
#8994=AXIS2_PLACEMENT_3D('',#8991,#8992,#8993);
#8995=PLANE('',#8994);
#8997=ORIENTED_EDGE('',*,*,#8996,.F.);
#8999=ORIENTED_EDGE('',*,*,#8998,.F.);
#9001=ORIENTED_EDGE('',*,*,#9000,.F.);
#9003=ORIENTED_EDGE('',*,*,#9002,.F.);
#9005=ORIENTED_EDGE('',*,*,#9004,.F.);
#9007=ORIENTED_EDGE('',*,*,#9006,.F.);
#9009=ORIENTED_EDGE('',*,*,#9008,.F.);
#9011=ORIENTED_EDGE('',*,*,#9010,.F.);
#9012=EDGE_LOOP('',(#8997,#8999,#9001,#9003,#9005,#9007,#9009,#9011));
#9013=FACE_OUTER_BOUND('',#9012,.F.);
#9015=ORIENTED_EDGE('',*,*,#9014,.F.);
#9017=ORIENTED_EDGE('',*,*,#9016,.F.);
#9019=ORIENTED_EDGE('',*,*,#9018,.F.);
#9021=ORIENTED_EDGE('',*,*,#9020,.F.);
#9022=EDGE_LOOP('',(#9015,#9017,#9019,#9021));
#9023=FACE_BOUND('',#9022,.F.);
#9025=FILL_AREA_STYLE_COLOUR('',#18);
#9026=FILL_AREA_STYLE('',(#9025));
#9027=SURFACE_STYLE_FILL_AREA(#9026);
#9028=SURFACE_SIDE_STYLE('',(#9027));
#9029=SURFACE_STYLE_USAGE(.BOTH.,#9028);
#9030=PRESENTATION_STYLE_ASSIGNMENT((#9029));
#9031=STYLED_ITEM('',(#9030),#9024);
#9032=CARTESIAN_POINT('',(-6.08E0,0.E0,3.730795E0));
#9033=DIRECTION('',(-9.993908270191E-1,3.489949670250E-2,0.E0));
#9034=DIRECTION('',(0.E0,0.E0,1.E0));
#9035=AXIS2_PLACEMENT_3D('',#9032,#9033,#9034);
#9036=PLANE('',#9035);
#9037=ORIENTED_EDGE('',*,*,#9014,.T.);
#9039=ORIENTED_EDGE('',*,*,#9038,.T.);
#9041=ORIENTED_EDGE('',*,*,#9040,.F.);
#9043=ORIENTED_EDGE('',*,*,#9042,.F.);
#9044=EDGE_LOOP('',(#9037,#9039,#9041,#9043));
#9045=FACE_OUTER_BOUND('',#9044,.F.);
#9047=FILL_AREA_STYLE_COLOUR('',#18);
#9048=FILL_AREA_STYLE('',(#9047));
#9049=SURFACE_STYLE_FILL_AREA(#9048);
#9050=SURFACE_SIDE_STYLE('',(#9049));
#9051=SURFACE_STYLE_USAGE(.BOTH.,#9050);
#9052=PRESENTATION_STYLE_ASSIGNMENT((#9051));
#9053=STYLED_ITEM('',(#9052),#9046);
#9054=CARTESIAN_POINT('',(6.08E0,0.E0,3.730795E0));
#9055=DIRECTION('',(0.E0,3.489949670250E-2,9.993908270191E-1));
#9056=DIRECTION('',(1.E0,0.E0,0.E0));
#9057=AXIS2_PLACEMENT_3D('',#9054,#9055,#9056);
#9058=PLANE('',#9057);
#9059=ORIENTED_EDGE('',*,*,#9020,.T.);
#9061=ORIENTED_EDGE('',*,*,#9060,.T.);
#9063=ORIENTED_EDGE('',*,*,#9062,.T.);
#9064=ORIENTED_EDGE('',*,*,#9038,.F.);
#9065=EDGE_LOOP('',(#9059,#9061,#9063,#9064));
#9066=FACE_OUTER_BOUND('',#9065,.F.);
#9068=FILL_AREA_STYLE_COLOUR('',#18);
#9069=FILL_AREA_STYLE('',(#9068));
#9070=SURFACE_STYLE_FILL_AREA(#9069);
#9071=SURFACE_SIDE_STYLE('',(#9070));
#9072=SURFACE_STYLE_USAGE(.BOTH.,#9071);
#9073=PRESENTATION_STYLE_ASSIGNMENT((#9072));
#9074=STYLED_ITEM('',(#9073),#9067);
#9075=CARTESIAN_POINT('',(6.08E0,0.E0,-3.730795E0));
#9076=DIRECTION('',(9.993908270191E-1,3.489949670250E-2,0.E0));
#9077=DIRECTION('',(0.E0,0.E0,-1.E0));
#9078=AXIS2_PLACEMENT_3D('',#9075,#9076,#9077);
#9079=PLANE('',#9078);
#9080=ORIENTED_EDGE('',*,*,#9018,.T.);
#9082=ORIENTED_EDGE('',*,*,#9081,.T.);
#9084=ORIENTED_EDGE('',*,*,#9083,.T.);
#9085=ORIENTED_EDGE('',*,*,#9060,.F.);
#9086=EDGE_LOOP('',(#9080,#9082,#9084,#9085));
#9087=FACE_OUTER_BOUND('',#9086,.F.);
#9089=FILL_AREA_STYLE_COLOUR('',#18);
#9090=FILL_AREA_STYLE('',(#9089));
#9091=SURFACE_STYLE_FILL_AREA(#9090);
#9092=SURFACE_SIDE_STYLE('',(#9091));
#9093=SURFACE_STYLE_USAGE(.BOTH.,#9092);
#9094=PRESENTATION_STYLE_ASSIGNMENT((#9093));
#9095=STYLED_ITEM('',(#9094),#9088);
#9096=CARTESIAN_POINT('',(-6.08E0,0.E0,-3.730795E0));
#9097=DIRECTION('',(0.E0,3.489949670250E-2,-9.993908270191E-1));
#9098=DIRECTION('',(-1.E0,0.E0,0.E0));
#9099=AXIS2_PLACEMENT_3D('',#9096,#9097,#9098);
#9100=PLANE('',#9099);
#9101=ORIENTED_EDGE('',*,*,#9016,.T.);
#9102=ORIENTED_EDGE('',*,*,#9042,.T.);
#9104=ORIENTED_EDGE('',*,*,#9103,.F.);
#9105=ORIENTED_EDGE('',*,*,#9081,.F.);
#9106=EDGE_LOOP('',(#9101,#9102,#9104,#9105));
#9107=FACE_OUTER_BOUND('',#9106,.F.);
#9109=FILL_AREA_STYLE_COLOUR('',#18);
#9110=FILL_AREA_STYLE('',(#9109));
#9111=SURFACE_STYLE_FILL_AREA(#9110);
#9112=SURFACE_SIDE_STYLE('',(#9111));
#9113=SURFACE_STYLE_USAGE(.BOTH.,#9112);
#9114=PRESENTATION_STYLE_ASSIGNMENT((#9113));
#9115=STYLED_ITEM('',(#9114),#9108);
#9116=CARTESIAN_POINT('',(0.E0,1.45E0,0.E0));
#9117=DIRECTION('',(0.E0,-1.E0,0.E0));
#9118=DIRECTION('',(1.E0,0.E0,0.E0));
#9119=AXIS2_PLACEMENT_3D('',#9116,#9117,#9118);
#9120=PLANE('',#9119);
#9121=ORIENTED_EDGE('',*,*,#9103,.T.);
#9122=ORIENTED_EDGE('',*,*,#9040,.T.);
#9123=ORIENTED_EDGE('',*,*,#9062,.F.);
#9124=ORIENTED_EDGE('',*,*,#9083,.F.);
#9125=EDGE_LOOP('',(#9121,#9122,#9123,#9124));
#9126=FACE_OUTER_BOUND('',#9125,.F.);
#9128=ORIENTED_EDGE('',*,*,#9127,.T.);
#9130=ORIENTED_EDGE('',*,*,#9129,.T.);
#9132=ORIENTED_EDGE('',*,*,#9131,.T.);
#9134=ORIENTED_EDGE('',*,*,#9133,.T.);
#9136=ORIENTED_EDGE('',*,*,#9135,.T.);
#9138=ORIENTED_EDGE('',*,*,#9137,.T.);
#9140=ORIENTED_EDGE('',*,*,#9139,.T.);
#9142=ORIENTED_EDGE('',*,*,#9141,.T.);
#9143=EDGE_LOOP('',(#9128,#9130,#9132,#9134,#9136,#9138,#9140,#9142));
#9144=FACE_BOUND('',#9143,.F.);
#9146=FILL_AREA_STYLE_COLOUR('',#18);
#9147=FILL_AREA_STYLE('',(#9146));
#9148=SURFACE_STYLE_FILL_AREA(#9147);
#9149=SURFACE_SIDE_STYLE('',(#9148));
#9150=SURFACE_STYLE_USAGE(.BOTH.,#9149);
#9151=PRESENTATION_STYLE_ASSIGNMENT((#9150));
#9152=STYLED_ITEM('',(#9151),#9145);
#9153=CARTESIAN_POINT('',(-5.5E0,1.45E0,2.8E0));
#9154=DIRECTION('',(-1.E0,0.E0,0.E0));
#9155=DIRECTION('',(0.E0,0.E0,-1.E0));
#9156=AXIS2_PLACEMENT_3D('',#9153,#9154,#9155);
#9157=PLANE('',#9156);
#9158=ORIENTED_EDGE('',*,*,#9127,.F.);
#9160=ORIENTED_EDGE('',*,*,#9159,.T.);
#9162=ORIENTED_EDGE('',*,*,#9161,.T.);
#9164=ORIENTED_EDGE('',*,*,#9163,.F.);
#9165=EDGE_LOOP('',(#9158,#9160,#9162,#9164));
#9166=FACE_OUTER_BOUND('',#9165,.F.);
#9168=FILL_AREA_STYLE_COLOUR('',#18);
#9169=FILL_AREA_STYLE('',(#9168));
#9170=SURFACE_STYLE_FILL_AREA(#9169);
#9171=SURFACE_SIDE_STYLE('',(#9170));
#9172=SURFACE_STYLE_USAGE(.BOTH.,#9171);
#9173=PRESENTATION_STYLE_ASSIGNMENT((#9172));
#9174=STYLED_ITEM('',(#9173),#9167);
#9175=CARTESIAN_POINT('',(-2.46E0,1.45E0,2.8E0));
#9176=DIRECTION('',(0.E0,0.E0,1.E0));
#9177=DIRECTION('',(-1.E0,0.E0,0.E0));
#9178=AXIS2_PLACEMENT_3D('',#9175,#9176,#9177);
#9179=PLANE('',#9178);
#9180=ORIENTED_EDGE('',*,*,#9141,.F.);
#9182=ORIENTED_EDGE('',*,*,#9181,.T.);
#9184=ORIENTED_EDGE('',*,*,#9183,.T.);
#9185=ORIENTED_EDGE('',*,*,#9159,.F.);
#9186=EDGE_LOOP('',(#9180,#9182,#9184,#9185));
#9187=FACE_OUTER_BOUND('',#9186,.F.);
#9189=FILL_AREA_STYLE_COLOUR('',#18);
#9190=FILL_AREA_STYLE('',(#9189));
#9191=SURFACE_STYLE_FILL_AREA(#9190);
#9192=SURFACE_SIDE_STYLE('',(#9191));
#9193=SURFACE_STYLE_USAGE(.BOTH.,#9192);
#9194=PRESENTATION_STYLE_ASSIGNMENT((#9193));
#9195=STYLED_ITEM('',(#9194),#9188);
#9196=CARTESIAN_POINT('',(0.E0,1.45E0,-1.552975993501E0));
#9197=DIRECTION('',(0.E0,-1.E0,0.E0));
#9198=DIRECTION('',(1.E0,0.E0,0.E0));
#9199=AXIS2_PLACEMENT_3D('',#9196,#9197,#9198);
#9200=CYLINDRICAL_SURFACE('',#9199,5.E0);
#9201=ORIENTED_EDGE('',*,*,#9139,.F.);
#9203=ORIENTED_EDGE('',*,*,#9202,.T.);
#9205=ORIENTED_EDGE('',*,*,#9204,.T.);
#9206=ORIENTED_EDGE('',*,*,#9181,.F.);
#9207=EDGE_LOOP('',(#9201,#9203,#9205,#9206));
#9208=FACE_OUTER_BOUND('',#9207,.F.);
#9210=FILL_AREA_STYLE_COLOUR('',#18);
#9211=FILL_AREA_STYLE('',(#9210));
#9212=SURFACE_STYLE_FILL_AREA(#9211);
#9213=SURFACE_SIDE_STYLE('',(#9212));
#9214=SURFACE_STYLE_USAGE(.BOTH.,#9213);
#9215=PRESENTATION_STYLE_ASSIGNMENT((#9214));
#9216=STYLED_ITEM('',(#9215),#9209);
#9217=CARTESIAN_POINT('',(5.5E0,1.45E0,2.8E0));
#9218=DIRECTION('',(0.E0,0.E0,1.E0));
#9219=DIRECTION('',(-1.E0,0.E0,0.E0));
#9220=AXIS2_PLACEMENT_3D('',#9217,#9218,#9219);
#9221=PLANE('',#9220);
#9222=ORIENTED_EDGE('',*,*,#9137,.F.);
#9224=ORIENTED_EDGE('',*,*,#9223,.T.);
#9226=ORIENTED_EDGE('',*,*,#9225,.T.);
#9227=ORIENTED_EDGE('',*,*,#9202,.F.);
#9228=EDGE_LOOP('',(#9222,#9224,#9226,#9227));
#9229=FACE_OUTER_BOUND('',#9228,.F.);
#9231=FILL_AREA_STYLE_COLOUR('',#18);
#9232=FILL_AREA_STYLE('',(#9231));
#9233=SURFACE_STYLE_FILL_AREA(#9232);
#9234=SURFACE_SIDE_STYLE('',(#9233));
#9235=SURFACE_STYLE_USAGE(.BOTH.,#9234);
#9236=PRESENTATION_STYLE_ASSIGNMENT((#9235));
#9237=STYLED_ITEM('',(#9236),#9230);
#9238=CARTESIAN_POINT('',(5.5E0,1.45E0,-2.8E0));
#9239=DIRECTION('',(1.E0,0.E0,0.E0));
#9240=DIRECTION('',(0.E0,0.E0,1.E0));
#9241=AXIS2_PLACEMENT_3D('',#9238,#9239,#9240);
#9242=PLANE('',#9241);
#9243=ORIENTED_EDGE('',*,*,#9135,.F.);
#9245=ORIENTED_EDGE('',*,*,#9244,.T.);
#9247=ORIENTED_EDGE('',*,*,#9246,.T.);
#9248=ORIENTED_EDGE('',*,*,#9223,.F.);
#9249=EDGE_LOOP('',(#9243,#9245,#9247,#9248));
#9250=FACE_OUTER_BOUND('',#9249,.F.);
#9252=FILL_AREA_STYLE_COLOUR('',#18);
#9253=FILL_AREA_STYLE('',(#9252));
#9254=SURFACE_STYLE_FILL_AREA(#9253);
#9255=SURFACE_SIDE_STYLE('',(#9254));
#9256=SURFACE_STYLE_USAGE(.BOTH.,#9255);
#9257=PRESENTATION_STYLE_ASSIGNMENT((#9256));
#9258=STYLED_ITEM('',(#9257),#9251);
#9259=CARTESIAN_POINT('',(2.46E0,1.45E0,-2.8E0));
#9260=DIRECTION('',(0.E0,0.E0,-1.E0));
#9261=DIRECTION('',(1.E0,0.E0,0.E0));
#9262=AXIS2_PLACEMENT_3D('',#9259,#9260,#9261);
#9263=PLANE('',#9262);
#9264=ORIENTED_EDGE('',*,*,#9133,.F.);
#9266=ORIENTED_EDGE('',*,*,#9265,.T.);
#9268=ORIENTED_EDGE('',*,*,#9267,.T.);
#9269=ORIENTED_EDGE('',*,*,#9244,.F.);
#9270=EDGE_LOOP('',(#9264,#9266,#9268,#9269));
#9271=FACE_OUTER_BOUND('',#9270,.F.);
#9273=FILL_AREA_STYLE_COLOUR('',#18);
#9274=FILL_AREA_STYLE('',(#9273));
#9275=SURFACE_STYLE_FILL_AREA(#9274);
#9276=SURFACE_SIDE_STYLE('',(#9275));
#9277=SURFACE_STYLE_USAGE(.BOTH.,#9276);
#9278=PRESENTATION_STYLE_ASSIGNMENT((#9277));
#9279=STYLED_ITEM('',(#9278),#9272);
#9280=CARTESIAN_POINT('',(0.E0,1.45E0,1.552975993501E0));
#9281=DIRECTION('',(0.E0,-1.E0,0.E0));
#9282=DIRECTION('',(1.E0,0.E0,0.E0));
#9283=AXIS2_PLACEMENT_3D('',#9280,#9281,#9282);
#9284=CYLINDRICAL_SURFACE('',#9283,5.E0);
#9285=ORIENTED_EDGE('',*,*,#9131,.F.);
#9287=ORIENTED_EDGE('',*,*,#9286,.T.);
#9289=ORIENTED_EDGE('',*,*,#9288,.T.);
#9290=ORIENTED_EDGE('',*,*,#9265,.F.);
#9291=EDGE_LOOP('',(#9285,#9287,#9289,#9290));
#9292=FACE_OUTER_BOUND('',#9291,.F.);
#9294=FILL_AREA_STYLE_COLOUR('',#18);
#9295=FILL_AREA_STYLE('',(#9294));
#9296=SURFACE_STYLE_FILL_AREA(#9295);
#9297=SURFACE_SIDE_STYLE('',(#9296));
#9298=SURFACE_STYLE_USAGE(.BOTH.,#9297);
#9299=PRESENTATION_STYLE_ASSIGNMENT((#9298));
#9300=STYLED_ITEM('',(#9299),#9293);
#9301=CARTESIAN_POINT('',(-5.5E0,1.45E0,-2.8E0));
#9302=DIRECTION('',(0.E0,0.E0,-1.E0));
#9303=DIRECTION('',(1.E0,0.E0,0.E0));
#9304=AXIS2_PLACEMENT_3D('',#9301,#9302,#9303);
#9305=PLANE('',#9304);
#9306=ORIENTED_EDGE('',*,*,#9129,.F.);
#9307=ORIENTED_EDGE('',*,*,#9163,.T.);
#9309=ORIENTED_EDGE('',*,*,#9308,.T.);
#9310=ORIENTED_EDGE('',*,*,#9286,.F.);
#9311=EDGE_LOOP('',(#9306,#9307,#9309,#9310));
#9312=FACE_OUTER_BOUND('',#9311,.F.);
#9314=FILL_AREA_STYLE_COLOUR('',#18);
#9315=FILL_AREA_STYLE('',(#9314));
#9316=SURFACE_STYLE_FILL_AREA(#9315);
#9317=SURFACE_SIDE_STYLE('',(#9316));
#9318=SURFACE_STYLE_USAGE(.BOTH.,#9317);
#9319=PRESENTATION_STYLE_ASSIGNMENT((#9318));
#9320=STYLED_ITEM('',(#9319),#9313);
#9321=CARTESIAN_POINT('',(0.E0,3.65E0,0.E0));
#9322=DIRECTION('',(0.E0,-1.E0,0.E0));
#9323=DIRECTION('',(1.E0,0.E0,0.E0));
#9324=AXIS2_PLACEMENT_3D('',#9321,#9322,#9323);
#9325=PLANE('',#9324);
#9326=ORIENTED_EDGE('',*,*,#9161,.F.);
#9327=ORIENTED_EDGE('',*,*,#9183,.F.);
#9328=ORIENTED_EDGE('',*,*,#9204,.F.);
#9329=ORIENTED_EDGE('',*,*,#9225,.F.);
#9330=ORIENTED_EDGE('',*,*,#9246,.F.);
#9331=ORIENTED_EDGE('',*,*,#9267,.F.);
#9332=ORIENTED_EDGE('',*,*,#9288,.F.);
#9333=ORIENTED_EDGE('',*,*,#9308,.F.);
#9334=EDGE_LOOP('',(#9326,#9327,#9328,#9329,#9330,#9331,#9332,#9333));
#9335=FACE_OUTER_BOUND('',#9334,.F.);
#9337=FILL_AREA_STYLE_COLOUR('',#18);
#9338=FILL_AREA_STYLE('',(#9337));
#9339=SURFACE_STYLE_FILL_AREA(#9338);
#9340=SURFACE_SIDE_STYLE('',(#9339));
#9341=SURFACE_STYLE_USAGE(.BOTH.,#9340);
#9342=PRESENTATION_STYLE_ASSIGNMENT((#9341));
#9343=STYLED_ITEM('',(#9342),#9336);
#9344=CARTESIAN_POINT('',(6.532423696162E0,-5.80102E0,4.183218696162E0));
#9345=DIRECTION('',(-3.487826274237E-2,9.987827659587E-1,-3.487826274237E-2));
#9346=DIRECTION('',(0.E0,3.489949670250E-2,9.993908270191E-1));
#9347=AXIS2_PLACEMENT_3D('',#9344,#9345,#9346);
#9348=CYLINDRICAL_SURFACE('',#9347,2.5E-1);
#9350=ORIENTED_EDGE('',*,*,#9349,.F.);
#9351=ORIENTED_EDGE('',*,*,#8996,.T.);
#9353=ORIENTED_EDGE('',*,*,#9352,.T.);
#9355=ORIENTED_EDGE('',*,*,#9354,.T.);
#9356=EDGE_LOOP('',(#9350,#9351,#9353,#9355));
#9357=FACE_OUTER_BOUND('',#9356,.F.);
#9359=FILL_AREA_STYLE_COLOUR('',#18);
#9360=FILL_AREA_STYLE('',(#9359));
#9361=SURFACE_STYLE_FILL_AREA(#9360);
#9362=SURFACE_SIDE_STYLE('',(#9361));
#9363=SURFACE_STYLE_USAGE(.BOTH.,#9362);
#9364=PRESENTATION_STYLE_ASSIGNMENT((#9363));
#9365=STYLED_ITEM('',(#9364),#9358);
#9366=CARTESIAN_POINT('',(6.58E0,0.E0,4.230795E0));
#9367=DIRECTION('',(9.993908270191E-1,3.489949670250E-2,0.E0));
#9368=DIRECTION('',(0.E0,0.E0,-1.E0));
#9369=AXIS2_PLACEMENT_3D('',#9366,#9367,#9368);
#9370=PLANE('',#9369);
#9371=ORIENTED_EDGE('',*,*,#9349,.T.);
#9373=ORIENTED_EDGE('',*,*,#9372,.T.);
#9375=ORIENTED_EDGE('',*,*,#9374,.F.);
#9376=ORIENTED_EDGE('',*,*,#8998,.T.);
#9377=EDGE_LOOP('',(#9371,#9373,#9375,#9376));
#9378=FACE_OUTER_BOUND('',#9377,.F.);
#9380=FILL_AREA_STYLE_COLOUR('',#18);
#9381=FILL_AREA_STYLE('',(#9380));
#9382=SURFACE_STYLE_FILL_AREA(#9381);
#9383=SURFACE_SIDE_STYLE('',(#9382));
#9384=SURFACE_STYLE_USAGE(.BOTH.,#9383);
#9385=PRESENTATION_STYLE_ASSIGNMENT((#9384));
#9386=STYLED_ITEM('',(#9385),#9379);
#9387=CARTESIAN_POINT('',(6.231464820800E0,4.25E0,1.526132372400E1));
#9388=DIRECTION('',(0.E0,0.E0,-1.E0));
#9389=DIRECTION('',(0.E0,1.E0,0.E0));
#9390=AXIS2_PLACEMENT_3D('',#9387,#9388,#9389);
#9391=CYLINDRICAL_SURFACE('',#9390,2.E-1);
#9393=ORIENTED_EDGE('',*,*,#9392,.T.);
#9395=ORIENTED_EDGE('',*,*,#9394,.T.);
#9397=ORIENTED_EDGE('',*,*,#9396,.F.);
#9398=ORIENTED_EDGE('',*,*,#9372,.F.);
#9399=EDGE_LOOP('',(#9393,#9395,#9397,#9398));
#9400=FACE_OUTER_BOUND('',#9399,.F.);
#9402=FILL_AREA_STYLE_COLOUR('',#18);
#9403=FILL_AREA_STYLE('',(#9402));
#9404=SURFACE_STYLE_FILL_AREA(#9403);
#9405=SURFACE_SIDE_STYLE('',(#9404));
#9406=SURFACE_STYLE_USAGE(.BOTH.,#9405);
#9407=PRESENTATION_STYLE_ASSIGNMENT((#9406));
#9408=STYLED_ITEM('',(#9407),#9401);
#9409=CARTESIAN_POINT('',(6.425638840714E0,4.236338891296E0,3.781003773485E0));
#9410=CARTESIAN_POINT('',(6.427459956700E0,4.236338891296E0,3.789547894853E0));
#9411=CARTESIAN_POINT('',(6.432623188681E0,4.236338891296E0,3.822546701554E0));
#9412=CARTESIAN_POINT('',(6.429887499151E0,4.236338891296E0,3.881463780681E0));
#9413=CARTESIAN_POINT('',(6.404597023304E0,4.236338891296E0,3.952033806597E0));
#9414=CARTESIAN_POINT('',(6.359721910710E0,4.236338891296E0,4.012162052364E0));
#9415=CARTESIAN_POINT('',(6.299184120794E0,4.236338891296E0,4.056482504575E0));
#9416=CARTESIAN_POINT('',(6.228385723053E0,4.236338891296E0,4.081123363664E0));
#9417=CARTESIAN_POINT('',(6.170344559641E0,4.236338891296E0,4.083284704470E0));
#9418=CARTESIAN_POINT('',(6.138241740293E0,4.236338891296E0,4.078136988810E0));
#9419=CARTESIAN_POINT('',(6.130552433350E0,4.236338891296E0,4.076513235297E0));
#9420=CARTESIAN_POINT('',(6.434579935410E0,4.369798260654E0,3.779126145421E0));
#9421=CARTESIAN_POINT('',(6.436467754870E0,4.369798260654E0,3.787983046348E0));
#9422=CARTESIAN_POINT('',(6.441820100616E0,4.369798260654E0,3.822189912068E0));
#9423=CARTESIAN_POINT('',(6.438984209375E0,4.369798260654E0,3.883264223531E0));
#9424=CARTESIAN_POINT('',(6.412767596663E0,4.369798260654E0,3.956418697233E0));
#9425=CARTESIAN_POINT('',(6.366248855725E0,4.369798260654E0,4.018749254974E0));
#9426=CARTESIAN_POINT('',(6.303493757661E0,4.369798260654E0,4.064693016034E0));
#9427=CARTESIAN_POINT('',(6.230102563177E0,4.369798260654E0,4.090236215995E0));
#9428=CARTESIAN_POINT('',(6.169936253389E0,4.369798260654E0,4.092476727735E0));
#9429=CARTESIAN_POINT('',(6.136658179885E0,4.369798260654E0,4.087140473130E0));
#9430=CARTESIAN_POINT('',(6.128687385583E0,4.369798260654E0,4.085457247091E0));
#9431=CARTESIAN_POINT('',(6.340419437545E0,4.462723981378E0,3.798899830779E0));
#9432=CARTESIAN_POINT('',(6.341604789067E0,4.462723981378E0,3.804462786168E0));
#9433=CARTESIAN_POINT('',(6.344965539064E0,4.462723981378E0,3.825947335161E0));
#9434=CARTESIAN_POINT('',(6.343184892538E0,4.462723981378E0,3.864303391451E0));
#9435=CARTESIAN_POINT('',(6.326721616672E0,4.462723981378E0,3.910240516659E0));
#9436=CARTESIAN_POINT('',(6.297512262155E0,4.462723981378E0,3.949378076351E0));
#9437=CARTESIAN_POINT('',(6.258108089933E0,4.462723981378E0,3.978226439739E0));
#9438=CARTESIAN_POINT('',(6.212022168508E0,4.462723981378E0,3.994266903322E0));
#9439=CARTESIAN_POINT('',(6.174236210073E0,4.462723981378E0,3.995673649757E0));
#9440=CARTESIAN_POINT('',(6.153334978590E0,4.462723981378E0,3.992322937362E0));
#9441=CARTESIAN_POINT('',(6.148328585266E0,4.462723981378E0,3.991266028677E0));
#9442=CARTESIAN_POINT('',(6.210218223363E0,4.448934582485E0,3.826242059217E0));
#9443=CARTESIAN_POINT('',(6.210432231480E0,4.448934582485E0,3.827250283924E0));
#9444=CARTESIAN_POINT('',(6.211039085836E0,4.448934582485E0,3.831142943299E0));
#9445=CARTESIAN_POINT('',(6.210717587746E0,4.448934582485E0,3.838085142668E0));
#9446=CARTESIAN_POINT('',(6.207740819795E0,4.448934582485E0,3.846387252119E0));
#9447=CARTESIAN_POINT('',(6.202466163796E0,4.448934582485E0,3.853454500216E0));
#9448=CARTESIAN_POINT('',(6.195350679143E0,4.448934582485E0,3.858664059812E0));
#9449=CARTESIAN_POINT('',(6.187021351899E0,4.448934582485E0,3.861564535368E0));
#9450=CARTESIAN_POINT('',(6.180182011060E0,4.448934582485E0,3.861818385872E0));
#9451=CARTESIAN_POINT('',(6.176394961166E0,4.448934582485E0,3.861213198535E0));
#9452=CARTESIAN_POINT('',(6.175487618032E0,4.448934582485E0,3.861022335398E0));
#9453=(BOUNDED_SURFACE()B_SPLINE_SURFACE(3,3,((#9409,#9410,#9411,#9412,#9413,
#9414,#9415,#9416,#9417,#9418,#9419),(#9420,#9421,#9422,#9423,#9424,#9425,#9426,
#9427,#9428,#9429,#9430),(#9431,#9432,#9433,#9434,#9435,#9436,#9437,#9438,#9439,
#9440,#9441),(#9442,#9443,#9444,#9445,#9446,#9447,#9448,#9449,#9450,#9451,
#9452)),.UNSPECIFIED.,.F.,.F.,.F.)B_SPLINE_SURFACE_WITH_KNOTS((4,4),(4,1,1,1,1,
1,1,1,4),(0.E0,1.E0),(-5.932990450628E-2,0.E0,1.666740531688E-1,
3.333393981821E-1,4.999998329172E-1,6.666603509559E-1,8.333259094014E-1,1.E0,
1.053350359794E0),.UNSPECIFIED.)GEOMETRIC_REPRESENTATION_ITEM()RATIONAL_B_SPLINE_SURFACE(((1.216618110560E0,1.216618110560E0,1.216618110560E0,1.216618110560E0,
1.216618110560E0,1.216618110560E0,1.216618110560E0,1.216618110560E0,
1.216618110560E0,1.216618110560E0,1.216618110560E0),(9.277939631467E-1,
9.277939631467E-1,9.277939631467E-1,9.277939631467E-1,9.277939631467E-1,
9.277939631467E-1,9.277939631467E-1,9.277939631467E-1,9.277939631467E-1,
9.277939631467E-1,9.277939631467E-1),(9.277939631467E-1,9.277939631467E-1,
9.277939631467E-1,9.277939631467E-1,9.277939631467E-1,9.277939631467E-1,
9.277939631467E-1,9.277939631467E-1,9.277939631467E-1,9.277939631467E-1,
9.277939631467E-1),(1.216618110560E0,1.216618110560E0,1.216618110560E0,
1.216618110560E0,1.216618110560E0,1.216618110560E0,1.216618110560E0,
1.216618110560E0,1.216618110560E0,1.216618110560E0,1.216618110560E0)))REPRESENTATION_ITEM('')SURFACE());
#9455=ORIENTED_EDGE('',*,*,#9454,.T.);
#9457=ORIENTED_EDGE('',*,*,#9456,.T.);
#9458=ORIENTED_EDGE('',*,*,#9392,.F.);
#9459=ORIENTED_EDGE('',*,*,#9354,.F.);
#9460=EDGE_LOOP('',(#9455,#9457,#9458,#9459));
#9461=FACE_OUTER_BOUND('',#9460,.F.);
#9463=FILL_AREA_STYLE_COLOUR('',#18);
#9464=FILL_AREA_STYLE('',(#9463));
#9465=SURFACE_STYLE_FILL_AREA(#9464);
#9466=SURFACE_SIDE_STYLE('',(#9465));
#9467=SURFACE_STYLE_USAGE(.BOTH.,#9466);
#9468=PRESENTATION_STYLE_ASSIGNMENT((#9467));
#9469=STYLED_ITEM('',(#9468),#9462);
#9470=CARTESIAN_POINT('',(2.3735376E1,4.25E0,3.882259820800E0));
#9471=DIRECTION('',(-1.E0,0.E0,0.E0));
#9472=DIRECTION('',(0.E0,3.489949670250E-2,9.993908270191E-1));
#9473=AXIS2_PLACEMENT_3D('',#9470,#9471,#9472);
#9474=CYLINDRICAL_SURFACE('',#9473,2.E-1);
#9475=ORIENTED_EDGE('',*,*,#9454,.F.);
#9477=ORIENTED_EDGE('',*,*,#9476,.T.);
#9479=ORIENTED_EDGE('',*,*,#9478,.T.);
#9481=ORIENTED_EDGE('',*,*,#9480,.F.);
#9482=EDGE_LOOP('',(#9475,#9477,#9479,#9481));
#9483=FACE_OUTER_BOUND('',#9482,.F.);
#9485=FILL_AREA_STYLE_COLOUR('',#18);
#9486=FILL_AREA_STYLE('',(#9485));
#9487=SURFACE_STYLE_FILL_AREA(#9486);
#9488=SURFACE_SIDE_STYLE('',(#9487));
#9489=SURFACE_STYLE_USAGE(.BOTH.,#9488);
#9490=PRESENTATION_STYLE_ASSIGNMENT((#9489));
#9491=STYLED_ITEM('',(#9490),#9484);
#9492=CARTESIAN_POINT('',(-6.58E0,0.E0,4.230795E0));
#9493=DIRECTION('',(0.E0,3.489949670250E-2,9.993908270191E-1));
#9494=DIRECTION('',(1.E0,0.E0,0.E0));
#9495=AXIS2_PLACEMENT_3D('',#9492,#9493,#9494);
#9496=PLANE('',#9495);
#9497=ORIENTED_EDGE('',*,*,#9352,.F.);
#9498=ORIENTED_EDGE('',*,*,#9010,.T.);
#9500=ORIENTED_EDGE('',*,*,#9499,.T.);
#9501=ORIENTED_EDGE('',*,*,#9476,.F.);
#9502=EDGE_LOOP('',(#9497,#9498,#9500,#9501));
#9503=FACE_OUTER_BOUND('',#9502,.F.);
#9505=FILL_AREA_STYLE_COLOUR('',#18);
#9506=FILL_AREA_STYLE('',(#9505));
#9507=SURFACE_STYLE_FILL_AREA(#9506);
#9508=SURFACE_SIDE_STYLE('',(#9507));
#9509=SURFACE_STYLE_USAGE(.BOTH.,#9508);
#9510=PRESENTATION_STYLE_ASSIGNMENT((#9509));
#9511=STYLED_ITEM('',(#9510),#9504);
#9512=CARTESIAN_POINT('',(-6.532423696162E0,-5.80102E0,4.183218696162E0));
#9513=DIRECTION('',(3.487826274237E-2,9.987827659587E-1,-3.487826274237E-2));
#9514=DIRECTION('',(-9.993908270191E-1,3.489949670250E-2,0.E0));
#9515=AXIS2_PLACEMENT_3D('',#9512,#9513,#9514);
#9516=CYLINDRICAL_SURFACE('',#9515,2.5E-1);
#9517=ORIENTED_EDGE('',*,*,#9499,.F.);
#9518=ORIENTED_EDGE('',*,*,#9008,.T.);
#9520=ORIENTED_EDGE('',*,*,#9519,.T.);
#9522=ORIENTED_EDGE('',*,*,#9521,.T.);
#9523=EDGE_LOOP('',(#9517,#9518,#9520,#9522));
#9524=FACE_OUTER_BOUND('',#9523,.F.);
#9526=FILL_AREA_STYLE_COLOUR('',#18);
#9527=FILL_AREA_STYLE('',(#9526));
#9528=SURFACE_STYLE_FILL_AREA(#9527);
#9529=SURFACE_SIDE_STYLE('',(#9528));
#9530=SURFACE_STYLE_USAGE(.BOTH.,#9529);
#9531=PRESENTATION_STYLE_ASSIGNMENT((#9530));
#9532=STYLED_ITEM('',(#9531),#9525);
#9533=CARTESIAN_POINT('',(-6.58E0,0.E0,-4.230795E0));
#9534=DIRECTION('',(-9.993908270191E-1,3.489949670250E-2,0.E0));
#9535=DIRECTION('',(0.E0,0.E0,1.E0));
#9536=AXIS2_PLACEMENT_3D('',#9533,#9534,#9535);
#9537=PLANE('',#9536);
#9539=ORIENTED_EDGE('',*,*,#9538,.F.);
#9541=ORIENTED_EDGE('',*,*,#9540,.F.);
#9543=ORIENTED_EDGE('',*,*,#9542,.F.);
#9544=ORIENTED_EDGE('',*,*,#9519,.F.);
#9545=ORIENTED_EDGE('',*,*,#9006,.T.);
#9547=ORIENTED_EDGE('',*,*,#9546,.T.);
#9549=ORIENTED_EDGE('',*,*,#9548,.F.);
#9551=ORIENTED_EDGE('',*,*,#9550,.T.);
#9552=EDGE_LOOP('',(#9539,#9541,#9543,#9544,#9545,#9547,#9549,#9551));
#9553=FACE_OUTER_BOUND('',#9552,.F.);
#9555=FILL_AREA_STYLE_COLOUR('',#18);
#9556=FILL_AREA_STYLE('',(#9555));
#9557=SURFACE_STYLE_FILL_AREA(#9556);
#9558=SURFACE_SIDE_STYLE('',(#9557));
#9559=SURFACE_STYLE_USAGE(.BOTH.,#9558);
#9560=PRESENTATION_STYLE_ASSIGNMENT((#9559));
#9561=STYLED_ITEM('',(#9560),#9554);
#9562=CARTESIAN_POINT('',(0.E0,4.15E0,0.E0));
#9563=DIRECTION('',(0.E0,1.E0,0.E0));
#9564=DIRECTION('',(1.E0,0.E0,0.E0));
#9565=AXIS2_PLACEMENT_3D('',#9562,#9563,#9564);
#9566=PLANE('',#9565);
#9567=ORIENTED_EDGE('',*,*,#9538,.T.);
#9569=ORIENTED_EDGE('',*,*,#9568,.F.);
#9571=ORIENTED_EDGE('',*,*,#9570,.F.);
#9573=ORIENTED_EDGE('',*,*,#9572,.F.);
#9574=EDGE_LOOP('',(#9567,#9569,#9571,#9573));
#9575=FACE_OUTER_BOUND('',#9574,.F.);
#9577=FILL_AREA_STYLE_COLOUR('',#18);
#9578=FILL_AREA_STYLE('',(#9577));
#9579=SURFACE_STYLE_FILL_AREA(#9578);
#9580=SURFACE_SIDE_STYLE('',(#9579));
#9581=SURFACE_STYLE_USAGE(.BOTH.,#9580);
#9582=PRESENTATION_STYLE_ASSIGNMENT((#9581));
#9583=STYLED_ITEM('',(#9582),#9576);
#9584=CARTESIAN_POINT('',(-5.63E0,4.45E0,-1.E0));
#9585=DIRECTION('',(0.E0,0.E0,-1.E0));
#9586=DIRECTION('',(-1.E0,0.E0,0.E0));
#9587=AXIS2_PLACEMENT_3D('',#9584,#9585,#9586);
#9588=PLANE('',#9587);
#9590=ORIENTED_EDGE('',*,*,#9589,.T.);
#9592=ORIENTED_EDGE('',*,*,#9591,.T.);
#9593=ORIENTED_EDGE('',*,*,#9568,.T.);
#9594=ORIENTED_EDGE('',*,*,#9550,.F.);
#9596=ORIENTED_EDGE('',*,*,#9595,.T.);
#9597=EDGE_LOOP('',(#9590,#9592,#9593,#9594,#9596));
#9598=FACE_OUTER_BOUND('',#9597,.F.);
#9600=FILL_AREA_STYLE_COLOUR('',#18);
#9601=FILL_AREA_STYLE('',(#9600));
#9602=SURFACE_STYLE_FILL_AREA(#9601);
#9603=SURFACE_SIDE_STYLE('',(#9602));
#9604=SURFACE_STYLE_USAGE(.BOTH.,#9603);
#9605=PRESENTATION_STYLE_ASSIGNMENT((#9604));
#9606=STYLED_ITEM('',(#9605),#9599);
#9607=CARTESIAN_POINT('',(0.E0,4.45E0,0.E0));
#9608=DIRECTION('',(0.E0,1.E0,0.E0));
#9609=DIRECTION('',(1.E0,0.E0,0.E0));
#9610=AXIS2_PLACEMENT_3D('',#9607,#9608,#9609);
#9611=PLANE('',#9610);
#9613=ORIENTED_EDGE('',*,*,#9612,.T.);
#9615=ORIENTED_EDGE('',*,*,#9614,.T.);
#9616=ORIENTED_EDGE('',*,*,#9589,.F.);
#9618=ORIENTED_EDGE('',*,*,#9617,.T.);
#9620=ORIENTED_EDGE('',*,*,#9619,.F.);
#9622=ORIENTED_EDGE('',*,*,#9621,.F.);
#9624=ORIENTED_EDGE('',*,*,#9623,.F.);
#9625=ORIENTED_EDGE('',*,*,#9394,.F.);
#9626=ORIENTED_EDGE('',*,*,#9456,.F.);
#9627=ORIENTED_EDGE('',*,*,#9480,.T.);
#9629=ORIENTED_EDGE('',*,*,#9628,.F.);
#9631=ORIENTED_EDGE('',*,*,#9630,.T.);
#9632=EDGE_LOOP('',(#9613,#9615,#9616,#9618,#9620,#9622,#9624,#9625,#9626,#9627,
#9629,#9631));
#9633=FACE_OUTER_BOUND('',#9632,.F.);
#9635=FILL_AREA_STYLE_COLOUR('',#18);
#9636=FILL_AREA_STYLE('',(#9635));
#9637=SURFACE_STYLE_FILL_AREA(#9636);
#9638=SURFACE_SIDE_STYLE('',(#9637));
#9639=SURFACE_STYLE_USAGE(.BOTH.,#9638);
#9640=PRESENTATION_STYLE_ASSIGNMENT((#9639));
#9641=STYLED_ITEM('',(#9640),#9634);
#9642=CARTESIAN_POINT('',(-6.53E0,4.45E0,1.E0));
#9643=DIRECTION('',(0.E0,0.E0,1.E0));
#9644=DIRECTION('',(1.E0,0.E0,0.E0));
#9645=AXIS2_PLACEMENT_3D('',#9642,#9643,#9644);
#9646=PLANE('',#9645);
#9647=ORIENTED_EDGE('',*,*,#9612,.F.);
#9649=ORIENTED_EDGE('',*,*,#9648,.F.);
#9650=ORIENTED_EDGE('',*,*,#9540,.T.);
#9651=ORIENTED_EDGE('',*,*,#9572,.T.);
#9653=ORIENTED_EDGE('',*,*,#9652,.F.);
#9654=EDGE_LOOP('',(#9647,#9649,#9650,#9651,#9653));
#9655=FACE_OUTER_BOUND('',#9654,.F.);
#9657=FILL_AREA_STYLE_COLOUR('',#18);
#9658=FILL_AREA_STYLE('',(#9657));
#9659=SURFACE_STYLE_FILL_AREA(#9658);
#9660=SURFACE_SIDE_STYLE('',(#9659));
#9661=SURFACE_STYLE_USAGE(.BOTH.,#9660);
#9662=PRESENTATION_STYLE_ASSIGNMENT((#9661));
#9663=STYLED_ITEM('',(#9662),#9656);
#9664=CARTESIAN_POINT('',(-6.231464820800E0,4.25E0,1.526132372400E1));
#9665=DIRECTION('',(0.E0,0.E0,-1.E0));
#9666=DIRECTION('',(-9.993908270191E-1,3.489949670250E-2,0.E0));
#9667=AXIS2_PLACEMENT_3D('',#9664,#9665,#9666);
#9668=CYLINDRICAL_SURFACE('',#9667,2.E-1);
#9669=ORIENTED_EDGE('',*,*,#9648,.T.);
#9670=ORIENTED_EDGE('',*,*,#9630,.F.);
#9672=ORIENTED_EDGE('',*,*,#9671,.F.);
#9673=ORIENTED_EDGE('',*,*,#9542,.T.);
#9674=EDGE_LOOP('',(#9669,#9670,#9672,#9673));
#9675=FACE_OUTER_BOUND('',#9674,.F.);
#9677=FILL_AREA_STYLE_COLOUR('',#18);
#9678=FILL_AREA_STYLE('',(#9677));
#9679=SURFACE_STYLE_FILL_AREA(#9678);
#9680=SURFACE_SIDE_STYLE('',(#9679));
#9681=SURFACE_STYLE_USAGE(.BOTH.,#9680);
#9682=PRESENTATION_STYLE_ASSIGNMENT((#9681));
#9683=STYLED_ITEM('',(#9682),#9676);
#9684=CARTESIAN_POINT('',(-6.231464820800E0,4.25E0,1.526132372400E1));
#9685=DIRECTION('',(0.E0,0.E0,-1.E0));
#9686=DIRECTION('',(-9.993908270191E-1,3.489949670250E-2,0.E0));
#9687=AXIS2_PLACEMENT_3D('',#9684,#9685,#9686);
#9688=CYLINDRICAL_SURFACE('',#9687,2.E-1);
#9689=ORIENTED_EDGE('',*,*,#9595,.F.);
#9690=ORIENTED_EDGE('',*,*,#9548,.T.);
#9692=ORIENTED_EDGE('',*,*,#9691,.T.);
#9693=ORIENTED_EDGE('',*,*,#9617,.F.);
#9694=EDGE_LOOP('',(#9689,#9690,#9692,#9693));
#9695=FACE_OUTER_BOUND('',#9694,.F.);
#9697=FILL_AREA_STYLE_COLOUR('',#18);
#9698=FILL_AREA_STYLE('',(#9697));
#9699=SURFACE_STYLE_FILL_AREA(#9698);
#9700=SURFACE_SIDE_STYLE('',(#9699));
#9701=SURFACE_STYLE_USAGE(.POSITIVE.,#9700);
#9702=PRESENTATION_STYLE_ASSIGNMENT((#9701));
#9703=STYLED_ITEM('',(#9702),#9696);
#9704=CARTESIAN_POINT('',(-6.130208773485E0,4.236338891296E0,4.076433840714E0));
#9705=CARTESIAN_POINT('',(-6.138752894853E0,4.236338891296E0,4.078254956700E0));
#9706=CARTESIAN_POINT('',(-6.171751701554E0,4.236338891296E0,4.083418188681E0));
#9707=CARTESIAN_POINT('',(-6.230668780681E0,4.236338891296E0,4.080682499151E0));
#9708=CARTESIAN_POINT('',(-6.301238806597E0,4.236338891296E0,4.055392023304E0));
#9709=CARTESIAN_POINT('',(-6.361367052364E0,4.236338891296E0,4.010516910710E0));
#9710=CARTESIAN_POINT('',(-6.405687504575E0,4.236338891296E0,3.949979120794E0));
#9711=CARTESIAN_POINT('',(-6.430328363664E0,4.236338891296E0,3.879180723053E0));
#9712=CARTESIAN_POINT('',(-6.432489704470E0,4.236338891296E0,3.821139559641E0));
#9713=CARTESIAN_POINT('',(-6.427341988810E0,4.236338891296E0,3.789036740293E0));
#9714=CARTESIAN_POINT('',(-6.425718235297E0,4.236338891296E0,3.781347433350E0));
#9715=CARTESIAN_POINT('',(-6.128331145421E0,4.369798260654E0,4.085374935410E0));
#9716=CARTESIAN_POINT('',(-6.137188046348E0,4.369798260654E0,4.087262754870E0));
#9717=CARTESIAN_POINT('',(-6.171394912068E0,4.369798260654E0,4.092615100616E0));
#9718=CARTESIAN_POINT('',(-6.232469223531E0,4.369798260654E0,4.089779209375E0));
#9719=CARTESIAN_POINT('',(-6.305623697233E0,4.369798260654E0,4.063562596663E0));
#9720=CARTESIAN_POINT('',(-6.367954254974E0,4.369798260654E0,4.017043855725E0));
#9721=CARTESIAN_POINT('',(-6.413898016034E0,4.369798260654E0,3.954288757661E0));
#9722=CARTESIAN_POINT('',(-6.439441215995E0,4.369798260654E0,3.880897563177E0));
#9723=CARTESIAN_POINT('',(-6.441681727735E0,4.369798260654E0,3.820731253389E0));
#9724=CARTESIAN_POINT('',(-6.436345473130E0,4.369798260654E0,3.787453179885E0));
#9725=CARTESIAN_POINT('',(-6.434662247091E0,4.369798260654E0,3.779482385583E0));
#9726=CARTESIAN_POINT('',(-6.148104830779E0,4.462723981378E0,3.991214437545E0));
#9727=CARTESIAN_POINT('',(-6.153667786168E0,4.462723981378E0,3.992399789067E0));
#9728=CARTESIAN_POINT('',(-6.175152335161E0,4.462723981378E0,3.995760539064E0));
#9729=CARTESIAN_POINT('',(-6.213508391451E0,4.462723981378E0,3.993979892538E0));
#9730=CARTESIAN_POINT('',(-6.259445516659E0,4.462723981378E0,3.977516616672E0));
#9731=CARTESIAN_POINT('',(-6.298583076351E0,4.462723981378E0,3.948307262155E0));
#9732=CARTESIAN_POINT('',(-6.327431439739E0,4.462723981378E0,3.908903089933E0));
#9733=CARTESIAN_POINT('',(-6.343471903322E0,4.462723981378E0,3.862817168508E0));
#9734=CARTESIAN_POINT('',(-6.344878649757E0,4.462723981378E0,3.825031210073E0));
#9735=CARTESIAN_POINT('',(-6.341527937362E0,4.462723981378E0,3.804129978590E0));
#9736=CARTESIAN_POINT('',(-6.340471028677E0,4.462723981378E0,3.799123585266E0));
#9737=CARTESIAN_POINT('',(-6.175447059217E0,4.448934582485E0,3.861013223363E0));
#9738=CARTESIAN_POINT('',(-6.176455283924E0,4.448934582485E0,3.861227231480E0));
#9739=CARTESIAN_POINT('',(-6.180347943299E0,4.448934582485E0,3.861834085836E0));
#9740=CARTESIAN_POINT('',(-6.187290142668E0,4.448934582485E0,3.861512587746E0));
#9741=CARTESIAN_POINT('',(-6.195592252119E0,4.448934582485E0,3.858535819795E0));
#9742=CARTESIAN_POINT('',(-6.202659500216E0,4.448934582485E0,3.853261163796E0));
#9743=CARTESIAN_POINT('',(-6.207869059812E0,4.448934582485E0,3.846145679143E0));
#9744=CARTESIAN_POINT('',(-6.210769535368E0,4.448934582485E0,3.837816351899E0));
#9745=CARTESIAN_POINT('',(-6.211023385872E0,4.448934582485E0,3.830977011060E0));
#9746=CARTESIAN_POINT('',(-6.210418198535E0,4.448934582485E0,3.827189961166E0));
#9747=CARTESIAN_POINT('',(-6.210227335398E0,4.448934582485E0,3.826282618032E0));
#9748=(BOUNDED_SURFACE()B_SPLINE_SURFACE(3,3,((#9704,#9705,#9706,#9707,#9708,
#9709,#9710,#9711,#9712,#9713,#9714),(#9715,#9716,#9717,#9718,#9719,#9720,#9721,
#9722,#9723,#9724,#9725),(#9726,#9727,#9728,#9729,#9730,#9731,#9732,#9733,#9734,
#9735,#9736),(#9737,#9738,#9739,#9740,#9741,#9742,#9743,#9744,#9745,#9746,
#9747)),.UNSPECIFIED.,.F.,.F.,.F.)B_SPLINE_SURFACE_WITH_KNOTS((4,4),(4,1,1,1,1,
1,1,1,4),(0.E0,1.E0),(-5.932990450633E-2,0.E0,1.666740531688E-1,
3.333393981821E-1,4.999998329172E-1,6.666603509559E-1,8.333259094014E-1,1.E0,
1.053350359794E0),.UNSPECIFIED.)GEOMETRIC_REPRESENTATION_ITEM()RATIONAL_B_SPLINE_SURFACE(((1.216618110560E0,1.216618110560E0,1.216618110560E0,1.216618110560E0,
1.216618110560E0,1.216618110560E0,1.216618110560E0,1.216618110560E0,
1.216618110560E0,1.216618110560E0,1.216618110560E0),(9.277939631467E-1,
9.277939631467E-1,9.277939631467E-1,9.277939631467E-1,9.277939631467E-1,
9.277939631467E-1,9.277939631467E-1,9.277939631467E-1,9.277939631467E-1,
9.277939631467E-1,9.277939631467E-1),(9.277939631467E-1,9.277939631467E-1,
9.277939631467E-1,9.277939631467E-1,9.277939631467E-1,9.277939631467E-1,
9.277939631467E-1,9.277939631467E-1,9.277939631467E-1,9.277939631467E-1,
9.277939631467E-1),(1.216618110560E0,1.216618110560E0,1.216618110560E0,
1.216618110560E0,1.216618110560E0,1.216618110560E0,1.216618110560E0,
1.216618110560E0,1.216618110560E0,1.216618110560E0,1.216618110560E0)))REPRESENTATION_ITEM('')SURFACE());
#9749=ORIENTED_EDGE('',*,*,#9671,.T.);
#9750=ORIENTED_EDGE('',*,*,#9628,.T.);
#9751=ORIENTED_EDGE('',*,*,#9478,.F.);
#9752=ORIENTED_EDGE('',*,*,#9521,.F.);
#9753=EDGE_LOOP('',(#9749,#9750,#9751,#9752));
#9754=FACE_OUTER_BOUND('',#9753,.F.);
#9756=FILL_AREA_STYLE_COLOUR('',#18);
#9757=FILL_AREA_STYLE('',(#9756));
#9758=SURFACE_STYLE_FILL_AREA(#9757);
#9759=SURFACE_SIDE_STYLE('',(#9758));
#9760=SURFACE_STYLE_USAGE(.BOTH.,#9759);
#9761=PRESENTATION_STYLE_ASSIGNMENT((#9760));
#9762=STYLED_ITEM('',(#9761),#9755);
#9763=CARTESIAN_POINT('',(-6.425638840714E0,4.236338891296E0,
-3.781003773485E0));
#9764=CARTESIAN_POINT('',(-6.427459956700E0,4.236338891296E0,
-3.789547894853E0));
#9765=CARTESIAN_POINT('',(-6.432623188681E0,4.236338891296E0,
-3.822546701554E0));
#9766=CARTESIAN_POINT('',(-6.429887499151E0,4.236338891296E0,
-3.881463780681E0));
#9767=CARTESIAN_POINT('',(-6.404597023304E0,4.236338891296E0,
-3.952033806597E0));
#9768=CARTESIAN_POINT('',(-6.359721910710E0,4.236338891296E0,
-4.012162052364E0));
#9769=CARTESIAN_POINT('',(-6.299184120794E0,4.236338891296E0,
-4.056482504575E0));
#9770=CARTESIAN_POINT('',(-6.228385723053E0,4.236338891296E0,
-4.081123363664E0));
#9771=CARTESIAN_POINT('',(-6.170344559641E0,4.236338891296E0,
-4.083284704470E0));
#9772=CARTESIAN_POINT('',(-6.138241740293E0,4.236338891296E0,
-4.078136988810E0));
#9773=CARTESIAN_POINT('',(-6.130552433350E0,4.236338891296E0,
-4.076513235297E0));
#9774=CARTESIAN_POINT('',(-6.434579935410E0,4.369798260654E0,
-3.779126145421E0));
#9775=CARTESIAN_POINT('',(-6.436467754870E0,4.369798260654E0,
-3.787983046348E0));
#9776=CARTESIAN_POINT('',(-6.441820100616E0,4.369798260654E0,
-3.822189912068E0));
#9777=CARTESIAN_POINT('',(-6.438984209375E0,4.369798260654E0,
-3.883264223531E0));
#9778=CARTESIAN_POINT('',(-6.412767596663E0,4.369798260654E0,
-3.956418697233E0));
#9779=CARTESIAN_POINT('',(-6.366248855725E0,4.369798260654E0,
-4.018749254974E0));
#9780=CARTESIAN_POINT('',(-6.303493757661E0,4.369798260654E0,
-4.064693016034E0));
#9781=CARTESIAN_POINT('',(-6.230102563177E0,4.369798260654E0,
-4.090236215995E0));
#9782=CARTESIAN_POINT('',(-6.169936253389E0,4.369798260654E0,
-4.092476727735E0));
#9783=CARTESIAN_POINT('',(-6.136658179885E0,4.369798260654E0,
-4.087140473130E0));
#9784=CARTESIAN_POINT('',(-6.128687385583E0,4.369798260654E0,
-4.085457247091E0));
#9785=CARTESIAN_POINT('',(-6.340419437545E0,4.462723981378E0,
-3.798899830779E0));
#9786=CARTESIAN_POINT('',(-6.341604789067E0,4.462723981378E0,
-3.804462786168E0));
#9787=CARTESIAN_POINT('',(-6.344965539064E0,4.462723981378E0,
-3.825947335161E0));
#9788=CARTESIAN_POINT('',(-6.343184892538E0,4.462723981378E0,
-3.864303391451E0));
#9789=CARTESIAN_POINT('',(-6.326721616672E0,4.462723981378E0,
-3.910240516659E0));
#9790=CARTESIAN_POINT('',(-6.297512262155E0,4.462723981378E0,
-3.949378076351E0));
#9791=CARTESIAN_POINT('',(-6.258108089933E0,4.462723981378E0,
-3.978226439739E0));
#9792=CARTESIAN_POINT('',(-6.212022168508E0,4.462723981378E0,
-3.994266903322E0));
#9793=CARTESIAN_POINT('',(-6.174236210073E0,4.462723981378E0,
-3.995673649757E0));
#9794=CARTESIAN_POINT('',(-6.153334978590E0,4.462723981378E0,
-3.992322937362E0));
#9795=CARTESIAN_POINT('',(-6.148328585266E0,4.462723981378E0,
-3.991266028677E0));
#9796=CARTESIAN_POINT('',(-6.210218223363E0,4.448934582485E0,
-3.826242059217E0));
#9797=CARTESIAN_POINT('',(-6.210432231480E0,4.448934582485E0,
-3.827250283924E0));
#9798=CARTESIAN_POINT('',(-6.211039085836E0,4.448934582485E0,
-3.831142943299E0));
#9799=CARTESIAN_POINT('',(-6.210717587746E0,4.448934582485E0,
-3.838085142668E0));
#9800=CARTESIAN_POINT('',(-6.207740819795E0,4.448934582485E0,
-3.846387252119E0));
#9801=CARTESIAN_POINT('',(-6.202466163796E0,4.448934582485E0,
-3.853454500216E0));
#9802=CARTESIAN_POINT('',(-6.195350679143E0,4.448934582485E0,
-3.858664059812E0));
#9803=CARTESIAN_POINT('',(-6.187021351899E0,4.448934582485E0,
-3.861564535368E0));
#9804=CARTESIAN_POINT('',(-6.180182011060E0,4.448934582485E0,
-3.861818385872E0));
#9805=CARTESIAN_POINT('',(-6.176394961166E0,4.448934582485E0,
-3.861213198535E0));
#9806=CARTESIAN_POINT('',(-6.175487618032E0,4.448934582485E0,
-3.861022335398E0));
#9807=(BOUNDED_SURFACE()B_SPLINE_SURFACE(3,3,((#9763,#9764,#9765,#9766,#9767,
#9768,#9769,#9770,#9771,#9772,#9773),(#9774,#9775,#9776,#9777,#9778,#9779,#9780,
#9781,#9782,#9783,#9784),(#9785,#9786,#9787,#9788,#9789,#9790,#9791,#9792,#9793,
#9794,#9795),(#9796,#9797,#9798,#9799,#9800,#9801,#9802,#9803,#9804,#9805,
#9806)),.UNSPECIFIED.,.F.,.F.,.F.)B_SPLINE_SURFACE_WITH_KNOTS((4,4),(4,1,1,1,1,
1,1,1,4),(0.E0,1.E0),(-5.932990450628E-2,0.E0,1.666740531688E-1,
3.333393981821E-1,4.999998329172E-1,6.666603509559E-1,8.333259094014E-1,1.E0,
1.053350359794E0),.UNSPECIFIED.)GEOMETRIC_REPRESENTATION_ITEM()RATIONAL_B_SPLINE_SURFACE(((1.216618110560E0,1.216618110560E0,1.216618110560E0,1.216618110560E0,
1.216618110560E0,1.216618110560E0,1.216618110560E0,1.216618110560E0,
1.216618110560E0,1.216618110560E0,1.216618110560E0),(9.277939631467E-1,
9.277939631467E-1,9.277939631467E-1,9.277939631467E-1,9.277939631467E-1,
9.277939631467E-1,9.277939631467E-1,9.277939631467E-1,9.277939631467E-1,
9.277939631467E-1,9.277939631467E-1),(9.277939631467E-1,9.277939631467E-1,
9.277939631467E-1,9.277939631467E-1,9.277939631467E-1,9.277939631467E-1,
9.277939631467E-1,9.277939631467E-1,9.277939631467E-1,9.277939631467E-1,
9.277939631467E-1),(1.216618110560E0,1.216618110560E0,1.216618110560E0,
1.216618110560E0,1.216618110560E0,1.216618110560E0,1.216618110560E0,
1.216618110560E0,1.216618110560E0,1.216618110560E0,1.216618110560E0)))REPRESENTATION_ITEM('')SURFACE());
#9809=ORIENTED_EDGE('',*,*,#9808,.T.);
#9810=ORIENTED_EDGE('',*,*,#9619,.T.);
#9811=ORIENTED_EDGE('',*,*,#9691,.F.);
#9813=ORIENTED_EDGE('',*,*,#9812,.F.);
#9814=EDGE_LOOP('',(#9809,#9810,#9811,#9813));
#9815=FACE_OUTER_BOUND('',#9814,.F.);
#9817=FILL_AREA_STYLE_COLOUR('',#18);
#9818=FILL_AREA_STYLE('',(#9817));
#9819=SURFACE_STYLE_FILL_AREA(#9818);
#9820=SURFACE_SIDE_STYLE('',(#9819));
#9821=SURFACE_STYLE_USAGE(.BOTH.,#9820);
#9822=PRESENTATION_STYLE_ASSIGNMENT((#9821));
#9823=STYLED_ITEM('',(#9822),#9816);
#9824=CARTESIAN_POINT('',(2.3735376E1,4.25E0,-3.882259820800E0));
#9825=DIRECTION('',(-1.E0,0.E0,0.E0));
#9826=DIRECTION('',(0.E0,1.E0,0.E0));
#9827=AXIS2_PLACEMENT_3D('',#9824,#9825,#9826);
#9828=CYLINDRICAL_SURFACE('',#9827,2.E-1);
#9829=ORIENTED_EDGE('',*,*,#9808,.F.);
#9831=ORIENTED_EDGE('',*,*,#9830,.F.);
#9833=ORIENTED_EDGE('',*,*,#9832,.T.);
#9834=ORIENTED_EDGE('',*,*,#9621,.T.);
#9835=EDGE_LOOP('',(#9829,#9831,#9833,#9834));
#9836=FACE_OUTER_BOUND('',#9835,.F.);
#9838=FILL_AREA_STYLE_COLOUR('',#18);
#9839=FILL_AREA_STYLE('',(#9838));
#9840=SURFACE_STYLE_FILL_AREA(#9839);
#9841=SURFACE_SIDE_STYLE('',(#9840));
#9842=SURFACE_STYLE_USAGE(.BOTH.,#9841);
#9843=PRESENTATION_STYLE_ASSIGNMENT((#9842));
#9844=STYLED_ITEM('',(#9843),#9837);
#9845=CARTESIAN_POINT('',(6.58E0,0.E0,-4.230795E0));
#9846=DIRECTION('',(0.E0,3.489949670250E-2,-9.993908270191E-1));
#9847=DIRECTION('',(-1.E0,0.E0,0.E0));
#9848=AXIS2_PLACEMENT_3D('',#9845,#9846,#9847);
#9849=PLANE('',#9848);
#9851=ORIENTED_EDGE('',*,*,#9850,.F.);
#9852=ORIENTED_EDGE('',*,*,#9002,.T.);
#9854=ORIENTED_EDGE('',*,*,#9853,.T.);
#9855=ORIENTED_EDGE('',*,*,#9830,.T.);
#9856=EDGE_LOOP('',(#9851,#9852,#9854,#9855));
#9857=FACE_OUTER_BOUND('',#9856,.F.);
#9859=FILL_AREA_STYLE_COLOUR('',#18);
#9860=FILL_AREA_STYLE('',(#9859));
#9861=SURFACE_STYLE_FILL_AREA(#9860);
#9862=SURFACE_SIDE_STYLE('',(#9861));
#9863=SURFACE_STYLE_USAGE(.BOTH.,#9862);
#9864=PRESENTATION_STYLE_ASSIGNMENT((#9863));
#9865=STYLED_ITEM('',(#9864),#9858);
#9866=CARTESIAN_POINT('',(-6.532423696162E0,-5.80102E0,-4.183218696162E0));
#9867=DIRECTION('',(3.487826274237E-2,9.987827659587E-1,3.487826274237E-2));
#9868=DIRECTION('',(0.E0,3.489949670250E-2,-9.993908270191E-1));
#9869=AXIS2_PLACEMENT_3D('',#9866,#9867,#9868);
#9870=CYLINDRICAL_SURFACE('',#9869,2.5E-1);
#9871=ORIENTED_EDGE('',*,*,#9546,.F.);
#9872=ORIENTED_EDGE('',*,*,#9004,.T.);
#9873=ORIENTED_EDGE('',*,*,#9850,.T.);
#9874=ORIENTED_EDGE('',*,*,#9812,.T.);
#9875=EDGE_LOOP('',(#9871,#9872,#9873,#9874));
#9876=FACE_OUTER_BOUND('',#9875,.F.);
#9878=FILL_AREA_STYLE_COLOUR('',#18);
#9879=FILL_AREA_STYLE('',(#9878));
#9880=SURFACE_STYLE_FILL_AREA(#9879);
#9881=SURFACE_SIDE_STYLE('',(#9880));
#9882=SURFACE_STYLE_USAGE(.BOTH.,#9881);
#9883=PRESENTATION_STYLE_ASSIGNMENT((#9882));
#9884=STYLED_ITEM('',(#9883),#9877);
#9885=CARTESIAN_POINT('',(6.532423696162E0,-5.80102E0,-4.183218696162E0));
#9886=DIRECTION('',(-3.487826274237E-2,9.987827659587E-1,3.487826274237E-2));
#9887=DIRECTION('',(9.993908270191E-1,3.489949670250E-2,0.E0));
#9888=AXIS2_PLACEMENT_3D('',#9885,#9886,#9887);
#9889=CYLINDRICAL_SURFACE('',#9888,2.5E-1);
#9890=ORIENTED_EDGE('',*,*,#9853,.F.);
#9891=ORIENTED_EDGE('',*,*,#9000,.T.);
#9892=ORIENTED_EDGE('',*,*,#9374,.T.);
#9894=ORIENTED_EDGE('',*,*,#9893,.T.);
#9895=EDGE_LOOP('',(#9890,#9891,#9892,#9894));
#9896=FACE_OUTER_BOUND('',#9895,.F.);
#9898=FILL_AREA_STYLE_COLOUR('',#18);
#9899=FILL_AREA_STYLE('',(#9898));
#9900=SURFACE_STYLE_FILL_AREA(#9899);
#9901=SURFACE_SIDE_STYLE('',(#9900));
#9902=SURFACE_STYLE_USAGE(.BOTH.,#9901);
#9903=PRESENTATION_STYLE_ASSIGNMENT((#9902));
#9904=STYLED_ITEM('',(#9903),#9897);
#9905=CARTESIAN_POINT('',(6.130208773485E0,4.236338891296E0,-4.076433840714E0));
#9906=CARTESIAN_POINT('',(6.138752894853E0,4.236338891296E0,-4.078254956700E0));
#9907=CARTESIAN_POINT('',(6.171751701554E0,4.236338891296E0,-4.083418188681E0));
#9908=CARTESIAN_POINT('',(6.230668780681E0,4.236338891296E0,-4.080682499151E0));
#9909=CARTESIAN_POINT('',(6.301238806597E0,4.236338891296E0,-4.055392023304E0));
#9910=CARTESIAN_POINT('',(6.361367052364E0,4.236338891296E0,-4.010516910710E0));
#9911=CARTESIAN_POINT('',(6.405687504575E0,4.236338891296E0,-3.949979120794E0));
#9912=CARTESIAN_POINT('',(6.430328363664E0,4.236338891296E0,-3.879180723053E0));
#9913=CARTESIAN_POINT('',(6.432489704470E0,4.236338891296E0,-3.821139559641E0));
#9914=CARTESIAN_POINT('',(6.427341988810E0,4.236338891296E0,-3.789036740293E0));
#9915=CARTESIAN_POINT('',(6.425718235297E0,4.236338891296E0,-3.781347433350E0));
#9916=CARTESIAN_POINT('',(6.128331145421E0,4.369798260654E0,-4.085374935410E0));
#9917=CARTESIAN_POINT('',(6.137188046348E0,4.369798260654E0,-4.087262754870E0));
#9918=CARTESIAN_POINT('',(6.171394912068E0,4.369798260654E0,-4.092615100616E0));
#9919=CARTESIAN_POINT('',(6.232469223531E0,4.369798260654E0,-4.089779209375E0));
#9920=CARTESIAN_POINT('',(6.305623697233E0,4.369798260654E0,-4.063562596663E0));
#9921=CARTESIAN_POINT('',(6.367954254974E0,4.369798260654E0,-4.017043855725E0));
#9922=CARTESIAN_POINT('',(6.413898016034E0,4.369798260654E0,-3.954288757661E0));
#9923=CARTESIAN_POINT('',(6.439441215995E0,4.369798260654E0,-3.880897563177E0));
#9924=CARTESIAN_POINT('',(6.441681727735E0,4.369798260654E0,-3.820731253389E0));
#9925=CARTESIAN_POINT('',(6.436345473130E0,4.369798260654E0,-3.787453179885E0));
#9926=CARTESIAN_POINT('',(6.434662247091E0,4.369798260654E0,-3.779482385583E0));
#9927=CARTESIAN_POINT('',(6.148104830779E0,4.462723981378E0,-3.991214437545E0));
#9928=CARTESIAN_POINT('',(6.153667786168E0,4.462723981378E0,-3.992399789067E0));
#9929=CARTESIAN_POINT('',(6.175152335161E0,4.462723981378E0,-3.995760539064E0));
#9930=CARTESIAN_POINT('',(6.213508391451E0,4.462723981378E0,-3.993979892538E0));
#9931=CARTESIAN_POINT('',(6.259445516659E0,4.462723981378E0,-3.977516616672E0));
#9932=CARTESIAN_POINT('',(6.298583076351E0,4.462723981378E0,-3.948307262155E0));
#9933=CARTESIAN_POINT('',(6.327431439739E0,4.462723981378E0,-3.908903089933E0));
#9934=CARTESIAN_POINT('',(6.343471903322E0,4.462723981378E0,-3.862817168508E0));
#9935=CARTESIAN_POINT('',(6.344878649757E0,4.462723981378E0,-3.825031210073E0));
#9936=CARTESIAN_POINT('',(6.341527937362E0,4.462723981378E0,-3.804129978590E0));
#9937=CARTESIAN_POINT('',(6.340471028677E0,4.462723981378E0,-3.799123585266E0));
#9938=CARTESIAN_POINT('',(6.175447059217E0,4.448934582485E0,-3.861013223363E0));
#9939=CARTESIAN_POINT('',(6.176455283924E0,4.448934582485E0,-3.861227231480E0));
#9940=CARTESIAN_POINT('',(6.180347943299E0,4.448934582485E0,-3.861834085836E0));
#9941=CARTESIAN_POINT('',(6.187290142668E0,4.448934582485E0,-3.861512587746E0));
#9942=CARTESIAN_POINT('',(6.195592252119E0,4.448934582485E0,-3.858535819795E0));
#9943=CARTESIAN_POINT('',(6.202659500216E0,4.448934582485E0,-3.853261163796E0));
#9944=CARTESIAN_POINT('',(6.207869059812E0,4.448934582485E0,-3.846145679143E0));
#9945=CARTESIAN_POINT('',(6.210769535368E0,4.448934582485E0,-3.837816351899E0));
#9946=CARTESIAN_POINT('',(6.211023385872E0,4.448934582485E0,-3.830977011060E0));
#9947=CARTESIAN_POINT('',(6.210418198535E0,4.448934582485E0,-3.827189961166E0));
#9948=CARTESIAN_POINT('',(6.210227335398E0,4.448934582485E0,-3.826282618032E0));
#9949=(BOUNDED_SURFACE()B_SPLINE_SURFACE(3,3,((#9905,#9906,#9907,#9908,#9909,
#9910,#9911,#9912,#9913,#9914,#9915),(#9916,#9917,#9918,#9919,#9920,#9921,#9922,
#9923,#9924,#9925,#9926),(#9927,#9928,#9929,#9930,#9931,#9932,#9933,#9934,#9935,
#9936,#9937),(#9938,#9939,#9940,#9941,#9942,#9943,#9944,#9945,#9946,#9947,
#9948)),.UNSPECIFIED.,.F.,.F.,.F.)B_SPLINE_SURFACE_WITH_KNOTS((4,4),(4,1,1,1,1,
1,1,1,4),(0.E0,1.E0),(-5.932990450628E-2,0.E0,1.666740531688E-1,
3.333393981821E-1,4.999998329172E-1,6.666603509559E-1,8.333259094014E-1,1.E0,
1.053350359794E0),.UNSPECIFIED.)GEOMETRIC_REPRESENTATION_ITEM()RATIONAL_B_SPLINE_SURFACE(((1.216618110560E0,1.216618110560E0,1.216618110560E0,1.216618110560E0,
1.216618110560E0,1.216618110560E0,1.216618110560E0,1.216618110560E0,
1.216618110560E0,1.216618110560E0,1.216618110560E0),(9.277939631467E-1,
9.277939631467E-1,9.277939631467E-1,9.277939631467E-1,9.277939631467E-1,
9.277939631467E-1,9.277939631467E-1,9.277939631467E-1,9.277939631467E-1,
9.277939631467E-1,9.277939631467E-1),(9.277939631467E-1,9.277939631467E-1,
9.277939631467E-1,9.277939631467E-1,9.277939631467E-1,9.277939631467E-1,
9.277939631467E-1,9.277939631467E-1,9.277939631467E-1,9.277939631467E-1,
9.277939631467E-1),(1.216618110560E0,1.216618110560E0,1.216618110560E0,
1.216618110560E0,1.216618110560E0,1.216618110560E0,1.216618110560E0,
1.216618110560E0,1.216618110560E0,1.216618110560E0,1.216618110560E0)))REPRESENTATION_ITEM('')SURFACE());
#9950=ORIENTED_EDGE('',*,*,#9396,.T.);
#9951=ORIENTED_EDGE('',*,*,#9623,.T.);
#9952=ORIENTED_EDGE('',*,*,#9832,.F.);
#9953=ORIENTED_EDGE('',*,*,#9893,.F.);
#9954=EDGE_LOOP('',(#9950,#9951,#9952,#9953));
#9955=FACE_OUTER_BOUND('',#9954,.F.);
#9957=FILL_AREA_STYLE_COLOUR('',#18);
#9958=FILL_AREA_STYLE('',(#9957));
#9959=SURFACE_STYLE_FILL_AREA(#9958);
#9960=SURFACE_SIDE_STYLE('',(#9959));
#9961=SURFACE_STYLE_USAGE(.BOTH.,#9960);
#9962=PRESENTATION_STYLE_ASSIGNMENT((#9961));
#9963=STYLED_ITEM('',(#9962),#9956);
#9964=CARTESIAN_POINT('',(-5.63E0,4.45E0,0.E0));
#9965=DIRECTION('',(0.E0,1.E0,0.E0));
#9966=DIRECTION('',(1.E0,0.E0,0.E0));
#9967=AXIS2_PLACEMENT_3D('',#9964,#9965,#9966);
#9968=CYLINDRICAL_SURFACE('',#9967,1.E0);
#9969=ORIENTED_EDGE('',*,*,#9614,.F.);
#9970=ORIENTED_EDGE('',*,*,#9652,.T.);
#9971=ORIENTED_EDGE('',*,*,#9570,.T.);
#9972=ORIENTED_EDGE('',*,*,#9591,.F.);
#9973=EDGE_LOOP('',(#9969,#9970,#9971,#9972));
#9974=FACE_OUTER_BOUND('',#9973,.F.);
#9976=FILL_AREA_STYLE_COLOUR('',#18);
#9977=FILL_AREA_STYLE('',(#9976));
#9978=SURFACE_STYLE_FILL_AREA(#9977);
#9979=SURFACE_SIDE_STYLE('',(#9978));
#9980=SURFACE_STYLE_USAGE(.BOTH.,#9979);
#9981=PRESENTATION_STYLE_ASSIGNMENT((#9980));
#9982=STYLED_ITEM('',(#9981),#9975);
#9983=CLOSED_SHELL('',(#9024,#9046,#9067,#9088,#9108,#9145,#9167,#9188,#9209,
#9230,#9251,#9272,#9293,#9313,#9336,#9358,#9379,#9401,#9462,#9484,#9504,#9525,
#9554,#9576,#9599,#9634,#9656,#9676,#9696,#9755,#9816,#9837,#9858,#9877,#9897,
#9956,#9975));
#9984=MANIFOLD_SOLID_BREP('',#9983);
#9985=FILL_AREA_STYLE_COLOUR('',#18);
#9986=FILL_AREA_STYLE('',(#9985));
#9987=SURFACE_STYLE_FILL_AREA(#9986);
#9988=SURFACE_SIDE_STYLE('',(#9987));
#9989=SURFACE_STYLE_USAGE(.BOTH.,#9988);
#9990=PRESENTATION_STYLE_ASSIGNMENT((#9989));
#8165=STYLED_ITEM('',(#9990),#9984);
#9993=PLANE_ANGLE_MEASURE_WITH_UNIT(PLANE_ANGLE_MEASURE(1.745329251994E-2),
#9992);
#9994=(CONVERSION_BASED_UNIT('DEGREE',#9993)NAMED_UNIT(*)PLANE_ANGLE_UNIT());
#9996=UNCERTAINTY_MEASURE_WITH_UNIT(LENGTH_MEASURE(1.720944719680E-3),#9991,
'distance_accuracy_value',
'Maximum model space distance between geometric entities at asserted connectivities');
#9998=CARTESIAN_POINT('',(0.E0,0.E0,0.E0));
#9999=DIRECTION('',(0.E0,0.E0,1.E0));
#10000=DIRECTION('',(1.E0,0.E0,0.E0));
#10003=PRODUCT_CONTEXT('',#8100,'mechanical');
#10004=PRODUCT('B','B','NOT SPECIFIED',(#10003));
#10005=PRODUCT_DEFINITION_FORMATION('1','LAST_VERSION',#10004);
#10013=DERIVED_UNIT_ELEMENT(#10012,2.E0);
#10014=DERIVED_UNIT((#10013));
#10015=MEASURE_REPRESENTATION_ITEM('surface area measure',AREA_MEASURE(
5.302279644638E2),#10014);
#10020=DERIVED_UNIT_ELEMENT(#10019,3.E0);
#10021=DERIVED_UNIT((#10020));
#10022=MEASURE_REPRESENTATION_ITEM('volume measure',VOLUME_MEASURE(
2.041060015556E2),#10021);
#10026=CARTESIAN_POINT('centre point',(2.570178636356E-2,2.885613652009E0,
-1.234284327631E-8));
#10031=DERIVED_UNIT_ELEMENT(#10030,2.E0);
#10032=DERIVED_UNIT((#10031));
#10033=MEASURE_REPRESENTATION_ITEM('surface area measure',AREA_MEASURE(
5.302279644638E2),#10032);
#10038=DERIVED_UNIT_ELEMENT(#10037,3.E0);
#10039=DERIVED_UNIT((#10038));
#10040=MEASURE_REPRESENTATION_ITEM('volume measure',VOLUME_MEASURE(
2.041060015556E2),#10039);
#10044=CARTESIAN_POINT('centre point',(2.570178636356E-2,2.885613652009E0,
-1.234284327631E-8));
#10050=GENERAL_PROPERTY('','DESCRIPTION','user defined attribute');
#10051=GENERAL_PROPERTY_ASSOCIATION('user defined attribute','',#10050,#10049);
#10052=DESCRIPTIVE_REPRESENTATION_ITEM('DESCRIPTION','');
#10056=GENERAL_PROPERTY('','MODELED_BY','user defined attribute');
#10057=GENERAL_PROPERTY_ASSOCIATION('user defined attribute','',#10056,#10055);
#10058=DESCRIPTIVE_REPRESENTATION_ITEM('MODELED_BY','');
#10063=CARTESIAN_POINT('centre point',(2.570178636356E-2,1.234284327630E-8,
3.435613652010E0));
#10067=CARTESIAN_POINT('',(0.E0,0.E0,5.500000000005E-1));
#10068=DIRECTION('',(0.E0,-1.E0,0.E0));
#10069=DIRECTION('',(1.E0,0.E0,0.E0));
#10070=AXIS2_PLACEMENT_3D('',#10067,#10068,#10069);
#10071=ITEM_DEFINED_TRANSFORMATION('','',#10001,#10070);
#10072=(REPRESENTATION_RELATIONSHIP('','',#10002,#8151)REPRESENTATION_RELATIONSHIP_WITH_TRANSFORMATION(#10071)SHAPE_REPRESENTATION_RELATIONSHIP());
#10073=CONTEXT_DEPENDENT_SHAPE_REPRESENTATION(#10072,#10062);
#10076=PLANE_ANGLE_MEASURE_WITH_UNIT(PLANE_ANGLE_MEASURE(1.745329251994E-2),
#10075);
#10077=(CONVERSION_BASED_UNIT('DEGREE',#10076)NAMED_UNIT(*)PLANE_ANGLE_UNIT());
#10079=UNCERTAINTY_MEASURE_WITH_UNIT(LENGTH_MEASURE(1.896970431748E-3),#10074,
'distance_accuracy_value',
'Maximum model space distance between geometric entities at asserted connectivities');
#10081=CARTESIAN_POINT('',(0.E0,0.E0,0.E0));
#10082=DIRECTION('',(0.E0,0.E0,1.E0));
#10083=DIRECTION('',(1.E0,0.E0,0.E0));
#10085=MECHANICAL_DESIGN_GEOMETRIC_PRESENTATION_REPRESENTATION('',(#68,#75,#82,
#89,#96,#106,#113,#123,#133,#143,#150,#157,#164,#171,#178,#185,#192,#199,#206,
#213,#221,#229,#239,#249,#256,#263,#270,#277,#284,#291,#298,#305,#312,#319,#326,
#333,#340,#347,#354,#361,#368,#375,#382,#389,#396,#404,#412,#419,#426,#433,#440,
#447,#454,#461,#468,#475,#482,#489,#496,#503,#510,#517,#525,#532,#539,#546,#554,
#561,#569,#576,#583,#590,#597,#604,#611,#619,#626,#634,#641,#648,#656,#664,#672,
#680,#687,#695,#702,#709,#716,#723,#730,#737,#744,#751,#759,#766,#774,#782,#789,
#796,#804,#811,#819,#826,#834,#841,#848,#855,#862,#869,#876,#884,#891,#899,#906,
#913,#920,#927,#934,#942,#949,#957,#964,#971,#978,#985,#992,#999,#1006,#1013,
#1021,#1029,#1036,#1043,#1050,#1057,#1064,#1071,#1078,#1085,#1092,#1099,#1106,
#1113,#1121,#1128,#1136,#1143,#1151,#1159,#1166,#1173,#1180,#1187,#1195,#1203,
#1210,#1217,#1224,#1231,#1238,#1245,#1252,#1259,#1266,#1273,#1280,#1287,#1294,
#1301,#1308,#1315,#1322,#1332,#1342,#1350,#1358,#1366,#1374,#1382,#1390,#1397,
#1404,#1412,#1420,#1430,#1440,#1447,#1454,#1461,#1471,#1479,#1487,#1497,#1504,
#1511,#1518,#1525,#1532,#1539,#1546,#1553,#1561,#1568,#1576,#1583,#1591,#1599,
#1606,#1613,#1620,#1627,#1634,#1641,#1648,#1655,#1663,#1670,#1678,#1685,#1693,
#1701,#1708,#1715,#1722,#1729,#1736,#1743,#1750,#1757,#1764,#1771,#1778,#1785,
#1792,#1799,#1806,#1813,#1820,#1828,#1836,#1843,#1850,#1857,#1864,#1871,#1878,
#1885,#1892,#1899,#1908,#1915,#1924,#1931,#1939,#1947,#1955,#1963,#1971,#1979,
#1986,#1993,#2000,#2009,#2016,#2024,#2033,#2040,#2047,#2055,#2063,#2071,#2079,
#2087,#2095,#2102,#2109,#2118,#2125,#2134,#2142,#2152,#2159,#2169,#2177,#2184,
#2191,#2198,#2205,#2212,#2219,#2226,#2233,#2240,#2247,#2254,#2261,#2268,#2275,
#2282,#2289,#2296,#2303,#2310,#2318,#2325,#2332,#2339,#2347,#2354,#2361,#2368,
#2377,#2385,#2395,#2405,#2413,#2423,#2430,#2439,#2446,#2453,#2460,#2467,#2474,
#2481,#2488,#2495,#2502,#2509,#2516,#2523,#2534,#2541,#2549,#2557,#2568,#2576,
#2584,#2592,#2600,#2610,#2620,#2628,#2635,#2642,#2652,#2660,#2670,#2677,#2687,
#2695,#2702,#2709,#2716,#2724,#2734,#2744,#2754,#2761,#2771,#2779,#2786,#2793,
#2800,#2807,#2815,#2822,#2829,#2836,#2844,#2852,#2859,#2866,#2873,#2881,#2889,
#2896,#2903,#2910,#2917,#2925,#2933,#2940,#2947,#2954,#2962,#2970,#2977,#2984,
#2991,#2998,#3005,#3012,#3019,#3027,#3035,#3042,#3049,#3057,#3065,#3072,#3079,
#3086,#3094,#3102,#3109,#3116,#3123,#3130,#3138,#3146,#3153,#3160,#3167,#3174,
#3181,#3188,#3195,#3202,#3209,#3217,#3225,#3232,#3239,#3247,#3255,#3262,#3269,
#3276,#3283,#3290,#3298,#3306,#3313,#3320,#3328,#3336,#3343,#3350,#3358,#3366,
#3373,#3380,#3388,#3396,#3403,#3410,#3418,#3426,#3433,#3440,#3448,#3456,#4332,
#4359,#4401,#4429,#4456,#4483,#4523,#4549,#4576,#4602,#4628,#4667,#4711,#4735,
#4760,#4786,#4810,#4835,#4871,#4915,#4940,#4965,#4990,#5015,#5040,#5065,#5089,
#5113,#5140,#5168,#5195,#5221,#5263,#5288,#5316,#5343,#5369,#5396,#5421,#5462,
#5486,#5511,#5538,#5563,#6055,#6082,#6107,#6132,#6159,#6184,#6209,#6236,#6261,
#6286,#6313,#6338,#6363,#6390,#6415,#6439,#6465,#6489,#6522,#6547,#6579,#7274,
#7300,#7321,#7341,#7361,#7383,#7409,#7430,#7450,#7470,#7504,#7530,#7551,#7571,
#7591,#7615,#7640,#7660,#7681,#7700,#7722,#7748,#7769,#7789,#7809,#7854,#7899,
#7944,#7989,#8034,#8079,#60,#8172,#8179,#8186,#8193,#8204,#8211,#8222,#8229,
#8240,#8247,#8258,#8265,#8272,#8279,#8286,#8293,#8300,#8307,#8314,#8321,#8328,
#8335,#8343,#8350,#8357,#8364,#8372,#8379,#8386,#8393,#8400,#8407,#8414,#8421,
#8428,#8435,#8442,#8449,#8457,#8464,#8471,#8478,#8486,#8493,#8500,#8507,#8514,
#8522,#8530,#8543,#8551,#8559,#8566,#8573,#8580,#8587,#8594,#8601,#8608,#8615,
#8622,#8629,#8636,#8644,#8651,#8658,#8665,#8673,#8680,#8687,#8700,#8707,#8720,
#8727,#8740,#8747,#8760,#8767,#8775,#8783,#8791,#8799,#8812,#8825,#8833,#8841,
#8848,#8855,#8862,#8875,#8882,#9031,#9053,#9074,#9095,#9115,#9152,#9174,#9195,
#9216,#9237,#9258,#9279,#9300,#9320,#9343,#9365,#9386,#9408,#9469,#9491,#9511,
#9532,#9561,#9583,#9606,#9641,#9663,#9683,#9703,#9762,#9823,#9844,#9865,#9884,
#9904,#9963,#9982,#8165),#10080);
#10086=PRODUCT_DEFINITION_CONTEXT('part definition',#8100,'design');
#10087=PRODUCT_CONTEXT('',#8100,'mechanical');
#10088=PRODUCT('0-A_ASM','0-A_ASM','NOT SPECIFIED',(#10087));
#10089=PRODUCT_DEFINITION_FORMATION('2','LAST_VERSION',#10088);
#10092=DERIVED_UNIT_ELEMENT(#10091,2.E0);
#10093=DERIVED_UNIT((#10092));
#10094=MEASURE_REPRESENTATION_ITEM('surface area measure',AREA_MEASURE(
1.037411830958E3),#10093);
#10099=DERIVED_UNIT_ELEMENT(#10098,3.E0);
#10100=DERIVED_UNIT((#10099));
#10101=MEASURE_REPRESENTATION_ITEM('volume measure',VOLUME_MEASURE(
4.360384274984E2),#10100);
#10105=CARTESIAN_POINT('centre point',(-7.683548425690E-2,-4.573273431612E-3,
1.374810001040E0));
#10109=PRODUCT_RELATED_PRODUCT_CATEGORY('part','',(#10088,#8104,#10004));
#10111=GENERAL_PROPERTY('','DESCRIPTION','user defined attribute');
#10112=GENERAL_PROPERTY_ASSOCIATION('user defined attribute','',#10111,#10110);
#10113=DESCRIPTIVE_REPRESENTATION_ITEM('DESCRIPTION','');
#10117=GENERAL_PROPERTY('','MODELED_BY','user defined attribute');
#10118=GENERAL_PROPERTY_ASSOCIATION('user defined attribute','',#10117,#10116);
#10119=DESCRIPTIVE_REPRESENTATION_ITEM('MODELED_BY','');
#1=DRAUGHTING_PRE_DEFINED_COLOUR('black');
#2=COLOUR_RGB('',0.E0,5.019607843137E-1,0.E0);
#3=COLOUR_RGB('',0.E0,6.588235294118E-1,1.E0);
#4=DRAUGHTING_PRE_DEFINED_COLOUR('green');
#5=COLOUR_RGB('',1.1E-2,1.2E-2,1.E0);
#6=COLOUR_RGB('',6.666666666667E-2,8.E-1,1.E0);
#7=COLOUR_RGB('',1.215686274510E-1,8.117647058824E-1,4.705882352941E-2);
#8=COLOUR_RGB('',1.372549019608E-1,8.313725490196E-1,6.509803921569E-1);
#9=COLOUR_RGB('',1.411764705882E-1,4.705882352941E-1,1.960784313725E-1);
#10=COLOUR_RGB('',1.803921568627E-1,1.803921568627E-1,1.803921568627E-1);
#11=COLOUR_RGB('',2.078431372549E-1,2.588235294118E-1,1.E0);
#12=COLOUR_RGB('',2.117647058824E-1,7.607843137255E-1,7.411764705882E-1);
#13=COLOUR_RGB('',2.509803921569E-1,2.509803921569E-1,2.509803921569E-1);
#14=COLOUR_RGB('',2.588235294118E-1,6.901960784314E-1,1.E0);
#15=COLOUR_RGB('',2.666666666667E-1,3.490196078431E-1,1.E0);
#16=COLOUR_RGB('',3.098039215686E-1,3.215686274510E-1,3.098039215686E-1);
#17=COLOUR_RGB('',3.137254901961E-1,1.E0,2.666666666667E-1);
#18=COLOUR_RGB('',3.7E-1,3.7E-1,3.7E-1);
#19=COLOUR_RGB('',3.843137254902E-1,6.196078431373E-1,6.039215686275E-1);
#20=COLOUR_RGB('',3.92E-1,1.2E-2,1.2E-2);
#21=COLOUR_RGB('',4.E-1,4.509803921569E-1,1.E0);
#22=COLOUR_RGB('',4.1E-1,0.E0,2.2E-1);
#23=COLOUR_RGB('',4.431372549020E-1,6.352941176471E-1,1.E0);
#24=COLOUR_RGB('',4.509803921569E-1,4.509803921569E-1,4.509803921569E-1);
#25=COLOUR_RGB('',5.137254901961E-1,0.E0,0.E0);
#26=COLOUR_RGB('',5.921568627451E-1,2.156862745098E-1,8.313725490196E-1);
#27=COLOUR_RGB('',6.117647058824E-1,5.647058823529E-1,3.647058823529E-1);
#28=COLOUR_RGB('',6.392156862745E-1,4.E-1,2.078431372549E-1);
#29=COLOUR_RGB('',6.431372549020E-1,3.803921568627E-1,1.E0);
#30=COLOUR_RGB('',6.470588235294E-1,6.196078431373E-1,5.882352941176E-1);
#31=COLOUR_RGB('',6.627450980392E-1,9.411764705882E-1,5.843137254902E-1);
#32=COLOUR_RGB('',6.862745098039E-1,6.627450980392E-1,1.E0);
#33=COLOUR_RGB('',6.952E-1,7.426E-1,7.9E-1);
#34=COLOUR_RGB('',6.980392156863E-1,4.392156862745E-1,3.803921568627E-1);
#35=COLOUR_RGB('',7.058823529412E-1,9.333333333333E-1,1.E0);
#36=COLOUR_RGB('',7.333333333333E-1,3.529411764706E-1,8.313725490196E-1);
#37=COLOUR_RGB('',7.568627450980E-1,7.882352941176E-1,1.098039215686E-1);
#38=COLOUR_RGB('',7.607843137255E-1,5.176470588235E-1,6.274509803922E-1);
#39=COLOUR_RGB('',7.686274509804E-1,5.647058823529E-1,2.156862745098E-1);
#40=COLOUR_RGB('',7.84314E-1,7.84314E-1,7.84314E-1);
#41=COLOUR_RGB('',7.960784313725E-1,8.235294117647E-1,9.372549019608E-1);
#42=COLOUR_RGB('',8.E-1,5.294117647059E-1,8.588235294118E-1);
#43=COLOUR_RGB('',8.235294117647E-1,1.E0,1.137254901961E-1);
#44=COLOUR_RGB('',8.784E-1,9.49E-1,1.E0);
#45=COLOUR_RGB('',9.098039215686E-1,4.431372549020E-1,3.137254901961E-2);
#46=COLOUR_RGB('',9.490196078431E-1,7.568627450980E-1,1.764705882353E-1);
#47=COLOUR_RGB('',9.6E-1,9.6E-1,9.6E-1);
#48=COLOUR_RGB('',9.8E-1,6.27E-1,0.E0);
#49=COLOUR_RGB('',9.882352941176E-1,7.686274509804E-1,8.E-1);
#50=DRAUGHTING_PRE_DEFINED_COLOUR('red');
#51=COLOUR_RGB('',1.E0,1.921568627451E-1,2.745098039216E-1);
#52=COLOUR_RGB('',1.E0,2.862745098039E-1,9.490196078431E-1);
#53=COLOUR_RGB('',1.E0,7.450980392157E-1,2.745098039216E-2);
#54=COLOUR_RGB('',1.E0,8.078431372549E-1,4.588235294118E-1);
#55=COLOUR_RGB('',1.E0,8.705882352941E-1,2.745098039216E-2);
#56=COLOUR_RGB('',1.E0,9.882352941176E-1,2.352941176471E-1);
#57=DRAUGHTING_PRE_DEFINED_COLOUR('yellow');
#58=COLOUR_RGB('',1.E0,1.E0,9.49E-1);
#59=DRAUGHTING_PRE_DEFINED_COLOUR('white');
#103=B_SPLINE_CURVE_WITH_KNOTS('',3,(#97,#98,#99,#100,#101,#102),.UNSPECIFIED.,
.F.,.F.,(4,1,1,4),(0.E0,3.333333333333E-1,6.666666666667E-1,1.E0),
.UNSPECIFIED.);
#120=B_SPLINE_CURVE_WITH_KNOTS('',3,(#114,#115,#116,#117,#118,#119),
.UNSPECIFIED.,.F.,.F.,(4,1,1,4),(0.E0,3.333333333333E-1,6.666666666667E-1,1.E0),
.UNSPECIFIED.);
#130=B_SPLINE_CURVE_WITH_KNOTS('',3,(#124,#125,#126,#127,#128,#129),
.UNSPECIFIED.,.F.,.F.,(4,1,1,4),(0.E0,3.333333333333E-1,6.666666666667E-1,1.E0),
.UNSPECIFIED.);
#140=B_SPLINE_CURVE_WITH_KNOTS('',3,(#134,#135,#136,#137,#138,#139),
.UNSPECIFIED.,.F.,.F.,(4,1,1,4),(0.E0,3.333333333333E-1,6.666666666667E-1,1.E0),
.UNSPECIFIED.);
#218=CIRCLE('',#217,2.E-1);
#226=CIRCLE('',#225,2.E-1);
#236=B_SPLINE_CURVE_WITH_KNOTS('',3,(#230,#231,#232,#233,#234,#235),
.UNSPECIFIED.,.F.,.F.,(4,1,1,4),(0.E0,3.333333333333E-1,6.666666666667E-1,1.E0),
.UNSPECIFIED.);
#246=B_SPLINE_CURVE_WITH_KNOTS('',3,(#240,#241,#242,#243,#244,#245),
.UNSPECIFIED.,.F.,.F.,(4,1,1,4),(0.E0,3.333333333333E-1,6.666666666667E-1,1.E0),
.UNSPECIFIED.);
#401=CIRCLE('',#400,1.E-1);
#409=CIRCLE('',#408,1.E-1);
#522=CIRCLE('',#521,6.5E-1);
#551=CIRCLE('',#550,2.5E-1);
#566=CIRCLE('',#565,4.E-1);
#616=CIRCLE('',#615,4.E-1);
#631=CIRCLE('',#630,2.5E-1);
#653=CIRCLE('',#652,6.5E-1);
#661=CIRCLE('',#660,1.E-1);
#669=CIRCLE('',#668,1.E-1);
#677=CIRCLE('',#676,6.5E-1);
#692=CIRCLE('',#691,6.5E-1);
#756=CIRCLE('',#755,4.E-1);
#771=CIRCLE('',#770,2.5E-1);
#779=CIRCLE('',#778,6.5E-1);
#801=CIRCLE('',#800,6.5E-1);
#816=CIRCLE('',#815,2.5E-1);
#831=CIRCLE('',#830,4.E-1);
#881=CIRCLE('',#880,4.E-1);
#896=CIRCLE('',#895,4.E-1);
#939=CIRCLE('',#938,2.5E-1);
#954=CIRCLE('',#953,2.5E-1);
#1018=CIRCLE('',#1017,1.E-1);
#1026=CIRCLE('',#1025,1.E-1);
#1118=CIRCLE('',#1117,6.5E-1);
#1133=CIRCLE('',#1132,6.5E-1);
#1148=CIRCLE('',#1147,6.5E-1);
#1156=CIRCLE('',#1155,6.5E-1);
#1192=CIRCLE('',#1191,1.E-1);
#1200=CIRCLE('',#1199,1.E-1);
#1329=B_SPLINE_CURVE_WITH_KNOTS('',3,(#1323,#1324,#1325,#1326,#1327,#1328),
.UNSPECIFIED.,.F.,.F.,(4,1,1,4),(0.E0,3.333333333333E-1,6.666666666667E-1,1.E0),
.UNSPECIFIED.);
#1339=B_SPLINE_CURVE_WITH_KNOTS('',3,(#1333,#1334,#1335,#1336,#1337,#1338),
.UNSPECIFIED.,.F.,.F.,(4,1,1,4),(0.E0,3.333333333333E-1,6.666666666667E-1,1.E0),
.UNSPECIFIED.);
#1347=CIRCLE('',#1346,2.E-1);
#1355=CIRCLE('',#1354,2.E-1);
#1363=B_SPLINE_CURVE_WITH_KNOTS('',3,(#1359,#1360,#1361,#1362),.UNSPECIFIED.,
.F.,.F.,(4,4),(0.E0,1.E0),.UNSPECIFIED.);
#1371=B_SPLINE_CURVE_WITH_KNOTS('',3,(#1367,#1368,#1369,#1370),.UNSPECIFIED.,
.F.,.F.,(4,4),(0.E0,1.E0),.UNSPECIFIED.);
#1379=B_SPLINE_CURVE_WITH_KNOTS('',3,(#1375,#1376,#1377,#1378),.UNSPECIFIED.,
.F.,.F.,(4,4),(0.E0,1.E0),.UNSPECIFIED.);
#1387=B_SPLINE_CURVE_WITH_KNOTS('',3,(#1383,#1384,#1385,#1386),.UNSPECIFIED.,
.F.,.F.,(4,4),(0.E0,1.E0),.UNSPECIFIED.);
#1409=CIRCLE('',#1408,2.E-1);
#1417=CIRCLE('',#1416,2.E-1);
#1427=B_SPLINE_CURVE_WITH_KNOTS('',3,(#1421,#1422,#1423,#1424,#1425,#1426),
.UNSPECIFIED.,.F.,.F.,(4,1,1,4),(0.E0,3.333333333333E-1,6.666666666667E-1,1.E0),
.UNSPECIFIED.);
#1437=B_SPLINE_CURVE_WITH_KNOTS('',3,(#1431,#1432,#1433,#1434,#1435,#1436),
.UNSPECIFIED.,.F.,.F.,(4,1,1,4),(0.E0,3.333333333333E-1,6.666666666667E-1,1.E0),
.UNSPECIFIED.);
#1468=B_SPLINE_CURVE_WITH_KNOTS('',3,(#1462,#1463,#1464,#1465,#1466,#1467),
.UNSPECIFIED.,.F.,.F.,(4,1,1,4),(0.E0,3.333333333333E-1,6.666666666667E-1,1.E0),
.UNSPECIFIED.);
#1476=CIRCLE('',#1475,2.E-1);
#1484=CIRCLE('',#1483,2.E-1);
#1494=B_SPLINE_CURVE_WITH_KNOTS('',3,(#1488,#1489,#1490,#1491,#1492,#1493),
.UNSPECIFIED.,.F.,.F.,(4,1,1,4),(0.E0,3.333333333333E-1,6.666666666667E-1,1.E0),
.UNSPECIFIED.);
#1558=CIRCLE('',#1557,2.5E-1);
#1573=CIRCLE('',#1572,2.5E-1);
#1588=CIRCLE('',#1587,2.5E-1);
#1596=CIRCLE('',#1595,2.5E-1);
#1660=CIRCLE('',#1659,4.E-1);
#1675=CIRCLE('',#1674,4.E-1);
#1690=CIRCLE('',#1689,4.E-1);
#1698=CIRCLE('',#1697,4.E-1);
#1825=CIRCLE('',#1824,1.E-1);
#1833=CIRCLE('',#1832,1.E-1);
#1905=B_SPLINE_CURVE_WITH_KNOTS('',3,(#1900,#1901,#1902,#1903,#1904),
.UNSPECIFIED.,.F.,.F.,(4,1,4),(0.E0,5.E-1,1.E0),.UNSPECIFIED.);
#1921=B_SPLINE_CURVE_WITH_KNOTS('',3,(#1916,#1917,#1918,#1919,#1920),
.UNSPECIFIED.,.F.,.F.,(4,1,4),(0.E0,5.E-1,1.E0),.UNSPECIFIED.);
#1936=CIRCLE('',#1935,2.5E-1);
#1944=CIRCLE('',#1943,2.5E-1);
#1952=CIRCLE('',#1951,2.5E-1);
#1960=CIRCLE('',#1959,2.5E-1);
#1968=CIRCLE('',#1967,2.5E-1);
#1976=CIRCLE('',#1975,2.5E-1);
#2006=B_SPLINE_CURVE_WITH_KNOTS('',3,(#2001,#2002,#2003,#2004,#2005),
.UNSPECIFIED.,.F.,.F.,(4,1,4),(0.E0,5.E-1,1.E0),.UNSPECIFIED.);
#2021=CIRCLE('',#2020,3.674004598182E0);
#2030=B_SPLINE_CURVE_WITH_KNOTS('',3,(#2025,#2026,#2027,#2028,#2029),
.UNSPECIFIED.,.F.,.F.,(4,1,4),(0.E0,5.E-1,1.E0),.UNSPECIFIED.);
#2052=CIRCLE('',#2051,2.5E-1);
#2060=CIRCLE('',#2059,2.5E-1);
#2068=CIRCLE('',#2067,2.5E-1);
#2076=CIRCLE('',#2075,2.5E-1);
#2084=CIRCLE('',#2083,2.5E-1);
#2092=CIRCLE('',#2091,2.5E-1);
#2115=B_SPLINE_CURVE_WITH_KNOTS('',3,(#2110,#2111,#2112,#2113,#2114),
.UNSPECIFIED.,.F.,.F.,(4,1,4),(0.E0,5.E-1,1.E0),.UNSPECIFIED.);
#2131=B_SPLINE_CURVE_WITH_KNOTS('',3,(#2126,#2127,#2128,#2129,#2130),
.UNSPECIFIED.,.F.,.F.,(4,1,4),(0.E0,5.E-1,1.E0),.UNSPECIFIED.);
#2139=CIRCLE('',#2138,3.530544037268E0);
#2149=B_SPLINE_CURVE_WITH_KNOTS('',3,(#2143,#2144,#2145,#2146,#2147,#2148),
.UNSPECIFIED.,.F.,.F.,(4,1,1,4),(0.E0,3.333333333333E-1,6.666666666667E-1,1.E0),
.UNSPECIFIED.);
#2166=B_SPLINE_CURVE_WITH_KNOTS('',3,(#2160,#2161,#2162,#2163,#2164,#2165),
.UNSPECIFIED.,.F.,.F.,(4,1,1,4),(0.E0,3.333333333333E-1,6.666666666667E-1,1.E0),
.UNSPECIFIED.);
#2174=CIRCLE('',#2173,3.530544037268E0);
#2315=B_SPLINE_CURVE_WITH_KNOTS('',3,(#2311,#2312,#2313,#2314),.UNSPECIFIED.,
.F.,.F.,(4,4),(0.E0,1.E0),.UNSPECIFIED.);
#2344=B_SPLINE_CURVE_WITH_KNOTS('',3,(#2340,#2341,#2342,#2343),.UNSPECIFIED.,
.F.,.F.,(4,4),(0.E0,1.E0),.UNSPECIFIED.);
#2374=B_SPLINE_CURVE_WITH_KNOTS('',3,(#2369,#2370,#2371,#2372,#2373),
.UNSPECIFIED.,.F.,.F.,(4,1,4),(0.E0,5.E-1,1.E0),.UNSPECIFIED.);
#2382=CIRCLE('',#2381,3.530544037268E0);
#2392=B_SPLINE_CURVE_WITH_KNOTS('',3,(#2386,#2387,#2388,#2389,#2390,#2391),
.UNSPECIFIED.,.F.,.F.,(4,1,1,4),(0.E0,3.333333333333E-1,6.666666666667E-1,1.E0),
.UNSPECIFIED.);
#2402=B_SPLINE_CURVE_WITH_KNOTS('',3,(#2396,#2397,#2398,#2399,#2400,#2401),
.UNSPECIFIED.,.F.,.F.,(4,1,1,4),(0.E0,3.333333333333E-1,6.666666666667E-1,1.E0),
.UNSPECIFIED.);
#2410=CIRCLE('',#2409,3.530544037268E0);
#2420=B_SPLINE_CURVE_WITH_KNOTS('',3,(#2414,#2415,#2416,#2417,#2418,#2419),
.UNSPECIFIED.,.F.,.F.,(4,1,1,4),(0.E0,3.333333333333E-1,6.666666666667E-1,1.E0),
.UNSPECIFIED.);
#2436=B_SPLINE_CURVE_WITH_KNOTS('',3,(#2431,#2432,#2433,#2434,#2435),
.UNSPECIFIED.,.F.,.F.,(4,1,4),(0.E0,5.E-1,1.E0),.UNSPECIFIED.);
#2531=B_SPLINE_CURVE_WITH_KNOTS('',3,(#2524,#2525,#2526,#2527,#2528,#2529,
#2530),.UNSPECIFIED.,.F.,.F.,(4,1,1,1,4),(0.E0,2.5E-1,5.E-1,7.5E-1,1.E0),
.UNSPECIFIED.);
#2546=CIRCLE('',#2545,3.524010309722E0);
#2554=CIRCLE('',#2553,3.524010309722E0);
#2565=B_SPLINE_CURVE_WITH_KNOTS('',3,(#2558,#2559,#2560,#2561,#2562,#2563,
#2564),.UNSPECIFIED.,.F.,.F.,(4,1,1,1,4),(0.E0,2.5E-1,5.E-1,7.5E-1,1.E0),
.UNSPECIFIED.);
#2573=B_SPLINE_CURVE_WITH_KNOTS('',3,(#2569,#2570,#2571,#2572),.UNSPECIFIED.,
.F.,.F.,(4,4),(0.E0,1.E0),.UNSPECIFIED.);
#2581=B_SPLINE_CURVE_WITH_KNOTS('',3,(#2577,#2578,#2579,#2580),.UNSPECIFIED.,
.F.,.F.,(4,4),(0.E0,1.E0),.UNSPECIFIED.);
#2589=CIRCLE('',#2588,3.5E0);
#2597=CIRCLE('',#2596,3.5E0);
#2607=B_SPLINE_CURVE_WITH_KNOTS('',3,(#2601,#2602,#2603,#2604,#2605,#2606),
.UNSPECIFIED.,.F.,.F.,(4,1,1,4),(0.E0,3.333333333333E-1,6.666666666667E-1,1.E0),
.UNSPECIFIED.);
#2617=B_SPLINE_CURVE_WITH_KNOTS('',3,(#2611,#2612,#2613,#2614,#2615,#2616),
.UNSPECIFIED.,.F.,.F.,(4,1,1,4),(0.E0,3.333333333333E-1,6.666666666667E-1,1.E0),
.UNSPECIFIED.);
#2625=CIRCLE('',#2624,3.5E0);
#2649=B_SPLINE_CURVE_WITH_KNOTS('',3,(#2643,#2644,#2645,#2646,#2647,#2648),
.UNSPECIFIED.,.F.,.F.,(4,1,1,4),(0.E0,3.333333333333E-1,6.666666666667E-1,1.E0),
.UNSPECIFIED.);
#2657=CIRCLE('',#2656,3.5E0);
#2667=B_SPLINE_CURVE_WITH_KNOTS('',3,(#2661,#2662,#2663,#2664,#2665,#2666),
.UNSPECIFIED.,.F.,.F.,(4,1,1,4),(0.E0,3.333333333333E-1,6.666666666667E-1,1.E0),
.UNSPECIFIED.);
#2684=B_SPLINE_CURVE_WITH_KNOTS('',3,(#2678,#2679,#2680,#2681,#2682,#2683),
.UNSPECIFIED.,.F.,.F.,(4,1,1,4),(0.E0,3.333333333333E-1,6.666666666667E-1,1.E0),
.UNSPECIFIED.);
#2692=B_SPLINE_CURVE_WITH_KNOTS('',3,(#2688,#2689,#2690,#2691),.UNSPECIFIED.,
.F.,.F.,(4,4),(0.E0,1.E0),.UNSPECIFIED.);
#2721=B_SPLINE_CURVE_WITH_KNOTS('',3,(#2717,#2718,#2719,#2720),.UNSPECIFIED.,
.F.,.F.,(4,4),(0.E0,1.E0),.UNSPECIFIED.);
#2731=B_SPLINE_CURVE_WITH_KNOTS('',3,(#2725,#2726,#2727,#2728,#2729,#2730),
.UNSPECIFIED.,.F.,.F.,(4,1,1,4),(0.E0,3.333333333333E-1,6.666666666667E-1,1.E0),
.UNSPECIFIED.);
#2741=B_SPLINE_CURVE_WITH_KNOTS('',3,(#2735,#2736,#2737,#2738,#2739,#2740),
.UNSPECIFIED.,.F.,.F.,(4,1,1,4),(0.E0,3.333333333333E-1,6.666666666667E-1,1.E0),
.UNSPECIFIED.);
#2751=B_SPLINE_CURVE_WITH_KNOTS('',3,(#2745,#2746,#2747,#2748,#2749,#2750),
.UNSPECIFIED.,.F.,.F.,(4,1,1,4),(0.E0,3.333333333333E-1,6.666666666667E-1,1.E0),
.UNSPECIFIED.);
#2768=B_SPLINE_CURVE_WITH_KNOTS('',3,(#2762,#2763,#2764,#2765,#2766,#2767),
.UNSPECIFIED.,.F.,.F.,(4,1,1,4),(0.E0,3.333333333333E-1,6.666666666667E-1,1.E0),
.UNSPECIFIED.);
#2776=B_SPLINE_CURVE_WITH_KNOTS('',3,(#2772,#2773,#2774,#2775),.UNSPECIFIED.,
.F.,.F.,(4,4),(0.E0,1.E0),.UNSPECIFIED.);
#2812=B_SPLINE_CURVE_WITH_KNOTS('',3,(#2808,#2809,#2810,#2811),.UNSPECIFIED.,
.F.,.F.,(4,4),(0.E0,1.E0),.UNSPECIFIED.);
#2841=CIRCLE('',#2840,3.E-1);
#2849=CIRCLE('',#2848,3.E-1);
#2878=CIRCLE('',#2877,3.E-1);
#2886=CIRCLE('',#2885,3.E-1);
#2922=CIRCLE('',#2921,3.E-1);
#2930=CIRCLE('',#2929,3.E-1);
#2959=CIRCLE('',#2958,3.E-1);
#2967=CIRCLE('',#2966,3.E-1);
#3024=CIRCLE('',#3023,3.E-1);
#3032=CIRCLE('',#3031,3.E-1);
#3054=CIRCLE('',#3053,3.E-1);
#3062=CIRCLE('',#3061,3.E-1);
#3091=CIRCLE('',#3090,3.E-1);
#3099=CIRCLE('',#3098,3.E-1);
#3135=CIRCLE('',#3134,3.E-1);
#3143=CIRCLE('',#3142,3.E-1);
#3214=CIRCLE('',#3213,3.E-1);
#3222=CIRCLE('',#3221,3.E-1);
#3244=CIRCLE('',#3243,3.E-1);
#3252=CIRCLE('',#3251,3.E-1);
#3295=CIRCLE('',#3294,2.5E-1);
#3303=CIRCLE('',#3302,2.5E-1);
#3325=CIRCLE('',#3324,2.5E-1);
#3333=CIRCLE('',#3332,2.5E-1);
#3355=CIRCLE('',#3354,2.5E-1);
#3363=CIRCLE('',#3362,2.5E-1);
#3385=CIRCLE('',#3384,2.5E-1);
#3393=CIRCLE('',#3392,2.5E-1);
#3415=CIRCLE('',#3414,2.5E-1);
#3423=CIRCLE('',#3422,2.5E-1);
#3445=CIRCLE('',#3444,2.5E-1);
#3453=CIRCLE('',#3452,2.5E-1);
#4030=EDGE_CURVE('',#3459,#3460,#86,.T.);
#4032=EDGE_CURVE('',#3459,#3462,#64,.T.);
#4034=EDGE_CURVE('',#3464,#3462,#1401,.T.);
#4036=EDGE_CURVE('',#3464,#3460,#72,.T.);
#4040=ADVANCED_FACE('',(#4039),#4029,.T.);
#4046=EDGE_CURVE('',#3467,#3468,#79,.T.);
#4048=EDGE_CURVE('',#3459,#3468,#1501,.T.);
#4051=EDGE_CURVE('',#3460,#3467,#93,.T.);
#4055=ADVANCED_FACE('',(#4054),#4045,.T.);
#4061=EDGE_CURVE('',#3471,#3472,#182,.T.);
#4063=EDGE_CURVE('',#3471,#3473,#103,.T.);
#4065=EDGE_CURVE('',#3473,#3475,#110,.T.);
#4067=EDGE_CURVE('',#3475,#3468,#120,.T.);
#4070=EDGE_CURVE('',#3467,#3476,#130,.T.);
#4072=EDGE_CURVE('',#3478,#3476,#288,.T.);
#4074=EDGE_CURVE('',#3478,#3472,#140,.T.);
#4078=EDGE_CURVE('',#3481,#3482,#1861,.T.);
#4080=EDGE_CURVE('',#3481,#3484,#147,.T.);
#4082=EDGE_CURVE('',#3486,#3484,#2251,.T.);
#4084=EDGE_CURVE('',#3486,#3488,#154,.T.);
#4086=EDGE_CURVE('',#3488,#3482,#161,.T.);
#4090=ADVANCED_FACE('',(#4077,#4089),#4060,.T.);
#4096=EDGE_CURVE('',#3491,#3492,#168,.T.);
#4098=EDGE_CURVE('',#3492,#3471,#175,.T.);
#4101=EDGE_CURVE('',#3491,#3472,#253,.T.);
#4105=ADVANCED_FACE('',(#4104),#4095,.F.);
#4111=EDGE_CURVE('',#3495,#3496,#203,.T.);
#4113=EDGE_CURVE('',#3495,#3492,#189,.T.);
#4116=EDGE_CURVE('',#3491,#3496,#196,.T.);
#4120=ADVANCED_FACE('',(#4119),#4110,.F.);
#4127=EDGE_CURVE('',#3498,#3496,#226,.T.);
#4129=EDGE_CURVE('',#3498,#3500,#210,.T.);
#4131=EDGE_CURVE('',#3495,#3500,#1347,.T.);
#4135=ADVANCED_FACE('',(#4134),#4125,.T.);
#4205=EDGE_CURVE('',#3501,#3496,#236,.T.);
#4207=EDGE_CURVE('',#3501,#3503,#218,.T.);
#4209=EDGE_CURVE('',#3498,#3503,#1379,.T.);
#4214=ADVANCED_FACE('',(#4213),#4204,.T.);
#4223=B_SPLINE_CURVE_WITH_KNOTS('',3,(#4215,#4216,#4217,#4218,#4219,#4220,#4221,
#4222),.UNSPECIFIED.,.F.,.F.,(4,1,1,1,1,4),(0.E0,1.794566283823E-1,
3.933511596262E-1,6.072456908698E-1,8.211402221138E-1,1.E0),.UNSPECIFIED.);
#4229=EDGE_CURVE('',#3504,#3491,#246,.T.);
#4231=EDGE_CURVE('',#3501,#3504,#330,.T.);
#4235=ADVANCED_FACE('',(#4234),#4226,.T.);
#4244=B_SPLINE_CURVE_WITH_KNOTS('',3,(#4236,#4237,#4238,#4239,#4240,#4241,#4242,
#4243),.UNSPECIFIED.,.F.,.F.,(4,1,1,1,1,4),(0.E0,2.630001670995E-1,
4.210000556996E-1,5.789999442998E-1,7.369998329E-1,1.E0),.UNSPECIFIED.);
#4249=EDGE_CURVE('',#3504,#3478,#281,.T.);
#4255=ADVANCED_FACE('',(#4254),#4247,.T.);
#4261=EDGE_CURVE('',#3507,#3508,#316,.T.);
#4263=EDGE_CURVE('',#3906,#3507,#423,.T.);
#4265=EDGE_CURVE('',#3906,#3908,#260,.T.);
#4267=EDGE_CURVE('',#3908,#3510,#267,.T.);
#4269=EDGE_CURVE('',#3510,#3504,#274,.T.);
#4273=EDGE_CURVE('',#3512,#3476,#1444,.T.);
#4275=EDGE_CURVE('',#3512,#3514,#295,.T.);
#4277=EDGE_CURVE('',#3910,#3514,#536,.T.);
#4279=EDGE_CURVE('',#3910,#3912,#302,.T.);
#4281=EDGE_CURVE('',#3912,#3508,#309,.T.);
#4285=ADVANCED_FACE('',(#4284),#4260,.F.);
#4292=EDGE_CURVE('',#3514,#3508,#337,.T.);
#4295=EDGE_CURVE('',#3512,#3516,#323,.T.);
#4297=EDGE_CURVE('',#3501,#3516,#1451,.T.);
#4301=EDGE_CURVE('',#3507,#3510,#344,.T.);
#4305=ADVANCED_FACE('',(#4304),#4290,.F.);
#4311=EDGE_CURVE('',#3848,#3508,#358,.T.);
#4313=EDGE_CURVE('',#3848,#3827,#946,.T.);
#4315=EDGE_CURVE('',#3514,#3827,#543,.T.);
#4320=ADVANCED_FACE('',(#4319),#4310,.T.);
#4338=EDGE_CURVE('',#3507,#3852,#430,.T.);
#4341=EDGE_CURVE('',#3510,#3807,#351,.T.);
#4343=EDGE_CURVE('',#3807,#3852,#961,.T.);
#4347=ADVANCED_FACE('',(#4346),#4337,.T.);
#4365=EDGE_CURVE('',#3996,#3955,#393,.T.);
#4367=EDGE_CURVE('',#4000,#3996,#669,.T.);
#4369=EDGE_CURVE('',#3950,#4000,#472,.T.);
#4371=EDGE_CURVE('',#3862,#3950,#479,.T.);
#4373=EDGE_CURVE('',#3858,#3862,#852,.T.);
#4375=EDGE_CURVE('',#3854,#3858,#881,.T.);
#4377=EDGE_CURVE('',#3847,#3854,#910,.T.);
#4379=EDGE_CURVE('',#3847,#3848,#939,.T.);
#4383=EDGE_CURVE('',#3912,#3956,#365,.T.);
#4385=EDGE_CURVE('',#3955,#3956,#677,.T.);
#4389=ADVANCED_FACE('',(#4388),#4364,.T.);
#4407=EDGE_CURVE('',#3987,#3988,#372,.T.);
#4409=EDGE_CURVE('',#3988,#3929,#727,.T.);
#4411=EDGE_CURVE('',#3929,#3959,#699,.T.);
#4413=EDGE_CURVE('',#3987,#3959,#379,.T.);
#4417=ADVANCED_FACE('',(#4416),#4406,.T.);
#4435=EDGE_CURVE('',#3995,#3996,#386,.T.);
#4438=EDGE_CURVE('',#3955,#3941,#684,.T.);
#4440=EDGE_CURVE('',#3995,#3941,#514,.T.);
#4444=ADVANCED_FACE('',(#4443),#4434,.T.);
#4463=EDGE_CURVE('',#3987,#3991,#401,.T.);
#4465=EDGE_CURVE('',#3991,#3992,#437,.T.);
#4467=EDGE_CURVE('',#3992,#3988,#409,.T.);
#4471=ADVANCED_FACE('',(#4470),#4461,.F.);
#4489=EDGE_CURVE('',#3952,#3991,#444,.T.);
#4493=EDGE_CURVE('',#3959,#3960,#692,.T.);
#4495=EDGE_CURVE('',#3960,#3906,#416,.T.);
#4499=EDGE_CURVE('',#3851,#3852,#954,.T.);
#4501=EDGE_CURVE('',#3851,#3856,#924,.T.);
#4503=EDGE_CURVE('',#3856,#3860,#896,.T.);
#4505=EDGE_CURVE('',#3860,#3864,#866,.T.);
#4507=EDGE_CURVE('',#3864,#3952,#493,.T.);
#4511=ADVANCED_FACE('',(#4510),#4488,.T.);
#4531=EDGE_CURVE('',#3926,#3952,#451,.T.);
#4533=EDGE_CURVE('',#3926,#3992,#734,.T.);
#4537=ADVANCED_FACE('',(#4536),#4528,.T.);
#4555=EDGE_CURVE('',#3999,#4000,#458,.T.);
#4557=EDGE_CURVE('',#3938,#3999,#507,.T.);
#4559=EDGE_CURVE('',#3950,#3938,#465,.T.);
#4564=ADVANCED_FACE('',(#4563),#4554,.T.);
#4584=EDGE_CURVE('',#3834,#3938,#580,.T.);
#4586=EDGE_CURVE('',#3862,#3834,#486,.T.);
#4590=ADVANCED_FACE('',(#4589),#4581,.T.);
#4609=EDGE_CURVE('',#3814,#3864,#500,.T.);
#4611=EDGE_CURVE('',#3814,#3926,#741,.T.);
#4616=ADVANCED_FACE('',(#4615),#4607,.T.);
#4635=EDGE_CURVE('',#3995,#3999,#661,.T.);
#4638=EDGE_CURVE('',#3941,#3942,#522,.T.);
#4640=EDGE_CURVE('',#3942,#3910,#529,.T.);
#4644=EDGE_CURVE('',#3827,#3828,#551,.T.);
#4646=EDGE_CURVE('',#3828,#3830,#558,.T.);
#4648=EDGE_CURVE('',#3830,#3832,#566,.T.);
#4650=EDGE_CURVE('',#3832,#3834,#573,.T.);
#4655=ADVANCED_FACE('',(#4654),#4633,.F.);
#4673=EDGE_CURVE('',#3946,#4023,#587,.T.);
#4675=EDGE_CURVE('',#4019,#4023,#1192,.T.);
#4677=EDGE_CURVE('',#4019,#3948,#594,.T.);
#4679=EDGE_CURVE('',#3948,#3837,#601,.T.);
#4681=EDGE_CURVE('',#3837,#3838,#608,.T.);
#4683=EDGE_CURVE('',#3838,#3840,#616,.T.);
#4685=EDGE_CURVE('',#3840,#3842,#623,.T.);
#4687=EDGE_CURVE('',#3842,#3844,#631,.T.);
#4689=EDGE_CURVE('',#3844,#3527,#638,.T.);
#4691=EDGE_CURVE('',#3915,#3527,#1249,.T.);
#4693=EDGE_CURVE('',#3915,#3945,#645,.T.);
#4695=EDGE_CURVE('',#3945,#3946,#653,.T.);
#4699=ADVANCED_FACE('',(#4698),#4672,.F.);
#4723=ADVANCED_FACE('',(#4722),#4716,.F.);
#4742=EDGE_CURVE('',#3956,#3942,#706,.T.);
#4748=ADVANCED_FACE('',(#4747),#4740,.T.);
#4768=EDGE_CURVE('',#3929,#3930,#779,.T.);
#4770=EDGE_CURVE('',#3930,#3960,#713,.T.);
#4774=ADVANCED_FACE('',(#4773),#4765,.T.);
#4798=ADVANCED_FACE('',(#4797),#4791,.F.);
#4818=EDGE_CURVE('',#3930,#3908,#720,.T.);
#4823=ADVANCED_FACE('',(#4822),#4815,.F.);
#4845=EDGE_CURVE('',#3812,#3814,#748,.T.);
#4847=EDGE_CURVE('',#3810,#3812,#756,.T.);
#4849=EDGE_CURVE('',#3808,#3810,#763,.T.);
#4851=EDGE_CURVE('',#3807,#3808,#771,.T.);
#4859=ADVANCED_FACE('',(#4858),#4840,.F.);
#4877=EDGE_CURVE('',#4004,#3936,#786,.T.);
#4879=EDGE_CURVE('',#4008,#4004,#1026,.T.);
#4881=EDGE_CURVE('',#3934,#4008,#793,.T.);
#4883=EDGE_CURVE('',#3933,#3934,#801,.T.);
#4885=EDGE_CURVE('',#3924,#3933,#1228,.T.);
#4887=EDGE_CURVE('',#3924,#3520,#808,.T.);
#4889=EDGE_CURVE('',#3824,#3520,#1550,.T.);
#4891=EDGE_CURVE('',#3822,#3824,#816,.T.);
#4893=EDGE_CURVE('',#3820,#3822,#823,.T.);
#4895=EDGE_CURVE('',#3818,#3820,#831,.T.);
#4897=EDGE_CURVE('',#3817,#3818,#838,.T.);
#4899=EDGE_CURVE('',#3936,#3817,#845,.T.);
#4903=ADVANCED_FACE('',(#4902),#4876,.F.);
#4924=EDGE_CURVE('',#3858,#3832,#859,.T.);
#4928=ADVANCED_FACE('',(#4927),#4920,.T.);
#4947=EDGE_CURVE('',#3812,#3860,#873,.T.);
#4953=ADVANCED_FACE('',(#4952),#4945,.T.);
#4974=EDGE_CURVE('',#3854,#3830,#888,.T.);
#4978=ADVANCED_FACE('',(#4977),#4970,.T.);
#4997=EDGE_CURVE('',#3810,#3856,#903,.T.);
#5003=ADVANCED_FACE('',(#5002),#4995,.T.);
#5024=EDGE_CURVE('',#3847,#3828,#917,.T.);
#5028=ADVANCED_FACE('',(#5027),#5020,.T.);
#5047=EDGE_CURVE('',#3808,#3851,#931,.T.);
#5053=ADVANCED_FACE('',(#5052),#5045,.T.);
#5077=ADVANCED_FACE('',(#5076),#5070,.F.);
#5101=ADVANCED_FACE('',(#5100),#5094,.F.);
#5119=EDGE_CURVE('',#4003,#4004,#968,.T.);
#5122=EDGE_CURVE('',#3936,#3984,#1803,.T.);
#5124=EDGE_CURVE('',#4003,#3984,#975,.T.);
#5128=ADVANCED_FACE('',(#5127),#5118,.T.);
#5146=EDGE_CURVE('',#4011,#4012,#982,.T.);
#5148=EDGE_CURVE('',#4012,#3982,#989,.T.);
#5150=EDGE_CURVE('',#3982,#3980,#1782,.T.);
#5152=EDGE_CURVE('',#4011,#3980,#996,.T.);
#5156=ADVANCED_FACE('',(#5155),#5145,.T.);
#5174=EDGE_CURVE('',#4019,#4020,#1003,.T.);
#5176=EDGE_CURVE('',#4020,#3978,#1010,.T.);
#5178=EDGE_CURVE('',#3978,#3948,#1768,.T.);
#5183=ADVANCED_FACE('',(#5182),#5173,.T.);
#5202=EDGE_CURVE('',#4003,#4007,#1018,.T.);
#5204=EDGE_CURVE('',#4007,#4008,#1047,.T.);
#5209=ADVANCED_FACE('',(#5208),#5200,.F.);
#5227=EDGE_CURVE('',#3976,#4007,#1054,.T.);
#5231=EDGE_CURVE('',#3984,#3879,#1796,.T.);
#5233=EDGE_CURVE('',#3879,#3880,#1747,.T.);
#5235=EDGE_CURVE('',#3880,#3888,#1698,.T.);
#5237=EDGE_CURVE('',#3888,#3896,#1645,.T.);
#5239=EDGE_CURVE('',#3904,#3896,#1596,.T.);
#5241=EDGE_CURVE('',#3904,#3519,#1033,.T.);
#5243=EDGE_CURVE('',#3923,#3519,#1235,.T.);
#5245=EDGE_CURVE('',#3923,#3975,#1040,.T.);
#5247=EDGE_CURVE('',#3975,#3976,#1156,.T.);
#5251=ADVANCED_FACE('',(#5250),#5226,.F.);
#5271=EDGE_CURVE('',#3934,#3976,#1061,.T.);
#5276=ADVANCED_FACE('',(#5275),#5268,.T.);
#5294=EDGE_CURVE('',#4015,#4016,#1068,.T.);
#5296=EDGE_CURVE('',#3968,#4015,#1075,.T.);
#5298=EDGE_CURVE('',#3972,#3968,#1082,.T.);
#5300=EDGE_CURVE('',#3972,#4016,#1089,.T.);
#5304=ADVANCED_FACE('',(#5303),#5293,.T.);
#5322=EDGE_CURVE('',#4023,#4024,#1096,.T.);
#5325=EDGE_CURVE('',#3964,#3946,#1103,.T.);
#5327=EDGE_CURVE('',#3964,#4024,#1110,.T.);
#5331=ADVANCED_FACE('',(#5330),#5321,.T.);
#5349=EDGE_CURVE('',#3963,#3964,#1118,.T.);
#5353=EDGE_CURVE('',#3963,#3945,#1125,.T.);
#5357=ADVANCED_FACE('',(#5356),#5348,.T.);
#5375=EDGE_CURVE('',#3967,#3968,#1133,.T.);
#5377=EDGE_CURVE('',#3971,#3967,#1140,.T.);
#5379=EDGE_CURVE('',#3971,#3972,#1148,.T.);
#5384=ADVANCED_FACE('',(#5383),#5374,.T.);
#5403=EDGE_CURVE('',#3933,#3975,#1163,.T.);
#5409=ADVANCED_FACE('',(#5408),#5401,.T.);
#5428=EDGE_CURVE('',#4024,#4020,#1200,.T.);
#5432=EDGE_CURVE('',#3963,#3916,#1170,.T.);
#5434=EDGE_CURVE('',#3916,#3528,#1177,.T.);
#5436=EDGE_CURVE('',#3528,#3898,#1184,.T.);
#5438=EDGE_CURVE('',#3898,#3890,#1558,.T.);
#5440=EDGE_CURVE('',#3882,#3890,#1610,.T.);
#5442=EDGE_CURVE('',#3868,#3882,#1660,.T.);
#5444=EDGE_CURVE('',#3867,#3868,#1712,.T.);
#5446=EDGE_CURVE('',#3978,#3867,#1761,.T.);
#5450=ADVANCED_FACE('',(#5449),#5426,.F.);
#5474=ADVANCED_FACE('',(#5473),#5467,.F.);
#5495=EDGE_CURVE('',#3915,#3916,#1207,.T.);
#5499=ADVANCED_FACE('',(#5498),#5491,.F.);
#5517=EDGE_CURVE('',#3919,#3967,#1817,.T.);
#5519=EDGE_CURVE('',#3919,#3920,#1214,.T.);
#5521=EDGE_CURVE('',#3971,#3920,#1840,.T.);
#5526=ADVANCED_FACE('',(#5525),#5516,.F.);
#5545=EDGE_CURVE('',#3923,#3924,#1221,.T.);
#5551=ADVANCED_FACE('',(#5550),#5543,.F.);
#5569=EDGE_CURVE('',#3520,#3598,#1263,.T.);
#5574=EDGE_CURVE('',#3524,#3519,#1312,.T.);
#5576=EDGE_CURVE('',#3920,#3524,#1847,.T.);
#5579=EDGE_CURVE('',#3919,#3523,#1242,.T.);
#5581=EDGE_CURVE('',#3528,#3523,#1298,.T.);
#5586=EDGE_CURVE('',#3600,#3527,#1284,.T.);
#5588=EDGE_CURVE('',#3600,#3475,#1256,.T.);
#5591=EDGE_CURVE('',#3598,#3473,#1522,.T.);
#5595=ADVANCED_FACE('',(#5594),#5568,.T.);
#5602=EDGE_CURVE('',#3598,#3602,#1270,.T.);
#5604=EDGE_CURVE('',#3604,#3602,#1508,.T.);
#5606=EDGE_CURVE('',#3604,#3600,#1277,.T.);
#5609=EDGE_CURVE('',#3527,#3528,#1291,.T.);
#5612=EDGE_CURVE('',#3523,#3524,#1305,.T.);
#5615=EDGE_CURVE('',#3519,#3520,#1319,.T.);
#5619=ADVANCED_FACE('',(#5618),#5600,.T.);
#5628=B_SPLINE_CURVE_WITH_KNOTS('',3,(#5620,#5621,#5622,#5623,#5624,#5625,#5626,
#5627),.UNSPECIFIED.,.F.,.F.,(4,1,1,1,1,4),(0.E0,1.794566283820E-1,
3.933511596259E-1,6.072456908694E-1,8.211402221134E-1,1.E0),.UNSPECIFIED.);
#5632=EDGE_CURVE('',#3602,#3495,#1339,.T.);
#5635=EDGE_CURVE('',#3598,#3492,#1329,.T.);
#5640=ADVANCED_FACE('',(#5639),#5631,.F.);
#5712=EDGE_CURVE('',#3605,#3500,#1371,.T.);
#5714=EDGE_CURVE('',#3605,#3602,#1355,.T.);
#5718=ADVANCED_FACE('',(#5717),#5709,.T.);
#5724=EDGE_CURVE('',#3608,#3609,#1394,.T.);
#5726=EDGE_CURVE('',#3608,#3610,#1363,.T.);
#5728=EDGE_CURVE('',#3605,#3610,#1515,.T.);
#5733=EDGE_CURVE('',#3612,#3503,#1458,.T.);
#5735=EDGE_CURVE('',#3612,#3609,#1387,.T.);
#5739=ADVANCED_FACE('',(#5738),#5723,.T.);
#5746=EDGE_CURVE('',#3464,#3609,#1409,.T.);
#5749=EDGE_CURVE('',#3608,#3462,#1484,.T.);
#5753=ADVANCED_FACE('',(#5752),#5744,.T.);
#5823=EDGE_CURVE('',#3464,#3516,#1427,.T.);
#5827=EDGE_CURVE('',#3612,#3516,#1417,.T.);
#5831=ADVANCED_FACE('',(#5830),#5822,.T.);
#5840=B_SPLINE_CURVE_WITH_KNOTS('',3,(#5832,#5833,#5834,#5835,#5836,#5837,#5838,
#5839),.UNSPECIFIED.,.F.,.F.,(4,1,1,1,1,4),(0.E0,1.794566283827E-1,
3.933511596262E-1,6.072456908696E-1,8.211402221132E-1,1.E0),.UNSPECIFIED.);
#5846=EDGE_CURVE('',#3512,#3460,#1437,.T.);
#5851=ADVANCED_FACE('',(#5850),#5843,.F.);
#5860=B_SPLINE_CURVE_WITH_KNOTS('',3,(#5852,#5853,#5854,#5855,#5856,#5857,#5858,
#5859),.UNSPECIFIED.,.F.,.F.,(4,1,1,1,1,4),(0.E0,2.630001670999E-1,
4.210000557001E-1,5.789999443002E-1,7.369998329004E-1,1.E0),.UNSPECIFIED.);
#5870=ADVANCED_FACE('',(#5869),#5863,.F.);
#5882=ADVANCED_FACE('',(#5881),#5875,.T.);
#5952=EDGE_CURVE('',#3462,#3604,#1468,.T.);
#5954=EDGE_CURVE('',#3604,#3610,#1476,.T.);
#5960=ADVANCED_FACE('',(#5959),#5951,.T.);
#5969=B_SPLINE_CURVE_WITH_KNOTS('',3,(#5961,#5962,#5963,#5964,#5965,#5966,#5967,
#5968),.UNSPECIFIED.,.F.,.F.,(4,1,1,1,1,4),(0.E0,1.794566283829E-1,
3.933511596264E-1,6.072456908697E-1,8.211402221133E-1,1.E0),.UNSPECIFIED.);
#5975=EDGE_CURVE('',#3600,#3459,#1494,.T.);
#5980=ADVANCED_FACE('',(#5979),#5972,.T.);
#5989=B_SPLINE_CURVE_WITH_KNOTS('',3,(#5981,#5982,#5983,#5984,#5985,#5986,#5987,
#5988),.UNSPECIFIED.,.F.,.F.,(4,1,1,1,1,4),(0.E0,2.630001670995E-1,
4.210000556996E-1,5.789999442998E-1,7.369998329E-1,1.E0),.UNSPECIFIED.);
#5999=ADVANCED_FACE('',(#5998),#5992,.T.);
#6011=ADVANCED_FACE('',(#6010),#6004,.T.);
#6020=B_SPLINE_CURVE_WITH_KNOTS('',3,(#6012,#6013,#6014,#6015,#6016,#6017,#6018,
#6019),.UNSPECIFIED.,.F.,.F.,(4,1,1,1,1,4),(0.E0,2.630001670999E-1,
4.210000557001E-1,5.789999443002E-1,7.369998329004E-1,1.E0),.UNSPECIFIED.);
#6030=ADVANCED_FACE('',(#6029),#6023,.F.);
#6039=EDGE_CURVE('',#3898,#3844,#1529,.T.);
#6043=ADVANCED_FACE('',(#6042),#6035,.T.);
#6061=EDGE_CURVE('',#3900,#3523,#1810,.T.);
#6063=EDGE_CURVE('',#3902,#3900,#1536,.T.);
#6065=EDGE_CURVE('',#3524,#3902,#1854,.T.);
#6070=ADVANCED_FACE('',(#6069),#6060,.T.);
#6089=EDGE_CURVE('',#3824,#3904,#1543,.T.);
#6095=ADVANCED_FACE('',(#6094),#6087,.T.);
#6116=EDGE_CURVE('',#3890,#3842,#1565,.T.);
#6120=ADVANCED_FACE('',(#6119),#6112,.F.);
#6138=EDGE_CURVE('',#3900,#3892,#1573,.T.);
#6140=EDGE_CURVE('',#3894,#3892,#1580,.T.);
#6142=EDGE_CURVE('',#3902,#3894,#1588,.T.);
#6147=ADVANCED_FACE('',(#6146),#6137,.F.);
#6166=EDGE_CURVE('',#3822,#3896,#1603,.T.);
#6172=ADVANCED_FACE('',(#6171),#6164,.F.);
#6193=EDGE_CURVE('',#3882,#3840,#1617,.T.);
#6197=ADVANCED_FACE('',(#6196),#6189,.T.);
#6215=EDGE_CURVE('',#3884,#3892,#1624,.T.);
#6217=EDGE_CURVE('',#3886,#3884,#1631,.T.);
#6219=EDGE_CURVE('',#3886,#3894,#1638,.T.);
#6224=ADVANCED_FACE('',(#6223),#6214,.T.);
#6243=EDGE_CURVE('',#3820,#3888,#1652,.T.);
#6249=ADVANCED_FACE('',(#6248),#6241,.T.);
#6270=EDGE_CURVE('',#3868,#3838,#1667,.T.);
#6274=ADVANCED_FACE('',(#6273),#6266,.T.);
#6292=EDGE_CURVE('',#3872,#3884,#1675,.T.);
#6294=EDGE_CURVE('',#3876,#3872,#1682,.T.);
#6296=EDGE_CURVE('',#3876,#3886,#1690,.T.);
#6301=ADVANCED_FACE('',(#6300),#6291,.T.);
#6320=EDGE_CURVE('',#3818,#3880,#1705,.T.);
#6326=ADVANCED_FACE('',(#6325),#6318,.T.);
#6347=EDGE_CURVE('',#3867,#3837,#1719,.T.);
#6351=ADVANCED_FACE('',(#6350),#6343,.T.);
#6369=EDGE_CURVE('',#3871,#3872,#1726,.T.);
#6371=EDGE_CURVE('',#3875,#3871,#1733,.T.);
#6373=EDGE_CURVE('',#3875,#3876,#1740,.T.);
#6378=ADVANCED_FACE('',(#6377),#6368,.T.);
#6397=EDGE_CURVE('',#3817,#3879,#1754,.T.);
#6403=ADVANCED_FACE('',(#6402),#6395,.T.);
#6427=ADVANCED_FACE('',(#6426),#6420,.T.);
#6445=EDGE_CURVE('',#3980,#3871,#1775,.T.);
#6448=EDGE_CURVE('',#3982,#3875,#1789,.T.);
#6453=ADVANCED_FACE('',(#6452),#6444,.T.);
#6477=ADVANCED_FACE('',(#6476),#6470,.T.);
#6496=EDGE_CURVE('',#4011,#4015,#1825,.T.);
#6510=ADVANCED_FACE('',(#6509),#6494,.F.);
#6531=EDGE_CURVE('',#4016,#4012,#1833,.T.);
#6535=ADVANCED_FACE('',(#6534),#6527,.F.);
#6567=ADVANCED_FACE('',(#6566),#6552,.F.);
#6585=EDGE_CURVE('',#3481,#3659,#1875,.T.);
#6588=EDGE_CURVE('',#3661,#3482,#1990,.T.);
#6590=EDGE_CURVE('',#3661,#3659,#1868,.T.);
#6594=ADVANCED_FACE('',(#6593),#6584,.T.);
#6601=EDGE_CURVE('',#3658,#3659,#1882,.T.);
#6603=EDGE_CURVE('',#3484,#3658,#2209,.T.);
#6608=ADVANCED_FACE('',(#6607),#6599,.F.);
#6616=EDGE_CURVE('',#3661,#3663,#1889,.T.);
#6618=EDGE_CURVE('',#3663,#3665,#1896,.T.);
#6620=EDGE_CURVE('',#3665,#3666,#1905,.T.);
#6622=EDGE_CURVE('',#3668,#3666,#2351,.T.);
#6624=EDGE_CURVE('',#3670,#3668,#2300,.T.);
#6626=EDGE_CURVE('',#3670,#3672,#1912,.T.);
#6628=EDGE_CURVE('',#3672,#3673,#1921,.T.);
#6630=EDGE_CURVE('',#3673,#3675,#1928,.T.);
#6632=EDGE_CURVE('',#3658,#3675,#2216,.T.);
#6636=EDGE_CURVE('',#3678,#3679,#1936,.T.);
#6638=EDGE_CURVE('',#3679,#3678,#1944,.T.);
#6642=EDGE_CURVE('',#3682,#3683,#1952,.T.);
#6644=EDGE_CURVE('',#3683,#3682,#1960,.T.);
#6648=EDGE_CURVE('',#3686,#3687,#1968,.T.);
#6650=EDGE_CURVE('',#3687,#3686,#1976,.T.);
#6654=ADVANCED_FACE('',(#6635,#6641,#6647,#6653),#6613,.T.);
#6660=EDGE_CURVE('',#3639,#3641,#2044,.T.);
#6662=EDGE_CURVE('',#3639,#3758,#1983,.T.);
#6664=EDGE_CURVE('',#3764,#3758,#2450,.T.);
#6666=EDGE_CURVE('',#3663,#3764,#2365,.T.);
#6671=EDGE_CURVE('',#3641,#3488,#2988,.T.);
#6675=ADVANCED_FACE('',(#6674),#6659,.T.);
#6681=EDGE_CURVE('',#3630,#3626,#1997,.T.);
#6683=EDGE_CURVE('',#3626,#3628,#2006,.T.);
#6685=EDGE_CURVE('',#3628,#3632,#2013,.T.);
#6687=EDGE_CURVE('',#3632,#3634,#2021,.T.);
#6689=EDGE_CURVE('',#3636,#3634,#2520,.T.);
#6691=EDGE_CURVE('',#3636,#3637,#2030,.T.);
#6693=EDGE_CURVE('',#3637,#3639,#2037,.T.);
#6696=EDGE_CURVE('',#3643,#3641,#2981,.T.);
#6698=EDGE_CURVE('',#3630,#3643,#2237,.T.);
#6702=EDGE_CURVE('',#3646,#3647,#2052,.T.);
#6704=EDGE_CURVE('',#3647,#3646,#2060,.T.);
#6708=EDGE_CURVE('',#3650,#3651,#2068,.T.);
#6710=EDGE_CURVE('',#3651,#3650,#2076,.T.);
#6714=EDGE_CURVE('',#3654,#3655,#2084,.T.);
#6716=EDGE_CURVE('',#3655,#3654,#2092,.T.);
#6720=ADVANCED_FACE('',(#6701,#6707,#6713,#6719),#6680,.T.);
#6726=EDGE_CURVE('',#3626,#3550,#2106,.T.);
#6729=EDGE_CURVE('',#3630,#3552,#2099,.T.);
#6731=EDGE_CURVE('',#3550,#3552,#2122,.T.);
#6735=ADVANCED_FACE('',(#6734),#6725,.F.);
#6742=EDGE_CURVE('',#3549,#3550,#2115,.T.);
#6744=EDGE_CURVE('',#3628,#3549,#2804,.T.);
#6749=ADVANCED_FACE('',(#6748),#6740,.T.);
#6757=EDGE_CURVE('',#3554,#3552,#2230,.T.);
#6759=EDGE_CURVE('',#3556,#3554,#2258,.T.);
#6761=EDGE_CURVE('',#3556,#3557,#2131,.T.);
#6763=EDGE_CURVE('',#3559,#3557,#2293,.T.);
#6765=EDGE_CURVE('',#3560,#3559,#2741,.T.);
#6767=EDGE_CURVE('',#3560,#3562,#2139,.T.);
#6769=EDGE_CURVE('',#3562,#3563,#2149,.T.);
#6771=EDGE_CURVE('',#3563,#3565,#2156,.T.);
#6773=EDGE_CURVE('',#3565,#3566,#2166,.T.);
#6775=EDGE_CURVE('',#3566,#3568,#2174,.T.);
#6777=EDGE_CURVE('',#3568,#3549,#2181,.T.);
#6781=EDGE_CURVE('',#3571,#3572,#2995,.T.);
#6783=EDGE_CURVE('',#3574,#3571,#3076,.T.);
#6785=EDGE_CURVE('',#3574,#3576,#2188,.T.);
#6787=EDGE_CURVE('',#3572,#3576,#3039,.T.);
#6791=EDGE_CURVE('',#3546,#3534,#3106,.T.);
#6793=EDGE_CURVE('',#3548,#3546,#3171,.T.);
#6795=EDGE_CURVE('',#3536,#3548,#3157,.T.);
#6797=EDGE_CURVE('',#3536,#3534,#2195,.T.);
#6801=EDGE_CURVE('',#3579,#3580,#3185,.T.);
#6803=EDGE_CURVE('',#3582,#3579,#3266,.T.);
#6805=EDGE_CURVE('',#3582,#3584,#2202,.T.);
#6807=EDGE_CURVE('',#3580,#3584,#3229,.T.);
#6811=ADVANCED_FACE('',(#6780,#6790,#6800,#6810),#6754,.F.);
#6819=EDGE_CURVE('',#3675,#3554,#2223,.T.);
#6824=EDGE_CURVE('',#3643,#3486,#2244,.T.);
#6829=ADVANCED_FACE('',(#6828),#6816,.F.);
#6835=EDGE_CURVE('',#3556,#3673,#2265,.T.);
#6842=ADVANCED_FACE('',(#6841),#6834,.F.);
#6850=EDGE_CURVE('',#3557,#3672,#2272,.T.);
#6855=ADVANCED_FACE('',(#6854),#6847,.T.);
#6863=EDGE_CURVE('',#3713,#3670,#2315,.T.);
#6865=EDGE_CURVE('',#3713,#3715,#2279,.T.);
#6867=EDGE_CURVE('',#3717,#3715,#2632,.T.);
#6869=EDGE_CURVE('',#3717,#3559,#2286,.T.);
#6874=ADVANCED_FACE('',(#6873),#6860,.T.);
#6881=EDGE_CURVE('',#3750,#3668,#2344,.T.);
#6883=EDGE_CURVE('',#3750,#3713,#2307,.T.);
#6888=ADVANCED_FACE('',(#6887),#6879,.T.);
#6894=EDGE_CURVE('',#3666,#3754,#2322,.T.);
#6896=EDGE_CURVE('',#3740,#3754,#2427,.T.);
#6898=EDGE_CURVE('',#3740,#3738,#2329,.T.);
#6900=EDGE_CURVE('',#3738,#3745,#2336,.T.);
#6902=EDGE_CURVE('',#3750,#3745,#2758,.T.);
#6908=ADVANCED_FACE('',(#6907),#6893,.F.);
#6914=EDGE_CURVE('',#3665,#3762,#2358,.T.);
#6916=EDGE_CURVE('',#3754,#3762,#2436,.T.);
#6922=ADVANCED_FACE('',(#6921),#6913,.T.);
#6931=EDGE_CURVE('',#3762,#3764,#2443,.T.);
#6935=ADVANCED_FACE('',(#6934),#6927,.F.);
#6941=EDGE_CURVE('',#3756,#3752,#2374,.T.);
#6943=EDGE_CURVE('',#3734,#3752,#2538,.T.);
#6945=EDGE_CURVE('',#3734,#3732,#2382,.T.);
#6947=EDGE_CURVE('',#3732,#3759,#2392,.T.);
#6949=EDGE_CURVE('',#3761,#3759,#2790,.T.);
#6951=EDGE_CURVE('',#3761,#3721,#2402,.T.);
#6953=EDGE_CURVE('',#3721,#3719,#2410,.T.);
#6955=EDGE_CURVE('',#3719,#3740,#2420,.T.);
#6961=EDGE_CURVE('',#3756,#3758,#2506,.T.);
#6965=EDGE_CURVE('',#3767,#3768,#2457,.T.);
#6967=EDGE_CURVE('',#3768,#3770,#2464,.T.);
#6969=EDGE_CURVE('',#3772,#3770,#2863,.T.);
#6971=EDGE_CURVE('',#3772,#3767,#2471,.T.);
#6975=EDGE_CURVE('',#3775,#3776,#2478,.T.);
#6977=EDGE_CURVE('',#3776,#3778,#2485,.T.);
#6979=EDGE_CURVE('',#3780,#3778,#2944,.T.);
#6981=EDGE_CURVE('',#3780,#3775,#2492,.T.);
#6985=ADVANCED_FACE('',(#6964,#6974,#6984),#6940,.T.);
#6991=EDGE_CURVE('',#3756,#3637,#2499,.T.);
#6994=EDGE_CURVE('',#3752,#3636,#2513,.T.);
#6999=ADVANCED_FACE('',(#6998),#6990,.T.);
#7011=ADVANCED_FACE('',(#7010),#7004,.F.);
#7019=EDGE_CURVE('',#3634,#3735,#2531,.T.);
#7021=EDGE_CURVE('',#3734,#3735,#2581,.T.);
#7026=ADVANCED_FACE('',(#7025),#7016,.F.);
#7032=EDGE_CURVE('',#3712,#3737,#2546,.T.);
#7034=EDGE_CURVE('',#3737,#3735,#2554,.T.);
#7038=EDGE_CURVE('',#3632,#3712,#2565,.T.);
#7042=ADVANCED_FACE('',(#7041),#7031,.T.);
#7048=EDGE_CURVE('',#3728,#3729,#2597,.T.);
#7050=EDGE_CURVE('',#3731,#3728,#2589,.T.);
#7052=EDGE_CURVE('',#3731,#3732,#2573,.T.);
#7058=EDGE_CURVE('',#3568,#3712,#2812,.T.);
#7061=EDGE_CURVE('',#3729,#3566,#2692,.T.);
#7065=ADVANCED_FACE('',(#7064),#7047,.F.);
#7073=EDGE_CURVE('',#3729,#3741,#2607,.T.);
#7075=EDGE_CURVE('',#3743,#3741,#2706,.T.);
#7077=EDGE_CURVE('',#3743,#3725,#2617,.T.);
#7079=EDGE_CURVE('',#3725,#3723,#2625,.T.);
#7081=EDGE_CURVE('',#3717,#3723,#2751,.T.);
#7084=EDGE_CURVE('',#3715,#3745,#2639,.T.);
#7087=EDGE_CURVE('',#3738,#3718,#2649,.T.);
#7089=EDGE_CURVE('',#3718,#3722,#2657,.T.);
#7091=EDGE_CURVE('',#3722,#3746,#2667,.T.);
#7093=EDGE_CURVE('',#3746,#3748,#2674,.T.);
#7095=EDGE_CURVE('',#3748,#3731,#2684,.T.);
#7099=ADVANCED_FACE('',(#7098),#7070,.F.);
#7105=EDGE_CURVE('',#3741,#3565,#2713,.T.);
#7112=ADVANCED_FACE('',(#7111),#7104,.F.);
#7118=EDGE_CURVE('',#3563,#3743,#2699,.T.);
#7125=ADVANCED_FACE('',(#7124),#7117,.F.);
#7133=EDGE_CURVE('',#3562,#3725,#2721,.T.);
#7138=ADVANCED_FACE('',(#7137),#7130,.F.);
#7144=EDGE_CURVE('',#3560,#3723,#2731,.T.);
#7151=ADVANCED_FACE('',(#7150),#7143,.F.);
#7163=ADVANCED_FACE('',(#7162),#7156,.T.);
#7175=ADVANCED_FACE('',(#7174),#7168,.T.);
#7181=EDGE_CURVE('',#3718,#3719,#2768,.T.);
#7188=ADVANCED_FACE('',(#7187),#7180,.T.);
#7196=EDGE_CURVE('',#3721,#3722,#2776,.T.);
#7201=ADVANCED_FACE('',(#7200),#7193,.F.);
#7207=EDGE_CURVE('',#3761,#3746,#2783,.T.);
#7214=ADVANCED_FACE('',(#7213),#7206,.F.);
#7222=EDGE_CURVE('',#3748,#3759,#2797,.T.);
#7227=ADVANCED_FACE('',(#7226),#7219,.T.);
#7239=ADVANCED_FACE('',(#7238),#7232,.F.);
#7252=ADVANCED_FACE('',(#7251),#7244,.T.);
#7258=EDGE_CURVE('',#3795,#3796,#2833,.T.);
#7260=EDGE_CURVE('',#3768,#3795,#2893,.T.);
#7263=EDGE_CURVE('',#3767,#3796,#2819,.T.);
#7267=ADVANCED_FACE('',(#7266),#7257,.T.);
#7280=EDGE_CURVE('',#3800,#3796,#2849,.T.);
#7282=EDGE_CURVE('',#3799,#3800,#2841,.T.);
#7284=EDGE_CURVE('',#3799,#3802,#2826,.T.);
#7286=EDGE_CURVE('',#3804,#3802,#2886,.T.);
#7288=EDGE_CURVE('',#3795,#3804,#2878,.T.);
#7293=ADVANCED_FACE('',(#7292),#7279,.T.);
#7310=EDGE_CURVE('',#3799,#3772,#2856,.T.);
#7314=ADVANCED_FACE('',(#7313),#7305,.T.);
#7330=EDGE_CURVE('',#3770,#3802,#2870,.T.);
#7334=ADVANCED_FACE('',(#7333),#7326,.T.);
#7354=ADVANCED_FACE('',(#7353),#7346,.T.);
#7367=EDGE_CURVE('',#3783,#3784,#2914,.T.);
#7369=EDGE_CURVE('',#3776,#3783,#2974,.T.);
#7372=EDGE_CURVE('',#3775,#3784,#2900,.T.);
#7376=ADVANCED_FACE('',(#7375),#7366,.T.);
#7389=EDGE_CURVE('',#3788,#3784,#2930,.T.);
#7391=EDGE_CURVE('',#3787,#3788,#2922,.T.);
#7393=EDGE_CURVE('',#3787,#3790,#2907,.T.);
#7395=EDGE_CURVE('',#3792,#3790,#2967,.T.);
#7397=EDGE_CURVE('',#3783,#3792,#2959,.T.);
#7402=ADVANCED_FACE('',(#7401),#7388,.T.);
#7419=EDGE_CURVE('',#3787,#3780,#2937,.T.);
#7423=ADVANCED_FACE('',(#7422),#7414,.T.);
#7439=EDGE_CURVE('',#3778,#3790,#2951,.T.);
#7443=ADVANCED_FACE('',(#7442),#7435,.T.);
#7463=ADVANCED_FACE('',(#7462),#7455,.T.);
#7482=ADVANCED_FACE('',(#7481),#7475,.T.);
#7488=EDGE_CURVE('',#3615,#3616,#3016,.T.);
#7490=EDGE_CURVE('',#3571,#3615,#3083,.T.);
#7493=EDGE_CURVE('',#3572,#3616,#3002,.T.);
#7497=ADVANCED_FACE('',(#7496),#7487,.F.);
#7510=EDGE_CURVE('',#3620,#3616,#3032,.T.);
#7512=EDGE_CURVE('',#3619,#3620,#3024,.T.);
#7514=EDGE_CURVE('',#3619,#3622,#3009,.T.);
#7516=EDGE_CURVE('',#3624,#3622,#3062,.T.);
#7518=EDGE_CURVE('',#3615,#3624,#3054,.T.);
#7523=ADVANCED_FACE('',(#7522),#7509,.T.);
#7540=EDGE_CURVE('',#3576,#3619,#3046,.T.);
#7544=ADVANCED_FACE('',(#7543),#7535,.F.);
#7560=EDGE_CURVE('',#3622,#3574,#3069,.T.);
#7564=ADVANCED_FACE('',(#7563),#7556,.F.);
#7584=ADVANCED_FACE('',(#7583),#7576,.F.);
#7597=EDGE_CURVE('',#3531,#3538,#3091,.T.);
#7599=EDGE_CURVE('',#3538,#3540,#3099,.T.);
#7601=EDGE_CURVE('',#3546,#3540,#3178,.T.);
#7604=EDGE_CURVE('',#3534,#3531,#3113,.T.);
#7608=ADVANCED_FACE('',(#7607),#7596,.F.);
#7623=EDGE_CURVE('',#3531,#3532,#3120,.T.);
#7625=EDGE_CURVE('',#3544,#3532,#3143,.T.);
#7627=EDGE_CURVE('',#3543,#3544,#3135,.T.);
#7629=EDGE_CURVE('',#3543,#3540,#3127,.T.);
#7633=ADVANCED_FACE('',(#7632),#7620,.T.);
#7649=EDGE_CURVE('',#3532,#3536,#3150,.T.);
#7653=ADVANCED_FACE('',(#7652),#7645,.F.);
#7670=EDGE_CURVE('',#3548,#3543,#3164,.T.);
#7674=ADVANCED_FACE('',(#7673),#7665,.F.);
#7693=ADVANCED_FACE('',(#7692),#7686,.F.);
#7706=EDGE_CURVE('',#3587,#3588,#3206,.T.);
#7708=EDGE_CURVE('',#3579,#3587,#3273,.T.);
#7711=EDGE_CURVE('',#3580,#3588,#3192,.T.);
#7715=ADVANCED_FACE('',(#7714),#7705,.F.);
#7728=EDGE_CURVE('',#3592,#3588,#3222,.T.);
#7730=EDGE_CURVE('',#3591,#3592,#3214,.T.);
#7732=EDGE_CURVE('',#3591,#3594,#3199,.T.);
#7734=EDGE_CURVE('',#3596,#3594,#3252,.T.);
#7736=EDGE_CURVE('',#3587,#3596,#3244,.T.);
#7741=ADVANCED_FACE('',(#7740),#7727,.T.);
#7758=EDGE_CURVE('',#3584,#3591,#3236,.T.);
#7762=ADVANCED_FACE('',(#7761),#7753,.F.);
#7778=EDGE_CURVE('',#3594,#3582,#3259,.T.);
#7782=ADVANCED_FACE('',(#7781),#7774,.F.);
#7802=ADVANCED_FACE('',(#7801),#7794,.F.);
#7815=EDGE_CURVE('',#3689,#3646,#3287,.T.);
#7817=EDGE_CURVE('',#3691,#3689,#3295,.T.);
#7819=EDGE_CURVE('',#3691,#3647,#3280,.T.);
#7824=ADVANCED_FACE('',(#7823),#7814,.T.);
#7833=EDGE_CURVE('',#3689,#3691,#3303,.T.);
#7837=ADVANCED_FACE('',(#7836),#7829,.T.);
#7847=ADVANCED_FACE('',(#7846),#7842,.F.);
#7860=EDGE_CURVE('',#3698,#3651,#3310,.T.);
#7863=EDGE_CURVE('',#3699,#3650,#3317,.T.);
#7865=EDGE_CURVE('',#3698,#3699,#3325,.T.);
#7869=ADVANCED_FACE('',(#7868),#7859,.T.);
#7876=EDGE_CURVE('',#3699,#3698,#3333,.T.);
#7882=ADVANCED_FACE('',(#7881),#7874,.T.);
#7892=ADVANCED_FACE('',(#7891),#7887,.F.);
#7905=EDGE_CURVE('',#3655,#3706,#3347,.T.);
#7908=EDGE_CURVE('',#3654,#3707,#3340,.T.);
#7910=EDGE_CURVE('',#3706,#3707,#3355,.T.);
#7914=ADVANCED_FACE('',(#7913),#7904,.T.);
#7921=EDGE_CURVE('',#3707,#3706,#3363,.T.);
#7927=ADVANCED_FACE('',(#7926),#7919,.T.);
#7937=ADVANCED_FACE('',(#7936),#7932,.F.);
#7950=EDGE_CURVE('',#3695,#3678,#3377,.T.);
#7952=EDGE_CURVE('',#3694,#3695,#3385,.T.);
#7954=EDGE_CURVE('',#3694,#3679,#3370,.T.);
#7959=ADVANCED_FACE('',(#7958),#7949,.T.);
#7968=EDGE_CURVE('',#3695,#3694,#3393,.T.);
#7972=ADVANCED_FACE('',(#7971),#7964,.T.);
#7982=ADVANCED_FACE('',(#7981),#7977,.F.);
#7995=EDGE_CURVE('',#3702,#3683,#3400,.T.);
#7998=EDGE_CURVE('',#3703,#3682,#3407,.T.);
#8000=EDGE_CURVE('',#3702,#3703,#3415,.T.);
#8004=ADVANCED_FACE('',(#8003),#7994,.T.);
#8011=EDGE_CURVE('',#3703,#3702,#3423,.T.);
#8017=ADVANCED_FACE('',(#8016),#8009,.T.);
#8027=ADVANCED_FACE('',(#8026),#8022,.F.);
#8040=EDGE_CURVE('',#3687,#3710,#3437,.T.);
#8043=EDGE_CURVE('',#3686,#3711,#3430,.T.);
#8045=EDGE_CURVE('',#3710,#3711,#3445,.T.);
#8049=ADVANCED_FACE('',(#8048),#8039,.T.);
#8056=EDGE_CURVE('',#3711,#3710,#3453,.T.);
#8062=ADVANCED_FACE('',(#8061),#8054,.T.);
#8072=ADVANCED_FACE('',(#8071),#8067,.F.);
#8088=(LENGTH_UNIT()NAMED_UNIT(*)SI_UNIT(.MILLI.,.METRE.));
#8089=(NAMED_UNIT(*)PLANE_ANGLE_UNIT()SI_UNIT($,.RADIAN.));
#8092=(NAMED_UNIT(*)SI_UNIT($,.STERADIAN.)SOLID_ANGLE_UNIT());
#8094=(GEOMETRIC_REPRESENTATION_CONTEXT(3)GLOBAL_UNCERTAINTY_ASSIGNED_CONTEXT((
#8093))GLOBAL_UNIT_ASSIGNED_CONTEXT((#8088,#8091,#8092))REPRESENTATION_CONTEXT(
'ID1','3'));
#8098=AXIS2_PLACEMENT_3D('',#8095,#8096,#8097);
#8099=ADVANCED_BREP_SHAPE_REPRESENTATION('',(#8098,#8081),#8094);
#8106=PRODUCT_DEFINITION('part definition','',#8105,#8102);
#8107=PRODUCT_DEFINITION_SHAPE('','SHAPE FOR 2.',#8106);
#8108=SHAPE_ASPECT('','solid data associated with 2',#8107,.F.);
#8109=PROPERTY_DEFINITION('',
'shape for solid data with which properties are associated',#8108);
#8110=SHAPE_REPRESENTATION('',(#8081),#8094);
#8111=SHAPE_DEFINITION_REPRESENTATION(#8109,#8110);
#8112=(LENGTH_UNIT()NAMED_UNIT(*)SI_UNIT(.MILLI.,.METRE.));
#8116=PROPERTY_DEFINITION('geometric validation property','area of 2',#8108);
#8117=REPRESENTATION('surface area',(#8115),#8094);
#8118=PROPERTY_DEFINITION_REPRESENTATION(#8116,#8117);
#8119=(LENGTH_UNIT()NAMED_UNIT(*)SI_UNIT(.MILLI.,.METRE.));
#8123=PROPERTY_DEFINITION('geometric validation property','volume of 2',#8108);
#8124=REPRESENTATION('volume',(#8122),#8094);
#8125=PROPERTY_DEFINITION_REPRESENTATION(#8123,#8124);
#8127=PROPERTY_DEFINITION('geometric validation property','centroid of 2',
#8108);
#8128=REPRESENTATION('centroid',(#8126),#8094);
#8129=PROPERTY_DEFINITION_REPRESENTATION(#8127,#8128);
#8130=(LENGTH_UNIT()NAMED_UNIT(*)SI_UNIT(.MILLI.,.METRE.));
#8134=PROPERTY_DEFINITION('geometric validation property','area of 2',#8107);
#8135=REPRESENTATION('surface area',(#8133),#8094);
#8136=PROPERTY_DEFINITION_REPRESENTATION(#8134,#8135);
#8137=(LENGTH_UNIT()NAMED_UNIT(*)SI_UNIT(.MILLI.,.METRE.));
#8141=PROPERTY_DEFINITION('geometric validation property','volume of 2',#8107);
#8142=REPRESENTATION('volume',(#8140),#8094);
#8143=PROPERTY_DEFINITION_REPRESENTATION(#8141,#8142);
#8145=PROPERTY_DEFINITION('geometric validation property','centroid of 2',
#8107);
#8146=REPRESENTATION('centroid',(#8144),#8094);
#8147=PROPERTY_DEFINITION_REPRESENTATION(#8145,#8146);
#8148=SHAPE_DEFINITION_REPRESENTATION(#8107,#8099);
#8149=SHAPE_DEFINITION_REPRESENTATION(#8150,#8151);
#8150=PRODUCT_DEFINITION_SHAPE('','SHAPE FOR 0-A_ASM.',#10090);
#8151=SHAPE_REPRESENTATION('',(#8161,#10070,#10084),#10080);
#8152=NEXT_ASSEMBLY_USAGE_OCCURRENCE('2','Next assembly relationship','2',
#10090,#8106,$);
#8153=PRODUCT_DEFINITION_SHAPE('Placement #2',
'Placement of 2 with respect to 0-A_ASM',#8152);
#8155=PROPERTY_DEFINITION('geometric validation property','centroid of 2',
#8153);
#8156=REPRESENTATION('centroid',(#8154),#8094);
#8157=PROPERTY_DEFINITION_REPRESENTATION(#8155,#8156);
#8201=B_SPLINE_CURVE_WITH_KNOTS('',3,(#8194,#8195,#8196,#8197,#8198,#8199,
#8200),.UNSPECIFIED.,.F.,.F.,(4,1,1,1,4),(0.E0,2.5E-1,5.E-1,7.5E-1,1.E0),
.UNSPECIFIED.);
#8219=B_SPLINE_CURVE_WITH_KNOTS('',3,(#8212,#8213,#8214,#8215,#8216,#8217,
#8218),.UNSPECIFIED.,.F.,.F.,(4,1,1,1,4),(0.E0,2.5E-1,5.E-1,7.5E-1,1.E0),
.UNSPECIFIED.);
#8237=B_SPLINE_CURVE_WITH_KNOTS('',3,(#8230,#8231,#8232,#8233,#8234,#8235,
#8236),.UNSPECIFIED.,.F.,.F.,(4,1,1,1,4),(0.E0,2.5E-1,5.E-1,7.5E-1,1.E0),
.UNSPECIFIED.);
#8255=B_SPLINE_CURVE_WITH_KNOTS('',3,(#8248,#8249,#8250,#8251,#8252,#8253,
#8254),.UNSPECIFIED.,.F.,.F.,(4,1,1,1,4),(0.E0,2.5E-1,5.E-1,7.5E-1,1.E0),
.UNSPECIFIED.);
#8340=CIRCLE('',#8339,5.E0);
#8369=CIRCLE('',#8368,5.E0);
#8454=CIRCLE('',#8453,5.E0);
#8483=CIRCLE('',#8482,5.E0);
#8519=CIRCLE('',#8518,2.E-1);
#8527=CIRCLE('',#8526,2.E-1);
#8540=B_SPLINE_CURVE_WITH_KNOTS('',3,(#8531,#8532,#8533,#8534,#8535,#8536,#8537,
#8538,#8539),.UNSPECIFIED.,.F.,.F.,(4,1,1,1,1,1,4),(0.E0,1.666666666667E-1,
3.333333333333E-1,5.E-1,6.666666666667E-1,8.333333333333E-1,1.E0),
.UNSPECIFIED.);
#8548=CIRCLE('',#8547,2.E-1);
#8556=CIRCLE('',#8555,2.E-1);
#8641=CIRCLE('',#8640,1.E0);
#8670=CIRCLE('',#8669,1.E0);
#8697=B_SPLINE_CURVE_WITH_KNOTS('',3,(#8688,#8689,#8690,#8691,#8692,#8693,#8694,
#8695,#8696),.UNSPECIFIED.,.F.,.F.,(4,1,1,1,1,1,4),(0.E0,1.666666666667E-1,
3.333333333333E-1,5.E-1,6.666666666667E-1,8.333333333333E-1,1.E0),
.UNSPECIFIED.);
#8717=B_SPLINE_CURVE_WITH_KNOTS('',3,(#8708,#8709,#8710,#8711,#8712,#8713,#8714,
#8715,#8716),.UNSPECIFIED.,.F.,.F.,(4,1,1,1,1,1,4),(0.E0,1.666666666667E-1,
3.333333333333E-1,5.E-1,6.666666666667E-1,8.333333333333E-1,1.E0),
.UNSPECIFIED.);
#8737=B_SPLINE_CURVE_WITH_KNOTS('',3,(#8728,#8729,#8730,#8731,#8732,#8733,#8734,
#8735,#8736),.UNSPECIFIED.,.F.,.F.,(4,1,1,1,1,1,4),(0.E0,1.666666666667E-1,
3.333333333333E-1,5.E-1,6.666666666667E-1,8.333333333333E-1,1.E0),
.UNSPECIFIED.);
#8757=B_SPLINE_CURVE_WITH_KNOTS('',3,(#8748,#8749,#8750,#8751,#8752,#8753,#8754,
#8755,#8756),.UNSPECIFIED.,.F.,.F.,(4,1,1,1,1,1,4),(0.E0,1.666666666667E-1,
3.333333333333E-1,5.E-1,6.666666666667E-1,8.333333333333E-1,1.E0),
.UNSPECIFIED.);
#8772=CIRCLE('',#8771,2.E-1);
#8780=CIRCLE('',#8779,2.E-1);
#8788=CIRCLE('',#8787,2.E-1);
#8796=CIRCLE('',#8795,2.E-1);
#8809=B_SPLINE_CURVE_WITH_KNOTS('',3,(#8800,#8801,#8802,#8803,#8804,#8805,#8806,
#8807,#8808),.UNSPECIFIED.,.F.,.F.,(4,1,1,1,1,1,4),(0.E0,1.666666666667E-1,
3.333333333333E-1,5.E-1,6.666666666667E-1,8.333333333333E-1,1.E0),
.UNSPECIFIED.);
#8822=B_SPLINE_CURVE_WITH_KNOTS('',3,(#8813,#8814,#8815,#8816,#8817,#8818,#8819,
#8820,#8821),.UNSPECIFIED.,.F.,.F.,(4,1,1,1,1,1,4),(0.E0,1.666666666667E-1,
3.333333333333E-1,5.E-1,6.666666666667E-1,8.333333333333E-1,1.E0),
.UNSPECIFIED.);
#8830=CIRCLE('',#8829,2.E-1);
#8838=CIRCLE('',#8837,2.E-1);
#8872=B_SPLINE_CURVE_WITH_KNOTS('',3,(#8863,#8864,#8865,#8866,#8867,#8868,#8869,
#8870,#8871),.UNSPECIFIED.,.F.,.F.,(4,1,1,1,1,1,4),(0.E0,1.666666666667E-1,
3.333333333333E-1,5.E-1,6.666666666667E-1,8.333333333333E-1,1.E0),
.UNSPECIFIED.);
#8996=EDGE_CURVE('',#8933,#8935,#8201,.T.);
#8998=EDGE_CURVE('',#8965,#8933,#8208,.T.);
#9000=EDGE_CURVE('',#8963,#8965,#8219,.T.);
#9002=EDGE_CURVE('',#8955,#8963,#8226,.T.);
#9004=EDGE_CURVE('',#8953,#8955,#8237,.T.);
#9006=EDGE_CURVE('',#8945,#8953,#8244,.T.);
#9008=EDGE_CURVE('',#8943,#8945,#8255,.T.);
#9010=EDGE_CURVE('',#8935,#8943,#8262,.T.);
#9014=EDGE_CURVE('',#8893,#8894,#8169,.T.);
#9016=EDGE_CURVE('',#8896,#8893,#8176,.T.);
#9018=EDGE_CURVE('',#8898,#8896,#8183,.T.);
#9020=EDGE_CURVE('',#8894,#8898,#8190,.T.);
#9024=ADVANCED_FACE('',(#9013,#9023),#8995,.F.);
#9038=EDGE_CURVE('',#8894,#8886,#8283,.T.);
#9040=EDGE_CURVE('',#8885,#8886,#8269,.T.);
#9042=EDGE_CURVE('',#8893,#8885,#8276,.T.);
#9046=ADVANCED_FACE('',(#9045),#9036,.F.);
#9060=EDGE_CURVE('',#8898,#8890,#8290,.T.);
#9062=EDGE_CURVE('',#8890,#8886,#8311,.T.);
#9067=ADVANCED_FACE('',(#9066),#9058,.F.);
#9081=EDGE_CURVE('',#8896,#8888,#8304,.T.);
#9083=EDGE_CURVE('',#8888,#8890,#8318,.T.);
#9088=ADVANCED_FACE('',(#9087),#9079,.F.);
#9103=EDGE_CURVE('',#8888,#8885,#8297,.T.);
#9108=ADVANCED_FACE('',(#9107),#9100,.F.);
#9127=EDGE_CURVE('',#8917,#8918,#8325,.T.);
#9129=EDGE_CURVE('',#8918,#8920,#8332,.T.);
#9131=EDGE_CURVE('',#8920,#8922,#8340,.T.);
#9133=EDGE_CURVE('',#8922,#8924,#8347,.T.);
#9135=EDGE_CURVE('',#8924,#8926,#8354,.T.);
#9137=EDGE_CURVE('',#8926,#8928,#8361,.T.);
#9139=EDGE_CURVE('',#8928,#8930,#8369,.T.);
#9141=EDGE_CURVE('',#8930,#8917,#8376,.T.);
#9145=ADVANCED_FACE('',(#9126,#9144),#9120,.T.);
#9159=EDGE_CURVE('',#8917,#8901,#8383,.T.);
#9161=EDGE_CURVE('',#8901,#8902,#8439,.T.);
#9163=EDGE_CURVE('',#8918,#8902,#8432,.T.);
#9167=ADVANCED_FACE('',(#9166),#9157,.F.);
#9181=EDGE_CURVE('',#8930,#8914,#8390,.T.);
#9183=EDGE_CURVE('',#8914,#8901,#8446,.T.);
#9188=ADVANCED_FACE('',(#9187),#9179,.F.);
#9202=EDGE_CURVE('',#8928,#8912,#8397,.T.);
#9204=EDGE_CURVE('',#8912,#8914,#8454,.T.);
#9209=ADVANCED_FACE('',(#9208),#9200,.F.);
#9223=EDGE_CURVE('',#8926,#8910,#8404,.T.);
#9225=EDGE_CURVE('',#8910,#8912,#8461,.T.);
#9230=ADVANCED_FACE('',(#9229),#9221,.F.);
#9244=EDGE_CURVE('',#8924,#8908,#8411,.T.);
#9246=EDGE_CURVE('',#8908,#8910,#8468,.T.);
#9251=ADVANCED_FACE('',(#9250),#9242,.F.);
#9265=EDGE_CURVE('',#8922,#8906,#8418,.T.);
#9267=EDGE_CURVE('',#8906,#8908,#8475,.T.);
#9272=ADVANCED_FACE('',(#9271),#9263,.F.);
#9286=EDGE_CURVE('',#8920,#8904,#8425,.T.);
#9288=EDGE_CURVE('',#8904,#8906,#8483,.T.);
#9293=ADVANCED_FACE('',(#9292),#9284,.F.);
#9308=EDGE_CURVE('',#8902,#8904,#8490,.T.);
#9313=ADVANCED_FACE('',(#9312),#9305,.F.);
#9336=ADVANCED_FACE('',(#9335),#9325,.T.);
#9349=EDGE_CURVE('',#8933,#8934,#8497,.T.);
#9352=EDGE_CURVE('',#8935,#8937,#8563,.T.);
#9354=EDGE_CURVE('',#8937,#8934,#8540,.T.);
#9358=ADVANCED_FACE('',(#9357),#9348,.T.);
#9372=EDGE_CURVE('',#8934,#8967,#8504,.T.);
#9374=EDGE_CURVE('',#8965,#8967,#8511,.T.);
#9379=ADVANCED_FACE('',(#9378),#9370,.T.);
#9392=EDGE_CURVE('',#8934,#8940,#8519,.T.);
#9394=EDGE_CURVE('',#8940,#8969,#8724,.T.);
#9396=EDGE_CURVE('',#8967,#8969,#8527,.T.);
#9401=ADVANCED_FACE('',(#9400),#9391,.T.);
#9454=EDGE_CURVE('',#8937,#8939,#8548,.T.);
#9456=EDGE_CURVE('',#8939,#8940,#8737,.T.);
#9462=ADVANCED_FACE('',(#9461),#9453,.T.);
#9476=EDGE_CURVE('',#8937,#8944,#8577,.T.);
#9478=EDGE_CURVE('',#8944,#8950,#8556,.T.);
#9480=EDGE_CURVE('',#8939,#8950,#8744,.T.);
#9484=ADVANCED_FACE('',(#9483),#9474,.T.);
#9499=EDGE_CURVE('',#8943,#8944,#8570,.T.);
#9504=ADVANCED_FACE('',(#9503),#9496,.T.);
#9519=EDGE_CURVE('',#8945,#8947,#8605,.T.);
#9521=EDGE_CURVE('',#8947,#8944,#8809,.T.);
#9525=ADVANCED_FACE('',(#9524),#9516,.T.);
#9538=EDGE_CURVE('',#8985,#8986,#8584,.T.);
#9540=EDGE_CURVE('',#8988,#8985,#8591,.T.);
#9542=EDGE_CURVE('',#8947,#8988,#8598,.T.);
#9546=EDGE_CURVE('',#8953,#8954,#8612,.T.);
#9548=EDGE_CURVE('',#8990,#8954,#8619,.T.);
#9550=EDGE_CURVE('',#8990,#8986,#8626,.T.);
#9554=ADVANCED_FACE('',(#9553),#9537,.T.);
#9568=EDGE_CURVE('',#8974,#8986,#8633,.T.);
#9570=EDGE_CURVE('',#8973,#8974,#8641,.T.);
#9572=EDGE_CURVE('',#8985,#8973,#8648,.T.);
#9576=ADVANCED_FACE('',(#9575),#9566,.T.);
#9589=EDGE_CURVE('',#8982,#8980,#8677,.T.);
#9591=EDGE_CURVE('',#8980,#8974,#8655,.T.);
#9595=EDGE_CURVE('',#8990,#8982,#8788,.T.);
#9599=ADVANCED_FACE('',(#9598),#9588,.F.);
#9612=EDGE_CURVE('',#8977,#8978,#8662,.T.);
#9614=EDGE_CURVE('',#8978,#8980,#8670,.T.);
#9617=EDGE_CURVE('',#8982,#8960,#8684,.T.);
#9619=EDGE_CURVE('',#8959,#8960,#8697,.T.);
#9621=EDGE_CURVE('',#8970,#8959,#8704,.T.);
#9623=EDGE_CURVE('',#8969,#8970,#8717,.T.);
#9628=EDGE_CURVE('',#8949,#8950,#8757,.T.);
#9630=EDGE_CURVE('',#8949,#8977,#8764,.T.);
#9634=ADVANCED_FACE('',(#9633),#9611,.T.);
#9648=EDGE_CURVE('',#8988,#8977,#8772,.T.);
#9652=EDGE_CURVE('',#8978,#8973,#8879,.T.);
#9656=ADVANCED_FACE('',(#9655),#9646,.F.);
#9671=EDGE_CURVE('',#8947,#8949,#8780,.T.);
#9676=ADVANCED_FACE('',(#9675),#9668,.T.);
#9691=EDGE_CURVE('',#8954,#8960,#8796,.T.);
#9696=ADVANCED_FACE('',(#9695),#9688,.T.);
#9755=ADVANCED_FACE('',(#9754),#9748,.T.);
#9808=EDGE_CURVE('',#8957,#8959,#8830,.T.);
#9812=EDGE_CURVE('',#8957,#8954,#8822,.T.);
#9816=ADVANCED_FACE('',(#9815),#9807,.T.);
#9830=EDGE_CURVE('',#8964,#8957,#8859,.T.);
#9832=EDGE_CURVE('',#8964,#8970,#8838,.T.);
#9837=ADVANCED_FACE('',(#9836),#9828,.T.);
#9850=EDGE_CURVE('',#8955,#8957,#8845,.T.);
#9853=EDGE_CURVE('',#8963,#8964,#8852,.T.);
#9858=ADVANCED_FACE('',(#9857),#9849,.T.);
#9877=ADVANCED_FACE('',(#9876),#9870,.T.);
#9893=EDGE_CURVE('',#8967,#8964,#8872,.T.);
#9897=ADVANCED_FACE('',(#9896),#9889,.T.);
#9956=ADVANCED_FACE('',(#9955),#9949,.T.);
#9975=ADVANCED_FACE('',(#9974),#9968,.F.);
#9991=(LENGTH_UNIT()NAMED_UNIT(*)SI_UNIT(.MILLI.,.METRE.));
#9992=(NAMED_UNIT(*)PLANE_ANGLE_UNIT()SI_UNIT($,.RADIAN.));
#9995=(NAMED_UNIT(*)SI_UNIT($,.STERADIAN.)SOLID_ANGLE_UNIT());
#9997=(GEOMETRIC_REPRESENTATION_CONTEXT(3)GLOBAL_UNCERTAINTY_ASSIGNED_CONTEXT((
#9996))GLOBAL_UNIT_ASSIGNED_CONTEXT((#9991,#9994,#9995))REPRESENTATION_CONTEXT(
'ID2','3'));
#10001=AXIS2_PLACEMENT_3D('',#9998,#9999,#10000);
#10002=ADVANCED_BREP_SHAPE_REPRESENTATION('',(#10001,#9984),#9997);
#10006=PRODUCT_DEFINITION('part definition','',#10005,#8102);
#10007=PRODUCT_DEFINITION_SHAPE('','SHAPE FOR B.',#10006);
#10008=SHAPE_ASPECT('','solid data associated with B',#10007,.F.);
#10009=PROPERTY_DEFINITION('',
'shape for solid data with which properties are associated',#10008);
#10010=SHAPE_REPRESENTATION('',(#9984),#9997);
#10011=SHAPE_DEFINITION_REPRESENTATION(#10009,#10010);
#10012=(LENGTH_UNIT()NAMED_UNIT(*)SI_UNIT(.MILLI.,.METRE.));
#10016=PROPERTY_DEFINITION('geometric validation property','area of B',#10008);
#10017=REPRESENTATION('surface area',(#10015),#9997);
#10018=PROPERTY_DEFINITION_REPRESENTATION(#10016,#10017);
#10019=(LENGTH_UNIT()NAMED_UNIT(*)SI_UNIT(.MILLI.,.METRE.));
#10023=PROPERTY_DEFINITION('geometric validation property','volume of B',
#10008);
#10024=REPRESENTATION('volume',(#10022),#9997);
#10025=PROPERTY_DEFINITION_REPRESENTATION(#10023,#10024);
#10027=PROPERTY_DEFINITION('geometric validation property','centroid of B',
#10008);
#10028=REPRESENTATION('centroid',(#10026),#9997);
#10029=PROPERTY_DEFINITION_REPRESENTATION(#10027,#10028);
#10030=(LENGTH_UNIT()NAMED_UNIT(*)SI_UNIT(.MILLI.,.METRE.));
#10034=PROPERTY_DEFINITION('geometric validation property','area of B',#10007);
#10035=REPRESENTATION('surface area',(#10033),#9997);
#10036=PROPERTY_DEFINITION_REPRESENTATION(#10034,#10035);
#10037=(LENGTH_UNIT()NAMED_UNIT(*)SI_UNIT(.MILLI.,.METRE.));
#10041=PROPERTY_DEFINITION('geometric validation property','volume of B',
#10007);
#10042=REPRESENTATION('volume',(#10040),#9997);
#10043=PROPERTY_DEFINITION_REPRESENTATION(#10041,#10042);
#10045=PROPERTY_DEFINITION('geometric validation property','centroid of B',
#10007);
#10046=REPRESENTATION('centroid',(#10044),#9997);
#10047=PROPERTY_DEFINITION_REPRESENTATION(#10045,#10046);
#10048=SHAPE_DEFINITION_REPRESENTATION(#10007,#10002);
#10049=PROPERTY_DEFINITION('DESCRIPTION','user defined attribute',#10006);
#10053=REPRESENTATION('',(#10052),#9997);
#10054=PROPERTY_DEFINITION_REPRESENTATION(#10049,#10053);
#10055=PROPERTY_DEFINITION('MODELED_BY','user defined attribute',#10006);
#10059=REPRESENTATION('',(#10058),#9997);
#10060=PROPERTY_DEFINITION_REPRESENTATION(#10055,#10059);
#10061=NEXT_ASSEMBLY_USAGE_OCCURRENCE('3','Next assembly relationship','B',
#10090,#10006,$);
#10062=PRODUCT_DEFINITION_SHAPE('Placement #3',
'Placement of B with respect to 0-A_ASM',#10061);
#10064=PROPERTY_DEFINITION('geometric validation property','centroid of B',
#10062);
#10065=REPRESENTATION('centroid',(#10063),#9997);
#10066=PROPERTY_DEFINITION_REPRESENTATION(#10064,#10065);
#10074=(LENGTH_UNIT()NAMED_UNIT(*)SI_UNIT(.MILLI.,.METRE.));
#10075=(NAMED_UNIT(*)PLANE_ANGLE_UNIT()SI_UNIT($,.RADIAN.));
#10078=(NAMED_UNIT(*)SI_UNIT($,.STERADIAN.)SOLID_ANGLE_UNIT());
#10080=(GEOMETRIC_REPRESENTATION_CONTEXT(3)GLOBAL_UNCERTAINTY_ASSIGNED_CONTEXT((
#10079))GLOBAL_UNIT_ASSIGNED_CONTEXT((#10074,#10077,#10078))REPRESENTATION_CONTEXT('ID3','3'));
#10084=AXIS2_PLACEMENT_3D('',#10081,#10082,#10083);
#10090=PRODUCT_DEFINITION('part definition','',#10089,#10086);
#10091=(LENGTH_UNIT()NAMED_UNIT(*)SI_UNIT(.MILLI.,.METRE.));
#10095=PROPERTY_DEFINITION('geometric validation property','area of 0-A_ASM',
#8150);
#10096=REPRESENTATION('surface area',(#10094),#10080);
#10097=PROPERTY_DEFINITION_REPRESENTATION(#10095,#10096);
#10098=(LENGTH_UNIT()NAMED_UNIT(*)SI_UNIT(.MILLI.,.METRE.));
#10102=PROPERTY_DEFINITION('geometric validation property','volume of 0-A_ASM',
#8150);
#10103=REPRESENTATION('volume',(#10101),#10080);
#10104=PROPERTY_DEFINITION_REPRESENTATION(#10102,#10103);
#10106=PROPERTY_DEFINITION('geometric validation property',
'centroid of 0-A_ASM',#8150);
#10107=REPRESENTATION('centroid',(#10105),#10080);
#10108=PROPERTY_DEFINITION_REPRESENTATION(#10106,#10107);
#10110=PROPERTY_DEFINITION('DESCRIPTION','user defined attribute',#10090);
#10114=REPRESENTATION('',(#10113),#10080);
#10115=PROPERTY_DEFINITION_REPRESENTATION(#10110,#10114);
#10116=PROPERTY_DEFINITION('MODELED_BY','user defined attribute',#10090);
#10120=REPRESENTATION('',(#10119),#10080);
#10121=PROPERTY_DEFINITION_REPRESENTATION(#10116,#10120);
ENDSEC;
END-ISO-10303-21;
